episode,time_start,time_end,timesteps_in_episode,mu_M_start,mu_M_end,mu_F_start,mu_F_end,delta_mu_M,delta_mu_F,rho_episode,R_M,R_F,R_total,wealth_gap,loans_M_episode,loans_F_episode,applications_M_episode,applications_F_episode,defaults_M_episode,defaults_F_episode,profit_episode,approval_rate_M_episode,approval_rate_F_episode,success_prob_M_episode,success_prob_F_episode,total_loans_M,total_loans_F,total_applications_M,total_applications_F,total_defaults_M,total_defaults_F,cumulative_profit,approval_rate_M_cumulative,approval_rate_F_cumulative,success_prob_M_cumulative,success_prob_F_cumulative,actual_approvals_M_episode,actual_approvals_F_episode,true_approvals_M_episode,true_approvals_F_episode,true_positive_M,false_positive_M,true_negative_M,false_negative_M,true_positive_F,false_positive_F,true_negative_F,false_negative_F,accuracy_M,accuracy_F,precision_M,precision_F,recall_M,recall_F,hawkes_events_M,hawkes_events_F,total_profit,cumulative_time,approval_rate_M,approval_rate_F,success_prob_M,success_prob_F
1,0.0,99.5,1152,60.81565575819663,61.61731701105513,48.29054967454462,48.84060264897659,0.8016612528585014,0.5500529744319707,1.4574255392153126,0.008016612528585014,0.005500529744319706,0.0067585711364523595,12.776714362078536,310,244,627,525,31,20,1839.480974103714,0.4944178628389155,0.46476190476190476,0.9,0.9180327868852459,310,244,627,525,31,20,1839.480974103714,0.4944178628389155,0.46476190476190476,0.9,0.9180327868852459,310,244,627,525,279,31,0,317,224,20,0,281,0.4449760765550239,0.4266666666666667,0.9,0.9180327868852459,0.46812080536912754,0.44356435643564357,310,244,1839.480974103714,100.0,0.4944178628389155,0.46476190476190476,0.9,0.9180327868852459
2,0.0,99.5,1154,60.81565575819663,61.68829435547994,48.29054967454462,48.99293463681722,0.8726385972833128,0.7023849622725962,1.2423936219532006,0.004363192986416564,0.0035119248113629807,0.003937558898889772,12.695359718662722,312,258,632,522,30,17,2124.8172860086434,0.4936708860759494,0.4942528735632184,0.9038461538461539,0.9341085271317829,622,502,1259,1047,61,37,3964.2982601123576,0.49404289118347894,0.4794651384909265,0.9019292604501608,0.9262948207171314,312,258,632,522,282,30,0,320,241,17,0,264,0.4462025316455696,0.4616858237547893,0.9038461538461539,0.9341085271317829,0.4684385382059801,0.4772277227722772,312,258,2124.8172860086434,200.0,0.49404289118347894,0.4794651384909265,0.9019292604501608,0.9262948207171314
3,0.0,99.5,1044,60.81565575819663,61.668054014895944,48.29054967454462,49.08355252797358,0.8523982566993169,0.793002853428959,1.0748993563056313,0.0028413275223310563,0.002643342844763197,0.0027423351835471265,12.584501486922363,329,254,588,456,31,21,2054.252470492036,0.5595238095238095,0.5570175438596491,0.9057750759878419,0.9173228346456693,951,756,1847,1503,92,58,6018.550730604394,0.5148890092041147,0.5029940119760479,0.9032597266035752,0.9232804232804233,329,254,588,456,298,31,0,259,233,21,0,202,0.5068027210884354,0.5109649122807017,0.9057750759878419,0.9173228346456693,0.5350089766606823,0.535632183908046,329,254,2054.252470492036,300.0,0.5148890092041147,0.5029940119760479,0.9032597266035752,0.9232804232804233
4,0.0,99.5,1115,60.81565575819663,61.93443939757192,48.29054967454462,49.19058201391687,1.1187836393752946,0.9000323393722454,1.2430482666385343,0.0027969590984382366,0.0022500808484306133,0.002523519973434425,12.743857383655055,398,317,614,501,35,22,2488.454328932281,0.6482084690553745,0.6327345309381237,0.9120603015075377,0.9305993690851735,1349,1073,2461,2004,127,80,8507.005059536674,0.5481511580658269,0.5354291417165669,0.9058561897702001,0.9254426840633737,398,317,614,501,363,35,0,216,295,22,0,184,0.5912052117263844,0.5888223552894212,0.9120603015075377,0.9305993690851735,0.6269430051813472,0.615866388308977,398,317,2488.454328932281,400.0,0.5481511580658269,0.5354291417165669,0.9058561897702001,0.9254426840633737
5,0.0,99.5,1103,60.81565575819663,61.910653044547786,48.29054967454462,49.20862369673658,1.094997286351159,0.9180740221919592,1.1927113281528046,0.002189994572702318,0.0018361480443839185,0.002013071308543118,12.702029347811205,403,347,612,491,41,23,2617.2984347250526,0.6584967320261438,0.7067209775967414,0.8982630272952854,0.9337175792507204,1752,1420,3073,2495,168,103,11124.303494261727,0.570126911812561,0.5691382765531062,0.904109589041096,0.9274647887323944,403,347,612,491,362,41,0,209,324,23,0,144,0.5915032679738562,0.659877800407332,0.8982630272952854,0.9337175792507204,0.6339754816112084,0.6923076923076923,403,347,2617.2984347250526,500.0,0.570126911812561,0.5691382765531062,0.904109589041096,0.9274647887323944
6,0.0,99.5,1127,60.81565575819663,62.06466397254551,48.29054967454462,49.30918735354416,1.2490082143488834,1.0186376789995393,1.2261555213386608,0.002081680357248139,0.001697729464999232,0.0018897049111236855,12.75547661900135,450,352,629,498,40,33,2852.042486830472,0.7154213036565977,0.7068273092369478,0.9111111111111111,0.90625,2202,1772,3702,2993,208,136,13976.3459810922,0.5948136142625607,0.5920481122619445,0.9055404178019982,0.9232505643340858,450,352,629,498,410,40,0,179,319,33,0,146,0.6518282988871225,0.6405622489959839,0.9111111111111111,0.90625,0.6960950764006791,0.6860215053763441,450,352,2852.042486830472,600.0,0.5948136142625607,0.5920481122619445,0.9055404178019982,0.9232505643340858
7,0.0,99.5,1189,60.81565575819663,61.99895482420074,48.29054967454462,49.260904494689896,1.1832990660041105,0.9703548201452747,1.2194498769295083,0.0016904272371487292,0.0013862211716361068,0.0015383242043924181,12.738050329510841,449,404,625,564,40,28,3082.8415725457053,0.7184,0.7163120567375887,0.910913140311804,0.9306930693069306,2651,2176,4327,3557,248,164,17059.187553637905,0.6126646637393113,0.61175147596289,0.9064503960769521,0.9246323529411765,449,404,625,564,409,40,0,176,376,28,0,160,0.6544,0.6666666666666666,0.910913140311804,0.9306930693069307,0.6991452991452991,0.7014925373134329,449,404,3082.8415725457053,700.0,0.6126646637393113,0.61175147596289,0.9064503960769521,0.9246323529411765
8,0.0,99.5,1147,60.81565575819663,62.055040142204845,48.29054967454462,49.348648690171174,1.2393843840082184,1.0580990156265528,1.171331194627676,0.001549230480010273,0.001322623769533191,0.001435927124771732,12.706391452033671,465,381,623,524,36,45,3141.4031078901517,0.7463884430176565,0.7270992366412213,0.9225806451612903,0.8818897637795275,3116,2557,4950,4081,284,209,20200.590661528055,0.6294949494949494,0.6265621171281549,0.9088575096277278,0.9182635901447008,465,381,623,524,429,36,0,158,336,45,0,143,0.6886035313001605,0.6412213740458015,0.9225806451612903,0.8818897637795275,0.7308347529812607,0.7014613778705637,465,381,3141.4031078901517,800.0,0.6294949494949494,0.6265621171281549,0.9088575096277278,0.9182635901447008
9,0.0,99.5,1125,60.81565575819663,62.05471947295111,48.29054967454462,49.33452789769663,1.2390637147544865,1.0439782231520098,1.186867395579832,0.0013767374608383183,0.0011599758035022332,0.0012683566321702758,12.720191575254482,482,398,617,508,47,24,3056.1651115576174,0.7811993517017828,0.7834645669291339,0.9024896265560166,0.9396984924623115,3598,2955,5567,4589,331,233,23256.75577308567,0.6463086042751931,0.6439311396818479,0.9080044469149527,0.921150592216582,482,398,617,508,435,47,0,135,374,24,0,110,0.7050243111831442,0.7362204724409449,0.9024896265560166,0.9396984924623115,0.7631578947368421,0.7727272727272727,482,398,3056.1651115576174,900.0,0.6463086042751931,0.6439311396818479,0.9080044469149527,0.921150592216582
10,0.0,99.5,1122,60.81565575819663,62.08413835753723,48.29054967454462,49.29182194272029,1.2684825993406008,1.0012722681756685,1.2668707999391546,0.0012684825993406008,0.0010012722681756684,0.0011348774337581347,12.792316414816938,493,377,630,492,37,36,3168.856737263023,0.7825396825396825,0.766260162601626,0.9249492900608519,0.9045092838196287,4091,3332,6197,5081,368,269,26425.612510348696,0.6601581410359851,0.6557764219641803,0.9100464434123686,0.9192677070828331,493,377,630,492,456,37,0,137,341,36,0,115,0.7238095238095238,0.693089430894309,0.9249492900608519,0.9045092838196287,0.7689713322091062,0.7478070175438597,493,377,3168.856737263023,1000.0,0.6601581410359851,0.6557764219641803,0.9100464434123686,0.9192677070828331
11,0.0,99.5,1211,60.81565575819663,62.199086652817726,48.29054967454462,49.50974785254253,1.3834308946210996,1.2191981779979102,1.134705513498127,0.0012576644496555451,0.0011083619799981002,0.0011830132148268227,12.689338800275195,530,451,654,557,39,42,3548.860560955936,0.8103975535168195,0.8096947935368043,0.9264150943396227,0.9068736141906873,4621,3783,6851,5638,407,311,29974.47307130463,0.6745000729820464,0.6709826179496275,0.9119238260116858,0.9177901136664023,530,451,654,557,491,39,0,124,409,42,0,106,0.7507645259938838,0.7342908438061041,0.9264150943396227,0.9068736141906873,0.7983739837398374,0.7941747572815534,530,451,3548.860560955936,1100.0,0.6745000729820464,0.6709826179496275,0.9119238260116858,0.9177901136664023
12,0.0,99.5,1144,60.81565575819663,62.14494885210168,48.29054967454462,49.41869126473945,1.3292930939050507,1.1281415901948293,1.1783034199417137,0.0011077442449208756,0.0009401179918290244,0.00102393111837495,12.726257587362227,489,437,609,535,33,33,3290.6120388969125,0.8029556650246306,0.8168224299065421,0.9325153374233128,0.9244851258581236,5110,4220,7460,6173,440,344,33265.085110201544,0.6849865951742627,0.6836222258221286,0.913894324853229,0.9184834123222749,489,437,609,535,456,33,0,120,404,33,0,98,0.7487684729064039,0.7551401869158878,0.9325153374233128,0.9244851258581236,0.7916666666666666,0.8047808764940239,489,437,3290.6120388969125,1200.0,0.6849865951742627,0.6836222258221286,0.913894324853229,0.9184834123222749
13,0.0,99.5,1167,60.81565575819663,62.10094885038317,48.29054967454462,49.410760018227556,1.2852930921865422,1.1202103436829347,1.1473676345112669,0.0009886869939896479,0.0008617002643714882,0.000925193629180568,12.690188832155613,507,438,619,548,41,37,3489.023474899576,0.8190630048465266,0.7992700729927007,0.9191321499013807,0.9155251141552512,5617,4658,8079,6721,481,381,36754.10858510112,0.6952593142715683,0.6930516292218419,0.9143670998753783,0.9182052382996995,507,438,619,548,466,41,0,112,401,37,0,110,0.752827140549273,0.7317518248175182,0.9191321499013807,0.9155251141552512,0.8062283737024222,0.7847358121330724,507,438,3489.023474899576,1300.0,0.6952593142715683,0.6930516292218419,0.9143670998753783,0.9182052382996995
14,0.0,99.5,1152,60.81565575819663,62.191540473617145,48.29054967454462,49.49414663871362,1.3758847154205185,1.2035969641690016,1.1431440560092052,0.0009827747967289418,0.0008597121172635725,0.0009212434569962572,12.697393834903522,507,422,633,519,45,33,3560.8432960467912,0.8009478672985783,0.8131021194605009,0.9112426035502958,0.9218009478672986,6124,5080,8712,7240,526,414,40314.951881147914,0.7029384756657484,0.7016574585635359,0.9141084258654474,0.918503937007874,507,422,633,519,462,45,0,126,389,33,0,97,0.7298578199052133,0.7495183044315993,0.9112426035502958,0.9218009478672986,0.7857142857142857,0.8004115226337448,507,422,3560.8432960467912,1400.0,0.7029384756657484,0.7016574585635359,0.9141084258654474,0.918503937007874
15,0.0,99.5,1134,60.81565575819663,62.35218961206383,48.29054967454462,49.24940921786292,1.5365338538672049,0.9588595433182974,1.6024597810746783,0.0010243559025781366,0.0006392396955455315,0.0008317977990618341,13.102780394200913,536,394,669,465,50,34,3492.616773930511,0.8011958146487295,0.8473118279569892,0.9067164179104478,0.9137055837563451,6660,5474,9381,7705,576,448,43807.56865507842,0.709945634793732,0.7104477611940299,0.9135135135135135,0.9181585677749361,536,394,669,465,486,50,0,133,360,34,0,71,0.726457399103139,0.7741935483870968,0.9067164179104478,0.9137055837563451,0.7851373182552503,0.8352668213457076,536,394,3492.616773930511,1500.0,0.709945634793732,0.7104477611940299,0.9135135135135135,0.9181585677749361
16,0.0,99.5,1196,60.81565575819663,62.26676633500044,48.29054967454462,49.43400546362655,1.4511105768038135,1.1434557890819264,1.2690570030424186,0.0009069441105023834,0.000714659868176204,0.0008108019893392937,12.832760871373893,581,422,691,505,48,41,3788.1916974589244,0.8408104196816208,0.8356435643564356,0.9173838209982789,0.9028436018957346,7241,5896,10072,8210,624,489,47595.76035253735,0.7189237490071485,0.718148599269184,0.9138240574506283,0.9170624151967436,581,422,691,505,533,48,0,110,381,41,0,83,0.7713458755426917,0.7544554455445545,0.9173838209982789,0.9028436018957346,0.8289269051321928,0.8211206896551724,581,422,3788.1916974589244,1600.0,0.7189237490071485,0.718148599269184,0.9138240574506283,0.9170624151967436
17,0.0,99.5,1116,60.81565575819663,62.102417898392716,48.29054967454462,49.44426903236542,1.286762140196089,1.1537193578207976,1.1153164168334568,0.0007569189059976994,0.0006786584457769397,0.0007177886758873195,12.658148866027297,513,411,617,499,41,29,3592.9032591939886,0.8314424635332253,0.8236472945891784,0.9200779727095516,0.9294403892944039,7754,6307,10689,8709,665,518,51188.66361173134,0.7254186546917392,0.7241933631875072,0.9142378127418107,0.9178690344062153,513,411,617,499,472,41,0,104,382,29,0,88,0.7649918962722853,0.7655310621242485,0.9200779727095516,0.9294403892944039,0.8194444444444444,0.8127659574468085,513,411,3592.9032591939886,1700.0,0.7254186546917392,0.7241933631875072,0.9142378127418107,0.9178690344062153
18,0.0,99.5,1154,60.81565575819663,62.33046832919143,48.29054967454462,49.37946691802013,1.5148125709948062,1.0889172434755068,1.3911181773189352,0.0008415625394415589,0.0006049540241530593,0.0007232582817973091,12.951001411171305,528,442,636,518,55,36,3548.2892762384063,0.8301886792452831,0.8532818532818532,0.8958333333333334,0.918552036199095,8282,6749,11325,9227,720,554,54736.95288796975,0.7313024282560706,0.7314403381380731,0.9130644771794253,0.9179137650022225,528,442,636,518,473,55,0,108,406,36,0,76,0.7437106918238994,0.7837837837837838,0.8958333333333334,0.918552036199095,0.8141135972461274,0.8423236514522822,528,442,3548.2892762384063,1800.0,0.7313024282560706,0.7314403381380731,0.9130644771794253,0.9179137650022225
19,0.0,99.5,1133,60.81565575819663,62.2961297331288,48.29054967454462,49.34673899554236,1.480473974932174,1.0561893209977384,1.4017126906127317,0.0007791968289116705,0.0005558891163145992,0.0006675429726131349,12.949390737586441,564,407,662,471,39,36,3673.5189279167935,0.851963746223565,0.8641188959660298,0.9308510638297872,0.9115479115479116,8846,7156,11987,9698,759,590,58410.47181588654,0.7379661299741387,0.7378840998143947,0.9141985078001357,0.9175517048630519,564,407,662,471,525,39,0,98,371,36,0,64,0.7930513595166163,0.7876857749469215,0.9308510638297872,0.9115479115479116,0.8426966292134831,0.8528735632183908,564,407,3673.5189279167935,1900.0,0.7379661299741387,0.7378840998143947,0.9141985078001357,0.9175517048630519
20,0.0,99.5,1134,60.81565575819663,62.33173318051741,48.29054967454462,49.527980441653334,1.5160774223207838,1.2374307671087124,1.2251816122716395,0.0007580387111603919,0.0006187153835543562,0.0006883770473573741,12.803752738864077,545,438,625,509,36,35,3631.083464033275,0.872,0.8605108055009824,0.9339449541284404,0.9200913242009132,9391,7594,12612,10207,795,625,62041.55527991982,0.7446083095464637,0.7439992162241599,0.915344478756256,0.9176981827758757,545,438,625,509,509,36,0,80,403,35,0,71,0.8144,0.7917485265225933,0.9339449541284404,0.9200913242009132,0.8641765704584041,0.8502109704641351,545,438,3631.083464033275,2000.0,0.7446083095464637,0.7439992162241599,0.915344478756256,0.9176981827758757
21,0.0,99.5,1126,60.81565575819663,62.34775359660321,48.29054967454462,49.35886807373559,1.5320978384065853,1.0683183991909715,1.434120988243608,0.0007295703992412311,0.000508723047233796,0.0006191467232375136,12.98888552286762,558,424,639,487,44,29,3683.0448566371806,0.8732394366197183,0.8706365503080082,0.921146953405018,0.9316037735849056,9949,8018,13251,10694,839,654,65724.600136557,0.7508112595275829,0.7497662240508697,0.9156699165745301,0.9184335245697182,558,424,639,487,514,44,0,81,395,29,0,63,0.8043818466353677,0.811088295687885,0.921146953405018,0.9316037735849056,0.8638655462184874,0.8624454148471615,558,424,3683.0448566371806,2100.0,0.7508112595275829,0.7497662240508697,0.9156699165745301,0.9184335245697182
22,0.0,99.5,1218,60.81565575819663,62.39296839164069,48.29054967454462,49.52639955756266,1.5773126334440661,1.2358498830180409,1.2762979186372918,0.000716960287929121,0.0005617499468263822,0.0006393551173777516,12.86656883407803,615,438,698,520,51,43,3986.2610837028856,0.8810888252148997,0.8423076923076923,0.9170731707317074,0.9018264840182648,10564,8456,13949,11214,890,697,69710.86122025989,0.7573302745716539,0.7540574282147315,0.9157516092389246,0.9175733207190161,615,438,698,520,564,51,0,83,395,43,0,82,0.8080229226361032,0.7596153846153846,0.9170731707317074,0.9018264840182648,0.8717156105100463,0.8280922431865828,615,438,3986.2610837028856,2200.0,0.7573302745716539,0.7540574282147315,0.9157516092389246,0.9175733207190161
23,0.0,99.5,1217,60.81565575819663,62.41734058596999,48.29054967454462,49.49409295419077,1.6016848277733615,1.2035432796461478,1.3308078362119813,0.0006963847077275485,0.000523279686802673,0.0006098321972651108,12.923247631779219,582,492,663,554,54,44,4039.8287233769543,0.8778280542986425,0.8880866425992779,0.9072164948453608,0.9105691056910569,11146,8948,14612,11768,944,741,73750.68994363684,0.7627977005201204,0.7603670972127804,0.9153059393504396,0.9171881984801072,582,492,663,554,528,54,0,81,448,44,0,62,0.7963800904977375,0.8086642599277978,0.9072164948453608,0.9105691056910569,0.8669950738916257,0.8784313725490196,582,492,4039.8287233769543,2300.0,0.7627977005201204,0.7603670972127804,0.9153059393504396,0.9171881984801072
24,0.0,99.5,1168,60.81565575819663,62.363042702203686,48.29054967454462,49.44137052866668,1.5473869440070587,1.1508208541220597,1.3445941116417568,0.0006447445600029411,0.00047950868921752487,0.0005621266246102329,12.921672173537004,584,421,674,494,54,38,4016.9772856616028,0.8664688427299704,0.8522267206477733,0.9075342465753424,0.9097387173396675,11730,9369,15286,12262,998,779,77767.66722929844,0.7673688342273977,0.7640678519001795,0.9149190110826939,0.9168534528765077,584,421,674,494,530,54,0,90,383,38,0,73,0.7863501483679525,0.7753036437246964,0.9075342465753424,0.9097387173396675,0.8548387096774194,0.8399122807017544,584,421,4016.9772856616028,2400.0,0.7673688342273977,0.7640678519001795,0.9149190110826939,0.9168534528765077
25,0.0,99.5,1183,60.81565575819663,62.32467412990041,48.29054967454462,49.51823335373642,1.5090183717037817,1.2276836791917987,1.2291589415745834,0.0006036073486815127,0.0004910734716767195,0.000547340410179116,12.806440776163988,582,486,658,525,35,28,4168.1902627474365,0.8844984802431611,0.9257142857142857,0.9398625429553265,0.9423868312757202,12312,9855,15944,12787,1033,807,81935.85749204588,0.7722027094831911,0.7707046218815985,0.9160981156595192,0.9181126331811263,582,486,658,525,547,35,0,76,458,28,0,39,0.831306990881459,0.8723809523809524,0.9398625429553265,0.9423868312757202,0.8780096308186196,0.9215291750503019,582,486,4168.1902627474365,2500.0,0.7722027094831911,0.7707046218815985,0.9160981156595192,0.9181126331811263
26,0.0,99.5,1123,60.81565575819663,62.11136772042451,48.29054967454462,49.696281941934316,1.2957119622278839,1.4057322673896948,0.921734523910369,0.0004983507547030322,0.0005406662566883442,0.0005195085056956881,12.415085778490194,500,493,564,559,47,44,3688.5846870730775,0.8865248226950354,0.8819320214669052,0.906,0.9107505070993915,12812,10348,16508,13346,1080,851,85624.44217911895,0.7761085534286407,0.7753634047654728,0.915704027474243,0.9177618863548511,500,493,564,559,453,47,0,64,449,44,0,66,0.8031914893617021,0.8032200357781754,0.906,0.9107505070993914,0.8762088974854932,0.8718446601941747,500,493,3688.5846870730775,2600.0,0.7761085534286407,0.7753634047654728,0.915704027474243,0.9177618863548511
27,0.0,99.5,1210,60.81565575819663,62.427830786135765,48.29054967454462,49.59485087028663,1.6121750279391378,1.3043011957420063,1.236045043278508,0.0005971018621996806,0.0004830745169414838,0.0005400881895705822,12.832979915849137,591,490,666,544,45,37,4215.333933214747,0.8873873873873874,0.9007352941176471,0.9238578680203046,0.9244897959183673,13403,10838,17174,13890,1125,888,89839.7761123337,0.7804238965878654,0.7802735781137509,0.9160635678579423,0.9180660638494187,591,490,666,544,546,45,0,75,453,37,0,54,0.8198198198198198,0.8327205882352942,0.9238578680203046,0.9244897959183673,0.8792270531400966,0.893491124260355,591,490,4215.333933214747,2700.0,0.7804238965878654,0.7802735781137509,0.9160635678579423,0.9180660638494187
28,0.0,99.5,1078,60.81565575819663,62.20711447962108,48.29054967454462,49.41031354253024,1.3914587214244563,1.1197638679856183,1.2426358460088547,0.0004969495433658773,0.0003999156671377208,0.000448432605251799,12.796800937090843,529,433,595,483,41,45,3726.7819490835122,0.8890756302521008,0.8964803312629399,0.9224952741020794,0.8960739030023095,13932,11271,17769,14373,1166,933,93566.5580614172,0.7840621306770218,0.7841786683364642,0.916307780648866,0.9172211871173809,529,433,595,483,488,41,0,66,388,45,0,50,0.8201680672268907,0.8033126293995859,0.9224952741020794,0.8960739030023095,0.8808664259927798,0.8858447488584474,529,433,3726.7819490835122,2800.0,0.7840621306770218,0.7841786683364642,0.916307780648866,0.9172211871173809
29,0.0,99.5,1184,60.81565575819663,62.265517319767234,48.29054967454462,49.60439600152002,1.4498615615706072,1.3138463269754013,1.1035244623382445,0.0004999522626105542,0.00045305045757772455,0.00047650136009413935,12.661121318247211,551,523,615,569,45,33,4190.445089560207,0.8959349593495934,0.9191564147627417,0.9183303085299456,0.9369024856596558,14483,11794,18384,14942,1211,966,97757.00315097741,0.7878046127067014,0.7893186989693481,0.916384726921218,0.9180939460742751,551,523,615,569,506,45,0,64,490,33,0,46,0.8227642276422764,0.8611599297012302,0.9183303085299456,0.9369024856596558,0.887719298245614,0.914179104477612,551,523,4190.445089560207,2900.0,0.7878046127067014,0.7893186989693481,0.916384726921218,0.9180939460742751
30,0.0,99.5,1168,60.81565575819663,62.34373034935356,48.29054967454462,49.4060137345944,1.5280745911569298,1.1154640600497814,1.3699003364471771,0.0005093581970523099,0.0003718213533499271,0.0004405897752011185,12.937716614759154,595,461,656,512,55,38,4213.056792218026,0.9070121951219512,0.900390625,0.907563025210084,0.9175704989154013,15078,12255,19040,15454,1266,1004,101970.05994319543,0.7919117647058823,0.7929985764203442,0.9160366096299244,0.9180742554059568,595,461,656,512,540,55,0,61,423,38,0,51,0.823170731707317,0.826171875,0.907563025210084,0.9175704989154013,0.8985024958402662,0.8924050632911392,595,461,4213.056792218026,3000.0,0.7919117647058823,0.7929985764203442,0.9160366096299244,0.9180742554059568
31,0.0,99.5,1173,60.81565575819663,62.28183465016251,48.29054967454462,49.5988289859478,1.4661788919658818,1.3082793114031759,1.1206925609741187,0.00047296093289221993,0.0004220255843236051,0.0004474932586079125,12.683005664214711,573,511,625,548,33,47,4198.830213049072,0.9168,0.9324817518248175,0.9424083769633508,0.9080234833659491,15651,12766,19665,16002,1299,1051,106168.89015624451,0.7958810068649885,0.7977752780902387,0.9170021084914702,0.9176719410935297,573,511,625,548,540,33,0,52,464,47,0,37,0.864,0.8467153284671532,0.9424083769633508,0.9080234833659491,0.9121621621621622,0.9261477045908184,573,511,4198.830213049072,3100.0,0.7958810068649885,0.7977752780902387,0.9170021084914702,0.9176719410935297
32,0.0,99.5,1182,60.81565575819663,62.42134558088996,48.29054967454462,49.61601519810938,1.6056898226933356,1.325465523564759,1.2114157585743388,0.0005017780695916674,0.0004142079761139872,0.00045799302285282734,12.805330382780582,585,471,656,526,54,49,4343.2640409504165,0.8917682926829268,0.8954372623574145,0.9076923076923077,0.8959660297239915,16236,13237,20321,16528,1353,1100,110512.15419719493,0.7989764283253777,0.8008833494675702,0.9166666666666666,0.9168995996071617,585,471,656,526,531,54,0,71,422,49,0,55,0.8094512195121951,0.8022813688212928,0.9076923076923077,0.8959660297239915,0.8820598006644518,0.8846960167714885,585,471,4343.2640409504165,3200.0,0.7989764283253777,0.8008833494675702,0.9166666666666666,0.9168995996071617
33,0.0,99.5,1173,60.81565575819663,62.35806500212664,48.29054967454462,49.51829064336223,1.5424092439300097,1.2277409688176064,1.2562985866761855,0.0004673967405848514,0.0003720427178235171,0.00041971972920418427,12.839774358764409,587,472,651,522,48,41,4129.735551995848,0.901689708141321,0.9042145593869731,0.9182282793867121,0.913135593220339,16823,13709,20972,17050,1401,1141,114641.88974919078,0.8021647911501049,0.8040469208211144,0.9167211555608393,0.9167700051061347,587,472,651,522,539,48,0,64,431,41,0,50,0.8279569892473119,0.8256704980842912,0.9182282793867121,0.913135593220339,0.8938640132669984,0.896049896049896,587,472,4129.735551995848,3300.0,0.8021647911501049,0.8040469208211144,0.9167211555608393,0.9167700051061347
34,0.0,99.5,1165,60.81565575819663,62.329651818210785,48.29054967454462,49.58371353582057,1.5139960600141578,1.29316386127595,1.1707689221382318,0.0004452929588276935,0.0003803423121399853,0.0004128176354838394,12.745938282390213,583,479,638,527,53,44,4232.122767024795,0.9137931034482759,0.9089184060721063,0.9090909090909091,0.9081419624217119,17406,14188,21610,17577,1454,1185,118874.01251621557,0.8054604349838038,0.8071912157933663,0.9164655865793405,0.9164787144065407,583,479,638,527,530,53,0,55,435,44,0,48,0.8307210031347962,0.825426944971537,0.9090909090909091,0.9081419624217119,0.905982905982906,0.9006211180124224,583,479,4232.122767024795,3400.0,0.8054604349838038,0.8071912157933663,0.9164655865793405,0.9164787144065407
35,0.0,99.5,1182,60.81565575819663,62.36628844066234,48.29054967454462,49.72649145296536,1.5506326824657108,1.4359417784207409,1.0798715559144103,0.0004430379092759174,0.0004102690795487831,0.00042665349441235024,12.639796987696975,564,510,618,564,46,50,4510.561381390128,0.912621359223301,0.9042553191489362,0.9184397163120568,0.9019607843137255,17970,14698,22228,18141,1500,1235,123384.5738976057,0.8084398056505309,0.8102089190232071,0.9165275459098498,0.9159749625799428,564,510,618,564,518,46,0,54,460,50,0,54,0.8381877022653722,0.8156028368794326,0.9184397163120568,0.9019607843137255,0.9055944055944056,0.8949416342412452,564,510,4510.561381390128,3500.0,0.8084398056505309,0.8102089190232071,0.9165275459098498,0.9159749625799428
36,0.0,99.5,1122,60.81565575819663,62.25218058139214,48.29054967454462,49.59379092765487,1.4365248231955121,1.3032412531102509,1.102270834173775,0.0003990346731098645,0.0003620114591972919,0.0003805230661535782,12.658389653737267,562,477,607,515,51,37,4196.615567868725,0.9258649093904449,0.9262135922330097,0.9092526690391459,0.9224318658280922,18532,15175,22835,18656,1551,1272,127581.18946547442,0.8115611999124152,0.8134112349914236,0.9163069285560113,0.9161779242174629,562,477,607,515,511,51,0,45,440,37,0,38,0.841845140032949,0.8543689320388349,0.9092526690391459,0.9224318658280922,0.9190647482014388,0.9205020920502092,562,477,4196.615567868725,3600.0,0.8115611999124152,0.8134112349914236,0.9163069285560113,0.9161779242174629
37,0.0,99.5,1221,60.81565575819663,62.4601711528562,48.29054967454462,49.687314029751306,1.644515394659571,1.3967643552066846,1.1773749727571088,0.0004444636201782624,0.0003775038797855904,0.0004109837499819264,12.772857123104892,623,496,692,529,71,40,4592.6450628861785,0.9002890173410405,0.9376181474480151,0.8860353130016051,0.9193548387096774,19155,15671,23527,19185,1622,1312,132173.8345283606,0.8141709525226336,0.816836069846234,0.915322370138345,0.9162784761661669,623,496,692,529,552,71,0,69,456,40,0,33,0.7976878612716763,0.8620037807183365,0.8860353130016051,0.9193548387096774,0.8888888888888888,0.9325153374233128,623,496,4592.6450628861785,3700.0,0.8141709525226336,0.816836069846234,0.915322370138345,0.9162784761661669
38,0.0,99.5,1200,60.81565575819663,62.53981527108913,48.29054967454462,49.49611390226016,1.7241595128925056,1.2055642277155414,1.4301681098813503,0.0004537261876032909,0.0003172537441356688,0.00038548996586947986,13.04370136882897,644,467,703,497,52,45,4621.550941235935,0.9160739687055477,0.9396378269617707,0.9192546583850931,0.9036402569593147,19799,16138,24230,19682,1674,1357,136795.38546959654,0.8171275278580272,0.8199369982725333,0.9154502752664276,0.9159127525096047,644,467,703,497,592,52,0,59,422,45,0,30,0.8421052631578947,0.8490945674044266,0.9192546583850931,0.9036402569593148,0.9093701996927803,0.9336283185840708,644,467,4621.550941235935,3800.0,0.8171275278580272,0.8199369982725333,0.9154502752664276,0.9159127525096047
39,0.0,99.5,1205,60.81565575819663,62.54210824348919,48.29054967454462,49.559629180355365,1.7264524852925618,1.269079505810744,1.3603974198524527,0.0004426801244339902,0.0003254050014899344,0.00038404256296196233,12.982479063133823,633,470,692,513,60,47,4694.783194672582,0.9147398843930635,0.9161793372319688,0.9052132701421801,0.9,20432,16608,24922,20195,1734,1404,141490.16866426912,0.8198378942299976,0.8223817776677396,0.9151331245105716,0.9154624277456648,633,470,692,513,573,60,0,59,423,47,0,43,0.8280346820809249,0.8245614035087719,0.9052132701421801,0.9,0.9066455696202531,0.907725321888412,633,470,4694.783194672582,3900.0,0.8198378942299976,0.8223817776677396,0.9151331245105716,0.9154624277456648
40,0.0,99.5,1171,60.81565575819663,62.37423307316025,48.29054967454462,49.65201073314461,1.558577314963621,1.3614610585999856,1.1447828824177562,0.0003896443287409053,0.0003403652646499964,0.00036500479669545087,12.722222340015641,575,503,631,540,49,30,4466.395925312284,0.9112519809825673,0.9314814814814815,0.9147826086956522,0.9403578528827038,21007,17111,25553,20735,1783,1434,145956.5645895814,0.8220952530035612,0.8252230528092597,0.9151235302518208,0.9161942610016949,575,503,631,540,526,49,0,56,473,30,0,37,0.8335974643423137,0.8759259259259259,0.9147826086956522,0.9403578528827038,0.9037800687285223,0.9274509803921569,575,503,4466.395925312284,4000.0,0.8220952530035612,0.8252230528092597,0.9151235302518208,0.9161942610016949
41,0.0,99.5,1175,60.81565575819663,62.34007240773398,48.29054967454462,49.642557101902064,1.5244166495373506,1.3520074273574423,1.1275209134885373,0.00037180893891154893,0.0003297579091115713,0.00035078342401156015,12.697515305831914,590,494,643,532,50,34,4594.124357781002,0.9175738724727839,0.9285714285714286,0.9152542372881356,0.9311740890688259,21597,17605,26196,21267,1833,1468,150550.6889473624,0.8244388456252864,0.8278083415620445,0.915127100986248,0.9166145981255325,590,494,643,532,540,50,0,53,460,34,0,38,0.8398133748055988,0.8646616541353384,0.9152542372881356,0.9311740890688259,0.9106239460370995,0.9236947791164659,590,494,4594.124357781002,4100.0,0.8244388456252864,0.8278083415620445,0.915127100986248,0.9166145981255325
42,0.0,99.5,1173,60.81565575819663,62.37762716354556,48.29054967454462,49.63664518045347,1.5619714053489346,1.346095505908849,1.1603719041423675,0.0003718979536545082,0.0003204989299782974,0.00034619844181640283,12.740981983092091,584,493,630,543,41,33,4730.45563342267,0.926984126984127,0.9079189686924494,0.9297945205479452,0.9330628803245437,22181,18098,26826,21810,1874,1501,155281.14458078507,0.8268470886453441,0.8298028427326914,0.9155132771290744,0.9170626588573323,584,493,630,543,543,41,0,46,460,33,0,50,0.861904761904762,0.8471454880294659,0.9297945205479452,0.9330628803245437,0.9219015280135824,0.9019607843137255,584,493,4730.45563342267,4200.0,0.8268470886453441,0.8298028427326914,0.9155132771290744,0.9170626588573323
43,0.0,99.5,1236,60.81565575819663,62.58196154407988,48.29054967454462,49.58911938655202,1.7663057858832545,1.2985697120073993,1.3601932722986456,0.00041076878741471036,0.00030199295628079056,0.00035638087184775046,12.99284215752786,618,501,692,544,49,41,4873.639792175323,0.8930635838150289,0.9209558823529411,0.9207119741100324,0.9181636726546907,22799,18599,27518,22354,1923,1542,160154.7843729604,0.8285122465295442,0.8320211147892994,0.9156541953594456,0.9170923167912254,618,501,692,544,569,49,0,74,460,41,0,43,0.8222543352601156,0.8455882352941176,0.9207119741100324,0.9181636726546906,0.8849144634525661,0.9145129224652088,618,501,4873.639792175323,4300.0,0.8285122465295442,0.8320211147892994,0.9156541953594456,0.9170923167912254
44,0.0,99.5,1125,60.81565575819663,62.30734086417822,48.29054967454462,49.578846868894686,1.4916851059815954,1.288297194350065,1.1578734414104954,0.0003390193422685444,0.000292794816897742,0.0003159070795831432,12.728493995283536,573,472,608,517,55,41,4364.942412302936,0.9424342105263158,0.9129593810444874,0.9040139616055847,0.913135593220339,23372,19071,28126,22871,1978,1583,164519.72678526334,0.8309748986702695,0.8338507279961523,0.9153688173883279,0.9169943893870274,573,472,608,517,518,55,0,35,431,41,0,45,0.8519736842105263,0.8336557059961315,0.9040139616055847,0.913135593220339,0.9367088607594937,0.9054621848739496,573,472,4364.942412302936,4400.0,0.8309748986702695,0.8338507279961523,0.9153688173883279,0.9169943893870274
45,0.0,99.5,1154,60.81565575819663,62.44487487933675,48.29054967454462,49.60454364874276,1.6292191211401246,1.3139939741981408,1.239898472239455,0.00036204869358669433,0.0002919986609329202,0.0003270236772598072,12.84033123059399,596,481,642,512,39,37,4525.935035807536,0.9283489096573209,0.939453125,0.9345637583892618,0.9230769230769231,23968,19552,28768,23383,2017,1620,169045.66182107088,0.8331479421579533,0.83616302441945,0.9158461281708945,0.9171440261865794,596,481,642,512,557,39,0,46,444,37,0,31,0.867601246105919,0.8671875,0.9345637583892618,0.9230769230769231,0.9237147595356551,0.9347368421052632,596,481,4525.935035807536,4500.0,0.8331479421579533,0.83616302441945,0.9158461281708945,0.9171440261865794
46,0.0,99.5,1105,60.81565575819663,62.423872518610075,48.29054967454462,49.42757306484655,1.6082167604134483,1.137023390301927,1.4144095663558864,0.00034961233922031483,0.0002471789978917232,0.00029839566855601905,12.996299453763527,609,417,656,449,39,41,4371.70825814639,0.9283536585365854,0.9287305122494433,0.9359605911330049,0.9016786570743405,24577,19969,29424,23832,2056,1661,173417.37007921727,0.8352705274605764,0.8379070157771064,0.9163445497823168,0.916821072662627,609,417,656,449,570,39,0,47,376,41,0,32,0.8689024390243902,0.8374164810690423,0.9359605911330049,0.9016786570743405,0.9238249594813615,0.9215686274509803,609,417,4371.70825814639,4600.0,0.8352705274605764,0.8379070157771064,0.9163445497823168,0.916821072662627
47,0.0,99.5,1109,60.81565575819663,62.25056610164159,48.29054967454462,49.58490237670765,1.4349103434449617,1.2943527021630317,1.1085929986834655,0.0003053000730733961,0.0002753941919495812,0.0002903471325114887,12.665663724933935,542,490,583,526,53,39,4430.323695649639,0.9296740994854202,0.9315589353612167,0.9022140221402214,0.9204081632653062,25119,20459,30007,24358,2109,1700,177847.6937748669,0.837104675575699,0.8399293866491502,0.9160396512600024,0.9169069847011095,542,490,583,526,489,53,0,41,451,39,0,36,0.8387650085763293,0.8574144486692015,0.9022140221402214,0.9204081632653062,0.9226415094339623,0.9260780287474333,542,490,4430.323695649639,4700.0,0.837104675575699,0.8399293866491502,0.9160396512600024,0.9169069847011095
48,0.0,99.5,1222,60.81565575819663,62.56471206764052,48.29054967454462,49.66201632459194,1.749056309443894,1.3714666500473172,1.2753181489200263,0.00036438673113414456,0.00028572221875985775,0.0003250544749470012,12.902695743048582,664,472,707,515,63,39,4969.675064791028,0.9391796322489392,0.916504854368932,0.9051204819277109,0.9173728813559322,25783,20931,30714,24873,2172,1739,182817.36883965792,0.839454320505307,0.8415148956700036,0.9157584454873366,0.916917490803115,664,472,707,515,601,63,0,43,433,39,0,43,0.8500707213578501,0.8407766990291262,0.9051204819277109,0.9173728813559322,0.9332298136645962,0.9096638655462185,664,472,4969.675064791028,4800.0,0.839454320505307,0.8415148956700036,0.9157584454873366,0.916917490803115
49,0.0,99.5,1148,60.81565575819663,62.25976828717233,48.29054967454462,49.56762131824473,1.444112528975701,1.2770716437001113,1.1307999328773877,0.00029471684264810227,0.0002606268660612472,0.00027767185435467474,12.692146968927595,602,474,643,505,47,35,4708.352744507408,0.9362363919129082,0.9386138613861386,0.9219269102990033,0.9261603375527426,26385,21405,31357,25378,2219,1774,187525.72158416532,0.8414389131613356,0.8434470801481598,0.9158991851430737,0.917122167717823,602,474,643,505,555,47,0,41,439,35,0,31,0.8631415241057543,0.8693069306930693,0.9219269102990033,0.9261603375527426,0.9312080536912751,0.9340425531914893,602,474,4708.352744507408,4900.0,0.8414389131613356,0.8434470801481598,0.9158991851430737,0.917122167717823
50,0.0,99.5,1169,60.81565575819663,62.40538925360076,48.29054967454462,49.59959787347804,1.5897334954041327,1.309048198933418,1.2144193748552654,0.00031794669908082653,0.0002618096397866836,0.00028987816943375504,12.80579138012272,590,508,628,541,45,51,4744.328522562466,0.9394904458598726,0.9390018484288355,0.923728813559322,0.8996062992125984,26975,21913,31985,25919,2264,1825,192270.05010672778,0.8433640769110521,0.8454415679617269,0.9160704355885079,0.9167161045954456,590,508,628,541,545,45,0,38,457,51,0,33,0.8678343949044586,0.844731977818854,0.923728813559322,0.8996062992125984,0.934819897084048,0.9326530612244898,590,508,4744.328522562466,5000.0,0.8433640769110521,0.8454415679617269,0.9160704355885079,0.9167161045954456
51,0.0,99.5,1163,60.81565575819663,62.345564209431934,48.29054967454462,49.58369581559989,1.5299084512353076,1.2931461410552672,1.1830901416809947,0.000299982049261825,0.0002535580668735818,0.0002767700580677034,12.761868393832046,597,491,637,526,52,30,4761.4550283677345,0.9372056514913658,0.9334600760456274,0.9128978224455612,0.9389002036659878,27572,22404,32622,26445,2316,1855,197031.5051350955,0.8451964931641224,0.8471922858763471,0.9160017408965617,0.9172022853061953,597,491,637,526,545,52,0,40,461,30,0,35,0.8555729984301413,0.876425855513308,0.9128978224455612,0.9389002036659878,0.9316239316239316,0.9294354838709677,597,491,4761.4550283677345,5100.0,0.8451964931641224,0.8471922858763471,0.9160017408965617,0.9172022853061953
52,0.0,99.5,1212,60.81565575819663,62.54820983123187,48.29054967454462,49.56152623309976,1.7325540730352458,1.270976558555141,1.3631676063363678,0.00033318347558370113,0.00024441856895291174,0.00028880102226830644,12.98668359813211,661,485,699,513,67,46,4915.413814644698,0.9456366237482118,0.9454191033138402,0.8986384266263238,0.9051546391752577,28233,22889,33321,26958,2383,1901,201946.9189497402,0.8473035022958495,0.8490615030788634,0.9155952254454007,0.9169470051116256,661,485,699,513,594,67,0,38,439,46,0,28,0.8497854077253219,0.8557504873294347,0.8986384266263238,0.9051546391752577,0.939873417721519,0.9400428265524625,661,485,4915.413814644698,5200.0,0.8473035022958495,0.8490615030788634,0.9155952254454007,0.9169470051116256
53,0.0,99.5,1193,60.81565575819663,62.45385157807742,48.29054967454462,49.586198807629565,1.6381958198807922,1.2956491330849431,1.2643822915083844,0.0003090935509209042,0.00024446210058206474,0.00027677782575148447,12.867652770447854,615,489,670,523,54,36,5003.246182429788,0.917910447761194,0.9349904397705545,0.9121951219512195,0.9263803680981595,28848,23378,33991,27481,2437,1937,206950.16513217,0.8486952428584037,0.8506968450929733,0.9155227398779812,0.9171443237231586,615,489,670,523,561,54,0,55,453,36,0,34,0.8373134328358209,0.8661567877629063,0.9121951219512195,0.9263803680981595,0.9107142857142857,0.9301848049281314,615,489,5003.246182429788,5300.0,0.8486952428584037,0.8506968450929733,0.9155227398779812,0.9171443237231586
54,0.0,99.5,1223,60.81565575819663,62.39767229357009,48.29054967454462,49.6789452917786,1.5820165353734623,1.388395617233975,1.1394565898480922,0.00029296602506915967,0.0002571102994877732,0.0002750381622784664,12.718727001791493,631,537,659,564,59,42,5090.193159942877,0.9575113808801214,0.9521276595744681,0.9064976228209192,0.9217877094972067,29479,23915,34650,28045,2496,1979,212040.35829211285,0.8507647907647907,0.8527366732037797,0.9153295566335358,0.9172485887518294,631,537,659,564,572,59,0,28,495,42,0,27,0.8679817905918058,0.8776595744680851,0.9064976228209192,0.9217877094972067,0.9533333333333334,0.9482758620689655,631,537,5090.193159942877,5400.0,0.8507647907647907,0.8527366732037797,0.9153295566335358,0.9172485887518294
55,0.0,99.5,1102,60.81565575819663,62.41277027408049,48.29054967454462,49.39864941279281,1.5971145158838667,1.1080997382481854,1.4413093521786886,0.0002903844574334303,0.00020147267968148827,0.00024592856855745927,13.014120861287687,589,444,624,478,47,38,4546.160729241605,0.9439102564102564,0.9288702928870293,0.9202037351443124,0.9144144144144144,30068,24359,35274,28523,2543,2017,216586.51902135447,0.8524125418155015,0.8540125512744101,0.9154250365837435,0.9171969292663903,589,444,624,478,542,47,0,35,406,38,0,34,0.8685897435897436,0.8493723849372385,0.9202037351443124,0.9144144144144144,0.9393414211438474,0.9227272727272727,589,444,4546.160729241605,5500.0,0.8524125418155015,0.8540125512744101,0.9154250365837435,0.9171969292663903
56,0.0,99.5,1128,60.81565575819663,62.333785368210464,48.29054967454462,49.50433286168067,1.5181296100138368,1.2137831871360518,1.2507419991505213,0.0002710945732167566,0.0002167469977028664,0.0002439207854598115,12.82945250652979,586,482,615,513,57,35,4688.56667061189,0.9528455284552846,0.9395711500974658,0.9027303754266212,0.9273858921161826,30654,24841,35889,29036,2600,2052,221275.08569196635,0.8541335785338126,0.8555241768838683,0.9151823579304496,0.9173946298458194,586,482,615,513,529,57,0,29,447,35,0,31,0.8601626016260162,0.8713450292397661,0.9027303754266212,0.9273858921161826,0.9480286738351255,0.9351464435146444,586,482,4688.56667061189,5600.0,0.8541335785338126,0.8555241768838683,0.9151823579304496,0.9173946298458194
57,0.0,99.5,1172,60.81565575819663,62.472674311577656,48.29054967454462,49.51938872453848,1.6570185533810289,1.2288390499938586,1.3484422987610218,0.0002907050093650928,0.0002155857982445366,0.0002531454038048147,12.953285587039176,644,472,673,499,57,38,5075.915171195094,0.9569093610698366,0.9458917835671342,0.9114906832298136,0.9194915254237288,31298,25313,36562,29535,2657,2090,226351.00086316143,0.8560253815436792,0.8570509564922972,0.915106396574861,0.9174337297041046,644,472,673,499,587,57,0,29,434,38,0,27,0.8722139673105498,0.8697394789579158,0.9114906832298136,0.9194915254237288,0.952922077922078,0.9414316702819957,644,472,5075.915171195094,5700.0,0.8560253815436792,0.8570509564922972,0.915106396574861,0.9174337297041046
58,0.0,99.5,1112,60.81565575819663,62.38739663607601,48.29054967454462,49.53353028368183,1.5717408778793853,1.2429806091372058,1.2644934814955666,0.0002709898065309285,0.0002143070015753803,0.0002426484040531544,12.853866352394185,592,452,630,482,45,50,4705.359352671553,0.9396825396825397,0.9377593360995851,0.9239864864864865,0.8893805309734513,31890,25765,37192,30017,2702,2140,231056.36021583297,0.8574424607442461,0.8583469367358497,0.9152712449043587,0.916941587424801,592,452,630,482,547,45,0,38,402,50,0,30,0.8682539682539683,0.8340248962655602,0.9239864864864865,0.8893805309734514,0.935042735042735,0.9305555555555556,592,452,4705.359352671553,5800.0,0.8574424607442461,0.8583469367358497,0.9152712449043587,0.916941587424801
59,0.0,99.5,1113,60.81565575819663,62.321473469570776,48.29054967454462,49.56731876304738,1.5058177113741493,1.2767690885027605,1.1793970616409497,0.0002552233409108728,0.0002164015404241967,0.00023581244066753475,12.754154706523394,582,476,607,506,45,37,4700.222739141572,0.9588138385502472,0.9407114624505929,0.9226804123711341,0.9222689075630253,32472,26241,37799,30523,2747,2177,235756.58295497455,0.8590703457763433,0.8597123480653933,0.9154040404040404,0.9170382226287108,582,476,607,506,537,45,0,25,439,37,0,30,0.8846787479406919,0.8675889328063241,0.9226804123711341,0.9222689075630253,0.9555160142348754,0.9360341151385928,582,476,4700.222739141572,5900.0,0.8590703457763433,0.8597123480653933,0.9154040404040404,0.9170382226287108
60,0.0,99.5,1170,60.81565575819663,62.47626288176961,48.29054967454462,49.55919573475513,1.66060712357298,1.2686460602105072,1.3089601392033918,0.00027676785392883,0.00021144101003508454,0.0002441044319819573,12.917067147014478,629,490,655,515,52,38,4897.837820867632,0.9603053435114504,0.9514563106796117,0.9173290937996821,0.9224489795918367,33101,26731,38454,31038,2799,2215,240654.42077584218,0.8607947157642898,0.8612346156324505,0.915440621129271,0.9171374060080056,629,490,655,515,577,52,0,26,452,38,0,25,0.8809160305343512,0.8776699029126214,0.9173290937996821,0.9224489795918367,0.956882255389718,0.9475890985324947,629,490,4897.837820867632,6000.0,0.8607947157642898,0.8612346156324505,0.915440621129271,0.9171374060080056
61,0.0,99.5,1174,60.81565575819663,62.46810825296066,48.29054967454462,49.69959109267289,1.6524524947640344,1.4090414181282682,1.1727494121209772,0.0002708938516006614,0.0002309903964144702,0.0002509421240075658,12.768517160287772,606,522,634,540,55,38,5040.08937775782,0.9558359621451105,0.9666666666666667,0.9092409240924092,0.9272030651340997,33707,27253,39088,31578,2854,2253,245694.51015360001,0.8623362668849774,0.8630375577934005,0.9153291601151097,0.9173302021795766,606,522,634,540,551,55,0,28,484,38,0,18,0.8690851735015773,0.8962962962962963,0.9092409240924092,0.9272030651340997,0.9516407599309153,0.9641434262948207,606,522,5040.08937775782,6100.0,0.8623362668849774,0.8630375577934005,0.9153291601151097,0.9173302021795766
62,0.0,99.5,1207,60.81565575819663,62.50601444026411,48.29054967454462,49.652163676558274,1.6903586820674832,1.3616140020136527,1.2414374995906763,0.0002726384971076586,0.00021961516161510527,0.0002461268293613819,12.853850763705836,646,515,677,530,64,42,5212.556083859618,0.9542097488921714,0.9716981132075472,0.9009287925696594,0.9184466019417475,34353,27768,39765,32108,2918,2295,250907.06623745963,0.8639004149377594,0.8648311947178273,0.9150583646260879,0.9173509075194468,646,515,677,530,582,64,0,31,473,42,0,15,0.8596750369276218,0.8924528301886793,0.9009287925696594,0.9184466019417475,0.9494290375203915,0.9692622950819673,646,515,5212.556083859618,6200.0,0.8639004149377594,0.8648311947178273,0.9150583646260879,0.9173509075194468
63,0.0,99.5,1251,60.81565575819663,62.48923072146474,48.29054967454462,49.73577669145672,1.6735749632681163,1.4452270169120993,1.158001437617676,0.00026564681956636765,0.0002294011137955713,0.00024752396668096947,12.753454030008022,652,547,683,568,49,49,5416.588004838304,0.9546120058565154,0.9630281690140845,0.9248466257668712,0.9104204753199269,35005,28315,40448,32676,2967,2344,256323.65424229793,0.8654321598101266,0.8665381319622965,0.9152406799028711,0.9172170227794455,652,547,683,568,603,49,0,31,498,49,0,21,0.8828696925329429,0.8767605633802817,0.9248466257668712,0.9104204753199269,0.9511041009463722,0.9595375722543352,652,547,5416.588004838304,6300.0,0.8654321598101266,0.8665381319622965,0.9152406799028711,0.9172170227794455
64,0.0,99.5,1154,60.81565575819663,62.473143105838226,48.29054967454462,49.65832343921801,1.6574873476415988,1.3677737646733874,1.2118139640128223,0.0002589823980689998,0.00021371465073021678,0.00023634852439960829,12.814819666620217,599,498,632,522,49,50,5010.954348172126,0.9477848101265823,0.9540229885057471,0.9181969949916527,0.8995983935742972,35604,28813,41080,33198,3016,2394,261334.60859047004,0.866699123661149,0.8679137297427556,0.9152904168071003,0.9169125047721515,599,498,632,522,550,49,0,33,448,50,0,24,0.870253164556962,0.8582375478927203,0.9181969949916527,0.8995983935742972,0.9433962264150944,0.9491525423728814,599,498,5010.954348172126,6400.0,0.866699123661149,0.8679137297427556,0.9152904168071003,0.9169125047721515
65,0.0,99.5,1119,60.81565575819663,62.44676014124086,48.29054967454462,49.49662856253126,1.6311043830442316,1.206078887986635,1.3524027319366412,0.0002509391358529587,0.00018555059815179002,0.00021824486700237436,12.950131578709602,610,460,641,478,49,39,4780.057290501371,0.9516380655226209,0.9623430962343096,0.919672131147541,0.9152173913043479,36214,29273,41721,33676,3065,2433,266114.6658809714,0.8680041226240982,0.8692540681791187,0.9153642237808582,0.9168858675229734,610,460,641,478,561,49,0,31,421,39,0,18,0.875195007800312,0.8807531380753139,0.919672131147541,0.9152173913043479,0.9476351351351351,0.958997722095672,610,460,4780.057290501371,6500.0,0.8680041226240982,0.8692540681791187,0.9153642237808582,0.9168858675229734
66,0.0,99.5,1147,60.81565575819663,62.39643819981288,48.29054967454462,49.55169848457138,1.5807824416162504,1.2611488100267607,1.253446404617951,0.00023951249115397732,0.0001910831530343577,0.00021529782209416752,12.844739715241495,610,484,640,507,49,33,4919.82074991517,0.953125,0.9546351084812623,0.919672131147541,0.9318181818181819,36824,29757,42361,34183,3114,2466,271034.48663088656,0.8692901489577678,0.8705204341339262,0.9154355854877254,0.9171287428168162,610,484,640,507,561,49,0,30,451,33,0,23,0.8765625,0.8895463510848126,0.919672131147541,0.9318181818181818,0.949238578680203,0.9514767932489452,610,484,4919.82074991517,6600.0,0.8692901489577678,0.8705204341339262,0.9154355854877254,0.9171287428168162
67,0.0,99.5,1192,60.81565575819663,62.4660720339393,48.29054967454462,49.587187020900885,1.6504162757426712,1.2966373463562633,1.2728433901588423,0.00024633078742427927,0.00019352796214272585,0.00021992937478350257,12.878885013038413,625,518,654,538,57,51,5205.1929156361075,0.9556574923547401,0.9628252788104089,0.9088,0.9015444015444015,37449,30275,43015,34721,3171,2517,276239.6795465227,0.8706032779263048,0.8719506926643817,0.9153248417848274,0.9168620974401321,625,518,654,538,568,57,0,29,467,51,0,20,0.8685015290519877,0.8680297397769516,0.9088,0.9015444015444015,0.9514237855946399,0.9589322381930184,625,518,5205.1929156361075,6700.0,0.8706032779263048,0.8719506926643817,0.9153248417848274,0.9168620974401321
68,0.0,99.5,1078,60.81565575819663,62.1944977926616,48.29054967454462,49.48888052958601,1.3788420344649737,1.198330855041391,1.1506355099379861,0.00020277088742131965,0.00017622512574138103,0.00018949800658135034,12.705617263075588,556,464,588,490,41,43,4732.604719100846,0.9455782312925171,0.9469387755102041,0.9262589928057554,0.9073275862068966,38005,30739,43603,35211,3212,2560,280972.28426562354,0.8716143384629498,0.8729942347561841,0.9154848046309696,0.9167181756075344,556,464,588,490,515,41,0,32,421,43,0,26,0.8758503401360545,0.8591836734693877,0.9262589928057554,0.9073275862068966,0.9414990859232175,0.941834451901566,556,464,4732.604719100846,6800.0,0.8716143384629498,0.8729942347561841,0.9154848046309696,0.9167181756075344
69,0.0,99.5,1180,60.81565575819663,62.470821422858705,48.29054967454462,49.58536550640602,1.6551656646620785,1.2948158318613991,1.2783019978081733,0.00023987908183508385,0.00018765446838571,0.00021376677511039693,12.885455916452685,626,497,658,522,48,48,5314.5229732772505,0.9513677811550152,0.9521072796934866,0.9233226837060703,0.903420523138833,38631,31236,44261,35733,3260,2608,286286.8072389008,0.8727999819253971,0.8741499454285954,0.9156118143459916,0.9165065949545397,626,497,658,522,578,48,0,32,449,48,0,25,0.878419452887538,0.8601532567049809,0.9233226837060703,0.903420523138833,0.9475409836065574,0.9472573839662447,626,497,5314.5229732772505,6900.0,0.8727999819253971,0.8741499454285954,0.9156118143459916,0.9165065949545397
70,0.0,99.5,1245,60.81565575819663,62.53622958047264,48.29054967454462,49.708496388109054,1.720573822276016,1.417946713564433,1.2134262915641163,0.0002457962603251452,0.00020256381622349044,0.0002241800382743178,12.827733192363588,663,544,683,562,36,57,5508.265491371337,0.9707174231332357,0.9679715302491103,0.9457013574660633,0.8952205882352942,39294,31780,44944,36295,3296,2665,291795.07273027214,0.8742880028479886,0.875602700096432,0.9161195093398483,0.9161422278162367,663,544,683,562,627,36,0,20,487,57,0,18,0.91800878477306,0.8665480427046264,0.9457013574660633,0.8952205882352942,0.9690880989180835,0.9643564356435643,663,544,5508.265491371337,7000.0,0.8742880028479886,0.875602700096432,0.9161195093398483,0.9161422278162367
71,0.0,99.5,1161,60.81565575819663,62.289899849243035,48.29054967454462,49.66567776484906,1.4742440910464083,1.375128090304436,1.0720776496682787,0.0002076400128234378,0.00019368001271893466,0.00020066001277118623,12.624222084393978,578,520,606,555,51,38,5162.935481553986,0.9537953795379538,0.9369369369369369,0.9117647058823529,0.926923076923077,39872,32300,45550,36850,3347,2703,296958.00821182615,0.8753457738748628,0.8765264586160109,0.9160563804173355,0.9163157894736842,578,520,606,555,527,51,0,28,482,38,0,35,0.8696369636963697,0.8684684684684685,0.9117647058823529,0.926923076923077,0.9495495495495495,0.9323017408123792,578,520,5162.935481553986,7100.0,0.8753457738748628,0.8765264586160109,0.9160563804173355,0.9163157894736842
72,0.0,99.5,1163,60.81565575819663,62.48340220912614,48.29054967454462,49.622870229234955,1.6677464509295135,1.3323205546903338,1.2517606555406942,0.00023163145151798797,0.0001850445214847686,0.0002083379865013783,12.860531979891185,636,477,660,503,51,51,5279.8967282977765,0.9636363636363636,0.94831013916501,0.9198113207547169,0.8930817610062893,40508,32777,46210,37353,3398,2754,302237.9049401239,0.876606795066003,0.8774931063100688,0.9161153352424213,0.915977667266681,636,477,660,503,585,51,0,24,426,51,0,26,0.8863636363636364,0.8469184890656064,0.9198113207547169,0.8930817610062893,0.9605911330049262,0.9424778761061947,636,477,5279.8967282977765,7200.0,0.876606795066003,0.8774931063100688,0.9161153352424213,0.915977667266681
73,0.0,99.5,1194,60.81565575819663,62.32470724072515,48.29054967454462,49.783022086169865,1.5090514825285197,1.4924724116252435,1.0111084605478384,0.00020671938116829038,0.00020444827556510186,0.0002055838283666961,12.541685154555282,609,543,635,559,44,46,5407.930402449981,0.9590551181102362,0.9713774597495528,0.9277504105090312,0.9152854511970534,41117,33320,46845,37912,3442,2800,307645.8353425739,0.8777244102892517,0.8788774002954209,0.9162876669017681,0.9159663865546218,609,543,635,559,565,44,0,26,497,46,0,16,0.889763779527559,0.889087656529517,0.9277504105090312,0.9152854511970534,0.9560067681895094,0.9688109161793372,609,543,5407.930402449981,7300.0,0.8777244102892517,0.8788774002954209,0.9162876669017681,0.9159663865546218
74,0.0,99.5,1208,60.81565575819663,62.568524037798596,48.29054967454462,49.57938538254196,1.7528682796019694,1.288835707997336,1.3600401267013875,0.00023687409183810397,0.00017416698756720758,0.00020552053970265577,12.989138655256639,661,487,700,508,63,48,5385.263385495347,0.9442857142857143,0.9586614173228346,0.9046898638426626,0.9014373716632443,41778,33807,47545,38420,3505,2848,313031.0987280692,0.8787043853191713,0.8799323269130661,0.916104169658672,0.9157570917265655,661,487,700,508,598,63,0,39,439,48,0,21,0.8542857142857143,0.8641732283464567,0.9046898638426626,0.9014373716632443,0.9387755102040817,0.9543478260869566,661,487,5385.263385495347,7400.0,0.8787043853191713,0.8799323269130661,0.916104169658672,0.9157570917265655
75,0.0,99.5,1169,60.81565575819663,62.44757756576159,48.29054967454462,49.64197866475258,1.6319218075649644,1.3514289902079568,1.2075527603665255,0.00021758957434199526,0.00018019053202772759,0.00019889005318486142,12.805598901009013,603,516,630,539,51,50,5383.134495557981,0.9571428571428572,0.9573283858998145,0.9154228855721394,0.9031007751937985,42381,34323,48175,38959,3556,2898,318414.2332236272,0.8797301504929943,0.881003105829205,0.9160944762983412,0.9155668210820732,603,516,630,539,552,51,0,27,466,50,0,23,0.8761904761904762,0.8645640074211502,0.9154228855721394,0.9031007751937985,0.9533678756476683,0.9529652351738241,603,516,5383.134495557981,7500.0,0.8797301504929943,0.881003105829205,0.9160944762983412,0.9155668210820732
76,0.0,99.5,1190,60.81565575819663,62.5461452865218,48.29054967454462,49.54422791709491,1.7304895283251724,1.2536782425502864,1.3803298722046384,0.00022769599056910163,0.00016495766349345874,0.0001963268270312802,13.001917369426891,651,498,679,511,79,39,5480.179837217671,0.9587628865979382,0.974559686888454,0.8786482334869432,0.9216867469879518,43032,34821,48854,39470,3635,2937,323894.4130608449,0.8808285913128915,0.8822143400050672,0.915527979178286,0.9156543465150341,651,498,679,511,572,79,0,28,459,39,0,13,0.8424153166421208,0.898238747553816,0.8786482334869432,0.9216867469879518,0.9533333333333334,0.972457627118644,651,498,5480.179837217671,7600.0,0.8808285913128915,0.8822143400050672,0.915527979178286,0.9156543465150341
77,0.0,99.5,1209,60.81565575819663,62.62445039635757,48.29054967454462,49.56061619037776,1.8087946381609399,1.2700665158331361,1.4241731559818422,0.00023490839456635583,0.00016494370335495275,0.00019992604896065428,13.06383420597981,643,522,671,538,54,48,5534.975242291603,0.9582712369597616,0.9702602230483272,0.9160186625194401,0.9080459770114943,43675,35343,49525,40008,3689,2985,329429.38830313645,0.8818778394750126,0.8833983203359328,0.9155352032054951,0.9155419743655038,643,522,671,538,589,54,0,28,474,48,0,16,0.8777943368107303,0.8810408921933085,0.9160186625194401,0.9080459770114943,0.9546191247974068,0.9673469387755103,643,522,5534.975242291603,7700.0,0.8818778394750126,0.8833983203359328,0.9155352032054951,0.9155419743655038
78,0.0,99.5,1162,60.81565575819663,62.53988346279353,48.29054967454462,49.55390238257741,1.724227704596906,1.2633527080327909,1.3648031097204512,0.00022105483392268027,0.00016196829590163985,0.00019151156491216008,12.98598108021612,656,468,678,484,63,38,5278.003522197441,0.967551622418879,0.9669421487603306,0.9039634146341463,0.9188034188034188,44331,35811,50203,40492,3752,3023,334707.3918253339,0.8830348783937215,0.8843969179097105,0.9153639665245539,0.9155845969115635,656,468,678,484,593,63,0,22,430,38,0,16,0.8746312684365781,0.8884297520661157,0.9039634146341463,0.9188034188034188,0.9642276422764228,0.9641255605381166,656,468,5278.003522197441,7800.0,0.8830348783937215,0.8843969179097105,0.9153639665245539,0.9155845969115635
79,0.0,99.5,1145,60.81565575819663,62.36596912898637,48.29054967454462,49.668570964278,1.5503133707897447,1.3780212897333755,1.1250286061180557,0.0001962421988341449,0.00017443307464979436,0.00018533763674196963,12.697398164708375,587,511,613,532,49,58,5326.508313597795,0.9575856443719413,0.9605263157894737,0.9165247018739353,0.8864970645792564,44918,36322,50816,41024,3801,3081,340033.9001389317,0.88393419395466,0.8853841653666147,0.9153791353132374,0.9151753758052971,587,511,613,532,538,49,0,26,453,58,0,21,0.8776508972267537,0.8515037593984962,0.9165247018739353,0.8864970645792564,0.9539007092198581,0.9556962025316456,587,511,5326.508313597795,7900.0,0.88393419395466,0.8853841653666147,0.9153791353132374,0.9151753758052971
80,0.0,99.5,1148,60.81565575819663,62.48917240222105,48.29054967454462,49.525239962527294,1.6735166440244242,1.2346902879826729,1.3554141150318255,0.00020918958050305302,0.00015433628599783412,0.00018176293325044358,12.963932439693757,625,478,646,502,67,31,5332.422126384987,0.9674922600619195,0.952191235059761,0.8928,0.9351464435146444,45543,36800,51462,41526,3868,3112,345366.3222653167,0.884983094322024,0.8861917834609642,0.9150692751904793,0.9154347826086957,625,478,646,502,558,67,0,21,447,31,0,24,0.8637770897832817,0.8904382470119522,0.8928,0.9351464435146444,0.9637305699481865,0.9490445859872612,625,478,5332.422126384987,8000.0,0.884983094322024,0.8861917834609642,0.9150692751904793,0.9154347826086957
81,0.0,99.5,1186,60.81565575819663,62.63601976120156,48.29054967454462,49.677075821255315,1.8203640030049328,1.3865261467106933,1.3128955464153698,0.00022473629666727566,0.00017117606749514732,0.0001979561820812115,12.958943939946245,646,482,679,507,58,31,5604.81608963143,0.9513991163475699,0.9506903353057199,0.9102167182662538,0.9356846473029046,46189,37282,52141,42033,3926,3143,350971.1383549481,0.8858479891064613,0.8869697618537815,0.9150014072614692,0.9156965828013519,646,482,679,507,588,58,0,33,451,31,0,25,0.865979381443299,0.8895463510848126,0.9102167182662538,0.9356846473029046,0.9468599033816425,0.9474789915966386,646,482,5604.81608963143,8100.0,0.8858479891064613,0.8869697618537815,0.9150014072614692,0.9156965828013519
82,0.0,99.5,1155,60.81565575819663,62.42621561816836,48.29054967454462,49.596881469329176,1.6105598599717297,1.3063317947845547,1.2328872851459223,0.00019640973902094265,0.00015930875546153107,0.00017785924724123686,12.82933414883918,593,516,619,536,58,47,5443.599702822737,0.9579967689822294,0.9626865671641791,0.9021922428330522,0.9089147286821706,46782,37798,52760,42569,3984,3190,356414.7380577708,0.8866944655041699,0.88792313655477,0.9148390406566628,0.9156040002116514,593,516,619,536,535,58,0,26,469,47,0,20,0.864297253634895,0.875,0.9021922428330523,0.9089147286821705,0.9536541889483066,0.9591002044989775,593,516,5443.599702822737,8200.0,0.8866944655041699,0.88792313655477,0.9148390406566628,0.9156040002116514
83,0.0,99.5,1197,60.81565575819663,62.438740522557396,48.29054967454462,49.690598745091414,1.6230847643607689,1.4000490705467925,1.1593056261427104,0.0001955523812482854,0.0001686806109092521,0.00018211649607876874,12.748141777465982,609,533,640,557,45,45,5682.137877493129,0.9515625,0.9569120287253142,0.9261083743842364,0.9155722326454034,47391,38331,53400,43126,4029,3235,362096.87593526393,0.8874719101123596,0.8888141724249873,0.914983857694499,0.9156035584774725,609,533,640,557,564,45,0,31,488,45,0,24,0.88125,0.8761220825852782,0.9261083743842364,0.9155722326454033,0.9478991596638655,0.953125,609,533,5682.137877493129,8300.0,0.8874719101123596,0.8888141724249873,0.914983857694499,0.9156035584774725
84,0.0,99.5,1166,60.81565575819663,62.495839500868755,48.29054967454462,49.595645773347314,1.6801837426721278,1.305096098802693,1.2874023178933287,0.00020002187412763425,0.00015536858319079678,0.00017769522865921552,12.90019372752144,616,512,639,527,53,54,5553.22353737416,0.9640062597809077,0.9715370018975332,0.913961038961039,0.89453125,48007,38843,54039,43653,4082,3289,367650.0994726381,0.8883769129702622,0.8898128421872494,0.9149707334347075,0.9153257987282136,616,512,639,527,563,53,0,23,458,54,0,15,0.8810641627543035,0.8690702087286527,0.913961038961039,0.89453125,0.9607508532423208,0.9682875264270613,616,512,5553.22353737416,8400.0,0.8883769129702622,0.8898128421872494,0.9149707334347075,0.9153257987282136
85,0.0,99.5,1145,60.81565575819663,62.36870070571294,48.29054967454462,49.73194977070878,1.5530449475163124,1.441400096164159,1.0774558373134993,0.00018271117029603675,0.00016957648190166577,0.00017614382609885124,12.636750935004159,570,520,591,554,50,45,5511.453968500243,0.9644670050761421,0.9386281588447654,0.9122807017543859,0.9134615384615384,48577,39363,54630,44207,4132,3334,373161.55344113836,0.8892000732198426,0.8904245933901871,0.914939168742409,0.9153011711505729,570,520,591,554,520,50,0,21,475,45,0,34,0.8798646362098139,0.8574007220216606,0.9122807017543859,0.9134615384615384,0.9611829944547134,0.9332023575638507,570,520,5511.453968500243,8500.0,0.8892000732198426,0.8904245933901871,0.914939168742409,0.9153011711505729
86,0.0,99.5,1183,60.81565575819663,62.39528979997568,48.29054967454462,49.73514790449435,1.5796340417790518,1.444598229949726,1.0934763791272437,0.00018367837695105254,0.00016797653836624722,0.0001758274576586499,12.660141895481331,616,526,639,544,61,45,5722.429825868564,0.9640062597809077,0.9669117647058824,0.900974025974026,0.9144486692015209,49193,39889,55269,44751,4193,3379,378883.98326700693,0.8900649550380865,0.8913543831422761,0.9147642957331328,0.9152899295545138,616,526,639,544,555,61,0,23,481,45,0,18,0.8685446009389671,0.8841911764705882,0.900974025974026,0.9144486692015209,0.9602076124567474,0.9639278557114228,616,526,5722.429825868564,8600.0,0.8900649550380865,0.8913543831422761,0.9147642957331328,0.9152899295545138
87,0.0,99.5,1171,60.81565575819663,62.47472878057362,48.29054967454462,49.55638343357199,1.6590730223769938,1.265833759027366,1.31065632477031,0.00019069804854907976,0.00014549813322153632,0.00016809809088530806,12.918345347001633,613,508,639,532,59,56,5571.452374392256,0.9593114241001565,0.9548872180451128,0.9037520391517129,0.889763779527559,49806,40397,55908,45283,4252,3435,384455.4356413992,0.890856406954282,0.8921007883753285,0.9146287595871984,0.9149689333366339,613,508,639,532,554,59,0,26,452,56,0,24,0.86697965571205,0.849624060150376,0.9037520391517129,0.889763779527559,0.9551724137931035,0.9495798319327731,613,508,5571.452374392256,8700.0,0.890856406954282,0.8921007883753285,0.9146287595871984,0.9149689333366339
88,0.0,99.5,1195,60.81565575819663,62.357800325549654,48.29054967454462,49.77322827097502,1.5421445673530272,1.4826785964303966,1.0401071217091804,0.00017524370083557127,0.0001684862041398178,0.00017186495248769454,12.584572054574636,592,548,622,573,44,56,5589.307627855313,0.9517684887459807,0.956369982547993,0.9256756756756757,0.8978102189781022,50398,40945,56530,45856,4296,3491,390044.7432692545,0.8915266230320184,0.8929038729937194,0.9147585221635779,0.9147392844059103,592,548,622,573,548,44,0,30,492,56,0,25,0.8810289389067524,0.8586387434554974,0.9256756756756757,0.8978102189781022,0.9480968858131488,0.9516441005802708,592,548,5589.307627855313,8800.0,0.8915266230320184,0.8929038729937194,0.9147585221635779,0.9147392844059103
89,0.0,99.5,1103,60.81565575819663,62.359632873935695,48.29054967454462,49.47606351160185,1.543977115739068,1.1855138370572291,1.3023695443080134,0.0001734805748021425,0.0001332038019165426,0.00015334218835934255,12.883569362333844,587,478,611,492,42,44,5337.876570754781,0.9607201309328969,0.9715447154471545,0.928449744463373,0.9079497907949791,50985,41423,57141,46348,4338,3535,395382.6198400093,0.8922664986612064,0.8937386726503841,0.9149161518093557,0.9146609371605147,587,478,611,492,545,42,0,24,434,44,0,14,0.8919803600654664,0.8821138211382114,0.9284497444633731,0.9079497907949791,0.9578207381370826,0.96875,587,478,5337.876570754781,8900.0,0.8922664986612064,0.8937386726503841,0.9149161518093557,0.9146609371605147
90,0.0,99.5,1175,60.81565575819663,62.52762682025385,48.29054967454462,49.59450380656703,1.7119710620572235,1.3039541320224117,1.3129074252036643,0.00019021900689524706,0.00014488379244693463,0.00016755139967109084,12.933123013686817,644,495,663,512,48,30,5784.481120077061,0.971342383107089,0.966796875,0.9254658385093167,0.9393939393939394,51629,41918,57804,46860,4386,3565,401167.1009600864,0.8931734828039583,0.8945369184805805,0.9150477444846888,0.9149530034829906,644,495,663,512,596,48,0,19,465,30,0,17,0.8989441930618401,0.908203125,0.9254658385093167,0.9393939393939394,0.9691056910569106,0.9647302904564315,644,495,5784.481120077061,9000.0,0.8931734828039583,0.8945369184805805,0.9150477444846888,0.9149530034829906
91,0.0,99.5,1164,60.81565575819663,62.42028148077865,48.29054967454462,49.67056167487763,1.6046257225820213,1.3800120003330107,1.1627621514847761,0.0001763324969870353,0.00015164967036626492,0.00016399108367665013,12.749719805901016,598,506,634,530,52,42,5788.446455738147,0.943217665615142,0.9547169811320755,0.9130434782608696,0.9169960474308301,52227,42424,58438,47390,4438,3607,406955.54741582455,0.8937164173996373,0.8952099599071535,0.9150247956038065,0.9149773712992646,598,506,634,530,546,52,0,36,464,42,0,24,0.861198738170347,0.8754716981132076,0.9130434782608695,0.9169960474308301,0.9381443298969072,0.9508196721311475,598,506,5788.446455738147,9100.0,0.8937164173996373,0.8952099599071535,0.9150247956038065,0.9149773712992646
92,0.0,99.5,1149,60.81565575819663,62.46908639823869,48.29054967454462,49.61846375062891,1.6534306400420604,1.3279140760842907,1.2451337551279238,0.00017972072174370223,0.00014433848653090116,0.0001620296041373017,12.850622647609775,596,512,624,525,47,41,5741.043626704854,0.9551282051282052,0.9752380952380952,0.9211409395973155,0.919921875,52823,42936,59062,47915,4485,3648,412696.5910425294,0.894365243303647,0.8960868204111447,0.9150938038354505,0.9150363331470095,596,512,624,525,549,47,0,28,471,41,0,13,0.8798076923076923,0.8971428571428571,0.9211409395973155,0.919921875,0.951473136915078,0.9731404958677686,596,512,5741.043626704854,9200.0,0.894365243303647,0.8960868204111447,0.9150938038354505,0.9150363331470095
93,0.0,99.5,1126,60.81565575819663,62.48504977392623,48.29054967454462,49.471636875270946,1.6693940157296012,1.1810872007263242,1.4134384105618845,0.00017950473287415067,0.00012699862373401335,0.000153251678304082,13.013412898655282,616,462,644,482,61,34,5613.018769302301,0.9565217391304348,0.9585062240663901,0.900974025974026,0.9264069264069263,53439,43398,59706,48397,4546,3682,418309.6098118317,0.8950356748065521,0.896708473665723,0.9149310428713112,0.9151573805244482,616,462,644,482,555,61,0,28,428,34,0,20,0.8618012422360248,0.8879668049792531,0.900974025974026,0.9264069264069265,0.9519725557461407,0.9553571428571429,616,462,5613.018769302301,9300.0,0.8950356748065521,0.896708473665723,0.9149310428713112,0.9151573805244482
94,0.0,99.5,1142,60.81565575819663,62.48838002553241,48.29054967454462,49.50294682429011,1.6727242673357807,1.2123971497454917,1.3796834376317377,0.00017794939014210433,0.0001289784201856906,0.00015346390516389745,12.985433201242294,608,493,634,508,58,45,5793.703706812967,0.9589905362776026,0.9704724409448819,0.9046052631578947,0.9087221095334685,54047,43891,60340,48905,4604,3727,424103.31351864466,0.895707656612529,0.8974746958388713,0.9148148833422761,0.915085097172541,608,493,634,508,550,58,0,26,448,45,0,15,0.8675078864353313,0.8818897637795275,0.9046052631578947,0.9087221095334685,0.9548611111111112,0.9676025917926566,608,493,5793.703706812967,9400.0,0.895707656612529,0.8974746958388713,0.9148148833422761,0.915085097172541
95,0.0,99.5,1200,60.81565575819663,62.484008761187475,48.29054967454462,49.61443044824009,1.6683530029908482,1.3238807736954712,1.2601988306951688,0.000175616105577984,0.00013935587091531276,0.00015748598824664837,12.869578312947382,624,535,651,549,43,46,5925.506375101702,0.9585253456221198,0.9744990892531876,0.9310897435897436,0.914018691588785,54671,44426,60991,49454,4647,3773,430028.81989374635,0.8963781541538915,0.8983297609900109,0.9150006401931554,0.9150722549858191,624,535,651,549,581,43,0,27,489,46,0,14,0.8924731182795699,0.8907103825136612,0.9310897435897436,0.914018691588785,0.9555921052631579,0.9721669980119284,624,535,5925.506375101702,9500.0,0.8963781541538915,0.8983297609900109,0.9150006401931554,0.9150722549858191
96,0.0,99.5,1188,60.81565575819663,62.62677655003079,48.29054967454462,49.52586109320338,1.8111207918341634,1.2353114186587604,1.4661248689829065,0.0001886584158160587,0.0001286782727769542,0.00015866834429650645,13.100915456827408,676,477,698,490,51,43,5847.461747408802,0.9684813753581661,0.9734693877551021,0.9245562130177515,0.909853249475891,55347,44903,61689,49944,4698,3816,435876.28164115513,0.8971939892039099,0.8990669549895883,0.9151173505339043,0.9150168140213348,676,477,698,490,625,51,0,22,434,43,0,13,0.8954154727793696,0.8857142857142857,0.9245562130177515,0.909853249475891,0.9659969088098919,0.970917225950783,676,477,5847.461747408802,9600.0,0.8971939892039099,0.8990669549895883,0.9151173505339043,0.9150168140213348
97,0.0,99.5,1145,60.81565575819663,62.27018388041056,48.29054967454462,49.638186773474054,1.4545281222139366,1.3476370989294324,1.0793173647188985,0.00014995135280556048,0.00013893165968344664,0.00014444150624450355,12.63199710693651,597,507,623,522,61,43,5634.127725981037,0.9582664526484751,0.9712643678160919,0.897822445561139,0.9151873767258383,55944,45410,62312,50466,4759,3859,441510.4093671362,0.8978045962254462,0.8998137359806603,0.9149327899327899,0.9150187183439771,597,507,623,522,536,61,0,26,464,43,0,15,0.8603531300160514,0.8888888888888888,0.897822445561139,0.9151873767258383,0.9537366548042705,0.9686847599164927,597,507,5634.127725981037,9700.0,0.8978045962254462,0.8998137359806603,0.9149327899327899,0.9150187183439771
98,0.0,99.5,1233,60.81565575819663,62.52666579359991,48.29054967454462,49.67252531184689,1.7110100354032838,1.3819756373022685,1.2380898687500148,0.0001745928607554371,0.00014101792217370085,0.000157805391464569,12.85414048175302,650,538,678,555,55,43,6265.819218502982,0.9587020648967551,0.9693693693693693,0.9153846153846154,0.9200743494423792,56594,45948,62990,51021,4814,3902,447776.22858563915,0.8984600730274647,0.9005703533839008,0.9149379792910909,0.9150779141638374,650,538,678,555,595,55,0,28,495,43,0,17,0.8775811209439528,0.8918918918918919,0.9153846153846154,0.9200743494423792,0.9550561797752809,0.966796875,650,538,6265.819218502982,9800.0,0.8984600730274647,0.9005703533839008,0.9149379792910909,0.9150779141638374
99,0.0,99.5,1143,60.81565575819663,62.52902238413579,48.29054967454462,49.53157495151523,1.713366625939166,1.2410252769706105,1.380605744084084,0.00017306733595345112,0.00012535608858288994,0.00014921171226817053,12.997447432620561,613,483,641,502,60,37,5816.359027992006,0.9563182527301092,0.9621513944223108,0.9021207177814029,0.9233954451345756,57207,46431,63631,51523,4874,3939,453592.58761363116,0.8990429193317723,0.9011703511053316,0.9148006362857692,0.9151644375524972,613,483,641,502,553,60,0,28,446,37,0,19,0.8627145085803433,0.8884462151394422,0.9021207177814029,0.9233954451345756,0.9518072289156626,0.9591397849462365,613,483,5816.359027992006,9900.0,0.8990429193317723,0.9011703511053316,0.9148006362857692,0.9151644375524972
100,0.0,99.5,1199,60.81565575819663,62.53642777207887,48.29054967454462,49.66374579111851,1.7207720138822467,1.3731961165738866,1.253114535581093,0.00017207720138822467,0.00013731961165738867,0.00015469840652280667,12.872681980960365,644,514,671,528,47,38,5997.987031083185,0.9597615499254843,0.9734848484848485,0.9270186335403727,0.9260700389105059,57851,46945,64302,52051,4921,3977,459590.57464471436,0.8996765263910921,0.9019039019423258,0.9149366475946829,0.9152838427947598,644,514,671,528,597,47,0,27,476,38,0,14,0.8897168405365127,0.9015151515151515,0.9270186335403726,0.9260700389105059,0.9567307692307693,0.9714285714285714,644,514,5997.987031083185,10000.0,0.8996765263910921,0.9019039019423258,0.9149366475946829,0.9152838427947598
101,0.0,99.5,1175,60.81565575819663,62.4319257019405,48.29054967454462,49.59904352004662,1.6162699437438732,1.3084938455019994,1.2352140205319777,0.00016002672710335378,0.00012955384608930688,0.00014479028659633033,12.83288218189388,620,512,645,530,43,52,6020.859410829267,0.9612403100775194,0.9660377358490566,0.9306451612903226,0.8984375,58471,47457,64947,52581,4964,4029,465611.4340555436,0.9002879270790028,0.9025503508872026,0.9151032135588583,0.915102092420507,620,512,645,530,577,43,0,25,460,52,0,18,0.8945736434108527,0.8679245283018868,0.9306451612903226,0.8984375,0.9584717607973422,0.9623430962343096,620,512,6020.859410829267,10100.0,0.9002879270790028,0.9025503508872026,0.9151032135588583,0.915102092420507
102,0.0,99.5,1157,60.81565575819663,62.39962153093462,48.29054967454462,49.723417704686526,1.58396577273799,1.4328680301419041,1.105451262375588,0.00015529076203313628,0.00014047725785704942,0.00014788400994509285,12.676203826248091,611,503,629,528,60,41,5890.480215509986,0.9713831478537361,0.9526515151515151,0.9018003273322422,0.9184890656063618,59082,47960,65576,53109,5024,4070,471501.9142710536,0.9009698670245212,0.9030484475324333,0.9149656409735621,0.9151376146788991,611,503,629,528,551,60,0,18,462,41,0,25,0.875993640699523,0.875,0.9018003273322422,0.9184890656063618,0.968365553602812,0.9486652977412731,611,503,5890.480215509986,10200.0,0.9009698670245212,0.9030484475324333,0.9149656409735621,0.9151376146788991
103,0.0,99.5,1150,60.81565575819663,62.3748669655599,48.29054967454462,49.613817524348306,1.5592112073632762,1.3232678498036847,1.178303551767388,0.000151379728870221,0.00012847260677705677,0.0001399261678236389,12.761049441211597,628,482,648,502,64,40,5782.00048348485,0.9691358024691358,0.9601593625498008,0.8980891719745223,0.91701244813278,59710,48442,66224,53611,5088,4110,477283.91475453845,0.901636868808891,0.9035832198615956,0.9147881426896667,0.9151562693530407,628,482,648,502,564,64,0,20,442,40,0,20,0.8703703703703703,0.8804780876494024,0.8980891719745223,0.91701244813278,0.9657534246575342,0.9567099567099567,628,482,5782.00048348485,10300.0,0.901636868808891,0.9035832198615956,0.9147881426896667,0.9151562693530407
104,0.0,99.5,1167,60.81565575819663,62.51785909610294,48.29054967454462,49.51460257625423,1.7022033379063117,1.2240529017096051,1.3906288980883796,0.0001636733978756069,0.00011769739439515433,0.00014068539613538061,13.003256519848712,651,478,673,494,52,41,5946.476524122007,0.9673105497771174,0.9676113360323887,0.9201228878648233,0.9142259414225942,60361,48920,66897,54105,5140,4151,483230.39127866045,0.9022975619235541,0.9041678218279272,0.9148456785010188,0.9151471790678659,651,478,673,494,599,52,0,22,437,41,0,16,0.8900445765230312,0.8846153846153846,0.9201228878648233,0.9142259414225942,0.964573268921095,0.9646799116997793,651,478,5946.476524122007,10400.0,0.9022975619235541,0.9041678218279272,0.9148456785010188,0.9151471790678659
105,0.0,99.5,1129,60.81565575819663,62.420317526929615,48.29054967454462,49.5107293742536,1.6046617687329885,1.2201796997089787,1.3151028238838194,0.0001528249303555227,0.00011620759044847415,0.00013451626040199844,12.909588152676015,629,468,648,481,54,49,5899.786830116242,0.970679012345679,0.972972972972973,0.9141494435612083,0.8952991452991453,60990,49388,67545,54586,5194,4200,489130.1781087767,0.9029535864978903,0.9047741179056901,0.914838498114445,0.9149590993763668,629,468,648,481,575,54,0,19,419,49,0,13,0.8873456790123457,0.8711018711018711,0.9141494435612083,0.8952991452991453,0.968013468013468,0.9699074074074074,629,468,5899.786830116242,10500.0,0.9029535864978903,0.9047741179056901,0.914838498114445,0.9149590993763668
106,0.0,99.5,1112,60.81565575819663,62.464388238154214,48.29054967454462,49.646343639859616,1.6487324799575873,1.3557939653149944,1.2160641824176683,0.0001555407999959988,0.00012790509106745232,0.00014172294553172556,12.818044598294598,586,479,616,496,55,43,5729.7448365849,0.9512987012987013,0.9657258064516129,0.9061433447098977,0.9102296450939458,61576,49867,68161,55082,5249,4243,494859.9229453616,0.9033905018999134,0.9053229730220399,0.9147557489931142,0.9149136703631661,586,479,616,496,531,55,0,30,436,43,0,17,0.862012987012987,0.8790322580645161,0.9061433447098977,0.9102296450939458,0.946524064171123,0.9624724061810155,586,479,5729.7448365849,10600.0,0.9033905018999134,0.9053229730220399,0.9147557489931142,0.9149136703631661
107,0.0,99.5,1224,60.81565575819663,62.37873558304322,48.29054967454462,49.7257981963372,1.5630798248465965,1.4352485217925803,1.0890656225127888,0.00014608222662117724,0.00013413537586846546,0.00014010880124482137,12.652937386706022,670,513,686,538,59,39,6359.688745463488,0.9766763848396501,0.9535315985130112,0.9119402985074627,0.9239766081871346,62246,50380,68847,55620,5308,4282,501219.6116908251,0.9041207314770433,0.9057892844300611,0.9147254442052501,0.915005954743946,670,513,686,538,611,59,0,16,474,39,0,25,0.89067055393586,0.8810408921933085,0.9119402985074627,0.9239766081871345,0.9744816586921851,0.9498997995991983,670,513,6359.688745463488,10700.0,0.9041207314770433,0.9057892844300611,0.9147254442052501,0.915005954743946
108,0.0,99.5,1147,60.81565575819663,62.3981737558153,48.29054967454462,49.58010497050012,1.5825179976186732,1.289555295955502,1.2271811860895032,0.00014652944422395122,0.00011940326814402796,0.0001329663561839896,12.818068785315177,638,476,657,490,62,45,6087.5232821042955,0.9710806697108066,0.9714285714285714,0.9028213166144201,0.9054621848739496,62884,50856,69504,56110,5370,4327,507307.1349729294,0.9047536832412523,0.9063625022277669,0.9146046689141912,0.9149166273399403,638,476,657,490,576,62,0,19,431,45,0,14,0.8767123287671232,0.8795918367346939,0.9028213166144201,0.9054621848739496,0.9680672268907563,0.9685393258426966,638,476,6087.5232821042955,10800.0,0.9047536832412523,0.9063625022277669,0.9146046689141912,0.9149166273399403
109,0.0,99.5,1149,60.81565575819663,62.54161932236716,48.29054967454462,49.62632731894582,1.7259635641705344,1.3357776444011975,1.2921039451474348,0.00015834528111656278,0.00012254840774322912,0.00014044684442989595,12.915292003421342,636,468,660,489,42,40,6050.266931349971,0.9636363636363636,0.9570552147239264,0.9339622641509434,0.9145299145299145,63520,51324,70164,56599,5412,4367,513357.40190427937,0.9053075651331167,0.9068004735065991,0.9147984886649874,0.9149131010833138,636,468,660,489,594,42,0,24,428,40,0,21,0.9,0.8752556237218814,0.9339622641509434,0.9145299145299145,0.9611650485436893,0.9532293986636972,636,468,6050.266931349971,10900.0,0.9053075651331167,0.9068004735065991,0.9147984886649874,0.9149131010833138
110,0.0,99.5,1148,60.81565575819663,62.475657080871265,48.29054967454462,49.56038274867636,1.6600013226746384,1.2698330741317392,1.3072594788174663,0.00015090921115223986,0.00011543937037561266,0.00013317429076392626,12.915274332194905,621,493,639,509,50,42,6200.456323943717,0.971830985915493,0.9685658153241651,0.9194847020933977,0.9148073022312373,64141,51817,70803,57108,5462,4409,519557.8582282231,0.9059079417538805,0.9073509841003012,0.9148438596217707,0.9149120944863655,621,493,639,509,571,50,0,18,451,42,0,16,0.8935837245696401,0.8860510805500982,0.9194847020933977,0.9148073022312373,0.969439728353141,0.9657387580299786,621,493,6200.456323943717,11000.0,0.9059079417538805,0.9073509841003012,0.9148438596217707,0.9149120944863655
111,0.0,99.5,1132,60.81565575819663,62.442652702247926,48.29054967454462,49.44607603572032,1.6269969440512995,1.1555263611756956,1.408013697234829,0.00014657630126588283,0.0001041014739797924,0.0001253388876228376,12.99657666652761,617,472,637,495,54,31,5971.007838243714,0.9686028257456829,0.9535353535353536,0.9124797406807131,0.934322033898305,64758,52289,71440,57603,5516,4440,525528.8660664668,0.9064669652855543,0.9077478603544954,0.9148213348157757,0.9150873032568991,617,472,637,495,563,54,0,20,441,31,0,23,0.8838304552590267,0.8909090909090909,0.9124797406807131,0.934322033898305,0.9656946826758147,0.9504310344827587,617,472,5971.007838243714,11100.0,0.9064669652855543,0.9077478603544954,0.9148213348157757,0.9150873032568991
112,0.0,99.5,1143,60.81565575819663,62.4321353930089,48.29054967454462,49.60422730934416,1.616479634812272,1.3136776347995394,1.2304994710966048,0.0001443285388225243,0.00011729264596424458,0.00013081059239338443,12.827908083664738,625,471,648,495,56,33,5925.178442481564,0.9645061728395061,0.9515151515151515,0.9104,0.9299363057324841,65383,52760,72088,58098,5572,4473,531454.0445089483,0.9069886805016092,0.9081207614719956,0.9147790710123427,0.9152198635329796,625,471,648,495,569,56,0,23,438,33,0,24,0.8780864197530864,0.8848484848484849,0.9104,0.9299363057324841,0.9611486486486487,0.948051948051948,625,471,5925.178442481564,11200.0,0.9069886805016092,0.9081207614719956,0.9147790710123427,0.9152198635329796
113,0.0,99.5,1162,60.81565575819663,62.47624472596545,48.29054967454462,49.648179520299095,1.660588967768824,1.3576298457544738,1.2231529624674589,0.0001469547759087455,0.00012014423413756405,0.00013354950502315476,12.828065205666356,618,494,649,513,40,44,6137.5078984396,0.9522342064714946,0.9629629629629629,0.9352750809061489,0.9109311740890689,66001,53254,72737,58611,5612,4517,537591.552407388,0.9073923862683366,0.9086007745986249,0.9149709852881017,0.9151800803695497,618,494,649,513,578,40,0,31,450,44,0,19,0.8906009244992296,0.8771929824561403,0.9352750809061489,0.9109311740890689,0.9490968801313628,0.9594882729211087,618,494,6137.5078984396,11300.0,0.9073923862683366,0.9086007745986249,0.9149709852881017,0.9151800803695497
114,0.0,99.5,1147,60.81565575819663,62.4394719303238,48.29054967454462,49.58978830957276,1.6238161721271709,1.2992386350281393,1.249821340243628,0.00014244001509887465,0.00011396830131825784,0.00012820415820856624,12.849683620751037,638,472,657,490,53,32,6109.136163738949,0.9710806697108066,0.963265306122449,0.9169278996865203,0.9322033898305084,66639,53726,73394,59101,5665,4549,543700.6885711269,0.9079625037469002,0.9090539923182349,0.9149897207341047,0.9153296355582028,638,472,657,490,585,53,0,19,440,32,0,18,0.8904109589041096,0.8979591836734694,0.9169278996865203,0.9322033898305084,0.9685430463576159,0.9606986899563319,638,472,6109.136163738949,11400.0,0.9079625037469002,0.9090539923182349,0.9149897207341047,0.9153296355582028
115,0.0,99.5,1177,60.81565575819663,62.54139513224017,48.29054967454462,49.56738619563804,1.7257393740435418,1.276836521093422,1.3515742583597943,0.0001500642933950906,0.00011102926270377583,0.00013054677804943322,12.974008936602125,637,503,657,520,52,42,6270.981079568176,0.969558599695586,0.9673076923076923,0.9183673469387755,0.9165009940357853,67276,54229,74051,59621,5717,4591,549971.669650695,0.9085090005536725,0.9095620670569095,0.9150217016469469,0.9153405004702281,637,503,657,520,585,52,0,20,461,42,0,17,0.8904109589041096,0.8865384615384615,0.9183673469387755,0.9165009940357853,0.9669421487603306,0.9644351464435147,637,503,6270.981079568176,11500.0,0.9085090005536725,0.9095620670569095,0.9150217016469469,0.9153405004702281
116,0.0,99.5,1208,60.81565575819663,62.32749727483979,48.29054967454462,49.684653409699806,1.511841516643166,1.3941037351551842,1.0844541037506623,0.00013033116522785914,0.00012018135647889518,0.00012525626085337717,12.642843865139987,598,559,624,584,48,44,6655.273717606197,0.9583333333333334,0.9571917808219178,0.919732441471572,0.9212880143112702,67874,54788,74675,60205,5765,4635,556626.9433683013,0.9089253431536659,0.9100240843783739,0.9150632053510918,0.9154011827407461,598,559,624,584,550,48,0,26,515,44,0,25,0.8814102564102564,0.8818493150684932,0.919732441471572,0.9212880143112702,0.9548611111111112,0.9537037037037037,598,559,6655.273717606197,11600.0,0.9089253431536659,0.9100240843783739,0.9150632053510918,0.9154011827407461
117,0.0,99.5,1173,60.81565575819663,62.36089033980206,48.29054967454462,49.58843053235351,1.5452345816054347,1.2978808578088916,1.19058276598218,0.00013207133176114827,0.00011092998784691381,0.00012150065980403104,12.772459807448548,623,512,649,524,44,43,6351.796422089568,0.9599383667180277,0.9770992366412213,0.9293739967897271,0.916015625,68497,55300,75324,60729,5809,4678,562978.7397903908,0.909364877064415,0.9106028421347298,0.9151933661328233,0.9154068716094033,623,512,649,524,579,44,0,26,469,43,0,12,0.8921417565485362,0.8950381679389313,0.9293739967897271,0.916015625,0.9570247933884297,0.975051975051975,623,512,6351.796422089568,11700.0,0.909364877064415,0.9106028421347298,0.9151933661328233,0.9154068716094033
118,0.0,99.5,1140,60.81565575819663,62.498749062827684,48.29054967454462,49.54551586522355,1.6830933046310577,1.2549661906789282,1.3411463329705444,0.00014263502581619134,0.00010635306700668883,0.00012449404641144007,12.953233197604135,631,479,648,492,35,38,6273.972991772733,0.9737654320987654,0.9735772357723578,0.9445324881141046,0.9206680584551148,69128,55779,75972,61221,5844,4716,569252.7127821635,0.9099141789080187,0.911108933209193,0.9154611734752922,0.9154520518474695,631,479,648,492,596,35,0,17,441,38,0,13,0.9197530864197531,0.8963414634146342,0.9445324881141046,0.9206680584551148,0.9722675367047309,0.9713656387665198,631,479,6273.972991772733,11800.0,0.9099141789080187,0.911108933209193,0.9154611734752922,0.9154520518474695
119,0.0,99.5,1170,60.81565575819663,62.494222580809925,48.29054967454462,49.62010205589699,1.6785668226132984,1.3295523813523715,1.2625052206712775,0.00014105603551372255,0.00011172709086994718,0.00012639156319183486,12.874120524912932,593,526,626,544,46,60,6369.16492330572,0.9472843450479234,0.9669117647058824,0.9224283305227656,0.8859315589353612,69721,56305,76598,61765,5890,4776,575621.8777054693,0.9102195879787984,0.9116004209503764,0.9155204314338579,0.9151762720895125,593,526,626,544,547,46,0,33,466,60,0,18,0.8738019169329073,0.8566176470588235,0.9224283305227656,0.8859315589353612,0.9431034482758621,0.9628099173553719,593,526,6369.16492330572,11900.0,0.9102195879787984,0.9116004209503764,0.9155204314338579,0.9151762720895125
120,0.0,99.5,1115,60.81565575819663,62.42529946429408,48.29054967454462,49.52126601718209,1.6096437060974509,1.2307163426374714,1.3078917134129575,0.0001341369755081209,0.00010255969521978928,0.00011834833536395508,12.904033447111985,606,466,633,482,63,41,6159.1134973100325,0.957345971563981,0.966804979253112,0.8960396039603961,0.9120171673819742,70327,56771,77231,62247,5953,4817,581780.9912027793,0.9106058448032526,0.9120278888942439,0.9153525672927894,0.915150340843036,606,466,633,482,543,63,0,27,425,41,0,16,0.8578199052132701,0.8817427385892116,0.8960396039603961,0.9120171673819742,0.9526315789473684,0.963718820861678,606,466,6159.1134973100325,12000.0,0.9106058448032526,0.9120278888942439,0.9153525672927894,0.915150340843036
121,0.0,99.5,1161,60.81565575819663,62.38869421824027,48.29054967454462,49.590217913708564,1.573038460043641,1.2996682391639425,1.2103384638033114,0.00013000317851600337,0.00010741059827801177,0.00011870688839700757,12.798476304531704,636,489,659,502,45,43,6409.602641572973,0.9650986342943855,0.9741035856573705,0.9292452830188679,0.9120654396728016,70963,57260,77890,62749,5998,4860,588190.5938443523,0.9110668892027218,0.912524502382508,0.9154770796048645,0.9151239958085924,636,489,659,502,591,45,0,23,446,43,0,13,0.8968133535660091,0.8884462151394422,0.9292452830188679,0.9120654396728016,0.9625407166123778,0.971677559912854,636,489,6409.602641572973,12100.0,0.9110668892027218,0.912524502382508,0.9154770796048645,0.9151239958085924
122,0.0,99.5,1136,60.81565575819663,62.38697999715646,48.29054967454462,49.53427468184031,1.571324238959832,1.2437250072956871,1.2634016601278006,0.00012879706876719934,0.00010194467272915469,0.00011537087074817701,12.85270531531615,620,476,638,498,52,31,6420.877488635746,0.9717868338557993,0.9558232931726908,0.9161290322580645,0.9348739495798319,71583,57736,78528,63247,6050,4891,594611.471332988,0.9115602078239609,0.9128654323525226,0.9154827263456408,0.9152868227795483,620,476,638,498,568,52,0,18,445,31,0,22,0.890282131661442,0.893574297188755,0.9161290322580645,0.9348739495798319,0.9692832764505119,0.9528907922912205,620,476,6420.877488635746,12200.0,0.9115602078239609,0.9128654323525226,0.9154827263456408,0.9152868227795483
123,0.0,99.5,1239,60.81565575819663,62.60474812889162,48.29054967454462,49.700416271973566,1.7890923706949948,1.4098665974289446,1.2689798977843807,0.0001454546642841459,0.00011462330060397924,0.0001300389824440626,12.904331856918056,658,530,684,555,55,40,6978.507126443659,0.9619883040935673,0.954954954954955,0.9164133738601824,0.9245283018867925,72241,58266,79212,63802,6105,4931,601589.9784594317,0.911995657223653,0.9132315601391806,0.915491203056436,0.9153708852504033,658,530,684,555,603,55,0,26,490,40,0,25,0.881578947368421,0.8828828828828829,0.9164133738601824,0.9245283018867925,0.958664546899841,0.9514563106796117,658,530,6978.507126443659,12300.0,0.911995657223653,0.9132315601391806,0.915491203056436,0.9153708852504033
124,0.0,99.5,1156,60.81565575819663,62.38929079918105,48.29054967454462,49.586723816554084,1.5736350409844206,1.2961741420094626,1.214061436640612,0.00012690605169229197,0.0001045301727426986,0.00011571811221749528,12.802566982626963,619,483,646,510,60,44,6578.20172700472,0.958204334365325,0.9470588235294117,0.9030694668820678,0.9089026915113871,72860,58749,79858,64312,6165,4975,608168.1801864364,0.9123694557840166,0.913499813409628,0.915385671150151,0.9153177075354474,619,483,646,510,559,60,0,27,439,44,0,27,0.8653250773993808,0.8607843137254902,0.9030694668820679,0.9089026915113871,0.9539249146757679,0.9420600858369099,619,483,6578.20172700472,12400.0,0.9123694557840166,0.913499813409628,0.915385671150151,0.9153177075354474
125,0.0,99.5,1150,60.81565575819663,62.41337014439999,48.29054967454462,49.63458725584308,1.5977143862033643,1.3440375812984584,1.1887423450316261,0.00012781715089626915,0.00010752300650387667,0.00011767007870007291,12.778782888556911,609,505,626,524,43,35,6642.753084661501,0.9728434504792333,0.9637404580152672,0.9293924466338259,0.9306930693069306,73469,59254,80484,64836,6208,5010,614810.933271098,0.9128398190944784,0.9139058547720402,0.9155017762593747,0.9154487460762143,609,505,626,524,566,43,0,17,470,35,0,19,0.9041533546325878,0.8969465648854962,0.9293924466338259,0.9306930693069307,0.9708404802744426,0.9611451942740287,609,505,6642.753084661501,12500.0,0.9128398190944784,0.9139058547720402,0.9155017762593747,0.9154487460762143
126,0.0,99.5,1184,60.81565575819663,62.45897569388277,48.29054967454462,49.66806589109339,1.6433199356861437,1.37751621654877,1.1929586860351586,0.0001304222171179479,0.00010932668385307698,0.00011987445048551244,12.790909802789379,624,509,650,534,53,42,6789.839782495291,0.96,0.9531835205992509,0.9150641025641025,0.9174852652259332,74093,59763,81134,65370,6261,5052,621600.7730535932,0.9132176399536569,0.9142267094997706,0.9154980902379442,0.9154660910596858,624,509,650,534,571,53,0,26,467,42,0,25,0.8784615384615385,0.8745318352059925,0.9150641025641025,0.9174852652259332,0.9564489112227805,0.9491869918699187,624,509,6789.839782495291,12600.0,0.9132176399536569,0.9142267094997706,0.9154980902379442,0.9154660910596858
127,0.0,99.5,1187,60.81565575819663,62.59389124551627,48.29054967454462,49.636101769935415,1.778235487319641,1.3455520953907936,1.3215656929308126,0.00014001854230863317,0.00010594898388903887,0.00012298376309883603,12.957789475580853,620,520,650,537,52,48,6917.1106471779885,0.9538461538461539,0.9683426443202979,0.9161290322580645,0.9076923076923077,74713,60283,81784,65907,6313,5100,628517.8837007713,0.9135405458280348,0.9146676377319556,0.9155033260610603,0.9153990345536884,620,520,650,537,568,52,0,30,472,48,0,17,0.8738461538461538,0.8789571694599627,0.9161290322580645,0.9076923076923077,0.9498327759197325,0.9652351738241309,620,520,6917.1106471779885,12700.0,0.9135405458280348,0.9146676377319556,0.9155033260610603,0.9153990345536884
128,0.0,99.5,1245,60.81565575819663,62.55830646790087,48.29054967454462,49.76690268811912,1.7426507097042432,1.4763530135744958,1.180375353104063,0.000136144586695644,0.00011534007918550748,0.00012574233294057575,12.791403779781753,661,527,692,553,58,50,7291.797168191683,0.9552023121387283,0.9529837251356239,0.9122541603630863,0.905123339658444,75374,60810,82476,66460,6371,5150,635809.6808689629,0.9138901013628207,0.9149864580198616,0.9154748321702444,0.9153099819108699,661,527,692,553,603,58,0,31,477,50,0,26,0.8713872832369942,0.8625678119349005,0.9122541603630863,0.905123339658444,0.9511041009463722,0.94831013916501,661,527,7291.797168191683,12800.0,0.9138901013628207,0.9149864580198616,0.9154748321702444,0.9153099819108699
129,0.0,99.5,1194,60.81565575819663,62.613886344051764,48.29054967454462,49.54399023139067,1.798230585855137,1.2534405568460514,1.434635712107405,0.00013939771983373156,9.716593463922879e-05,0.00011828182723648016,13.069896112661091,672,481,696,498,62,31,7048.308049189939,0.9655172413793104,0.9658634538152611,0.9077380952380952,0.9355509355509355,76046,61291,83172,66958,6433,5181,642857.9889181529,0.9143221276391094,0.9153648555811106,0.915406464508324,0.9154688290287318,672,481,696,498,610,62,0,24,450,31,0,17,0.8764367816091954,0.9036144578313253,0.9077380952380952,0.9355509355509356,0.9621451104100947,0.9635974304068522,672,481,7048.308049189939,12900.0,0.9143221276391094,0.9153648555811106,0.915406464508324,0.9154688290287318
130,0.0,99.5,1160,60.81565575819663,62.49394637740848,48.29054967454462,49.78674239716905,1.6782906192118503,1.4961927226244285,1.1217075139010229,0.00012909927840091157,0.00011509174789418681,0.00012209551314754918,12.707203980239427,604,519,624,536,52,52,6900.659632467138,0.967948717948718,0.9682835820895522,0.9139072847682119,0.8998073217726397,76650,61810,83796,67494,6485,5233,649758.64855062,0.9147214664184448,0.9157851068243104,0.9153946510110894,0.9153373240575958,604,519,624,536,552,52,0,20,467,52,0,17,0.8846153846153846,0.871268656716418,0.9139072847682119,0.8998073217726397,0.965034965034965,0.9648760330578512,604,519,6900.659632467138,13000.0,0.9147214664184448,0.9157851068243104,0.9153946510110894,0.9153373240575958
131,0.0,99.5,1120,60.81565575819663,62.37199230981031,48.29054967454462,49.563658722092754,1.5563365516136827,1.2731090475481324,1.2224691628820132,0.00011880431691707502,9.718389675939941e-05,0.00010799410683823721,12.808333587717556,590,478,619,501,50,38,6603.098419453098,0.9531502423263328,0.9540918163672655,0.9152542372881356,0.9205020920502092,77240,62288,84415,67995,6535,5271,656361.7469700731,0.9150032577148611,0.9160673578939628,0.9153935784567582,0.9153769586437195,590,478,619,501,540,50,0,29,440,38,0,23,0.8723747980613893,0.8782435129740519,0.9152542372881356,0.9205020920502092,0.9490333919156415,0.9503239740820735,590,478,6603.098419453098,13100.0,0.9150032577148611,0.9160673578939628,0.9153935784567582,0.9153769586437195
132,0.0,99.5,1163,60.81565575819663,62.35428342776369,48.29054967454462,49.56180044325383,1.538627669567063,1.2712507687092085,1.2103258518611095,0.00011656270223992902,9.630687641736428e-05,0.00010643478932864665,12.79248298450986,623,503,640,523,66,44,6826.907782198374,0.9734375,0.9617590822179732,0.8940609951845907,0.9125248508946322,77863,62791,85055,68518,6601,5315,663188.6547522715,0.9154429486802657,0.9164161242301293,0.9152228914888971,0.9153541112579828,623,503,640,523,557,66,0,17,459,44,0,20,0.8703125,0.8776290630975143,0.8940609951845907,0.9125248508946322,0.9703832752613241,0.9582463465553236,623,503,6826.907782198374,13200.0,0.9154429486802657,0.9164161242301293,0.9152228914888971,0.9153541112579828
133,0.0,99.5,1177,60.81565575819663,62.29842980656915,48.29054967454462,49.77721265803808,1.4827740483725265,1.48666298349346,0.997384117877345,0.0001114867705543253,0.00011177917169123759,0.00011163297112278144,12.521217148531072,592,542,617,560,54,36,7128.903184595065,0.9594813614262561,0.9678571428571429,0.9087837837837838,0.933579335793358,78455,63333,85672,69078,6655,5351,670317.5579368665,0.9157601083201046,0.9168331451402763,0.9151743037409981,0.9155100816320085,592,542,617,560,538,54,0,25,506,36,0,18,0.8719611021069692,0.9035714285714286,0.9087837837837838,0.933579335793358,0.955595026642984,0.9656488549618321,592,542,7128.903184595065,13300.0,0.9157601083201046,0.9168331451402763,0.9151743037409981,0.9155100816320085
134,0.0,99.5,1173,60.81565575819663,62.54131788250389,48.29054967454462,49.7062068845521,1.725662124307263,1.4156572100074811,1.2189830363652396,0.00012878075554531812,0.00010564606044831948,0.0001172134079968188,12.835110997951787,604,517,635,538,52,38,7183.20364592155,0.9511811023622048,0.9609665427509294,0.9139072847682119,0.9264990328820116,79059,63850,86307,69616,6707,5389,677500.7615827881,0.9160207167437172,0.9171742128246381,0.9151646238884883,0.9155990602975724,604,517,635,538,552,52,0,31,479,38,0,21,0.8692913385826772,0.8903345724907064,0.9139072847682119,0.9264990328820116,0.9468267581475128,0.958,604,517,7183.20364592155,13400.0,0.9160207167437172,0.9171742128246381,0.9151646238884883,0.9155990602975724
135,0.0,99.5,1236,60.81565575819663,62.448489399597804,48.29054967454462,49.879895453579785,1.6328336414011773,1.5893457790351633,1.02736211524242,0.00012095064010379091,0.00011772931696556765,0.00011933997853467927,12.56859394601802,626,560,658,578,52,43,7453.110971113842,0.9513677811550152,0.9688581314878892,0.9169329073482428,0.9232142857142858,79685,64410,86965,70194,6759,5432,684953.872553902,0.9162881619042144,0.917599794854261,0.9151785154044049,0.9156652693681105,626,560,658,578,574,52,0,32,517,43,0,18,0.8723404255319149,0.8944636678200693,0.9169329073482428,0.9232142857142858,0.9471947194719472,0.9663551401869159,626,560,7453.110971113842,13500.0,0.9162881619042144,0.917599794854261,0.9151785154044049,0.9156652693681105
136,0.0,99.5,1169,60.81565575819663,62.44348384431204,48.29054967454462,49.61815335781362,1.6278280861154144,1.3276036832689968,1.2261400797767947,0.00011969324162613342,9.761791788742623e-05,0.00010865557975677982,12.825330486498423,611,509,639,530,54,44,7056.32073273105,0.9561815336463224,0.960377358490566,0.9116202945990179,0.9135559921414538,80296,64919,87604,70724,6813,5476,692010.193286633,0.9165791516369115,0.9179203664951078,0.9151514396732091,0.9156487314961721,611,509,639,530,557,54,0,28,465,44,0,21,0.8716744913928013,0.8773584905660378,0.911620294599018,0.9135559921414538,0.9521367521367521,0.9567901234567902,611,509,7056.32073273105,13600.0,0.9165791516369115,0.9179203664951078,0.9151514396732091,0.9156487314961721
137,0.0,99.5,1099,60.81565575819663,62.29964246913866,48.29054967454462,49.575546630240645,1.483986710942034,1.2849969556960232,1.154856207529478,0.00010832019787898058,9.37953982259871e-05,0.00010105779805248384,12.724095838898016,585,471,609,490,41,42,6800.296349487982,0.9605911330049262,0.9612244897959183,0.9299145299145299,0.910828025477707,80881,65390,88213,71214,6854,5518,698810.489636121,0.9168829991044404,0.9182183278568821,0.9152582188647519,0.9156140082581434,585,471,609,490,544,41,0,24,429,42,0,19,0.8932676518883416,0.8755102040816326,0.9299145299145299,0.910828025477707,0.9577464788732394,0.9575892857142857,585,471,6800.296349487982,13700.0,0.9168829991044404,0.9182183278568821,0.9152582188647519,0.9156140082581434
138,0.0,99.5,1123,60.81565575819663,62.41672426405844,48.29054967454462,49.438175732423986,1.6010685058618108,1.1476260578793642,1.3951134124824058,0.00011601945694650803,8.316130854198291e-05,9.959038274424546e-05,12.978548531634452,622,460,650,473,53,32,6872.002441738792,0.9569230769230769,0.9725158562367865,0.9147909967845659,0.9304347826086956,81503,65850,88863,71687,6907,5550,705682.4920778598,0.9171758774743144,0.9185765898977499,0.9152546532029496,0.9157175398633257,622,460,650,473,569,53,0,28,428,32,0,13,0.8753846153846154,0.904862579281184,0.9147909967845659,0.9304347826086956,0.9530988274706867,0.9705215419501134,622,460,6872.002441738792,13800.0,0.9171758774743144,0.9185765898977499,0.9152546532029496,0.9157175398633257
139,0.0,99.5,1192,60.81565575819663,62.53907311473531,48.29054967454462,49.60329854726514,1.7234173565386826,1.312748872720519,1.312830955220781,0.00012398686018263904,9.444236494392222e-05,0.00010921461256328063,12.935774567470169,639,515,660,532,48,34,7534.166506897105,0.9681818181818181,0.9680451127819549,0.9248826291079812,0.9339805825242719,82142,66365,89523,72219,6955,5584,713216.6585847569,0.9175519140332652,0.918940998906105,0.9153295512648828,0.9158592631658253,639,515,660,532,591,48,0,21,481,34,0,17,0.8954545454545455,0.9041353383458647,0.9248826291079812,0.9339805825242719,0.9656862745098039,0.9658634538152611,639,515,7534.166506897105,13900.0,0.9175519140332652,0.918940998906105,0.9153295512648828,0.9158592631658253
140,0.0,99.5,1151,60.81565575819663,62.4577395972178,48.29054967454462,49.61872874496645,1.6420838390211756,1.3281790704218253,1.2363422038412752,0.00011729170278722682,9.486993360155895e-05,0.0001060808181943929,12.839010852251356,616,490,650,501,59,43,7337.6458688018965,0.9476923076923077,0.9780439121756487,0.9042207792207793,0.9122448979591837,82758,66855,90173,72720,7014,5627,720554.3044535588,0.9177691770263826,0.9193481848184818,0.9152468643514826,0.9158327724179194,616,490,650,501,557,59,0,34,447,43,0,11,0.8569230769230769,0.8922155688622755,0.9042207792207793,0.9122448979591836,0.9424703891708968,0.9759825327510917,616,490,7337.6458688018965,14000.0,0.9177691770263826,0.9193481848184818,0.9152468643514826,0.9158327724179194
141,0.0,99.5,1164,60.81565575819663,62.475345644022745,48.29054967454462,49.62750060397768,1.6596898858261184,1.3369509294330584,1.241399253546216,0.00011770850254085946,9.48192148534084e-05,0.00010626385869713393,12.847845040045065,605,518,623,541,50,49,7383.32942929024,0.971107544141252,0.9574861367837338,0.9173553719008265,0.9054054054054054,83363,67373,90796,73261,7064,5676,727937.633882849,0.9181351601392131,0.919629816682819,0.915262166668666,0.9157526011903878,605,518,623,541,555,50,0,18,469,49,0,23,0.8908507223113965,0.866913123844732,0.9173553719008265,0.9054054054054054,0.9685863874345549,0.9532520325203252,605,518,7383.32942929024,14100.0,0.9181351601392131,0.919629816682819,0.915262166668666,0.9157526011903878
142,0.0,99.5,1121,60.81565575819663,62.43347350684777,48.29054967454462,49.54061878322262,1.6178177486511416,1.250069108677998,1.294182647519427,0.0001139308273697987,8.803303582239423e-05,0.00010098193159609648,12.892854723625149,614,466,638,483,56,36,7169.9879412451355,0.9623824451410659,0.9648033126293996,0.9087947882736156,0.9227467811158798,83977,67839,91434,73744,7120,5712,735107.6218240941,0.918443904893147,0.9199256888696029,0.9152148802648344,0.9158006456463097,614,466,638,483,558,56,0,24,430,36,0,17,0.8746081504702194,0.8902691511387164,0.9087947882736156,0.9227467811158798,0.9587628865979382,0.9619686800894854,614,466,7169.9879412451355,14200.0,0.918443904893147,0.9199256888696029,0.9152148802648344,0.9158006456463097
143,0.0,99.5,1202,60.81565575819663,62.44097539278629,48.29054967454462,49.59390745403581,1.6253196345896654,1.3033577794911864,1.2470249229832877,0.00011365871570557101,9.114390066371932e-05,0.00010240130818464516,12.847067938750484,654,507,682,520,57,43,7733.472553402825,0.9589442815249267,0.975,0.9128440366972477,0.9151873767258383,84631,68346,92116,74264,7177,5755,742841.0943774969,0.9187437578705111,0.9203113217709792,0.9151965591804422,0.9157960963333626,654,507,682,520,597,57,0,28,464,43,0,13,0.875366568914956,0.8923076923076924,0.9128440366972477,0.9151873767258383,0.9552,0.9727463312368972,654,507,7733.472553402825,14300.0,0.9187437578705111,0.9203113217709792,0.9151965591804422,0.9157960963333626
144,0.0,99.5,1173,60.81565575819663,62.44105828431605,48.29054967454462,49.612883309941466,1.625402526119423,1.322333635396845,1.2291924538632977,0.00011287517542495992,9.182872468033645e-05,0.00010235195005264819,12.828174974374583,623,506,653,520,46,41,7647.016233853291,0.9540581929555896,0.9730769230769231,0.9261637239165329,0.9189723320158103,85254,68852,92769,74784,7223,5796,750488.1106113502,0.9189923358018304,0.9206782199400941,0.9152767025594107,0.9158194387962586,623,506,653,520,577,46,0,30,465,41,0,14,0.8836140888208269,0.8942307692307693,0.9261637239165329,0.9189723320158103,0.9505766062602965,0.9707724425887265,623,506,7647.016233853291,14400.0,0.9189923358018304,0.9206782199400941,0.9152767025594107,0.9158194387962586
145,0.0,99.5,1148,60.81565575819663,62.602083913779275,48.29054967454462,49.63284643787202,1.786428155582648,1.342296763327397,1.3308742182721958,0.00012320194176432056,9.257219057430324e-05,0.0001078870661693119,12.969237475907256,623,493,642,506,61,34,7630.735203602214,0.9704049844236761,0.974308300395257,0.9020866773675762,0.9310344827586207,85877,69345,93411,75290,7284,5830,758118.8458149524,0.9193456873387502,0.921038650551202,0.915181014707081,0.9159276083351359,623,493,642,506,562,61,0,19,459,34,0,13,0.8753894080996885,0.9071146245059288,0.9020866773675762,0.9310344827586207,0.9672977624784854,0.972457627118644,623,493,7630.735203602214,14500.0,0.9193456873387502,0.921038650551202,0.915181014707081,0.9159276083351359
146,0.0,99.5,1142,60.81565575819663,62.58042104687503,48.29054967454462,49.611615339640565,1.7647652886784044,1.3210656650959436,1.335864927312479,0.00012087433484098661,9.048394966410573e-05,0.00010567914225254617,12.968805707234466,633,465,652,490,51,55,7461.674204180439,0.9708588957055214,0.9489795918367347,0.919431279620853,0.8817204301075269,86510,69810,94063,75780,7335,5885,765580.5200191329,0.9197027524106184,0.9212193190815519,0.9152121142064501,0.9156997564818794,633,465,652,490,582,51,0,19,410,55,0,25,0.8926380368098159,0.8367346938775511,0.919431279620853,0.8817204301075269,0.9683860232945092,0.9425287356321839,633,465,7461.674204180439,14600.0,0.9197027524106184,0.9212193190815519,0.9152121142064501,0.9156997564818794
147,0.0,99.5,1141,60.81565575819663,62.25328104898102,48.29054967454462,49.65218226463655,1.4376252907843963,1.3616325900919293,1.055809989600305,9.77976388288705e-05,9.262806735319246e-05,9.521285309103147e-05,12.601098784344472,574,526,598,543,54,33,7584.262872347661,0.959866220735786,0.9686924493554327,0.9059233449477352,0.9372623574144486,87084,70336,94661,76323,7389,5918,773164.7828914805,0.9199564762679456,0.9215570666771484,0.9151508887970236,0.9158610100090991,574,526,598,543,520,54,0,24,493,33,0,17,0.8695652173913043,0.9079189686924494,0.9059233449477352,0.9372623574144486,0.9558823529411765,0.9666666666666667,574,526,7584.262872347661,14700.0,0.9199564762679456,0.9215570666771484,0.9151508887970236,0.9158610100090991
148,0.0,99.5,1168,60.81565575819663,62.41530939236666,48.29054967454462,49.61294383833523,1.599653634170032,1.3223941637906051,1.209664771647714,0.00010808470501148865,8.935095701287872e-05,9.871783101218369e-05,12.802365554031432,600,512,635,533,57,46,7801.591672361365,0.9448818897637795,0.9606003752345216,0.905,0.91015625,87684,70848,95296,76856,7446,5964,780966.3745638418,0.920122565480188,0.9218278338711356,0.9150814287669358,0.915819783197832,600,512,635,533,543,57,0,35,466,46,0,21,0.8551181102362204,0.874296435272045,0.905,0.91015625,0.9394463667820069,0.9568788501026694,600,512,7801.591672361365,14800.0,0.920122565480188,0.9218278338711356,0.9150814287669358,0.915819783197832
149,0.0,99.5,1192,60.81565575819663,62.50114804979394,48.29054967454462,49.60441781737736,1.6854922915973134,1.3138681428327388,1.2828473700285798,0.00011312028802666533,8.817906998877442e-05,0.00010064967900771987,12.89673023241658,646,502,670,522,52,42,7999.304540795746,0.9641791044776119,0.9616858237547893,0.9195046439628483,0.9163346613545816,88330,71350,95966,77378,7498,6006,788965.6791046376,0.9204301523456224,0.9220967199979322,0.9151137778784105,0.9158234057463209,646,502,670,522,594,52,0,24,460,42,0,20,0.8865671641791045,0.8812260536398467,0.9195046439628483,0.9163346613545816,0.9611650485436893,0.9583333333333334,646,502,7999.304540795746,14900.0,0.9204301523456224,0.9220967199979322,0.9151137778784105,0.9158234057463209
150,0.0,99.5,1197,60.81565575819663,62.50337150870269,48.29054967454462,49.637876725696145,1.6877157505060651,1.3473270511515238,1.2526399949170621,0.00011251438336707101,8.98218034101016e-05,0.00010116809338858631,12.865494783006547,646,510,669,528,61,35,8125.137670896409,0.9656203288490284,0.9659090909090909,0.9055727554179567,0.9313725490196079,88976,71860,96635,77906,7559,6041,797090.816775534,0.9207430020179024,0.9223936538905861,0.9150445063837439,0.915933760089062,646,510,669,528,585,61,0,23,475,35,0,18,0.874439461883408,0.8996212121212122,0.9055727554179567,0.9313725490196079,0.962171052631579,0.9634888438133874,646,510,8125.137670896409,15000.0,0.9207430020179024,0.9223936538905861,0.9150445063837439,0.915933760089062
151,0.0,99.5,1199,60.81565575819663,62.53480911889806,48.29054967454462,49.63381668037999,1.7191533607014335,1.343267005835365,1.2798299617523237,0.00011385121594049229,8.89580798566467e-05,0.00010140464789856949,12.900992438518074,649,508,668,531,53,39,8155.5898564859,0.9715568862275449,0.9566854990583804,0.9183359013867488,0.9232283464566929,89625,72368,97303,78437,7612,6080,805246.4066320199,0.9210918471167384,0.9226258015987353,0.915068340306834,0.9159849657307098,649,508,668,531,596,53,0,19,469,39,0,23,0.8922155688622755,0.8832391713747646,0.9183359013867488,0.9232283464566929,0.9691056910569106,0.9532520325203252,649,508,8155.5898564859,15100.0,0.9210918471167384,0.9226258015987353,0.915068340306834,0.9159849657307098
152,0.0,99.5,1174,60.81565575819663,62.30534263162229,48.29054967454462,49.73066695028592,1.4896868734256614,1.4401172757413008,1.0344205284662282,9.80057153569514e-05,9.474455761455926e-05,9.637513648575534e-05,12.574675681336366,588,540,611,563,37,44,8114.307470613277,0.9623567921440261,0.9591474245115453,0.9370748299319728,0.9185185185185185,90213,72908,97914,79000,7649,6124,813360.7141026332,0.921349347386482,0.9228860759493671,0.9152117765732212,0.9160037307291381,588,540,611,563,551,37,0,23,496,44,0,23,0.9018003273322422,0.8809946714031972,0.9370748299319728,0.9185185185185185,0.9599303135888502,0.9556840077071291,588,540,8114.307470613277,15200.0,0.921349347386482,0.9228860759493671,0.9152117765732212,0.9160037307291381
153,0.0,99.5,1162,60.81565575819663,62.461768388364156,48.29054967454462,49.496504308573265,1.6461126301675293,1.2059546340286431,1.3649871924854113,0.00010758906079526336,7.88205643155976e-05,9.320481255543048e-05,12.965264079790892,654,463,677,485,45,45,8187.055868006045,0.96602658788774,0.954639175257732,0.9311926605504587,0.9028077753779697,90867,73371,98591,79485,7694,6169,821547.7699706393,0.9216561349413233,0.9230798263823363,0.91532679630669,0.9159204590369492,654,463,677,485,609,45,0,23,418,45,0,22,0.8995568685376661,0.8618556701030928,0.9311926605504587,0.9028077753779697,0.9636075949367089,0.95,654,463,8187.055868006045,15300.0,0.9216561349413233,0.9230798263823363,0.91532679630669,0.9159204590369492
154,0.0,99.5,1157,60.81565575819663,62.43973692869001,48.29054967454462,49.583790962030086,1.6240811704933833,1.2932412874854649,1.2558222399867796,0.00010545981626580412,8.397670697957564e-05,9.471826162268989e-05,12.855945966659924,620,490,647,510,50,33,8128.594946606113,0.9582689335394127,0.9607843137254902,0.9193548387096774,0.9326530612244898,91487,73861,99238,79995,7744,6202,829676.3649172453,0.9218948386706705,0.9233202075129696,0.9153540940242876,0.9160314645076563,620,490,647,510,570,50,0,27,457,33,0,20,0.8809891808346213,0.8960784313725491,0.9193548387096774,0.9326530612244898,0.9547738693467337,0.9580712788259959,620,490,8128.594946606113,15400.0,0.9218948386706705,0.9233202075129696,0.9153540940242876,0.9160314645076563
155,0.0,99.5,1212,60.81565575819663,62.54792677115164,48.29054967454462,49.68564973893174,1.7322710129550103,1.3951000643871154,1.2416822686593583,0.00011175942019064583,9.000645576691067e-05,0.00010088293797877825,12.8622770322199,654,524,673,539,40,46,8699.271787867609,0.9717682020802377,0.9721706864564007,0.9388379204892966,0.9122137404580153,92141,74385,99911,80534,7784,6248,838375.636705113,0.9222307853990052,0.9236471552387812,0.91552077793816,0.9160045708140082,654,524,673,539,614,40,0,19,478,46,0,15,0.912332838038633,0.8868274582560297,0.9388379204892966,0.9122137404580153,0.9699842022116903,0.9695740365111561,654,524,8699.271787867609,15500.0,0.9222307853990052,0.9236471552387812,0.91552077793816,0.9160045708140082
156,0.0,99.5,1186,60.81565575819663,62.459348104324,48.29054967454462,49.614619500085595,1.6436923461273736,1.324069825540974,1.2413940068876743,0.00010536489398252394,8.487627086801115e-05,9.512058242526754e-05,12.844728604238405,621,526,647,539,53,57,8523.932437299454,0.9598145285935085,0.9758812615955473,0.9146537842190016,0.8916349809885932,92762,74911,100558,81073,7837,6305,846899.5691424124,0.9224726028759522,0.9239944247776695,0.9155149738039283,0.9158334557007649,621,526,647,539,568,53,0,26,469,57,0,13,0.8778979907264297,0.8701298701298701,0.9146537842190016,0.8916349809885932,0.9562289562289562,0.9730290456431535,621,526,8523.932437299454,15600.0,0.9224726028759522,0.9239944247776695,0.9155149738039283,0.9158334557007649
157,0.0,99.5,1196,60.81565575819663,62.500385509719784,48.29054967454462,49.63102192802829,1.6847297515231574,1.340472253483668,1.256818070754408,0.00010730762748555143,8.538039831106165e-05,9.634401289830654e-05,12.869363581691495,649,507,672,524,54,52,8692.166980888584,0.9657738095238095,0.9675572519083969,0.9167950693374423,0.8974358974358975,93411,75418,101230,81597,7891,6357,855591.736123301,0.9227600513681715,0.9242741767466941,0.915523867638715,0.915709777506696,649,507,672,524,595,54,0,23,455,52,0,17,0.8854166666666666,0.8683206106870229,0.9167950693374423,0.8974358974358975,0.9627831715210357,0.9639830508474576,649,507,8692.166980888584,15700.0,0.9227600513681715,0.9242741767466941,0.915523867638715,0.915709777506696
158,0.0,99.5,1232,60.81565575819663,62.46659197173681,48.29054967454462,49.7945777211458,1.6509362135401844,1.504028046601178,1.0976764810144275,0.0001044896337683661,9.51916485190619e-05,9.9840641143714e-05,12.672014250591012,636,556,656,576,54,39,9100.571263923113,0.9695121951219512,0.9652777777777778,0.9150943396226415,0.9298561151079137,94047,75974,101886,82173,7945,6396,864692.307387224,0.923061068252753,0.9245615956579412,0.915520962922794,0.9158133045515571,636,556,656,576,582,54,0,20,517,39,0,20,0.8871951219512195,0.8975694444444444,0.9150943396226415,0.9298561151079137,0.9667774086378738,0.962756052141527,636,556,9100.571263923113,15800.0,0.923061068252753,0.9245615956579412,0.915520962922794,0.9158133045515571
159,0.0,99.5,1192,60.81565575819663,62.45226496211349,48.29054967454462,49.71577236314104,1.636609203916862,1.4252226885964205,1.148318236168846,0.00010293139647275862,8.963664708153588e-05,9.628402177714725e-05,12.736492598972447,626,531,650,542,69,49,8767.463169300263,0.963076923076923,0.9797047970479705,0.889776357827476,0.9077212806026366,94673,76505,102536,82715,8014,6445,873459.7705565243,0.9233147382382773,0.9249229281267001,0.9153507335776832,0.9157571400562055,626,531,650,542,557,69,0,24,482,49,0,11,0.8569230769230769,0.8892988929889298,0.889776357827476,0.9077212806026366,0.9586919104991394,0.9776876267748479,626,531,8767.463169300263,15900.0,0.9233147382382773,0.9249229281267001,0.9153507335776832,0.9157571400562055
160,0.0,99.5,1159,60.81565575819663,62.43818343088371,48.29054967454462,49.65838092118519,1.6225276726870845,1.36783124664057,1.1862045677579423,0.00010140797954294278,8.548945291503563e-05,9.344871622898921e-05,12.77980250969852,622,508,638,521,63,41,8676.668679024393,0.9749216300940439,0.9750479846449136,0.8987138263665595,0.9192913385826772,95295,77013,103174,83236,8077,6486,882136.4392355487,0.9236338612441118,0.9252366764380797,0.9152421428196652,0.9157804526508512,622,508,638,521,559,63,0,16,467,41,0,13,0.8761755485893417,0.8963531669865643,0.8987138263665595,0.9192913385826772,0.9721739130434782,0.9729166666666667,622,508,8676.668679024393,16000.0,0.9236338612441118,0.9252366764380797,0.9152421428196652,0.9157804526508512
161,0.0,99.5,1131,60.81565575819663,62.327654174397445,48.29054967454462,49.634805233515976,1.511998416200818,1.344255558971355,1.1247849459204189,9.391294510564087e-05,8.349413409759968e-05,8.870353960162028e-05,12.692848940881468,606,504,624,507,53,33,8412.055898073908,0.9711538461538461,0.9940828402366864,0.9125412541254125,0.9345238095238095,95901,77517,103798,83743,8130,6519,890548.4951336227,0.9239195360218887,0.9256534874556679,0.9152250758594801,0.9159023182011687,606,504,624,507,553,53,0,18,471,33,0,3,0.8862179487179487,0.9289940828402367,0.9125412541254125,0.9345238095238095,0.968476357267951,0.9936708860759493,606,504,8412.055898073908,16100.0,0.9239195360218887,0.9256534874556679,0.9152250758594801,0.9159023182011687
162,0.0,99.5,1109,60.81565575819663,62.333018082898846,48.29054967454462,49.56842506017679,1.5173623247022192,1.2778753856321714,1.187410244975939,9.366434103100118e-05,7.88811966439612e-05,8.627276883748119e-05,12.764593022722053,577,493,603,506,62,37,8411.052588777331,0.956882255389718,0.974308300395257,0.8925476603119584,0.9249492900608519,96478,78010,104401,84249,8192,6556,898959.5477224,0.9241099223187518,0.9259457085544042,0.915089450444661,0.9159594923727727,577,493,603,506,515,62,0,26,456,37,0,13,0.8540630182421227,0.9011857707509882,0.8925476603119584,0.9249492900608519,0.9519408502772643,0.9722814498933902,577,493,8411.052588777331,16200.0,0.9241099223187518,0.9259457085544042,0.915089450444661,0.9159594923727727
163,0.0,99.5,1132,60.81565575819663,62.36164509200332,48.29054967454462,49.58410410901739,1.5459893338066948,1.2935544344727674,1.1951482617249238,9.484597139918372e-05,7.935916775906548e-05,8.71025695791246e-05,12.777540982985933,610,491,626,506,55,38,8768.623866611604,0.9744408945686901,0.9703557312252964,0.9098360655737705,0.9226069246435845,97088,78501,105027,84755,8247,6594,907728.1715890117,0.9244099136412541,0.9262108430181111,0.9150564436387607,0.916001070050063,610,491,626,506,555,55,0,16,453,38,0,15,0.8865814696485623,0.8952569169960475,0.9098360655737705,0.9226069246435845,0.9719789842381786,0.967948717948718,610,491,8768.623866611604,16300.0,0.9244099136412541,0.9262108430181111,0.9150564436387607,0.916001070050063
164,0.0,99.5,1138,60.81565575819663,62.479682698887,48.29054967454462,49.49997418666475,1.6640269406903698,1.2094245121201297,1.3758832601906827,0.00010146505735916889,7.374539708049571e-05,8.76052272198323e-05,12.979708512222246,651,460,665,473,46,32,8782.719703339091,0.9789473684210527,0.9725158562367865,0.9293394777265745,0.9304347826086956,97739,78961,105692,85228,8293,6626,916510.8912923507,0.9247530560496537,0.9264678274745389,0.9151515771595781,0.9160851559630704,651,460,665,473,605,46,0,14,428,32,0,13,0.9097744360902256,0.904862579281184,0.9293394777265745,0.9304347826086956,0.9773828756058158,0.9705215419501134,651,460,8782.719703339091,16400.0,0.9247530560496537,0.9264678274745389,0.9151515771595781,0.9160851559630704
165,0.0,99.5,1216,60.81565575819663,62.670717595387075,48.29054967454462,49.74301766564914,1.8550618371904477,1.4524679911045197,1.2771791520030524,0.0001124279901327544,8.802836309724362e-05,0.00010022817661499901,12.927699929737933,679,504,697,519,48,38,9403.289645369292,0.9741750358680057,0.9710982658959537,0.9293078055964654,0.9246031746031746,98418,79465,106389,85747,8341,6664,925914.18093772,0.9250768406508192,0.9267379616779596,0.9152492430246499,0.9161391807714088,679,504,697,519,631,48,0,18,466,38,0,15,0.9053084648493543,0.8978805394990366,0.9293078055964654,0.9246031746031746,0.9722650231124808,0.9688149688149689,679,504,9403.289645369292,16500.0,0.9250768406508192,0.9267379616779596,0.9152492430246499,0.9161391807714088
166,0.0,99.5,1160,60.81565575819663,62.46920233131099,48.29054967454462,49.737146632934824,1.6535465731143617,1.4465969583902023,1.1430596224635066,9.961123934423866e-05,8.714439508374712e-05,9.337781721399288e-05,12.732055698376165,598,526,623,537,44,40,9110.275341532635,0.9598715890850722,0.9795158286778398,0.9264214046822743,0.9239543726235742,99016,79991,107012,86284,8385,6704,935024.4562792527,0.9252794079168691,0.927066431783413,0.9153167164902642,0.916190571439287,598,526,623,537,554,44,0,25,486,40,0,11,0.8892455858747994,0.9050279329608939,0.9264214046822743,0.9239543726235742,0.9568221070811744,0.9778672032193159,598,526,9110.275341532635,16600.0,0.9252794079168691,0.927066431783413,0.9153167164902642,0.916190571439287
167,0.0,99.5,1206,60.81565575819663,62.57481644190626,48.29054967454462,49.673068392347716,1.7591606837096307,1.3825187178030944,1.2724317298973304,0.00010533896309638507,8.278555196425715e-05,9.40622575303211e-05,12.901748049558542,651,520,677,529,53,50,9502.464039559462,0.9615952732644018,0.9829867674858223,0.9185867895545314,0.9038461538461539,99667,80511,107689,86813,8438,6754,944526.9203188121,0.9255077120225835,0.9274071855597664,0.9153380757923887,0.9161108419967458,651,520,677,529,598,53,0,26,470,50,0,9,0.8833087149187593,0.888468809073724,0.9185867895545314,0.9038461538461539,0.9583333333333334,0.9812108559498957,651,520,9502.464039559462,16700.0,0.9255077120225835,0.9274071855597664,0.9153380757923887,0.9161108419967458
168,0.0,99.5,1147,60.81565575819663,62.48483783885129,48.29054967454462,49.59850725216391,1.6691820806546644,1.307957577619291,1.276174479368715,9.935607622944431e-05,7.7854617715434e-05,8.860534697243915e-05,12.886330586687379,611,510,631,516,56,41,9229.833430682658,0.9683042789223455,0.9883720930232558,0.9083469721767594,0.9196078431372549,100278,81021,108320,87329,8494,6795,953756.7537494948,0.9257570162481537,0.927767408306519,0.9152954785695766,0.9161328544451438,611,510,631,516,555,56,0,20,469,41,0,6,0.8795562599049128,0.9089147286821705,0.9083469721767594,0.9196078431372549,0.9652173913043478,0.9873684210526316,611,510,9229.833430682658,16800.0,0.9257570162481537,0.927767408306519,0.9152954785695766,0.9161328544451438
169,0.0,99.5,1094,60.81565575819663,62.31036727345337,48.29054967454462,49.52931273175641,1.4947115152567463,1.2387630572117914,1.206616153553242,8.844446835838736e-05,7.329958918412967e-05,8.087202877125852e-05,12.78105454169696,590,480,600,494,54,44,8768.60660624702,0.9833333333333333,0.97165991902834,0.9084745762711864,0.9083333333333333,100868,81501,108920,87823,8548,6839,962525.3603557418,0.9260741828865222,0.9280143014927752,0.9152555815521275,0.9160869191789058,590,480,600,494,536,54,0,10,436,44,0,14,0.8933333333333333,0.8825910931174089,0.9084745762711864,0.9083333333333333,0.9816849816849816,0.9688888888888889,590,480,8768.60660624702,16900.0,0.9260741828865222,0.9280143014927752,0.9152555815521275,0.9160869191789058
170,0.0,99.5,1151,60.81565575819663,62.42472792833958,48.29054967454462,49.636155021601475,1.6090721701429516,1.3456053470568534,1.1957979905938694,9.465130412605598e-05,7.915325570922667e-05,8.690227991764131e-05,12.788572906738104,609,508,625,526,36,37,9361.83595924573,0.9744,0.9657794676806084,0.9408866995073891,0.9271653543307087,101477,82009,109545,88349,8584,6876,971887.1963149875,0.9263499018668128,0.928239142491709,0.915409403115977,0.9161555439037179,609,508,625,526,573,36,0,16,471,37,0,18,0.9168,0.8954372623574145,0.9408866995073891,0.9271653543307087,0.9728353140916808,0.9631901840490797,609,508,9361.83595924573,17000.0,0.9263499018668128,0.928239142491709,0.915409403115977,0.9161555439037179
171,0.0,99.5,1144,60.81565575819663,62.536595067309044,48.29054967454462,49.53088722158717,1.720939309112417,1.2403375470425502,1.3874765891073841,0.00010063972567908872,7.253435947617252e-05,8.658704257763062e-05,13.005707845721872,619,488,642,502,53,35,9304.541587231137,0.9641744548286605,0.9721115537848606,0.9143780290791599,0.9282786885245902,102096,82497,110187,88851,8637,6911,981191.7379022186,0.9265702850608512,0.9284870175912483,0.9154031499764927,0.9162272567487303,619,488,642,502,566,53,0,23,453,35,0,14,0.881619937694704,0.9023904382470119,0.9143780290791599,0.9282786885245902,0.9609507640067911,0.9700214132762313,619,488,9304.541587231137,17100.0,0.9265702850608512,0.9284870175912483,0.9154031499764927,0.9162272567487303
172,0.0,99.5,1189,60.81565575819663,62.538050126653516,48.29054967454462,49.68030374185636,1.7223943684568894,1.389754067311742,1.239351917701948,0.0001001392074684238,8.079965507626406e-05,9.046943127234393e-05,12.857746384797153,637,522,652,537,58,42,9853.216630206462,0.9769938650306749,0.9720670391061452,0.9089481946624803,0.9195402298850575,102733,83019,110839,89388,8695,6953,991044.954532425,0.9268668970308285,0.928748825345684,0.9153631257726339,0.9162480877871331,637,522,652,537,579,58,0,15,480,42,0,15,0.8880368098159509,0.8938547486033519,0.9089481946624803,0.9195402298850575,0.9747474747474747,0.9696969696969697,637,522,9853.216630206462,17200.0,0.9268668970308285,0.928748825345684,0.9153631257726339,0.9162480877871331
173,0.0,99.5,1208,60.81565575819663,62.54925441633945,48.29054967454462,49.67231380086309,1.7335986581428244,1.3817641263184655,1.2546270561834438,0.00010020801492155054,7.98707587467321e-05,9.003938683414132e-05,12.876940615476364,638,533,658,550,42,51,10044.544505702777,0.9696048632218845,0.9690909090909091,0.9341692789968652,0.9043151969981238,103371,83552,111497,89938,8737,7004,1001089.4990381278,0.9271191153125197,0.9289955302541751,0.9154791962929641,0.9161719647644581,638,533,658,550,596,42,0,20,482,51,0,17,0.9057750759878419,0.8763636363636363,0.9341692789968652,0.9043151969981238,0.9675324675324676,0.9659318637274549,638,533,10044.544505702777,17300.0,0.9271191153125197,0.9289955302541751,0.9154791962929641,0.9161719647644581
174,0.0,99.5,1187,60.81565575819663,62.41201788630486,48.29054967454462,49.682969589809105,1.5963621281082325,1.3924199152644832,1.1464660269563953,9.174494989127773e-05,8.00241330611772e-05,8.588454147622746e-05,12.729048296495755,602,546,628,559,49,39,9802.31881946092,0.9585987261146497,0.9767441860465116,0.9186046511627907,0.9285714285714286,103973,84098,112125,90497,8786,7043,1010891.8178575888,0.9272954292084726,0.9292904737173608,0.9154972925663394,0.9162524673595092,602,546,628,559,553,49,0,26,507,39,0,13,0.8805732484076433,0.9069767441860465,0.9186046511627907,0.9285714285714286,0.9550949913644214,0.975,602,546,9802.31881946092,17400.0,0.9272954292084726,0.9292904737173608,0.9154972925663394,0.9162524673595092
175,0.0,99.5,1176,60.81565575819663,62.54596368245872,48.29054967454462,49.56873119676062,1.7303079242620925,1.278181522216002,1.3537262854983478,9.887473852926243e-05,7.303894412662868e-05,8.595684132794556e-05,12.977232485698096,662,485,685,491,45,43,9850.392435311458,0.9664233576642336,0.9877800407331976,0.93202416918429,0.911340206185567,104635,84583,112810,90988,8831,7086,1020742.2102929002,0.9275330201223296,0.9296061019035478,0.9156018540641276,0.9162243003913316,662,485,685,491,617,45,0,23,442,43,0,6,0.9007299270072993,0.90020366598778,0.93202416918429,0.911340206185567,0.9640625,0.9866071428571429,662,485,9850.392435311458,17500.0,0.9275330201223296,0.9296061019035478,0.9156018540641276,0.9162243003913316
176,0.0,99.5,1199,60.81565575819663,62.621993354210716,48.29054967454462,49.51378046221174,1.8063375960140888,1.22323078766712,1.4766940255477372,0.00010263281795534595,6.950174929926818e-05,8.606728362730707e-05,13.108212891998974,665,495,683,516,60,38,10108.14552579495,0.9736456808199122,0.9593023255813954,0.9097744360902256,0.9232323232323232,105300,85078,113493,91504,8891,7124,1030850.3558186952,0.9278105257592979,0.9297735618115055,0.9155650522317189,0.9162650744023132,665,495,683,516,605,60,0,18,457,38,0,21,0.8857979502196194,0.8856589147286822,0.9097744360902256,0.9232323232323232,0.971107544141252,0.9560669456066946,665,495,10108.14552579495,17600.0,0.9278105257592979,0.9297735618115055,0.9155650522317189,0.9162650744023132
177,0.0,99.5,1172,60.81565575819663,62.42255466208991,48.29054967454462,49.647155826944356,1.6068989038932813,1.3566061523997348,1.1844992012241706,9.078524880753002e-05,7.664441538981553e-05,8.371483209867277e-05,12.775398835145552,606,524,629,543,52,41,10099.48424480774,0.9634340222575517,0.9650092081031307,0.9141914191419142,0.9217557251908397,105906,85602,114122,92047,8943,7165,1040949.8400635029,0.9280068698410473,0.9299814225341402,0.9155571922270693,0.9162986846101726,606,524,629,543,554,52,0,23,483,41,0,19,0.8807631160572337,0.8895027624309392,0.9141914191419142,0.9217557251908397,0.9601386481802426,0.9621513944223108,606,524,10099.48424480774,17700.0,0.9280068698410473,0.9299814225341402,0.9155571922270693,0.9162986846101726
178,0.0,99.5,1180,60.81565575819663,62.60231145970327,48.29054967454462,49.63041823241638,1.7866557015066462,1.3398685578717604,1.333455950593064,0.00010037391581498012,7.527351448717755e-05,8.782371515107883e-05,12.971893227286891,642,499,671,509,57,41,10168.09348699305,0.9567809239940388,0.9803536345776032,0.9112149532710281,0.9178356713426854,106548,86101,114793,92556,9000,7206,1051117.933550496,0.9281750629393778,0.9302584381347508,0.9155310282689492,0.9163075922463154,642,499,671,509,585,57,0,29,458,41,0,10,0.8718330849478391,0.899803536345776,0.9112149532710281,0.9178356713426854,0.9527687296416938,0.9786324786324786,642,499,10168.09348699305,17800.0,0.9281750629393778,0.9302584381347508,0.9155310282689492,0.9163075922463154
179,0.0,99.5,1192,60.81565575819663,62.61069554801912,48.29054967454462,49.61852757032692,1.7950397898224963,1.327977895782297,1.3517090875711137,0.00010028155250405008,7.418870926158084e-05,8.723513088281545e-05,12.992167977692205,660,485,685,507,48,36,10470.576843713308,0.9635036496350365,0.9566074950690335,0.9272727272727272,0.9257731958762887,107208,86586,115478,93063,9048,7242,1061588.5103942093,0.9283846273749112,0.9304019857515876,0.9156033131855832,0.9163606125701614,660,485,685,507,612,48,0,25,449,36,0,22,0.8934306569343066,0.8856015779092702,0.9272727272727272,0.9257731958762887,0.9607535321821036,0.9532908704883227,660,485,10470.576843713308,17900.0,0.9283846273749112,0.9304019857515876,0.9156033131855832,0.9163606125701614
180,0.0,99.5,1124,60.81565575819663,62.363621140734594,48.29054967454462,49.49969044687756,1.5479653825379671,1.2091407723329368,1.2802193242986062,8.599807680766484e-05,6.717448735182982e-05,7.658628207974732e-05,12.863930693857036,600,493,623,501,49,53,9905.953590260686,0.9630818619582665,0.9840319361277445,0.9183333333333333,0.8924949290060852,107808,87079,116101,93564,9097,7295,1071494.4639844699,0.9285708133435543,0.9306891539480997,0.9156185069753636,0.9162254963883371,600,493,623,501,551,49,0,23,440,53,0,8,0.884430176565008,0.8782435129740519,0.9183333333333333,0.8924949290060852,0.9599303135888502,0.9821428571428571,600,493,9905.953590260686,18000.0,0.9285708133435543,0.9306891539480997,0.9156185069753636,0.9162254963883371
181,0.0,99.5,1099,60.81565575819663,62.34992808217703,48.29054967454462,49.54923469294507,1.534272323980403,1.258685018400449,1.2189485864622218,8.476642673924879e-05,6.954060875140602e-05,7.71535177453274e-05,12.80069338923196,581,486,596,503,57,44,9729.875943394894,0.9748322147651006,0.9662027833001988,0.9018932874354562,0.9094650205761317,108389,87565,116697,94067,9154,7339,1081224.3399278647,0.9288070815873587,0.9308790542910904,0.9155449353716706,0.9161879746474048,581,486,596,503,524,57,0,15,442,44,0,17,0.8791946308724832,0.878727634194831,0.9018932874354562,0.9094650205761317,0.9721706864564007,0.9629629629629629,581,486,9729.875943394894,18100.0,0.9288070815873587,0.9308790542910904,0.9155449353716706,0.9161879746474048
182,0.0,99.5,1195,60.81565575819663,62.46850566980351,48.29054967454462,49.70276782263109,1.6528499116068858,1.4122181480864668,1.1703927710081272,9.081592920916955e-05,7.759440374101466e-05,8.42051664750921e-05,12.765737847172424,642,519,662,533,64,32,10627.328170494202,0.9697885196374623,0.9737335834896811,0.9003115264797508,0.9383429672447013,109031,88084,117359,94600,9218,7371,1091851.668098359,0.9290382501555058,0.9311205073995772,0.9154552375012611,0.9163185141455883,642,519,662,533,578,64,0,20,487,32,0,14,0.8731117824773413,0.9136960600375235,0.9003115264797508,0.9383429672447013,0.9665551839464883,0.9720558882235529,642,519,10627.328170494202,18200.0,0.9290382501555058,0.9311205073995772,0.9154552375012611,0.9163185141455883
183,0.0,99.5,1202,60.81565575819663,62.48564104450838,48.29054967454462,49.770811482391395,1.66998528631175,1.480261807846773,1.1281688667904994,9.125602657441256e-05,8.088862337960509e-05,8.607232497700882e-05,12.714829562116982,601,559,622,580,63,51,10733.704135165757,0.9662379421221865,0.9637931034482758,0.8951747088186356,0.9087656529516994,109632,88643,117981,95180,9281,7422,1102585.3722335247,0.9292343682457345,0.931319604959025,0.9153440601284296,0.9162708843337883,601,559,622,580,538,63,0,21,508,51,0,21,0.864951768488746,0.8758620689655172,0.8951747088186356,0.9087656529516994,0.962432915921288,0.9603024574669187,601,559,10733.704135165757,18300.0,0.9292343682457345,0.931319604959025,0.9153440601284296,0.9162708843337883
184,0.0,99.5,1201,60.81565575819663,62.51631671991142,48.29054967454462,49.68876144549085,1.7006609617147959,1.3982117709462258,1.2163114322545652,9.242722618015195e-05,7.598977016012097e-05,8.420849817013647e-05,12.827555274420575,632,524,658,543,56,33,11036.922781329753,0.9604863221884499,0.9650092081031307,0.9113924050632911,0.9370229007633588,110264,89167,118639,95723,9337,7455,1113622.2950148545,0.9294076989859995,0.9315107132037233,0.9153214104331423,0.916392835914632,632,524,658,543,576,56,0,26,491,33,0,19,0.8753799392097265,0.9042357274401474,0.9113924050632911,0.9370229007633588,0.9568106312292359,0.9627450980392157,632,524,11036.922781329753,18400.0,0.9294076989859995,0.9315107132037233,0.9153214104331423,0.916392835914632
185,0.0,99.5,1195,60.81565575819663,62.520764773777955,48.29054967454462,49.69179886241758,1.7051090155813284,1.4012491878729563,1.2168492444727979,9.216805489628803e-05,7.574319934448413e-05,8.395562712038608e-05,12.828965911360378,658,502,677,518,43,43,11035.44271106581,0.9719350073855244,0.9691119691119691,0.9346504559270516,0.9143426294820717,110922,89669,119316,96241,9380,7498,1124657.7377259203,0.9296489992959871,0.931713095250465,0.9154360721948757,0.9163813581059229,658,502,677,518,615,43,0,19,459,43,0,16,0.9084194977843427,0.8861003861003861,0.9346504559270516,0.9143426294820717,0.9700315457413249,0.9663157894736842,658,502,11035.44271106581,18500.0,0.9296489992959871,0.931713095250465,0.9154360721948757,0.9163813581059229
186,0.0,99.5,1124,60.81565575819663,62.56597185754068,48.29054967454462,49.54837039493713,1.7503160993440545,1.257820720392509,1.3915465622142558,9.410301609376638e-05,6.762476991357575e-05,8.086389300367107e-05,13.017601462603551,617,478,638,486,45,41,10360.360569309254,0.9670846394984326,0.9835390946502057,0.927066450567261,0.9142259414225942,111539,90147,119954,96727,9425,7539,1135018.0982952295,0.9298481084415693,0.9319734924064635,0.9155004079290652,0.9163699291157775,617,478,638,486,572,45,0,21,437,41,0,8,0.896551724137931,0.8991769547325102,0.9270664505672609,0.9142259414225942,0.9645868465430016,0.9820224719101124,617,478,10360.360569309254,18600.0,0.9298481084415693,0.9319734924064635,0.9155004079290652,0.9163699291157775
187,0.0,99.5,1170,60.81565575819663,62.37760475414041,48.29054967454462,49.58609677352446,1.56194899594378,1.2955470989798386,1.2056288784666462,8.352668427506845e-05,6.928059352833362e-05,7.640363890170103e-05,12.791507980615947,614,509,645,525,61,39,10930.258224353203,0.951937984496124,0.9695238095238096,0.9006514657980456,0.9233791748526523,112153,90656,120599,97252,9486,7578,1145948.3565195827,0.9299662517931326,0.9321762020318348,0.9154191149590292,0.9164092834451112,614,509,645,525,553,61,0,31,470,39,0,16,0.8573643410852713,0.8952380952380953,0.9006514657980456,0.9233791748526523,0.946917808219178,0.9670781893004116,614,509,10930.258224353203,18700.0,0.9299662517931326,0.9321762020318348,0.9154191149590292,0.9164092834451112
188,0.0,99.5,1094,60.81565575819663,62.43480306619215,48.29054967454462,49.46064763766145,1.6191473079955259,1.170097963116831,1.383770726070274,8.612485680827265e-05,6.223925335727824e-05,7.418205508277545e-05,12.9741554285307,591,474,604,490,51,36,10200.1538504985,0.9784768211920529,0.9673469387755103,0.9137055837563451,0.9240506329113924,112744,91130,121203,97742,9537,7614,1156148.5103700813,0.930207998151861,0.9323525198993268,0.9154101326899879,0.9164490288598706,591,474,604,490,540,51,0,13,438,36,0,16,0.8940397350993378,0.8938775510204081,0.9137055837563451,0.9240506329113924,0.976491862567812,0.9647577092511013,591,474,10200.1538504985,18800.0,0.930207998151861,0.9323525198993268,0.9154101326899879,0.9164490288598706
189,0.0,99.5,1155,60.81565575819663,62.48610893759305,48.29054967454462,49.54958111949499,1.670453179396425,1.2590314449503666,1.3267763772669534,8.838376610563096e-05,6.661542036774426e-05,7.749959323668761e-05,12.936527818098064,631,492,651,504,39,26,11004.471452358763,0.9692780337941628,0.9761904761904762,0.9381933438985737,0.9471544715447154,113375,91622,121854,98246,9576,7640,1167152.9818224402,0.9304167282157336,0.9325774077316125,0.9155369349503859,0.916613913688852,631,492,651,504,592,39,0,20,466,26,0,12,0.9093701996927803,0.9246031746031746,0.9381933438985737,0.9471544715447154,0.9673202614379085,0.9748953974895398,631,492,11004.471452358763,18900.0,0.9304167282157336,0.9325774077316125,0.9155369349503859,0.916613913688852
190,0.0,99.5,1163,60.81565575819663,62.49069302144193,48.29054967454462,49.61082599628899,1.6750372632453008,1.320276321744366,1.2687020403669893,8.815985596027898e-05,6.948822746022979e-05,7.882404171025438e-05,12.87986702515294,629,492,651,512,49,32,11126.26766636054,0.9662058371735791,0.9609375,0.9220985691573926,0.9349593495934959,114004,92114,122505,98758,9625,7672,1178279.2494888008,0.93060691400351,0.932724437513923,0.9155731377846391,0.9167119004711552,629,492,651,512,580,49,0,22,460,32,0,20,0.890937019969278,0.8984375,0.9220985691573926,0.9349593495934959,0.9634551495016611,0.9583333333333334,629,492,11126.26766636054,19000.0,0.93060691400351,0.932724437513923,0.9155731377846391,0.9167119004711552
191,0.0,99.5,1251,60.81565575819663,62.521739541412956,48.29054967454462,49.833672715889776,1.7060837832163287,1.5431230413451544,1.1056045030143027,8.932375828357742e-05,8.079178226937981e-05,8.505777027647862e-05,12.68806682552318,666,544,685,566,49,45,12037.929311067439,0.9722627737226277,0.9611307420494699,0.9264264264264265,0.9172794117647058,114670,92658,123190,99324,9674,7717,1190317.178799868,0.9308385420894553,0.9328863114655068,0.9156361733670533,0.916715232359861,666,544,685,566,617,49,0,19,499,45,0,22,0.9007299270072993,0.8816254416961131,0.9264264264264265,0.9172794117647058,0.970125786163522,0.9577735124760077,666,544,12037.929311067439,19100.0,0.9308385420894553,0.9328863114655068,0.9156361733670533,0.916715232359861
192,0.0,99.5,1181,60.81565575819663,62.42386502188183,48.29054967454462,49.697490118682246,1.608209263685204,1.406940444137625,1.143054256764184,8.376089915027104e-05,7.327814813216796e-05,7.851952364121951e-05,12.726374903199584,607,530,631,550,57,26,11324.139878091115,0.9619651347068146,0.9636363636363636,0.9060955518945635,0.9509433962264151,115277,93188,123821,99874,9731,7743,1201641.3186779593,0.9309971652627583,0.9330556501191501,0.9155859364834269,0.9169099025625617,607,530,631,550,550,57,0,24,504,26,0,20,0.8716323296354992,0.9163636363636364,0.9060955518945635,0.9509433962264151,0.9581881533101045,0.9618320610687023,607,530,11324.139878091115,19200.0,0.9309971652627583,0.9330556501191501,0.9155859364834269,0.9169099025625617
193,0.0,99.5,1200,60.81565575819663,62.46764530458722,48.29054967454462,49.66517378507515,1.6519895463905954,1.374624110530526,1.20177547719065,8.559531328448681e-05,7.122404717774746e-05,7.840968023111714e-05,12.802471519512075,624,522,653,547,57,55,11827.568593625949,0.9555895865237366,0.9542961608775137,0.9086538461538461,0.8946360153256705,115901,93710,124474,100421,9788,7798,1213468.8872715852,0.9311261789610682,0.9331713486223001,0.9155486147660503,0.9167858286202113,624,522,653,547,567,57,0,29,467,55,0,25,0.8683001531393568,0.8537477148080439,0.9086538461538461,0.8946360153256705,0.9513422818791947,0.9491869918699187,624,522,11827.568593625949,19300.0,0.9311261789610682,0.9331713486223001,0.9155486147660503,0.9167858286202113
194,0.0,99.5,1197,60.81565575819663,62.51752166273736,48.29054967454462,49.706535676315816,1.7018659045407318,1.415986001771195,1.2018945825819904,8.772504662581092e-05,7.298896916346366e-05,8.035700789463729e-05,12.810985986421542,630,532,653,544,53,47,11894.496938377119,0.9647779479326187,0.9779411764705882,0.9158730158730158,0.9116541353383458,116531,94242,125127,100965,9841,7845,1225363.3842099623,0.9313017973738682,0.9334125687119299,0.9155503685714531,0.9167568599987267,630,532,653,544,577,53,0,23,485,47,0,12,0.8836140888208269,0.8915441176470589,0.9158730158730158,0.9116541353383458,0.9616666666666667,0.9758551307847082,630,532,11894.496938377119,19400.0,0.9313017973738682,0.9334125687119299,0.9155503685714531,0.9167568599987267
195,0.0,99.5,1198,60.81565575819663,62.5335520923822,48.29054967454462,49.533720459138685,1.7178963341855749,1.2431707845940636,1.381866719741588,8.809724790695256e-05,6.375234792790069e-05,7.592479791742663e-05,12.999831633243517,653,516,672,526,42,46,12109.25102915994,0.9717261904761905,0.9809885931558935,0.9356814701378254,0.9108527131782945,117184,94758,125799,101491,9883,7891,1237472.6352391222,0.9315177386147744,0.9336591421899478,0.915662547788094,0.9167247092593765,653,516,672,526,611,42,0,19,470,46,0,10,0.9092261904761905,0.8935361216730038,0.9356814701378254,0.9108527131782945,0.9698412698412698,0.9791666666666666,653,516,12109.25102915994,19500.0,0.9315177386147744,0.9336591421899478,0.915662547788094,0.9167247092593765
196,0.0,99.5,1158,60.81565575819663,62.45220439818147,48.29054967454462,49.59585214446452,1.636548639984845,1.3053024699199014,1.2537696646550207,8.349737959106351e-05,6.65970647918317e-05,7.50472221914476e-05,12.856352253716949,624,496,644,514,54,38,11602.294662846609,0.968944099378882,0.9649805447470817,0.9134615384615384,0.9233870967741935,117808,95254,126443,102005,9937,7929,1249074.929901969,0.9317083587070855,0.9338169697563845,0.9156508895830504,0.916759401180003,624,496,644,514,570,54,0,20,458,38,0,18,0.8850931677018633,0.8910505836575876,0.9134615384615384,0.9233870967741935,0.9661016949152542,0.9621848739495799,624,496,11602.294662846609,19600.0,0.9317083587070855,0.9338169697563845,0.9156508895830504,0.916759401180003
197,0.0,99.5,1166,60.81565575819663,62.407736737617796,48.29054967454462,49.640958467004275,1.5920809794211692,1.3504087924596533,1.1789622433673073,8.081629337163296e-05,6.85486696680027e-05,7.468248151981782e-05,12.766778270613521,622,504,642,524,54,46,11933.854898905098,0.9688473520249221,0.9618320610687023,0.9131832797427653,0.9087301587301587,118430,95758,127085,102529,9991,7975,1261008.784800874,0.9318959751347523,0.9339601478606053,0.9156379295786541,0.91671714112659,622,504,642,524,568,54,0,20,458,46,0,20,0.8847352024922118,0.8740458015267175,0.9131832797427653,0.9087301587301587,0.9659863945578231,0.9581589958158996,622,504,11933.854898905098,19700.0,0.9318959751347523,0.9339601478606053,0.9156379295786541,0.91671714112659
198,0.0,99.5,1127,60.81565575819663,62.61941723130759,48.29054967454462,49.52665612598381,1.80376147311096,1.2361064514391913,1.459228265503227,9.109906429853332e-05,6.242961875955512e-05,7.676434152904422e-05,13.092761105323774,622,463,639,488,63,40,11354.300580511717,0.97339593114241,0.9487704918032787,0.8987138263665595,0.9136069114470843,119052,96221,127724,103017,10054,8015,1272363.0853813859,0.9321035983840156,0.9340303056777037,0.9155495077781137,0.9167021752008397,622,463,639,488,559,63,0,17,423,40,0,25,0.8748043818466353,0.8668032786885246,0.8987138263665595,0.9136069114470843,0.9704861111111112,0.9441964285714286,622,463,11354.300580511717,19800.0,0.9321035983840156,0.9340303056777037,0.9155495077781137,0.9167021752008397
199,0.0,99.5,1113,60.81565575819663,62.42522524068254,48.29054967454462,49.49511653631837,1.6095694824859166,1.204566861773749,1.3362226154186185,8.088288856713148e-05,6.053099807908287e-05,7.070694332310718e-05,12.930108704364173,598,471,623,490,59,41,11462.26345395056,0.9598715890850722,0.9612244897959183,0.9013377926421404,0.9129511677282378,119650,96692,128347,103507,10113,8056,1283825.3488353365,0.9322383850031555,0.9341590423836069,0.9154784788967822,0.9166839035287304,598,471,623,490,539,59,0,25,430,41,0,19,0.8651685393258427,0.8775510204081632,0.9013377926421404,0.9129511677282378,0.9556737588652482,0.9576837416481069,598,471,11462.26345395056,19900.0,0.9322383850031555,0.9341590423836069,0.9154784788967822,0.9166839035287304
200,0.0,99.5,1132,60.81565575819663,62.35067338392138,48.29054967454462,49.6225017737107,1.5350176257247554,1.331952099166081,1.1524570791140398,7.675088128623777e-05,6.659760495830405e-05,7.167424312227091e-05,12.72817161021068,585,509,609,523,39,44,11970.35891297765,0.9605911330049262,0.9732313575525813,0.9333333333333333,0.9135559921414538,120235,97201,128956,104030,10152,8100,1295795.7077483141,0.9323722820186731,0.9343554743823898,0.9155653511872583,0.9166675239966667,585,509,609,523,546,39,0,24,465,44,0,14,0.896551724137931,0.8891013384321224,0.9333333333333333,0.9135559921414538,0.9578947368421052,0.9707724425887265,585,509,11970.35891297765,20000.0,0.9323722820186731,0.9343554743823898,0.9155653511872583,0.9166675239966667
201,0.0,99.5,1161,60.81565575819663,62.52352231510375,48.29054967454462,49.58983556514988,1.7078665569071205,1.2992858906052618,1.3144655608562983,8.49684854182647e-05,6.464108908483889e-05,7.48047872515518e-05,12.933686749953864,638,484,660,501,51,45,12363.628976835193,0.9666666666666667,0.9660678642714571,0.9200626959247649,0.9070247933884298,120873,97685,129616,104531,10203,8145,1308159.3367251493,0.9325469077891618,0.9345074666845242,0.9155890893747983,0.9166197471464401,638,484,660,501,587,51,0,22,439,45,0,17,0.8893939393939394,0.8762475049900199,0.9200626959247649,0.9070247933884298,0.9638752052545156,0.9627192982456141,638,484,12363.628976835193,20100.0,0.9325469077891618,0.9345074666845242,0.9155890893747983,0.9166197471464401
202,0.0,99.5,1194,60.81565575819663,62.455443267241556,48.29054967454462,49.64896639109389,1.639787509044929,1.3584167165492715,1.207131426658538,8.117759945766975e-05,6.724835230441938e-05,7.421297588104457e-05,12.806476876147663,634,520,652,542,43,41,13026.344212003603,0.9723926380368099,0.959409594095941,0.9321766561514195,0.9211538461538462,121507,98205,130268,105073,10246,8186,1321185.6809371528,0.9327463383179292,0.934635919789099,0.9156756400865793,0.9166437554096023,634,520,652,542,591,43,0,18,479,41,0,22,0.906441717791411,0.8837638376383764,0.9321766561514195,0.9211538461538461,0.9704433497536946,0.9560878243512974,634,520,13026.344212003603,20200.0,0.9327463383179292,0.934635919789099,0.9156756400865793,0.9166437554096023
203,0.0,99.5,1134,60.81565575819663,62.37883299947299,48.29054967454462,49.785370894193534,1.5631772412763638,1.4948212196489123,1.0457285598631696,7.700380498898344e-05,7.363651328319765e-05,7.532015913609054e-05,12.593462105279457,582,502,612,522,46,39,12872.508149300349,0.9509803921568627,0.9616858237547893,0.9209621993127148,0.9223107569721115,122089,98707,130880,105595,10292,8225,1334058.189086453,0.9328316014669926,0.9347696387139542,0.9157008411896239,0.9166725764130204,582,502,612,522,536,46,0,30,463,39,0,20,0.8758169934640523,0.8869731800766284,0.9209621993127147,0.9223107569721115,0.9469964664310954,0.9585921325051759,582,502,12872.508149300349,20300.0,0.9328316014669926,0.9347696387139542,0.9157008411896239,0.9166725764130204
204,0.0,99.5,1182,60.81565575819663,62.43674840846849,48.29054967454462,49.65887619846398,1.6210926502718621,1.3683265239193574,1.1847264683786847,7.946532599371873e-05,6.707482960389006e-05,7.32700777988044e-05,12.77787221000451,626,519,647,535,54,44,13340.638089996135,0.9675425038639877,0.9700934579439252,0.9137380191693291,0.9152215799614644,122715,99226,131527,106130,10346,8269,1347398.8271764491,0.9330023493275145,0.9349477056440215,0.9156908283420935,0.9166649869993752,626,519,647,535,572,54,0,21,475,44,0,16,0.884080370942813,0.8878504672897196,0.9137380191693291,0.9152215799614644,0.9645868465430016,0.9674134419551935,626,519,13340.638089996135,20400.0,0.9330023493275145,0.9349477056440215,0.9156908283420935,0.9166649869993752
205,0.0,99.5,1140,60.81565575819663,62.45737470928675,48.29054967454462,49.59047616387988,1.6417189510901267,1.299926489335256,1.2629321462090162,8.008385127268911e-05,6.34110482602564e-05,7.174744976647275e-05,12.866898545406876,608,504,630,510,55,41,12918.842276161418,0.9650793650793651,0.9882352941176471,0.9095394736842105,0.9186507936507936,123323,99730,132157,106640,10401,8310,1360317.6694526104,0.9331552623016564,0.9352025506376594,0.9156605012852428,0.9166750225609145,608,504,630,510,553,55,0,22,463,41,0,6,0.8777777777777778,0.907843137254902,0.9095394736842105,0.9186507936507936,0.9617391304347827,0.9872068230277186,608,504,12918.842276161418,20500.0,0.9331552623016564,0.9352025506376594,0.9156605012852428,0.9166750225609145
206,0.0,99.5,1179,60.81565575819663,62.45282777513644,48.29054967454462,49.68195454972643,1.6371720169398145,1.3914048751818058,1.1766323707367319,7.947436975435993e-05,6.75439259796993e-05,7.350914786702962e-05,12.770873225410014,604,537,627,552,56,40,13718.206733367324,0.9633173843700159,0.9728260869565217,0.9072847682119205,0.925512104283054,123927,100267,132784,107192,10457,8350,1374035.8761859778,0.9332976864682492,0.9353962982312113,0.9156196793273459,0.9167223513219703,604,537,627,552,548,56,0,23,497,40,0,15,0.8740031897926634,0.9003623188405797,0.9072847682119205,0.925512104283054,0.9597197898423818,0.970703125,604,537,13718.206733367324,20600.0,0.9332976864682492,0.9353962982312113,0.9156196793273459,0.9167223513219703
207,0.0,99.5,1235,60.81565575819663,62.573611521462354,48.29054967454462,49.63113778160062,1.757955763265727,1.340588107056,1.3113317610479835,8.492539919158101e-05,6.47627104857971e-05,7.484405483868905e-05,12.942473739861732,663,522,691,544,57,44,14469.441730857678,0.959479015918958,0.9595588235294118,0.9140271493212669,0.9157088122605364,124590,100789,133475,107736,10514,8394,1388505.3179168354,0.9334332271961041,0.9355183040023762,0.9156112047515852,0.9167171020647095,663,522,691,544,606,57,0,28,478,44,0,22,0.8769898697539797,0.8786764705882353,0.9140271493212669,0.9157088122605364,0.9558359621451105,0.956,663,522,14469.441730857678,20700.0,0.9334332271961041,0.9355183040023762,0.9156112047515852,0.9167171020647095
208,0.0,99.5,1202,60.81565575819663,62.45882165705372,48.29054967454462,49.697929282930154,1.6431658988570916,1.4073796083855328,1.1675356734364226,7.899836052197556e-05,6.766248117238139e-05,7.333042084717848e-05,12.760892374123564,625,530,653,549,65,48,14360.77968220691,0.9571209800918836,0.9653916211293261,0.896,0.909433962264151,125215,101319,134128,108285,10579,8442,1402866.0975990423,0.9335485506381963,0.9356697603546198,0.9155133170945973,0.916679003938057,625,530,653,549,560,65,0,28,482,48,0,19,0.8575803981623277,0.8779599271402551,0.896,0.909433962264151,0.9523809523809523,0.9620758483033932,625,530,14360.77968220691,20800.0,0.9335485506381963,0.9356697603546198,0.9155133170945973,0.916679003938057
209,0.0,99.5,1240,60.81565575819663,62.57921734600395,48.29054967454462,49.68844650181055,1.7635615878073239,1.3978968272659316,1.2615820806007376,8.438093721566143e-05,6.688501565865701e-05,7.563297643715922e-05,12.890770844193398,645,541,672,568,51,48,14942.622212059512,0.9598214285714286,0.9524647887323944,0.9209302325581395,0.911275415896488,125860,101860,134800,108853,10630,8490,1417808.719811102,0.9336795252225519,0.9357573975912469,0.9155410773875735,0.9166503043392892,645,541,672,568,594,51,0,27,493,48,0,27,0.8839285714285714,0.8679577464788732,0.9209302325581395,0.911275415896488,0.9565217391304348,0.948076923076923,645,541,14942.622212059512,20900.0,0.9336795252225519,0.9357573975912469,0.9155410773875735,0.9166503043392892
210,0.0,99.5,1110,60.81565575819663,62.38526369322265,48.29054967454462,49.56461794367237,1.5696079350260206,1.2740682691277456,1.2319653295349768,7.474323500123908e-05,6.06699175775117e-05,6.770657628937538e-05,12.82064574955028,600,483,614,496,46,31,13383.93807749499,0.9771986970684039,0.9737903225806451,0.9233333333333333,0.9358178053830227,126460,102343,135414,109349,10676,8521,1431192.6578885969,0.9338768517287726,0.9359299124820529,0.9155780483947493,0.9167407639017813,600,483,614,496,554,46,0,14,452,31,0,13,0.9022801302931596,0.9112903225806451,0.9233333333333333,0.9358178053830227,0.9753521126760564,0.9720430107526882,600,483,13383.93807749499,21000.0,0.9338768517287726,0.9359299124820529,0.9155780483947493,0.9167407639017813
211,0.0,99.5,1177,60.81565575819663,62.520029413823174,48.29054967454462,49.557753934755226,1.7043736556265472,1.2672042602106046,1.3449873151020553,8.077600263632925e-05,6.0057073943630554e-05,7.04165382899799e-05,12.962275479067948,640,492,665,512,51,34,14128.401918324193,0.9624060150375939,0.9609375,0.9203125,0.9308943089430894,127100,102835,136079,109861,10727,8555,1445321.059806921,0.9340162699608315,0.9360464587069115,0.9156018882769473,0.916808479603248,640,492,665,512,589,51,0,25,458,34,0,20,0.8857142857142857,0.89453125,0.9203125,0.9308943089430894,0.9592833876221498,0.9581589958158996,640,492,14128.401918324193,21100.0,0.9340162699608315,0.9360464587069115,0.9156018882769473,0.916808479603248
212,0.0,99.5,1130,60.81565575819663,62.47783273897045,48.29054967454462,49.46357977131161,1.6621769807738218,1.1730300967669862,1.4169943169872485,7.840457456480291e-05,5.533160833806539e-05,6.686809145143415e-05,13.014252967658841,651,454,668,462,59,31,13793.89905211494,0.9745508982035929,0.9826839826839827,0.9093701996927803,0.9317180616740088,127751,103289,136747,110323,10786,8586,1459114.958859036,0.9342142789238521,0.9362417628237085,0.9155701325234245,0.9168740136897443,651,454,668,462,592,59,0,17,423,31,0,8,0.8862275449101796,0.9155844155844156,0.9093701996927803,0.9317180616740088,0.9720853858784894,0.9814385150812065,651,454,13793.89905211494,21200.0,0.9342142789238521,0.9362417628237085,0.9155701325234245,0.9168740136897443
213,0.0,99.5,1155,60.81565575819663,62.49298818714471,48.29054967454462,49.59085510322267,1.677332428948084,1.300305428678051,1.2899526464742483,7.874800135906497e-05,6.104720322432165e-05,6.989760229169331e-05,12.902133083922038,610,505,635,520,47,47,14482.83283666951,0.9606299212598425,0.9711538461538461,0.9229508196721311,0.906930693069307,128361,103794,137382,110843,10833,8633,1473597.7916957054,0.9343363759444469,0.936405546583907,0.9156052071890994,0.9168256353931826,610,505,635,520,563,47,0,25,458,47,0,15,0.8866141732283465,0.8807692307692307,0.9229508196721311,0.906930693069307,0.9574829931972789,0.9682875264270613,610,505,14482.83283666951,21300.0,0.9343363759444469,0.936405546583907,0.9156052071890994,0.9168256353931826
214,0.0,99.5,1153,60.81565575819663,62.47293491713392,48.29054967454462,49.54068220904853,1.6572791589372926,1.250132534503912,1.3256827681834134,7.744295135220994e-05,5.8417408154388413e-05,6.793017975329917e-05,12.932252708085386,655,467,671,482,63,32,14861.34719373462,0.9761549925484352,0.9688796680497925,0.9038167938931297,0.9314775160599572,129016,104261,138053,111325,10896,8665,1488459.13888944,0.9345396333292286,0.9365461486638221,0.9155453587151982,0.9168912632719809,655,467,671,482,592,63,0,16,435,32,0,15,0.8822652757078987,0.9024896265560166,0.9038167938931297,0.9314775160599572,0.9736842105263158,0.9666666666666667,655,467,14861.34719373462,21400.0,0.9345396333292286,0.9365461486638221,0.9155453587151982,0.9168912632719809
215,0.0,99.5,1203,60.81565575819663,62.40929370826459,48.29054967454462,49.65065628280837,1.593637950067965,1.3601066082637487,1.1717007625617906,7.412269535199837e-05,6.326077247738367e-05,6.869173391469102e-05,12.758637425456222,631,530,652,551,39,43,15701.378870616354,0.9677914110429447,0.9618874773139746,0.9381933438985737,0.9188679245283019,129647,104791,138705,111876,10935,8708,1504160.5177600565,0.9346959374211457,0.9366709571311095,0.9156555878655117,0.9169012606044412,631,530,652,551,592,39,0,21,487,43,0,21,0.9079754601226994,0.8838475499092558,0.9381933438985737,0.9188679245283019,0.965742251223491,0.9586614173228346,631,530,15701.378870616354,21500.0,0.9346959374211457,0.9366709571311095,0.9156555878655117,0.9169012606044412
216,0.0,99.5,1180,60.81565575819663,62.54887043330681,48.29054967454462,49.5382114139204,1.7332146751101831,1.2476617393757792,1.3891703339218626,8.024142014398996e-05,5.776211756369348e-05,6.900176885384172e-05,13.01065901938641,656,487,684,496,63,38,15395.827149375325,0.9590643274853801,0.9818548387096774,0.9039634146341463,0.9219712525667351,130303,105278,139389,112372,10998,8746,1519556.3449094319,0.9348155162889468,0.9368703947602606,0.9155967245573778,0.9169247136153802,656,487,684,496,593,63,0,28,449,38,0,9,0.8669590643274854,0.905241935483871,0.9039634146341463,0.9219712525667351,0.9549114331723028,0.980349344978166,656,487,15395.827149375325,21600.0,0.9348155162889468,0.9368703947602606,0.9155967245573778,0.9169247136153802
217,0.0,99.5,1176,60.81565575819663,62.5440662601862,48.29054967454462,49.625569605268275,1.728410501989572,1.3350199307236537,1.2946701859744365,7.965025354790655e-05,6.152165579371676e-05,7.058595467081166e-05,12.918496654917924,620,532,634,542,58,50,15732.708392120703,0.9779179810725552,0.981549815498155,0.9064516129032258,0.9060150375939849,130923,105810,140023,112914,11056,8796,1535289.0533015525,0.93501067681738,0.9370848610446889,0.9155534168938995,0.9168698610717323,620,532,634,542,562,58,0,14,482,50,0,10,0.886435331230284,0.8892988929889298,0.9064516129032258,0.9060150375939849,0.9756944444444444,0.9796747967479674,620,532,15732.708392120703,21700.0,0.93501067681738,0.9370848610446889,0.9155534168938995,0.9168698610717323
218,0.0,99.5,1156,60.81565575819663,62.397257425601616,48.29054967454462,49.66209962617185,1.581601667404989,1.3715499516272303,1.1531491547417212,7.255053520206373e-05,6.29151353957445e-05,6.773283529890411e-05,12.735157799429764,599,525,622,534,50,37,15457.147375773748,0.9630225080385852,0.9831460674157303,0.9165275459098498,0.9295238095238095,131522,106335,140645,113448,11106,8833,1550746.2006773262,0.935134558640549,0.9373016712502644,0.9155578534389683,0.9169323364837542,599,525,622,534,549,50,0,23,488,37,0,9,0.882636655948553,0.9138576779026217,0.9165275459098498,0.9295238095238095,0.9597902097902098,0.9818913480885312,599,525,15457.147375773748,21800.0,0.935134558640549,0.9373016712502644,0.9155578534389683,0.9169323364837542
219,0.0,99.5,1178,60.81565575819663,62.37824416772344,48.29054967454462,49.709620120668006,1.5625884095268106,1.419070446123385,1.1011351929676838,7.135106892816487e-05,6.479773726590799e-05,6.807440309703643e-05,12.668624047055431,595,538,622,556,55,39,15859.682471799653,0.9565916398713826,0.9676258992805755,0.907563025210084,0.9275092936802974,132117,106873,141267,114004,11161,8872,1566605.8831491258,0.9352290343817027,0.937449563173222,0.9155218480589175,0.9169855810167208,595,538,622,556,540,55,0,27,499,39,0,18,0.8681672025723473,0.8974820143884892,0.907563025210084,0.9275092936802974,0.9523809523809523,0.965183752417795,595,538,15859.682471799653,21900.0,0.9352290343817027,0.937449563173222,0.9155218480589175,0.9169855810167208
220,0.0,99.5,1158,60.81565575819663,62.539701839703156,48.29054967454462,49.615987833121395,1.724046081506529,1.3254381585767732,1.3007367189109542,7.83657309775695e-05,6.024718902621696e-05,6.930646000189323e-05,12.923714006581761,609,507,633,525,50,42,16203.361464226991,0.9620853080568721,0.9657142857142857,0.9178981937602627,0.9171597633136095,132726,107380,141900,114529,11211,8914,1582809.244613353,0.9353488372093023,0.9375791284303538,0.9155327516839202,0.9169864034270814,609,507,633,525,559,50,0,24,465,42,0,18,0.8830963665086888,0.8857142857142857,0.9178981937602627,0.9171597633136095,0.9588336192109777,0.9627329192546584,609,507,16203.361464226991,22000.0,0.9353488372093023,0.9375791284303538,0.9155327516839202,0.9169864034270814
221,0.0,99.5,1198,60.81565575819663,62.53393551356556,48.29054967454462,49.662872640896005,1.7182797553689326,1.3723229663513834,1.2520957511462116,7.775021517506482e-05,6.209606182585445e-05,6.992313850045964e-05,12.871062872669555,648,518,662,536,54,43,16840.887591349223,0.9788519637462235,0.9664179104477612,0.9166666666666666,0.916988416988417,133374,107898,142562,115065,11265,8957,1599650.1322047021,0.9355508480520756,0.9377134663016556,0.9155382608304468,0.9169864130938479,648,518,662,536,594,54,0,14,475,43,0,18,0.8972809667673716,0.8861940298507462,0.9166666666666666,0.916988416988417,0.9769736842105263,0.9634888438133874,648,518,16840.887591349223,22100.0,0.9355508480520756,0.9377134663016556,0.9155382608304468,0.9169864130938479
222,0.0,99.5,1173,60.81565575819663,62.50647979386307,48.29054967454462,49.59946153956145,1.690824035666445,1.3089118650168317,1.2917783701538241,7.616324484983986e-05,5.89599939196771e-05,6.756161938475849e-05,12.907018254301619,648,484,679,494,59,54,16665.82376836861,0.9543446244477173,0.979757085020243,0.9089506172839507,0.8884297520661157,134022,108382,143241,115559,11324,9011,1616315.9559730708,0.9356399354933295,0.9378931974143079,0.9155064093954723,0.9168588880072337,648,484,679,494,589,59,0,31,430,54,0,10,0.8674521354933726,0.8704453441295547,0.9089506172839507,0.8884297520661157,0.95,0.9772727272727273,648,484,16665.82376836861,22200.0,0.9356399354933295,0.9378931974143079,0.9155064093954723,0.9168588880072337
223,0.0,99.5,1198,60.81565575819663,62.455187419237475,48.29054967454462,49.67335986059297,1.6395316610408486,1.3828101860483457,1.1856519987939453,7.352159914981383e-05,6.200942538333389e-05,6.776551226657386e-05,12.781827558644508,640,533,650,548,54,41,17575.09723076171,0.9846153846153847,0.9726277372262774,0.915625,0.9230769230769231,134662,108915,143891,116107,11378,9052,1633891.0532038326,0.9358611726932192,0.9380571369512605,0.9155069730139164,0.9168893173575724,640,533,650,548,586,54,0,10,492,41,0,15,0.9015384615384615,0.8978102189781022,0.915625,0.9230769230769231,0.9832214765100671,0.9704142011834319,640,533,17575.09723076171,22300.0,0.9358611726932192,0.9380571369512605,0.9155069730139164,0.9168893173575724
224,0.0,99.5,1162,60.81565575819663,62.48458530612474,48.29054967454462,49.66408205950322,1.6689295479281157,1.373532384958601,1.2150638501169508,7.450578338964802e-05,6.131841004279469e-05,6.791209671622136e-05,12.82050324662152,614,519,630,532,59,52,16779.859956774475,0.9746031746031746,0.9755639097744361,0.9039087947882736,0.8998073217726397,135276,109434,144521,116639,11437,9104,1650670.913160607,0.9360300579154587,0.9382282084037071,0.9154543304059848,0.9168083045488605,614,519,630,532,555,59,0,16,467,52,0,13,0.8809523809523809,0.8778195488721805,0.9039087947882736,0.8998073217726397,0.9719789842381786,0.9729166666666667,614,519,16779.859956774475,22400.0,0.9360300579154587,0.9382282084037071,0.9154543304059848,0.9168083045488605
225,0.0,99.5,1182,60.81565575819663,62.40748313270459,48.29054967454462,49.77444969252454,1.5918273745079645,1.48390001797992,1.0727322294092088,7.074788331146509e-05,6.595111191021866e-05,6.834949761084187e-05,12.63303344018005,605,543,623,559,54,44,17224.647057938182,0.971107544141252,0.9713774597495528,0.9107438016528926,0.9189686924493554,135881,109977,145144,117198,11491,9148,1667895.5602185451,0.9361806206250345,0.9383863205856755,0.915433357128664,0.916818971239441,605,543,623,559,551,54,0,18,499,44,0,16,0.884430176565008,0.8926654740608229,0.9107438016528926,0.9189686924493554,0.968365553602812,0.9689320388349515,605,543,17224.647057938182,22500.0,0.9361806206250345,0.9383863205856755,0.915433357128664,0.916818971239441
226,0.0,99.5,1176,60.81565575819663,62.575063021137964,48.29054967454462,49.57480755752934,1.7594072629413375,1.2842578829847184,1.369979726230945,7.784987889120963e-05,5.682557004357161e-05,6.733772446739061e-05,13.000255463608624,642,504,658,518,49,28,17641.617917835778,0.9756838905775076,0.972972972972973,0.9236760124610592,0.9444444444444444,136523,110481,145802,117716,11540,9176,1685537.1781363809,0.9363588976831594,0.9385385164293724,0.9154721182511372,0.9169449950670251,642,504,658,518,593,49,0,16,476,28,0,14,0.9012158054711246,0.918918918918919,0.9236760124610592,0.9444444444444444,0.9737274220032841,0.9714285714285714,642,504,17641.617917835778,22600.0,0.9363588976831594,0.9385385164293724,0.9154721182511372,0.9169449950670251
227,0.0,99.5,1176,60.81565575819663,62.35990413936135,48.29054967454462,49.63588518871685,1.5442483811647207,1.345335514172227,1.1478537248865261,6.8028563046904e-05,5.92658816815959e-05,6.364722236424995e-05,12.7240189506445,655,490,673,503,50,47,17899.20087825752,0.9732540861812778,0.974155069582505,0.9236641221374046,0.9040816326530612,137178,110971,146475,118219,11590,9223,1703436.3790146385,0.9365284178187404,0.9386900582816637,0.9155112335797285,0.9168881960151751,655,490,673,503,605,50,0,18,443,47,0,13,0.8989598811292719,0.8807157057654076,0.9236641221374046,0.9040816326530612,0.971107544141252,0.9714912280701754,655,490,17899.20087825752,22700.0,0.9365284178187404,0.9386900582816637,0.9155112335797285,0.9168881960151751
228,0.0,99.5,1129,60.81565575819663,62.36928672556668,48.29054967454462,49.57966883008531,1.5536309673700543,1.2891191555406891,1.2051880236923656,6.814170909517782e-05,5.654031383950391e-05,6.234101146734086e-05,12.78961789548137,598,505,611,518,56,48,16947.25016950226,0.9787234042553191,0.974903474903475,0.9063545150501673,0.904950495049505,137776,111476,147086,118737,11646,9271,1720383.6291841408,0.9367036971567654,0.9388480423120005,0.9154714899547091,0.9168341167605584,598,505,611,518,542,56,0,13,457,48,0,13,0.8870703764320785,0.8822393822393823,0.9063545150501672,0.904950495049505,0.9765765765765766,0.9723404255319149,598,505,16947.25016950226,22800.0,0.9367036971567654,0.9388480423120005,0.9154714899547091,0.9168341167605584
229,0.0,99.5,1161,60.81565575819663,62.57951546104967,48.29054967454462,49.58199615453383,1.7638597028530398,1.2914464799892116,1.3658016264582444,7.702444117262183e-05,5.639504279428871e-05,6.670974198345527e-05,12.997519306515834,650,477,670,491,48,44,17977.123078410088,0.9701492537313433,0.9714867617107943,0.9261538461538461,0.9077568134171907,138426,111953,147756,119228,11694,9315,1738360.7522625509,0.9368553561276699,0.9389824537860234,0.9155216505569763,0.9167954409439676,650,477,670,491,602,48,0,20,433,44,0,14,0.8985074626865671,0.8818737270875764,0.9261538461538461,0.9077568134171907,0.9678456591639871,0.9686800894854586,650,477,17977.123078410088,22900.0,0.9368553561276699,0.9389824537860234,0.9155216505569763,0.9167954409439676
230,0.0,99.5,1168,60.81565575819663,62.55428671852584,48.29054967454462,49.51520347637567,1.7386309603292105,1.224653801831046,1.4196918000251904,7.55926504490961e-05,5.3245817470915046e-05,6.441923396000558e-05,13.03908324215017,657,482,676,492,48,40,18112.39784772081,0.9718934911242604,0.9796747967479674,0.9269406392694064,0.91701244813278,139083,112435,148432,119720,11742,9355,1756473.1501102718,0.9370149293952786,0.9391496825927164,0.9155755915532452,0.9167963712367145,657,482,676,492,609,48,0,19,442,40,0,10,0.900887573964497,0.8983739837398373,0.9269406392694064,0.91701244813278,0.9697452229299363,0.9778761061946902,657,482,18112.39784772081,23000.0,0.9370149293952786,0.9391496825927164,0.9155755915532452,0.9167963712367145
231,0.0,99.5,1168,60.81565575819663,62.503893565996044,48.29054967454462,49.59754049923072,1.6882378077994176,1.3069908246860962,1.2916982857969845,7.308388778352457e-05,5.657968938035048e-05,6.483178858193752e-05,12.906353066765327,628,506,648,520,48,42,18357.80694386717,0.9691358024691358,0.9730769230769231,0.9235668789808917,0.9169960474308301,139711,112941,149080,120240,11790,9397,1774830.9570541389,0.9371545478937483,0.9392964071856288,0.9156115123361797,0.9167972658290612,628,506,648,520,580,48,0,20,464,42,0,14,0.8950617283950617,0.8923076923076924,0.9235668789808917,0.9169960474308301,0.9666666666666667,0.9707112970711297,628,506,18357.80694386717,23100.0,0.9371545478937483,0.9392964071856288,0.9156115123361797,0.9167972658290612
232,0.0,99.5,1197,60.81565575819663,62.54836953044066,48.29054967454462,49.65844995734225,1.7327137722440327,1.3679002827976277,1.2666959675600689,7.468593845879451e-05,5.896121908610464e-05,6.682357877244957e-05,12.88991957309841,659,510,677,520,56,37,19223.78136787466,0.9734121122599705,0.9807692307692307,0.9150227617602428,0.9274509803921569,140370,113451,149757,120760,11846,9434,1794054.7384220136,0.9373184558985557,0.9394749917191123,0.9156087483080431,0.9168451578214383,659,510,677,520,603,56,0,18,473,37,0,10,0.8906942392909897,0.9096153846153846,0.9150227617602428,0.9274509803921569,0.9710144927536232,0.979296066252588,659,510,19223.78136787466,23200.0,0.9373184558985557,0.9394749917191123,0.9156087483080431,0.9168451578214383
233,0.0,99.5,1122,60.81565575819663,62.301507478637426,48.29054967454462,49.60888913016266,1.4858517204407988,1.3183394556180374,1.1270630747710055,6.377046010475532e-05,5.65810925157956e-05,6.017577631027546e-05,12.692618348474767,593,507,607,515,53,38,18325.528334703547,0.9769357495881383,0.9844660194174757,0.9106239460370995,0.9250493096646943,140963,113958,150364,121275,11899,9472,1812380.266756717,0.9374783857838312,0.9396660482374768,0.9155877783531848,0.9168816581547587,593,507,607,515,540,53,0,14,469,38,0,8,0.8896210873146623,0.9106796116504854,0.9106239460370995,0.9250493096646942,0.9747292418772563,0.9832285115303984,593,507,18325.528334703547,23300.0,0.9374783857838312,0.9396660482374768,0.9155877783531848,0.9168816581547587
234,0.0,99.5,1204,60.81565575819663,62.437415795739234,48.29054967454462,49.65812977070902,1.6217600375426073,1.3675800961643958,1.1858611002683508,6.930598451036783e-05,5.844359385317931e-05,6.387478918177357e-05,12.779286025030217,650,510,681,523,55,38,19319.55020133229,0.9544787077826725,0.9751434034416826,0.9153846153846154,0.9254901960784314,141613,114468,151045,121798,11954,9510,1831699.8169580493,0.9375550332682313,0.9398183878224602,0.9155868458404243,0.916920012579935,650,510,681,523,595,55,0,31,472,38,0,13,0.8737151248164464,0.9024856596558317,0.9153846153846154,0.9254901960784314,0.950479233226837,0.9731958762886598,650,510,19319.55020133229,23400.0,0.9375550332682313,0.9398183878224602,0.9155868458404243,0.916920012579935
235,0.0,99.5,1210,60.81565575819663,62.51847773487046,48.29054967454462,49.68319445149332,1.7028219766738317,1.3926447769486998,1.2227252813202902,7.246050964569497e-05,5.926147987015744e-05,6.58609947579262e-05,12.835283283377137,648,533,666,544,59,32,19972.47044705395,0.972972972972973,0.9797794117647058,0.9089506172839507,0.9399624765478424,142261,115001,151711,122342,12013,9542,1851672.2874051032,0.9377105153878097,0.9399960765722319,0.9155566177659372,0.9170268084625351,648,533,666,544,589,59,0,18,501,32,0,11,0.8843843843843844,0.9209558823529411,0.9089506172839507,0.9399624765478424,0.9703459637561779,0.978515625,648,533,19972.47044705395,23500.0,0.9377105153878097,0.9399960765722319,0.9155566177659372,0.9170268084625351
236,0.0,99.5,1232,60.81565575819663,62.622498993564555,48.29054967454462,49.88875177398098,1.8068432353679285,1.5982020994363566,1.1305474044898038,7.656115404101391e-05,6.77204279422185e-05,7.21407909916162e-05,12.733747219583577,658,541,675,557,65,37,20576.611120829217,0.9748148148148148,0.9712746858168761,0.9012158054711246,0.9316081330868762,142919,115542,152386,122899,12078,9579,1872248.8985259323,0.9378748703949181,0.9401378367602665,0.9154905925734157,0.9170950823077323,658,541,675,557,593,65,0,17,504,37,0,16,0.8785185185185185,0.9048473967684022,0.9012158054711246,0.9316081330868762,0.9721311475409836,0.9692307692307692,658,541,20576.611120829217,23600.0,0.9378748703949181,0.9401378367602665,0.9154905925734157,0.9170950823077323
237,0.0,99.5,1199,60.81565575819663,62.54185521766839,48.29054967454462,49.65145298902209,1.726199459471765,1.3609033144774685,1.2684218203514004,7.283542023087616e-05,5.742208077964002e-05,6.512875050525808e-05,12.890402228646302,633,531,650,549,61,51,20385.433274090534,0.9738461538461538,0.9672131147540983,0.9036334913112164,0.903954802259887,143552,116073,153036,123448,12139,9630,1892634.3318000229,0.9380276536239839,0.9402582463871427,0.9154383080695497,0.9170349693727223,633,531,650,549,572,61,0,17,480,51,0,18,0.88,0.8743169398907104,0.9036334913112164,0.903954802259887,0.9711375212224108,0.963855421686747,633,531,20385.433274090534,23700.0,0.9380276536239839,0.9402582463871427,0.9154383080695497,0.9170349693727223
238,0.0,99.5,1177,60.81565575819663,62.56717701120281,48.29054967454462,49.67291927346461,1.7515212530061817,1.3823695989199862,1.2670426594845583,7.359332995824292e-05,5.808275625714228e-05,6.58380431076926e-05,12.8942577377382,611,535,633,544,48,45,20436.6216990657,0.9652448657187994,0.9834558823529411,0.9214402618657938,0.9158878504672897,144163,116608,153669,123992,12187,9675,1913070.9534990885,0.9381397679427861,0.9404477708239242,0.9154637458987396,0.9170297063666301,611,535,633,544,563,48,0,22,490,45,0,9,0.8894154818325435,0.9007352941176471,0.9214402618657938,0.9158878504672897,0.9623931623931624,0.9819639278557114,611,535,20436.6216990657,23800.0,0.9381397679427861,0.9404477708239242,0.9154637458987396,0.9170297063666301
239,0.0,99.5,1167,60.81565575819663,62.39440126952952,48.29054967454462,49.68864713695739,1.5787455113328903,1.398097462412771,1.129209911166254,6.605629754530921e-05,5.849780177459293e-05,6.227704965995108e-05,12.705754132572125,615,515,637,530,38,48,20624.48259777767,0.9654631083202512,0.9716981132075472,0.9382113821138212,0.9067961165048544,144778,117123,154306,124522,12225,9723,1933695.4360968661,0.9382525630889272,0.9405807809061852,0.9155603751951263,0.9169847083834943,615,515,637,530,577,38,0,22,467,48,0,15,0.9058084772370487,0.8811320754716981,0.9382113821138212,0.9067961165048544,0.9632721202003339,0.9688796680497925,615,515,20624.48259777767,23900.0,0.9382525630889272,0.9405807809061852,0.9155603751951263,0.9169847083834943
240,0.0,99.5,1148,60.81565575819663,62.50274467061039,48.29054967454462,49.703207310121506,1.6870889124137634,1.4126576355768847,1.1942659494597285,7.029537135057348e-05,5.886073481570353e-05,6.45780530831385e-05,12.799537360488884,617,508,631,517,53,43,20308.965154613667,0.9778129952456418,0.9825918762088974,0.9141004862236629,0.9153543307086615,145395,117631,154937,125039,12278,9766,1954004.4012514798,0.9384136778174355,0.9407544846008046,0.9155541799924344,0.9169776674516071,617,508,631,517,564,53,0,14,465,43,0,9,0.8938193343898574,0.8994197292069632,0.9141004862236629,0.9153543307086615,0.9757785467128027,0.9810126582278481,617,508,20308.965154613667,24000.0,0.9384136778174355,0.9407544846008046,0.9155541799924344,0.9169776674516071
241,0.0,99.5,1140,60.81565575819663,62.39146247517388,48.29054967454462,49.56907117581864,1.5758067169772545,1.278521501274021,1.2325226563706553,6.538617082893172e-05,5.3050684700166846e-05,5.921842776454928e-05,12.822391299355239,626,479,646,494,49,41,20626.707244422352,0.9690402476780186,0.9696356275303644,0.9217252396166135,0.9144050104384134,146021,118110,155583,125533,12327,9807,1974631.108495902,0.938540843151244,0.9408681382584659,0.9155806356619938,0.9169672339344679,626,479,646,494,577,49,0,20,438,41,0,15,0.8931888544891641,0.8866396761133604,0.9217252396166135,0.9144050104384134,0.966499162479062,0.9668874172185431,626,479,20626.707244422352,24100.0,0.938540843151244,0.9408681382584659,0.9155806356619938,0.9169672339344679
242,0.0,99.5,1157,60.81565575819663,62.43686461954232,48.29054967454462,49.585972579844324,1.6212088613456928,1.2954229052997022,1.2514900382826089,6.699210170849971e-05,5.3529872119822406e-05,6.026098691416105e-05,12.850892039697996,616,509,637,520,71,32,20851.895843396214,0.967032967032967,0.9788461538461538,0.8847402597402597,0.93713163064833,146637,118619,156220,126053,12398,9839,1995483.0043392982,0.9386570221482524,0.9410248070256162,0.9154510798775207,0.9170537603587958,616,509,637,520,545,71,0,21,477,32,0,11,0.8555729984301413,0.9173076923076923,0.8847402597402597,0.93713163064833,0.9628975265017667,0.9774590163934426,616,509,20851.895843396214,24200.0,0.9386570221482524,0.9410248070256162,0.9154510798775207,0.9170537603587958
243,0.0,99.5,1209,60.81565575819663,62.60039542191243,48.29054967454462,49.618258414231036,1.7847396637158042,1.3277087396864147,1.344225288550359,7.344607669612363e-05,5.463821974018167e-05,6.404214821815264e-05,12.982137007681395,674,511,685,524,71,44,22229.31498698531,0.983941605839416,0.9751908396946565,0.8946587537091988,0.913894324853229,147311,119130,156905,126577,12469,9883,2017712.3193262836,0.938854721009528,0.9411662466324846,0.9153559476210195,0.9170402081759422,674,511,685,524,603,71,0,11,467,44,0,13,0.8802919708029197,0.8912213740458015,0.8946587537091988,0.913894324853229,0.9820846905537459,0.9729166666666667,674,511,22229.31498698531,24300.0,0.938854721009528,0.9411662466324846,0.9153559476210195,0.9170402081759422
244,0.0,99.5,1135,60.81565575819663,62.50192855508696,48.29054967454462,49.50638956203812,1.6862727968903357,1.2158398874935017,1.3869201152518928,6.91095408561613e-05,4.982950358579925e-05,5.946952222098027e-05,12.99553899304884,630,469,656,479,59,42,20998.402469682944,0.9603658536585366,0.9791231732776617,0.9063492063492063,0.9104477611940298,147941,119599,157561,127056,12528,9925,2038710.7217959666,0.9389442818971699,0.9413093439113461,0.9153175928241664,0.917014356307327,630,469,656,479,571,59,0,26,427,42,0,10,0.8704268292682927,0.8914405010438413,0.9063492063492063,0.9104477611940298,0.9564489112227805,0.977116704805492,630,469,20998.402469682944,24400.0,0.9389442818971699,0.9413093439113461,0.9153175928241664,0.917014356307327
245,0.0,99.5,1169,60.81565575819663,62.54141085464177,48.29054967454462,49.720569162439126,1.7257550964451411,1.430019487894505,1.2068052995459968,7.04389835283731e-05,5.836814236304102e-05,6.440356294570706e-05,12.820841692202642,635,503,660,509,54,41,21578.889635643154,0.9621212121212122,0.9882121807465619,0.9149606299212598,0.9184890656063618,148576,120102,158221,127565,12582,9966,2060289.6114316098,0.939040961692822,0.9414964919844785,0.9153160671979323,0.9170205325473347,635,503,660,509,581,54,0,25,462,41,0,6,0.8803030303030303,0.9076620825147348,0.9149606299212598,0.9184890656063618,0.9587458745874587,0.9871794871794872,635,503,21578.889635643154,24500.0,0.939040961692822,0.9414964919844785,0.9153160671979323,0.9170205325473347
246,0.0,99.5,1148,60.81565575819663,62.484644903583124,48.29054967454462,49.561667862103974,1.6689891453864973,1.2711181875593525,1.3130086263584102,6.784508721083323e-05,5.167147103899807e-05,5.975827912491565e-05,12.92297704147915,635,486,650,498,61,29,21651.38514534425,0.9769230769230769,0.9759036144578314,0.9039370078740158,0.9403292181069959,149211,120588,158871,128063,12643,9995,2081940.9965769541,0.9391959514322942,0.9416302913409806,0.9152676411256543,0.9171144724184828,635,486,650,498,574,61,0,15,457,29,0,12,0.8830769230769231,0.9176706827309237,0.9039370078740158,0.9403292181069959,0.9745331069609507,0.9744136460554371,635,486,21651.38514534425,24600.0,0.9391959514322942,0.9416302913409806,0.9152676411256543,0.9171144724184828
247,0.0,99.5,1127,60.81565575819663,62.43505393320976,48.29054967454462,49.57620649723645,1.6193981750131314,1.285656822691827,1.2595882092567579,6.55626791503292e-05,5.205088350979057e-05,5.880678133005989e-05,12.85884743597331,620,487,630,497,59,48,21337.61235583281,0.9841269841269841,0.9798792756539235,0.9048387096774193,0.9014373716632443,149831,121075,159501,128560,12702,10043,2103278.608932787,0.9393734208562956,0.9417781580584941,0.9152244862545134,0.9170514144125542,620,487,630,497,561,59,0,10,439,48,0,10,0.8904761904761904,0.8832997987927566,0.9048387096774193,0.9014373716632443,0.9824868651488616,0.977728285077951,620,487,21337.61235583281,24700.0,0.9393734208562956,0.9417781580584941,0.9152244862545134,0.9170514144125542
248,0.0,99.5,1144,60.81565575819663,62.493979850482546,48.29054967454462,49.648608678768255,1.6783240922859193,1.3580590042236338,1.2358256063000537,6.76743585599161e-05,5.476044371869491e-05,6.12174011393055e-05,12.84537117171429,620,506,630,514,43,38,22066.54545275359,0.9841269841269841,0.9844357976653697,0.9306451612903226,0.924901185770751,150451,121581,160131,129074,12745,10081,2125345.1543855406,0.9395494938519088,0.9419480298123557,0.91528803397784,0.9170840838617876,620,506,630,514,577,43,0,10,468,38,0,8,0.9158730158730158,0.9105058365758755,0.9306451612903226,0.924901185770751,0.9829642248722317,0.9831932773109243,620,506,22066.54545275359,24800.0,0.9395494938519088,0.9419480298123557,0.91528803397784,0.9170840838617876
249,0.0,99.5,1115,60.81565575819663,62.52199095482836,48.29054967454462,49.556677720104695,1.7063351966317342,1.2661280455600732,1.347679804278354,6.852751793701744e-05,5.084851588594671e-05,5.968801691148208e-05,12.965313234723666,616,471,633,482,51,40,21808.24078391904,0.9731437598736177,0.9771784232365145,0.9172077922077922,0.9150743099787686,151067,122052,160764,129556,12796,10121,2147153.3951694597,0.9396817695503968,0.9420791009293279,0.9152958621009221,0.9170763281224397,616,471,633,482,565,51,0,17,431,40,0,11,0.8925750394944708,0.8941908713692946,0.9172077922077922,0.9150743099787686,0.9707903780068728,0.9751131221719457,616,471,21808.24078391904,24900.0,0.9396817695503968,0.9420791009293279,0.9152958621009221,0.9170763281224397
250,0.0,99.5,1201,60.81565575819663,62.51961296855383,48.29054967454462,49.71590104905015,1.7039572103572027,1.4253513745055315,1.1954646698596143,6.81582884142881e-05,5.701405498022126e-05,6.258617169725468e-05,12.803711919503677,653,518,670,531,38,35,23756.801874322584,0.9746268656716418,0.975517890772128,0.9418070444104135,0.9324324324324325,151720,122570,161434,130087,12834,10156,2170910.197043782,0.939826802284525,0.94221559417928,0.915409965726338,0.9171412254222078,653,518,670,531,615,38,0,17,483,35,0,13,0.917910447761194,0.9096045197740112,0.9418070444104135,0.9324324324324325,0.9731012658227848,0.9737903225806451,653,518,23756.801874322584,25000.0,0.939826802284525,0.94221559417928,0.915409965726338,0.9171412254222078
251,0.0,99.5,1152,60.81565575819663,62.58677387729983,48.29054967454462,49.58671360509547,1.7711181191031997,1.296163930550847,1.3664306476654582,7.056247486466931e-05,5.1639997233101474e-05,6.110123604888539e-05,13.000060272204358,639,478,659,493,62,42,23003.179264619175,0.9696509863429439,0.9695740365111561,0.9029733959311425,0.9121338912133892,152359,123048,162093,130580,12896,10198,2193913.376308401,0.939948054511916,0.9423188849747282,0.9153578062339606,0.9171217736167999,639,478,659,493,577,62,0,20,436,42,0,15,0.8755690440060698,0.8843813387423936,0.9029733959311425,0.9121338912133892,0.966499162479062,0.9667405764966741,639,478,23003.179264619175,25100.0,0.939948054511916,0.9423188849747282,0.9153578062339606,0.9171217736167999
252,0.0,99.5,1226,60.81565575819663,62.533149504314814,48.29054967454462,49.61817147469423,1.717493746118187,1.3276218001496076,1.2936619042596658,6.815451373484869e-05,5.268340476784157e-05,6.041895925134513e-05,12.914978029620585,688,506,708,518,55,37,24462.50779105053,0.9717514124293786,0.9768339768339769,0.9200581395348837,0.9268774703557312,153047,123554,162801,131098,12951,10235,2218375.884099452,0.9400863631058777,0.9424552624754001,0.9153789358824413,0.9171617268562734,688,506,708,518,633,55,0,20,469,37,0,12,0.8940677966101694,0.9054054054054054,0.9200581395348837,0.9268774703557312,0.9693721286370597,0.975051975051975,688,506,24462.50779105053,25200.0,0.9400863631058777,0.9424552624754001,0.9153789358824413,0.9171617268562734
253,0.0,99.5,1115,60.81565575819663,62.495266871790044,48.29054967454462,49.539018252101215,1.6796111135934169,1.2484685775565936,1.3453371144355288,6.638779105112319e-05,4.934658409314599e-05,5.786718757213459e-05,12.956248619688829,604,476,623,492,46,38,22704.069420837954,0.9695024077046549,0.967479674796748,0.923841059602649,0.9201680672268908,153651,124030,163424,131590,12997,10273,2241079.9535202896,0.9401985020560015,0.9425488258986245,0.9154122003761772,0.9171732645327744,604,476,623,492,558,46,0,19,438,38,0,16,0.8956661316211878,0.8902439024390244,0.9238410596026491,0.9201680672268907,0.9670710571923743,0.9647577092511013,604,476,22704.069420837954,25300.0,0.9401985020560015,0.9425488258986245,0.9154122003761772,0.9171732645327744
254,0.0,99.5,1185,60.81565575819663,62.46162559078765,48.29054967454462,49.530274942679156,1.645969832591021,1.239725268134535,1.3276891863854472,6.480196191303232e-05,4.8808081422619485e-05,5.68050216678259e-05,12.931350648108491,658,505,674,511,55,41,24569.051976752457,0.9762611275964391,0.9882583170254403,0.9164133738601824,0.9188118811881189,154309,124535,164098,132101,13052,10314,2265649.005497042,0.9403466221404283,0.9427256417438172,0.9154164695513547,0.9171799092624563,658,505,674,511,603,55,0,16,464,41,0,6,0.8946587537091988,0.9080234833659491,0.9164133738601824,0.9188118811881189,0.9741518578352181,0.9872340425531915,658,505,24569.051976752457,25400.0,0.9403466221404283,0.9427256417438172,0.9154164695513547,0.9171799092624563
255,0.0,99.5,1190,60.81565575819663,62.528652186080166,48.29054967454462,49.68529188178794,1.7129964278835388,1.3947422072433184,1.228181393656426,6.717633050523682e-05,5.469577283307131e-05,6.0936051669154063e-05,12.843360304292226,642,510,665,525,46,44,24592.605496007825,0.9654135338345865,0.9714285714285714,0.9283489096573209,0.9137254901960784,154951,125045,164763,132626,13098,10358,2290241.61099305,0.9404477947111912,0.9428392622864296,0.9154700518228344,0.9171658203046903,642,510,665,525,596,46,0,23,466,44,0,15,0.8962406015037594,0.8876190476190476,0.9283489096573209,0.9137254901960784,0.962843295638126,0.9688149688149689,642,510,24592.605496007825,25500.0,0.9404477947111912,0.9428392622864296,0.9154700518228344,0.9171658203046903
256,0.0,99.5,1198,60.81565575819663,62.541205239794586,48.29054967454462,49.750342190267325,1.7255494815979588,1.4597925157227039,1.182051190845903,6.740427662492027e-05,5.702314514541812e-05,6.22137108851692e-05,12.79086304952726,642,534,654,544,54,48,25391.846512447722,0.981651376146789,0.9816176470588235,0.9158878504672897,0.9101123595505618,155593,125579,165417,133170,13152,10406,2315633.4575054976,0.9406106990212614,0.9429976721483818,0.9154717757225582,0.9171358268500307,642,534,654,544,588,54,0,12,486,48,0,10,0.8990825688073395,0.8933823529411765,0.9158878504672897,0.9101123595505618,0.98,0.9798387096774194,642,534,25391.846512447722,25600.0,0.9406106990212614,0.9429976721483818,0.9154717757225582,0.9171358268500307
257,0.0,99.5,1151,60.81565575819663,62.279175623920786,48.29054967454462,49.713069126421914,1.4635198657241588,1.4225194518772923,1.0288223924057829,5.6946298277204626e-05,5.53509514349141e-05,5.614862485605936e-05,12.566106497498872,595,526,612,539,51,51,24353.458078074433,0.9722222222222222,0.9758812615955473,0.9142857142857143,0.903041825095057,156188,126105,166029,133709,13203,10457,2339986.915583572,0.9407272223527215,0.943130230575354,0.9154672574077394,0.917077038975457,595,526,612,539,544,51,0,17,475,51,0,13,0.8888888888888888,0.8812615955473099,0.9142857142857143,0.903041825095057,0.9696969696969697,0.9733606557377049,595,526,24353.458078074433,25700.0,0.9407272223527215,0.943130230575354,0.9154672574077394,0.917077038975457
258,0.0,99.5,1121,60.81565575819663,62.50668851395546,48.29054967454462,49.54950541919722,1.6910327557588332,1.2589557446525959,1.3432027002867104,6.554390526197028e-05,4.8796734288860305e-05,5.717031977541529e-05,12.957183094758243,608,486,623,498,49,44,24143.643477195703,0.9759229534510433,0.9759036144578314,0.9194078947368421,0.9094650205761317,156796,126591,166652,134207,13252,10501,2364130.5590607678,0.9408587955740105,0.9432518423033076,0.9154825378198423,0.9170478154055186,608,486,623,498,559,49,0,15,442,44,0,12,0.8972712680577849,0.8875502008032129,0.9194078947368421,0.9094650205761317,0.9738675958188153,0.973568281938326,608,486,24143.643477195703,25800.0,0.9408587955740105,0.9432518423033076,0.9154825378198423,0.9170478154055186
259,0.0,99.5,1171,60.81565575819663,62.57469607474338,48.29054967454462,49.6027192509402,1.759040316546752,1.3121695763955756,1.3405586809737613,6.791661453848464e-05,5.0662918007551185e-05,5.928976627301791e-05,12.971976823803182,658,489,675,496,62,45,25436.604490699407,0.9748148148148148,0.9858870967741935,0.9057750759878419,0.9079754601226994,157454,127080,167327,134703,13314,10546,2389567.163551467,0.9409957747404782,0.9434088327654172,0.915441970353246,0.9170129052565313,658,489,675,496,596,62,0,17,444,45,0,7,0.882962962962963,0.8951612903225806,0.9057750759878419,0.9079754601226994,0.9722675367047309,0.9844789356984479,658,489,25436.604490699407,25900.0,0.9409957747404782,0.9434088327654172,0.915441970353246,0.9170129052565313
260,0.0,99.5,1225,60.81565575819663,62.52525906533531,48.29054967454462,49.75990811586838,1.7096033071386856,1.469358441323756,1.1635032399572234,6.57539733514879e-05,5.651378620475984e-05,6.113387977812387e-05,12.765350949466935,655,548,670,555,57,39,27174.176428387174,0.9776119402985075,0.9873873873873874,0.9129770992366413,0.9288321167883211,158109,127628,167997,135258,13371,10585,2416741.3399798544,0.9411418061036805,0.9435892886187878,0.9154317591028973,0.9170636537436926,655,548,670,555,598,57,0,15,509,39,0,7,0.8925373134328358,0.9171171171171171,0.9129770992366413,0.9288321167883211,0.9755301794453507,0.9864341085271318,655,548,27174.176428387174,26000.0,0.9411418061036805,0.9435892886187878,0.9154317591028973,0.9170636537436926
261,0.0,99.5,1137,60.81565575819663,62.39190145051671,48.29054967454462,49.46596087581555,1.5762456923200858,1.1754112012709257,1.341016395467181,6.039255526130597e-05,4.503491192608911e-05,5.271373359369754e-05,12.925940574701166,664,451,676,461,54,35,25483.26493621831,0.9822485207100592,0.9783080260303688,0.9186746987951807,0.9223946784922394,158773,128079,168673,135719,13425,10620,2442224.604916073,0.941306551730271,0.9437072185913542,0.915445321307779,0.9170824256903942,664,451,676,461,610,54,0,12,416,35,0,10,0.9023668639053254,0.9023861171366594,0.9186746987951807,0.9223946784922394,0.9807073954983923,0.9765258215962441,664,451,25483.26493621831,26100.0,0.941306551730271,0.9437072185913542,0.915445321307779,0.9170824256903942
262,0.0,99.5,1099,60.81565575819663,62.34530587489128,48.29054967454462,49.597421879061926,1.5296501166946541,1.3068722045173047,1.1704664858639586,5.8383592240253976e-05,4.98806184930269e-05,5.413210536664044e-05,12.747883995829355,596,471,612,487,50,34,25281.418591740887,0.9738562091503268,0.9671457905544147,0.9161073825503355,0.9278131634819533,159369,128550,169285,136206,13475,10654,2467506.023507814,0.9414242254186727,0.9437910224219197,0.9154477972504063,0.917121742512641,596,471,612,487,546,50,0,16,437,34,0,16,0.8921568627450981,0.8973305954825462,0.9161073825503355,0.9278131634819533,0.9715302491103203,0.9646799116997793,596,471,25281.418591740887,26200.0,0.9414242254186727,0.9437910224219197,0.9154477972504063,0.917121742512641
263,0.0,99.5,1127,60.81565575819663,62.359717203719306,48.29054967454462,49.53277406068025,1.5440614455226793,1.242224386135625,1.2429811093356689,5.870956066626157e-05,4.723286639298954e-05,5.297121352962556e-05,12.82694314303906,621,481,633,494,53,44,26226.270425211904,0.981042654028436,0.9736842105263158,0.9146537842190016,0.9085239085239085,159990,129031,169918,136700,13528,10698,2493732.293933026,0.9415718169940795,0.943899049012436,0.915444715294706,0.9170896916244934,621,481,633,494,568,53,0,12,437,44,0,13,0.8973143759873617,0.8846153846153846,0.9146537842190016,0.9085239085239085,0.9793103448275862,0.9711111111111111,621,481,26226.270425211904,26300.0,0.9415718169940795,0.943899049012436,0.915444715294706,0.9170896916244934
264,0.0,99.5,1242,60.81565575819663,62.557307829602564,48.29054967454462,49.72015939698249,1.7416520714059374,1.429609722437867,1.2182710036666193,6.597166937143702e-05,5.415188342567678e-05,6.00617763985569e-05,12.837148432620076,678,544,687,555,48,50,29772.75044325968,0.9868995633187773,0.9801801801801802,0.9292035398230089,0.9080882352941176,160668,129575,170605,137255,13576,10748,2523505.0443762857,0.9417543448316286,0.9440457542530327,0.9155027759105734,0.9170519004437584,678,544,687,555,630,48,0,9,494,50,0,11,0.9170305676855895,0.8900900900900901,0.9292035398230089,0.9080882352941176,0.9859154929577465,0.9782178217821782,678,544,29772.75044325968,26400.0,0.9417543448316286,0.9440457542530327,0.9155027759105734,0.9170519004437584
265,0.0,99.5,1177,60.81565575819663,62.448602535283506,48.29054967454462,49.60107119066794,1.6329467770868789,1.3105215161233161,1.2460282086152514,6.162063309761807e-05,4.945364211786099e-05,5.553713760773953e-05,12.847531344615568,634,509,656,521,48,40,28576.490147543722,0.9664634146341463,0.9769673704414588,0.9242902208201893,0.9214145383104125,161302,130084,171261,137776,13624,10788,2552081.5345238294,0.9418489907217639,0.9441702473580305,0.9155373150983869,0.9170689708188555,634,509,656,521,586,48,0,22,469,40,0,12,0.8932926829268293,0.9001919385796545,0.9242902208201893,0.9214145383104125,0.9638157894736842,0.975051975051975,634,509,28576.490147543722,26500.0,0.9418489907217639,0.9441702473580305,0.9155373150983869,0.9170689708188555
266,0.0,99.5,1174,60.81565575819663,62.46795534291096,48.29054967454462,49.71787087652745,1.652299584714335,1.4273212019828279,1.1576228128741928,6.211652574114041e-05,5.3658691803865706e-05,5.788760877250306e-05,12.750084466383512,621,527,632,542,58,50,29096.79000510279,0.9825949367088608,0.9723247232472325,0.9066022544283414,0.905123339658444,161923,130611,171893,138318,13682,10838,2581178.324528932,0.9419988015800527,0.9442805708584566,0.9155030477449158,0.9170207716042293,621,527,632,542,563,58,0,11,477,50,0,15,0.8908227848101266,0.8800738007380073,0.9066022544283414,0.905123339658444,0.980836236933798,0.9695121951219512,621,527,29096.79000510279,26600.0,0.9419988015800527,0.9442805708584566,0.9155030477449158,0.9170207716042293
267,0.0,99.5,1215,60.81565575819663,62.55414969791421,48.29054967454462,49.74661548285179,1.7384939397175856,1.4560658083071658,1.1939665980748309,6.511213257369235e-05,5.453429993659797e-05,5.982321625514516e-05,12.807534215062425,654,537,665,550,54,49,30315.864684857483,0.9834586466165414,0.9763636363636363,0.9174311926605505,0.9087523277467412,162577,131148,172558,138868,13736,10887,2611494.1892137895,0.9421585785648884,0.9444076389088919,0.9155108041112826,0.9169869155457956,654,537,665,550,600,54,0,11,488,49,0,13,0.9022556390977443,0.8872727272727273,0.9174311926605505,0.9087523277467412,0.9819967266775778,0.9740518962075848,654,537,30315.864684857483,26700.0,0.9421585785648884,0.9444076389088919,0.9155108041112826,0.9169869155457956
268,0.0,99.5,1249,60.81565575819663,62.52749855776062,48.29054967454462,49.840892209787796,1.7118427995639962,1.5503425352431748,1.1041706981841208,6.387473132701478e-05,5.784860206131249e-05,6.086166669416363e-05,12.686606347972827,642,585,657,592,46,50,32006.64065780868,0.9771689497716894,0.9881756756756757,0.9283489096573209,0.9145299145299145,163219,131733,173215,139460,13782,10937,2643500.829871598,0.9422913719943423,0.9445934318084038,0.9155613010740171,0.9169760044939385,642,585,657,592,596,46,0,15,535,50,0,7,0.9071537290715372,0.9037162162162162,0.9283489096573209,0.9145299145299145,0.9754500818330606,0.9870848708487084,642,585,32006.64065780868,26800.0,0.9422913719943423,0.9445934318084038,0.9155613010740171,0.9169760044939385
269,0.0,99.5,1192,60.81565575819663,62.42981227823729,48.29054967454462,49.81833625474929,1.614156520040666,1.527786580204669,1.0565327258107127,6.0005818588872345e-05,5.67950401563074e-05,5.8400429372589875e-05,12.611476023488002,646,528,658,534,54,53,30325.77708859221,0.9817629179331308,0.9887640449438202,0.9164086687306502,0.8996212121212122,163865,132261,173873,139994,13836,10990,2673826.6069601905,0.9424407469819926,0.9447619183679301,0.9155646416257285,0.916906722314212,646,528,658,534,592,54,0,12,475,53,0,6,0.8996960486322189,0.8895131086142322,0.9164086687306502,0.8996212121212122,0.9801324503311258,0.9875259875259875,646,528,30325.77708859221,26900.0,0.9424407469819926,0.9447619183679301,0.9155646416257285,0.916906722314212
270,0.0,99.5,1095,60.81565575819663,62.277502134938025,48.29054967454462,49.51981734919973,1.4618463767413985,1.2292676746551052,1.189201023407329,5.414245839782957e-05,4.552843239463353e-05,4.983544539623155e-05,12.757684785738299,578,498,590,505,39,34,28571.38294274271,0.9796610169491525,0.9861386138613861,0.9325259515570934,0.9317269076305221,164443,132759,174463,140499,13875,11024,2702397.989902933,0.9425666187099844,0.9449106399333803,0.9156242588617333,0.916962315172606,578,498,590,505,539,39,0,12,464,34,0,7,0.9135593220338983,0.9188118811881189,0.9325259515570934,0.9317269076305221,0.9782214156079855,0.9851380042462845,578,498,28571.38294274271,27000.0,0.9425666187099844,0.9449106399333803,0.9156242588617333,0.916962315172606
271,0.0,99.5,1275,60.81565575819663,62.546262054954425,48.29054967454462,49.72143087643265,1.7306062967577986,1.4308812018880275,1.2094688884543932,6.386001095047227e-05,5.2800044350111714e-05,5.8330027650291994e-05,12.824831178521777,690,558,699,576,62,48,34240.58353036231,0.9871244635193133,0.96875,0.9101449275362319,0.9139784946236559,165133,133317,175162,141075,13937,11072,2736638.5734332954,0.9427444308697092,0.9450079744816587,0.9156013637492203,0.9169498263537283,690,558,699,576,628,62,0,9,510,48,0,18,0.8984263233190272,0.8854166666666666,0.9101449275362319,0.9139784946236559,0.9858712715855573,0.9659090909090909,690,558,34240.58353036231,27100.0,0.9427444308697092,0.9450079744816587,0.9156013637492203,0.9169498263537283
272,0.0,99.5,1201,60.81565575819663,62.57022782352194,48.29054967454462,49.65465626249395,1.7545720653253127,1.3641065879493297,1.286242644691697,6.450632593107767e-05,5.015097749813712e-05,5.7328651714607394e-05,12.915571561027988,672,503,682,519,57,33,33185.17677238104,0.9853372434017595,0.9691714836223507,0.9151785714285714,0.9343936381709741,165805,133820,175844,141594,13994,11105,2769823.7502056765,0.9429096244398444,0.9450965436388548,0.91559965019149,0.917015393812584,672,503,682,519,615,57,0,10,470,33,0,16,0.9017595307917888,0.905587668593449,0.9151785714285714,0.9343936381709742,0.984,0.9670781893004116,672,503,33185.17677238104,27200.0,0.9429096244398444,0.9450965436388548,0.91559965019149,0.917015393812584
273,0.0,99.5,1208,60.81565575819663,62.572933156322115,48.29054967454462,49.5903835918252,1.7572773981254883,1.29983391728058,1.3519245611023438,6.43691354624721e-05,4.761296400295165e-05,5.599104973271187e-05,12.982549564496914,670,519,682,526,55,51,33902.132363827164,0.9824046920821115,0.9866920152091255,0.917910447761194,0.9017341040462428,166475,134339,176526,142120,14049,11156,2803725.8825695035,0.9430622117988285,0.9452504925415142,0.9156089502928367,0.9169563566797431,670,519,682,526,615,55,0,12,468,51,0,7,0.9017595307917888,0.8897338403041825,0.917910447761194,0.9017341040462428,0.9808612440191388,0.9852631578947368,670,519,33902.132363827164,27300.0,0.9430622117988285,0.9452504925415142,0.9156089502928367,0.9169563566797431
274,0.0,99.5,1175,60.81565575819663,62.464544845814544,48.29054967454462,49.75069970530781,1.648889087617917,1.460150030763188,1.1292600437477505,6.0178433854668505e-05,5.329014710814555e-05,5.6734290481407024e-05,12.713845140506734,599,554,611,564,53,57,33202.816612996845,0.9803600654664485,0.9822695035460993,0.9115191986644408,0.8971119133574007,167074,134893,177137,142684,14102,11213,2836928.6991825,0.943190863568876,0.9453968209469877,0.9155942875612004,0.9168748563676395,599,554,611,564,546,53,0,12,497,57,0,10,0.8936170212765957,0.8812056737588653,0.9115191986644408,0.8971119133574007,0.978494623655914,0.980276134122288,599,554,33202.816612996845,27400.0,0.943190863568876,0.9453968209469877,0.9155942875612004,0.9168748563676395
275,0.0,99.5,1181,60.81565575819663,62.48671442173768,48.29054967454462,49.5725908390492,1.6710586635410536,1.2820411645045766,1.303436043870562,6.076576958331104e-05,4.661967870925733e-05,5.369272414628418e-05,12.914123582688482,657,507,664,517,50,39,33848.83842138359,0.9894578313253012,0.9806576402321083,0.923896499238965,0.9230769230769231,167731,135400,177801,143201,14152,11252,2870777.5376038835,0.9433636481234638,0.9455241234348922,0.9156268072091622,0.9168980797636632,657,507,664,517,607,50,0,7,468,39,0,10,0.9141566265060241,0.9052224371373307,0.923896499238965,0.9230769230769231,0.988599348534202,0.9790794979079498,657,507,33848.83842138359,27500.0,0.9433636481234638,0.9455241234348922,0.9156268072091622,0.9168980797636632
276,0.0,99.5,1169,60.81565575819663,62.41222015429538,48.29054967454462,49.723284313245095,1.5965643960987563,1.4327346387004738,1.114347593038499,5.784653609053465e-05,5.1910675315234556e-05,5.48786057028846e-05,12.688935841050288,619,530,632,537,51,35,33985.09366448737,0.9794303797468354,0.9869646182495344,0.9176090468497576,0.9339622641509434,168350,135930,178433,143738,14203,11287,2904762.631268371,0.943491394529039,0.9456789436335555,0.9156340956340956,0.9169646141396307,619,530,632,537,568,51,0,13,495,35,0,7,0.8987341772151899,0.9217877094972067,0.9176090468497576,0.9339622641509434,0.9776247848537005,0.9860557768924303,619,530,33985.09366448737,27600.0,0.943491394529039,0.9456789436335555,0.9156340956340956,0.9169646141396307
277,0.0,99.5,1209,60.81565575819663,62.6229024462589,48.29054967454462,49.618805645677206,1.8072466880622713,1.3282559711325845,1.3606162722696125,6.524356274593037e-05,4.7951479102259366e-05,5.659752092409486e-05,13.004096800581692,687,491,701,508,56,43,36519.6562795067,0.9800285306704708,0.9665354330708661,0.9184861717612809,0.9124236252545825,169037,136421,179134,144246,14259,11330,2941282.2875478775,0.9436343742673082,0.9457523952137321,0.9156456870389323,0.9169482704275734,687,491,701,508,631,56,0,14,448,43,0,17,0.9001426533523538,0.8818897637795275,0.9184861717612809,0.9124236252545825,0.9782945736434109,0.9634408602150538,687,491,36519.6562795067,27700.0,0.9436343742673082,0.9457523952137321,0.9156456870389323,0.9169482704275734
278,0.0,99.5,1146,60.81565575819663,62.47153365673862,48.29054967454462,49.591003045576684,1.6558778985419949,1.300453371032063,1.2733081673108053,5.9563953184963846e-05,4.6778898238563416e-05,5.3171425711763634e-05,12.880530611161937,631,498,639,507,45,38,34745.18466980142,0.9874804381846636,0.9822485207100592,0.9286846275752774,0.9236947791164658,169668,136919,179773,144753,14304,11368,2976027.472217679,0.9437902243384713,0.9458802235532251,0.9156941792205955,0.9169728087409345,631,498,639,507,586,45,0,8,460,38,0,9,0.917057902973396,0.9072978303747534,0.9286846275752774,0.9236947791164659,0.9865319865319865,0.9808102345415778,631,498,34745.18466980142,27800.0,0.9437902243384713,0.9458802235532251,0.9156941792205955,0.9169728087409345
279,0.0,99.5,1167,60.81565575819663,62.548706051806036,48.29054967454462,49.64323253831007,1.7330502936094092,1.3526828637654518,1.2811948314220023,6.211649797883188e-05,4.8483256765786804e-05,5.529987737230934e-05,12.905473513495963,636,509,646,521,53,35,35954.83505951158,0.9845201238390093,0.9769673704414588,0.9166666666666666,0.931237721021611,170304,137428,180419,145274,14357,11403,3011982.3072771905,0.9439360599493402,0.9459917122127841,0.9156978109733183,0.9170256425182641,636,509,646,521,583,53,0,10,474,35,0,12,0.9024767801857585,0.9097888675623801,0.9166666666666666,0.931237721021611,0.9831365935919055,0.9753086419753086,636,509,35954.83505951158,27900.0,0.9439360599493402,0.9459917122127841,0.9156978109733183,0.9170256425182641
280,0.0,99.5,1191,60.81565575819663,62.56308393843301,48.29054967454462,49.613401025359884,1.7474281802363834,1.322851350815263,1.3209558119734746,6.240814929415655e-05,4.724469110054511e-05,5.4826420197350825e-05,12.949682913073126,680,486,695,496,50,44,37373.72579132358,0.9784172661870504,0.9798387096774194,0.9264705882352942,0.9094650205761317,170984,137914,181114,145770,14407,11447,3049356.033068514,0.9440683768234371,0.9461068807024765,0.9157406540962897,0.9169989993764229,680,486,695,496,630,50,0,15,442,44,0,10,0.9064748201438849,0.8911290322580645,0.9264705882352942,0.9094650205761317,0.9767441860465116,0.9778761061946902,680,486,37373.72579132358,28000.0,0.9440683768234371,0.9461068807024765,0.9157406540962897,0.9169989993764229
281,0.0,99.5,1152,60.81565575819663,62.53978087133506,48.29054967454462,49.613947662945776,1.7241251131384345,1.3233979884011546,1.3028016728523315,6.135676559211511e-05,4.709601382210515e-05,5.422638970711013e-05,12.925833208389285,633,502,643,509,55,37,36974.80278928323,0.9844479004665629,0.9862475442043221,0.9131121642969984,0.9262948207171314,171617,138416,181757,146279,14462,11484,3086330.8358577974,0.9442112270779117,0.9462465562384211,0.9157309590541729,0.9170327129811583,633,502,643,509,578,55,0,10,465,37,0,7,0.8989113530326595,0.9135559921414538,0.9131121642969984,0.9262948207171314,0.9829931972789115,0.9851694915254238,633,502,36974.80278928323,28100.0,0.9442112270779117,0.9462465562384211,0.9157309590541729,0.9170327129811583
282,0.0,99.5,1113,60.81565575819663,62.3285603802054,48.29054967454462,49.64922162039784,1.5129046220087758,1.3586719458532173,1.1135172302823282,5.364910007123319e-05,4.817985623592969e-05,5.091447815358144e-05,12.679338759807564,614,483,622,491,39,57,36234.12911990622,0.9871382636655949,0.9837067209775967,0.9364820846905537,0.8819875776397516,172231,138899,182379,146770,14501,11541,3122564.9649777035,0.9443576288936775,0.9463718743612455,0.9158049363935644,0.9169108488902008,614,483,622,491,575,39,0,8,426,57,0,8,0.9244372990353698,0.8676171079429735,0.9364820846905537,0.8819875776397516,0.9862778730703259,0.9815668202764977,614,483,36234.12911990622,28200.0,0.9443576288936775,0.9463718743612455,0.9158049363935644,0.9169108488902008
283,0.0,99.5,1206,60.81565575819663,62.54007439665237,48.29054967454462,49.49601963064659,1.7244186384557452,1.2054699561019717,1.4304949117370414,6.0933520793489227e-05,4.259611152303787e-05,5.1764816158263546e-05,13.044054766005779,671,510,683,523,55,46,39099.84054836042,0.9824304538799414,0.9751434034416826,0.9180327868852459,0.9098039215686274,172902,139409,183062,147293,14556,11587,3161664.805526064,0.9444996777048213,0.9464740347470688,0.9158135822604713,0.9168848496151611,671,510,683,523,616,55,0,12,464,46,0,13,0.9019033674963397,0.887189292543021,0.9180327868852459,0.9098039215686274,0.9808917197452229,0.9727463312368972,671,510,39099.84054836042,28300.0,0.9444996777048213,0.9464740347470688,0.9158135822604713,0.9168848496151611
284,0.0,99.5,1188,60.81565575819663,62.4270189270085,48.29054967454462,49.82051394979009,1.6113631688118701,1.5299642752454687,1.0532031334871148,5.673813974689684e-05,5.387198152272777e-05,5.53050606348123e-05,12.606504977218407,646,519,659,529,53,45,39792.41543021158,0.9802731411229135,0.9810964083175804,0.9179566563467492,0.9132947976878613,173548,139928,183721,147822,14609,11632,3201457.2209562752,0.9446279957108877,0.9465979353546833,0.9158215594532925,0.9168715339317364,646,519,659,529,593,53,0,13,474,45,0,10,0.8998482549317147,0.8960302457466919,0.9179566563467493,0.9132947976878613,0.9785478547854786,0.9793388429752066,646,519,39792.41543021158,28400.0,0.9446279957108877,0.9465979353546833,0.9158215594532925,0.9168715339317364
285,0.0,99.5,1123,60.81565575819663,62.39169165871728,48.29054967454462,49.60788553139385,1.576035900520651,1.3173358568492262,1.196381235906064,5.529950528142635e-05,4.622231076663951e-05,5.076090802403293e-05,12.78380612732343,589,514,602,521,44,43,37711.815902777336,0.978405315614618,0.9865642994241842,0.9252971137521222,0.9163424124513618,174137,140442,184323,148343,14653,11675,3239169.0368590527,0.9447383126359705,0.9467383024477056,0.9158536095143479,0.9168695974138791,589,514,602,521,545,44,0,13,471,43,0,7,0.9053156146179402,0.9040307101727447,0.9252971137521222,0.9163424124513618,0.9767025089605734,0.9853556485355649,589,514,37711.815902777336,28500.0,0.9447383126359705,0.9467383024477056,0.9158536095143479,0.9168695974138791
286,0.0,99.5,1171,60.81565575819663,62.48400180806301,48.29054967454462,49.61044487670011,1.6683460498663862,1.319895202155486,1.26399887441204,5.8333777967356164e-05,4.615018189354846e-05,5.224197993045231e-05,12.873556931362906,644,505,660,511,55,44,39621.94711409874,0.9757575757575757,0.9882583170254403,0.9145962732919255,0.9128712871287129,174781,140947,184983,148854,14708,11719,3278790.9839731515,0.9448489861230491,0.9468808362556599,0.9158489767194374,0.9168552718397696,644,505,660,511,589,55,0,16,461,44,0,6,0.8924242424242425,0.9021526418786693,0.9145962732919255,0.9128712871287129,0.9735537190082645,0.987152034261242,644,505,39621.94711409874,28600.0,0.9448489861230491,0.9468808362556599,0.9158489767194374,0.9168552718397696
287,0.0,99.5,1217,60.81565575819663,62.68901926751625,48.29054967454462,49.582807101946024,1.8733635093196241,1.2922574274014025,1.44968291115708,6.527398987176391e-05,4.502639119865514e-05,5.515019053520953e-05,13.106212165570227,682,514,697,520,49,42,42441.84050261661,0.9784791965566715,0.9884615384615385,0.9281524926686217,0.9182879377431906,175463,141461,185680,149374,14757,11761,3321232.824475768,0.9449752261956054,0.947025586782171,0.9158967987552932,0.9168604774460806,682,514,697,520,633,49,0,15,472,42,0,6,0.9081779053084649,0.9076923076923077,0.9281524926686217,0.9182879377431906,0.9768518518518519,0.9874476987447699,682,514,42441.84050261661,28700.0,0.9449752261956054,0.947025586782171,0.9158967987552932,0.9168604774460806
288,0.0,99.5,1211,60.81565575819663,62.526579896089444,48.29054967454462,49.71648687015127,1.7109241378928175,1.4259371956066502,1.1998593929411614,5.9407088121278384e-05,4.951170818078647e-05,5.445939815103242e-05,12.810093025938173,660,525,675,536,59,52,42090.9206803214,0.9777777777777777,0.9794776119402985,0.9106060606060606,0.900952380952381,176123,141986,186355,149910,14816,11813,3363323.7451560893,0.9450940409433608,0.9471416183043159,0.915876972343192,0.9168016565013453,660,525,675,536,601,59,0,15,473,52,0,11,0.8903703703703704,0.8824626865671642,0.9106060606060606,0.900952380952381,0.9756493506493507,0.9772727272727273,660,525,42090.9206803214,28800.0,0.9450940409433608,0.9471416183043159,0.915876972343192,0.9168016565013453
289,0.0,99.5,1176,60.81565575819663,62.592873858739225,48.29054967454462,49.65025655326749,1.7772181005425978,1.3597068787228679,1.3070597261461865,6.149543600493418e-05,4.704868092466671e-05,5.427205846480044e-05,12.942617305471735,650,493,670,506,61,46,41528.85436958768,0.9701492537313433,0.974308300395257,0.9061538461538462,0.9066937119675457,176773,142479,187025,150416,14877,11859,3404852.599525677,0.9451837989573586,0.9472330071269014,0.9158412200958291,0.9167666814056808,650,493,670,506,589,61,0,20,447,46,0,13,0.8791044776119403,0.883399209486166,0.9061538461538462,0.9066937119675457,0.9671592775041051,0.9717391304347827,650,493,41528.85436958768,28900.0,0.9451837989573586,0.9472330071269014,0.9158412200958291,0.9167666814056808
290,0.0,99.5,1238,60.81565575819663,62.719782590685995,48.29054967454462,49.68085736885147,1.9041268324893679,1.3903076943068484,1.3695722466951383,6.565954594790924e-05,4.794164463127063e-05,5.680059528958993e-05,13.038925221834525,704,509,722,516,58,41,44899.528258706305,0.9750692520775623,0.9864341085271318,0.9176136363636364,0.9194499017681729,177477,142988,187747,150932,14935,11900,3449752.1277843835,0.9452987264776535,0.9473670262104789,0.9158482507592534,0.916776232970599,704,509,722,516,646,58,0,18,468,41,0,7,0.8947368421052632,0.9069767441860465,0.9176136363636364,0.9194499017681729,0.9728915662650602,0.9852631578947368,704,509,44899.528258706305,29000.0,0.9452987264776535,0.9473670262104789,0.9158482507592534,0.916776232970599
291,0.0,99.5,1171,60.81565575819663,62.608246293581246,48.29054967454462,49.572740081748215,1.792590535384619,1.2821904072035935,1.398068902491782,6.160104932593192e-05,4.4061526020742044e-05,5.2831287673336984e-05,13.035506211833031,650,505,660,511,62,42,43618.150756603645,0.9848484848484849,0.9882583170254403,0.9046153846153846,0.9168316831683169,178127,143493,188407,151443,14997,11942,3493370.278540987,0.9454372714389593,0.9475050018818961,0.9158072611114542,0.9167764281184448,650,505,660,511,588,62,0,10,463,42,0,6,0.8909090909090909,0.9060665362035225,0.9046153846153846,0.9168316831683169,0.9832775919732442,0.9872068230277186,650,505,43618.150756603645,29100.0,0.9454372714389593,0.9475050018818961,0.9158072611114542,0.9167764281184448
292,0.0,99.5,1139,60.81565575819663,62.468344637943105,48.29054967454462,49.63159214557156,1.6526888797464778,1.3410424710269382,1.2323911549802657,5.659893423789308e-05,4.592611202147048e-05,5.126252312968178e-05,12.836752492371545,603,518,616,523,53,55,42267.04792925313,0.9788961038961039,0.9904397705544933,0.912106135986733,0.8938223938223938,178730,144011,189023,151966,15050,11997,3535637.32647024,0.9455463091793063,0.9476527644341497,0.9157947742404744,0.9166938636631924,603,518,616,523,550,53,0,13,463,55,0,5,0.8928571428571429,0.8852772466539197,0.912106135986733,0.8938223938223938,0.9769094138543517,0.9893162393162394,603,518,42267.04792925313,29200.0,0.9455463091793063,0.9476527644341497,0.9157947742404744,0.9166938636631924
293,0.0,99.5,1126,60.81565575819663,62.501417331950876,48.29054967454462,49.60551407089344,1.6857615737542488,1.3149643963488202,1.281982674538564,5.75345247015102e-05,4.487933093340683e-05,5.120692781745852e-05,12.895903261057434,593,514,603,523,53,52,42983.87777241238,0.9834162520729685,0.982791586998088,0.9106239460370995,0.8988326848249028,179323,144525,189626,152489,15103,12049,3578621.2042426523,0.9456667334648202,0.9477732820072268,0.9157776749217892,0.9166303407714929,593,514,603,523,540,53,0,10,462,52,0,9,0.8955223880597015,0.8833652007648184,0.9106239460370995,0.8988326848249028,0.9818181818181818,0.9808917197452229,593,514,42983.87777241238,29300.0,0.9456667334648202,0.9477732820072268,0.9157776749217892,0.9166303407714929
294,0.0,99.5,1183,60.81565575819663,62.46526823682313,48.29054967454462,49.61274225177524,1.6496124786265014,1.3221925772306165,1.2476340489535032,5.6109267980493245e-05,4.497253664049716e-05,5.05409023104952e-05,12.85252598504789,662,510,667,516,63,40,45481.70752748076,0.992503748125937,0.9883720930232558,0.904833836858006,0.9215686274509804,179985,145035,190293,153005,15166,12089,3624102.911770133,0.945830902870836,0.9479101990131041,0.9157374225629914,0.916647705726204,662,510,667,516,599,63,0,5,470,40,0,6,0.8980509745127436,0.9108527131782945,0.904833836858006,0.9215686274509803,0.9917218543046358,0.9873949579831933,662,510,45481.70752748076,29400.0,0.945830902870836,0.9479101990131041,0.9157374225629914,0.916647705726204
295,0.0,99.5,1164,60.81565575819663,62.47426103288913,48.29054967454462,49.689806324263316,1.6586052746925048,1.3992566497186942,1.1853474307418512,5.622390761669508e-05,4.7432428804023535e-05,5.18281682103593e-05,12.784454708625816,628,520,638,526,52,49,45741.56378378687,0.9843260188087775,0.9885931558935361,0.9171974522292994,0.9057692307692308,180613,145555,190931,153531,15218,12138,3669844.4755539196,0.9459595351200172,0.9480495795637364,0.9157424991556532,0.916608842018481,628,520,638,526,576,52,0,10,471,49,0,6,0.9028213166144201,0.8954372623574145,0.9171974522292994,0.9057692307692308,0.9829351535836177,0.9874213836477987,628,520,45741.56378378687,29500.0,0.9459595351200172,0.9480495795637364,0.9157424991556532,0.916608842018481
296,0.0,99.5,1118,60.81565575819663,62.428000769745665,48.29054967454462,49.59948148467809,1.6123450115490385,1.3089318101334655,1.2318021451282748,5.447111525503508e-05,4.4220669261265724e-05,4.9345892258150404e-05,12.828519285067578,602,496,614,504,50,47,44482.5651208151,0.9804560260586319,0.9841269841269841,0.9169435215946844,0.905241935483871,181215,146051,191545,154035,15268,12185,3714327.040674735,0.9460701140724112,0.9481676242412439,0.9157464889771818,0.9165702391630322,602,496,614,504,552,50,0,12,449,47,0,8,0.8990228013029316,0.8908730158730159,0.9169435215946844,0.905241935483871,0.9787234042553191,0.9824945295404814,602,496,44482.5651208151,29600.0,0.9460701140724112,0.9481676242412439,0.9157464889771818,0.9165702391630322
297,0.0,99.5,1155,60.81565575819663,62.57196258676046,48.29054967454462,49.67815378802196,1.7563068285638366,1.3876041134773374,1.2657117484053357,5.913491005265443e-05,4.672067722145917e-05,5.29277936370568e-05,12.893808798738505,625,506,637,518,58,45,46847.31633011147,0.9811616954474097,0.9768339768339769,0.9072,0.9110671936758893,181840,146557,192182,154553,15326,12230,3761174.3570048464,0.9461864274489806,0.9482637024192349,0.9157171139463265,0.9165512394494975,625,506,637,518,567,58,0,12,461,45,0,12,0.8901098901098901,0.88996138996139,0.9072,0.9110671936758893,0.9792746113989638,0.9746300211416491,625,506,46847.31633011147,29700.0,0.9461864274489806,0.9482637024192349,0.9157171139463265,0.9165512394494975
298,0.0,99.5,1197,60.81565575819663,62.608815406933395,48.29054967454462,49.73672440391926,1.7931596487367685,1.4461747293746399,1.2399329156527117,6.0173142575059345e-05,4.8529353334719456e-05,5.4351247954889404e-05,12.872091003014134,671,512,678,519,50,36,49579.844552464725,0.9896755162241888,0.9865125240847784,0.9254843517138599,0.9296875,182511,147069,192860,155072,15376,12266,3810754.201557311,0.946339313491652,0.9483917148163433,0.9157530231054567,0.916596971489573,671,512,678,519,621,50,0,7,476,36,0,7,0.915929203539823,0.9171483622350675,0.9254843517138599,0.9296875,0.9888535031847133,0.9855072463768116,671,512,49579.844552464725,29800.0,0.946339313491652,0.9483917148163433,0.9157530231054567,0.916596971489573
299,0.0,99.5,1166,60.81565575819663,62.53421090882552,48.29054967454462,49.533263056162106,1.7185551506288945,1.2427133816174845,1.3829054841206154,5.7476760890598476e-05,4.156232045543426e-05,4.9519540673016366e-05,13.000947852663415,659,489,669,497,54,54,48255.91787194883,0.9850523168908819,0.9839034205231388,0.9180576631259484,0.8895705521472392,183170,147558,193529,155569,15430,12320,3859010.11942926,0.9464731383926956,0.948505164910747,0.9157613146257575,0.9165074072568075,659,489,669,497,605,54,0,10,435,54,0,8,0.9043348281016442,0.8752515090543259,0.9180576631259484,0.8895705521472392,0.983739837398374,0.981941309255079,659,489,48255.91787194883,29900.0,0.9464731383926956,0.948505164910747,0.9157613146257575,0.9165074072568075
300,0.0,99.5,1165,60.81565575819663,62.65419419994895,48.29054967454462,49.487490942885806,1.8385384417523198,1.1969412683411846,1.5360306227057499,6.128461472507732e-05,3.989804227803949e-05,5.059132850155841e-05,13.16670325706314,669,478,681,484,64,43,49873.33336269882,0.9823788546255506,0.987603305785124,0.9043348281016442,0.9100418410041841,183839,148036,194210,156053,15494,12363,3908883.452791959,0.9465990422738273,0.9486264282006754,0.9157197330272684,0.9164865303034397,669,478,681,484,605,64,0,12,435,43,0,6,0.8883994126284875,0.8987603305785123,0.9043348281016442,0.9100418410041841,0.9805510534846029,0.9863945578231292,669,478,49873.33336269882,30000.0,0.9465990422738273,0.9486264282006754,0.9157197330272684,0.9164865303034397
