episode,time_start,time_end,timesteps_in_episode,mu_M_start,mu_M_end,mu_F_start,mu_F_end,delta_mu_M,delta_mu_F,rho_episode,R_M,R_F,R_total,wealth_gap,loans_M_episode,loans_F_episode,applications_M_episode,applications_F_episode,defaults_M_episode,defaults_F_episode,profit_episode,approval_rate_M_episode,approval_rate_F_episode,success_prob_M_episode,success_prob_F_episode,total_loans_M,total_loans_F,total_applications_M,total_applications_F,total_defaults_M,total_defaults_F,cumulative_profit,approval_rate_M_cumulative,approval_rate_F_cumulative,success_prob_M_cumulative,success_prob_F_cumulative,actual_approvals_M_episode,actual_approvals_F_episode,true_approvals_M_episode,true_approvals_F_episode,true_positive_M,false_positive_M,true_negative_M,false_negative_M,true_positive_F,false_positive_F,true_negative_F,false_negative_F,accuracy_M,accuracy_F,precision_M,precision_F,recall_M,recall_F,hawkes_events_M,hawkes_events_F,approval_disparity,rho_cumulative
1,0.0,99.5,199,60.81565575819663,60.966988912087196,48.29054967454462,48.41324952112095,0.1513331538905689,0.1226998465763316,1.2333605796028808,0.0015209362200057175,0.0012331642871993124,0.001377050253602515,12.553739390966243,97,76,535,464,15,15,-197.76588046657423,0.18130841121495328,0.16379310344827586,0.845360824742268,0.8026315789473684,97,76,535,464,15,15,-210.12354090409966,0.18130841121495328,0.16379310344827586,0.845360824742268,0.8026315789473684,97,76,98,60,19,78,359,79,11,65,339,49,0.7065420560747664,0.7543103448275862,0.1958762886597938,0.14473684210526316,0.19387755102040816,0.18333333333333332,8,7,0.017515307766677424,1.2333605796028808
2,99.5,199.0,199,60.966988912087196,61.12297619588701,48.41324952112095,48.54576554535613,0.15598728379981708,0.13251602423517994,1.1771201611284536,0.0015443238074893768,0.0012824918131231736,0.0014134078103062752,12.57721065053088,96,80,594,538,20,11,-290.4651923843176,0.16161616161616163,0.14869888475836432,0.7916666666666666,0.8625,193,156,1129,1002,35,26,-502.08873328841764,0.17094774136403898,0.15568862275449102,0.8186528497409327,0.8333333333333334,96,80,128,66,43,150,753,183,23,133,743,103,0.7050487156775908,0.7644710578842315,0.22279792746113988,0.14743589743589744,0.1902654867256637,0.18253968253968253,5,9,0.01291727685779731,1.2041588037342552
3,199.0,298.5,199,61.12297619588701,61.246694262193344,48.54576554535613,48.6472767450897,0.12371806630633131,0.10151119973356515,1.2187627240250551,0.0014440150887662221,0.001195065562965081,0.0013195403258656514,12.599417517103646,81,64,579,491,17,11,-372.2690591349634,0.13989637305699482,0.13034623217922606,0.7901234567901234,0.828125,274,220,1708,1493,52,37,-874.3577924233809,0.16042154566744732,0.14735432016075017,0.8102189781021898,0.8318181818181818,81,64,134,48,58,216,1132,302,29,191,1128,145,0.6967213114754098,0.7749497655726725,0.2116788321167883,0.1318181818181818,0.16111111111111112,0.16666666666666666,6,1,0.009550140877768759,1.2083145339603558
4,298.5,398.0,199,61.246694262193344,61.39101651574793,48.6472767450897,48.77882354540116,0.14432225355458428,0.1315468003114617,1.0971171720853286,0.0014456300440987477,0.0012268187709963277,0.0013362244075475378,12.612192970346769,87,75,578,486,16,7,-86.99125641328212,0.15051903114186851,0.15432098765432098,0.8160919540229885,0.9066666666666666,361,295,2286,1979,68,44,-961.3490488366625,0.157917760279965,0.14906518443658415,0.8116343490304709,0.8508474576271187,87,75,109,56,74,287,1530,395,35,260,1489,195,0.7016622922134733,0.7700859019706923,0.20498614958448755,0.11864406779661017,0.15778251599147122,0.15217391304347827,6,5,-0.0038019565124524646,1.1783566393630562
5,398.0,497.5,199,61.39101651574793,61.542040664993856,48.77882354540116,48.91037367777858,0.15102414924592722,0.13155013237741997,1.1480349469557043,0.0014600701644165402,0.0012458773934350923,0.0013529737789258161,12.631666987215276,90,76,628,498,12,8,-45.53217394799738,0.14331210191082802,0.15261044176706828,0.8666666666666667,0.8947368421052632,451,371,2914,2477,80,52,-1006.8812227846602,0.1547700754975978,0.14977795720629794,0.8226164079822617,0.8598382749326146,90,76,125,60,92,359,1961,502,41,330,1857,249,0.7045298558682224,0.766249495357287,0.2039911308203991,0.1105121293800539,0.15488215488215487,0.1413793103448276,9,5,-0.009298339856240262,1.171921227650566
6,497.5,597.0,199,61.542040664993856,61.68806653967103,48.91037367777858,49.03076739036575,0.14602587467717143,0.12039371258717324,1.212902829717447,0.0014613245920844225,0.0012398956713921803,0.0013506101317383014,12.657299149305274,101,73,565,487,24,12,-379.6727852680191,0.17876106194690267,0.14989733059548255,0.7623762376237624,0.8356164383561644,552,444,3479,2964,104,64,-1386.554008052678,0.15866628341477437,0.14979757085020243,0.8115942028985508,0.8558558558558559,101,73,114,49,120,432,2339,588,49,395,2230,290,0.706812302385743,0.7688933873144399,0.21739130434782608,0.11036036036036036,0.1694915254237288,0.14454277286135694,8,5,0.02886373135142012,1.1785867358046482
7,597.0,696.5,199,61.68806653967103,61.84957388892446,49.03076739036575,49.149813401707554,0.16150734925343357,0.11904601134180126,1.3566800553251517,0.001484448141748505,0.0012336880504851871,0.001359068096116846,12.699760487216906,102,74,587,470,15,9,-115.8852174480587,0.1737649063032368,0.1574468085106383,0.8529411764705882,0.8783783783783784,654,518,4066,3434,119,73,-1489.5131688842716,0.16084604033448105,0.15084449621432733,0.8180428134556574,0.859073359073359,102,74,120,51,135,519,2719,693,58,460,2584,332,0.7019183472700443,0.7693651718112988,0.20642201834862386,0.11196911196911197,0.16304347826086957,0.14871794871794872,7,4,0.01631809779259849,1.203260533458761
8,696.5,796.0,199,61.84957388892446,62.019590225046905,49.149813401707554,49.25242058362709,0.17001633612244405,0.10260718191953799,1.656963313306535,0.0015124804859928114,0.0012083805390483303,0.0013604305125205708,12.767169641419812,94,67,620,464,11,13,-45.275480880807706,0.15161290322580645,0.14439655172413793,0.8829787234042553,0.8059701492537313,748,585,4686,3898,130,86,-1534.7886497650788,0.1596244131455399,0.1500769625448948,0.8262032085561497,0.852991452991453,94,67,120,51,153,595,3143,795,69,516,2941,372,0.7033717456252667,0.7721908671113391,0.20454545454545456,0.11794871794871795,0.16139240506329114,0.1564625850340136,4,5,0.007216351501668522,1.2516590900942326
9,796.0,895.5,199,62.019590225046905,62.16657267769979,49.25242058362709,49.39796611798627,0.14698245265288534,0.14554553435917938,1.0098726374535127,0.001508561607485386,0.0012366459446584593,0.0013726037760719227,12.768606559713518,87,82,608,497,12,9,-97.80521215685337,0.14309210526315788,0.16498993963782696,0.8620689655172413,0.8902439024390244,835,667,5294,4395,142,95,-1632.5938619219319,0.15772572723838307,0.15176336746302616,0.829940119760479,0.8575712143928036,87,82,150,60,166,669,3527,932,73,594,3300,428,0.6975821684926332,0.7674630261660979,0.19880239520958085,0.10944527736131934,0.151183970856102,0.14570858283433133,4,3,-0.02189783437466908,1.2198815788798993
10,895.5,995.0,199,62.16657267769979,62.332353198577756,49.39796611798627,49.550428062029575,0.16578052087796635,0.15246194404330282,1.0873567296956461,0.0015243190355589242,0.0012662094346582442,0.0013952642351085843,12.781925136548182,100,88,610,498,16,8,101.5373587505947,0.16393442622950818,0.17670682730923695,0.84,0.9090909090909091,935,755,5904,4893,158,103,-1531.056503171336,0.15836720867208673,0.1543020641733088,0.8310160427807487,0.8635761589403974,100,88,114,57,187,748,3944,1025,87,668,3667,471,0.6996951219512195,0.7672184753729818,0.2,0.1152317880794702,0.1542904290429043,0.15591397849462366,4,5,-0.012772401079728768,1.2038443197750655
11,995.0,1094.5,199,62.332353198577756,62.45953685562826,49.550428062029575,49.657246106956386,0.1271836570505016,0.10681804492681124,1.1906570386833453,0.00150194709678541,0.0012486947760728775,0.0013753209364291436,12.802290748671872,75,70,572,463,12,12,-149.11225983824417,0.13111888111888112,0.1511879049676026,0.84,0.8285714285714285,1010,825,6476,5356,170,115,-1680.1687630095798,0.15596046942557135,0.15403286034353997,0.8316831683168316,0.8606060606060606,75,70,129,65,207,803,4332,1134,97,728,4005,526,0.7008956145768993,0.7658700522778192,0.20495049504950494,0.11757575757575757,0.15436241610738255,0.15569823434991975,3,10,-0.020069023848721473,1.2028136303324712
12,1094.5,1194.0,199,62.45953685562826,62.633948974096874,49.657246106956386,49.78446790369161,0.17441211846861648,0.1272217967352276,1.370929533652168,0.001522858639782452,0.0012511877966055209,0.0013870232181939866,12.849481070405261,104,85,594,476,16,17,-290.3956163551287,0.1750841750841751,0.17857142857142858,0.8461538461538461,0.8,1114,910,7070,5832,186,132,-1943.6359561650122,0.15756718528995756,0.15603566529492455,0.8330341113105925,0.8549450549450549,104,85,126,50,233,881,4722,1234,106,804,4355,567,0.7008486562942009,0.7649176954732511,0.20915619389587073,0.11648351648351649,0.15882753919563736,0.1575037147102526,3,5,-0.0034872534872534833,1.2171303491881678
13,1194.0,1293.5,199,62.633948974096874,62.818971451406846,49.78446790369161,49.940479456675355,0.18502247730997112,0.1560115529837418,1.1859536923477236,0.001548755850954943,0.0012755545281258089,0.001412155189540376,12.87849199473149,117,89,661,521,22,13,-115.43160897416938,0.17700453857791226,0.1708253358925144,0.811965811965812,0.8539325842696629,1231,999,7731,6353,208,145,-2038.7455721927713,0.15922907773897296,0.15724854399496302,0.8310316815597075,0.8548548548548549,117,89,125,68,251,980,5159,1341,117,882,4730,624,0.6997801060664856,0.7629466393829687,0.20389926888708368,0.11711711711711711,0.15766331658291458,0.15789473684210525,10,10,0.006179202685397872,1.214182394248996
14,1293.5,1393.0,199,62.818971451406846,63.004405997670624,49.940479456675355,50.0492760777015,0.1854345462637781,0.10879662102614418,1.7044145720225774,0.0015712492745685548,0.001262545874484478,0.0014168975745265165,12.955129919969124,117,74,609,482,22,15,-460.7506712497184,0.1921182266009852,0.15352697095435686,0.811965811965812,0.7972972972972973,1348,1073,8340,6835,230,160,-2499.496243442493,0.16163069544364508,0.15698610095098756,0.8293768545994065,0.8508853681267474,117,74,137,60,272,1076,5535,1457,122,951,5083,679,0.6962829736211031,0.761521580102414,0.20178041543026706,0.11369990680335508,0.15731636784268363,0.1523096129837703,7,5,0.03859125564662835,1.2445086600992825
15,1393.0,1492.5,199,63.004405997670624,63.159283147724565,50.0492760777015,50.21067067102952,0.15487715005394165,0.1613945933280192,0.9596179578281692,0.0015702696077239118,0.0012865132304756429,0.0014283914190997772,12.948612476695047,98,88,604,511,22,9,-203.5753120150969,0.16225165562913907,0.17221135029354206,0.7755102040816326,0.8977272727272727,1446,1161,8944,7346,252,169,-2703.0715554575913,0.1616726296958855,0.1580451946637626,0.8257261410788381,0.8544358311800172,98,88,143,55,290,1156,5916,1582,131,1030,5460,725,0.6938729874776386,0.7610944731826844,0.20055325034578148,0.11283376399655469,0.15491452991452992,0.1530373831775701,7,5,-0.009959694664402996,1.220562346757491
16,1492.5,1592.0,199,63.159283147724565,63.300059138359956,50.21067067102952,50.34552875962859,0.14077599063539026,0.13485808859907422,1.0438824404067422,0.0015605548870372668,0.0012908160082185749,0.0014256854476279207,12.954530378731363,86,93,587,476,13,20,-320.6790471824074,0.1465076660988075,0.1953781512605042,0.8488372093023255,0.7849462365591398,1532,1254,9531,7822,265,189,-3023.750602639998,0.1607386423250446,0.1603170544617745,0.827023498694517,0.8492822966507176,86,93,122,56,311,1221,6316,1683,140,1114,5796,772,0.6953100409191061,0.7588851956021477,0.20300261096605743,0.11164274322169059,0.1559679037111334,0.15350877192982457,9,7,-0.0488704851616967,1.20896772049717
17,1592.0,1691.5,199,63.300059138359956,63.48937102812852,50.34552875962859,50.51641076319245,0.18931188976856106,0.17088200356385386,1.1078515339259847,0.0015806770735630445,0.001315909600146512,0.0014482933368547782,12.97296026493607,125,105,613,514,23,16,-294.7929086759678,0.2039151712887439,0.20428015564202334,0.8160000000000001,0.8476190476190476,1657,1359,10144,8336,288,205,-3290.6435167070695,0.16334779179810727,0.1630278310940499,0.8261919130959565,0.8491537895511405,125,105,126,58,344,1313,6711,1776,151,1208,6158,819,0.6954850157728707,0.756837811900192,0.2076041038020519,0.1111111111111111,0.16226415094339622,0.1556701030927835,10,9,-0.0003649843532794461,1.2012049105706453
18,1691.5,1791.0,199,63.48937102812852,63.63022635394593,50.51641076319245,50.65244981569501,0.14085532581741234,0.13603905250256076,1.0354036082011149,0.0015715078703234517,0.0013187605478226611,0.0014451342090730564,12.977776538250922,96,81,624,475,21,12,-415.2406215364496,0.15384615384615385,0.1705263157894737,0.78125,0.8518518518518519,1753,1440,10768,8811,309,217,-3705.884138243518,0.16279717682020803,0.1634320735444331,0.8237307472903594,0.8493055555555555,96,81,123,59,365,1388,7137,1878,163,1277,6505,866,0.6966939078751857,0.7567812961071388,0.20821448944666288,0.11319444444444444,0.16272848863129738,0.15840621963070942,10,2,-0.016680161943319838,1.1916552045161566
19,1791.0,1890.5,199,63.63022635394593,63.78761102980727,50.65244981569501,50.78699134260552,0.1573846758613442,0.13454152691051036,1.1697851174680651,0.0015720472211640552,0.001320519263719067,0.0014462832424415612,13.000619687201755,102,85,629,467,18,15,-357.7854046296305,0.16216216216216217,0.18201284796573874,0.8235294117647058,0.8235294117647058,1855,1525,11397,9278,327,232,-4066.3219576075476,0.16276213038518908,0.16436732054322054,0.8237196765498652,0.8478688524590163,102,85,130,43,391,1464,7560,1982,174,1351,6855,898,0.6976397297534439,0.757598620392326,0.21078167115902965,0.11409836065573771,0.16477033291192583,0.1623134328358209,5,5,-0.019850685803576573,1.1904765529406918
20,1890.5,1990.0,199,63.78761102980727,63.96538522303475,50.78699134260552,50.929258652817886,0.1777741932274779,0.14226731021236816,1.2495786485462275,0.0015827786255467962,0.0013259844111925953,0.0014543815183696957,13.036126570216865,102,102,613,512,11,25,-201.3680975360029,0.16639477977161501,0.19921875,0.892156862745098,0.7549019607843137,1957,1627,12010,9790,338,257,-4272.664739766999,0.16294754371357204,0.1661899897854954,0.8272866632600919,0.842040565457898,102,102,96,53,410,1547,7994,2059,188,1439,7226,937,0.6997502081598668,0.7573033707865169,0.20950434338272866,0.11555009219422249,0.16605913325232888,0.1671111111111111,10,7,-0.032823970228384985,1.1936630718933108
21,1990.0,2089.5,199,63.96538522303475,64.17334667348885,50.929258652817886,51.08806268390155,0.20796145045409986,0.1588040310836618,1.3095476798352854,0.0016069351114104925,0.0013388432684168108,0.0014728891899136517,13.085283989587303,130,97,659,508,25,16,-330.31636150719993,0.19726858877086495,0.19094488188976377,0.8076923076923077,0.8350515463917526,2087,1724,12669,10298,363,273,-4602.981101274199,0.16473281237666745,0.16741114779568847,0.8260661236224245,0.8416473317865429,130,97,148,44,439,1648,8404,2178,197,1527,7602,972,0.6980029994474702,0.7573315206836279,0.2103497843794921,0.1142691415313225,0.1677493312953764,0.16852010265183917,10,4,0.0063237068811011765,1.2002413944320023
22,2089.5,2189.0,199,64.17334667348885,64.36695232561509,51.08806268390155,51.220317390287036,0.19360565212623726,0.13225470638548842,1.4638847827609751,0.001622337399460238,0.0013384046211705868,0.0014803710103154124,13.146634935328052,116,76,664,462,16,11,-107.13399390733748,0.1746987951807229,0.1645021645021645,0.8620689655172413,0.8552631578947368,2203,1800,13333,10760,379,284,-4714.479434487303,0.1652291307282682,0.16728624535315986,0.8279618701770313,0.8422222222222222,116,76,149,35,463,1740,8827,2303,205,1595,7961,999,0.6967674191854797,0.7589219330855018,0.21016795279164777,0.11388888888888889,0.16738973246565436,0.17026578073089702,5,5,0.010196630678558388,1.2121427061730554
23,2189.0,2288.5,199,64.36695232561509,64.52921730279738,51.220317390287036,51.352923916751536,0.16226497718228927,0.13260652646449955,1.2236575492061446,0.0016227055034305224,0.0013381578510845158,0.001480431677257519,13.176293386045842,98,79,536,472,12,13,-25.983479467732895,0.1828358208955224,0.1673728813559322,0.8775510204081632,0.8354430379746836,2301,1879,13869,11232,391,297,-4746.3125101738915,0.16590958252217175,0.16728988603988604,0.8300738809213386,0.8419372006386376,98,79,114,49,482,1819,9170,2398,215,1664,8315,1038,0.6959405869204701,0.7594373219373219,0.2094741416775315,0.11442256519425226,0.1673611111111111,0.17158818834796488,9,4,0.015462939539590187,1.2126413203908597
24,2288.5,2388.0,199,64.52921730279738,64.67517015837377,51.352923916751536,51.463970409454234,0.1459528555763967,0.11104649270269817,1.314340075261561,0.0016162120603756898,0.0013289031553222832,0.0014725576078489866,13.21119974891954,90,66,598,442,17,7,-33.20188772258183,0.1505016722408027,0.1493212669683258,0.8111111111111111,0.8939393939393939,2391,1945,14467,11674,408,304,-4779.514397896476,0.16527268956936475,0.1666095597053281,0.8293601003764115,0.8437017994858612,90,66,132,56,499,1892,9563,2513,230,1715,8650,1079,0.6955139282505012,0.7606647250299812,0.20869928900041823,0.11825192802056556,0.16567065073041168,0.17570664629488159,10,6,0.0011804052724768976,1.2162000322617406
25,2388.0,2487.5,199,64.67517015837377,64.85815630988571,51.463970409454234,51.57632618910666,0.18298615151194042,0.11235577965242527,1.6286314071070624,0.0016251258499252613,0.0013209151817334824,0.0014730205158293719,13.281830120779055,105,72,648,480,13,15,-91.18484471721641,0.16203703703703703,0.15,0.8761904761904762,0.7916666666666666,2496,2017,15115,12154,421,319,-4870.699242613692,0.16513397287462786,0.1659535955241073,0.8313301282051282,0.8418443232523549,105,72,126,54,524,1972,10005,2614,241,1776,9015,1122,0.6965927886205756,0.7615599802534145,0.20993589743589744,0.11948438274665345,0.16698534098151688,0.1768158473954512,10,5,0.01203703703703704,1.2303029538903116
26,2487.5,2587.0,199,64.85815630988571,65.05441283186735,51.57632618910666,51.70739493622827,0.19625652198163834,0.13106874712160987,1.4973555961402845,0.0016384836001819582,0.0013207751301444327,0.0014796293651631954,13.347017895639084,108,83,635,518,10,9,90.99754618424952,0.1700787401574803,0.16023166023166024,0.9074074074074074,0.891566265060241,2604,2100,15750,12672,431,328,-4779.701696429447,0.16533333333333333,0.16571969696969696,0.8344854070660522,0.8438095238095238,108,83,123,61,543,2061,10428,2718,251,1849,9399,1173,0.6965714285714286,0.7615214646464646,0.20852534562211983,0.11952380952380952,0.16651333946642136,0.17626404494382023,9,5,0.009847079925820068,1.2405469809253469
27,2587.0,2686.5,199,65.05441283186735,65.21927517161537,51.70739493622827,51.86062091572738,0.16486233974801223,0.15322597949911199,1.0759424758578078,0.0016391659830332173,0.0013288930732115241,0.0014840295281223707,13.358654255887984,94,86,653,485,9,6,320.606128352136,0.1439509954058193,0.177319587628866,0.9042553191489362,0.9302325581395349,2698,2186,16403,13157,440,334,-4435.173508434253,0.16448210693165885,0.1661472980162651,0.8369162342475909,0.8472095150960659,94,86,126,50,560,2138,10878,2827,258,1928,9755,1216,0.6973114674144973,0.7610397507030479,0.20756115641215717,0.11802378774016468,0.165338057277827,0.17503392130257803,7,4,-0.033368592223046695,1.2334822237216267
28,2686.5,2786.0,199,65.21927517161537,65.3568252050334,51.86062091572738,51.995099545093126,0.1375500334180373,0.13447862936574495,1.0228393467927084,0.0016299962120735016,0.0013297020353727582,0.00147984912372313,13.361725659940277,83,76,631,528,14,7,3.4206016309452796,0.13153724247226625,0.14393939393939395,0.8313253012048193,0.9078947368421053,2781,2262,17034,13685,454,341,-4431.75290680331,0.16326171187037689,0.16529046401169165,0.8367493707299533,0.8492484526967286,83,76,124,49,581,2200,11323,2930,266,1996,10166,1257,0.6988376188798873,0.7622944830105955,0.20891765551959726,0.11759504862953139,0.16547992025064084,0.17465528562048588,3,8,-0.012402151467127698,1.2258356900360472
29,2786.0,2885.5,199,65.3568252050334,65.52816892540856,51.995099545093126,52.12795991291125,0.17134372037516243,0.13286036781812527,1.2896526119039324,0.0016331703923798087,0.0013298943816900466,0.0014815323870349278,13.400209012497314,109,73,677,511,20,6,-82.46769699754464,0.16100443131462333,0.14285714285714285,0.8165137614678899,0.9178082191780822,2890,2335,17711,14196,474,347,-4514.220603800856,0.16317542770029925,0.16448295294449142,0.8359861591695502,0.8513918629550321,109,73,123,54,602,2288,11789,3032,275,2060,10559,1302,0.6996217040257467,0.7631727247111862,0.2083044982698962,0.11777301927194861,0.16565767749036875,0.17438173747622068,10,5,0.01814728845748048,1.2280451852908463
30,2885.5,2985.0,199,65.52816892540856,65.67762110292206,52.12795991291125,52.268936304398466,0.1494521775134956,0.14097639148721441,1.060122024240136,0.0016287991104607818,0.0013327928408220584,0.0014807959756414201,13.408684798523595,87,81,633,498,14,12,-151.8499174428285,0.13744075829383887,0.16265060240963855,0.8390804597701149,0.8518518518518519,2977,2416,18344,14694,488,359,-4633.826524783743,0.16228739642389883,0.16442085204845516,0.8360765871682903,0.8514072847682119,87,81,152,57,621,2356,12202,3165,282,2134,10926,1352,0.6990296554731792,0.7627603103307472,0.20859926100100773,0.11672185430463576,0.16402535657686212,0.17258261933904528,4,7,-0.025209844115799684,1.2220947326338794
31,2985.0,3084.5,199,65.67762110292206,65.79433380838901,52.268936304398466,52.38198470773505,0.11671270546695212,0.11304840333658461,1.0324135681904112,0.0016140956557602157,0.0013264500026553506,0.001470272829207783,13.412349100653962,74,69,637,492,14,10,-172.27897445797691,0.11616954474097331,0.1402439024390244,0.8108108108108107,0.855072463768116,3051,2485,18981,15186,502,369,-4778.751533720623,0.16073968705547653,0.16363756091136572,0.8354637823664373,0.8515090543259557,74,69,146,51,642,2409,12640,3290,292,2193,11308,1393,0.6997523839629103,0.7638614513367575,0.21042281219272368,0.11750503018108652,0.16327568667344863,0.17329376854599407,2,5,-0.024074357698051094,1.2168537468649723
32,3084.5,3184.0,199,65.79433380838901,65.9648821142147,52.38198470773505,52.49616500019858,0.17054830582569025,0.11418029246353001,1.4936755034163587,0.00161721933292025,0.0013208590846903138,0.0014690392088052818,13.468717114016123,102,66,629,496,18,7,-47.2186504752709,0.16216216216216217,0.13306451612903225,0.8235294117647058,0.8939393939393939,3153,2551,19610,15682,520,376,-4793.8384215582355,0.1607853136155023,0.1626705777324321,0.8350777037741833,0.8526068208545668,102,66,129,39,660,2493,13056,3401,297,2254,11704,1427,0.6994390617032127,0.7652722866981252,0.2093244529019981,0.11642493139945119,0.16252154641713865,0.17227378190255221,10,2,0.02909764603312992,1.2243693151411532
33,3184.0,3283.5,199,65.9648821142147,66.08595332066426,52.49616500019858,52.62205875881876,0.12107120644955671,0.1258937586201796,0.9616934769167351,0.0016050852938838535,0.0013191743822975905,0.001462129838090722,13.4638945618455,79,65,643,497,12,4,85.231620602991,0.12286158631415241,0.13078470824949698,0.8481012658227848,0.9384615384615385,3232,2616,20253,16179,532,380,-4708.606800955242,0.15958129659803486,0.16169108103096608,0.8353960396039604,0.8547400611620795,79,65,137,54,680,2552,13503,3518,308,2308,12093,1470,0.7002913148669333,0.766487421966747,0.2103960396039604,0.11773700305810397,0.16198189614101954,0.1732283464566929,7,4,-0.007923121935344571,1.216734736076587
34,3283.5,3383.0,199,66.08595332066426,66.23156835919704,52.62205875881876,52.72957772690013,0.14561503853278168,0.10751896808137218,1.3543195319971613,0.0016009200712386682,0.0013121572723486582,0.001456538671793663,13.50199063229691,87,71,584,476,14,12,-250.4834061738479,0.14897260273972604,0.14915966386554622,0.8390804597701149,0.8309859154929577,3319,2687,20837,16655,546,392,-4959.090207129087,0.15928396602198014,0.1613329330531372,0.8354926182585116,0.8541123930033494,87,71,130,47,699,2620,13889,3629,314,2373,12457,1511,0.7001007822623219,0.7667967577304113,0.21060560409761978,0.11685895050241905,0.1615064695009242,0.17205479452054795,6,2,-0.00018706112582017598,1.220067216769791
35,3383.0,3482.5,199,66.23156835919704,66.37927873658641,52.72957772690013,52.851687845894816,0.1477103773893731,0.1221101189946836,1.2096489513355078,0.0015975945379439447,0.0013097309896195819,0.0014536627637817632,13.527590890691599,97,74,655,532,17,13,-316.51324725338196,0.1480916030534351,0.13909774436090225,0.8247422680412371,0.8243243243243243,3416,2761,21492,17187,563,405,-5279.395386970929,0.1589428624604504,0.1606446732995869,0.8351873536299765,0.8533140166606302,97,74,154,47,723,2693,14317,3759,320,2441,12874,1552,0.6997952726595943,0.7676732414033863,0.21165105386416863,0.11590003621876131,0.16131191432396252,0.17094017094017094,5,5,0.008993858692532858,1.2197883005028187
36,3482.5,3582.0,199,66.37927873658641,66.50887157796278,52.851687845894816,52.9685159913693,0.12959284137636473,0.11682814547448572,1.109260451323921,0.0015893958179134986,0.001305964912569704,0.0014476803652416013,13.540355586593478,86,69,616,512,20,11,-428.776685272287,0.1396103896103896,0.134765625,0.7674418604651163,0.8405797101449275,3502,2830,22108,17699,583,416,-5713.284184217239,0.15840419757553828,0.1598960393242556,0.8335237007424329,0.8530035335689046,86,69,117,62,741,2761,14748,3858,329,2501,13264,1605,0.7006061154333273,0.7680094920616984,0.21159337521416333,0.11625441696113074,0.16112198303979125,0.17011375387797312,10,10,0.004844764610389601,1.2170279634742232
37,3582.0,3681.5,199,66.50887157796278,66.61765186878202,52.9685159913693,53.07729965527311,0.10878029081924012,0.10878366390380734,0.9999689927288146,0.0015759869918743426,0.0013002172974951752,0.0014381021446847589,13.54035221350891,71,71,651,510,17,14,-474.1854195436607,0.10906298003072197,0.1392156862745098,0.7605633802816901,0.8028169014084507,3573,2901,22759,18209,600,430,-6187.4696037609,0.15699283799815458,0.15931682135207864,0.8320738874895046,0.8517752499138228,71,71,135,50,751,2822,15203,3983,336,2565,13660,1648,0.7009974076189639,0.7686308968092701,0.21018751749230338,0.11582213029989659,0.15863962822137728,0.1693548387096774,3,3,-0.03015270624378784,1.2120950820377705
38,3681.5,3781.0,199,66.61765186878202,66.73058422440062,53.07729965527311,53.17938928051489,0.1129323556185966,0.10208962524178133,1.10620795552081,0.0015643820328495078,0.0012930017471489733,0.0014286918899992407,13.551194943885726,80,65,636,484,18,12,-400.45830694679137,0.12578616352201258,0.13429752066115702,0.775,0.8153846153846154,3653,2966,23395,18693,618,442,-6593.269415040438,0.1561444753152383,0.1586690204889531,0.8308239802901725,0.8509777478084963,80,65,140,52,773,2880,15641,4101,348,2618,14039,1688,0.7016029066039752,0.7696463916974269,0.21160689843963865,0.11732973701955496,0.158596635207222,0.17092337917485265,6,1,-0.008511357139144443,1.2098839280758273
39,3781.0,3880.5,199,66.73058422440062,66.88418828654103,53.17938928051489,53.30500132728717,0.15360406214041689,0.12561204677228233,1.2228449904878973,0.0015638532478661012,0.0012922179236548256,0.0014280355857604634,13.57918695925386,102,79,656,515,18,7,-122.61702657526627,0.15548780487804878,0.1533980582524272,0.8235294117647058,0.9113924050632911,3755,3045,24051,19208,636,449,-6719.600671814721,0.15612656438401729,0.1585276967930029,0.8306258322237017,0.8525451559934318,102,79,129,50,795,2960,16088,4208,354,2691,14431,1732,0.7019666541931728,0.7697313619325281,0.21171770972037285,0.11625615763546798,0.1589046572056766,0.16970278044103548,5,8,0.0020897466256215858,1.210208602774213
40,3880.5,3980.0,199,66.88418828654103,67.01524358682254,53.30500132728717,53.40145744250992,0.1310553002815027,0.09645611522275033,1.358703903623435,0.0015576853840768615,0.0012841476803932919,0.0014209165322350767,13.613786144312613,89,59,669,476,15,10,-247.09491700181732,0.13303437967115098,0.12394957983193278,0.8314606741573034,0.8305084745762712,3844,3104,24720,19684,651,459,-6966.695588816537,0.15550161812297736,0.15769152611257875,0.8306451612903226,0.8521262886597938,89,59,171,50,821,3023,16523,4353,359,2745,14803,1777,0.7016181229773463,0.7702702702702703,0.213579604578564,0.11565721649484537,0.15867800541167376,0.16807116104868913,4,6,0.0090847998392182,1.2130110951100221
41,3980.0,4079.5,199,67.01524358682254,67.14207009864192,53.40145744250992,53.48548281590039,0.1268265118193881,0.08402537339046745,1.5093834957450645,0.0015507817968979769,0.0012734239836636276,0.0014121028902808024,13.656587282741533,86,54,602,494,22,11,-401.15818774127655,0.14285714285714285,0.10931174089068826,0.7441860465116279,0.7962962962962963,3930,3158,25322,20178,673,470,-7367.853776557809,0.15520101097859568,0.15650708692635543,0.8287531806615775,0.8511716276124129,86,54,134,56,845,3085,16929,4463,367,2791,15195,1825,0.7019192796777506,0.7712359996035286,0.21501272264631044,0.1162127929069031,0.15919366993217784,0.16742700729927007,5,2,0.033545401966454585,1.2178047663562874
42,4079.5,4179.0,199,67.14207009864192,67.31616593785947,53.48548281590039,53.59614057069025,0.1740958392175429,0.1106577547898624,1.5732818684795167,0.0015555181095149174,0.0012695838468881626,0.00141255097820154,13.720025367169214,97,72,619,522,14,13,-44.385330428620925,0.1567043618739903,0.13793103448275862,0.8556701030927836,0.8194444444444444,4027,3230,25941,20700,687,483,-7412.239106986426,0.15523688369762154,0.15603864734299516,0.8294015396076484,0.8504643962848297,97,72,123,58,872,3155,17355,4559,375,2855,15595,1875,0.702632897729463,0.7714975845410628,0.2165383660293022,0.11609907120743033,0.16055974958571165,0.16666666666666666,5,4,0.018773327391231692,1.2252188883212396
43,4179.0,4278.5,199,67.31616593785947,67.46354596176117,53.59614057069025,53.702327352498095,0.1473800239017038,0.10618678180784258,1.3879319195152293,0.0015537899272091956,0.0012648773350364551,0.0014093336311228255,13.761218609263075,92,66,633,469,13,12,-93.10195109791468,0.14533965244865718,0.14072494669509594,0.8586956521739131,0.8181818181818181,4119,3296,26574,21169,700,495,-7470.933487649895,0.15500112892300746,0.1556993717228022,0.8300558387958242,0.8498179611650485,92,66,136,45,891,3228,17779,4676,382,2914,15960,1913,0.702566418303605,0.7719778922008598,0.21631463947560087,0.11589805825242719,0.16005029638943777,0.1664488017429194,5,3,0.004614705753561238,1.2284115496182983
44,4278.5,4378.0,199,67.46354596176117,67.62263076173716,53.702327352498095,53.83294693375078,0.1590847999759859,0.13061958125268802,1.2179245902513725,0.0015548138427456668,0.0012659655685715308,0.0014103897056585988,13.789683827986373,96,76,601,511,16,9,-71.49850753248914,0.15973377703826955,0.1487279843444227,0.8333333333333334,0.881578947368421,4215,3372,27175,21680,716,504,-7547.207625425532,0.15510579576816927,0.1555350553505535,0.8301304863582444,0.8505338078291815,96,76,104,65,910,3305,18199,4761,394,2978,16342,1966,0.7031830726770929,0.7719557195571956,0.2158956109134045,0.11684460260972716,0.1604655263621936,0.1669491525423729,8,4,0.011005792693846855,1.2281643998422973
45,4378.0,4477.5,199,67.62263076173716,67.79007637067458,53.83294693375078,53.95966420164017,0.16744560893742744,0.12671726788938997,1.3214111361964398,0.0015576595449420339,0.0012661338977321165,0.0014118967213370753,13.83041216903441,99,81,631,482,15,13,-164.5180335289476,0.15689381933438987,0.16804979253112035,0.8484848484848485,0.8395061728395061,4314,3453,27806,22162,731,517,-7711.7256589544795,0.15514637128677264,0.15580723761393375,0.830551692165044,0.8502751230813785,99,81,157,58,935,3379,18599,4893,401,3052,16692,2017,0.7025102495864202,0.7712751556718708,0.2167362076958739,0.11613090066608746,0.16043239533287576,0.16583953680727875,10,2,-0.011155973196730479,1.2302486709597575
46,4477.5,4577.0,199,67.79007637067458,67.93635878270756,53.95966420164017,54.09169280725155,0.1462824120329742,0.13202860561137442,1.1079599860620797,0.001555757706906474,0.0012674553490729574,0.0014116065279897157,13.84466597545601,95,87,640,515,18,17,-462.9149637379154,0.1484375,0.16893203883495145,0.8105263157894737,0.8045977011494253,4409,3540,28446,22677,749,534,-8174.640622692394,0.1549954299374253,0.15610530493451516,0.8301202086640962,0.8491525423728814,95,87,162,59,956,3453,19003,5034,411,3129,17071,2066,0.7016452225268931,0.7709132601314107,0.21682921297346336,0.11610169491525424,0.1595993322203673,0.16592652402099314,1,5,-0.020494538834951448,1.2274654945788714
47,4577.0,4676.5,199,67.93635878270756,68.1180305181784,54.09169280725155,54.200729577404275,0.18167173547084303,0.10903677015272706,1.6661511086248857,0.0015615042788371162,0.00126380410624605,0.001412654192541583,13.917300940774126,109,72,632,497,15,13,-262.090055720704,0.17246835443037975,0.1448692152917505,0.8623853211009174,0.8194444444444444,4518,3612,29078,23174,764,547,-8443.69336087606,0.1553751977439989,0.15586433071545697,0.8308986277113767,0.8485603543743079,109,72,143,46,978,3540,19405,5155,418,3194,17457,2105,0.7009766834032602,0.7713385690860447,0.21646746347941567,0.11572535991140642,0.15946518832545248,0.16567578279825604,17,2,0.02759913913862924,1.2355587951643408
48,4676.5,4776.0,199,68.1180305181784,68.27974675433869,54.200729577404275,54.33923232635842,0.16171623616028796,0.13850274895414572,1.167603079227168,0.0015628331231453227,0.0012664745920883164,0.0014146538576168197,13.940514427980268,93,72,656,472,17,7,-76.44457747735335,0.14176829268292682,0.15254237288135594,0.8172043010752688,0.9027777777777778,4611,3684,29734,23646,781,554,-8520.137938353417,0.15507499831842336,0.1557980208069018,0.8306224246367382,0.8496199782844733,93,72,148,44,999,3612,19841,5282,422,3262,17817,2145,0.7008811461626421,0.7713355324367758,0.21665582303188027,0.11454940282301845,0.15905110651170196,0.16439423451499804,4,3,-0.010774080198429126,1.234002745028098
49,4776.0,4875.5,199,68.27974675433869,68.41196109461464,54.33923232635842,54.466800789428895,0.1322143402759508,0.12756846307047454,1.0364186970169083,0.0015580566785802507,0.0012667933780913289,0.0014124250283357898,13.945160305185745,83,74,589,556,13,11,-154.29467228736718,0.14091680814940577,0.13309352517985612,0.8433734939759037,0.8513513513513513,4694,3758,30323,24202,794,565,-8690.560755111022,0.15479998680869306,0.15527642343607967,0.8308478909245846,0.849654071314529,83,74,117,63,1010,3684,20241,5388,432,3326,18246,2198,0.7008211588563137,0.7717544004627717,0.21516829995739242,0.11495476317189994,0.1578618318224445,0.16425855513307985,5,4,0.00782328296954965,1.2299217106169018
50,4875.5,4975.0,199,68.41196109461464,68.57039879649591,54.466800789428895,54.57610558144596,0.15843770188126882,0.10930479201706333,1.4495037130351565,0.001558742319256137,0.0012634283229952436,0.0014110853211256903,13.99429321504995,104,74,703,528,21,20,-654.5918062997281,0.14793741109530584,0.14015151515151514,0.7980769230769231,0.7297297297297297,4798,3832,31026,24730,815,585,-9322.099315399983,0.15464449171662475,0.15495349777598058,0.8301375573155482,0.8473382045929019,104,74,141,56,1030,3768,20719,5509,438,3394,18650,2248,0.7009927157867595,0.7718560452891225,0.21467278032513548,0.11430062630480167,0.15751643982260286,0.16306775874906926,10,7,0.007785895943790699,1.2337402058240903
51,4975.0,5074.5,199,68.57039879649591,68.71046645913387,54.57610558144596,54.69510293889346,0.14006766263796067,0.11899735744750473,1.1770653201248695,0.0015557810032391845,0.0012621052841361399,0.0014089431436876622,14.015363520240406,91,69,649,501,14,9,-157.73291443398048,0.14021571648690292,0.1377245508982036,0.8461538461538461,0.8695652173913043,4889,3901,31675,25231,829,594,-9479.832229833963,0.15434885556432518,0.15461139074947486,0.8304356719165473,0.8477313509356575,91,69,145,59,1046,3843,21148,5638,444,3457,19029,2301,0.7006787687450671,0.7717886726645793,0.21394968296175088,0.11381697000769034,0.15649311789347695,0.16174863387978142,9,6,0.002491165588699329,1.2326871797419452
52,5074.5,5174.0,199,68.71046645913387,68.85682710925073,54.69510293889346,54.81471308130819,0.14636065011686128,0.11961014241472867,1.2236474864261895,0.0015541498552481838,0.00126095156682713,0.0014075507110376567,14.042114027942539,88,66,635,517,11,4,167.09776215948014,0.13858267716535433,0.1276595744680851,0.875,0.9393939393939394,4977,3967,32310,25748,840,598,-9312.73446767448,0.1540389972144847,0.15407021904613952,0.8312236286919832,0.8492563650113436,88,66,141,65,1065,3912,21573,5760,453,3514,19424,2357,0.7006499535747447,0.7719822898865931,0.21398432790837854,0.11419208469876481,0.15604395604395604,0.16120996441281138,5,5,0.010923102697269232,1.232521451366141
53,5174.0,5273.5,199,68.85682710925073,69.04040089731352,54.81471308130819,54.933655496510795,0.18357378806278746,0.11894241520260351,1.5433837269076174,0.0015596368899434704,0.0012597147666570919,0.0014096758283002812,14.106745400802723,111,74,646,568,18,10,-153.06359386011044,0.17182662538699692,0.13028169014084506,0.8378378378378378,0.8648648648648649,5088,4041,32956,26316,858,608,-9465.798061534593,0.15438766840636,0.15355677154582764,0.8313679245283019,0.8495421925266023,111,74,134,72,1084,4004,21993,5875,462,3579,19855,2420,0.7002366792086419,0.7720398236814106,0.2130503144654088,0.11432813659985153,0.15576950711309095,0.16030534351145037,7,5,0.041544935246151854,1.238087328357897
54,5273.5,5373.0,199,69.04040089731352,69.23653021984411,54.933655496510795,55.06721085588689,0.19612932253059512,0.1335553593760963,1.468524538789106,0.0015672574840214937,0.001261243473169974,0.001414250478595734,14.169319363957221,116,76,703,503,18,9,-68.96276160900813,0.16500711237553342,0.15109343936381708,0.8448275862068966,0.881578947368421,5204,4117,33659,26819,876,617,-9513.328423396957,0.1546094655218515,0.15351057086393974,0.8316679477325135,0.8501335924216662,116,76,143,65,1110,4094,22463,5992,469,3648,20224,2478,0.7003476039098012,0.771579850106268,0.21329746348962336,0.11391790138450328,0.1562940016896649,0.15914489311163896,11,5,0.013913673011716338,1.2426288162129338
55,5373.0,5472.5,199,69.23653021984411,69.38920158832,55.06721085588689,55.18865176133078,0.15267136847589313,0.1214409054438903,1.2571659270642734,0.0015666598136360674,0.0012605028938850909,0.0014135813537605791,14.200549826989224,89,78,607,547,12,12,-39.09135319206795,0.14662273476112025,0.1425959780621572,0.8651685393258427,0.8461538461538461,5293,4195,34266,27366,888,629,-9552.419776589022,0.15446798575847778,0.15329240663597166,0.8322312488191952,0.8500595947556615,89,78,125,68,1127,4166,22873,6100,475,3720,20631,2540,0.7004027315706531,0.771248995103413,0.21292272813149443,0.11323003575685339,0.15594299155942992,0.15754560530679934,4,3,0.0040267566989630466,1.2428847416663575
56,5472.5,5572.0,199,69.38920158832,69.58014590256244,55.18865176133078,55.34013935218852,0.1909443142424294,0.15148759085774088,1.2604617524199826,0.001572952287215687,0.0012651812056073046,0.0014190667464114958,14.240006550373913,108,85,611,505,10,11,212.33998496641541,0.176759410801964,0.16831683168316833,0.9074074074074074,0.8705882352941177,5401,4280,34877,27871,898,640,-9345.037772755117,0.15485850273819424,0.15356463707796633,0.833734493612294,0.8504672897196262,108,85,119,59,1143,4258,23273,6203,490,3790,21007,2584,0.7000602116007684,0.7713035054357577,0.21162747639326052,0.11448598130841121,0.1555948815682004,0.1594014313597918,8,4,0.008442579118795673,1.2432624514530692
57,5572.0,5671.5,199,69.58014590256244,69.73505510734418,55.34013935218852,55.45207356399165,0.1549092047817453,0.11193421180312413,1.3839308133442516,0.0015726702546323818,0.0012627213064351627,0.0014176957805337722,14.282981543352534,92,64,630,476,15,3,150.15148995203398,0.14603174603174604,0.13445378151260504,0.8369565217391304,0.953125,5493,4344,35507,28347,913,643,-9202.430157919562,0.15470188976821472,0.15324372949518467,0.8337884580375023,0.8519797421731123,92,64,119,52,1157,4336,23706,6308,496,3848,21373,2630,0.7002281240318811,0.7714749356192895,0.2106317130893865,0.1141804788213628,0.1549899531145345,0.15866922584772872,9,5,0.011577964519141004,1.2454610899631116
58,5671.5,5771.0,199,69.73505510734418,69.90052028512571,55.45207356399165,55.59056285923241,0.16546517778152747,0.1384892952407668,1.194786770297751,0.0015742270883606102,0.0012649477013841261,0.0014195873948723682,14.309957425893295,98,78,650,499,10,6,177.94445781204857,0.15076923076923077,0.156312625250501,0.8979591836734694,0.9230769230769231,5591,4422,36157,28846,923,649,-9024.485700107522,0.1546311917471029,0.1532968175830271,0.8349132534430335,0.8532338308457712,98,78,153,64,1182,4409,24130,6436,505,3917,21739,2685,0.7000580800398263,0.7711294460237121,0.2114111965659095,0.11420171867933061,0.15515883433972172,0.15830721003134796,5,3,-0.005543394481270225,1.2444997422724002
59,5771.0,5870.5,199,69.90052028512571,70.06290802386597,55.59056285923241,55.71607014245942,0.16238773874026435,0.12550728322700877,1.2938511181582093,0.0015752069271219396,0.0012648872273085428,0.0014200470772152412,14.34683788140655,105,72,666,518,17,9,-130.80576187733936,0.15765765765765766,0.138996138996139,0.8380952380952381,0.875,5696,4494,36823,29364,940,658,-9155.291461984867,0.1546859299894088,0.15304454434000817,0.8349719101123596,0.8535825545171339,105,72,136,58,1204,4492,24577,6550,517,3977,22139,2731,0.7001330690057844,0.7715570085819371,0.21137640449438203,0.11504227859368046,0.15527469693061646,0.15917487684729065,4,6,0.01866151866151866,1.2453338867795372
60,5870.5,5970.0,199,70.06290802386597,70.18047044090018,55.71607014245942,55.81103701355998,0.11756241703420756,0.09496687110056001,1.2379308244210891,0.0015686456754947324,0.0012597131221131258,0.0014141793988039291,14.369433427340198,81,62,661,519,17,11,-297.72710762958445,0.12254160363086233,0.11946050096339114,0.7901234567901234,0.8225806451612903,5777,4556,37484,29883,957,669,-9415.933370206172,0.15411909081207983,0.1524612656025165,0.83434308464601,0.8531606672519754,81,62,125,53,1212,4565,25040,6667,526,4030,22552,2775,0.7003521502507737,0.7722785530234582,0.20979747273671456,0.1154521510096576,0.15382662774463765,0.159345652832475,4,3,0.0030811026674711917,1.2452404027223143
61,5970.0,6069.5,199,70.18047044090018,70.34545280976819,55.81103701355998,55.929035426815496,0.1649823688680101,0.11799841325551341,1.3981744696071274,0.0015701123736010483,0.0012585032955384915,0.00141430783456977,14.416417382952694,105,65,657,522,19,7,-128.4917628089443,0.1598173515981735,0.12452107279693486,0.819047619047619,0.8923076923076922,5882,4621,38141,30405,976,676,-9544.425133015116,0.15421724653260271,0.15198158197664857,0.8340700442026522,0.8537113178965592,105,65,133,66,1237,4645,25484,6775,532,4089,22949,2835,0.7005846726619648,0.7722742969906266,0.21030261815708942,0.1151265959748972,0.15439340988517225,0.158004158004158,6,3,0.035296278801238645,1.2476029098749597
62,6069.5,6169.0,199,70.34545280976819,70.49562938811596,55.929035426815496,56.039694432585804,0.15017657834776799,0.11065900577030874,1.357111220206375,0.0015691317279817364,0.0012561427716066109,0.0014126372497941736,14.455934955530154,96,69,698,495,15,11,-123.4437787144262,0.13753581661891118,0.1393939393939394,0.84375,0.8405797101449275,5978,4690,38839,30900,991,687,-9667.868911729545,0.15391745410540952,0.1517799352750809,0.834225493476079,0.8535181236673774,96,69,147,53,1254,4724,25956,6905,544,4146,23334,2876,0.7005844640696207,0.7727508090614886,0.20976915356306458,0.11599147121535182,0.15369530579727908,0.15906432748538013,2,5,-0.0018581227750282259,1.2491667057676983
63,6169.0,6268.5,199,70.49562938811596,70.69228717868292,56.039694432585804,56.16105763361739,0.19665779056695953,0.12136320103158482,1.620407082998571,0.001575597259390012,0.001255564801638792,0.0014155810305144022,14.531229545065528,120,82,680,512,20,17,-309.8757231864481,0.17647058823529413,0.16015625,0.8333333333333334,0.7926829268292683,6098,4772,39519,31412,1011,704,-9977.744634916002,0.15430552392520053,0.15191646504520565,0.8342079370285339,0.8524727577535625,120,82,149,66,1289,4809,26402,7019,558,4214,23712,2928,0.7007009286672233,0.7726346619126448,0.21138078058379797,0.11693210393964795,0.15515166104959074,0.16006884681583478,6,4,0.01631433823529413,1.254891230889482
64,6268.5,6368.0,199,70.69228717868292,70.86557043948771,56.16105763361739,56.308036434366116,0.17328326080479428,0.1469788007487267,1.1789677145416186,0.0015781901195494794,0.001259027443439305,0.0014186087814943922,14.557534005121596,110,84,707,504,17,6,133.35478998300405,0.15558698727015557,0.16666666666666666,0.8454545454545455,0.9285714285714286,6208,4856,40226,31916,1028,710,-9844.389844932986,0.15432804653706558,0.15214939215440532,0.8344072164948454,0.8537891268533773,110,84,154,46,1315,4893,26871,7147,571,4285,24099,2961,0.7006910953114901,0.7729665371600452,0.21182345360824742,0.11758649093904448,0.1554006145119357,0.1616647791619479,7,2,-0.011079679396511083,1.2534993798374345
65,6368.0,6467.5,199,70.86557043948771,71.02424077752745,56.308036434366116,56.45957342490824,0.15867033803974095,0.15153699054212666,1.047073308451584,0.0015784437602366951,0.0012630883263028405,0.001420766043269768,14.56466735261921,96,82,627,528,12,7,191.1311039870375,0.15311004784688995,0.1553030303030303,0.875,0.9146341463414634,6304,4938,40853,32444,1040,717,-9660.548962609395,0.1543093530462879,0.15220071507828875,0.8350253807106599,0.8547995139732685,96,82,135,53,1337,4967,27289,7260,577,4361,24498,3008,0.7007074143881722,0.772870176303785,0.21208756345177665,0.116848926690968,0.15551936722112364,0.1609483960948396,8,8,-0.0021929824561403577,1.2496701357829225
66,6467.5,6567.0,199,71.02424077752745,71.1933195540424,56.45957342490824,56.60475382334908,0.16907877651495085,0.14518039844083575,1.1646116027423234,0.0015802746757797742,0.001266058192295486,0.00142316643403763,14.588565730693325,91,75,665,533,10,7,241.3668289145784,0.1368421052631579,0.14071294559099437,0.8901098901098901,0.9066666666666666,6395,5013,41518,32977,1050,724,-9399.602210759698,0.15402957753263644,0.15201504078600236,0.8358092259577795,0.8555755036904049,91,75,140,56,1360,5035,27746,7377,585,4428,24908,3056,0.7010453297364998,0.7730539466901174,0.21266614542611414,0.11669658886894076,0.15565983747281675,0.16067014556440537,7,11,-0.0038708403278364667,1.2481848665380721
67,6567.0,6666.5,199,71.1933195540424,71.37306384320797,56.60475382334908,56.753886167717674,0.17974428916556917,0.14913234436859568,1.2052669722760676,0.0015836508040218025,0.001269532212281265,0.0014265915081515337,14.619177675490299,118,82,644,521,20,9,-65.69105870996877,0.18322981366459629,0.15738963531669867,0.8305084745762712,0.8902439024390244,6513,5095,42162,33498,1070,733,-9465.293269469663,0.15447559413690054,0.15209863275419427,0.8357131890066022,0.8561334641805691,118,82,131,61,1384,5129,28165,7484,591,4504,25292,3111,0.7008443622219059,0.7726729954027106,0.21249808076155383,0.11599607458292444,0.15606675687866486,0.15964343598055106,8,5,0.02584017834789762,1.24742861087084
68,6666.5,6766.0,199,71.37306384320797,71.54226756424421,56.753886167717674,56.90009286459283,0.16920372103624004,0.1462066968751543,1.1572911819540173,0.0015853697614613637,0.0012724716509086916,0.0014289207061850277,14.642174699651385,100,84,676,487,14,12,-27.987316134593108,0.14792899408284024,0.17248459958932238,0.86,0.8571428571428572,6613,5179,42838,33985,1084,745,-9497.043358074267,0.15437228628787525,0.15239076062968956,0.8360804476032058,0.8561498358756516,100,84,175,49,1405,5208,28587,7638,598,4581,25653,3153,0.7001260563051497,0.7724290127997646,0.2124603054589445,0.11546630623672524,0.15536879354196617,0.15942415355905093,7,4,-0.024555605506482142,1.2458979029742838
69,6766.0,6865.5,199,71.54226756424421,71.70159251671345,56.90009286459283,57.035471414044366,0.15932495246923395,0.13537854945153782,1.1768847658267187,0.0015855999939577336,0.001273748705775216,0.001429674349866475,14.66612110266908,92,92,687,505,10,17,-58.85041009803954,0.1339155749636099,0.18217821782178217,0.8913043478260869,0.8152173913043479,6705,5271,43525,34490,1094,762,-9561.612047609244,0.1540493968983343,0.15282690634966656,0.8368381804623415,0.8554354012521344,92,92,164,52,1423,5282,29036,7784,604,4667,26020,3199,0.6998047099368179,0.7719338938822847,0.2122296793437733,0.11458926199962056,0.15455631584663843,0.15882198264528005,3,6,-0.04826264285817228,1.2448295230986883
70,6865.5,6965.0,199,71.70159251671345,71.89793460447812,57.035471414044366,57.17952291630593,0.19634208776467688,0.14405150226156138,1.36299923764883,0.001591138384247164,0.0012762344927151911,0.0014336864384811776,14.718411688172196,111,89,665,534,13,15,-111.10582440768107,0.16691729323308271,0.16666666666666666,0.8828828828828829,0.8314606741573034,6816,5360,44190,35024,1107,777,-9680.190797705254,0.15424304141208417,0.15303791685701235,0.8375880281690141,0.8550373134328358,111,89,125,48,1447,5369,29489,7885,611,4749,26424,3240,0.7000678886625934,0.771899269072636,0.21229460093896713,0.11399253731343284,0.1550578654093442,0.15866008828875616,6,9,0.00025062656641605674,1.246744538977327
71,6965.0,7064.5,199,71.89793460447812,72.10529011100355,57.17952291630593,57.33346150344482,0.2073555065254311,0.15393858713889585,1.3470014918243869,0.001598079744186698,0.001280049802378116,0.0014390647732824072,14.771828607558732,123,87,671,529,16,14,9.58402859494026,0.18330849478390462,0.16446124763705103,0.8699186991869918,0.8390804597701149,6939,5447,44861,35553,1123,791,-9670.60676911031,0.15467778248367178,0.15320788681686495,0.8381611183167603,0.8547824490545255,123,87,166,48,1476,5463,29900,8022,619,4828,26826,3280,0.6994048282472526,0.7719461086265575,0.2127107652399481,0.11364053607490361,0.15540113708149084,0.15875865606565787,9,5,0.018847247146853596,1.248451225270873
72,7064.5,7164.0,199,72.10529011100355,72.29967461516445,57.33346150344482,57.48295754817788,0.1943845041608938,0.14949604473305556,1.3002651977046775,0.001603017707561114,0.0012831390108365799,0.0014430783591988469,14.81671706698657,119,90,683,545,24,12,-204.93558611812975,0.17423133235724744,0.1651376146788991,0.7983193277310925,0.8666666666666667,7058,5537,45544,36098,1147,803,-9879.71269574987,0.1549710170384683,0.15338799933514322,0.837489373760272,0.8549756185660105,119,90,153,58,1500,5558,30335,8151,631,4906,27235,3326,0.698994379062006,0.7719541248822649,0.21252479455936527,0.11396062849918728,0.1554243083618278,0.15946424058630276,8,4,0.009093717678348351,1.2492938754281815
73,7164.0,7263.5,199,72.29967461516445,72.50083006068424,57.48295754817788,57.64267892247681,0.20115544551978815,0.15972137429893252,1.2594146926341125,0.0016087525714170317,0.0012875513523689943,0.0014481519618930131,14.858151138207425,123,87,708,566,17,10,-5.0512414123327565,0.17372881355932204,0.15371024734982333,0.8617886178861789,0.8850574712643678,7181,5624,46252,36664,1164,813,-9847.923976693757,0.15525815099887572,0.15339297403447524,0.8379055841804762,0.8554409672830725,123,87,131,62,1522,5659,30811,8260,644,4980,27665,3375,0.6990616621983914,0.7721197905302204,0.2119481966299958,0.11450924608819346,0.15559190349621754,0.16023886538940035,9,9,0.02001856620949871,1.2494667249248368
74,7263.5,7363.0,199,72.50083006068424,72.6834026547509,57.64267892247681,57.808519321639004,0.18257259406667004,0.1658403991621924,1.1008933588498753,0.0016118086237341138,0.0012926754919318731,0.0014522420578329935,14.874883333111903,126,96,672,554,31,13,-575.0286630084086,0.1875,0.17328519855595667,0.753968253968254,0.8645833333333334,7307,5720,46924,37218,1195,826,-10426.661082083327,0.1557198874776234,0.15368907517867697,0.8364581907759683,0.8555944055944056,126,96,158,62,1555,5752,31232,8385,658,5062,28075,3423,0.6987255988406785,0.7720189155784836,0.2128096345969618,0.11503496503496503,0.15643863179074446,0.16123499142367068,10,4,0.014214801444043329,1.2468779935831409
75,7363.0,7462.5,199,72.6834026547509,72.87102963511192,57.808519321639004,57.982984796664574,0.1876269803610171,0.17446547502557053,1.075439025019234,0.0016154604860188003,0.0012988187768334944,0.0014571396314261474,14.88804483844735,116,100,657,498,20,16,-227.75486972174483,0.1765601217656012,0.20080321285140562,0.8275862068965517,0.84,7423,5820,47581,37716,1215,842,-10662.492852859514,0.15600765011243983,0.15431116767419661,0.8363195473528223,0.8553264604810996,116,100,135,58,1581,5842,31664,8494,675,5145,28432,3464,0.6987032639078624,0.7717414359953335,0.21298666307422875,0.11597938144329897,0.15692307692307692,0.16308287025851656,10,8,-0.024243091085804414,1.243792063090799
76,7462.5,7562.0,199,72.87102963511192,73.08755926798447,57.982984796664574,58.141781141626716,0.21652963287255034,0.15879634496214123,1.36356811565262,0.0016228383377132833,0.0013027283082626413,0.0014627833229879624,14.945778126357759,138,89,720,534,27,10,-312.1428713273821,0.19166666666666668,0.16666666666666666,0.8043478260869565,0.8876404494382022,7561,5909,48301,38250,1242,852,-10978.6702678489,0.15653920208691333,0.15448366013071896,0.8357360137547943,0.8558131663564055,138,89,148,66,1603,5958,32120,8620,683,5226,28819,3522,0.6981843026024306,0.7712941176470588,0.21200899351937574,0.11558639363682519,0.15680328670644625,0.1624256837098692,10,2,0.025000000000000022,1.2457227861099835
77,7562.0,7661.5,199,73.08755926798447,73.34831646875645,58.141781141626716,58.33353278165308,0.2607572007719767,0.1917516400263679,1.3598694683191226,0.001635797260400682,0.0013108377089484386,0.0014733174846745603,15.014783687103368,161,109,719,549,24,10,37.740442215604716,0.2239221140472879,0.19854280510018216,0.8509316770186335,0.908256880733945,7722,6018,49020,38799,1266,862,-10944.855145551439,0.15752753977968176,0.15510709038892756,0.8360528360528361,0.8567630442007311,161,109,142,51,1633,6089,32566,8732,694,5324,29219,3562,0.6976540187678498,0.7709734786979046,0.21147371147371147,0.11532070455300765,0.15754944524843223,0.16306390977443608,7,9,0.025379308947105744,1.2479021996650734
78,7661.5,7761.0,199,73.34831646875645,73.58164676062759,58.33353278165308,58.52865091313084,0.23333029187114107,0.1951181314777557,1.1958411558371331,0.0016448899629469096,0.001319172946603043,0.0014820314547749763,15.052995847496753,137,129,734,566,20,23,-237.69715974148494,0.18664850136239783,0.22791519434628976,0.8540145985401459,0.8217054263565892,7859,6147,49754,39365,1286,885,-11197.178032136462,0.15795714917393577,0.15615394385875778,0.8363659498663952,0.8560273304050756,137,129,150,65,1662,6197,33042,8853,708,5439,29605,3613,0.6975117578486152,0.7700495363901944,0.21147728718666498,0.11517813567593949,0.15805991440798858,0.16385096042582736,8,6,-0.041266692983891934,1.246910018267589
79,7761.0,7860.5,199,73.58164676062759,73.80828099240371,58.52865091313084,58.668517649503485,0.2266342317761172,0.13986673637264602,1.6203583328940852,0.0016529006086390284,0.0013202681731389687,0.0014865843908889987,15.139763342900224,143,89,712,525,25,16,-323.01996489081904,0.20084269662921347,0.16952380952380952,0.8251748251748252,0.8202247191011236,8002,6236,50466,39890,1311,901,-11520.197997027279,0.15856220029326676,0.15632990724492354,0.8361659585103725,0.855516356638871,143,89,151,54,1691,6311,33489,8975,720,5516,29999,3655,0.6971030000396307,0.7700927550764602,0.2113221694576356,0.11545862732520847,0.1585411588224264,0.16457142857142856,6,7,0.03131888710540395,1.2519430841911596
80,7860.5,7960.0,199,73.80828099240371,74.01077634767127,58.668517649503485,58.84785565793839,0.20249535526755835,0.17933800843490388,1.1291268205482505,0.001657678466014402,0.0013262947215318805,0.0014919865937731412,15.162920689732879,127,104,651,523,26,15,-508.49070783469017,0.19508448540706605,0.1988527724665392,0.7952755905511811,0.8557692307692308,8129,6340,51117,40413,1337,916,-12036.137577170097,0.15902732945986658,0.15688021181303047,0.8355271251076393,0.8555205047318613,127,104,136,63,1722,6407,33908,9080,735,5605,30370,3703,0.69702838585989,0.7696780738871155,0.2118341739451347,0.11593059936908517,0.15941492316237735,0.16561514195583596,6,6,-0.0037682870594731577,1.2498567920859784
81,7960.0,8059.5,199,74.01077634767127,74.22509421866832,58.84785565793839,59.08856857783393,0.2143178709970499,0.2407129198955431,0.8903463556923024,0.0016638052559677017,0.0013397876919522688,0.001501796473959985,15.136525640834385,129,135,668,557,24,19,-303.8836857257435,0.19311377245508982,0.24236983842010773,0.813953488372093,0.8592592592592593,8258,6475,51785,40970,1361,935,-12340.02126289584,0.1594670271314087,0.15804247010007322,0.8351901186728021,0.8555984555984556,129,135,135,54,1752,6506,34342,9185,747,5728,30750,3745,0.6969971999613788,0.7687820356358311,0.2121579074836522,0.11536679536679537,0.1601901801225199,0.16629563668744435,5,15,-0.049256065965017914,1.2418424694910364
82,8059.5,8159.0,199,74.22509421866832,74.4405551361068,59.08856857783393,59.23874455709392,0.2154609174384774,0.15017597925999127,1.434722906420753,0.0016699227084091394,0.0013418549923457901,0.0015058888503774648,15.201810579012871,126,90,674,540,20,13,-111.50038796693745,0.18694362017804153,0.16666666666666666,0.8412698412698413,0.8555555555555556,8384,6565,52459,41510,1381,948,-12464.90700261856,0.1598200499437656,0.1581546615273428,0.8352814885496183,0.8555978674790556,126,90,148,56,1786,6598,34776,9299,759,5806,31156,3789,0.6969633428010447,0.7688508793061912,0.21302480916030533,0.11561309977151561,0.16111862877762742,0.16688654353562005,11,6,0.020276953511374873,1.2444882032221911
83,8159.0,8258.5,199,74.4405551361068,74.67478813692043,59.23874455709392,59.391279719898,0.23423300081363152,0.15253516280407808,1.5356000315447869,0.0016781658144607132,0.001344158145589802,0.0015111619800252576,15.283508417022425,133,101,659,547,22,21,-461.8882397514602,0.20182094081942337,0.1846435100548446,0.8345864661654135,0.7920792079207921,8517,6666,53118,42057,1403,969,-12929.895625608673,0.16034112730147973,0.1584991796847136,0.8352706352001878,0.8546354635463547,133,101,119,57,1815,6702,35212,9389,770,5896,31556,3835,0.697070672841598,0.7686235347266804,0.21310320535399788,0.11551155115511551,0.16199571581578007,0.16720955483170466,9,5,0.017177430764578755,1.2484883716747126
84,8258.5,8358.0,199,74.67478813692043,74.89456541611388,59.391279719898,59.58591443855572,0.21977727919345114,0.1946347186577171,1.1291781893237123,0.0016844830890066105,0.0013514434989245151,0.0015179632939655628,15.308650977558159,132,110,679,552,22,15,-139.88635019750035,0.19440353460972018,0.19927536231884058,0.8333333333333334,0.8636363636363636,8649,6776,53797,42609,1425,984,-13069.78197580617,0.16077104671264197,0.15902743551831772,0.8352410683315991,0.8547815820543093,132,110,151,72,1846,6803,35639,9509,784,5992,31940,3893,0.6967860661375169,0.768006759135394,0.2134350791999075,0.11570247933884298,0.1625715543813298,0.16762882189437675,13,7,-0.0048718277091203965,1.246432492625204
85,8358.0,8457.5,199,74.89456541611388,75.1471250252908,59.58591443855572,59.76251194730718,0.2525596091769273,0.1765975087514633,1.4301425369050378,0.0016945278471290782,0.0013564247440452334,0.0015254762955871559,15.384613077983623,155,99,697,521,30,12,-339.29627888195574,0.2223816355810617,0.19001919385796545,0.8064516129032258,0.8787878787878788,8804,6875,54494,43130,1455,996,-13370.369623757844,0.16155907072338238,0.15940180848597263,0.8347342117219445,0.8551272727272727,155,99,155,61,1875,6929,36055,9635,796,6079,32313,3942,0.6960399310015781,0.7676559239508463,0.21297137664697866,0.11578181818181818,0.16290182450043442,0.16800337695230055,8,8,0.03236244172309624,1.2492604949652628
86,8457.5,8557.0,199,75.1471250252908,75.40144934119505,59.76251194730718,59.95295266852877,0.25432431590424187,0.1904407212215915,1.3354513376806487,0.0017045452358301297,0.0013629079109482472,0.0015337265733891886,15.448496672666273,149,105,692,587,19,14,53.51132235373418,0.2153179190751445,0.1788756388415673,0.87248322147651,0.8666666666666667,8953,6980,55186,43717,1474,1010,-13332.94965742052,0.1622331750806364,0.15966328888075576,0.8353624483413381,0.8553008595988538,149,105,146,66,1907,7046,36484,9749,810,6170,32743,3994,0.6956655673540391,0.7675046320653293,0.2130012286384452,0.11604584527220631,0.16360672614962252,0.16860949208992507,13,5,0.03644228023357721,1.2506679447213622
87,8557.0,8656.5,199,75.40144934119505,75.69073692072136,59.95295266852877,60.15608282697614,0.28928757952631656,0.20313015844736526,1.42414884002208,0.001718371300470714,0.0013707079249617648,0.0015445396127162394,15.534654093745225,174,126,740,531,33,19,-551.7362644920861,0.23513513513513515,0.23728813559322035,0.8103448275862069,0.8492063492063492,9127,7106,55926,44248,1507,1029,-13890.238428006931,0.16319779708901047,0.1605948291448201,0.8348855045469487,0.8551927948212779,174,126,156,53,1948,7179,36935,9864,817,6289,33102,4040,0.6952580195258019,0.7665657204845416,0.2134326722910047,0.11497326203208556,0.16491703352522857,0.16821082973028617,8,12,-0.002153000458085197,1.2536378240598902
88,8656.5,8756.0,199,75.69073692072136,75.97436625802555,60.15608282697614,60.36271462002418,0.28362933730419115,0.20663179304803947,1.372631641628598,0.001731236923233089,0.0013787305785152532,0.0015549837508741712,15.611651638001376,158,116,725,564,23,14,11.83678452459689,0.21793103448275863,0.20567375886524822,0.8544303797468354,0.8793103448275862,9285,7222,56651,44812,1530,1043,-13884.031595860853,0.16389825422322643,0.1611621886994555,0.8352180936995154,0.8555801716975907,158,116,129,70,1979,7306,37404,9962,831,6391,33494,4096,0.6951863162168365,0.7659778630723914,0.21313947226709748,0.1150650789255054,0.16573151327359517,0.16866247209255125,7,12,0.012257275617510416,1.2556745677588785
89,8756.0,8855.5,199,75.97436625802555,76.24554724952819,60.36271462002418,60.57852376060183,0.2711809915026322,0.21580914057765455,1.2565778760656952,0.0017424077117420315,0.00138760929208483,0.0015650085019134306,15.667023488926354,155,120,714,570,20,12,74.78985119089597,0.21708683473389356,0.21052631578947367,0.8709677419354839,0.9,9440,7342,57365,45382,1550,1055,-13809.241744669958,0.16456027194282227,0.16178220439821955,0.8358050847457628,0.8563061836011986,155,120,139,57,2009,7431,37854,10071,842,6500,33898,4142,0.6949010720822801,0.7655017407782821,0.2128177966101695,0.11468264777989648,0.16630794701986754,0.1689406099518459,11,11,0.006560518944419891,1.2556904322283187
90,8855.5,8955.0,199,76.24554724952819,76.47545216089611,60.57852376060183,60.7428016255404,0.22990491136792457,0.164277864938569,1.3994880652600186,0.0017487209829926838,0.001390536231266977,0.0015696286071298303,15.73265053535571,146,112,716,550,23,24,-499.5976336267067,0.20391061452513967,0.20363636363636364,0.8424657534246576,0.7857142857142857,9586,7454,58081,45932,1573,1079,-14315.217381270784,0.16504536767617636,0.16228337542454063,0.8359065303567703,0.8552455057687147,146,112,130,51,2037,7549,38322,10173,853,6601,34296,4182,0.6948743995454624,0.765239919881564,0.2124973920300438,0.11443520257579823,0.16683046683046682,0.16941410129096326,11,6,0.00027425088877602866,1.2575875001828247
91,8955.0,9054.5,199,76.47545216089611,76.74457455312036,60.7428016255404,60.975720847775115,0.26912239222424716,0.23291922223471317,1.1554322981254506,0.0017592267706580962,0.001400979752965983,0.0015801032618120397,15.768853705345244,158,134,737,546,23,15,-28.386093421006635,0.21438263229308005,0.2454212454212454,0.8544303797468354,0.8880597014925373,9744,7588,58818,46478,1596,1094,-14314.50444687504,0.16566357237580331,0.1632600370067559,0.8362068965517242,0.8558249868212968,158,134,160,54,2071,7673,38775,10299,866,6722,34667,4223,0.6944472780441362,0.76451224235122,0.21254105090311987,0.11412756984712705,0.16742118027485853,0.17017095696600512,12,9,-0.03103861312816536,1.2557117738023524
92,9054.5,9154.0,199,76.74457455312036,76.97599761017823,60.975720847775115,61.15511280859419,0.23142305705786725,0.17939196081907482,1.2900414043150363,0.0017653858260849463,0.0014053488239075343,0.0015853673249962403,15.820884801584036,142,105,702,519,19,16,-126.97590928130707,0.2022792022792023,0.2023121387283237,0.8661971830985915,0.8476190476190476,9886,7693,59520,46997,1615,1110,-14461.236942838921,0.1660954301075269,0.16369129944464542,0.8366376694315193,0.8557129858312752,142,105,145,51,2103,7783,39222,10412,880,6813,35044,4260,0.694304435483871,0.7643892163329574,0.2127250657495448,0.1143897049265566,0.16803835397522973,0.17120622568093385,5,5,-3.293644912141791e-05,1.2561904888327575
93,9154.0,9253.5,199,76.97599761017823,77.20206374520964,61.15511280859419,61.31181311733466,0.2260661350314166,0.15670030874046859,1.4426655368358823,0.0017708335210474971,0.0014071717126265778,0.0015890026168370376,15.890250627874984,142,92,732,532,29,18,-533.4891706851449,0.19398907103825136,0.17293233082706766,0.795774647887324,0.8043478260869565,10028,7785,60252,47529,1644,1128,-14994.726113524062,0.16643430923454824,0.16379473584548382,0.836059034702832,0.8551059730250482,142,92,162,62,2132,7896,39679,10545,897,6888,35439,4305,0.6939354710217088,0.7645016726630057,0.21260470682090146,0.11522157996146436,0.16817859114932554,0.17243367935409457,11,7,0.0210567402111837,1.258434564280802
94,9253.5,9353.0,199,77.20206374520964,77.43140234091173,61.31181311733466,61.51288246159556,0.2293385957020888,0.20106934426090106,1.1405945373975384,0.0017765151911381487,0.0014136996457875483,0.0015951074184628485,15.918519879316172,125,118,657,560,16,17,0.4145619268797551,0.1902587519025875,0.21071428571428572,0.872,0.8559322033898304,10153,7903,60909,48089,1660,1145,-15000.03020470045,0.16669129356909487,0.16434111751128117,0.8365015266423717,0.8551183095027205,125,118,130,65,2163,7990,40112,10644,912,6991,35831,4355,0.6940682001017912,0.764062467508162,0.21304048064611444,0.11539921548778945,0.1688920121808386,0.1731535978735523,12,6,-0.020455533811698207,1.2566425947914008
95,9353.0,9452.5,199,77.43140234091173,77.63962044429294,61.51288246159556,61.67030805359369,0.20821810338121338,0.157425591998134,1.3226445633037953,0.001779842865495511,0.0014154729837661012,0.001597657924630806,15.969312390699251,121,103,717,546,17,24,-450.615280448067,0.16875871687587168,0.18864468864468864,0.859504132231405,0.7669902912621359,10274,8006,61626,48635,1677,1169,-15421.000148631936,0.16671534741829747,0.16461396113909735,0.836772435273506,0.8539845116162877,121,103,147,66,2188,8086,40586,10766,923,7083,36219,4410,0.6940901567520202,0.76368870155238,0.2129647654272922,0.11528853359980015,0.16890535741855797,0.17307331708231766,9,8,-0.019885971768816957,1.257419170770708
96,9452.5,9552.0,199,77.63962044429294,77.83731217760273,61.67030805359369,61.838061555178584,0.19769173330978163,0.16775350158489033,1.1784656143808796,0.0017819992063867356,0.0014182906072690497,0.0016001449068278927,15.999250622424142,118,94,713,565,22,12,-221.04532147966054,0.16549789621318373,0.1663716814159292,0.8135593220338984,0.8723404255319149,10392,8100,62339,49200,1699,1181,-15645.683124147525,0.166701422865301,0.16463414634146342,0.8365088529638183,0.8541975308641976,118,94,149,58,2216,8176,41060,10887,928,7172,36637,4463,0.6942042702000353,0.7635162601626017,0.2132409545804465,0.1145679012345679,0.16912157521178356,0.17213874976813207,3,7,-0.0008737852027454751,1.25644151999146
97,9552.0,9651.5,199,77.83731217760273,78.02959070930888,61.838061555178584,62.00360278178398,0.19227853170615106,0.1655412266053986,1.1615144798007706,0.0017835502202882712,0.0014208209197782067,0.0016021855700332388,16.025987927524895,118,92,737,525,23,11,-163.5650935777065,0.16010854816824965,0.17523809523809525,0.8050847457627118,0.8804347826086957,10510,8192,63076,49725,1722,1192,-15809.248217725235,0.16662438962521403,0.16474610356963298,0.8361560418648906,0.8544921875,118,92,129,58,2233,8277,41567,10999,937,7255,37021,4512,0.694400405859598,0.7633584715937657,0.21246431969552806,0.1143798828125,0.16875755743651755,0.17195815746008442,7,9,-0.015129547069845595,1.2552955798023353
98,9651.5,9751.0,199,78.02959070930888,78.23610312229616,62.00360278178398,62.15173523719584,0.20651241298727996,0.14813245541185438,1.3941064597431474,0.0017865293163880146,0.0014215142613733171,0.0016040217888806658,16.08436788510032,123,86,732,524,15,7,236.77349532063963,0.1680327868852459,0.16412213740458015,0.8780487804878049,0.9186046511627907,10633,8278,63808,50249,1737,1199,-15583.975427087618,0.16664054663991976,0.16473959680789668,0.8366406470422271,0.8551582507852138,123,86,165,54,2261,8372,42039,11136,942,7336,37410,4561,0.6942703109327983,0.7632390694342176,0.21263989466754443,0.11379560280260932,0.1687691274165858,0.17117935671451937,7,11,0.0039106494806657455,1.256779031300086
99,9751.0,9850.5,199,78.23610312229616,78.3872127345484,62.15173523719584,62.30088928291922,0.15110961225224173,0.1491540457233853,1.0131110525321125,0.001783823864408078,0.001422297305555515,0.0016030605849817964,16.086323451629177,105,85,715,538,24,10,-248.8314833140897,0.14685314685314685,0.1579925650557621,0.7714285714285715,0.8823529411764706,10738,8363,64523,50787,1761,1209,-15787.665159879638,0.16642127613409172,0.1646681237324512,0.8360029800707767,0.8554346526366137,105,85,144,52,2283,8455,42527,11258,952,7411,37821,4603,0.6944810377694776,0.7634434008703015,0.21260942447383124,0.113834748296066,0.16859906949265194,0.1713771377137714,7,3,-0.011139418202615242,1.2541849425154887
100,9850.5,9950.0,199,78.3872127345484,78.56259819790664,62.30088928291922,62.45603517890832,0.17538546335823924,0.15514589598910078,1.1304550612834794,0.0017836123054984936,0.0014236668848606735,0.0016036395951795836,16.106563018998315,107,101,692,567,14,18,-208.7754063016324,0.1546242774566474,0.1781305114638448,0.8691588785046729,0.8217821782178218,10845,8464,65215,51354,1775,1227,-16002.349415519173,0.16629609752357585,0.16481676208279783,0.8363301060396496,0.8550330812854442,107,101,159,72,2307,8538,42977,11393,965,7499,38228,4662,0.6943801272713332,0.7631927405849593,0.21272475795297371,0.11401228733459358,0.1683941605839416,0.1714945797049938,8,4,-0.023506234007197396,1.2528298048268827
101,9950.0,10049.5,199,78.56259819790664,78.73777988761272,62.45603517890832,62.56303826780465,0.17518168970607917,0.10700308889632737,1.6371647913436251,0.0017833846588801523,0.0014202187763829074,0.0016018017176315299,16.174741619808067,113,76,718,571,22,12,-321.021935180549,0.1573816155988858,0.1330998248686515,0.8053097345132744,0.8421052631578947,10958,8540,65933,51925,1797,1239,-16327.53003794704,0.16619902021749353,0.1644679826673086,0.8360102208432196,0.8549180327868853,113,76,140,70,2328,8630,43463,11512,979,7561,38667,4718,0.6945080612136563,0.7635243139142994,0.212447526920971,0.11463700234192037,0.16820809248554913,0.1718448306126031,8,6,0.024281790730234315,1.2557112245918731
102,10049.5,10149.0,199,78.73777988761272,78.8918705780791,62.56303826780465,62.67122896111684,0.1540906904663757,0.10819069331218856,1.42425088285312,0.0017810833402189838,0.00141695529476522,0.0015990193174921018,16.220641616962254,97,70,706,532,14,14,-214.00876685499546,0.13739376770538245,0.13157894736842105,0.8556701030927836,0.8,11055,8610,66639,52457,1811,1253,-16551.493996178633,0.16589384594606763,0.1641344339173037,0.8361827227498869,0.8544715447154472,97,70,145,56,2348,8707,43947,11637,988,7622,39082,4765,0.6947133060219991,0.763863736012353,0.21239258254183627,0.11475029036004646,0.16789417232749373,0.17173648531201113,7,7,0.0058148203369614015,1.2569792052007522
103,10149.0,10248.5,199,78.8918705780791,79.02165331922814,62.67122896111684,62.817431608537134,0.1297827411490431,0.14620264742029576,0.887690773313772,0.001776454853005953,0.0014174642078345625,0.0015969595304202579,16.204221710691,85,83,728,575,15,7,32.310427312786864,0.11675824175824176,0.1443478260869565,0.8235294117647058,0.9156626506024097,11140,8693,67367,53032,1826,1260,-16531.6653724031,0.165362863122894,0.1639198974204254,0.8360861759425493,0.8550557920165651,85,83,151,47,2367,8773,44458,11769,993,7700,39532,4807,0.6950732554514821,0.7641612611253583,0.21247755834829443,0.11422984010123087,0.16744482173174874,0.17120689655172414,5,9,-0.02758958432871475,1.2532625820018517
104,10248.5,10348.0,199,79.02165331922814,79.14997525894125,62.817431608537134,62.930054028542926,0.12832193971311767,0.11262242000579192,1.139399594738937,0.0017717742076483018,0.0014147182406260442,0.001593246224137173,16.219921230398327,71,72,718,619,6,16,-133.60226782705527,0.0988857938718663,0.11631663974151858,0.9154929577464789,0.7777777777777778,11211,8765,68085,53651,1832,1276,-16667.312440351896,0.16466181978409342,0.163370673426404,0.8365890643118365,0.8544209925841415,71,72,129,73,2381,8830,44990,11884,1002,7763,40015,4871,0.69576264962914,0.7645151068945593,0.21238069752921238,0.11431831146605818,0.16691202243252717,0.17061127192235653,7,5,-0.01743084586965228,1.2523866284951923
105,10348.0,10447.5,199,79.14997525894125,79.29381673759084,62.930054028542926,63.027661229164394,0.14384147864959118,0.09760720062146788,1.4736769186468652,0.0017686681961612079,0.0014105873706264439,0.0015896277833938259,16.26615550842645,82,57,713,559,9,6,121.09438747097361,0.1150070126227209,0.10196779964221825,0.8902439024390244,0.8947368421052632,11293,8822,68798,54210,1841,1282,-16515.268026256173,0.16414721358179016,0.16273750230584763,0.8369786593464978,0.8546814781228746,82,57,156,59,2401,8892,45485,12020,1006,7816,40462,4926,0.6960376755138231,0.7649511160302527,0.2126095811564686,0.11403309907050556,0.16649330836973858,0.1695886716115981,4,4,0.013039212980502646,1.2538522838012789
106,10447.5,10547.0,199,79.29381673759084,79.41142570194792,63.027661229164394,63.13881551944878,0.1176089643570748,0.11115429028438228,1.0580695001171667,0.0017631335871576082,0.0014078188911447952,0.0015854762391512016,16.272610182499143,85,72,673,576,21,12,-448.343123897315,0.1263001485884101,0.125,0.7529411764705882,0.8333333333333334,11378,8894,69471,54786,1862,1294,-16963.61115015349,0.1637805703099135,0.16234074398568976,0.8363508525224117,0.854508657521925,85,72,116,73,2415,8963,45971,12122,1019,7875,40906,4986,0.696492061435707,0.7652502464133173,0.2122517138337142,0.1145716213177423,0.1661278117906033,0.16969192339716901,4,6,0.0013001485884100994,1.2523866516124684
107,10547.0,10646.5,199,79.41142570194792,79.54179834508716,63.13881551944878,63.24747512241412,0.13037264313923913,0.10865960296534638,1.199826242516434,0.0017589012902729097,0.0014048678389958673,0.0015818845646343885,16.294323222673036,83,65,705,534,14,9,-110.24563920600377,0.11773049645390071,0.12172284644194757,0.8313253012048193,0.8615384615384616,11461,8959,70176,55320,1876,1303,-17057.28545555109,0.16331794345645234,0.16194866232827188,0.8363144577262019,0.8545596606764148,83,65,155,60,2433,9028,46456,12259,1029,7930,41325,5036,0.6966626766985864,0.7656182212581345,0.21228514091266032,0.11485656881348365,0.16560032670841274,0.16966199505358615,10,6,-0.003992349988046859,1.25200480888657
108,10646.5,10746.0,199,79.54179834508716,79.69076808390072,63.24747512241412,63.34540067247445,0.14896973881356246,0.09792555006032444,1.521255062869635,0.0017564779755912985,0.0014009725477321631,0.001578725261661731,16.345367411426274,94,59,739,550,15,10,-130.38112136415512,0.12719891745602166,0.10727272727272727,0.8404255319148937,0.8305084745762712,11555,9018,70915,55870,1891,1313,-17187.666576915242,0.16294154974264966,0.1614104170395561,0.8363479013414107,0.8544023064981149,94,59,135,64,2450,9105,46983,12377,1035,7983,41758,5094,0.6970739617852358,0.7659387864685878,0.2120294244915621,0.11477045908183632,0.16523909084777771,0.16886930983847284,6,6,0.01992619018329439,1.2537561699082633
109,10746.0,10845.5,199,79.69076808390072,79.81847291279158,63.34540067247445,63.441916311400924,0.127704828890856,0.0965156389264763,1.3231516706648858,0.0017521384126683833,0.0013970187300591306,0.001574578571363757,16.376556601390654,82,67,719,576,12,14,-284.4627349086383,0.11404728789986092,0.11631944444444445,0.8536585365853658,0.791044776119403,11637,9085,71634,56446,1903,1327,-17473.62931182389,0.1624507915235782,0.16095028877156928,0.8364698805534072,0.853935057787562,82,67,149,56,2463,9174,47484,12513,1040,8045,42216,5145,0.6972527012312589,0.7663253374906991,0.21165248775457593,0.11447440836543754,0.16446314102564102,0.16814874696847212,3,0,-0.0022721565445835284,1.2541982258134947
110,10845.5,10945.0,199,79.81847291279158,79.93826040345199,63.441916311400924,63.55828762666089,0.11978749066041416,0.11637131525996836,1.0293558201418813,0.0017471543759940945,0.0013949509321257443,0.0015710526540599194,16.3799727767911,79,67,752,550,16,9,-177.24341763341815,0.10505319148936171,0.12181818181818181,0.7974683544303798,0.8656716417910448,11716,9152,72386,56996,1919,1336,-17653.756776299208,0.16185450225181666,0.16057267176643975,0.8362068965517242,0.854020979020979,79,67,186,65,2480,9236,47988,12682,1047,8105,42641,5203,0.6972066421683751,0.7665099305214401,0.2116763400477979,0.11440122377622378,0.16356681176625776,0.16752,6,9,-0.016764990328820104,1.2524844679171854
111,10945.0,11044.5,199,79.93826040345199,80.08248516760032,63.55828762666089,63.663677870911336,0.1442247641483334,0.10539024425044374,1.3684830619199002,0.0017444727610488205,0.0013919261348514388,0.0015681994479501296,16.41880729668899,85,59,740,579,11,5,53.15339388453347,0.11486486486486487,0.10189982728842832,0.8705882352941177,0.9152542372881356,11801,9211,73126,57575,1930,1341,-17600.603382414673,0.1613789896890299,0.15998263135041252,0.8364545377510381,0.8544132016067745,85,59,159,65,2498,9303,48502,12823,1053,8158,43102,5262,0.697426359981402,0.7669127225358229,0.21167697652741294,0.11431983497991532,0.16304418771620652,0.1667458432304038,5,6,0.01296503757643655,1.2532796944968703
112,11044.5,11144.0,199,80.08248516760032,80.23705636694255,63.663677870911336,63.77922361620988,0.15457119934222874,0.11554574529854733,1.337748949066427,0.0017427674630963682,0.0013898666494674499,0.001566317056281909,16.45783275073267,97,64,743,530,16,7,-22.726288711872282,0.13055181695827725,0.12075471698113208,0.8350515463917526,0.890625,11898,9275,73869,58105,1946,1348,-17626.953909860564,0.1610689193030906,0.159624817141382,0.8364430996806186,0.8546630727762803,97,64,170,61,2517,9381,48997,12974,1062,8213,43516,5314,0.6973696679256521,0.7671973152052319,0.21154815935451338,0.11450134770889488,0.1624814408366148,0.1665621079046424,6,2,0.009797099977145174,1.2539098364322492
113,11144.0,11243.5,199,80.23705636694255,80.3676942136227,63.77922361620988,63.872091132692155,0.13063784668014478,0.0928675164822721,1.4067119659120295,0.001738963708402728,0.00138582660720839,0.001562395157805559,16.495603080930543,85,60,731,538,15,12,-253.87022774152823,0.11627906976744186,0.11152416356877323,0.8235294117647058,0.8,11983,9335,74600,58643,1961,1360,-17880.82413760211,0.16063002680965147,0.1591835342666644,0.8363514979554368,0.8543117300482057,85,60,165,62,2529,9454,49490,13127,1070,8265,43940,5368,0.6973056300268097,0.7675255358695837,0.2110489860635901,0.1146223888591323,0.16153551354113438,0.16620068344206276,5,5,0.004754906198668626,1.2548205521220994
114,11243.5,11343.0,199,80.3676942136227,80.47991400613854,63.872091132692155,63.987186800859575,0.11221979251584457,0.11509566816742023,0.9750131721083338,0.0017336029487738619,0.0013838170789310547,0.0015587100138524583,16.492727205278968,77,62,725,526,13,7,-81.91468174442136,0.10620689655172413,0.11787072243346007,0.8311688311688312,0.8870967741935484,12060,9397,75325,59169,1974,1367,-17969.75207198127,0.16010620643876536,0.15881627203434232,0.8363184079601991,0.8545280408641056,77,62,159,61,2545,9515,49995,13270,1073,8324,44346,5426,0.6975107865914371,0.767614798289645,0.21102819237147596,0.1141853783122273,0.16092317420170724,0.16510232343437453,3,4,-0.011663825881735937,1.2527688631455562
115,11343.0,11442.5,199,80.47991400613854,80.61903494906181,63.987186800859575,64.11767635921908,0.13912094292327026,0.13048955835949982,1.0661461704084467,0.001730686405144434,0.0013831878247476035,0.0015569371149460188,16.501358589842738,79,83,688,608,14,11,-78.30763328176761,0.11482558139534883,0.13651315789473684,0.8227848101265822,0.8674698795180723,12139,9480,76013,59777,1988,1378,-18048.059705263036,0.15969636772657309,0.15858942402596315,0.8362303319878079,0.8546413502109704,79,83,155,77,2565,9574,50469,13405,1081,8399,44802,5495,0.6976964466604396,0.7675694665172224,0.2113024137078837,0.11402953586497891,0.16061365059486538,0.16438564476885645,3,3,-0.021687576499388003,1.25123021919329
116,11442.5,11542.0,199,80.61903494906181,80.76633946199965,64.11767635921908,64.23737777874048,0.1473045129378363,0.11970141952140523,1.230599549502377,0.0017285291720501666,0.0013816347343784318,0.0015550819532142992,16.52896168325917,81,64,709,546,9,3,168.1247668135015,0.11424541607898449,0.11721611721611722,0.8888888888888888,0.953125,12220,9544,76722,60323,1997,1381,-17887.563004706248,0.15927634837465135,0.15821494289077134,0.8365793780687398,0.8553017602682313,81,64,151,62,2583,9637,50964,13538,1088,8456,45229,5550,0.697935403143818,0.7678165873713177,0.2113747954173486,0.11399832355406538,0.16022579244463742,0.1639047905995782,3,6,-0.002970701137132728,1.251075359528939
117,11542.0,11641.5,199,80.76633946199965,80.89324707692144,64.23737777874048,64.37393379657834,0.12690761492179092,0.13655601783786153,0.9293447255651044,0.0017246567296933225,0.0013815559955361182,0.0015531063626147202,16.5193132803431,83,89,749,620,14,19,-388.50629734797536,0.11081441922563418,0.1435483870967742,0.8313253012048193,0.7865168539325843,12303,9633,77471,60943,2011,1400,-18276.069302054235,0.15880781195544139,0.15806573355430484,0.8365439323742176,0.8546662514273851,83,89,166,73,2596,9707,51477,13691,1099,8534,45698,5612,0.6979773076376967,0.7678814630064158,0.21100544582622124,0.11408699262950275,0.15939092527782894,0.16376098942035464,6,5,-0.032733967871140024,1.2483437046820984
118,11641.5,11741.0,199,80.89324707692144,81.03173061445499,64.37393379657834,64.47177730702965,0.1384835375335456,0.09784351045131245,1.41535740995777,0.001721835862043979,0.0013781813842504926,0.001550008623147236,16.55995330742533,90,71,763,581,15,14,-258.10420124496125,0.11795543905635648,0.12220309810671257,0.8333333333333334,0.8028169014084507,12393,9704,78234,61524,2026,1414,-18539.639359409455,0.15840938722294653,0.15772706586047722,0.8365206164770435,0.8542868920032975,90,71,168,71,2623,9770,52009,13832,1109,8595,46147,5673,0.6983153104788199,0.768090501267798,0.21165173888485436,0.11428276999175598,0.15940443634153753,0.16352108522559716,7,9,-0.004247659050356081,1.24935359142177
119,11741.0,11840.5,199,81.03173061445499,81.14038874109966,64.47177730702965,64.60583924448456,0.10865812664467,0.13406193745490214,0.8105069097723739,0.0017165434722269354,0.001377922348713309,0.0015472329104701222,16.5345494966151,64,76,731,573,9,7,88.98829865166054,0.08755129958960328,0.13263525305410123,0.859375,0.9078947368421053,12457,9780,78965,62097,2035,1421,-18450.65106075779,0.15775343506616857,0.15749553118508142,0.8366380348398491,0.8547034764826176,64,76,169,63,2644,9813,52528,13980,1117,8663,46589,5728,0.6986892927246249,0.7682496738972897,0.21225014048326243,0.11421267893660532,0.15904716073147257,0.16318480642804967,3,10,-0.04508395346449795,1.2457476096746871
120,11840.5,11940.0,199,81.14038874109966,81.22942922442688,64.60583924448456,64.71360497971612,0.08904048332722425,0.10776573523156685,0.8262411344004121,0.0017096962702035387,0.0013754652684398244,0.0015425807693216814,16.515824244710757,64,65,705,599,14,9,-283.0182186288752,0.09078014184397164,0.10851419031719532,0.78125,0.8615384615384616,12521,9845,79670,62696,2049,1430,-18704.31887988809,0.1571607882515376,0.15702756156692613,0.8363549237281367,0.8547486033519553,64,65,149,64,2657,9864,53033,14116,1126,8719,47068,5783,0.6990084096899711,0.7686933775679469,0.2122034981231531,0.1143727780599289,0.15840934835747927,0.16297582862932408,5,4,-0.017734048473223685,1.2429948683057837
121,11940.0,12039.5,199,81.22942922442688,81.32675339226488,64.71360497971612,64.78586532278393,0.09732416783799636,0.0722603430678106,1.3468544945415684,0.001703650287309959,0.001370099725755996,0.0015368750065329773,16.540888069480943,60,46,722,562,6,9,8.378015241015074,0.08310249307479224,0.08185053380782918,0.9,0.8043478260869565,12581,9891,80392,63258,2055,1439,-18709.40005365016,0.15649567121106578,0.15635966992317177,0.8366584532231143,0.8545142048326761,60,46,148,72,2675,9906,53565,14246,1131,8760,47517,5850,0.6995720967260424,0.7690410699042018,0.21262220809156665,0.11434637549287231,0.1580875834761539,0.16201117318435754,10,5,0.0012519592669630597,1.2434498418499542
122,12039.5,12139.0,199,81.32675339226488,81.44672662109204,64.78586532278393,64.88658630253549,0.11997322882716333,0.10072097975155714,1.1911443784909028,0.0016995692283462735,0.0013671667046701434,0.0015333679665082084,16.56014031855655,73,55,681,582,10,6,-13.143386741680182,0.10719530102790015,0.09450171821305842,0.863013698630137,0.8909090909090909,12654,9946,81073,63840,2065,1445,-18722.54344039185,0.15608155612842747,0.15579573934837093,0.8368104947052315,0.8547154635029157,73,55,131,82,2685,9969,54052,14367,1135,8811,47966,5928,0.699826082666239,0.7691259398496241,0.21218587008060694,0.11411622762919767,0.15745953553835326,0.16069658785218746,6,1,0.01269358281484173,1.2431324011480582
123,12139.0,12238.5,199,81.44672662109204,81.56631914804831,64.88658630253549,64.9862599360077,0.11959252695626787,0.09967363347220726,1.1998411494612038,0.001695523421158776,0.0013641957969900787,0.0015298596090744273,16.58005921204061,74,61,724,550,11,10,-188.2278885616911,0.10220994475138122,0.11090909090909092,0.8513513513513513,0.8360655737704918,12728,10007,81797,64390,2076,1455,-18910.771328953535,0.1556047287797841,0.1554123311073148,0.8368950345694531,0.8546017787548716,74,61,140,56,2700,10028,54577,14492,1137,8870,48401,5982,0.7002335048962676,0.7693430656934307,0.21213073538654934,0.11362046567402818,0.1570497906002792,0.1597134428992836,10,2,-0.008699146157709697,1.2428739517448515
124,12238.5,12338.0,199,81.56631914804831,81.67300885599295,64.9862599360077,65.07670858861617,0.10668970794463917,0.09044865260847246,1.179561053346696,0.0016904970901115513,0.0013605251186636043,0.0015255111043875778,16.596300267376776,61,57,704,571,5,8,34.752958800999274,0.08664772727272728,0.09982486865148861,0.9180327868852459,0.8596491228070176,12789,10064,82501,64961,2081,1463,-18880.74257779037,0.15501630283269294,0.15492372346484815,0.8372820392524826,0.8546303656597775,61,57,155,63,2716,10073,55081,14631,1142,8922,48857,6040,0.7005612053187235,0.7696771909299426,0.21237000547345375,0.1134737678855326,0.15656885916873234,0.1590086326928432,11,3,-0.013177141378761331,1.2425328036369272
125,12338.0,12437.5,199,81.67300885599295,81.78672248124262,65.07670858861617,65.17961796673738,0.1137136252496731,0.10290937812121115,1.1049879741352264,0.0016861159174308335,0.0013579150385682622,0.0015220154779995478,16.607104514505238,71,67,773,583,12,12,-187.1689202201231,0.09184993531694696,0.11492281303602059,0.8309859154929577,0.8208955223880597,12860,10131,83274,65544,2093,1475,-19067.91149801048,0.15442995412733868,0.15456792383742218,0.8372472783825816,0.8544072648307176,71,67,163,70,2729,10131,55633,14781,1145,8986,49306,6107,0.7008430002161539,0.7697272061515928,0.21220839813374806,0.11301944526700226,0.15585379782981154,0.15788747931605074,3,8,-0.023072877719073626,1.2416947080935306
126,12437.5,12537.0,199,81.78672248124262,81.9155191540976,65.17961796673738,65.30250805249682,0.12879667285497476,0.12289008575943683,1.0480639838359325,0.0016830073698572998,0.0013569401274588974,0.0015199737486580986,16.613011101600776,85,72,773,558,16,9,-164.99708270574956,0.10996119016817593,0.12903225806451613,0.8117647058823529,0.875,12945,10203,84047,66102,2109,1484,-19241.025527559676,0.15402096446036145,0.15435236452754833,0.8370799536500579,0.8545525825737528,85,72,179,51,2753,10192,56166,14936,1152,9051,49748,6151,0.7010244268088094,0.7700220870775468,0.2126689841637698,0.11290796824463394,0.1556334445135395,0.15774339312611255,3,4,-0.019071067896340194,1.2402959687020378
127,12537.0,12636.5,199,81.9155191540976,82.02271278615358,65.30250805249682,65.40921243628782,0.10719363205598142,0.10670438379099778,1.0045850812084904,0.0016782382010807541,0.0013546997002131282,0.0015164689506469411,16.61350034986576,68,61,759,590,7,7,68.897829738957,0.08959156785243742,0.10338983050847457,0.8970588235294118,0.8852459016393442,13013,10264,84806,66692,2116,1491,-19184.79362610229,0.15344433176897862,0.15390151742337912,0.8373933758549144,0.8547349961028838,68,61,155,49,2767,10246,56716,15077,1158,9106,50234,6194,0.7014008442798858,0.7705871768727883,0.21263352032582802,0.11282151208106002,0.15506612867070163,0.1575081610446137,10,5,-0.013798262656037147,1.238826730984531
128,12636.5,12736.0,199,82.02271278615358,82.17956364979788,65.40921243628782,65.50298889804581,0.15685086364430845,0.09377646175799725,1.6726037718194482,0.0016774425166144204,0.0013514792103879705,0.0015144608635011955,16.67657475175207,93,54,777,586,11,6,69.24666115240095,0.11969111969111969,0.09215017064846416,0.8817204301075269,0.8888888888888888,13106,10318,85583,67278,2127,1497,-19115.546964949906,0.15313788953413646,0.15336365528107257,0.8377079200366244,0.8549137429734445,93,54,171,79,2793,10313,57255,15222,1166,9152,50695,6265,0.7016346704368859,0.7708463390707215,0.21310849992369907,0.11300639658848614,0.15503746877601998,0.15691024088278832,3,2,0.027540949042655527,1.2411900262475182
129,12736.0,12835.5,199,82.17956364979788,82.30527961826886,65.50298889804581,65.59832880416033,0.12571596847097055,0.0953399061145177,1.318608058203525,0.0016742334821450062,0.0013484304569059023,0.0015113319695254541,16.706950814108524,74,51,738,561,10,4,130.4230379180637,0.1002710027100271,0.09090909090909091,0.8648648648648649,0.9215686274509804,13180,10369,86321,67839,2137,1501,-18985.12392703184,0.1526859049362264,0.1528471822992674,0.8378603945371775,0.8552415854952262,74,51,166,63,2813,10367,57773,15368,1169,9200,51145,6325,0.7018686067121558,0.7711493388758679,0.21342943854324734,0.11273989777220561,0.15472196248831196,0.1559914598345343,6,5,0.009361911800936193,1.2416164834979246
130,12835.5,12935.0,199,82.30527961826886,82.45239067184595,65.59832880416033,65.67986525101561,0.14711105357709187,0.0815364468552815,1.8042367462761568,0.0016727278634440913,0.001344361467063857,0.0015085446652539742,16.772525420830334,88,55,757,541,13,11,-257.0275248192444,0.11624834874504623,0.10166358595194085,0.8522727272727273,0.8,13268,10424,87078,68380,2150,1512,-19242.1514518511,0.15236914031098556,0.15244223457151213,0.8379559843231836,0.8549501151189562,88,55,167,63,2833,10435,58295,15515,1174,9250,51573,6383,0.7019913181285744,0.7713805206200643,0.21352125414531203,0.11262471220260936,0.15440374972749074,0.15535265316924707,10,7,0.014584762793105388,1.2442545434580183
131,12935.0,13034.5,199,82.45239067184595,82.56842364273133,65.67986525101561,65.74761445275583,0.11603297088538511,0.06774920174021304,1.7126839564887875,0.0016688609370926928,0.0013392968489939164,0.0015040788930433045,16.820809189975506,76,46,720,559,12,7,-156.7181006845133,0.10555555555555556,0.08228980322003578,0.8421052631578947,0.8478260869565217,13344,10470,87798,68939,2162,1519,-19398.869552535616,0.15198523884370943,0.15187339532050073,0.8379796163069544,0.8549188156638013,76,46,145,59,2845,10499,58806,15648,1178,9292,52031,6438,0.7021913938814096,0.7718272675843862,0.21320443645083934,0.1125119388729704,0.15384199426810144,0.15467436974789917,8,5,0.02326575233551978,1.2460724732880137
132,13034.5,13134.0,199,82.56842364273133,82.71075783817105,65.74761445275583,65.8662925053041,0.14233419543971593,0.11867805254827601,1.1993303933077013,0.0016670551301944893,0.0013381866020069652,0.0015026208661007272,16.844465332866946,87,68,775,578,12,8,52.92571330374251,0.11225806451612903,0.11764705882352941,0.8620689655172413,0.8823529411764706,13431,10538,88573,69517,2174,1527,-19350.449144536637,0.15163763223555712,0.1515888200008631,0.8381356563174744,0.8550958436135889,87,68,182,63,2869,10562,59336,15806,1183,9355,52483,6496,0.7023020559312657,0.771983831293065,0.21361030451939542,0.1122603909660277,0.15362784471218205,0.15405651777575205,4,9,-0.005388994307400377,1.2457568531132344
133,13134.0,13233.5,199,82.71075783817105,82.85857454094989,65.8662925053041,65.96272942620968,0.14781670277884018,0.09643692090557465,1.5327812355557637,0.0016656907683343983,0.0013354123815819741,0.0015005515749581862,16.89584511474021,88,59,718,544,11,7,87.91703307877971,0.12256267409470752,0.10845588235294118,0.875,0.8813559322033898,13519,10597,89291,70061,2185,1534,-19265.769777762172,0.15140383689285594,0.1512539073093447,0.8383756194984836,0.8552420496366896,88,59,146,68,2893,10626,59844,15928,1190,9407,52907,6557,0.7026128053219249,0.7721414196200453,0.21399511798209928,0.11229593281117298,0.1537112799532437,0.15360784819930295,6,4,0.014106791741766336,1.2473231425046138
134,13233.5,13333.0,199,82.85857454094989,82.98166744530482,65.96272942620968,66.06401265689298,0.12309290435493381,0.10128323068330758,1.2153335110312655,0.0016624924388440859,0.001333043049752371,0.0014977677442982284,16.917654788411838,79,64,719,546,16,9,-208.5056641959039,0.10987482614742698,0.11721611721611722,0.7974683544303798,0.859375,13598,10661,90010,70607,2201,1543,-19474.27544195808,0.1510721030996556,0.1509906949735862,0.8381379614649214,0.8552668605196511,79,64,156,60,2909,10689,60344,16068,1200,9461,53339,6607,0.7027330296633707,0.7724304955599303,0.21392851889983822,0.1125597973923647,0.15329082573641778,0.1537082105802485,3,3,-0.007341291068690234,1.2471408475164505
135,13333.0,13432.5,199,82.98166744530482,83.11940591628917,66.06401265689298,66.14970663368798,0.13773847098434544,0.08569397679499957,1.6073296646489952,0.0016604318003418978,0.0013295482567759807,0.0014949900285589394,16.969699282601184,93,56,745,591,16,11,-344.97657819212264,0.12483221476510067,0.09475465313028765,0.8279569892473118,0.8035714285714286,13691,10717,90755,71198,2217,1554,-19822.074231341314,0.15085670211007657,0.1505238911205371,0.8380688043240084,0.8549967341606792,93,56,144,54,2933,10758,60876,16188,1202,9515,53822,6659,0.7030907388022698,0.7728306974915026,0.21422832517712365,0.1121582532425119,0.15339155901887977,0.15290675486579317,4,3,0.030077561634813024,1.248869149261476
136,13432.5,13532.0,199,83.11940591628917,83.26764884524205,66.14970663368798,66.24724487999522,0.14824292895288238,0.09753824630723784,1.519844107981281,0.0016591777333022039,0.001326980136376781,0.0014930789348394924,17.020403965246828,85,65,752,572,10,11,20.847338616746207,0.11303191489361702,0.11363636363636363,0.8823529411764706,0.8307692307692307,13776,10782,91507,71770,2227,1565,-19773.0622767261,0.15054585987957206,0.15022990107287168,0.8383420441347271,0.8548506770543498,85,65,152,63,2951,10825,61409,16322,1210,9572,54274,6714,0.703334171156305,0.7730806743764804,0.2142131242740999,0.11222407716564645,0.15311575779588024,0.15270065623422513,6,3,-0.0006044487427466078,1.2503410471783423
137,13532.0,13631.5,199,83.26764884524205,83.43272975138852,66.24724487999522,66.34959349440636,0.1650809061464713,0.10234861441114163,1.6129276111480086,0.0016591771993685136,0.0013248023929766895,0.0014919897961726016,17.083136256982158,99,63,760,561,13,7,25.439544247006793,0.13026315789473683,0.11229946524064172,0.8686868686868687,0.8888888888888888,13875,10845,92267,72331,2240,1572,-19747.62273247908,0.150378791984133,0.14993571221191468,0.8385585585585585,0.8550484094052558,99,63,149,68,2974,10901,61944,16448,1215,9630,54709,6777,0.7035884985964647,0.7731677980395681,0.21434234234234234,0.11203319502074689,0.1531253218000206,0.15202702702702703,9,5,0.017963692654095115,1.252395986121764
138,13631.5,13731.0,199,83.43272975138852,83.57284282815127,66.34959349440636,66.46538202613942,0.14011307676274498,0.11578853173305959,1.2100773251513675,0.0016573583184003088,0.0013236350121327508,0.0014904966652665298,17.107460802011843,83,75,746,581,10,10,153.80956946096518,0.11126005361930295,0.12908777969018934,0.8795180722891567,0.8666666666666667,13958,10920,93013,72912,2250,1582,-19602.253000777906,0.15006504467117499,0.1497695852534562,0.8388021206476572,0.8551282051282051,83,75,159,67,2988,10970,62462,16593,1221,9699,55154,6838,0.703665079074968,0.7731923414527101,0.21407078377991115,0.11181318681318682,0.15259690516316837,0.1515076312197543,8,5,-0.017827726070886382,1.252126381675138
139,13731.0,13830.5,199,83.57284282815127,83.69825603638937,66.46538202613942,66.56528481121536,0.12541320823810054,0.09990278507594041,1.2553524723336646,0.00165450274958915,0.0013213358256513317,0.0014879192876202409,17.132971225174003,84,65,756,579,21,10,-414.30013203125617,0.1111111111111111,0.11226252158894647,0.75,0.8461538461538461,14042,10985,93769,73491,2271,1592,-20022.706108738334,0.1497509838006164,0.14947408526214095,0.8382709015809714,0.8550751024123805,84,65,170,73,3013,11029,62989,16738,1229,9756,55603,6903,0.703878680587401,0.7733191819406458,0.21457057399230878,0.11187983614019117,0.15254923801326514,0.15113133300541073,9,2,-0.00115141047783536,1.2521440177962246
140,13830.5,13930.0,199,83.69825603638937,83.87439118275009,66.56528481121536,66.68736096909633,0.17613514636072125,0.1220761578809686,1.4428300285504017,0.0016553291762062786,0.001320661255890288,0.0014879952160482832,17.187030213653756,101,82,777,638,9,16,14.861019784433317,0.12998712998713,0.12852664576802508,0.9108910891089109,0.8048780487804879,14143,11067,94546,74129,2280,1608,-20021.13625929516,0.14958856006599963,0.14929379864830228,0.8387895071766952,0.8547031715912171,101,82,156,78,3030,11113,63526,16877,1242,9825,56094,6968,0.703953631036744,0.7734624775728797,0.21424026019939194,0.1122255353754405,0.15220776611242276,0.151278928136419,5,11,0.0014604842191049128,1.2534093574891643
141,13930.0,14029.5,199,83.87439118275009,84.0315508310631,66.68736096909633,66.79971703398206,0.1571596483130122,0.11235606488573069,1.3987642631739376,0.0016547913377430751,0.0013193034220348153,0.0014870473798889452,17.231833797081038,95,63,779,597,11,10,-17.449608222281704,0.12195121951219512,0.10552763819095477,0.8842105263157894,0.8412698412698413,14238,11130,95325,74726,2291,1618,-20041.683692978087,0.1493627065302911,0.14894414260096886,0.8390925691810648,0.854627133872417,95,63,181,57,3054,11184,64053,17034,1246,9884,56575,7021,0.7039811172305271,0.773773519257019,0.21449641803624103,0.1119496855345912,0.1520310633213859,0.15071972904318373,8,3,0.016423581321240346,1.2542917043228943
142,14029.5,14129.0,199,84.0315508310631,84.14754517193465,66.79971703398206,66.9350639175244,0.11599434087155203,0.13534688354233992,0.8570152325322368,0.0016513475414918271,0.0013195919203750994,0.0014854697309334632,17.21248125441025,84,74,754,600,20,8,-255.50945822239072,0.11140583554376658,0.12333333333333334,0.7619047619047619,0.8918918918918919,14322,11204,96079,75326,2311,1626,-20297.193151200492,0.14906483206527962,0.14874014284576376,0.838639854768887,0.8548732595501607,84,74,147,60,3068,11254,64590,17167,1257,9947,57052,7070,0.704191342541034,0.7740886280965403,0.21421589163524649,0.11219207425919314,0.15161848282678528,0.1509547255914495,8,4,-0.011927497789566754,1.2514077390095149
143,14129.0,14228.5,199,84.14754517193465,84.30191669067715,66.9350639175244,67.03738170785334,0.15437151874249366,0.1023177903289394,1.5087456271896391,0.0016506491149791277,0.0013175550503080943,0.0014841020826436109,17.264534982823804,91,62,754,570,12,9,-3.309790821229581,0.1206896551724138,0.10877192982456141,0.8681318681318682,0.8548387096774194,14413,11266,96833,75896,2323,1635,-20310.68716607283,0.14884388586535582,0.1484399704859281,0.8388260598071186,0.8548730694123913,91,62,148,55,3087,11326,65124,17296,1262,10004,57510,7120,0.7044189480858798,0.7743754611573732,0.2141816415735794,0.11201846263092491,0.15144973752637,0.15056072536387496,9,2,0.01191772534785239,1.252812255998824
144,14228.5,14328.0,199,84.30191669067715,84.4506053679106,67.03738170785334,67.15309757205631,0.14868867723345147,0.11571586420296853,1.2849463490386055,0.0016495637639387193,0.0013164815673863547,0.0014830226656625369,17.297507795854287,90,70,755,606,17,9,-202.56518647166587,0.11920529801324503,0.11551155115511551,0.8111111111111111,0.8714285714285714,14503,11336,97588,76502,2340,1644,-20517.986615130398,0.1486145837602984,0.14817913257169746,0.838654071571399,0.8549752999294283,90,70,161,69,3101,11402,65642,17443,1267,10069,57982,7184,0.7044206254867402,0.7744764842749209,0.2138178307936289,0.11176781933662668,0.15094431464174454,0.14992308602532245,8,7,0.0036937468581295235,1.2530093886643938
145,14328.0,14427.5,199,84.4506053679106,84.63428503810746,67.15309757205631,67.2676480063304,0.1836796701968666,0.1145504342740935,1.6034829667896529,0.0016509186816781034,0.0013153421127559024,0.0014831303972170028,17.36663703177706,97,74,762,597,8,12,56.28589539569438,0.1272965879265092,0.12395309882747069,0.9175257731958762,0.8378378378378378,14600,11410,98350,77099,2348,1656,-20427.050212036153,0.14844941535332995,0.14799154334038056,0.8391780821917808,0.8548641542506573,97,74,171,62,3120,11480,66155,17595,1277,10133,58453,7236,0.7043721403152008,0.7747182194321587,0.2136986301369863,0.1119193689745837,0.15061549601737872,0.1500058733701398,5,6,0.0033434890990385047,1.2551249334054253
146,14427.5,14527.0,199,84.63428503810746,84.76718692090363,67.2676480063304,67.3685558179114,0.13290188279616189,0.1009078115809956,1.3170623831187305,0.0016487596312182143,0.00131327914527203,0.0014810193882451221,17.398631102992226,72,63,769,606,8,9,101.24528106076646,0.09362808842652796,0.10396039603960396,0.8888888888888888,0.8571428571428572,14672,11473,99119,77705,2356,1665,-20332.207949704585,0.1480240922527467,0.1476481564892864,0.839422028353326,0.8548766669572039,72,63,164,62,3136,11536,66704,17743,1284,10189,58941,7291,0.7046075928933908,0.7750466507946722,0.21374045801526717,0.11191493070687701,0.15019876430863546,0.14973760932944608,2,9,-0.010332307613075992,1.2554525343328236
147,14527.0,14626.5,199,84.76718692090363,84.87613922883739,67.3685558179114,67.48424683917663,0.10895230793376243,0.1156910212652349,0.9417524950702683,0.0016449925457656146,0.0013122549594661752,0.001478623752615895,17.391892389660754,72,68,717,610,12,10,-162.2295456261403,0.100418410041841,0.11147540983606558,0.8333333333333334,0.8529411764705882,14744,11541,99836,78315,2368,1675,-20494.437495330727,0.14768219880604191,0.14736640490327524,0.839392295170917,0.8548652629754787,72,68,155,61,3150,11594,67208,17884,1289,10252,59427,7347,0.704735766657318,0.7752793206920768,0.21364622897449811,0.11168876180573607,0.14975753541884568,0.14925891616489115,4,8,-0.011056999794224573,1.2535616908125817
148,14626.5,14726.0,199,84.87613922883739,85.01106620587709,67.48424683917663,67.57184164328392,0.13492697703969725,0.08759480410728315,1.540353659270055,0.001643040231405708,0.0013093366812942616,0.001476188456349985,17.439224562593168,87,52,768,554,12,5,-68.39792388324983,0.11328125,0.09386281588447654,0.8620689655172413,0.9038461538461539,14831,11593,100604,78869,2380,1680,-20562.83541921398,0.14741958570235775,0.14699057931506676,0.839525318589441,0.8550849650651255,87,52,165,62,3174,11657,67748,18025,1296,10297,59874,7402,0.7049620293427696,0.7755899022429599,0.2140111927718967,0.11179159837833175,0.14972404358696165,0.14899977006208323,4,3,0.019418434115523464,1.254864585158941
149,14726.0,14825.5,199,85.01106620587709,85.1513726129849,67.57184164328392,67.68235572114382,0.14030640710781483,0.11051407785990364,1.2695794945299033,0.001641476972431842,0.001308003510613416,0.0014747402415226291,17.46901689184108,86,65,783,554,12,7,-23.08416151263722,0.10983397190293742,0.11732851985559567,0.8604651162790697,0.8923076923076922,14917,11658,101387,79423,2392,1687,-20585.919580726615,0.14712931638178464,0.14678367727232666,0.8396460414292418,0.8552925030022303,86,65,171,66,3192,11725,68292,18178,1305,10353,60306,7459,0.7050608066122875,0.7757324704430707,0.21398404504927265,0.11194029850746269,0.14936827328029947,0.14890460976722958,3,5,-0.007494547952658248,1.2549484455603919
150,14825.5,14925.0,199,85.1513726129849,85.28011483874037,67.68235572114382,67.79396105526584,0.12874222575547378,0.11160533412201801,1.1535490374924198,0.0016391597373898658,0.0013067612315391102,0.001472960484464488,17.486153783474535,81,68,779,647,11,11,-151.57905308846833,0.10397946084724005,0.10510046367851623,0.8641975308641976,0.8382352941176471,14998,11726,102166,80070,2403,1698,-20737.498633815085,0.14680030538535324,0.14644685899837642,0.8397786371516203,0.855193586900904,81,68,164,49,3215,11783,68849,18319,1313,10413,60844,7500,0.7053618620676154,0.7762832521543649,0.2143619149219896,0.11197339246119734,0.14929878331940188,0.14898445478270736,6,3,-0.0011210028312761827,1.2543682027199836
151,14925.0,15024.5,199,85.28011483874037,85.41423803197225,67.79396105526584,67.8933239075903,0.13412319323187205,0.09936285232446096,1.3498323578101818,0.0016372313403957284,0.0013047205719355505,0.0014709759561656395,17.520914124381946,91,62,746,556,20,10,-362.5018640297681,0.12198391420911528,0.11151079136690648,0.7802197802197802,0.8387096774193549,15089,11788,102912,80626,2423,1708,-21100.000497844856,0.14662041355721392,0.14620593853099498,0.8394194446285373,0.8551068883610451,91,62,174,68,3234,11855,69349,18474,1322,10466,61279,7559,0.7052918998756219,0.7764368814030214,0.21432831864271987,0.11214794706481167,0.1489773355444997,0.1488571106857336,9,5,0.010473122842208804,1.2548520929404055
152,15024.5,15124.0,199,85.41423803197225,85.53824900059263,67.8933239075903,68.02204686437544,0.1240109686203823,0.12872295678513979,0.9633943448593821,0.0016346596960060832,0.0013046480553974358,0.0014696538757017594,17.51620213621719,72,74,705,608,8,9,131.46221680998772,0.10212765957446808,0.12171052631578948,0.8888888888888888,0.8783783783783784,15161,11862,103617,81234,2431,1717,-20968.53828103487,0.14631768918227703,0.14602260137380899,0.8396543763603984,0.855252065418985,72,74,163,61,3252,11909,69837,18619,1330,10532,61760,7612,0.7053765308781378,0.7766452470640373,0.21449772442451026,0.11212274489967965,0.1486900461798729,0.14873630060389176,5,5,-0.019582866741321397,1.2529507013354002
153,15124.0,15223.5,199,85.53824900059263,85.6938238856897,68.02204686437544,68.12780075237816,0.1555748850970673,0.10575388800272378,1.4711032193261806,0.0016341950357994593,0.0013030676965108906,0.001468631366155175,17.566023133311532,104,59,775,601,21,6,-126.4757176800146,0.13419354838709677,0.09816971713810316,0.7980769230769231,0.8983050847457628,15265,11921,104392,81835,2452,1723,-21104.679427325696,0.14622768028201394,0.14567116759332804,0.8393711103832296,0.8554651455414815,104,59,141,70,3273,11992,70388,18739,1336,10585,62238,7676,0.7056192045367461,0.7768558685159161,0.21441205371765476,0.11207113497189833,0.1486916227512266,0.14824678206835332,5,3,0.03602383124899361,1.2541136889320479
154,15223.5,15323.0,199,85.6938238856897,85.85469780566031,68.12780075237816,68.24773211063368,0.16087391997061218,0.11993135825551349,1.341383290497475,0.0016340822324260053,0.0013024331029229952,0.0014682576676745003,17.60696569502663,96,68,790,550,15,7,-44.42277636786942,0.12151898734177215,0.12363636363636364,0.84375,0.8970588235294118,15361,11989,105182,82385,2467,1730,-21152.686386227753,0.14604209845791105,0.14552406384657401,0.8393984766616757,0.8557010593043624,96,68,160,65,3296,12065,70945,18876,1341,10648,62660,7736,0.7058336977809891,0.7768525823875706,0.21456936397369963,0.1118525314871966,0.14865596247519394,0.147736036135287,4,5,-0.0021173762945914942,1.2546381297885505
155,15323.0,15422.5,199,85.85469780566031,85.99753946225374,68.24773211063368,68.37475425905409,0.14284165659343273,0.1270221484204086,1.1245413368436021,0.0016328016666595632,0.0013022664668185745,0.0014675340667390689,17.622785203199655,89,77,802,607,15,11,-186.997445146569,0.11097256857855362,0.12685337726523888,0.8314606741573034,0.8571428571428572,15450,12066,105984,82992,2482,1741,-21339.68383137433,0.14577672101449277,0.1453875072296125,0.8393527508090615,0.8557102602353721,89,77,171,76,3316,12134,71507,19027,1357,10709,63130,7796,0.7059839221014492,0.7770267013688066,0.21462783171521035,0.11246477705950605,0.14841337331602739,0.1482574019447176,9,7,-0.01588080868668526,1.2538153352351025
156,15422.5,15522.0,199,85.99753946225374,86.13622963291753,68.37475425905409,68.49832048473098,0.13869017066379286,0.12356622567689612,1.1223954596334695,0.0016312700602191023,0.0013018793203315527,0.0014665746902753274,17.63790914818655,83,76,728,621,11,11,-110.31379693053631,0.11401098901098901,0.12238325281803543,0.8674698795180723,0.8552631578947368,15533,12142,106712,83613,2493,1752,-21449.99762830487,0.14556001199490218,0.14521665291282457,0.8395029936264726,0.855707461703179,83,76,143,70,3335,12198,72028,19151,1369,10773,63617,7854,0.7062279781093036,0.7772236374726418,0.21470417820124896,0.11274913523307528,0.14831450680423375,0.14843326466442588,3,3,-0.00837226380704642,1.253011730613912
157,15522.0,15621.5,199,86.13622963291753,86.30519376522895,68.49832048473098,68.62386536046198,0.16896413231141594,0.12554487573099493,1.3458465057025144,0.0016316959323389125,0.0013016237676226582,0.0014666598499807853,17.681328404766973,103,77,781,645,19,9,-156.34613059926735,0.13188220230473752,0.11937984496124031,0.8155339805825242,0.8831168831168831,15636,12219,107493,84258,2512,1761,-21576.14952379293,0.14546063464597694,0.14501887061169266,0.8393451010488616,0.8558801865946477,103,77,175,57,3355,12281,72551,19306,1375,10844,64134,7905,0.7061483073316402,0.7774810700467611,0.21456894346380148,0.11252966691218594,0.14805171881205595,0.14816810344827586,4,7,0.012502357343497209,1.2535849244049317
158,15621.5,15721.0,199,86.30519376522895,86.47916199122237,68.62386536046198,68.74670112617028,0.17396822599341988,0.12283576570830235,1.4162668746376492,0.0016324347199940044,0.0013011991254771108,0.0014668169227355576,17.73246086505209,101,80,786,566,11,14,-44.77507967071353,0.12849872773536897,0.1413427561837456,0.8910891089108911,0.825,15737,12299,108279,84824,2523,1775,-21635.12276769925,0.14533750773464846,0.14499434122418184,0.839677193874309,0.8556793235222375,101,80,149,52,3376,12361,73108,19434,1383,10916,64576,7949,0.7063604207648759,0.7775983212298406,0.2145262756560971,0.11244816651760306,0.14800526085050417,0.1481997428204029,7,8,-0.012844028448376621,1.2545618022879008
159,15721.0,15820.5,199,86.47916199122237,86.65971928199932,68.74670112617028,68.87355041530343,0.18055729077694593,0.12684928913314764,1.4234000995261675,0.0016335807037579527,0.001301033516055675,0.0014673071099068138,17.78616886669589,111,80,759,558,17,13,-205.97355555551403,0.14624505928853754,0.14336917562724014,0.8468468468468469,0.8375,15848,12379,109038,85382,2540,1788,-21845.653912905513,0.14534382508850124,0.14498372022206085,0.8397274103987885,0.855561838597625,111,80,170,61,3403,12445,73613,19577,1394,10985,65004,7999,0.7063225664447257,0.7776580543908552,0.21472741039878848,0.11261006543339526,0.14808529155787642,0.14840838922601937,4,5,0.0028758836612974015,1.2556023219989414
160,15820.5,15920.0,199,86.65971928199932,86.84246217168399,68.87355041530343,68.9965704393807,0.18274288968467545,0.12302002407727741,1.4854727192207502,0.0016348496490884022,0.001300629445027392,0.0014677395470578973,17.845891732303286,109,73,755,597,17,13,-154.84361186214844,0.14437086092715232,0.12227805695142378,0.8440366972477065,0.821917808219178,15957,12452,109793,85979,2557,1801,-22007.093122719634,0.145337134425692,0.1448260621779737,0.839756846525036,0.8553646000642467,109,73,143,62,3420,12537,74133,19703,1401,11051,65473,8054,0.7063565072454528,0.7777945777457286,0.21432600112803157,0.1125120462576293,0.14790468364831552,0.1481755684822845,7,7,0.022092803975728534,1.2569680436951596
161,15920.0,16019.5,199,86.84246217168399,86.9910095236766,68.9965704393807,69.1341710652828,0.1485473519926046,0.13760062590209543,1.079554333555851,0.0016339682115846293,0.0013011405718491948,0.0014675543917169122,17.856838458393796,95,87,740,638,16,16,-244.59907597149123,0.12837837837837837,0.13636363636363635,0.8315789473684211,0.8160919540229885,16052,12539,110533,86617,2573,1817,-22251.692198691107,0.14522359838238355,0.14476372998372145,0.8397084475454772,0.855092112608661,95,87,160,69,3441,12611,74639,19842,1409,11130,65963,8115,0.7063953751368369,0.7778149785838807,0.2143658111138799,0.11236940744875987,0.1477902332173689,0.1479420411591768,5,7,-0.007985257985257982,1.2557968346666926
162,16019.5,16119.0,199,86.9910095236766,87.15388215311674,69.1341710652828,69.2672991114101,0.16287262944014458,0.13312804612729678,1.2234283772512224,0.0016339863760109258,0.0013013679159293676,0.0014676771459701467,17.886583041706643,101,87,722,578,15,15,-216.73613551002384,0.13988919667590027,0.15051903114186851,0.8514851485148515,0.8275862068965517,16153,12626,111255,87195,2588,1832,-22446.384583239244,0.14518898027054963,0.14480188084179138,0.8397820838234383,0.8549025819737051,101,87,153,49,3459,12694,75125,19977,1414,11212,66410,8159,0.7063412880319986,0.777842766213659,0.2141397882746239,0.11199112941549184,0.14759344598054275,0.14770709286535047,10,16,-0.010629834465968241,1.2555914096314722
163,16119.0,16218.5,199,87.15388215311674,87.3452662151441,69.2672991114101,69.37794948797227,0.19138406202735325,0.11065037656217669,1.7296286553513054,0.0016357622749913659,0.001300206542739936,0.0014679844088656508,17.96731672717182,113,64,800,598,20,8,-156.15142704895945,0.14125,0.10702341137123746,0.8230088495575221,0.875,16266,12690,112055,87793,2608,1840,-22602.53601028821,0.14516085850698318,0.14454455366600982,0.8396655600639371,0.8550039401103231,113,64,153,74,3480,12786,75680,20109,1419,11271,66875,8228,0.7064388023738343,0.7778980100919207,0.21394319439321283,0.11182033096926713,0.1475263894187969,0.14709236031927023,8,2,0.03422658862876253,1.2580787907314406
164,16218.5,16318.0,199,87.3452662151441,87.52799775976301,69.37794948797227,69.51994380576836,0.1827315446189175,0.14199431779609029,1.2868933592210892,0.0016369862729235436,0.0013009801526672228,0.0014689832127953832,18.008053953994647,107,89,768,613,15,10,37.51414540858163,0.13932291666666666,0.14518760195758565,0.8598130841121495,0.8876404494382022,16373,12779,112823,88406,2623,1850,-22569.571801604805,0.14512111892078744,0.1445490125104631,0.8397972271422464,0.855231238751076,107,89,139,74,3500,12873,76222,20228,1437,11342,67343,8284,0.7066112406158319,0.7780014931113273,0.21376656690893545,0.11245011346740746,0.14750505731625085,0.14782429791173748,11,9,-0.005864685290918992,1.2582715190292897
165,16318.0,16417.5,199,87.52799775976301,87.66736523851772,69.51994380576836,69.68761616738742,0.139367478754707,0.1676723616190543,0.8311893350160178,0.001635554102653942,0.0013033084509116977,0.00146943127678282,17.9797490711303,94,87,773,607,19,6,12.44467744189319,0.12160413971539456,0.14332784184514002,0.7978723404255319,0.9310344827586207,16467,12866,113596,89013,2642,1856,-22559.019626360652,0.14496109017923167,0.14454068506847315,0.8395579036861602,0.8557438209233639,94,87,160,57,3518,12949,76759,20370,1449,11417,67818,8329,0.7066886157963309,0.7781672339995281,0.21363940001214551,0.11262241566920565,0.1472705961152043,0.14818981386786664,4,6,-0.021723702129745462,1.2549248042624368
166,16417.5,16517.0,199,87.66736523851772,87.88434891295051,69.68761616738742,69.8466524994715,0.21698367443279665,0.15903633208408507,1.3643654351766228,0.001638838357737718,0.001305085840341883,0.0014719620990398005,18.03769641347901,128,95,784,619,15,15,35.297459620179936,0.16326530612244897,0.15347334410339256,0.8828125,0.8421052631578947,16595,12961,114380,89632,2657,1871,-22457.15741496766,0.14508655359328554,0.14460237415208854,0.8398915335944561,0.8556438546408456,128,95,153,79,3548,13047,77292,20493,1464,11497,68278,8393,0.706766917293233,0.7780926454837558,0.2137993371497439,0.11295424735745699,0.14758121542365127,0.14852389165060365,7,5,0.00979196201905641,1.2557322339106862
167,16517.0,16616.5,199,87.88434891295051,88.06330496353195,69.8466524994715,69.9511629730297,0.1789560505814336,0.10451047355819298,1.712326473018881,0.0016397947344708767,0.0013035605150594333,0.001471677624765155,18.112141990502252,100,60,787,611,15,7,6.2805978321237435,0.12706480304955528,0.09819967266775777,0.85,0.8833333333333333,16695,13021,115167,90243,2672,1878,-22456.490564836316,0.1449634009742374,0.14428819963875314,0.8399520814615155,0.8557714461254896,100,60,162,70,3562,13133,77831,20641,1476,11545,68771,8451,0.7067389095834744,0.7784204869075718,0.21335729260257563,0.11335534905153213,0.1471718382018758,0.1486854034451496,6,2,0.028865130381797513,1.257935259258841
168,16616.5,16716.0,199,88.06330496353195,88.24299150218012,69.9511629730297,70.03974809920264,0.17968653864816986,0.08858512617294423,2.0284052911700874,0.0016407834256989405,0.0013011006475626957,0.001470942036630818,18.203243402977478,114,55,775,549,20,9,-239.3720652569229,0.14709677419354839,0.10018214936247723,0.8245614035087719,0.8363636363636364,16809,13076,115942,90792,2692,1887,-22658.747419883337,0.1449776612444153,0.14402149969160277,0.8398477006365638,0.8556898133985928,114,55,159,54,3588,13221,78359,20774,1484,11592,69219,8497,0.7067930516982629,0.7787360119834347,0.21345707656612528,0.11349036402569593,0.1472785485592316,0.14868249674381326,12,3,0.04691462483107116,1.2610734064059996
169,16716.0,16815.5,199,88.24299150218012,88.40105508182586,70.03974809920264,70.17718542314813,0.15806357964574147,0.13743732394549113,1.1500775415885636,0.0016404745219368577,0.0013015750794566625,0.0014710248006967602,18.223869658677728,106,81,806,653,19,12,-173.49410483877594,0.1315136476426799,0.12404287901990811,0.8207547169811321,0.8518518518518519,16915,13157,116748,91445,2711,1899,-22843.219345911435,0.14488470894576352,0.14387883427196677,0.83972805202483,0.8556661853006005,106,81,188,72,3610,13305,78893,20940,1493,11664,69728,8560,0.7066759173604688,0.7788397397342665,0.21342004138338752,0.11347571634871172,0.1470468431771894,0.1485128817268477,10,7,0.007470768622771781,1.2603764068851622
170,16815.5,16915.0,199,88.40105508182586,88.53575726429814,70.17718542314813,70.28229273257539,0.1347021824722816,0.10510730942725388,1.2815681726256223,0.0016387881469761463,0.001300132607628186,0.0014694603773021662,18.253464531722756,85,63,759,577,16,7,-116.04091928294969,0.11198945981554677,0.10918544194107452,0.8117647058823529,0.8888888888888888,17000,13220,117507,92022,2727,1906,-22967.434817146222,0.14467223229254428,0.14366129838516875,0.8395882352941176,0.8558245083207262,85,63,150,63,3629,13371,79436,21071,1506,11714,70192,8610,0.7068940573753053,0.7791397709243442,0.2134705882352941,0.11391830559757943,0.14692307692307693,0.14887307236061684,5,0,0.0028040178744722505,1.2604776907839925
171,16915.0,17014.5,199,88.53575726429814,88.70285531740663,70.28229273257539,70.37213184979595,0.16709805310848935,0.08983911722056348,1.8599698914922318,0.0016390255111352085,0.0012978096432602385,0.0014684175771977235,18.33072346761068,104,59,821,538,16,9,-193.22206386025954,0.12667478684531058,0.10966542750929369,0.8461538461538461,0.847457627118644,17104,13279,118328,92560,2743,1915,-23126.517744305365,0.14454735988100872,0.14346369922212618,0.8396281571562207,0.855787333383538,104,59,168,47,3652,13452,80008,21216,1510,11769,70628,8653,0.7070177810830911,0.7793647363872083,0.21351730589335827,0.1137133820317795,0.1468553964934856,0.14857817573551116,8,7,0.017009359336016897,1.2629167302361837
172,17014.5,17114.0,199,88.70285531740663,88.90679275778119,70.37213184979595,70.47814432581028,0.20393744037455974,0.10601247601432817,1.9237116992437424,0.0016414127030258596,0.0012964587268473563,0.001468935714936608,18.428648431970913,123,69,862,576,18,11,-155.19340151313867,0.14269141531322505,0.11979166666666667,0.8536585365853658,0.8405797101449275,17227,13348,119190,93136,2761,1926,-23287.87746045935,0.14453393741085663,0.1433172994330871,0.8397283334300807,0.8557087204075517,123,69,182,54,3678,13549,80591,21372,1516,11832,71087,8701,0.7070140112425539,0.7795374506098608,0.21350206071863934,0.11357506742583158,0.1468263473053892,0.14838015072917687,11,12,0.022899748646558374,1.2660740130288142
173,17114.0,17213.5,199,88.90679275778119,89.09349470067913,70.47814432581028,70.60282784085787,0.1867019428979404,0.12468351504759312,1.4974067969344154,0.0016427710194023587,0.0012962081021473406,0.0014694895607748498,18.49066685982126,114,81,807,621,18,17,-217.94870307370473,0.1412639405204461,0.13043478260869565,0.8421052631578947,0.7901234567901234,17341,13429,119997,93757,2779,1943,-23509.95546608579,0.14451194613198665,0.1432319720127564,0.839743959402572,0.8553131283044157,114,81,146,79,3705,13636,81165,21491,1524,11905,71556,8772,0.7072676816920423,0.7794618001855862,0.21365549852949656,0.11348573981681435,0.147047150341324,0.14801864801864803,14,9,0.010829157911750459,1.267366726593431
174,17213.5,17313.0,199,89.09349470067913,89.23814934444587,70.60282784085787,70.7258765549909,0.1446546437667422,0.12304871413303431,1.1755884227310869,0.0016416850682290328,0.001295865931984421,0.001468775500106727,18.51227278945497,94,76,791,588,15,13,-194.2422071547559,0.11883691529709228,0.1292517006802721,0.8404255319148937,0.8289473684210527,17435,13505,120788,94345,2794,1956,-23704.19767324054,0.1443438089876478,0.1431448407440776,0.8397476340694007,0.8551647537948908,94,76,169,74,3727,13708,81715,21638,1534,11971,72004,8836,0.707371593204623,0.7794583708728603,0.21376541439632923,0.11358756016290263,0.14693475261186675,0.14792671166827387,6,2,-0.010414785383179831,1.2668633596340035
175,17313.0,17412.5,199,89.23814934444587,89.39056575696537,70.7258765549909,70.82299894538342,0.1524164125195,0.09712239039251358,1.5693231180114016,0.0016410572863614498,0.0012940387233791124,0.0014675480048702812,18.567566811581955,100,58,768,597,18,5,-88.16894518497226,0.13020833333333334,0.09715242881072027,0.8200000000000001,0.9137931034482758,17535,13563,121556,94942,2812,1961,-23798.531876474783,0.14425449998354667,0.14285563817909883,0.8396350156829199,0.8554154685541546,100,58,164,74,3754,13781,82246,21775,1538,12025,72473,8906,0.7074928428049623,0.77953908702155,0.2140861134873111,0.11339674113396742,0.14704845469857808,0.1472615855993872,5,1,0.033055904522613075,1.268167062324202
176,17412.5,17512.0,199,89.39056575696537,89.57622623590787,70.82299894538342,70.95748508465141,0.18566047894249493,0.1344861392679917,1.3805175756627803,0.0016423349975851554,0.001294365886826564,0.0014683504422058598,18.618741151256458,103,84,805,626,10,15,-45.65879677416258,0.12795031055900621,0.134185303514377,0.9029126213592233,0.8214285714285714,17638,13647,122361,95568,2822,1976,-23849.10153341294,0.14414723645606034,0.14279884480160723,0.8400045356616397,0.8552062724408295,103,84,180,75,3773,13865,82787,21936,1546,12101,72948,8973,0.7074149443041492,0.7794868575255316,0.21391314207960085,0.11328497105590972,0.14675794468863043,0.14697214564122066,9,11,-0.006234992955370777,1.2688336538378016
177,17512.0,17611.5,199,89.57622623590787,89.77761600226572,70.95748508465141,71.06888820530038,0.201389766357849,0.11140312064897273,1.807756956759057,0.0016444913973295342,0.001293378674772493,0.0014689350360510135,18.708727796965334,113,69,829,588,12,11,19.549891020878086,0.13630880579010857,0.11734693877551021,0.8938053097345133,0.8405797101449275,17751,13716,123190,96156,2834,1987,-23801.71745333956,0.14409448818897638,0.14264320479221265,0.8403470227029464,0.855132691746865,113,69,170,57,3803,13948,83363,22076,1550,12166,73414,9026,0.7075736666937251,0.7796081367777362,0.2142414511858487,0.11300670749489647,0.146953128018857,0.14655824508320725,5,9,0.018961867014598358,1.2714693920701934
178,17611.5,17711.0,199,89.77761600226572,89.9466531159145,71.06888820530038,71.19769639669147,0.16903711364878404,0.12880819139108723,1.312316490304206,0.0016447968696131146,0.0012933852815847128,0.0014690910755989137,18.74895671922303,98,78,819,599,11,14,-17.327798107564515,0.11965811965811966,0.1302170283806344,0.8877551020408163,0.8205128205128205,17849,13794,124009,96755,2845,2001,-23822.11968632719,0.14393310162972042,0.14256627564466953,0.840607316936523,0.8549369290996085,98,78,170,75,3827,14022,83938,22222,1559,12235,73869,9092,0.707730890499883,0.7795772828277608,0.2144097708555101,0.11302015369001014,0.14691542861530194,0.14637123274809877,9,4,-0.010558908722514734,1.2716990776312507
179,17711.0,17810.5,199,89.9466531159145,90.1249165693648,71.19769639669147,71.32682884414872,0.17826345345029893,0.12913244745725194,1.3804698738426013,0.0016456169569168846,0.0012934100204713007,0.0014695134886940926,18.798087725216078,104,75,788,597,9,8,196.25281232332668,0.1319796954314721,0.12562814070351758,0.9134615384615384,0.8933333333333333,17953,13869,124797,97352,2854,2009,-23630.939610018286,0.14385762478264702,0.14246240447037553,0.8410293544254442,0.8551445670199727,104,75,164,74,3849,14104,84480,22364,1573,12296,74331,9152,0.7077814370537754,0.7796860875996384,0.2143931376371637,0.11341841517052419,0.14683553961774692,0.14666666666666667,10,2,0.0063515547279545115,1.2723088045330317
180,17810.5,17910.0,199,90.1249165693648,90.29254165222085,71.32682884414872,71.43650735104188,0.16762508285604838,0.10967850689316094,1.5283311890754845,0.0016458339415982256,0.0012923482789780716,0.0014690911102881485,18.856034301178966,99,64,837,634,13,9,45.574603195356666,0.11827956989247312,0.10094637223974763,0.8686868686868687,0.859375,18052,13933,125634,97986,2867,2018,-23589.216358855057,0.1436872184281325,0.14219378278529585,0.8411810325725682,0.8551639991387354,99,64,188,69,3872,14180,85053,22529,1581,12352,74840,9213,0.7078099877421717,0.7799175392402996,0.2144914690892976,0.11347161415344864,0.14666111132154086,0.14647026125625348,8,4,0.017333197652725493,1.2735219819379293
181,17910.0,18009.5,199,90.29254165222085,90.4443430589826,71.43650735104188,71.59151207138223,0.15180140676174858,0.15500472034034374,0.9793340901389219,0.0016451698992634982,0.0012938150640960384,0.0014694924816797683,18.85283098760037,89,88,782,601,12,9,46.50398017723552,0.11381074168797954,0.1464226289517471,0.8651685393258427,0.8977272727272727,18141,14021,126416,98587,2879,2027,-23542.712378677825,0.14350240475889128,0.14221956241695152,0.8412987156165592,0.855431139005777,89,88,170,69,3888,14253,85592,22683,1593,12428,75296,9270,0.7078217947095304,0.7799101301388621,0.21432115098395899,0.11361529134869125,0.1463249407248504,0.14664457332228667,7,8,-0.032611887263767556,1.2715649592570974
182,18009.5,18109.0,199,90.4443430589826,90.60442607983471,71.59151207138223,71.67308288452445,0.16008302085211312,0.08157081314222125,1.9625036785278012,0.0016449704744402277,0.0012912106251024257,0.0014680905497713266,18.931343195310262,98,53,828,586,15,11,-205.71293098240352,0.11835748792270531,0.09044368600682594,0.846938775510204,0.7924528301886793,18239,14074,127244,99173,2894,2038,-23753.923693590656,0.143338782182264,0.14191362568441007,0.8413290202313723,0.85519397470513,98,53,165,64,3912,14327,86181,22824,1602,12472,75774,9325,0.7080333846782559,0.7802123561856553,0.21448544328088162,0.11382691487849936,0.14631956912028726,0.14660931637228883,9,3,0.027913801915879374,1.2739753239791842
183,18109.0,18208.5,199,90.60442607983471,90.74466500278508,71.67308288452445,71.7807687992585,0.140238922950374,0.10768591473404854,1.3022958786831267,0.001643683403058377,0.00129006887578405,0.0014668761394212135,18.963896203526588,86,68,764,591,11,12,-97.77312701260543,0.112565445026178,0.11505922165820642,0.872093023255814,0.8235294117647058,18325,14142,128008,99764,2905,2050,-23860.395640579656,0.14315511530529343,0.14175454071608998,0.8414733969986358,0.8550417197001838,86,68,157,62,3925,14400,86715,22968,1609,12533,76242,9380,0.7080807449534404,0.7803516298464376,0.21418826739427013,0.11377457219629472,0.1459487599003458,0.1464191464191464,6,2,-0.002493776632028419,1.2741051535402828
184,18208.5,18308.0,199,90.74466500278508,90.92344978371045,71.7807687992585,71.90315889119053,0.1787847809253691,0.12239009193203287,1.4607782223470671,0.0016445157322216423,0.0012897426926286818,0.001467129212425162,19.020290892519924,107,76,814,594,14,13,-111.75867120746962,0.13144963144963145,0.12794612794612795,0.8691588785046729,0.8289473684210527,18432,14218,128822,100358,2919,2063,-23972.154311787133,0.14308115073512287,0.1416728113354192,0.8416341145833334,0.8549022366014911,107,76,178,79,3946,14486,87265,23125,1621,12597,76693,9447,0.7080389995497663,0.7803463600310887,0.2140842013888889,0.1140104093402729,0.14576484060433675,0.14645825804119986,4,3,0.003503503503503508,1.2750727270025324
185,18308.0,18407.5,199,90.92344978371045,91.03747509052162,71.90315889119053,72.03912162744896,0.11402530681117184,0.1359627362584348,0.8386511624364135,0.0016418209606043732,0.0012901573789436014,0.0014659891697739874,18.99835346307266,88,79,795,606,20,13,-302.4128693500597,0.11069182389937107,0.13036303630363036,0.7727272727272727,0.8354430379746836,18520,14297,129617,100964,2939,2076,-24288.41042775546,0.14288249226567504,0.14160492848936254,0.8413066954643629,0.8547947121773799,88,79,177,71,3975,14545,87824,23273,1631,12666,77159,9508,0.708232716387511,0.7803771641377124,0.2146328293736501,0.11407987689725117,0.14588226658837347,0.1464224795762636,12,3,-0.019671212404259286,1.272574173818018
186,18407.5,18507.0,199,91.03747509052162,91.20636428436319,72.03912162744896,72.18554439790485,0.1688891938415651,0.14642277045588514,1.153435311432307,0.0016421196588407934,0.0012911327996628426,0.001466626229251818,19.02081988645834,102,90,802,642,14,10,-25.49566102148603,0.12718204488778054,0.14018691588785046,0.8627450980392157,0.8888888888888888,18622,14387,130419,101606,2953,2086,-24313.906088776952,0.14278594376586234,0.14159596874200342,0.8414241220062292,0.8550079933273094,102,90,165,78,3993,14629,88377,23420,1637,12750,77639,9580,0.7082556989395717,0.7802295140050785,0.21442379980668028,0.1137832765691249,0.14566081786013935,0.14593919942943745,8,5,-0.013004871000069917,1.2718441195743808
187,18507.0,18606.5,199,91.20636428436319,91.34846123362487,72.18554439790485,72.33769932751824,0.1420969492616848,0.1521549296133884,0.9338964542439737,0.0016409752223915431,0.0012924058610148934,0.0014666905417032184,19.010761906106637,97,87,798,653,22,10,-300.06496348539656,0.12155388471177944,0.1332312404287902,0.7731958762886598,0.8850574712643678,18719,14474,131217,102259,2975,2096,-24625.90839471077,0.14265682038150546,0.14154255371165375,0.8410705700090817,0.8551886140666022,97,87,164,75,4010,14709,88931,23567,1651,12823,78144,9641,0.7082999916169399,0.7803225143997106,0.21422084513061596,0.11406660218322509,0.14541103093157343,0.14620970598653915,10,6,-0.011677355717010757,1.2697058036419975
188,18606.5,18706.0,199,91.34846123362487,91.51940882740709,72.33769932751824,72.46388697749698,0.17094759378221625,0.1261876499787462,1.3547093856729162,0.0016413852811509924,0.0012922771999867616,0.001466831240568877,19.055521849910107,106,78,905,595,19,13,-285.2417309734744,0.11712707182320442,0.13109243697478992,0.8207547169811321,0.8333333333333334,18825,14552,132122,102854,2994,2109,-24914.61458424959,0.14248194850214196,0.14148210084197016,0.8409561752988048,0.8550714678394722,106,78,176,58,4035,14790,89579,23718,1662,12890,78614,9688,0.7085421050241444,0.7804849592626442,0.21434262948207172,0.11421110500274877,0.14538968760134038,0.14643171806167402,8,7,-0.013965365151585502,1.2701495322890533
189,18706.0,18805.5,199,91.51940882740709,91.69951303155648,72.46388697749698,72.61436786590527,0.18010420414938721,0.150480888408282,1.196857661158484,0.001642277911959791,0.0012934417160596976,0.0014678598140097443,19.085145165651213,108,84,827,590,15,10,-8.63960046984865,0.13059250302297462,0.1423728813559322,0.8611111111111112,0.8809523809523809,18933,14636,132949,103444,3009,2119,-24923.254184719433,0.14240799103415597,0.14148718147016742,0.841071145618761,0.8552200054659743,108,84,145,57,4059,14874,90177,23839,1670,12966,79071,9737,0.7088131539161633,0.7805285951819342,0.21438757724607826,0.11410221371959552,0.14549430066671445,0.1464013325151223,9,7,-0.011780378332957586,1.2696961073458939
190,18805.5,18905.0,199,91.69951303155648,91.89962288789114,72.61436786590527,72.74693368824936,0.20010985633466305,0.1325658223440911,1.5095131821779297,0.0016442193668180119,0.0012936463376728238,0.001468932852245418,19.152689199641785,115,75,842,625,13,6,190.86317646217827,0.13657957244655583,0.12,0.8869565217391304,0.92,19048,14711,133791,104069,3022,2125,-24738.494978984076,0.14237131047678842,0.1413581373896165,0.8413481730365393,0.8555502685065597,115,75,189,57,4078,14970,90734,24009,1674,13037,79568,9790,0.708657533017916,0.7806551422613843,0.2140907181856363,0.11379240024471483,0.14519172570940292,0.14602233077459875,18,5,0.016579572446555835,1.2709960357293968
191,18905.0,19004.5,199,91.89962288789114,92.08906403790141,72.74693368824936,72.90424033824142,0.18944115001026773,0.15730664999206567,1.204279348774021,0.0016455791144047347,0.0012951506571441923,0.0014703648857744634,19.184823699659987,114,96,859,641,20,13,-215.04218246816058,0.13271245634458673,0.1497659906396256,0.8245614035087719,0.8645833333333334,19162,14807,134650,104710,3042,2138,-24940.13934948576,0.1423096917935388,0.141409607487346,0.841248303934871,0.8556088336597555,114,96,172,75,4102,15060,91331,24157,1686,13121,80050,9853,0.7087486075009284,0.7805940215834208,0.21406951257697526,0.11386506382116567,0.14515729502105523,0.1461131813848687,7,8,-0.017053534295038864,1.2705696478842372
192,19004.5,19104.0,199,92.08906403790141,92.29097532307529,72.90424033824142,73.02332092793809,0.20191128517387824,0.11908058969666513,1.6955851972870504,0.001647577447910315,0.0012946383612538455,0.0014711079045820804,19.2676543951372,129,69,849,623,29,10,-368.6521968191461,0.1519434628975265,0.11075441412520064,0.7751937984496124,0.855072463768116,19291,14876,135499,105333,3071,2148,-25271.06908079615,0.14237005439154532,0.1412282950262501,0.8408065937483801,0.8556063457918796,129,69,158,67,4134,15157,91925,24283,1694,13182,80545,9912,0.7089277411641415,0.7807524707356669,0.2142968223523923,0.11387469749932777,0.14547629939824752,0.14595898673100122,7,2,0.04118904877232586,1.2726159653686233
193,19104.0,19203.5,199,92.29097532307529,92.44496745438204,73.02332092793809,73.1753242591718,0.15399213130675093,0.1520033312337148,1.013083924259385,0.0016470597389114177,0.0012958457877276111,0.0014714527633195144,19.269643195210236,103,89,832,624,23,13,-406.70017766663614,0.12379807692307693,0.14262820512820512,0.7766990291262136,0.8539325842696629,19394,14965,136331,105957,3094,2161,-25677.76925846278,0.14225671344008334,0.14123653935086875,0.8404661235433639,0.8555963915803542,103,89,175,78,4154,15240,92499,24438,1703,13262,81011,9981,0.708958344030338,0.7806374283907623,0.21418995565638857,0.11379886401603742,0.14528539451594852,0.14575487846627866,8,4,-0.018830128205128194,1.2710306693203777
194,19203.5,19303.0,199,92.44496745438204,92.61095208887603,73.1753242591718,73.29247885131555,0.16598463449399503,0.11715459214374846,1.4168000712283835,0.0016471686437693315,0.0012952354129809318,0.0014712020283751317,19.318473237560482,104,73,820,646,21,12,-312.58888525356963,0.12682926829268293,0.1130030959752322,0.7980769230769231,0.8356164383561644,19498,15038,137151,106603,3115,2173,-25954.273896102175,0.14216447565092488,0.14106544843953736,0.8402400246179096,0.855499401516159,104,73,159,63,4170,15328,93072,24581,1709,13329,81527,10038,0.7090141522847081,0.7808035421141994,0.2138680890347728,0.11364543157334751,0.1450384334457932,0.14548395334979144,7,4,0.01382617231745073,1.2717137188045526
195,19303.0,19402.5,199,92.61095208887603,92.78324972781873,73.29247885131555,73.43710501677654,0.17229763894269468,0.14462616546099127,1.1913310319298134,0.001647601802325582,0.0012960471765098272,0.0014718244894177045,19.346144711042186,104,85,779,624,14,10,-20.070115178284972,0.13350449293966624,0.1362179487179487,0.8653846153846154,0.8823529411764706,19602,15123,137930,107227,3129,2183,-25980.64816307138,0.142115565866744,0.14103723875516427,0.8403734312825222,0.8556503339284534,104,85,181,68,4190,15412,93586,24742,1724,13399,82013,10091,0.7088813166098745,0.7809320413701772,0.21375369860218346,0.11399854526218343,0.14482234204341213,0.14591620820990267,12,5,-0.0027134557782824698,1.2712514113587046
196,19402.5,19502.0,199,92.78324972781873,92.9650205399093,73.43710501677654,73.5628210475048,0.18177081209057633,0.1257160307282561,1.4458841170660766,0.0016485162948268216,0.0012958810056896818,0.0014721986502582518,19.402199492404506,107,82,823,608,15,14,-78.16956625576947,0.13001215066828675,0.13486842105263158,0.8598130841121495,0.8292682926829268,19709,15205,138753,107835,3144,2197,-26063.02093637043,0.14204377563007647,0.14100245745815365,0.8404789689989345,0.855508056560342,107,82,178,72,4218,15491,94152,24892,1730,13475,82473,10157,0.7089576441590452,0.7808503732554365,0.21401390227814704,0.11377836238079579,0.14489866025420817,0.14553714141499116,6,11,-0.00485627038434483,1.2721201156501738
197,19502.0,19601.5,199,92.9650205399093,93.14809915057047,73.5628210475048,73.71325729427632,0.1830786106611697,0.15043624677151968,1.2169847000984195,0.0016494882224510291,0.001296977660879611,0.00147323294166532,19.434841856294156,108,91,831,625,13,13,0.44860892526210217,0.1299638989169675,0.1456,0.8796296296296297,0.8571428571428572,19817,15296,139584,108460,3157,2210,-26065.731783344356,0.14197185923888125,0.1410289507652591,0.8406923348640056,0.8555177824267782,108,91,166,77,4238,15579,94729,25038,1738,13558,82938,10226,0.7090139270976616,0.7807117831458602,0.21385678962506938,0.1136244769874477,0.1447602131438721,0.14526914075560013,5,8,-0.01563610108303251,1.2717938575228391
198,19601.5,19701.0,199,93.14809915057047,93.32202367673527,73.71325729427632,73.81713885867028,0.1739245261647966,0.10388156439395857,1.6742578645158668,0.001649985681870902,0.001295700176850193,0.0014728429293605475,19.504884818064994,101,65,844,607,11,6,152.49021064200747,0.11966824644549763,0.1070840197693575,0.8910891089108911,0.9076923076923077,19918,15361,140428,109067,3168,2216,-25913.241572702325,0.14183781012333724,0.14084003410747523,0.8409478863339692,0.8557385586875854,101,65,170,77,4255,15663,95319,25191,1752,13609,83417,10289,0.7090751132252827,0.7808869777292856,0.21362586605080833,0.114055074539418,0.1445017999049107,0.14550286521053069,7,5,0.012584226676140134,1.2734317022954849
199,19701.0,19800.5,199,93.32202367673527,93.51523604277855,73.81713885867028,73.95288850607626,0.19321236604328362,0.13574964740598716,1.4232992109765297,0.0016514522504271067,0.001296044990355377,0.0014737486203912418,19.56234753670229,108,77,780,597,13,9,71.08942511713911,0.13846153846153847,0.12897822445561138,0.8796296296296297,0.8831168831168831,20026,15438,141208,109664,3181,2225,-25842.15214758518,0.14181916038751347,0.14077545958564341,0.8411564965544792,0.8558751133566525,108,77,170,71,4281,15745,95847,25335,1763,13675,83877,10349,0.709081638434083,0.7809308433031806,0.2137720962748427,0.11419873040549294,0.14455024311183146,0.14555812417437253,9,6,0.009483314005927085,1.274224477326421
200,19800.5,19900.0,199,93.51523604277855,93.6715591567384,73.95288850607626,74.08142938676505,0.15632311395984289,0.12854088068878866,1.216135389163219,0.001651050422037275,0.0012960241061417302,0.0014735372640895025,19.590129769973345,83,74,836,579,4,7,363.43021032745133,0.09928229665071771,0.12780656303972365,0.9518072289156626,0.9054054054054054,20109,15512,142044,110243,3185,2232,-25482.717526469107,0.14156880966461097,0.14070734649819036,0.8416132080163111,0.8561113976276431,83,74,178,55,4307,15802,96448,25487,1767,13745,84331,10400,0.7093224634620259,0.780983826637519,0.21418270426177333,0.1139118102114492,0.14455930724306906,0.1452288978384154,3,4,-0.028524266389005945,1.2739349632565553
201,19900.0,19999.5,199,93.6715591567384,93.851890162481,74.08142938676505,74.20367245527476,0.18033100574260175,0.12224306850970379,1.4751838933778636,0.001651853016539632,0.001295688531249788,0.0014737707738947101,19.648217707206243,114,81,893,651,14,14,-145.49485569141578,0.1276595744680851,0.12442396313364056,0.8771929824561404,0.8271604938271605,20223,15593,142937,110894,3199,2246,-25628.212382160527,0.14148191161140922,0.14061175536999296,0.8418137763932156,0.8559610081446803,114,81,187,73,4339,15884,97072,25642,1779,13814,84840,10461,0.709480400456145,0.7810972640539614,0.21455768184740148,0.1140896556146989,0.14472499249524698,0.14534313725490197,6,5,0.003235611334444541,1.2748843388667621
202,19999.5,20099.0,199,93.851890162481,93.99638406062992,74.20367245527476,74.33224464830374,0.144493898148923,0.1285721930289867,1.1238347479718787,0.001650864635177536,0.0012956711763649495,0.0014732679057712426,19.66413941232618,107,87,856,624,25,21,-613.6109251146643,0.125,0.13942307692307693,0.7663551401869159,0.7586206896551724,20330,15680,143793,111518,3224,2267,-26247.97071686178,0.14138379476052382,0.14060510410875374,0.8414166256763403,0.8554209183673469,107,87,179,60,4366,15964,97669,25794,1787,13893,85325,10513,0.7095964337624223,0.7811474380817447,0.214756517461879,0.11396683673469388,0.14476127320954907,0.14528455284552846,7,3,-0.014423076923076927,1.274138581834547
203,20099.0,20198.5,199,93.99638406062992,94.1680996871184,74.33224464830374,74.4587171997611,0.17171562648847782,0.12647255145735414,1.3577303890036518,0.0016512337019541933,0.0012955500420930503,0.0014733918720236218,19.709382487357303,111,70,838,661,17,10,-170.95577460839235,0.1324582338902148,0.1059001512859304,0.8468468468468469,0.8571428571428572,20441,15750,144631,112179,3241,2277,-26418.92649147018,0.1413320795680041,0.14040060973979088,0.841446113203855,0.8554285714285714,111,70,166,72,4389,16052,98253,25937,1796,13954,85853,10576,0.7096818800948621,0.7813316217830432,0.21471552272393718,0.11403174603174603,0.1447272967090945,0.14516650501131587,9,7,0.026558082604284397,1.2745425867815277
204,20198.5,20298.0,199,94.1680996871184,94.35139699419824,74.4587171997611,74.58986411409023,0.18329730707984027,0.13114691432913617,1.397648644784913,0.0016521697327816342,0.0012956603822812894,0.001473915057531462,19.761532880108007,106,90,854,626,11,19,-92.2455823387593,0.12412177985948478,0.14376996805111822,0.8962264150943396,0.7888888888888889,20547,15840,145485,112805,3252,2296,-26511.172073808928,0.14123105474791214,0.14041930765480254,0.841728719521098,0.8550505050505051,106,90,198,73,4419,16128,98833,26105,1808,14032,86328,10637,0.7097089046980788,0.7813128850671512,0.21506789312308366,0.11414141414141414,0.14477132748001573,0.1452792286058658,4,5,-0.019648188191633442,1.2751564803367943
205,20298.0,20397.5,199,94.35139699419824,94.53077684160695,74.58986411409023,74.73377105557337,0.17937984740871116,0.14390694148313798,1.2464989218725744,0.0016529045757279236,0.0012963952141698124,0.001474649894948868,19.79700578603358,105,89,782,641,15,11,-42.603069039674025,0.13427109974424553,0.13884555382215288,0.8571428571428572,0.8764044943820225,20652,15929,146267,113446,3267,2307,-26555.70513937617,0.14119384413435704,0.14041041552809266,0.8418070889018012,0.8551698160587607,105,89,147,77,4444,16208,99388,26227,1813,14116,86808,10709,0.7098798772108541,0.7811734217160587,0.21518496997869455,0.1138175654466696,0.14489256952821883,0.14478517808656763,4,10,-0.004574454077907353,1.2750005227274872
206,20397.5,20497.0,199,94.53077684160695,94.66359979609958,74.73377105557337,74.84674947322036,0.1328229544926245,0.11297841764698546,1.1756489182530918,0.0016513608839294994,0.0012956139824694217,0.0014734874331994606,19.81685032287922,89,68,781,632,13,8,-40.250158640907976,0.11395646606914213,0.10759493670886076,0.8539325842696629,0.8823529411764706,20741,15997,147048,114078,3280,2315,-26558.84691348607,0.14104918121973778,0.14022861550868704,0.8418591196181476,0.8552853660061261,89,68,164,55,4458,16283,99930,26377,1821,14176,87325,10756,0.7098906479516892,0.7814477813425902,0.21493659900679812,0.11383384384572107,0.14457596886654775,0.14478810527152738,4,7,0.006361529360281365,1.2745778497867315
207,20497.0,20596.5,199,94.66359979609958,94.82206673294267,74.84674947322036,75.00072929293019,0.15846693684309798,0.1539798197098321,1.0291409428957745,0.0016510771720800157,0.0012968309964501525,0.001473954084265084,19.821337440012485,102,87,852,637,14,8,-1.1164781628002527,0.11971830985915492,0.13657770800627944,0.8627450980392157,0.9080459770114943,20843,16084,147900,114715,3294,2323,-26562.391741519747,0.1409263015551048,0.14020834241380814,0.8419613299429065,0.8555707535438946,102,87,160,86,4475,16368,100537,26520,1830,14254,87798,10833,0.7100202839756592,0.7813102035479231,0.2147003790241328,0.1137776672469535,0.14437812550411358,0.14451551764984602,3,8,-0.01685939814712452,1.2731629461352714
208,20596.5,20696.0,199,94.82206673294267,94.9809672146079,75.00072929293019,75.10614227132687,0.15890048166522774,0.10541297839668573,1.5074090883502036,0.0016508171364713604,0.0012956896306910637,0.001473253383581212,19.874824943281027,106,64,843,597,25,9,-416.50825355264215,0.1257413997627521,0.10720268006700168,0.7641509433962264,0.859375,20949,16148,148743,115312,3319,2332,-26978.899995072406,0.14084024122143562,0.14003746357707783,0.8415676165926774,0.8555858310626703,106,64,189,58,4500,16449,101110,26684,1837,14311,88280,10884,0.7100166058234674,0.7815058276675454,0.21480738937419447,0.11376021798365123,0.14430477167778347,0.1444068862510809,7,4,0.01853871969575041,1.2740837754415673
209,20696.0,20795.5,199,94.9809672146079,95.14666183667295,75.10614227132687,75.2338653332933,0.16569462206504681,0.12772306196642091,1.297296036549835,0.001650886301290006,0.001295632019367107,0.0014732591603285566,19.912796503379653,111,79,829,617,25,15,-435.31049630877754,0.1338962605548854,0.1280388978930308,0.7747747747747747,0.810126582278481,21060,16227,149572,115929,3344,2347,-27416.32216755399,0.1408017543390474,0.1399736045338095,0.8412155745489078,0.8553645159302397,111,79,164,74,4523,16537,101687,26825,1845,14382,88752,10950,0.7100927981172946,0.7814869445953989,0.2147673314339981,0.1136993899057127,0.14428352685976778,0.14419695193434937,4,6,0.005857362661854604,1.2741938116784381
210,20795.5,20895.0,199,95.14666183667295,95.31967716688767,75.2338653332933,75.40013614635674,0.17301533021472437,0.16627081306344849,1.0405634460252635,0.001651305164330751,0.001297419788074282,0.0014743624762025166,19.91954102053093,104,91,824,650,14,10,125.79204934950884,0.1262135922330097,0.14,0.8653846153846154,0.8901098901098901,21164,16318,150396,116579,3358,2357,-27296.796862461542,0.14072182770818373,0.13997375170485252,0.8413343413343414,0.8555582792008825,104,91,173,72,4539,16625,102250,26982,1860,14458,89254,11007,0.7100521290459852,0.7815644327022877,0.21446796446796446,0.11398455693099645,0.1439992386028362,0.14455584052226625,8,8,-0.013786407766990305,1.2727608901215617
211,20895.0,20994.5,199,95.31967716688767,95.49654171070026,75.40013614635674,75.52388081637447,0.17686454381258443,0.12374467001772871,1.4292699943136566,0.0016519034010099613,0.0012971650261654171,0.0014745342135876892,19.972660894325784,118,76,828,655,27,8,-310.23869360339324,0.14251207729468598,0.11603053435114503,0.771186440677966,0.8947368421052632,21282,16394,151224,117234,3385,2365,-27610.83439933687,0.14073162990001586,0.13983997816333146,0.8409453998684334,0.8557399048432354,118,76,176,73,4563,16719,102808,27134,1872,14522,89772,11068,0.7100129609056763,0.7817186140539434,0.2144065407386524,0.11418811760400147,0.14395684134145187,0.1446676970633694,7,6,0.02648154294354095,1.2734720468784109
212,20994.5,21094.0,199,95.49654171070026,95.67366657837222,75.52388081637447,75.65847242471132,0.17712486767196367,0.1345916083368479,1.3160171712092632,0.0016525083350799087,0.0012974268868003555,0.001474967610940132,20.0151941536609,103,77,873,700,14,12,-57.92509481726633,0.11798396334478808,0.11,0.8640776699029127,0.8441558441558441,21385,16471,152097,117934,3399,2377,-27673.292813150914,0.14060106379481516,0.13966286227890176,0.8410568155249006,0.855685750713375,103,77,183,80,4581,16804,103413,27299,1875,14596,90318,11145,0.7100337284759068,0.7817338511370767,0.21421557166238017,0.11383643980329063,0.14369510664993726,0.14400921658986174,4,5,0.007983963344788084,1.2736812778369624
213,21094.0,21193.5,199,95.67366657837222,95.84568860589123,75.65847242471132,75.77668328945536,0.17202202751900586,0.11821086474404296,1.455213341781045,0.0016528668151883643,0.001296913375087208,0.001474890095137786,20.069005316435863,104,74,827,655,8,12,39.66513672217907,0.12575574365175332,0.11297709923664122,0.9230769230769231,0.8378378378378378,21489,16545,152924,118589,3407,2389,-27633.627676428743,0.1405207815646988,0.13951546939429457,0.8414537670436038,0.8556059232396495,104,74,168,67,4609,16880,103996,27439,1879,14666,90836,11208,0.7101893751144359,0.7818178751823525,0.21448182791195494,0.11356905409489272,0.1438155267099351,0.14357759608772064,5,2,0.012778644415112103,1.2744620010393686
214,21193.5,21293.0,199,95.84568860589123,96.01543548510632,75.77668328945536,75.91807318340615,0.16974687921509712,0.14138989395078738,1.2005587844501797,0.001653115095426182,0.001297493237630279,0.0014753041665282306,20.097362301700173,115,86,862,644,20,10,-60.16874269308148,0.1334106728538283,0.13354037267080746,0.8260869565217391,0.8837209302325582,21604,16631,153786,119233,3427,2399,-27708.620786748128,0.14048092804286477,0.139483196765996,0.8413719681540456,0.8557513077986891,115,86,181,87,4632,16972,104585,27597,1892,14739,91320,11282,0.7101881835797796,0.7817634379743863,0.21440473986298833,0.11376345379111298,0.14372149306525178,0.14361621375436465,9,7,-0.00012969981697916189,1.2740837851651585
215,21293.0,21392.5,199,96.01543548510632,96.1912238375526,75.91807318340615,76.04783668387323,0.17578835244627555,0.12976350046707807,1.354682571089197,0.0016536434768893759,0.0012975242262161322,0.001475583851552754,20.14338715367937,100,85,861,704,9,14,68.30926225040366,0.11614401858304298,0.12073863636363637,0.91,0.8352941176470589,21704,16716,154647,119937,3436,2413,-27607.812612303514,0.1403454318544815,0.13937317091473023,0.8416881680796167,0.8556472840392438,100,85,191,84,4654,17050,105177,27766,1902,14814,91865,11356,0.7102045303174326,0.781802112775874,0.21443051971986732,0.11378320172290021,0.1435533621221468,0.14346055211947503,12,7,-0.004594617780593391,1.2744605792153618
216,21392.5,21492.0,199,96.1912238375526,96.337938407895,76.04783668387323,76.16987719994076,0.14671457034239666,0.12204051606752842,1.2021792030215228,0.001652814193639418,0.0012971955855851543,0.001475004889612286,20.16806120795424,92,76,834,678,13,15,-138.72079286938734,0.11031175059952038,0.11209439528023599,0.8586956521739131,0.8026315789473684,21796,16792,155481,120615,3449,2428,-27750.768747361,0.14018433120445584,0.1392198316958919,0.8417599559552211,0.8554073368270605,92,76,174,73,4668,17128,105759,27926,1909,14883,92401,11422,0.7102282594014703,0.7819093810885877,0.21416773719948615,0.11368508813720819,0.1432165429220102,0.14320006001050184,3,6,-0.0017826446807156088,1.2741441707064143
217,21492.0,21591.5,199,96.337938407895,96.52861620745196,76.16987719994076,76.27673462838612,0.1906777995569655,0.10685742844536605,1.784413141239451,0.0016540286894961135,0.0012961667764556193,0.0014750977329758665,20.251881579065838,107,65,879,644,13,10,-13.398286845716076,0.1217292377701934,0.10093167701863354,0.8785046728971962,0.8461538461538461,21903,16857,156360,121259,3462,2438,-27768.512890179194,0.14008058326937836,0.1390164853742815,0.8419394603478976,0.8553716556919974,107,65,204,66,4696,17207,106355,28102,1919,14938,92924,11478,0.7102264006139678,0.7821522526163006,0.21439985390129207,0.11383994779616777,0.14317946216232696,0.14324102410987535,8,4,0.020797560751559863,1.2760924902110755
218,21591.5,21691.0,199,96.52861620745196,96.69164833899922,76.27673462838612,76.4143395817305,0.16303213154725427,0.13760495334437906,1.1847838873884105,0.0016539575206676773,0.0012965649304866479,0.0014752612255771627,20.277308757268713,101,75,848,602,17,7,-23.135612753548003,0.11910377358490566,0.12458471760797342,0.8316831683168316,0.9066666666666666,22004,16932,157208,121861,3479,2445,-27791.648502932745,0.13996743168286602,0.13894519165278474,0.841892383203054,0.8555988660524451,101,75,159,68,4714,17290,106961,28243,1930,15002,93394,11535,0.710364612487914,0.7822354978212882,0.2142337756771496,0.11398535317741554,0.14303486361015869,0.1433345711102859,3,4,-0.0054809440230677575,1.2756457326413162
219,21691.0,21790.5,199,96.69164833899922,96.83730261346349,76.4143395817305,76.53141626119137,0.14565427446427748,0.11707667946086531,1.244092975091292,0.0016530895048423335,0.001296017373931151,0.0014745534393867422,20.305886352272125,92,76,843,650,14,11,-5.725147705582154,0.10913404507710557,0.11692307692307692,0.8478260869565217,0.8552631578947368,22096,17008,158051,122511,3493,2456,-27782.85380950206,0.1398029749890858,0.1388283501073373,0.8419170890658942,0.8555973659454374,92,76,173,61,4726,17370,107551,28404,1936,15072,93913,11590,0.7103846226850826,0.7823705626433545,0.2138848660391021,0.11382878645343368,0.14265016601267733,0.1431317462664498,6,8,-0.00778903184597135,1.2755149260291871
220,21790.5,21890.0,199,96.83730261346349,96.98858479622402,76.53141626119137,76.65738524832578,0.15128218276052507,0.12596898713441362,1.2009478380508158,0.0016524864795809681,0.0012958810221005556,0.001474183750840762,20.331199547898237,93,80,855,685,17,15,-293.4659862276597,0.10877192982456141,0.11678832116788321,0.8172043010752688,0.8125,22189,17088,158906,123196,3510,2471,-28078.513639314864,0.139636011226763,0.138705802136433,0.8418135111992429,0.8553955992509363,93,80,191,81,4750,17439,108146,28571,1946,15142,94447,11661,0.7104577548991228,0.7824361180557811,0.2140700347018793,0.11388108614232209,0.14255274451547073,0.1430146248254575,10,4,-0.0080163913433218,1.27518379496165
221,21890.0,21989.5,199,96.98858479622402,97.14493931574384,76.65738524832578,76.77125758521815,0.15635451951982304,0.11387233689237064,1.3730685062484098,0.0016521195824164812,0.0012951957939322644,0.0014736576881743727,20.37368173052569,89,80,811,680,9,18,-61.13884749494186,0.10974106041923551,0.11764705882352941,0.898876404494382,0.775,22278,17168,159717,123876,3519,2489,-28142.75200569014,0.13948421270121528,0.13859020310633213,0.8420414758955023,0.8550209692451072,89,80,178,66,4769,17509,108709,28730,1957,15211,94992,11716,0.7104941865925355,0.7826294035971455,0.2140676900978544,0.11399114631873253,0.14236245858085317,0.14312879397352446,6,11,-0.007905998404293901,1.2755751602625132
222,21989.5,22089.0,199,97.14493931574384,97.31707543272408,76.77125758521815,76.88446477996057,0.17213611698024067,0.11320719474241514,1.5205404335997272,0.0016524704456755605,0.0012944866270730203,0.0014734785363742903,20.432610652763515,112,73,868,650,17,15,-426.10400602565136,0.12903225806451613,0.1123076923076923,0.8482142857142857,0.7945205479452055,22390,17241,160585,124526,3536,2504,-28573.043073220546,0.13942771740822618,0.13845301382843744,0.8420723537293435,0.8547648048257062,112,73,201,53,4795,17595,109290,28905,1960,15281,95519,11766,0.7104337266868014,0.7828003790373095,0.21415810629745421,0.11368250101502234,0.14228486646884272,0.1427946961969984,7,3,0.016724565756823823,1.2765450110612435
223,22089.0,22188.5,199,97.31707543272408,97.47150203598353,76.88446477996057,77.00271771316501,0.15442660325945212,0.1182529332044453,1.3059008269373482,0.001652020022885139,0.0012940112237699885,0.0014730156233275639,20.46878432281852,88,74,891,645,11,11,40.597388686427855,0.09876543209876543,0.11472868217054263,0.875,0.8513513513513513,22478,17315,161476,125171,3547,2515,-28532.44568453412,0.13920334910451088,0.13833076351551077,0.842201263457603,0.8547502165752238,88,74,191,68,4811,17667,109918,29080,1969,15346,96031,11825,0.7105018702469716,0.7829289531920333,0.2140314974641872,0.11371643084031187,0.14195509132217993,0.14274322169059012,1,3,-0.015963250071777207,1.2766659148999675
224,22188.5,22288.0,199,97.47150203598353,97.62867810900367,77.00271771316501,77.1380423487609,0.15717607302013903,0.13532463559589303,1.1614742011166308,0.0016516969827174734,0.0012943060245071915,0.0014730015036123324,20.490635760242768,94,79,859,630,14,7,62.11771852800736,0.10942956926658906,0.1253968253968254,0.851063829787234,0.9113924050632911,22572,17394,162335,125801,3561,2522,-28470.327966006116,0.13904580035112576,0.13826599152629948,0.8422381711855396,0.8550074738415545,94,79,164,69,4821,17751,110529,29234,1978,15416,96522,11885,0.7105676533095143,0.7829826471967631,0.21358320042530568,0.1137173738070599,0.14156511525473497,0.1426819591718964,5,7,-0.015967256130236335,1.2761255463879642
225,22288.0,22387.5,199,97.62867810900367,97.81215901581923,77.1380423487609,77.24377135189272,0.18348090681556073,0.10572900313181322,1.7353886008630346,0.0016525517926352924,0.0012932762334940523,0.0014729140130646723,20.568387663926515,111,64,812,618,18,10,-126.62604376018096,0.13669950738916256,0.10355987055016182,0.8378378378378378,0.84375,22683,17458,163147,126419,3579,2532,-28602.623330534385,0.13903412260108983,0.13809633045665604,0.8422166380108451,0.8549662046053386,111,64,146,63,4840,17843,111103,29361,1984,15474,97019,11942,0.710665841235205,0.783133864371653,0.2133756557774545,0.11364417459044564,0.14151632993187332,0.14246732730145054,4,2,0.033139636839000744,1.2778026455883928
226,22387.5,22487.0,199,97.81215901581923,97.94366209522747,77.24377135189272,77.3476466176417,0.13150307940823325,0.10387526574898232,1.2659710515303457,0.001651087576690125,0.0012921731197179293,0.001471630348204027,20.596015477585766,83,66,899,673,12,13,-163.27673083478484,0.09232480533926585,0.09806835066864784,0.8554216867469879,0.803030303030303,22766,17524,164046,127092,3591,2545,-28771.194752434905,0.13877814759274837,0.13788436723003808,0.8422647808134938,0.8547706003195618,83,66,201,74,4862,17904,111740,29540,1989,15535,97557,12011,0.7107884373895127,0.783259371164196,0.21356408679609945,0.11350148367952523,0.141328992500436,0.14207142857142857,9,6,-0.005743545329381997,1.2777603492096659
227,22487.0,22586.5,199,97.94366209522747,98.12952568153692,77.3476466176417,77.43826061137973,0.185863586309452,0.0906139937380317,2.0511576484178624,0.0016520430311619903,0.0012904925923376844,0.0014712678117498373,20.691265070157186,109,62,857,639,16,12,-280.8676556544002,0.12718786464410736,0.09702660406885759,0.8532110091743119,0.8064516129032258,22875,17586,164903,127731,3607,2557,-29034.344324222515,0.13871791295488864,0.1376799680578716,0.8423169398907104,0.854600250199022,109,62,180,68,4884,17991,112330,29698,1995,15591,98072,12073,0.7108057464084947,0.7834198432643602,0.21350819672131147,0.11344251108836574,0.14122954137990862,0.1418112027295991,6,2,0.030161260575249774,1.2801646758540233
228,22586.5,22686.0,199,98.12952568153692,98.27839691574962,77.43826061137973,77.59751029218343,0.14887123421270587,0.15924968080369695,0.9348290901519336,0.0016513594797475533,0.001291852270900062,0.0014716058753238078,20.680886623566195,89,90,853,663,12,12,64.98534855757478,0.10433763188745604,0.13574660633484162,0.8651685393258427,0.8666666666666667,22964,17676,165756,128394,3619,2569,-28952.88806022318,0.13854098795820363,0.13766998457871862,0.8424055042675492,0.8546616881647432,89,90,165,66,4903,18061,112948,29844,2002,15674,98586,12132,0.7109908540264003,0.7834322476128168,0.21350809963421008,0.11326091875990044,0.141105706967508,0.14164426206311023,7,8,-0.03140897444738558,1.2782881734588853
229,22686.0,22785.5,199,98.27839691574962,98.43110122511041,77.59751029218343,77.68362540710896,0.15270430936078583,0.08611511492553348,1.7732579175309024,0.0016508501225302838,0.001289990376887246,0.001470420249708765,20.747475818001448,100,59,856,645,17,10,-279.0017677921669,0.11682242990654206,0.09147286821705426,0.83,0.8305084745762712,23064,17735,166612,129039,3636,2579,-29231.889828015337,0.13842940484478908,0.13743906880865475,0.8423517169614985,0.8545813363405694,100,59,172,70,4925,18139,113554,29994,2008,15727,99108,12196,0.7111072431757617,0.783608056479049,0.21353624696496704,0.11322244149985904,0.1410406941779547,0.14136862855533652,5,5,0.025349561689487793,1.279738323718193
230,22785.5,22885.0,199,98.43110122511041,98.5721046087908,77.68362540710896,77.82032928556455,0.1410033836803848,0.13670387845559162,1.0314512307431707,0.0016498339021452553,0.0012903552375363747,0.001470094569840815,20.75177532322624,96,85,891,717,18,12,-258.81205215531816,0.10774410774410774,0.11854951185495119,0.8125,0.8588235294117648,23160,17820,167503,129756,3654,2591,-29496.42331501532,0.13826618030721838,0.1373346897253306,0.8422279792746115,0.854601571268238,96,85,186,84,4950,18210,114188,30155,2018,15802,99666,12270,0.711258902825621,0.7836554764326891,0.21373056994818654,0.1132435465768799,0.1410055547642786,0.1412374020156775,4,3,-0.01080540411084345,1.2785889142397868
231,22885.0,22984.5,199,98.5721046087908,98.73325227554571,77.82032928556455,77.92315335584756,0.1611476667549141,0.10282407028300611,1.5672173481499228,0.0016497029092366197,0.0012892429107138697,0.0014694729099752448,20.81009891969815,101,64,888,657,13,7,11.14319434456494,0.11373873873873874,0.0974124809741248,0.8712871287128713,0.890625,23261,17884,168391,130413,3667,2598,-29488.81522015369,0.1381368362917258,0.13713356797251808,0.8423541550234298,0.8547304853500335,101,64,162,74,4967,18294,114830,30300,2023,15861,100190,12339,0.7114216317974239,0.783763888569391,0.21353338205580155,0.11311787072243346,0.14083987864008846,0.14085781924523047,4,4,0.01632625776461394,1.2795904445370645
232,22984.5,23084.0,199,98.73325227554571,98.8904345922974,77.92315335584756,78.03759120061484,0.1571823167516868,0.1144378447672807,1.3735169259027091,0.0016494012664226637,0.001288643282189838,0.0014690222743062508,20.852843391682555,94,72,853,703,10,10,113.65934712125961,0.11019929660023446,0.10241820768136557,0.8936170212765957,0.8611111111111112,23355,17956,169244,131116,3677,2608,-29375.155873032447,0.1379960294013377,0.13694743585832392,0.8425604795546993,0.8547560703942971,94,72,191,79,4988,18367,115419,30470,2028,15928,100747,12413,0.7114402873957127,0.7838478904176455,0.21357311068293727,0.11294274894185788,0.1406734728411078,0.14043348798559657,4,4,0.007781088918868889,1.2799517827926568
233,23084.0,23183.5,199,98.8904345922974,99.05522230532031,78.03759120061484,78.15279551253099,0.16478771302291761,0.11520431191614477,1.430395358316655,0.0016494302649351343,0.001288081861582003,0.0014687560632585686,20.902426792789328,108,73,892,708,21,12,-281.72981175785714,0.1210762331838565,0.10310734463276836,0.8055555555555556,0.8356164383561644,23463,18029,170136,131824,3698,2620,-29656.885684790304,0.13790732120186203,0.1367656875834446,0.8423901461876145,0.8546785734095069,108,73,193,83,5012,18451,116034,30639,2030,15999,101301,12494,0.7114661212206705,0.7838557470566816,0.21361292247368197,0.11259637251095457,0.14058511682701746,0.13976865877168823,9,2,0.01796888855108815,1.2805321727839012
234,23183.5,23283.0,199,99.05522230532031,99.2390599665584,78.15279551253099,78.2702892499233,0.18383766123808698,0.11749373739230862,1.5646592347663406,0.0016502772069046847,0.0012876235697882005,0.0014689503883464426,20.968770716635106,109,75,895,661,13,12,22.618882494503126,0.1217877094972067,0.11346444780635401,0.8807339449541285,0.84,23572,18104,171031,132485,3711,2632,-29642.25012589908,0.1378229677660775,0.13664943201117108,0.8425674529102325,0.8546177640300486,109,75,197,65,5048,18524,116659,30800,2038,16066,101830,12551,0.7116078371757166,0.7839981884741669,0.21415238418462582,0.1125718073353955,0.14081678196831066,0.1396942902186579,11,6,0.008323261690852693,1.2816456964795515
235,23283.0,23382.5,199,99.2390599665584,99.40246470865445,78.2702892499233,78.39343011658369,0.1634047420960485,0.12314086666039259,1.3269741112566533,0.0016502430856605505,0.0012874106892778387,0.0014688268874691946,21.009034592070762,91,86,869,674,10,17,-111.67264156797864,0.1047180667433832,0.12759643916913946,0.8901098901098901,0.8023255813953488,23663,18190,171900,133159,3721,2649,-29760.13695601453,0.13765561372891216,0.1366036092190539,0.8427502852554621,0.854370533260033,91,86,166,94,5067,18596,117290,30947,2053,16137,102339,12630,0.7117917393833624,0.7839650342823241,0.21413176689346236,0.11286421110500275,0.14069528516687954,0.1398215623510182,12,6,-0.022878372425756258,1.28183111994063
236,23382.5,23482.0,199,99.40246470865445,99.57604039327389,78.39343011658369,78.49225227255691,0.1735756846194363,0.09882215597322386,1.756445029052666,0.0016506423914094735,0.0012861639808369088,0.0014684031861231911,21.083788120716974,109,61,908,637,16,11,-195.74348866058295,0.12004405286343613,0.09576138147566719,0.8532110091743119,0.819672131147541,23772,18251,172808,133796,3737,2660,-29961.004390565773,0.13756307578352853,0.13640916021405722,0.8427982500420663,0.8542545613938962,109,61,170,56,5091,18681,117943,31093,2056,16195,102862,12683,0.7119693532706819,0.7841639510897187,0.21415951539626452,0.11265136156922909,0.14069754587663055,0.1394938598276681,8,2,0.024282671387768934,1.2833840909892362
237,23482.0,23581.5,199,99.57604039327389,99.71942877044467,78.49225227255691,78.60798513262672,0.1433883771707798,0.1157328600698122,1.2389599382948393,0.0016497582008035128,0.0012856449105477642,0.0014677015556756384,21.111443637817942,102,73,892,656,22,14,-417.0462024380059,0.11434977578475336,0.11128048780487805,0.7843137254901961,0.8082191780821918,23874,18324,173700,134452,3759,2674,-30384.228864839446,0.13744386873920553,0.1362865557968643,0.8425483789896959,0.8540711635014189,102,73,205,81,5115,18759,118552,31274,2066,16258,103374,12754,0.7119573978123201,0.7842203909201797,0.21424981151042977,0.11274830822964418,0.1405644562917365,0.13940620782726046,7,6,0.0030692879798753098,1.2832145075739567
238,23581.5,23681.0,199,99.71942877044467,99.88239845843414,78.60798513262672,78.77124255403685,0.16296968798947375,0.16325742141012256,0.9982375476828953,0.0016497083189154812,0.0012871370668253968,0.001468422692870439,21.111155904397293,102,92,864,687,14,11,54.54854271300269,0.11805555555555555,0.1339155749636099,0.8627450980392157,0.8804347826086957,23976,18416,174564,135139,3773,2685,-30329.680322126445,0.1373479067849041,0.1362745025492271,0.8426343009676343,0.8542028670721112,102,92,190,86,5140,18836,119149,31439,2075,16341,103892,12831,0.7119967461790518,0.7841333737855097,0.21438104771438105,0.1126737619461338,0.14051778342764976,0.13920568898430163,8,7,-0.015860019408054343,1.2816881445146573
239,23681.0,23780.5,199,99.88239845843414,100.08816612323461,78.77124255403685,78.9291422276403,0.2057676648004758,0.15789967360345258,1.3031544657732375,0.001651458563320283,0.001288391436390979,0.001469924999855631,21.159023895594316,124,100,876,688,13,16,55.90000235886553,0.1415525114155251,0.14534883720930233,0.8951612903225806,0.84,24100,18516,175440,135827,3786,2701,-30285.25188900082,0.1373689010487916,0.1363204664757375,0.8429045643153527,0.8541261611579175,124,100,161,67,5164,18936,119764,31576,2085,16431,104423,12888,0.7120839033287734,0.7841445368004889,0.21427385892116182,0.1126053143227479,0.14055525313010342,0.1392506511721098,11,9,-0.0037963257937772277,1.2817987737844032
240,23780.5,23880.0,199,100.08816612323461,100.27336372530911,78.9291422276403,79.05652666313412,0.18519760207449565,0.1273844354938234,1.4538479631090842,0.0016523328294435714,0.0012883574953345687,0.0014703451623890701,21.21683706217499,125,73,929,651,22,7,-61.07641214722466,0.13455328310010764,0.11213517665130568,0.8240000000000001,0.904109589041096,24225,18589,176369,136478,3808,2708,-30352.353316827972,0.13735407015972195,0.1362051026539076,0.8428070175438597,0.8543224487600194,125,73,185,68,5189,19036,120408,31736,2091,16498,104939,12950,0.7121262806955871,0.7842289599788977,0.2142002063983488,0.11248587874549465,0.14052809749492215,0.13902001196728941,10,4,0.02241810644880196,1.2825111317526687
241,23880.0,23979.5,199,100.27336372530911,100.44585540159136,79.05652666313412,79.19542713972638,0.17249167628224882,0.13890047659225502,1.2418364609979087,0.0016526699740776385,0.0012888040812019331,0.0014707370276397858,21.250428261864982,101,89,863,658,13,16,-155.87158617060797,0.11703360370799537,0.135258358662614,0.8712871287128713,0.8202247191011236,24326,18678,177232,137136,3821,2724,-30508.224902998583,0.1372551232283109,0.1362005600280014,0.8429252651484009,0.8541599743013171,101,89,174,83,5209,19117,121016,31890,2098,16580,105432,13026,0.7122020854021847,0.7841121222727803,0.21413302639151524,0.11232466002784024,0.14040809725329523,0.1387199153663052,7,8,-0.018224754954618616,1.282328321412798
242,23979.5,24079.0,199,100.44585540159136,100.65594101467236,79.19542713972638,79.33248706242969,0.21008561308100582,0.13705992270331535,1.532801193356605,0.001654565607229359,0.0012891705381404988,0.001471868072684929,21.323453952242673,132,87,900,676,16,16,-101.06306568836033,0.14666666666666667,0.128698224852071,0.8787878787878788,0.8160919540229885,24458,18765,178132,137812,3837,2740,-30609.287968686946,0.13730267442121571,0.13616375932429686,0.8431188159293482,0.8539834798827605,132,87,167,67,5232,19226,121640,32034,2106,16659,105962,13085,0.7122358700289673,0.7841697384843119,0.21391773652792542,0.11223021582733812,0.1403960714860731,0.13863471792508722,7,2,0.01796844181459567,1.283434237968164
243,24079.0,24178.5,199,100.65594101467236,100.84907897556495,79.33248706242969,79.4901992337058,0.19313796089258517,0.1577121712761027,1.2246230543263743,0.0016557446995209928,0.0012903881365329186,0.0014730664180269558,21.358879741859155,124,96,854,652,23,14,-248.44208103931365,0.1451990632318501,0.147239263803681,0.814516129032258,0.8541666666666666,24582,18861,178986,138464,3860,2754,-30857.730049726273,0.13734035064194966,0.13621591171712502,0.8429745342120251,0.8539844122793065,124,96,195,73,5254,19328,122197,32207,2117,16744,106456,13147,0.7120724525940576,0.7841243933441183,0.2137336262305752,0.11224219288478872,0.1402525292971357,0.13869234800838576,7,7,-0.00204020057183088,1.2831369513127522
244,24178.5,24278.0,199,100.84907897556495,101.07215451173099,79.4901992337058,79.62717843141476,0.2230755361660357,0.1369791977089676,1.6285358645477863,0.0016581472425049163,0.0012907417726695008,0.0014744445075872085,21.444976080316223,135,80,919,643,18,10,2.9087227939935545,0.14689880304678998,0.12441679626749612,0.8666666666666667,0.875,24717,18941,179905,139107,3878,2764,-30821.240787485738,0.13738917762152247,0.13616137218112676,0.8431039365618804,0.8540731745947944,135,80,184,77,5286,19431,122829,32359,2126,16815,106951,13215,0.7121258441955477,0.7841230132200393,0.2138609054496905,0.11224328176970592,0.14041705405764376,0.13858288247180758,9,5,0.022482006779293864,1.284646764840926
245,24278.0,24377.5,199,101.07215451173099,101.29761184972459,79.62717843141476,79.76143275587285,0.22545733799360335,0.13425432445808383,1.6793301735617048,0.0016606278778188068,0.0012909807437730787,0.0014758043107959426,21.536179093851743,134,82,881,669,16,12,72.63712184233198,0.15209988649262202,0.12257100149476831,0.8805970149253731,0.8536585365853658,24851,19023,180786,139776,3894,2776,-30748.603665643393,0.13746086533249255,0.13609632554945056,0.8433061043821174,0.8540713872680439,134,82,170,74,5307,19544,123427,32508,2135,16888,107473,13280,0.7120794751806002,0.7841689560439561,0.21355277453623597,0.11223256058455554,0.14034113447044824,0.1385014596172559,10,6,0.029528884997853708,1.2863304784588658
246,24377.5,24477.0,199,101.29761184972459,101.48893024438664,79.76143275587285,79.91663975871059,0.1913183946620478,0.15520700283774147,1.2326659955031694,0.0016616936097638604,0.0012920737869904794,0.00147688369837717,21.57229048567605,124,92,941,650,20,10,-40.47875073773218,0.13177470775770456,0.14153846153846153,0.8387096774193549,0.8913043478260869,24975,19115,181727,140426,3914,2786,-30779.49688634528,0.13743142185806181,0.13612151595858316,0.8432832832832833,0.854250588543029,124,92,187,62,5332,19643,124082,32670,2141,16974,107975,13336,0.7121341352688373,0.7841567800834603,0.2134934934934935,0.1120062777923097,0.1403084048207989,0.138334302513407,8,7,-0.009763753780756973,1.2860671166731938
247,24477.0,24576.5,199,101.48893024438664,101.67564335000353,79.91663975871059,80.08787811714434,0.1867131056168887,0.17123835843375446,1.0903696305236472,0.0016625633264218623,0.0012938102839134833,0.0014781868051676728,21.587765232859184,114,102,882,706,18,15,-163.95878644519104,0.1292517006802721,0.14447592067988668,0.8421052631578947,0.8529411764705882,25089,19217,182609,141132,3932,2801,-30897.815526652426,0.13739191387061975,0.1361633081087209,0.8432779305671808,0.8542436384451267,114,102,171,81,5353,19736,124700,32820,2157,17060,108514,13401,0.7121938130103117,0.7841665958110138,0.21336043684483239,0.1122443669667482,0.14023000550127054,0.13864249903586578,8,5,-0.015224219999614569,1.2850132257358355
248,24576.5,24676.0,199,101.67564335000353,101.88370628137223,80.08787811714434,80.2515753308759,0.20806293136870124,0.16369721373155244,1.2710230469157788,0.0016642912353369915,0.0012952271703813938,0.0014797592028591927,21.632130950496332,139,100,932,717,27,13,-375.4736831382683,0.14914163090128754,0.1394700139470014,0.8057553956834532,0.87,25228,19317,183541,141849,3959,2814,-31273.289209790706,0.13745157757667223,0.1361800224182053,0.8430711907404471,0.8543252057772946,139,100,202,86,5386,19842,125324,32989,2168,17149,109056,13476,0.7121569567562561,0.7841014036052422,0.21349294434755034,0.11223274835637004,0.14035179153094463,0.13858348248529787,10,8,0.009671616954286144,1.284941571173899
249,24676.0,24775.5,199,101.88370628137223,102.11300941204125,80.2515753308759,80.419448437704,0.22930313066902386,0.16787310682811096,1.365931297761782,0.0016668625720508011,0.0012968012255316495,0.0014818318987912253,21.693560974337245,137,96,859,703,20,9,86.16106717509157,0.15948777648428406,0.13655761024182078,0.8540145985401459,0.90625,25365,19413,184400,142552,3979,2823,-31192.796791868434,0.13755422993492408,0.13618188450530333,0.843130297654248,0.8545819811466543,137,96,151,71,5411,19954,125920,33115,2178,17235,109602,13537,0.71220715835141,0.7841349121724003,0.21332544845259216,0.11219286045433473,0.14045060478637802,0.13859370028635062,9,5,0.022930166242463274,1.2853647415142113
250,24775.5,24875.0,199,102.11300941204125,102.33734093792322,80.419448437704,80.59881995677408,0.22433152588196492,0.17937151907007376,1.2506529857414375,0.001669213474561873,0.0012988249359690235,0.0014840192052654484,21.738520981149136,139,106,870,694,22,16,-257.1085100442724,0.15977011494252874,0.15273775216138327,0.841726618705036,0.8490566037735849,25504,19519,185270,143246,4001,2839,-31449.905301912713,0.1376585523830086,0.13626209457855717,0.8431226474278545,0.8545519749987192,139,106,148,74,5436,20068,126528,33238,2186,17333,110124,13603,0.7122793760457711,0.7840358544043114,0.2131430363864492,0.1119934422870024,0.14055954905104204,0.13845082019127242,12,13,0.007032362781145468,1.2851720261410835
251,24875.0,24974.5,199,102.33734093792322,102.57947434773513,80.59881995677408,80.7634555187485,0.24213340981191322,0.1646355619744213,1.4707236207541383,0.0016722584471976817,0.001300242481098876,0.001486250464148279,21.81601882898663,149,101,946,677,20,12,14.657982820793741,0.15750528541226216,0.14918759231905465,0.8657718120805369,0.8811881188118812,25653,19620,186216,143923,4021,2851,-31442.948573031957,0.13775937620827428,0.13632289488129068,0.8432542002884653,0.8546890927624873,149,101,188,83,5466,20187,127167,33396,2198,17422,110629,13674,0.712253512050522,0.7839400234847801,0.21307449421120336,0.11202854230377166,0.1406515362050332,0.1384828629032258,8,7,0.008317693093207512,1.286112760893955
252,24974.5,25074.0,199,102.57947434773513,102.83722718297733,80.7634555187485,80.93357010371757,0.2577528352422007,0.1701145849690704,1.515171878349316,0.0016759021865191315,0.0013018672899885518,0.0014888847382538415,21.90365707925976,154,100,909,675,25,9,-67.16925987946962,0.1694169416941694,0.14814814814814814,0.8376623376623377,0.91,25807,19720,187125,144598,4046,2860,-31510.11783291143,0.13791315965263862,0.13637809651585775,0.8432208315573294,0.8549695740365112,154,100,187,73,5497,20310,127766,33552,2213,17507,111146,13732,0.7121603206412825,0.7839596674919432,0.2130042236602472,0.11222109533468559,0.14077185075161977,0.13878958921291942,10,6,0.021268793546021264,1.2873064707953978
253,25074.0,25173.5,199,102.83722718297733,103.07603036299835,80.93357010371757,81.11749936215423,0.23880318002102285,0.1839292584366632,1.298342536966492,0.001678764359536883,0.001304028032955672,0.0014913961962462776,21.95853100084412,152,108,897,640,29,13,-132.93944296474353,0.16945373467112598,0.16875,0.8092105263157895,0.8796296296296297,25959,19828,188022,145238,4075,2873,-31646.406277602004,0.13806363085170884,0.13652074525950508,0.8430216880465349,0.8551038934839621,152,108,183,67,5524,20435,128355,33708,2228,17600,111626,13784,0.7120390167108105,0.7839133009267547,0.21279710312415734,0.1123663506152915,0.14080342577487764,0.13914564076942293,11,8,0.0007037346711259718,1.287368305826865
254,25173.5,25273.0,199,103.07603036299835,103.29336911526516,81.11749936215423,81.27680927148216,0.2173387522668122,0.15930990932793065,1.3642513085575385,0.0016807546930348014,0.0013051976258037252,0.0014929761594192634,22.016559843783,130,98,906,690,18,12,-27.738540607496304,0.1434878587196468,0.14202898550724638,0.8615384615384616,0.8775510204081632,26089,19926,188928,145928,4093,2885,-31677.524269371286,0.13808964261517614,0.1365467901979058,0.8431139560734409,0.8552142928836696,130,98,203,87,5555,20534,128959,33880,2240,17686,112143,13859,0.711985518292683,0.78383175264514,0.2129249875426425,0.11241593897420456,0.14086471408647142,0.13913907696130196,11,8,0.00145887321240043,1.2877396187415011
255,25273.0,25372.5,199,103.29336911526516,103.54024646608619,81.27680927148216,81.41168618785318,0.24687735082102336,0.13487691637101307,1.8303899396834131,0.0016838936134748077,0.0013053950739307738,0.0014946443437027909,22.12856027823301,140,87,900,665,12,15,96.32408677534023,0.15555555555555556,0.13082706766917293,0.9142857142857143,0.8275862068965517,26229,20013,189828,146593,4105,2900,-31581.20018259596,0.13817245085024338,0.1365208434236287,0.8434938426932022,0.8550941887772947,140,87,181,78,5581,20648,129564,34035,2259,17754,112662,13918,0.7119339612702025,0.7839460274365079,0.2127797476076099,0.11287663019037626,0.14087742326332794,0.13964270260246028,8,9,0.024728487886382627,1.2899494161597442
256,25372.5,25472.0,199,103.54024646608619,103.7818136613936,81.41168618785318,81.59135482759176,0.241567195307411,0.17966863973857983,1.344515078752165,0.00168679954079762,0.0013073494485335716,0.0014970744946655957,22.19045883380184,148,105,929,689,23,13,-83.71467050379812,0.15931108719052745,0.15239477503628446,0.8445945945945946,0.8761904761904762,26377,20118,190757,147282,4128,2913,-31670.008668875813,0.13827539749524265,0.13659510327127553,0.8435000189559085,0.8552042946614972,148,105,198,72,5626,20751,130192,34188,2268,17850,113183,13981,0.7119948416047642,0.7838771879795223,0.21329188307995603,0.1127348643006263,0.14130707791229216,0.13957782017354914,12,6,0.006916312154242987,1.2902438155993181
257,25472.0,25571.5,199,103.7818136613936,104.00526572580041,81.59135482759176,81.80110822197435,0.2234520644068141,0.209753394382588,1.0653084545523008,0.0016889744429385756,0.0013104651094941527,0.0014997197762163642,22.204157503826067,133,121,912,689,16,17,58.5749645393296,0.14583333333333334,0.17561683599419448,0.8796992481203008,0.859504132231405,26510,20239,191669,147971,4144,2930,-31614.542659944385,0.1383113596877951,0.1367768008596279,0.8436816295737457,0.8552300014822867,133,121,186,78,5649,20861,130808,34351,2284,17955,113689,14043,0.7119408981108056,0.7837549249515108,0.2130894002263297,0.11285142546568507,0.141225,0.13989097813437865,8,10,-0.029783502660861133,1.2888358726242852
258,25571.5,25671.0,199,104.00526572580041,104.24707438764364,81.80110822197435,82.00615623224401,0.2418086618432227,0.2050480102696639,1.1792782652473142,0.0016918475567545873,0.0013133733223364649,0.001502610439545526,22.240918155399626,147,118,947,682,23,10,142.06839783241747,0.15522703273495247,0.17302052785923755,0.8435374149659864,0.9152542372881356,26657,20357,192616,148653,4167,2940,-31477.08077531975,0.1383945258960834,0.13694308221159343,0.8436808343024347,0.8555779338802377,147,118,180,69,5679,20978,131458,34501,2294,18063,114194,14102,0.7119709681438717,0.7836236066544234,0.21303972690100162,0.11268851009480768,0.14133897461423595,0.13991217370090267,5,8,-0.017793495124285075,1.2881695767543262
259,25671.0,25770.5,199,104.24707438764364,104.48538560406105,82.00615623224401,82.17131375525963,0.23831121641741504,0.1651575230156226,1.4429328562579173,0.0016945627692852069,0.001314711165119614,0.0015046369672024103,22.31407184880142,140,112,920,664,16,24,-198.1854444217703,0.15217391304347827,0.1686746987951807,0.8857142857142857,0.7857142857142857,26797,20469,193536,149317,4183,2964,-31679.220522926822,0.1384600281084656,0.13708419001185398,0.8439004366160391,0.8551956617323758,140,112,162,77,5700,21097,132097,34642,2303,18166,114678,14170,0.711996734457672,0.7834405995298593,0.21271037802739112,0.11251160291172016,0.1412919537950523,0.13980452862259454,8,12,-0.01650078575170244,1.2889239965730674
260,25770.5,25870.0,199,104.48538560406105,104.75644322937933,82.17131375525963,82.32785198852349,0.27105762531827793,0.15653823326385918,1.7315745787253525,0.0016985229018624934,0.0013157055397749853,0.0015071142208187393,22.428591240855837,158,96,906,659,20,16,2.6271278630025687,0.17439293598233996,0.1456752655538695,0.8734177215189873,0.8333333333333334,26955,20565,194442,149976,4203,2980,-31676.5933950638,0.13862745703088838,0.13712193951032164,0.8440734557595994,0.8550936056406516,158,96,196,67,5733,21222,132682,34805,2313,18252,115184,14227,0.7118575204945433,0.783438683522697,0.21268781302170284,0.112472647702407,0.1414228624993833,0.1398428053204353,12,5,0.028717670428470454,1.2909597554426793
261,25870.0,25969.5,199,104.75644322937933,104.98416483995085,82.32785198852349,82.50231667273248,0.22772161057152118,0.17446468420898498,1.3052590649162077,0.001700783961252786,0.0013173825833453804,0.001509083272299083,22.481848167218374,149,102,894,710,29,13,-354.49892451046566,0.16666666666666666,0.14366197183098592,0.8053691275167785,0.8725490196078431,27104,20667,195336,150686,4232,2993,-32031.09231957428,0.13875578490396034,0.13715275473501187,0.8438606847697757,0.8551797551652393,149,102,172,68,5766,21338,133288,34944,2322,18345,115733,14286,0.7118708277020109,0.7834503537156736,0.2127361275088548,0.11235302656408767,0.14163596168017686,0.1398121387283237,15,7,0.02300469483568074,1.2910326755146486
262,25969.5,26069.0,199,104.98416483995085,105.22951720600226,82.50231667273248,82.6461653769507,0.24535236605140653,0.14384870421822882,1.705627919172559,0.001703704071801973,0.0013178724040970534,0.0015107882379495133,22.58335182905155,151,93,946,676,23,14,-192.433454258067,0.15961945031712474,0.13757396449704143,0.847682119205298,0.8494623655913979,27255,20760,196282,151362,4255,3007,-32229.86022097522,0.1388563393484884,0.13715463590597377,0.8438818565400844,0.8551541425818883,151,93,202,67,5794,21461,133909,35118,2330,18430,116257,14345,0.711746364923936,0.7834661275617394,0.21258484681709777,0.11223506743737957,0.14162104028157999,0.13973013493253372,12,6,0.02204548582008331,1.2927686068130957
263,26069.0,26168.5,199,105.22951720600226,105.51636027188452,82.6461653769507,82.83557506900348,0.28684306588226605,0.18940969205277725,1.51440542864269,0.0017081874969405162,0.00132009956223929,0.001514143529589903,22.68078520288104,163,115,935,722,19,14,106.30802618335636,0.17433155080213902,0.1592797783933518,0.8834355828220859,0.8782608695652174,27418,20875,197217,152084,4274,3021,-32125.611350468076,0.13902452628323117,0.13725967228636807,0.8441170034284047,0.8552814371257484,163,115,180,77,5826,21592,134533,35266,2339,18536,116796,14413,0.7116982815883012,0.7833499907945609,0.21248814647311984,0.11204790419161677,0.14177942178526234,0.1396251193887297,7,10,0.015051772408787217,1.2939838371303685
264,26168.5,26268.0,199,105.51636027188452,105.77922785324941,82.83557506900348,82.99085256477431,0.26286758136488686,0.15527749577083227,1.6928891083666264,0.001711724230815166,0.0013210104648328648,0.0015163673478240155,22.788375288475095,153,97,928,686,19,17,-84.69192602021113,0.1648706896551724,0.141399416909621,0.8758169934640523,0.8247422680412371,27571,20972,198145,152770,4293,3038,-32210.30327648828,0.13914557521007342,0.13727826143876415,0.8442929164702042,0.8551401869158879,153,97,190,91,5854,21717,135146,35428,2354,18618,117309,14489,0.7116000908425648,0.7832886037834653,0.21232454390482752,0.11224489795918367,0.14180514509955913,0.13976132517959983,9,7,0.023471272745551414,1.2957688651101902
265,26268.0,26367.5,199,105.77922785324941,106.08312077456621,82.99085256477431,83.14305490988362,0.3038929213168018,0.15220234510930197,1.9966375754497434,0.0017167901779224267,0.0013217978661359247,0.0015192940220291758,22.940065864682595,184,102,986,688,27,17,-265.4760176430505,0.18661257606490872,0.14825581395348839,0.8532608695652174,0.8333333333333334,27755,21074,199131,153458,4320,3055,-32486.688626384614,0.13938060874499703,0.13732747722503877,0.8443523689425328,0.8550346398405618,184,102,197,88,5890,21865,135787,35589,2368,18706,117821,14563,0.711476364805078,0.783204525016617,0.21221401549270402,0.11236594856220936,0.1419995660454688,0.13986179197920973,9,6,0.038356762111420334,1.2988295880225635
266,26367.5,26467.0,199,106.08312077456621,106.35398191875014,83.14305490988362,83.32571688936096,0.27086114418392526,0.18266197947734497,1.4828545325028593,0.0017205699988874263,0.0013237302004313425,0.0015221500996593844,23.028265029389175,161,106,963,696,26,13,-52.48207002633437,0.1671858774662513,0.15229885057471265,0.8385093167701864,0.8773584905660378,27916,21180,200094,154154,4346,3068,-32542.023063031596,0.1395144282187372,0.1373950724600075,0.8443186702966041,0.8551463644948064,161,106,205,70,5921,21995,136415,35763,2377,18803,118350,14624,0.7113456675362579,0.7831584000415169,0.21210058747671587,0.11222851746931067,0.14204490931772382,0.13981530498205988,11,11,0.014887026891538646,1.2997890342962426
267,26467.0,26566.5,199,106.35398191875014,106.6009757890465,83.32571688936096,83.48650064861175,0.24699387029636455,0.16078375925079058,1.536186686063879,0.0017234231092108435,0.001324824533682161,0.0015241238214465022,23.11447514043475,152,98,971,664,24,15,-149.15739658240264,0.15653964984552007,0.14759036144578314,0.8421052631578947,0.846938775510204,28068,21278,201065,154818,4370,3083,-32691.180459614,0.1395966478501977,0.1374387991060471,0.844306683767992,0.8551085628348529,152,98,200,65,5952,22116,137065,35932,2388,18890,118862,14678,0.7112973416556835,0.7831776666795851,0.21205643437366395,0.11222859291286776,0.1421067710820361,0.13992734091175438,9,5,0.008949288399736938,1.3008689569031715
268,26566.5,26666.0,199,106.6009757890465,106.85821380917375,83.48650064861175,83.67446206087779,0.2572380201272466,0.18796141226603424,1.3685682450776684,0.0017266390928889642,0.001326929887734687,0.0015267844903118256,23.18375174829596,145,104,925,675,17,9,229.30786598989158,0.15675675675675677,0.15407407407407409,0.8827586206896552,0.9134615384615384,28213,21382,201990,155493,4387,3092,-32467.829975169916,0.13967523144710134,0.13751101335751448,0.8445043065253607,0.8553923861191657,145,104,166,78,5981,22232,137708,36069,2404,18978,119371,14740,0.711366899351453,0.7831542255921489,0.21199447063410484,0.1124310167430549,0.14223543400713437,0.14022398506766215,8,6,0.00268268268268268,1.30122857948181
269,26666.0,26765.5,199,106.85821380917375,107.11930011466485,83.67446206087779,83.86308381429836,0.261086305491105,0.18862175342057697,1.3841791880120589,0.0017299749437323505,0.001329044259952317,0.0015295096018423339,23.25621630036649,157,110,987,716,24,14,-122.96453321255603,0.1590678824721378,0.15363128491620112,0.8471337579617835,0.8727272727272728,28370,21492,202977,156209,4411,3106,-32597.056718522654,0.13976953053794272,0.13758490227835785,0.8445188579485372,0.8554811092499535,157,110,205,75,6013,22357,138365,36242,2421,19071,119919,14798,0.7113022657739547,0.7831815068273915,0.2119492421572083,0.11264656616415411,0.14230268607265412,0.14060049944828387,10,11,0.005436597555936673,1.3016684213318959
270,26765.5,26865.0,199,107.11930011466485,107.35379156515049,83.86308381429836,84.00642541177059,0.2344914504856348,0.1433415974722294,1.6358925435518779,0.001732296140217899,0.0013294574999897998,0.0015308768201038494,23.347366153379895,141,92,882,686,18,15,-145.86364341576362,0.1598639455782313,0.13411078717201166,0.8723404255319149,0.8369565217391304,28511,21584,203859,156895,4429,3121,-32748.675315919147,0.139856469422493,0.13756971222792314,0.8446564483883413,0.8554021497405486,141,92,171,86,6042,22469,138964,36384,2433,19151,120439,14872,0.711305363020519,0.7831479651996558,0.21191820700782155,0.11272238695329874,0.1424126714750389,0.14059520369835307,11,9,0.02575315840621964,1.3030097917618202
271,26865.0,26964.5,199,107.35379156515049,107.56905831874474,84.00642541177059,84.19159989578256,0.21526675359424985,0.18517448401196646,1.162507646465691,0.0017338872428766753,0.0013314190962650128,0.001532653169570844,23.377458422962178,128,112,888,717,19,16,-95.24477948558831,0.14414414414414414,0.15620641562064155,0.8515625,0.8571428571428572,28639,21696,204747,157612,4448,3137,-32848.3487523155,0.13987506532452246,0.13765449331269192,0.8446873145012046,0.8554111356932154,128,112,186,82,6075,22564,139571,36537,2447,19249,120976,14940,0.711346197990691,0.7830812374692282,0.21212332832850309,0.11278576696165192,0.14256547451422136,0.14073733248979123,10,9,-0.01206227147649741,1.302285093957788
272,26964.5,27064.0,199,107.56905831874474,107.83640256617296,84.19159989578256,84.41037487665572,0.2673442474282268,0.21877498087316383,1.2220055801683345,0.0017373908811696844,0.0013346077890227276,0.0015359993350962061,23.42602768951724,154,123,934,750,14,15,218.81724229759624,0.16488222698072805,0.164,0.9090909090909091,0.8780487804878049,28793,21819,205681,158362,4462,3152,-32629.531510017914,0.13998862315916394,0.1377792652277693,0.8450317785572883,0.8555387506301847,154,123,207,78,6110,22683,140179,36709,2459,19360,121537,15006,0.7112421662671807,0.7829908690216087,0.21220435522522835,0.11269994041890095,0.14269366402765127,0.14079587746922417,7,6,0.0008822269807280403,1.3017988471668491
273,27064.0,27163.5,199,107.83640256617296,108.11574473290987,84.41037487665572,84.58585171232826,0.27934216673691026,0.1754768356725407,1.5919033738344464,0.0017413105444700884,0.0013361791388364402,0.0015387448416532643,23.52989302058161,173,112,986,679,28,17,-156.17470555650382,0.17545638945233266,0.16494845360824742,0.838150289017341,0.8482142857142857,28966,21931,206667,159041,4490,3169,-32780.503737260806,0.14015783845509927,0.13789525971290423,0.8449906787267831,0.8555013451279012,173,112,218,65,6152,22814,140816,36885,2469,19462,122049,15061,0.7111343368801019,0.7829301878132054,0.21238693640820272,0.11258036569239889,0.1429467667355996,0.14084426697090702,15,6,0.010507935844085242,1.3032014150336468
274,27163.5,27263.0,199,108.11574473290987,108.36507475086684,84.58585171232826,84.79605033817106,0.2493300179569644,0.2101986258427928,1.1861638816965336,0.0017441007590019517,0.001339012605495596,0.0015415566822487739,23.569024412695782,157,121,971,709,32,14,-287.81414753415726,0.16168898043254376,0.17066290550070523,0.7961783439490446,0.884297520661157,29123,22052,207638,159750,4522,3183,-33072.01541908094,0.14025852685924542,0.13804068857589985,0.8447275349380214,0.8556593506257936,157,121,211,80,6196,22927,141463,37052,2478,19574,122566,15132,0.7111366898159297,0.7827480438184663,0.21275280705971225,0.11237076002176673,0.14326674065852757,0.14071550255536627,10,8,-0.00897392506816147,1.3025275130673055
275,27263.0,27362.5,199,108.36507475086684,108.62021317250596,84.79605033817106,84.9773348470032,0.25513842163911704,0.18128450883214953,1.407392298893826,0.0017470829571241417,0.00134076875915792,0.0015439258581410307,23.64287832550275,150,100,929,689,21,8,128.86604517912318,0.16146393972012918,0.14513788098693758,0.86,0.92,29273,22152,208567,160439,4543,3191,-32947.05518910517,0.14035298009752262,0.13807116723489923,0.844805793734841,0.8559498013723366,150,100,197,90,6229,23044,142078,37216,2498,19654,123085,15202,0.711076057094363,0.7827460904144254,0.21278994295084208,0.11276634163958107,0.1433766831626194,0.14112994350282485,13,9,0.016326058733191595,1.303045693145036
276,27362.5,27462.0,199,108.62021317250596,108.86604668539266,84.9773348470032,85.153542168552,0.24583351288670485,0.17620732154878738,1.39513790190971,0.0017497047165973357,0.0013423273066057596,0.0015460160116015477,23.712504516840667,136,108,916,732,15,17,-14.80007269783847,0.14847161572052403,0.14754098360655737,0.8897058823529411,0.8425925925925926,29409,22260,209483,161171,4558,3208,-32968.953958002545,0.1403884802108047,0.13811417686804697,0.8450134312625387,0.8558849955076371,136,108,200,87,6263,23146,142692,37382,2512,19748,123636,15275,0.7110600860213001,0.7826966389735126,0.2129620184297324,0.112848158131177,0.1434986825524115,0.14122673862933602,6,7,0.0009306321139666562,1.3034858994425735
277,27462.0,27561.5,199,108.86604668539266,109.13502880874125,85.153542168552,85.33938969018075,0.26898212334859295,0.18584752162875873,1.4473269322681657,0.0017531474357543903,0.0013442243715195519,0.001548685903636971,23.7956391185605,161,117,967,666,32,23,-580.2449256943502,0.16649431230610134,0.17567567567567569,0.8012422360248448,0.8034188034188035,29570,22377,210450,161837,4590,3231,-33532.5253170643,0.14050843430743645,0.13826875189233612,0.8447751099086912,0.8556106716718059,161,117,211,70,6300,23270,143324,37556,2522,19855,124125,15335,0.7109717272511286,0.7825589945438929,0.21305377071356105,0.11270500960807972,0.1436519518423933,0.14123312986503891,9,9,-0.009181363369574341,1.3042074469848952
278,27561.5,27661.0,199,109.13502880874125,109.43545304925348,85.33938969018075,85.54126683991336,0.3004242405122284,0.20187714973260995,1.488153765347618,0.0017577020820309047,0.0013466872913260092,0.001552194686678457,23.89418620934012,170,115,950,715,19,12,237.9886978579889,0.17894736842105263,0.16083916083916083,0.888235294117647,0.8956521739130435,29740,22492,211400,162552,4609,3243,-33299.786089638954,0.14068117313150424,0.13836802992273242,0.84502353732347,0.8558154010314778,170,115,186,82,6326,23414,143944,37716,2538,19954,124659,15401,0.7108325449385052,0.7825003691126532,0.21271015467383994,0.11284012093188689,0.14363562054402615,0.14147945816377724,10,13,0.0181082075818918,1.305204328690287
279,27661.0,27760.5,199,109.43545304925348,109.70207297674487,85.54126683991336,85.75551197004647,0.26661992749139074,0.21424513013310786,1.2444620203303713,0.0017610063658272815,0.0013495780802039534,0.0015552922230156175,23.946561006698403,147,128,970,746,17,17,79.93344363976938,0.1515463917525773,0.17158176943699732,0.8843537414965986,0.8671875,29887,22620,212370,163298,4626,3260,-33229.2435672903,0.14073080001883506,0.13851976141777608,0.8452169839729649,0.8558797524314765,147,128,191,72,6359,23528,144609,37874,2549,20071,125216,15462,0.7108725337853746,0.782403948609291,0.21276809315086828,0.11268788682581786,0.14376144507494404,0.14152462384098607,13,10,-0.020035377684420014,1.3048569709735887
280,27760.5,27860.0,199,109.70207297674487,109.99391953901974,85.75551197004647,85.98663008499517,0.2918465622748698,0.23111811494869983,1.2627593572215212,0.0017651925262319856,0.0013530538553643413,0.0015591231907981634,24.007289454024573,173,125,977,739,20,14,180.29496663098195,0.17707267144319344,0.16914749661705006,0.8843930635838151,0.888,30060,22745,213347,164037,4646,3274,-33048.94860065933,0.14089722377160213,0.1386577418509239,0.8454424484364604,0.8560562761046384,173,125,192,77,6385,23675,145247,38040,2562,20183,125766,15526,0.710729468893399,0.7823113078147004,0.21240851630073188,0.1126401406902616,0.143725379853686,0.141640866873065,9,8,0.007925174826143383,1.3045988666553603
281,27860.0,27959.5,199,109.99391953901974,110.24548304805533,85.98663008499517,86.17169518445397,0.25156350903559144,0.18506509945879657,1.3593244202783912,0.0017679081274650371,0.0013548577588980255,0.0015613829431815312,24.073787863601368,161,107,935,659,32,14,-324.3503205871152,0.17219251336898395,0.16236722306525037,0.8012422360248448,0.8691588785046729,30221,22852,214282,164696,4678,3288,-33376.56350133175,0.14103377791881727,0.13875261087093796,0.8452069752820885,0.8561176264659549,161,107,179,76,6418,23803,145875,38186,2577,20275,126257,15587,0.710712985691752,0.7822533637732549,0.21236888256510372,0.11276912305268685,0.14388844049861,0.1418740365558247,13,9,0.00982529030373358,1.3048662236713073
282,27959.5,28059.0,199,110.24548304805533,110.50705344261063,86.17169518445397,86.41694228710209,0.2615703945552923,0.245247102648122,1.0665585514809968,0.0017709611063977334,0.0013587937065667867,0.00156487740648226,24.090111155508538,157,145,970,764,25,21,-207.15921663510926,0.1618556701030928,0.18979057591623036,0.8407643312101911,0.8551724137931034,30378,22997,215252,165460,4703,3309,-33583.722717966855,0.14112760857041978,0.1389882751118095,0.8451840147475147,0.8561116667391399,157,145,219,81,6449,23929,146500,38374,2591,20406,126809,15654,0.7105578577667107,0.7820621298198961,0.21229179011126473,0.11266686959168587,0.14387702741895902,0.14201151000274048,8,11,-0.027934905813137567,1.3033333153068207
283,28059.0,28158.5,199,110.50705344261063,110.80020248118842,86.41694228710209,86.617454574839,0.29314903857779484,0.2005122877369132,1.462000368588023,0.0017751139699554947,0.0013611131594472143,0.0015681135647013546,24.18274790634942,167,110,959,691,21,13,173.28630173558716,0.17413972888425444,0.15918958031837915,0.874251497005988,0.8818181818181818,30545,23107,216211,166151,4724,3322,-33414.73226967231,0.1412740332360518,0.1390722896642211,0.845342936650843,0.8562340416324058,167,110,195,61,6482,24063,147130,38536,2600,20507,127338,15706,0.7104726401524437,0.7820476554459498,0.2122114912424292,0.11252001557969446,0.14398684970456263,0.14202993554026003,10,6,0.014950148565875288,1.3041634030460902
284,28158.5,28258.0,199,110.80020248118842,111.04253310921062,86.617454574839,86.85456187826478,0.24233062802220218,0.23710730342577335,1.0220293703355452,0.0017774392154792978,0.0013647113102031338,0.0015710752628412157,24.18797123094585,151,131,936,736,20,12,251.22071650361343,0.16132478632478633,0.17798913043478262,0.8675496688741722,0.9083969465648855,30696,23238,217147,166887,4744,3334,-33171.34166906508,0.14136046088594362,0.1392439195383703,0.8454521761793068,0.8565281005250022,151,131,219,77,6513,24183,147727,38724,2612,20626,127878,15771,0.7103022376546764,0.7819063198451647,0.21217748240813136,0.11240210000860659,0.14397506465946017,0.14208779850949246,11,9,-0.016664344109996287,1.3024287277392979
285,28258.0,28357.5,199,111.04253310921062,111.33267266371978,86.85456187826478,87.03110727439068,0.2901395545091532,0.1765453961259027,1.6434274746096535,0.0017814340793625373,0.001366148553287351,0.0015737913163249443,24.3015653893291,188,118,1063,671,36,19,-616.5975180507185,0.17685794920037629,0.17585692995529062,0.8085106382978724,0.8389830508474576,30884,23356,218210,167558,4780,3353,-33790.01278177512,0.14153338527106915,0.13939053939531387,0.8452273021629323,0.8564394588114403,188,118,214,81,6545,24339,148420,38906,2622,20734,128360,15842,0.7101645204161129,0.7817114073932608,0.21192203082502267,0.1122623736941257,0.1440012320961035,0.1420060658578856,12,8,0.0010010192450856659,1.3039827001799245
286,28357.5,28457.0,199,111.33267266371978,111.62732309985091,87.03110727439068,87.20892427575671,0.2946504361311355,0.17781700136603718,1.6570431053698635,0.0017855595228469018,0.0013676204308680497,0.0015765899768574758,24.418398824094197,172,107,981,703,21,14,4.1221889050052996,0.17533129459734964,0.15220483641536273,0.877906976744186,0.8691588785046729,31056,23463,219191,168261,4801,3367,-33785.89059287012,0.1416846494609724,0.13944407795032718,0.845408294693457,0.8564974640924008,172,107,186,72,6576,24480,149074,39061,2634,20829,128896,15902,0.7101112728168584,0.7817022364065351,0.2117465224111283,0.11226185909730213,0.1440936082564586,0.1421018558480794,13,2,0.023126458181986914,1.3055958236259892
287,28457.0,28556.5,199,111.62732309985091,111.935378698445,87.20892427575671,87.37187054535889,0.3080555985940947,0.1629462696021733,1.8905348330231797,0.0017901256435574522,0.0013685613037597137,0.0015793434736585828,24.56350815308612,179,102,1023,713,22,14,18.067708288122848,0.17497556207233628,0.14305750350631136,0.8770949720670391,0.8627450980392157,31235,23565,220214,168974,4823,3381,-33767.822884581976,0.14183930177009635,0.13945932510327033,0.845589883143909,0.856524506683641,179,102,193,104,6616,24619,149765,39214,2657,20908,129426,15983,0.7101319625455239,0.7816764709363571,0.2118136705618697,0.11275196265648207,0.14435958978834823,0.14254291845493564,13,4,0.03191805856602492,1.3080346774672176
288,28556.5,28656.0,199,111.935378698445,112.2114339345515,87.37187054535889,87.55540407387896,0.27605523610648675,0.18353352852007276,1.5041133809852898,0.0017935433478627465,0.0013702140703285295,0.001581878709095638,24.656029860672533,178,112,990,718,31,15,-322.5666256274224,0.1797979797979798,0.15598885793871867,0.8258426966292135,0.8660714285714286,31413,23677,221204,169692,4854,3396,-34050.459587045814,0.14200918609066743,0.1395292647856116,0.845477986820743,0.8565696667652152,178,112,180,82,6658,24755,150439,39352,2664,21013,129957,16058,0.7101905932984937,0.7815394950852133,0.2119504663674275,0.11251425433965452,0.1447076722451641,0.1422924901185771,13,10,0.023809121859261123,1.308951197262715
289,28656.0,28755.5,199,112.2114339345515,112.51946089406263,87.55540407387896,87.77977825957981,0.3080269595111389,0.224374185700853,1.372827085918948,0.0017980492474784305,0.0013732756719596318,0.0015856624597190311,24.73968263448282,179,137,1066,746,25,21,-284.8841359481103,0.16791744840525327,0.1836461126005362,0.8603351955307262,0.8467153284671532,31592,23814,222270,170438,4879,3417,-34340.51275244792,0.14213344131011832,0.1397223623839754,0.8455621676373766,0.8565129755605946,179,137,231,79,6686,24906,151123,39555,2681,21133,130504,16120,0.7099878526116885,0.781427850596698,0.21163585717903266,0.11258083480305703,0.1445902986527108,0.14259879793628,11,10,-0.015728664195282932,1.3093141342208858
290,28755.5,28855.0,199,112.51946089406263,112.8291749375222,87.77977825957981,87.9880461343176,0.30971404345956444,0.20826787473778552,1.487094655618406,0.0018025825395711513,0.0013757579781588278,0.0015891702588649895,24.841128803204597,183,132,938,764,25,20,-88.81930795236316,0.19509594882729211,0.17277486910994763,0.8633879781420765,0.8484848484848485,31775,23946,223208,171202,4904,3437,-34397.27411389322,0.14235600874520626,0.13986986133339563,0.8456648308418568,0.8564687212895682,183,132,189,83,6716,25059,151719,39714,2688,21258,131060,16196,0.7098087882154761,0.7812291912477658,0.21136113296616837,0.11225256827862691,0.14464785698901572,0.1423427239991527,16,15,0.022321079717344483,1.3102468371533933
291,28855.0,28954.5,199,112.8291749375222,113.12686569444071,87.9880461343176,88.18412560247255,0.297690756918513,0.1960794681549487,1.5182148325864877,0.0018066694274204039,0.0013778022734955854,0.0015922358504579946,24.94274009196816,163,121,984,743,17,23,-92.82342200111917,0.16565040650406504,0.16285329744279947,0.8957055214723927,0.8099173553719008,31938,24067,224192,171945,4921,3460,-34494.56938531101,0.1424582500713674,0.13996917619006077,0.8459202204270775,0.8562346781900527,163,121,211,84,6752,25186,152365,39889,2698,21369,131608,16270,0.7097354053668284,0.7810986071127395,0.2114096061118417,0.11210371047492416,0.14476533522008533,0.14223956136651203,14,9,0.002797109061265568,1.3112690131050162
292,28954.5,29054.0,199,113.12686569444071,113.39847238254058,88.18412560247255,88.39185823445237,0.2716066880998653,0.20773263197982317,1.3074820528257023,0.0018098305439644782,0.0013802336531943192,0.0015950320985793987,25.006614148088204,166,122,963,718,26,17,-198.58486543584908,0.17237798546209762,0.16991643454038996,0.8433734939759037,0.860655737704918,32104,24189,225155,172663,4947,3477,-34698.10527383539,0.1425862183828918,0.14009370855365655,0.8459070520807376,0.8562569763115466,166,122,189,79,6783,25321,153004,40047,2710,21479,132137,16337,0.7096755568386223,0.7809837660645303,0.21128208322950412,0.11203439579974368,0.14484304932735426,0.14227962408778286,9,5,0.0024615509217076614,1.3112493959091123
293,29054.0,29153.5,199,113.39847238254058,113.72338943602537,88.39185823445237,88.60822501754869,0.32491705348479627,0.21636678309631918,1.501695633844841,0.001814798692363824,0.001382944598178746,0.0015988716452712852,25.11516441847668,187,127,1002,707,19,14,162.72040959672873,0.18662674650698602,0.17963224893917965,0.8983957219251337,0.889763779527559,32291,24316,226157,173370,4966,3491,-34535.384864238695,0.1427813421649562,0.14025494606910077,0.8462110185500604,0.8564319789439052,187,127,212,87,6824,25467,153648,40218,2727,21589,132647,16407,0.7095601728003113,0.7808386687431504,0.21132823387321545,0.1121483796677085,0.1450618596148123,0.1425211665098777,7,9,0.006994497567806374,1.3122714349900957
294,29153.5,29253.0,199,113.72338943602537,114.03595173401521,88.60822501754869,88.83380359512955,0.31256229798984236,0.22557857758086186,1.3856027524501964,0.0018193107023491124,0.0013859520022078053,0.0016026313522784588,25.20214813888566,191,132,1005,764,33,17,-191.93398553306193,0.1900497512437811,0.17277486910994763,0.8272251308900523,0.8712121212121212,32482,24448,227162,174134,4999,3508,-34734.737924025576,0.14299046495452586,0.14039762481766915,0.846099378117111,0.8565117801047121,191,132,213,77,6856,25626,154281,40399,2743,21705,133218,16468,0.7093483945378188,0.7807837642275489,0.21107074687519242,0.1121973167539267,0.14508517617183367,0.14278278069855813,15,10,0.017274882133833463,1.3126794430477908
295,29253.0,29352.5,199,114.03595173401521,114.37022756705103,88.83380359512955,89.00699557175167,0.334275833035818,0.17319197662212105,1.9300884461013905,0.0018245318732255994,0.0013871542763719293,0.0016058430747987644,25.36323199529936,185,106,955,701,17,13,233.80455129515673,0.193717277486911,0.15121255349500715,0.9081081081081082,0.8773584905660378,32667,24554,228117,174835,5016,3521,-34500.93337273044,0.14320283012664553,0.14044098721651843,0.8464505464229957,0.8566017756780973,185,106,182,77,6891,25776,154904,40546,2760,21794,133753,16528,0.7092632289570703,0.7808104784511111,0.21094682707319312,0.11240531074366703,0.14526635326854564,0.1430941518042306,10,5,0.04250472399190386,1.3153056616006846
296,29352.5,29452.0,199,114.37022756705103,114.64153389812591,89.00699557175167,89.20444553905166,0.2713063310748822,0.19744996729998832,1.3740510306729146,0.0018275797276901156,0.001389172071998745,0.0016083758998444303,25.437088359074252,163,121,1041,682,19,20,-94.62854328557209,0.15658021133525457,0.1774193548387097,0.8834355828220859,0.8347107438016529,32830,24675,229158,175517,5035,3541,-34610.16535683458,0.1432635997870465,0.14058467270976602,0.8466341760584831,0.8564944275582573,163,121,218,73,6916,25914,155589,40739,2774,21901,134255,16587,0.7091395456409988,0.7807163978418045,0.21066098081023454,0.11242147922998987,0.145126429545693,0.14327772325809618,6,7,-0.020839143503455115,1.3155891660423236
297,29452.0,29551.5,199,114.64153389812591,114.97575005745306,89.20444553905166,89.45913552770612,0.3342161593271413,0.25468998865446224,1.312246944188184,0.0018327358780182539,0.001393113238013688,0.001612924558015971,25.51661452974693,199,145,1067,754,32,22,-157.2253627471948,0.18650421743205248,0.19230769230769232,0.8391959798994975,0.8482758620689655,33029,24820,230225,176271,5067,3563,-34783.05386453168,0.14346400260614617,0.14080591816010574,0.8465893608646946,0.8564464141821112,199,145,199,103,6954,26075,156296,40900,2795,22025,134782,16669,0.7090889347377566,0.780485729359906,0.2105422507493415,0.11261079774375504,0.14531700589292432,0.14359843814221127,11,10,-0.005803474875639841,1.3155684893436108
298,29551.5,29651.0,199,114.97575005745306,115.27319396025645,89.45913552770612,89.64019426448276,0.29744390280339417,0.18105873677663453,1.6428033692201205,0.0018366172541249813,0.001394544689553072,0.0016155809718390265,25.63299969577369,186,117,1036,713,27,21,-365.3863308027436,0.17953667953667954,0.1640953716690042,0.8548387096774194,0.8205128205128205,33215,24937,231261,176984,5094,3584,-35168.46944700455,0.14362560051197565,0.14089974234959093,0.8466355562245973,0.8562778201066688,186,117,219,77,7003,26212,156976,41070,2804,22133,135310,16737,0.7090646498977345,0.7803756271753379,0.21083847659190125,0.11244335726029595,0.14567428702182098,0.14349316821042934,9,6,0.015441307867675336,1.3170013610059252
299,29651.0,29750.5,199,115.27319396025645,115.55445540270465,89.64019426448276,89.87911555012433,0.28126144244819784,0.23892128564156678,1.1772138329698694,0.0018399287287443242,0.0013979114931036353,0.00161892011092398,25.675339852580322,178,131,1035,807,30,18,-309.26808340626707,0.17198067632850242,0.1623296158612144,0.8314606741573034,0.8625954198473282,33393,25068,232296,177791,5124,3602,-35480.529956814906,0.14375193718359336,0.1409970133471323,0.8465546671458091,0.8563108345300782,178,131,183,95,7033,26360,157680,41223,2824,22244,135911,16812,0.7090651582463753,0.7803263382285942,0.21061300272512204,0.11265358225626297,0.14574353448275862,0.14381747810144632,14,13,0.00965106046728803,1.3161982985484473
300,29750.5,29850.0,199,115.55445540270465,115.86239065691484,89.87911555012433,90.06667766757158,0.30793525421019297,0.18756211744725704,1.6417774463267358,0.0018441117219001077,0.0013995352761483068,0.0016218234990242073,25.795712989343258,171,110,1002,707,16,14,247.1318915068965,0.17065868263473055,0.15558698727015557,0.9064327485380117,0.8727272727272728,33564,25178,233298,178498,5140,3616,-35233.39806530801,0.14386749993570455,0.1410548017344732,0.8468597306638065,0.856382556199857,171,110,202,83,7068,26496,158344,41390,2832,22346,136433,16887,0.7090159366989859,0.7802048202220753,0.21058276725062566,0.11247914846294384,0.14585826901646787,0.14361783051878899,10,9,0.015071695364574977,1.3176600499669646
301,29850.0,29949.5,199,115.86239065691484,116.1439976195726,90.06667766757158,90.28188010225615,0.28160696265776153,0.21520243468457068,1.3085677356323695,0.001847387831562329,0.0014020711673888222,0.0016247294994755756,25.86211751731645,166,129,1011,746,24,18,-64.22116767401393,0.1641938674579624,0.17292225201072386,0.8554216867469879,0.8604651162790697,33730,25307,234309,179244,5164,3634,-35301.74287345517,0.14395520445224042,0.14118743165740555,0.8469018677734954,0.8564033666574465,166,129,211,77,7104,26626,159014,41565,2845,22462,136986,16951,0.7089697792231626,0.78011537345741,0.21061369700563295,0.11241948867902161,0.14596560438883066,0.14371590220246513,11,5,-0.008728384552761453,1.317613452534547
302,29949.5,30049.0,199,116.1439976195726,116.47962256697713,90.28188010225615,90.49828644955419,0.33562494740452564,0.2164063472980331,1.550901586737221,0.0018524399084422277,0.001404630329628592,0.00162853511903541,25.98133611742294,192,123,1029,733,23,15,91.92496377342476,0.18658892128279883,0.16780354706684858,0.8802083333333334,0.8780487804878049,33922,25430,235338,179977,5187,3649,-35209.81790968175,0.14414161758831978,0.14129583224523135,0.8470903838217086,0.8565080613448682,192,123,188,97,7141,26781,159700,41716,2857,22573,137511,17036,0.708942032310974,0.7799218789067492,0.21051235186604564,0.11234762092017303,0.14616124608551487,0.14361835821645805,13,8,0.01878537421595025,1.3188095610409067
303,30049.0,30148.5,199,116.47962256697713,116.75543820315742,90.49828644955419,90.69576143016394,0.2758156361802975,0.19747498060975488,1.3967118028250751,0.0018554748145002504,0.0014065446624415582,0.0016310097384709043,26.059676772993484,150,119,1045,701,14,14,212.90199203159776,0.14354066985645933,0.16975748930099857,0.9066666666666666,0.8823529411764706,34072,25549,236383,180678,5201,3663,-35006.21936461328,0.14413896092358588,0.14140625864798148,0.8473526649448228,0.8566284394692552,150,119,197,80,7169,26903,160426,41885,2870,22679,138026,17103,0.7089976859588042,0.7798182401841951,0.2104073726226814,0.11233316372460762,0.14614506462266075,0.1436939868822911,12,8,-0.02621681944453924,1.3191723405920253
304,30148.5,30248.0,199,116.75543820315742,117.05725913948139,90.69576143016394,90.91048470937393,0.30182093632396345,0.21472327920999135,1.4056274542491214,0.0018593494902567032,0.001409016630350083,0.0016341830603033931,26.146774430107456,183,131,1046,697,23,22,-82.26829169043096,0.17495219885277247,0.18794835007173602,0.8743169398907104,0.83206106870229,34255,25680,237429,181375,5224,3685,-35094.74127475351,0.1442747094921008,0.14158511371467952,0.8474967158079112,0.8565031152647975,183,131,228,64,7203,27052,161095,42079,2881,22799,138539,17156,0.7088350622712474,0.779710544452102,0.21027587213545468,0.11218847352024922,0.14615884095613002,0.14378399960073862,20,7,-0.012996151218963553,1.3196079096630187
305,30248.0,30347.5,199,117.05725913948139,117.39112477554595,90.91048470937393,91.17278085876846,0.33386563606455866,0.2622961493945297,1.2728575575174705,0.0018642546838240157,0.001413039992889821,0.0016386473383569185,26.218343916777485,194,147,1083,822,27,15,-18.090670401384696,0.1791320406278855,0.17883211678832117,0.8608247422680413,0.8979591836734694,34449,25827,238512,182197,5251,3700,-35112.831945154896,0.14443298450392433,0.14175315729677218,0.8475717727655374,0.8567390715143067,194,147,208,91,7247,27202,161820,42243,2898,22929,139140,17230,0.7088406453344066,0.779584735204202,0.21036895120322796,0.11220815425717273,0.14643362295413215,0.1439785373608903,19,9,0.0002999238395643422,1.3193219535219323
306,30347.5,30447.0,199,117.39112477554595,117.64226994024376,91.17278085876846,91.37677971355109,0.25114516469781734,0.20399885478262547,1.231110659740857,0.001866410949586072,0.001415122345025995,0.0016407666473060335,26.265490226692677,153,132,970,761,24,23,-317.78766008616304,0.1577319587628866,0.17345597897503284,0.8431372549019608,0.8257575757575757,34602,25959,239482,182958,5275,3723,-35434.544925159156,0.1444868507862804,0.14188502279211623,0.8475521646147621,0.8565815324165029,153,132,194,89,7281,27321,162477,42403,2917,23042,139699,17300,0.708854945256846,0.779501306310738,0.21042136292699845,0.11236950575908163,0.14654617180581272,0.1442845130335856,14,11,-0.01572402021214625,1.3189043026182923
307,30447.0,30546.5,199,117.64226994024376,118.00011013828002,91.37677971355109,91.63025240206264,0.3578401980362571,0.25347268851155036,1.4117505129944241,0.0018720460406293157,0.0014188107549970707,0.0016454283978131932,26.369857736217384,218,144,1043,782,35,17,-88.84277797708577,0.20901246404602108,0.18414322250639387,0.8394495412844036,0.8819444444444444,34820,26103,240525,183740,5310,3740,-35527.88042910536,0.14476665627273672,0.14206487427887232,0.8475014359563469,0.8567214496418036,218,144,225,88,7332,27488,163128,42577,2937,23166,140269,17368,0.7086997193638915,0.7793947969957549,0.2105686387133831,0.1125158027812895,0.14690737141597707,0.1446441763112534,14,13,0.024869241539627218,1.3194473146160928
308,30546.5,30646.0,199,118.00011013828002,118.3250196639311,91.63025240206264,91.89082903650616,0.3249095256510799,0.26057663444352386,1.24688664563092,0.0018765699897453003,0.001422707020882384,0.0016496385053138421,26.43419062742494,201,146,1043,719,36,19,-307.8904376607157,0.19271332694151486,0.20305980528511822,0.8208955223880597,0.8698630136986302,35021,26249,241568,184459,5346,3759,-35840.33212366415,0.14497367200953767,0.14230262551569725,0.8473487336169727,0.8567945445540782,201,146,207,97,7370,27651,163801,42746,2963,23286,140771,17439,0.7085830904755597,0.7792192302896579,0.21044516147454384,0.11288049068535944,0.14705882352941177,0.14523085971963534,14,11,-0.01034647834360336,1.3190136565021122
309,30646.0,30745.5,199,118.3250196639311,118.67165496678138,91.89082903650616,92.14163824597836,0.3466353028502738,0.25080920947219454,1.38206768236197,0.001881771290386715,0.00142626038189113,0.0016540158361389224,26.53001672080302,202,144,1002,773,36,19,-244.84374321570593,0.20159680638722555,0.18628719275549807,0.8217821782178218,0.8680555555555556,35223,26393,242570,185232,5382,3778,-36069.83501016493,0.1452075689491693,0.14248617949382397,0.8472021122561962,0.8568559845413557,202,144,211,71,7411,27812,164431,42916,2972,23421,141338,17501,0.7084223110854598,0.7790770493219314,0.21040229395565396,0.1126056151252226,0.14725693961491843,0.14516680506032334,13,11,0.015309613631727476,1.319374298185025
310,30745.5,30845.0,199,118.67165496678138,119.05380429319658,92.14163824597836,92.42233788332285,0.3821493264152025,0.28069963734449743,1.36141724310886,0.0018880904047657626,0.0014307598706039303,0.0016594251376848466,26.631466409873724,226,155,1060,790,34,18,-28.194101611340304,0.21320754716981133,0.1962025316455696,0.8495575221238938,0.8838709677419355,35449,26548,243630,186022,5416,3796,-36067.6272066186,0.14550342732832575,0.1427143026093688,0.8472171288329713,0.8570137110140124,226,155,211,83,7456,27993,165099,43082,2989,23559,141907,17567,0.7082666338299881,0.7789186225285182,0.21033033371886373,0.1125885189091457,0.14753254976453362,0.14540766686125706,24,15,0.017005015524241718,1.3196417117631283
311,30845.0,30944.5,199,119.05380429319658,119.40643836695513,92.42233788332285,92.65948384221275,0.3526340737585514,0.2371459588898972,1.4869917050632657,0.0018934150691967393,0.001433822946490269,0.0016636190078435041,26.746954524742378,212,142,1028,710,33,23,-236.99332817988167,0.20622568093385213,0.2,0.8443396226415094,0.8380281690140845,35661,26690,244658,186732,5449,3819,-36310.30859704612,0.14575856910462767,0.14293211661632715,0.8472000224334707,0.856912701386287,212,142,220,91,7515,28146,165754,43243,3004,23686,142399,17643,0.7082090101284242,0.778672107619476,0.21073441574829646,0.11255151742225553,0.1480554789392805,0.1454932920036809,18,8,0.006225680933852118,1.3205361748683588
312,30944.5,31044.0,199,119.40643836695513,119.76537487637455,92.65948384221275,92.92936223010571,0.3589365094194221,0.2698783878929589,1.3299935286473774,0.0018989086173875121,0.0014379207755302503,0.0016684146964588812,26.83601264626884,228,161,1067,824,44,25,-602.4742595256772,0.21368322399250234,0.1953883495145631,0.8070175438596492,0.84472049689441,35889,26851,245725,187556,5493,3844,-36914.2828565718,0.14605351510835282,0.14316257544413402,0.8469447463010951,0.856839596290641,228,161,199,90,7559,28330,166438,43398,3022,23829,142990,17715,0.7080964492827347,0.7784981552176417,0.2106216389422943,0.11254701873300808,0.14834075789391055,0.14572985484882095,18,11,0.018294874477939232,1.3205933523613407
313,31044.0,31143.5,199,119.76537487637455,120.13878063964003,92.92936223010571,93.23790716940739,0.373405763265481,0.30854493930168303,1.210215160587611,0.0019048316625120299,0.0014432339812436871,0.0016740328218778585,26.90087347023264,215,172,1030,796,25,17,196.24614686805293,0.2087378640776699,0.21608040201005024,0.8837209302325582,0.9011627906976745,36104,27023,246755,188352,5518,3861,-36724.39865853425,0.14631517091852242,0.14347073564390078,0.8471637491690671,0.8571217111349592,215,172,208,87,7600,28504,167086,43565,3043,23980,143548,17781,0.7079329699499504,0.7782821525654094,0.21050299135829825,0.11260777855900529,0.14853904035962084,0.14612946600076834,15,16,-0.00734253793238035,1.31983565192289
314,31143.5,31243.0,199,120.13878063964003,120.5294583926958,93.23790716940739,93.55707671645848,0.390677753055769,0.31916954705108935,1.2240445765122867,0.0019112698087411315,0.0014488534085047486,0.00168006160862294,26.97238167623732,230,178,1040,780,36,22,-158.38775445550303,0.22115384615384615,0.2282051282051282,0.8434782608695652,0.8764044943820225,36334,27201,247795,189132,5554,3883,-36901.43509391963,0.14662927016283622,0.1438201890742973,0.847140419441845,0.857247895297967,230,178,180,99,7634,28700,167750,43711,3065,24136,144073,17858,0.7077786073165319,0.7779645961550663,0.210106236582815,0.11267968089408478,0.14868049469276462,0.14648950915260717,25,11,-0.007051282051282054,1.31916023907043
315,31243.0,31342.5,199,120.5294583926958,120.95531979168703,93.55707671645848,93.84368322309766,0.42586139899123054,0.2866065066391741,1.4858748462656945,0.0019187896317616783,0.0014533982148377774,0.001686093923299728,27.111636568589375,242,163,1040,785,35,20,-218.909563950014,0.2326923076923077,0.20764331210191084,0.8553719008264463,0.8773006134969326,36576,27364,248835,189917,5589,3903,-37127.41156856062,0.14698896859364638,0.1440839945871091,0.8471948818897638,0.857367343955562,242,163,208,96,7683,28893,168389,43870,3083,24281,144617,17936,0.707585347720377,0.777708156721094,0.21005577427821523,0.11266627686010817,0.1490310942137218,0.14667681621390172,12,14,0.02504899559039686,1.3202091568385794
316,31342.5,31442.0,199,120.95531979168703,121.32508617816046,93.84368322309766,94.14716605264456,0.3697663864734295,0.3034828295469083,1.2184095786423264,0.001924477781946563,0.001458451001148144,0.0016914643915473535,27.177920125515897,221,179,982,786,30,32,-305.82407741051935,0.225050916496945,0.227735368956743,0.8642533936651584,0.8212290502793296,36797,27543,249817,190703,5619,3935,-37433.23564597119,0.14729582054063575,0.14442877144040733,0.8472973340217953,0.8571324837526777,221,179,197,97,7722,29075,168992,44028,3098,24445,145142,18018,0.7073737976198577,0.7773343890762076,0.20985406419001548,0.11247866971644338,0.14921739130434783,0.1467133926880091,11,10,-0.002684452459798009,1.319535438922217
317,31442.0,31541.5,199,121.32508617816046,121.78965481928356,94.14716605264456,94.46147761623267,0.46456864112309404,0.31431156358810597,1.4780513825825847,0.0019331356803286759,0.0014638152257086077,0.0016984754530186418,27.328177203050885,264,190,1061,808,39,32,-340.95942309741645,0.24882186616399624,0.23514851485148514,0.8522727272727273,0.8315789473684211,37061,27733,250878,191511,5658,3967,-37801.40231919826,0.14772518913575522,0.1448115251865428,0.8473327756941259,0.85695741535355,264,190,218,90,7779,29282,169628,44189,3123,24610,145695,18083,0.7071445084861965,0.7770728574337766,0.20989719651385552,0.11260952655680957,0.1496882697044335,0.14726964066773554,14,13,0.0136733513125111,1.3206145464109913
318,31541.5,31641.0,199,121.78965481928356,122.32185722097157,94.46147761623267,94.83806389197352,0.5322024016880107,0.37658627574084846,1.4132283515670416,0.0019438766620136828,0.001471113878114753,0.0017074952700642178,27.483793328998047,304,212,1057,822,44,32,-261.2455312622155,0.2876064333017975,0.25790754257907544,0.8552631578947368,0.8490566037735849,37365,27945,251935,192333,5702,3999,-38040.764930520214,0.14831206461984242,0.14529487919389808,0.8473972969356349,0.8568974771873322,304,212,217,88,7844,29521,170229,44341,3145,24800,146239,18149,0.7068212038819537,0.7766945869923518,0.2099290780141844,0.11254249418500627,0.1503113921624988,0.1476941861557246,23,15,0.029698890722722082,1.3213638256915774
319,31641.0,31740.5,199,122.32185722097157,122.7878875774513,94.83806389197352,95.19185302964418,0.46603035647973456,0.35378913767065967,1.3172545645354425,0.0019524655194232817,0.0014776485359430241,0.001715057027683153,27.596034547807122,274,196,1057,777,44,21,-102.7419091048362,0.25922421948912017,0.25225225225225223,0.8394160583941606,0.8928571428571429,37639,28141,252992,193110,5746,4020,-38129.7204847734,0.14877545535036682,0.14572523432240692,0.8473391960466538,0.8571479336199851,274,196,197,69,7900,29739,170871,44482,3169,24972,146775,18194,0.7066270870225145,0.7764693697892393,0.20988867929541166,0.11261149212892221,0.1508151655148715,0.1483405888686046,20,11,0.0069719672368679375,1.3213328284301604
320,31740.5,31840.0,199,122.7878875774513,123.31609932049189,95.19185302964418,95.4733018962476,0.5282117430405862,0.2814488666034265,1.876759176240916,0.0019629536294690723,0.0014818703587218273,0.0017224119940954497,27.84279742424428,298,164,1093,762,34,21,143.83820742904493,0.27264409881061297,0.2152230971128609,0.8859060402684564,0.8719512195121951,37937,28305,254085,193872,5780,4041,-37991.47966610193,0.1493083023397682,0.14599839069076503,0.8476421435537865,0.8572337042925278,298,164,231,68,7966,29971,171501,44647,3182,25123,147318,18249,0.7063266229804986,0.7762853841709995,0.20997970319213433,0.11241830065359477,0.15140744682873053,0.14847650599598713,14,13,0.05742100169775208,1.3246459907344381
321,31840.0,31939.5,199,123.31609932049189,123.78503755386508,95.4733018962476,95.78881099130405,0.4689382333731942,0.3155090950564414,1.4862906988126787,0.0019715205872248612,0.0014871322756073021,0.0017293264314160817,27.996226562561034,260,187,1063,760,37,32,-325.089087161561,0.24459078080903104,0.24605263157894736,0.8576923076923078,0.8288770053475936,38197,28492,255148,194632,5817,4073,-38332.405902699866,0.14970526909871917,0.14638908298738132,0.847710553184805,0.8570475923066123,260,187,177,84,8014,30183,172175,44776,3204,25288,147829,18311,0.7062136485490774,0.7759926425253812,0.2098070529099144,0.1124526182788151,0.1518090547452169,0.1489193585870323,24,12,-0.001461850769916312,1.3257197221543382
322,31939.5,32039.0,199,123.78503755386508,124.2632673806651,95.78881099130405,96.09466632766367,0.4782298268000176,0.30585533635962747,1.5635817654582642,0.001980324342909219,0.001492060197044822,0.0017361922699770205,28.168601053001424,281,186,1118,782,40,32,-470.5280150455323,0.2513416815742397,0.23785166240409208,0.8576512455516014,0.8279569892473118,38478,28678,256266,195414,5857,4105,-38806.00321111503,0.150148673643792,0.14675509431258763,0.8477831488123083,0.8568589162424158,281,186,231,98,8073,30405,172840,44948,3226,25452,148349,18387,0.7059578718987303,0.775660904541128,0.20980820208950568,0.11249041076783597,0.15226042511457724,0.14926201822976912,10,11,0.01349001917014761,1.327241586386028
323,32039.0,32138.5,199,124.2632673806651,124.74825834872007,96.09466632766367,96.39393832448377,0.4849909680549729,0.29927199682009586,1.6205691585187636,0.001989283961308818,0.0014967527622614357,0.0017430183617851269,28.3543200242363,262,180,1082,787,27,21,319.2119824858286,0.24214417744916822,0.22871664548919948,0.8969465648854962,0.8833333333333333,38740,28858,257348,196201,5884,4126,-38478.21520392388,0.15053546170943624,0.14708385788043893,0.8481156427465153,0.85702404879063,262,180,200,71,8124,30616,173511,45097,3243,25615,148902,18441,0.705795265554813,0.7754547632275065,0.20970573051109964,0.11237785016286644,0.15264651171530036,0.14955727725511897,11,14,0.013427531959968736,1.3290665041454273
324,32138.5,32238.0,199,124.74825834872007,125.23744733975848,96.39393832448377,96.74732699215393,0.48918899103840374,0.35338866767015986,1.3842803569892483,0.0019983184931311447,0.0015030950219495412,0.0017507067575403428,28.490120347604545,278,198,1111,848,35,20,253.94488126947059,0.2502250225022502,0.23349056603773585,0.8741007194244604,0.898989898989899,39018,29056,258459,197049,5919,4146,-38215.36970375674,0.15096398268197278,0.14745570898608976,0.8483007842534215,0.8573100220264317,278,198,228,81,8182,30836,174174,45267,3265,25791,149493,18500,0.7055509771375731,0.7752284964653462,0.20969808806192014,0.112369218061674,0.1530805066512002,0.1500114863312658,18,12,0.016734456464514352,1.3294691712432725
325,32238.0,32337.5,199,125.23744733975848,125.72587581187382,96.74732699215393,97.06665764713361,0.4884284721153449,0.31933065497968016,1.5295383155319833,0.0020072739096614516,0.0015083450474708616,0.0017578094785661567,28.65921816474021,278,189,1091,788,32,30,42.6057081334059,0.25481209899175067,0.2398477157360406,0.8848920863309353,0.8412698412698413,39296,29245,259550,197837,5951,4176,-38178.357335230976,0.151400500866885,0.14782371346108159,0.8485596498371335,0.8572063600615489,278,189,222,82,8226,31070,174809,45445,3286,25959,150031,18561,0.7052013099595453,0.7749662601030141,0.20933428338762214,0.1123610873653616,0.15326712749902183,0.15040966723119878,16,11,0.014964383255710062,1.3307789971712214
326,32337.5,32437.0,199,125.72587581187382,126.13415428843552,97.06665764713361,97.36786418848564,0.4082784765617049,0.3012065413520304,1.3554767925326558,0.0020137034414476956,0.001513004116100164,0.00176335377877393,28.766290099949885,245,171,1066,797,32,25,-37.04804797821073,0.2298311444652908,0.21455457967377667,0.8693877551020408,0.8538011695906433,39541,29416,260616,198634,5983,4201,-38228.77133717968,0.15172130644319612,0.14809146470392784,0.8486887028653802,0.8571865651346207,245,171,197,106,8273,31268,175480,45595,3304,26112,150569,18649,0.7050718298185836,0.774655899795604,0.20922586682177993,0.11231982594506391,0.15357911932872947,0.15050334806176832,16,7,0.015276564791514124,1.3309305771342557
327,32437.0,32536.5,199,126.13415428843552,126.59946351490127,97.36786418848564,97.65816660037594,0.4653092264657488,0.2903024118902948,1.6028431298104027,0.002021846472629344,0.0015172995536038392,0.0017695730131165916,28.94129691452534,268,169,1078,782,47,25,-517.7624116133422,0.24860853432282004,0.21611253196930946,0.8246268656716418,0.8520710059171598,39809,29585,261694,199416,6030,4226,-38746.53374879303,0.15212041544704885,0.1483582059614073,0.8485267150644327,0.8571573432482678,268,169,203,73,8317,31492,176131,45754,3322,26263,151127,18704,0.7048231904438008,0.7745065591527259,0.20892260544098068,0.11228663173905695,0.15381627859665994,0.15082175610641968,24,11,0.03249600235351058,1.3325295376427955
328,32536.5,32636.0,199,126.59946351490127,127.09998960039664,97.65816660037594,98.01323779725773,0.5005260854953661,0.355071196881795,1.4096499234264666,0.0020310189313089842,0.0015235533803993476,0.0017772861558541658,29.08675180313891,271,210,1114,858,25,35,47.48750284421399,0.24326750448833034,0.24475524475524477,0.9077490774907749,0.8333333333333334,40080,29795,262808,200274,6055,4261,-38708.36474490251,0.15250677300538795,0.14877118347863427,0.8489271457085829,0.856989427756335,271,210,222,98,8374,31706,176809,45919,3344,26451,151699,18780,0.7046322790782624,0.7741544084604093,0.2089321357285429,0.11223359624098003,0.15423719448179324,0.15114807448924245,21,11,-0.0014877402669144224,1.3330802566147186
329,32636.0,32735.5,199,127.09998960039664,127.5644294306904,98.01323779725773,98.39513674230692,0.464439830293756,0.381898945049187,1.2161327919718086,0.0020390332719064552,0.0015305887207393287,0.001784810996322892,29.16929268838348,269,218,1161,835,42,24,-67.72382135772668,0.23169681309216192,0.26107784431137726,0.8438661710037174,0.8899082568807339,40349,30013,263969,201109,6097,4285,-38752.40819612541,0.15285507010292876,0.14923747818347263,0.8488934050410171,0.8572285343018026,269,218,255,90,8443,31906,177515,46105,3366,26647,152248,18848,0.7044690853850263,0.7737793932643492,0.20924929985873256,0.11215140105954087,0.15478111021485663,0.15152606464391824,19,18,-0.029381031219215342,1.3321888788789256
330,32735.5,32835.0,199,127.5644294306904,128.07372386425942,98.39513674230692,98.6524662705207,0.5092944335690248,0.25732952821378774,1.9791527117164192,0.0020483651014485396,0.0015337876228407518,0.0017910763621446458,29.421257593738716,280,156,1110,767,43,28,-331.0455607188218,0.25225225225225223,0.2033898305084746,0.8464285714285714,0.8205128205128205,40629,30169,265079,201876,6140,4313,-39089.61223360882,0.1532712889365057,0.14944322257227208,0.8488764183218883,0.857038682090888,280,156,247,89,8511,32118,178166,46284,3385,26784,152789,18918,0.7042315687021605,0.7736135053200975,0.20948091264860075,0.1122012662004044,0.1553243909115795,0.15177330403981526,22,7,0.04886242174377764,1.3354946088655553
331,32835.0,32934.5,199,128.07372386425942,128.58345495021712,98.6524662705207,99.00458792917838,0.5097310859576965,0.35212165865767986,1.447599355009397,0.002057653803519728,0.0015398453978239769,0.0017987496006718526,29.578867021038732,286,204,1138,830,36,21,322.8963112132769,0.2513181019332162,0.2457831325301205,0.8741258741258742,0.8970588235294118,40915,30373,266217,202706,6176,4334,-38777.02092911544,0.1536904104546291,0.14983769597347882,0.8490529145790052,0.857307477035525,286,204,225,85,8564,32351,178846,46456,3402,26971,153347,18986,0.7039745771306867,0.7732824879381962,0.20931198826836123,0.11200737497119152,0.15565249000363504,0.1519564052170806,16,10,0.005534969403095696,1.3362729832666898
332,32934.5,33034.0,199,128.58345495021712,129.10206532891866,99.00458792917838,99.38936980973999,0.5186103787015384,0.38478188056160434,1.3478035346794555,0.0020671553420936618,0.0015468553652356774,0.0018070053536646696,29.712695519178666,301,215,1189,818,51,23,-107.64810213501794,0.2531539108494533,0.2628361858190709,0.8305647840531561,0.8930232558139535,41216,30588,267406,203524,6227,4357,-38849.66826537148,0.15413266718024277,0.15029185747135473,0.8489178959627329,0.8575585196809206,301,215,220,93,8620,32596,179570,46620,3424,27164,153879,19057,0.7037613217354883,0.7728965625675596,0.2091420807453416,0.11193932261017392,0.1560463432295438,0.15230639206440993,16,18,-0.0096822749696176,1.336359810071003
333,33034.0,33133.5,199,129.10206532891866,129.60569699874748,99.38936980973999,99.77651939736597,0.5036316698288203,0.3871495876259843,1.3008709964463827,0.0020761477429354232,0.0015538946903533087,0.001815021216644366,29.829177601381502,283,205,1136,865,38,17,308.2474195552956,0.24911971830985916,0.23699421965317918,0.8657243816254416,0.9170731707317074,41499,30793,268542,204389,6265,4374,-38546.439118629576,0.15453448622561833,0.1506587927921757,0.849032506807393,0.8579547299710973,283,205,231,95,8692,32807,180264,46779,3444,27349,154464,19132,0.7036366750824824,0.7725856088145644,0.20945083014048532,0.1118436008183678,0.15669448901227667,0.15255138199858256,17,17,0.012125498656679973,1.3360929513591233
334,33133.5,33233.0,199,129.60569699874748,130.07483839189703,99.77651939736597,100.17453646387884,0.46914139314955605,0.39801706651286395,1.178696675647182,0.002084048464890332,0.0015612188724862099,0.0018226336686882711,29.900301928018195,272,223,1115,819,37,25,-15.65023352273674,0.24394618834080717,0.27228327228327226,0.8639705882352942,0.8878923766816144,41771,31016,269657,205208,6302,4399,-38565.25812165835,0.1549041931045736,0.15114420490429223,0.8491297790333006,0.8581699767861749,272,223,209,86,8741,33030,180947,46939,3472,27544,155002,19190,0.7034417797424135,0.772260340727457,0.20926001292762922,0.11194222336858396,0.15698635057471264,0.15320801341452653,24,9,-0.02833708394246509,1.334885519012159
335,33233.0,33332.5,199,130.07483839189703,130.61038253555523,100.17453646387884,100.55976407728969,0.5355441436581998,0.3852276134108479,1.3902018573290547,0.002093894150674525,0.0015681156349732263,0.0018310048928238758,30.050618458265546,297,218,1143,825,37,26,104.15580235803317,0.25984251968503935,0.2642424242424242,0.8754208754208754,0.8807339449541285,42068,31234,270800,206033,6339,4425,-38480.2828365738,0.15534711964549483,0.15159707425509505,0.8493153941237995,0.8583274636613947,297,218,245,105,8813,33255,181620,47112,3498,27736,155530,19269,0.7032237813884786,0.7718569355394524,0.20949415232480745,0.11199334059038228,0.1575860527492177,0.15364343128211885,28,15,-0.0043999045573848705,1.3352932041330459
336,33332.5,33432.0,199,130.61038253555523,131.13139292197963,100.55976407728969,100.90565549543865,0.5210103864243933,0.34589141814896607,1.506283067711175,0.0021032465052579267,0.0015737947421899387,0.0018385206237239327,30.225737426540974,287,205,1119,872,35,32,-102.85441649025421,0.256478999106345,0.23509174311926606,0.8780487804878049,0.8439024390243902,42355,31439,271919,206905,6374,4457,-38616.79260555327,0.15576329715834494,0.15194896208404823,0.8495100932593554,0.858233404370368,287,205,199,107,8867,33488,182307,47257,3525,27914,156117,19349,0.7030549538649378,0.7715714941639883,0.20934954550820445,0.11212188682846147,0.157989451927874,0.1541050974906007,15,14,0.021387255987078913,1.3364172905618268
337,33432.0,33531.5,199,131.13139292197963,131.6613498053124,100.90565549543865,101.32141403517006,0.5299568833327726,0.41575853973141363,1.2746746793827322,0.0021128101649826514,0.0015815237719942574,0.0018471669684884543,30.339935770142333,295,230,1099,880,33,36,70.33280956371028,0.2684258416742493,0.26136363636363635,0.888135593220339,0.8434782608695652,42650,31669,273018,207785,6407,4493,-38560.291329836604,0.15621680621790504,0.15241234930336647,0.8497772567409144,0.8581262433294389,295,230,216,124,8924,33726,182952,47416,3560,28109,156678,19438,0.7027961526346248,0.7711721250330871,0.2092379835873388,0.11241276958539898,0.15839545615903444,0.15479606922341074,21,13,0.007062205310612968,1.3359332324916346
338,33531.5,33631.0,199,131.6613498053124,132.22543268515275,101.32141403517006,101.7295353124999,0.5640828798403561,0.4081212773298404,1.3821452376384404,0.002123331953464248,0.0015889799779356928,0.0018561559656999705,30.49589737265285,320,226,1139,834,41,24,271.7221778994927,0.28094820017559263,0.2709832134292566,0.871875,0.8938053097345133,42970,31895,274157,208619,6448,4517,-38300.12959926643,0.1567350095018548,0.15288636222012378,0.8499418198743309,0.8583790562784135,320,226,178,88,8973,33997,183642,47545,3585,28310,157223,19501,0.7025718839934781,0.7708214496282697,0.20882010705143123,0.11240006270575326,0.15876357974450617,0.15528891969158798,18,16,0.009964986746336058,1.336286160271669
339,33631.0,33730.5,199,132.22543268515275,132.8195755041029,101.7295353124999,102.16317735577957,0.5941428189501323,0.4336420432796615,1.3701227271613092,0.0021346828462639527,0.0015971488024557876,0.0018659158243598702,30.65639814832332,345,239,1182,841,54,33,-479.31365382952066,0.2918781725888325,0.28418549346016647,0.8434782608695652,0.8619246861924686,43315,32134,275339,209460,6502,4550,-38759.11256398051,0.1573151642157486,0.1534135395779624,0.8498903382200161,0.858405427273293,345,239,251,101,9048,34267,184303,47721,3609,28525,157748,19578,0.7022288887516843,0.7703475603933926,0.20888837585132172,0.11231094790564511,0.15938276171854357,0.1556475611333937,22,24,0.007692679128666002,1.3365585241535722
340,33730.5,33830.0,199,132.8195755041029,133.48582735647258,102.16317735577957,102.55448018729791,0.6662518523696974,0.39130283151834533,1.7026502205069316,0.0021480984805875244,0.0016040180464898992,0.0018760582635387118,30.93134716917467,367,236,1140,815,39,38,149.32156149568675,0.3219298245614035,0.28957055214723926,0.8937329700272479,0.8389830508474576,43682,32370,276479,210275,6541,4588,-38633.06620186065,0.1579939163553109,0.15394126738794436,0.8502586877890206,0.8582638245288847,367,236,215,112,9114,34568,184927,47870,3639,28731,158245,19660,0.7018290720090857,0.7698680299607656,0.20864429284373426,0.11241890639481,0.15993963217745333,0.15618696081376884,33,13,0.03235927241416425,1.339198449349274
341,33830.0,33929.5,199,133.48582735647258,134.1383163007092,102.55448018729791,102.99803652189789,0.6524889442366089,0.44355633459997534,1.4710396252711868,0.0021610297983322055,0.0016123870628023775,0.0018867084305672914,31.140279778811305,363,256,1186,912,53,32,-301.11942239900856,0.306070826306914,0.2807017543859649,0.8539944903581267,0.875,44045,32626,277665,211187,6594,4620,-38943.97492574198,0.15862640231934166,0.1544886759128166,0.8502894766715858,0.8583951449763991,363,256,245,105,9184,34861,185575,48045,3664,28962,158821,19740,0.7014171753732015,0.7693892142982286,0.20851401975252581,0.11230307117023233,0.1604780792954621,0.15655443513929243,25,20,0.025369071920949116,1.3402673887597871
342,33929.5,34029.0,199,134.1383163007092,134.79557629518266,102.99803652189789,103.4101250620357,0.6572599944734634,0.41208854013781604,1.594948489112689,0.0021740256997556796,0.001619782402876696,0.0018969040513161879,31.385451233146952,361,236,1178,837,42,34,71.97699250560353,0.3064516129032258,0.2819593787335723,0.8836565096952909,0.8559322033898304,44406,32862,278843,212024,6636,4654,-38832.46579857536,0.15925090463092134,0.1549918877108252,0.850560735035806,0.8583774572454507,361,236,225,97,9248,35158,186231,48206,3693,29169,159354,19808,0.7010360668906875,0.7690025657472739,0.208260145025447,0.11237903962023005,0.16096355345145683,0.1571422492659887,23,15,0.024492234169653515,1.3421714521003938
343,34029.0,34128.5,199,134.79557629518266,135.39760568565816,103.4101250620357,103.93982252247777,0.6020293904755079,0.5296974604420654,1.1365532883111746,0.0021853275100711,0.0016305806832393203,0.0019079540966552102,31.457783163180395,343,279,1140,886,48,32,62.69463481981932,0.30087719298245613,0.3148984198645598,0.8600583090379008,0.8853046594982079,44749,33141,279983,212910,6684,4686,-38800.12054930432,0.15982756095905823,0.1556573199943638,0.8506335337102505,0.8586041459219698,343,279,220,85,9308,35441,186868,48366,3724,29417,159907,19862,0.7006711121746677,0.7685453947677422,0.20800464814856198,0.11236836546875471,0.1613898810555883,0.15789027389129145,31,21,-0.014021226882103666,1.3402142761373308
344,34128.5,34228.0,199,135.39760568565816,136.06234229602126,103.93982252247777,104.4565668194131,0.664736610363093,0.5167442969353289,1.2863937044017062,0.002198395656708678,0.0016409377452631902,0.0019196667009859342,31.60577547660816,361,280,1170,877,45,31,147.54635736651335,0.30854700854700856,0.31927023945267957,0.8753462603878116,0.8892857142857142,45110,33421,281153,213787,6729,4717,-38640.226277650494,0.16044644730804936,0.1563284951844593,0.850831301263578,0.8588611950570001,361,280,225,97,9377,35733,187521,48522,3750,29671,160433,19933,0.7003233115065463,0.7679746663735401,0.207869651961871,0.11220490111008048,0.16195443790048186,0.15834142633956846,25,14,-0.01072323090567101,1.3397191106455273
345,34228.0,34327.5,199,136.06234229602126,136.67802866816226,104.4565668194131,104.90433591271079,0.6156863721409991,0.4477690932976941,1.3750086402941328,0.0022099591554865816,0.0016492254384434103,0.001929592296964996,31.773692755451464,358,251,1166,853,58,26,-318.351111382535,0.307032590051458,0.29425556858147717,0.8379888268156425,0.896414342629482,45468,33672,282319,214640,6787,4743,-38969.29599146838,0.16105185977564387,0.15687663063734625,0.8507301838655758,0.8591411261582323,358,251,230,88,9448,36020,188170,48681,3771,29901,160968,20000,0.6999812269099848,0.76751304509877,0.20779449283012227,0.11199215965787598,0.16253505135130486,0.15863867738000084,24,15,0.012777021469980832,1.339998222179018
346,34327.5,34427.0,199,136.67802866816226,137.40089328346585,104.90433591271079,105.39666592403731,0.7228646153035925,0.49233001132651566,1.4682521858781936,0.0022245690163322164,0.0016587595854850171,0.0019416643009086167,32.00422735942854,415,262,1263,802,63,24,55.956800797015234,0.3285827395091053,0.3266832917705736,0.8481927710843373,0.9083969465648855,45883,33934,283582,215442,6850,4767,-38929.198091953236,0.16179799846252582,0.1575087494546096,0.8507072336159363,0.8595214239405906,415,262,238,93,9523,36360,188855,48844,3804,30130,161448,20060,0.6995436945927457,0.7670370679811735,0.20754963712050215,0.11209995874344315,0.16315726352219576,0.15940328528327188,25,17,0.0018994477385317343,1.341103940437371
347,34427.0,34526.5,199,137.40089328346585,138.0128639417784,105.39666592403731,105.86169740288345,0.6119706583125435,0.46503147884614293,1.3159768449030433,0.002235882819966743,0.0016674481261737745,0.0019516654730702587,32.15116653889494,352,258,1175,831,53,32,-292.33047489341413,0.2995744680851064,0.3104693140794224,0.8494318181818181,0.875968992248062,46235,34192,284757,216273,6903,4799,-39221.52856684664,0.16236650898836552,0.15809647991196313,0.850697523521142,0.8596455311183903,352,258,249,81,9597,36638,189503,49019,3829,30363,161965,20116,0.6991926449569282,0.7665959227457889,0.20757002271006814,0.11198525970987365,0.16372662754196807,0.15990812278137398,21,13,-0.010894845994316005,1.3409009760905322
348,34526.5,34626.0,199,138.0128639417784,138.71823007199566,105.86169740288345,106.36980870923996,0.7053661302172713,0.5081113063565112,1.388211837432246,0.002249828865990846,0.0016773308795325864,0.001963579872761716,32.3484213627557,391,290,1205,878,54,43,-299.5897423402962,0.3244813278008299,0.33029612756264237,0.8618925831202047,0.8517241379310345,46626,34482,285962,217151,6957,4842,-39535.18276197795,0.1630496359656178,0.1587927294831707,0.8507914039377171,0.8595789107360362,391,290,261,103,9669,36957,190128,49208,3859,30623,162480,20189,0.6986837411963828,0.7660061431906829,0.20737356839531593,0.11191346209616612,0.1642237206379401,0.1604707252162342,27,12,-0.005814799761812484,1.3413148791595577
349,34626.0,34725.5,199,138.71823007199566,139.45795070143316,106.36980870923996,106.85885222236287,0.7397206294374996,0.4890435131229083,1.5125865277587072,0.0022646843081665213,0.0016866078975916329,0.001975646102879077,32.59909847907029,394,270,1179,897,49,39,161.07433202083303,0.3341815097540288,0.3010033444816054,0.8756345177664975,0.8555555555555556,47020,34752,287141,218048,7006,4881,-39387.17803368391,0.16375230287559073,0.1593777516877018,0.8509995746490855,0.8595476519337016,394,270,221,89,9732,37288,190755,49366,3878,30874,163037,20259,0.6982179486732999,0.7654965879072497,0.20697575499787324,0.11159069981583794,0.16467562354055976,0.16066619712474625,17,23,0.033178165272423454,1.342744992123151
350,34725.5,34825.0,199,139.45795070143316,140.11813121403193,106.85885222236287,107.35178097181496,0.660180512598771,0.49292874945209064,1.3393021067093107,0.002277170867360669,0.0016959434686940513,0.00198655716802736,32.76635024221697,372,286,1162,906,51,46,-376.8135626017471,0.32013769363166955,0.31567328918322296,0.8629032258064516,0.8391608391608392,47392,35038,288303,218954,7057,4927,-39776.65177586898,0.16438261134986457,0.1600244800277684,0.8510930114787306,0.8593812432216451,372,286,199,105,9797,37595,191411,49500,3909,31129,163583,20333,0.6979046350540924,0.7649643304073002,0.20672265361242403,0.11156458701980707,0.165219151053173,0.16124907185875753,24,29,0.004464404448446591,1.3427162575850407
351,34825.0,34924.5,199,140.11813121403193,140.86119164563797,107.35178097181496,107.90792475507665,0.7430604316060396,0.5561437832616889,1.3360941072614645,0.0022919593949073387,0.0017070358940151477,0.0019994976444612433,32.95326689056132,424,304,1243,920,56,43,-154.10813321558294,0.3411102172164119,0.33043478260869563,0.8679245283018868,0.8585526315789473,47816,35342,289546,219874,7113,4970,-39930.759909084576,0.16514129015769516,0.16073751330307356,0.85124226200435,0.8593741157829211,424,304,252,86,9888,37928,192069,49661,3946,31396,164150,20382,0.6974953893336465,0.7645105833340914,0.20679270537058725,0.11165185897798653,0.16604812843204755,0.16219993423216048,28,15,0.01067543460771625,1.3426544825114266
352,34924.5,35024.0,199,140.86119164563797,141.66105575095946,107.90792475507665,108.42278375913014,0.7998641053214897,0.5148590040534913,1.553559516341658,0.002308285746709766,0.0017168865373625376,0.0020125861420361517,33.23827199182932,443,298,1264,888,63,48,-405.11583235019856,0.3504746835443038,0.3355855855855856,0.8577878103837472,0.8389261744966443,48259,35640,290810,220762,7176,5018,-40337.36615061527,0.16594683814174202,0.1614408276786766,0.8513023477486065,0.8592031425364759,443,298,250,99,9979,38280,192731,49820,3978,31662,164673,20449,0.6970530586981191,0.7639494115835153,0.20678008247166332,0.11161616161616161,0.1668757002625462,0.16285258116019158,27,19,0.014889097958718178,1.3444602753165793
353,35024.0,35123.5,199,141.66105575095946,142.51288668065573,108.42278375913014,108.97686592898049,0.8518309296962627,0.5540821698503464,1.5373729313945188,0.0023259991436633334,0.001727798091147974,0.0020268986174056536,33.53602075167524,469,292,1270,853,58,24,548.9223469960722,0.36929133858267715,0.34232121922626024,0.8763326226012793,0.9178082191780822,48728,35932,292080,221615,7234,5042,-39700.85522644525,0.1668310052040537,0.16213703946032534,0.8515432605483501,0.8596793944116665,469,292,248,93,10068,38660,193373,49979,4007,31925,165170,20513,0.6965249246781704,0.7633824425241974,0.20661631915941553,0.11151619726149394,0.16766865955001914,0.16341761827079934,27,19,0.02697011935641691,1.3462216190538248
354,35123.5,35223.0,199,142.51288668065573,143.3030571470542,108.97686592898049,109.5179225555987,0.7901704663984788,0.5410566266182144,1.460421012375931,0.0023418618910614536,0.0017382781955271862,0.00204007004329432,33.7851345914555,438,313,1211,959,73,56,-1053.356324936789,0.36168455821635015,0.32638164754953075,0.8333333333333334,0.8210862619808307,49166,36245,293291,222574,7307,5098,-40762.330072994315,0.16763555649508508,0.16284471681328458,0.85138103567506,0.8593461167057526,438,313,232,109,10134,39032,193980,50145,4046,32199,165746,20583,0.6959436191359435,0.7628563983214571,0.2061180490582923,0.11162919023313561,0.16811825013686357,0.1642778837955256,31,16,0.0353029106668194,1.3472307810610327
355,35223.0,35322.5,199,143.3030571470542,144.01725437697496,109.5179225555987,110.07939671987214,0.7141972299207566,0.5614741642734344,1.272003727624673,0.002355484425473235,0.001749277289130937,0.002052380857302086,33.937857657102825,392,306,1237,906,49,38,238.0399752551469,0.31689571544058204,0.33774834437086093,0.875,0.8758169934640523,49558,36551,294528,223480,7356,5136,-40476.848210047814,0.16826244024337245,0.16355378557365313,0.8515678598813512,0.8594840086454543,392,306,257,103,10218,39340,194652,50318,4074,32477,166271,20658,0.695587516297262,0.7622382316090925,0.20618265466725857,0.11146069874969221,0.16879212369499141,0.16472586123241145,22,33,-0.020852628930278894,1.3465471941520886
356,35322.5,35422.0,199,144.01725437697496,144.77830359980447,110.07939671987214,110.64095385445766,0.7610492228295129,0.5615571345855273,1.3552480699781801,0.0023703531094124513,0.0017602169324124285,0.00206528502091244,34.13734974534681,414,311,1263,913,43,42,430.66049641278755,0.32779097387173395,0.34063526834611174,0.8961352657004831,0.864951768488746,49972,36862,295791,224393,7399,5178,-40010.91733041918,0.1689436122126772,0.16427428663104465,0.8519370847674698,0.8595301394389887,414,311,254,112,10308,39664,195337,50482,4113,32749,166800,20731,0.6952375156782998,0.7616681447282223,0.20627551428800128,0.11157831913623786,0.16956736305313375,0.16555305103848011,25,26,-0.012844294474377793,1.3466255583417286
357,35422.0,35521.5,199,144.77830359980447,145.5248888654463,110.64095385445766,111.1420815151473,0.7465852656418122,0.5011276606896331,1.489810529744835,0.0023847313065959957,0.0017693940807849522,0.002077062693690474,34.38280735029899,418,281,1281,961,62,42,-395.0481709470884,0.3263075722092115,0.2924037460978148,0.8516746411483254,0.8505338078291815,50390,37143,297072,225354,7461,5220,-40416.26065488553,0.1696221791350245,0.1648206821267872,0.8519349077197856,0.8594620789920039,418,281,258,117,10385,40005,196019,50663,4146,32997,167396,20815,0.69479452792589,0.7612112498557825,0.20609247866640207,0.11162264760520152,0.1701120429825711,0.16609911461880533,32,17,0.03390382611139675,1.3477672003616419
358,35521.5,35621.0,199,145.5248888654463,146.26631104469087,111.1420815151473,111.7267949429451,0.7414221792445801,0.5847134277978085,1.2680094966126907,0.002398884233640107,0.0017808664907891548,0.002089875362214631,34.53951610174576,411,325,1285,1000,50,41,16.02194617617127,0.31984435797665367,0.325,0.878345498783455,0.8738461538461538,50801,37468,298357,226354,7511,5261,-40436.38303285422,0.17026917417724405,0.165528331728178,0.8521485797523671,0.8595868474431515,411,325,256,97,10477,40324,196729,50827,4183,33285,168011,20875,0.694490157764021,0.7607287699797662,0.2062360977146119,0.11164193445073128,0.17090238809865588,0.16693271609865112,35,24,-0.005155642023346341,1.34703204650512
359,35621.0,35720.5,199,146.26631104469087,146.9913108417171,111.7267949429451,112.2463615014243,0.7249997970262427,0.5195665584791982,1.3953934971264503,0.002412498567587813,0.0017904511926451108,0.002101474880116462,34.744949340292806,405,288,1293,874,58,35,-145.6824133357924,0.31322505800464034,0.3295194508009153,0.8567901234567901,0.8784722222222222,51206,37756,299650,227228,7569,5296,-40592.607100361754,0.17088603370599031,0.16615910011090182,0.852185290786236,0.8597309036974256,405,288,230,94,10542,40664,197452,50992,4219,33537,168539,20933,0.6941231436676122,0.7602848240533737,0.2058743116041089,0.11174382879542324,0.17131992069425034,0.1677401399491094,25,18,-0.01629439279627498,1.34742492702285
360,35720.5,35820.0,199,146.9913108417171,147.73740854213727,112.2463615014243,112.80190657211747,0.7460977004201652,0.5555450706931708,1.3430012068854034,0.0024266262642082814,0.0018009870714006937,0.0021138066678044877,34.9355019700198,431,296,1292,936,68,36,-321.4908441091127,0.33359133126934987,0.3162393162393162,0.8422273781902552,0.8783783783783784,51637,38052,300942,228164,7637,5332,-40776.955922806155,0.17158455782177295,0.16677477603828825,0.8521021747971416,0.8598759592137075,431,296,219,98,10613,41024,198165,51140,4247,33805,169109,21003,0.6937482970140426,0.7597868200066619,0.20553091775277418,0.1116104278355934,0.17186209576862663,0.1681980198019802,40,20,0.01735201503003364,1.3473868317783122
361,35820.0,35919.5,199,147.73740854213727,148.46232619422258,112.80190657211747,113.35294184129118,0.7249176520853098,0.5510352691737097,1.3155558140086765,0.002440086037835325,0.0018113390266219342,0.0021257125322286293,35.1093843529314,399,309,1281,919,59,40,-419.20923817392196,0.3114754098360656,0.33623503808487487,0.8521303258145363,0.8705501618122977,52036,38361,302223,229083,7696,5372,-41207.05946285231,0.17217749807261526,0.16745459069420254,0.852102390652625,0.8599619405124996,399,309,251,108,10704,41332,198887,51300,4279,34082,169643,21079,0.6934978476158333,0.7592095441390239,0.2057037435621493,0.11154558014650295,0.17263402361137992,0.16874359176591214,27,19,-0.024759628248809284,1.3471172441892205
362,35919.5,36019.0,199,148.46232619422258,149.20262555072665,113.35294184129118,113.84956919245866,0.7402993565040674,0.4966273511674757,1.4906536153592136,0.0024538984922549217,0.0018201232548908642,0.002137010873572893,35.35305635826799,424,271,1241,885,65,36,-419.02939220415044,0.3416599516518936,0.30621468926553674,0.8466981132075472,0.8671586715867159,52460,38632,303464,229968,7761,5408,-41639.29600222688,0.1728705876150054,0.16798858971683017,0.8520587113991612,0.8600124249326982,424,271,239,87,10790,41670,199551,51453,4298,34334,170189,21147,0.6931332876387315,0.758744694914075,0.2056805184902783,0.1112549182025264,0.17335282682389988,0.16891334250343878,31,25,0.03544526238635687,1.3482045711250796
363,36019.0,36118.5,199,149.20262555072665,150.08102655667932,113.84956919245866,114.32954624898991,0.8784010059526679,0.4799770565312542,1.8300895719907602,0.002471458416005169,0.0018283980944514666,0.002149928255228318,35.751480307689405,490,276,1370,920,73,47,-760.4543449757247,0.35766423357664234,0.3,0.8510204081632653,0.8297101449275363,52950,38908,304834,230888,7834,5455,-42382.78760707048,0.1737010963343984,0.16851460448355912,0.8520491029272899,0.8597974709571297,490,276,280,103,10879,42071,200240,51644,4326,34582,170758,21222,0.6925703825688736,0.7583070579674994,0.2054579792256846,0.11118536033720572,0.17399996801177167,0.16932832315641147,37,25,0.057664233576642354,1.3517069523891763
364,36118.5,36218.0,199,150.08102655667932,150.9071938548938,114.32954624898991,114.84820623084934,0.8261672982144717,0.5186599818594289,1.5928880713962346,0.002487479653672129,0.0018376955258795273,0.002162587589775828,36.05898762404445,472,297,1340,929,77,48,-920.0741857734374,0.3522388059701492,0.31969860064585576,0.836864406779661,0.8383838383838383,53422,39205,306174,231817,7911,5503,-43306.605958012195,0.17448248381639198,0.16912047002592562,0.8519149414099061,0.85963525060579,472,297,264,107,10973,42449,200938,51814,4366,34839,171323,21289,0.692126045973858,0.7578779813387284,0.2054022687282393,0.1113633465119245,0.1747654769299377,0.17018125121808614,30,25,0.03254020532429347,1.3535863904776133
365,36218.0,36317.5,199,150.9071938548938,151.66466249683126,114.84820623084934,115.34255651841868,0.7574686419374643,0.49435028756933264,1.5322508370771997,0.0025015214907037828,0.0018462726466269444,0.0021738970686653635,36.32210597841258,421,265,1325,930,54,26,387.3620524081839,0.3177358490566038,0.2849462365591398,0.8717339667458432,0.9018867924528302,53843,39470,307499,232747,7965,5529,-42940.72348796662,0.1750997564219721,0.1695832814171611,0.8520699069516928,0.8599189257664048,421,265,242,116,11050,42793,201677,51979,4399,35071,171905,21372,0.6917973716987698,0.7574920407137363,0.20522630611221515,0.1114517354953129,0.175316124323724,0.17069574327732723,23,19,0.03278961249746398,1.3549036190694521
366,36317.5,36417.0,199,151.66466249683126,152.37433034107767,115.34255651841868,115.84239776820164,0.709667844246411,0.4998412497829605,1.4197864713137636,0.002514174000683226,0.001854953678053025,0.002184563839368126,36.53193257287603,395,270,1354,929,53,33,72.15260045624629,0.2917282127031019,0.2906350914962325,0.8658227848101265,0.8777777777777778,54238,39740,308853,233676,8018,5562,-42858.38201061658,0.1756110512120653,0.17006453379893527,0.8521700652678934,0.8600402617010569,395,270,273,82,11119,43119,202432,52183,4420,35320,172503,21433,0.6914324937753559,0.7571295297762715,0.2050038718241823,0.11122294916960242,0.17565005844996998,0.170966618961049,28,20,0.0010931212068693852,1.3553837114262195
367,36417.0,36516.5,199,152.37433034107767,153.11865642052553,115.84239776820164,116.35085186486207,0.744326079447859,0.5084540966604294,1.463900250458512,0.00252770667129459,0.0018638232631910901,0.00219576496724284,36.76780455566346,410,269,1333,936,55,28,254.83274825025106,0.3075768942235559,0.28739316239316237,0.8658536585365854,0.895910780669145,54648,40009,310186,234612,8073,5590,-42625.910975914536,0.17617816406930034,0.1705326240771998,0.8522727272727273,0.8602814366767477,410,269,248,119,11196,43452,203184,52354,4452,35557,173083,21520,0.6911337068726506,0.7567174739570014,0.20487483530961792,0.111274963133295,0.17617623918174666,0.17141537039889113,26,15,0.020183731830393514,1.3561943995520538
368,36516.5,36616.0,199,153.11865642052553,153.75803437882922,116.35085186486207,116.81884340409864,0.6393779583036974,0.46799153923657855,1.3662169178244048,0.0025382996127548776,0.0018715395927887816,0.0022049196027718295,36.93919097473058,354,259,1294,997,47,38,-100.34608680000957,0.2735703245749614,0.2597793380140421,0.8672316384180792,0.8532818532818532,55002,40268,311480,235609,8120,5628,-42676.506818406284,0.17658276614870938,0.17091027931870176,0.8523690047634631,0.8602364160127148,354,259,262,92,11262,43740,203928,52550,4473,35795,173750,21591,0.6908629767561321,0.7564354502586913,0.20475619068397513,0.11108075891526771,0.17648718109446498,0.1716160220994475,24,25,0.01379098656091926,1.3562628450582532
369,36616.0,36715.5,199,153.75803437882922,154.33308698133283,116.81884340409864,117.33942653076483,0.5750526025036038,0.5205831266661818,1.1046316583217841,0.0025470831453510423,0.001880646507775196,0.002213864826563119,36.993660450568,332,283,1259,1002,49,37,-206.36294755119957,0.2637013502779984,0.282435129740519,0.8524096385542168,0.8692579505300353,55334,40551,312739,236611,8169,5665,-42904.53436809712,0.17693348127352201,0.17138256463139923,0.8523692485632703,0.860299376094301,332,283,241,124,11331,44003,204683,52722,4506,36045,174378,21682,0.6907165399902154,0.7560257130902621,0.2047746412693823,0.11111933121254716,0.17690037937333147,0.172063540552925,26,27,-0.018733779462520583,1.354365711376691
370,36715.5,36815.0,199,154.33308698133283,154.93796384065067,117.33942653076483,117.77746680149971,0.6048768593178409,0.4380402707348878,1.380870435275405,0.0025566293109453766,0.00188746209770352,0.0022220457043244483,37.160497039150954,357,253,1355,993,62,39,-696.5654839804552,0.26346863468634685,0.25478348439073517,0.8263305322128851,0.8458498023715415,55691,40804,314094,237604,8231,5704,-43607.836440965344,0.17730679350767606,0.17173111563778387,0.8522023307177102,0.8602097833545731,357,253,262,110,11408,44283,205496,52907,4530,36274,175032,21768,0.6905703388157686,0.7557196006801232,0.20484458889228063,0.11101852759533379,0.177376972712431,0.17225644535706136,23,14,0.008685150295611677,1.3545327951517723
371,36815.0,36914.5,199,154.93796384065067,155.54530757448464,117.77746680149971,118.21575768224709,0.6073437338339716,0.438290880747374,1.3857092641268933,0.002566190841438676,0.0018942477348386803,0.002230219288138678,37.32954989223755,338,249,1328,962,42,37,-67.15360273078781,0.2545180722891566,0.2588357588357588,0.8757396449704142,0.8514056224899599,56029,41053,315422,238566,8273,5741,-43674.990043696096,0.1776318709538333,0.1720823587602592,0.8523443216905531,0.8601563832119455,338,249,272,98,11482,44547,206288,53105,4557,36496,175674,21839,0.6904084052475731,0.7554764719197203,0.20492959003373254,0.1110028499744233,0.17777571337885334,0.17263979390816792,26,11,-0.004317686546602195,1.3547282091152772
372,36914.5,37014.0,199,155.54530757448464,156.17276563640485,118.21575768224709,118.6572183915405,0.6274580619202084,0.4414607092934091,1.421322551953722,0.0025762443907226514,0.0019010825286917348,0.002238663459707193,37.51554724486435,360,247,1364,971,55,33,-439.3649086684091,0.26392961876832843,0.25437693099897013,0.8472222222222222,0.8663967611336032,56389,41300,316786,239537,8328,5774,-44122.84464881861,0.17800344712203192,0.17241595244158522,0.8523116210608452,0.8601937046004843,360,247,262,108,11548,44841,207096,53301,4586,36714,176319,21918,0.6901946424400068,0.7552277936185224,0.20479171469612867,0.11104116222760291,0.1780752208977779,0.17303048596438272,22,17,0.009552687769358303,1.3551460033118823
373,37014.0,37113.5,199,156.17276563640485,156.71849652341785,118.6572183915405,119.05964720363339,0.5457308870130078,0.40242881209289294,1.3560929799604813,0.0025840419460633254,0.0019068289848461818,0.0022454354654547534,37.658849319784466,323,223,1343,962,54,32,-511.0610049557198,0.24050632911392406,0.23180873180873182,0.8328173374613004,0.8565022421524664,56712,41523,318129,240499,8382,5806,-44652.05341321264,0.17826730665861962,0.1726535245468796,0.8522005924672027,0.8601738795366424,323,223,256,107,11600,45112,207912,53505,4617,36906,176982,21994,0.6900093987030419,0.7550925367673047,0.2045422485540979,0.11119138790549815,0.17817371937639198,0.17349968058321746,25,12,0.008697597305192234,1.3551513882991308
374,37113.5,37213.0,199,156.71849652341785,157.2516609725405,119.05964720363339,119.45705845239544,0.533164449122637,0.39741124876205447,1.3415937540355414,0.002591460113786684,0.0019124098776731472,0.0022519349957299158,37.79460252014505,304,232,1285,1004,41,36,-379.7479353171995,0.23657587548638132,0.23107569721115537,0.8651315789473684,0.8448275862068966,57016,41755,319414,241503,8423,5842,-45056.841937484394,0.17850188157062621,0.17289640294323466,0.8522695383751929,0.8600886121422584,304,232,266,112,11673,45343,208700,53698,4636,37119,177661,22087,0.6899290575867056,0.7548436251309507,0.2047320050512137,0.1110286193270267,0.17856541891664499,0.17348351607229728,24,15,0.005500178275225948,1.3550756791424574
375,37213.0,37312.5,199,157.2516609725405,157.8637070137916,119.45705845239544,119.85417976123364,0.6120460412511193,0.3971213088381944,1.541206748743103,0.0026009527974698824,0.0019179532351541444,0.002259453016312013,38.00952725255797,347,229,1377,994,44,37,-55.20385653019313,0.25199709513435004,0.23038229376257546,0.8731988472622478,0.8384279475982532,57363,41984,320791,242497,8467,5879,-45112.045794014615,0.17881736083618305,0.1731320387468711,0.8523961438557955,0.8599704649390244,347,229,263,106,11737,45626,209531,53897,4658,37326,178342,22171,0.6897575056656826,0.7546485111156014,0.2046092428917595,0.11094702743902439,0.17882499923819972,0.17361809981736182,26,14,0.021614801371774572,1.3561085587474428
376,37312.5,37412.0,199,157.8637070137916,158.46973993455993,119.85417976123364,120.27793345040945,0.6060329207683139,0.42375368917581113,1.4301537337575296,0.0026102342611024083,0.0019241789740154184,0.002267206617558913,38.191806484150476,344,239,1335,992,39,37,-20.107595874473436,0.25767790262172285,0.24092741935483872,0.8866279069767442,0.8451882845188284,57707,42223,322126,243489,8506,5916,-45140.56990047413,0.17914418581548835,0.17340824431493826,0.8526002044812588,0.8598867915591029,344,239,236,110,11800,45907,210349,54070,4680,37543,179007,22259,0.6896338699763447,0.7543954757709794,0.20448125877276588,0.11084006347251497,0.17914073174434492,0.1737258250120643,29,10,0.016750483266884136,1.3565444256234205
377,37412.0,37511.5,199,158.46973993455993,158.99799739517184,120.27793345040945,120.64109435923875,0.5282574606119113,0.3631609088293004,1.4546099201998983,0.0026173931097656774,0.001928756372970799,0.0022730747413682384,38.35690303593309,300,214,1303,1009,45,34,-411.1971506547161,0.23023791250959325,0.21209117938553024,0.85,0.8411214953271028,58007,42437,323429,244498,8551,5950,-45514.42060741945,0.17935002736303796,0.1735678819458646,0.8525867567707346,0.8597921624997055,300,214,257,101,11844,46163,211139,54283,4703,37734,179724,22337,0.6894341571102158,0.7543088287020753,0.20418225386591274,0.11082310248132526,0.17910989459676077,0.17392751479289942,15,18,0.018146733124063008,1.3570366617812877
378,37511.5,37611.0,199,158.99799739517184,159.56924893002946,120.64109435923875,121.04679502070798,0.5712515348576233,0.40570066146922557,1.408061630436744,0.002625657205919354,0.0019344405983931126,0.002280048902156233,38.522453909321484,322,234,1397,973,48,32,-158.96574551948675,0.2304939155332856,0.24049331963001028,0.8509316770186335,0.8632478632478633,58329,42671,324826,245471,8599,5982,-45615.98020533312,0.17956998516128636,0.17383316155472542,0.8525776200517753,0.8598111129338426,322,234,294,106,11920,46409,211996,54501,4732,37939,180386,22414,0.6893413704567984,0.7541338895429602,0.20435803802568192,0.11089498722785968,0.17946131494557443,0.1743166580711707,17,17,-0.009999404096724673,1.3573211853082574
379,37611.0,37710.5,199,159.56924893002946,160.07472428685423,121.04679502070798,121.44196236486769,0.5054753568247747,0.39516734415971655,1.2791425311208775,0.0026321334516555763,0.0019398155073606308,0.0022859744795081034,38.63276192198654,286,223,1351,990,39,29,-14.043551734790888,0.21169504071058476,0.22525252525252526,0.8636363636363636,0.8699551569506727,58615,42894,326177,246461,8638,6011,-45635.27919958487,0.17970304466593293,0.17403970607925798,0.8526315789473684,0.8598638504219704,286,223,271,103,11976,46639,212846,54716,4758,38136,181076,22491,0.6892638046214172,0.7540097621936128,0.2043163012880662,0.11092460483983774,0.17957176273016254,0.17461191236375648,20,17,-0.013557484541940501,1.3568988605709897
380,37710.5,37810.0,199,160.07472428685423,160.58076539997919,121.44196236486769,121.84360206495063,0.5060411131249509,0.4016397000829386,1.2599379817793248,0.0026385905750273093,0.0019453333083947635,0.0022919619417110363,38.737163335028555,281,225,1388,1026,37,25,83.15271763717475,0.20244956772334294,0.21929824561403508,0.8683274021352313,0.8888888888888888,58896,43119,327565,247487,8675,6036,-45563.94770376949,0.17979942912093783,0.17422733315285246,0.8527064656343385,0.860015306477423,281,225,270,105,12031,46865,213738,54931,4783,38336,181797,22571,0.6892341977928045,0.7538981845511077,0.2042753327900027,0.11092557805143904,0.17966906603745408,0.1748555969876435,22,12,-0.016848677890692138,1.3563694013981609
381,37810.0,37909.5,199,160.58076539997919,161.06903230625727,121.84360206495063,122.26582388378685,0.4882669062780849,0.42222181883622056,1.1564227249645835,0.002644544943828345,0.001951365072323355,0.00229795500807585,38.80320842247042,275,243,1322,1035,43,30,-136.99259125391683,0.20801815431164902,0.23478260869565218,0.8436363636363636,0.8765432098765432,59171,43362,328887,248522,8718,6066,-45672.73267116999,0.17991285760762815,0.17447952293961902,0.8526643119095503,0.8601079286010793,275,243,254,105,12087,47084,214587,55129,4803,38559,182504,22656,0.6892154448184331,0.753683778498483,0.20427236315086783,0.11076518610765186,0.17982325636753155,0.17491532830765869,22,16,-0.026764454384003156,1.355228184278029
382,37909.5,38009.0,199,161.06903230625727,161.53796867092382,122.26582388378685,122.62259657461622,0.468936364666547,0.3567726908293736,1.3143841351097572,0.0026499595599128413,0.001955643318689563,0.0023028014393012023,38.91537209630759,265,203,1362,994,30,22,311.86958924208426,0.1945668135095448,0.20422535211267606,0.8867924528301887,0.8916256157635468,59436,43565,330249,249516,8748,6088,-45384.72939701992,0.17997329287900948,0.174598021770147,0.8528164748637189,0.8602547916905773,265,203,275,114,12143,47293,215465,55348,4823,38742,183201,22750,0.6892011785047041,0.7535548822520399,0.20430378894945825,0.11070813726615403,0.17992028566771867,0.17491749174917492,21,16,-0.009658538603131261,1.355032144454913
383,38009.0,38108.5,199,161.53796867092382,162.00661474985446,122.62259657461622,122.97443012359555,0.4686460789306466,0.3518335489793287,1.3320107769432215,0.0026553382838909387,0.0019597696169896726,0.002307553950440306,39.03218462625891,266,194,1372,986,34,21,129.34127960856435,0.19387755102040816,0.19675456389452334,0.8721804511278195,0.8917525773195876,59702,43759,331621,250502,8782,6109,-45258.66533783383,0.18003081831367737,0.1746852320540355,0.8529027503266222,0.8603944331451816,266,194,251,120,12195,47507,216372,55547,4844,38915,183894,22849,0.6892416342752721,0.7534390942986483,0.2042645137516331,0.11069722799881167,0.18002125712261227,0.17491784927599033,20,16,-0.0028770128741151813,1.3549236914743594
384,38108.5,38208.0,199,162.00661474985446,162.44463557517813,122.97443012359555,123.28649611950914,0.4380208253236617,0.31206599591358497,1.403616001292737,0.002659887453333896,0.0019628336067044733,0.002311360530019185,39.15813945566899,256,178,1314,961,42,22,-105.59735378318788,0.1948249619482496,0.18522372528616024,0.8359375,0.8764044943820225,59958,43937,332935,251463,8824,6131,-45369.67829562929,0.18008920660188926,0.17472550633691636,0.8528303145535208,0.8604592939891208,256,178,252,122,12244,47714,217227,55750,4863,39074,184574,22952,0.6892366377821497,0.7533394574947407,0.2042096133960439,0.1106812026310399,0.1800747124746301,0.17483372281143267,10,6,0.009601236662089369,1.3551263052805331
385,38208.0,38307.5,199,162.44463557517813,162.96810649365628,123.28649611950914,123.62207282134106,0.5234709184781536,0.33557670183192556,1.5599143671789688,0.002666643626847475,0.0019664954159576177,0.0023165695214025462,39.346033672315215,311,195,1396,974,48,24,-268.6297688880181,0.22277936962750716,0.2002053388090349,0.8456591639871383,0.8769230769230769,60269,44132,334331,252437,8872,6155,-45638.30806451731,0.18026745949373524,0.17482381742771463,0.852793309993529,0.8605320402429076,311,195,255,110,12300,47969,218113,55949,4882,39250,185262,23043,0.6891762953480234,0.7532334800366032,0.20408501883223548,0.11062267742227862,0.180222420841331,0.17482542524619515,23,9,0.022574030818472257,1.3560385674984696
386,38307.5,38407.0,199,162.96810649365628,163.4169949847071,123.62207282134106,123.92079507386116,0.4488884910508091,0.29872225252009343,1.502695186796018,0.0026714228975580094,0.0019691786757444355,0.0023203007866512224,39.49619991084593,265,173,1326,959,36,27,-217.80840630559277,0.19984917043740574,0.18039624608967675,0.8641509433962264,0.8439306358381503,60534,44305,335657,253396,8908,6182,-45833.501196747275,0.1803448162856726,0.17484490678621603,0.8528430303631017,0.8604672158898544,265,173,281,109,12347,48187,218940,56183,4904,39401,185961,23130,0.6890575796125211,0.7532281488263429,0.20396801797337033,0.11068728134522063,0.18016926893331386,0.17493044160662052,25,9,0.019452924347728995,1.3566178277591263
387,38407.0,38506.5,199,163.4169949847071,163.879580196011,123.92079507386116,124.22322613824274,0.4625852113039173,0.3024310643815795,1.5295558749886555,0.002676533168109654,0.0019719443850700043,0.002324238776589829,39.65635405776827,265,175,1328,989,29,25,117.23060874150747,0.19954819277108435,0.1769464105156724,0.8905660377358491,0.8571428571428572,60799,44480,336985,254385,8937,6207,-45724.14674443105,0.18042049349377567,0.17485307702891287,0.8530074507804405,0.8604541366906475,265,175,247,105,12400,48399,219809,56377,4920,39560,186686,23219,0.6890781488790302,0.7532126501169487,0.20395072287373148,0.11061151079136691,0.18029283045204064,0.1748462987312982,22,12,0.022601782255411956,1.357306619991028
388,38506.5,38606.0,199,163.879580196011,164.30040495174123,124.22322613824274,124.57400737705153,0.42082475573022293,0.35078123880879275,1.1996786292199915,0.002680535388114402,0.001975948238680695,0.0023282418133975485,39.7263975746897,253,198,1355,1052,26,24,260.1930929099603,0.18671586715867158,0.188212927756654,0.8972332015810277,0.8787878787878788,61052,44678,338340,255437,8963,6231,-45490.13606722051,0.18044570550333983,0.1749080986701222,0.8531907226626483,0.8605353865437128,253,198,244,108,12442,48610,220709,56579,4941,39737,187453,23306,0.6891026777797482,0.7531955041751978,0.2037934875188364,0.11059134249518779,0.18026397762999666,0.1749212305731582,27,14,-0.001497060597982408,1.3565817847051231
389,38606.0,38705.5,199,164.30040495174123,164.79836871462115,124.57400737705153,124.92810829505974,0.4979637628799196,0.3541009180082142,1.4062763962345,0.002686510003912222,0.001980017274560854,0.002333263639236538,39.870260419561404,273,206,1431,1031,27,24,471.4374426091117,0.19077568134171907,0.19980601357904948,0.9010989010989011,0.883495145631068,61325,44884,339771,256468,8990,6255,-45021.622412912766,0.18048921185151176,0.17500818815602726,0.853403995108031,0.8606407628553605,273,206,265,109,12492,48833,221652,56794,4963,39921,188191,23393,0.689122968116761,0.7531309948999485,0.2037015898899307,0.11057392389270118,0.1802961637271599,0.17502468613344618,16,15,-0.009030332237330407,1.3568113967632232
390,38705.5,38805.0,199,164.79836871462115,165.2002474165653,124.92810829505974,125.21848550084434,0.4018787019441561,0.29037720578459414,1.3839884603141863,0.0026899778806434398,0.00198242329149078,0.00233620058606711,39.981761915720966,235,168,1360,1006,39,24,-242.58684703919212,0.17279411764705882,0.16699801192842942,0.8340425531914893,0.8571428571428572,61560,45052,341131,257474,9029,6279,-45274.54484850519,0.18045853352524396,0.1749768908705345,0.8533300844704353,0.860627719080174,235,168,252,111,12538,49022,222571,57000,4987,40065,188942,23480,0.689204440522849,0.7531983811957712,0.20367121507472385,0.11069430879872148,0.18030429405504902,0.17518530227983278,11,9,0.005796105718629402,1.3569139810804884
391,38805.0,38904.5,199,165.2002474165653,165.6195483759256,125.21848550084434,125.47004801659162,0.41930095936029943,0.25156251574728117,1.6667863179645084,0.0026938758400115404,0.0019838193099010913,0.002338847574956316,40.149500359333985,240,156,1359,965,25,25,164.91819914715686,0.17660044150110377,0.1616580310880829,0.8958333333333334,0.8397435897435898,61800,45208,342490,258439,9054,6304,-45114.86780389704,0.18044322461969692,0.1749271588266477,0.853495145631068,0.8605556538665723,240,156,260,88,12585,49215,223477,57213,5007,40201,189683,23548,0.6892522409413413,0.7533305731720058,0.20364077669902914,0.11075473367545567,0.18030602596062925,0.175345823848713,19,17,0.014942410413020857,1.357923993665457
392,38904.5,39004.0,199,165.6195483759256,166.05149239174978,125.47004801659162,125.76667442246642,0.43194401582417186,0.2966264058748038,1.456188684720406,0.002698078059520899,0.0019863635716316735,0.002342220815576286,40.28481796928335,232,176,1354,1040,26,25,84.848901135925,0.17134416543574593,0.16923076923076924,0.8879310344827587,0.8579545454545454,62032,45384,343844,259479,9080,6329,-44951.91049739279,0.18040739405079048,0.1749043275178338,0.8536239360330152,0.8605455667195487,232,176,248,95,12633,49399,224399,57413,5025,40359,190470,23625,0.6893591279766406,0.753413571040431,0.20365295331441838,0.11072184029613961,0.18035291094423664,0.17539267015706805,16,12,0.002113396204976692,1.3583002115290488
393,39004.0,39103.5,199,166.05149239174978,166.4266373852962,125.76667442246642,126.08762757657958,0.37514499354642794,0.3209531541131554,1.1688465707184377,0.002700806363294835,0.0019895169972517796,0.0023451616802733074,40.339009808716625,218,176,1422,1008,35,18,47.268846533678406,0.15330520393811534,0.1746031746031746,0.8394495412844036,0.8977272727272727,62250,45560,345266,260487,9115,6347,-44882.00558061431,0.18029577195553573,0.17490316215396545,0.853574297188755,0.8606892010535557,218,176,263,106,12672,49578,225379,57637,5043,40517,191214,23713,0.689471306181321,0.7534233954093679,0.20356626506024098,0.11068920105355574,0.18023297159680837,0.1753720962581722,21,11,-0.021297970665059257,1.3575186173456149
394,39103.5,39203.0,199,166.4266373852962,166.83199495202467,126.08762757657958,126.41506001283565,0.405357566728469,0.32743243625607477,1.2379884270581287,0.002704291487738899,0.001992819690796394,0.0023485555892676464,40.41693493918902,233,185,1406,1075,31,23,-13.656465236107255,0.16571834992887624,0.17209302325581396,0.8669527896995708,0.8756756756756756,62483,45745,346672,261562,9146,6370,-44899.577768267925,0.18023665020538146,0.17489161269603382,0.8536241857785318,0.8607498087222647,233,185,287,106,12725,49758,226318,57871,5064,40681,192019,23798,0.6895365071306595,0.7534848334238153,0.2036553942672407,0.11070062301890916,0.18025100572270383,0.17545561638140114,15,13,-0.006374673326937724,1.3570176470196247
395,39203.0,39302.5,199,166.83199495202467,167.22093381666622,126.41506001283565,126.72138520048031,0.3889388646415455,0.30632518764466,1.2696927328506793,0.0027073412138787505,0.0019955686158879384,0.0023514549148833446,40.499548616185905,232,171,1407,1077,35,15,147.48822782356996,0.1648898365316276,0.15877437325905291,0.8491379310344828,0.9122807017543859,62715,45916,348079,262639,9181,6385,-44727.74569162028,0.1801746155326808,0.17482552096223333,0.8536075898907758,0.8609417196619915,232,171,267,114,12767,49948,227268,58096,5084,40832,192831,23892,0.689599200181568,0.7535628752774721,0.2035717133062266,0.11072393065598049,0.18016454285028857,0.17545554942020983,14,14,0.006115463272574673,1.356676584470189
396,39302.5,39402.0,199,167.22093381666622,167.61017201207926,126.72138520048031,127.04801805691072,0.38923819541304283,0.3266328564304075,1.1916688347486377,0.002710383134203407,0.001998819054422773,0.00235460109431309,40.56215395516854,232,182,1361,1036,29,18,222.25598644838314,0.1704628949301984,0.17567567567567569,0.875,0.9010989010989011,62947,46098,349440,263675,9210,6403,-44505.48970517193,0.1801367902930403,0.17482886128756991,0.8536864346196006,0.8611002646535642,232,182,263,98,12821,50126,228188,58305,5111,40987,193614,23963,0.6897006639194139,0.7536740305300086,0.20367928574832797,0.11087248904507788,0.180257571071057,0.17579280456765495,17,14,-0.005212780745477291,1.3559922436231338
397,39402.0,39501.5,199,167.61017201207926,168.02518247671543,127.04801805691072,127.37858445579788,0.4150104646361683,0.3305663988871572,1.2554526595361468,0.0027140621677282837,0.0020021526975242273,0.0023581074326262555,40.64659802091755,246,182,1424,1076,36,22,-23.273084603650286,0.17275280898876405,0.1691449814126394,0.8536585365853658,0.8791208791208791,63193,46280,350864,264751,9246,6425,-44528.76278977553,0.18010682201650782,0.17480576088475586,0.8536863260171221,0.861171132238548,246,182,265,104,12866,50327,229146,58525,5136,41144,194429,24042,0.6897601349810752,0.7537837439707499,0.20359849983384234,0.11097666378565255,0.18021879508621536,0.1760230310507917,17,9,0.003607827576124656,1.3555720156031916
398,39501.5,39601.0,199,168.02518247671543,168.40745605234636,127.37858445579788,127.61920231593162,0.3822735756309328,0.24061786013373876,1.5887165458892363,0.002716896045406675,0.002003198218261837,0.002360047131834256,40.788253736414745,226,144,1446,1037,28,22,-135.8746684042922,0.15629322268326418,0.13886210221793635,0.8761061946902655,0.8472222222222222,63419,46424,352310,265788,9274,6447,-44668.7524829766,0.18000908290993728,0.17466552289794873,0.8537662214793673,0.8611278648974668,226,144,262,110,12906,50513,230144,58747,5151,41273,195227,24137,0.6898753938292981,0.7539016057910816,0.2035036818619026,0.11095554023780803,0.1801180690271168,0.17587407812073205,15,12,0.017431120465327826,1.3562791842756878
399,39601.0,39700.5,199,168.40745605234636,168.84228219479814,127.61920231593162,127.8996063046402,0.43482614245178297,0.28040398870858496,1.5507131137984065,0.002721039443750117,0.0020052406551578843,0.0023631400494540005,40.94267589015794,247,162,1392,1034,32,18,76.80688842631946,0.17744252873563218,0.15667311411992263,0.8704453441295547,0.8888888888888888,63666,46586,353702,266822,9306,6465,-44591.945594550336,0.17999898219405036,0.17459579794769547,0.853830930166808,0.8612244021809128,247,162,269,91,12955,50711,231069,58967,5162,41424,196019,24217,0.6899141084868052,0.7539895510864921,0.203483806113153,0.1108058214914352,0.18012569172158727,0.17570373395963104,15,12,0.020769414615709553,1.356964031599426
400,39700.5,39800.0,199,168.84228219479814,169.2648533578858,127.8996063046402,128.21117963926082,0.4225711630876674,0.3115733346206184,1.3562494479901608,0.002724854211047467,0.0020080560292642263,0.0023664551201558466,41.05367371862499,245,183,1485,1116,38,17,-101.89994491835186,0.16498316498316498,0.1639784946236559,0.8448979591836735,0.907103825136612,63911,46769,355187,267938,9344,6482,-44700.35427917981,0.17993620262002832,0.17455157536444998,0.8537966860164917,0.8614039214009279,245,183,279,124,12991,50920,232066,59210,5179,41590,196845,24324,0.6899379763335933,0.753995327277206,0.2032670432319945,0.11073574376189356,0.17992825584133185,0.17554147035894654,20,10,0.0010046703595090745,1.3569612457705593
401,39800.0,39899.5,199,169.2648533578858,169.63209212318677,128.21117963926082,128.45998265960026,0.3672387653009537,0.24880302033943735,1.4760221351008385,0.002727263157808748,0.0020092841510559187,0.0023682736544323336,41.17210946358651,211,138,1458,943,23,20,80.0756956703681,0.144718792866941,0.14634146341463414,0.8909952606635071,0.855072463768116,64122,46907,356645,268881,9367,6502,-44623.58179186074,0.17979223036913458,0.1744526388997363,0.853919091731387,0.861385294305754,211,138,249,92,13030,51092,233103,59420,5196,41711,197575,24399,0.6901344474197031,0.7541291500701054,0.20320638782321201,0.11077237938900378,0.17984817115251897,0.17557019766852508,21,10,-0.0016226705476931336,1.3573307470600995
402,39899.5,39999.0,199,169.63209212318677,169.97679405024684,128.45998265960026,128.6893900747804,0.34470192706007197,0.22940741518013397,1.502575349577986,0.0027290966847183734,0.0020100212605374075,0.0023695589726278905,41.28740397546645,205,135,1412,1057,26,18,69.80013527487792,0.14518413597733712,0.12771996215704826,0.8731707317073171,0.8666666666666667,64327,47042,358057,269938,9393,6520,-44553.78165658584,0.1796557531342775,0.17426964710414986,0.8539804436706204,0.8614004506611114,205,135,286,97,13080,51247,234074,59656,5207,41835,198411,24485,0.6902643992436959,0.7543139535745245,0.2033360797176924,0.11068832107478424,0.17982842058952925,0.17536710224976423,24,6,0.017464173820288864,1.3577451832468233
403,39999.0,40098.5,199,169.97679405024684,170.27515364103792,128.6893900747804,128.9295412676183,0.29835959079107965,0.24015119283791364,1.242382297857054,0.0027297653997740887,0.002011022646559689,0.002370394023166889,41.34561237341961,178,154,1363,1023,27,26,-235.33711202432292,0.1305942773294204,0.15053763440860216,0.848314606741573,0.8311688311688312,64505,47196,359420,270961,9420,6546,-44793.29239858406,0.17946970118524289,0.17418004805119555,0.8539648089295404,0.861301805237732,178,154,248,114,13101,51404,235032,59883,5225,41971,199184,24581,0.6903705970730621,0.7543853174442079,0.2031005348422603,0.1107085346215781,0.1795050970075633,0.1753002751123935,13,10,-0.019943357079181767,1.3574016207345911
404,40098.5,40198.0,199,170.27515364103792,170.55936697811646,128.9295412676183,129.1541363492831,0.28421333707854046,0.2245950816648019,1.2654477336361094,0.0027300788899925327,0.0020116320880327002,0.0023708554890126167,41.40523062883335,169,144,1348,1048,23,28,-400.33503562669483,0.12537091988130564,0.13740458015267176,0.863905325443787,0.8055555555555556,64674,47340,360768,272009,9443,6574,-45193.627434210764,0.17926756253326237,0.1740383590248852,0.8539907845502056,0.8611322348964935,169,144,249,110,13126,51548,235987,60107,5234,42106,199987,24682,0.6905074729466028,0.7544640067056605,0.2029563657729536,0.11056189269117025,0.17923613671432279,0.17495654499264607,6,2,-0.012033660271366126,1.3571462228276772
405,40198.0,40297.5,199,170.55936697811646,170.88222158186596,129.1541363492831,129.44664571143934,0.32285460374950503,0.29250936215623824,1.1037410952236753,0.002731349731960279,0.0020139238423449277,0.0023726367871526035,41.43557587042662,201,170,1409,1089,30,16,75.27700544023239,0.1426543647977289,0.1561065197428834,0.8507462686567164,0.9058823529411765,64875,47510,362177,273098,9473,6590,-45121.97327236587,0.17912512390350574,0.17396685438926685,0.853980732177264,0.8612923595032624,201,170,269,131,13161,51714,236961,60341,5256,42254,200797,24791,0.6906070788592318,0.7545020468842687,0.20286705202312139,0.11062934119132814,0.17905635220810318,0.17492594934602457,10,7,-0.013452154945154504,1.3562328795809928
406,40297.5,40397.0,199,170.88222158186596,171.22432832262353,129.44664571143934,129.67706442661907,0.34210674075757197,0.23041871517972368,1.4847176822886676,0.0027330908870566357,0.0020146672958901513,0.0023738790914733937,41.547263896004466,204,133,1385,1013,30,17,-150.4899046065769,0.1472924187725632,0.13129318854886476,0.8529411764705882,0.8721804511278195,65079,47643,363562,274111,9503,6607,-45272.46317697244,0.179003856288611,0.17380915030772207,0.8539774735321686,0.8613227546544089,204,133,256,112,13199,51880,237924,60559,5270,42373,201579,24889,0.6907295041836056,0.7546176548916315,0.20281504018193272,0.11061436097642885,0.17895007999132298,0.17474054179515236,12,10,0.015999230223698424,1.3565966413571324
407,40397.0,40496.5,199,171.22432832262353,171.53953416441686,129.67706442661907,129.9273480792268,0.315205841793329,0.25028365260772034,1.2593944450993122,0.002734159208974115,0.002015897630775059,0.002375028419874587,41.612186085190075,193,146,1419,1020,31,21,-380.28536557190887,0.13601127554615927,0.14313725490196078,0.8393782383419689,0.8561643835616438,65272,47789,364981,275131,9534,6628,-45655.30400196191,0.17883670656828712,0.17369543962694134,0.8539343056747151,0.8613069953336542,193,146,270,117,13224,52048,238905,60804,5291,42498,202357,24985,0.690800343031555,0.7547241132406017,0.20259835764186787,0.11071585511310134,0.1786351110390663,0.1747588849253534,16,12,-0.007125979355801504,1.3562986370110983
408,40496.5,40596.0,199,171.53953416441686,171.8183713664067,129.9273480792268,130.20458328709046,0.2788372019898304,0.2772352078636686,1.0057784656519875,0.0027343264264511296,0.0020177858314254075,0.0023760561289382686,41.61378807931624,167,156,1487,1086,17,15,407.4722360008829,0.11230665770006724,0.143646408839779,0.8982035928143712,0.9038461538461539,65439,47945,366468,276217,9551,6643,-45255.1537753753,0.17856675071220407,0.1735772961113907,0.8540472806736044,0.861445406194598,167,156,288,109,13254,52185,239967,61062,5310,42635,203197,25075,0.6909771112348145,0.7548666447032587,0.2025397698620089,0.11075190322244238,0.17834652026481512,0.17475728155339806,12,7,-0.031339751139711755,1.3551123136391254
409,40596.0,40695.5,199,171.8183713664067,172.11407675431948,130.20458328709046,130.47348040680166,0.2957053879127898,0.26889711971119823,1.0996971192193663,0.0027349073238103197,0.0020194599091363182,0.002377183616473319,41.64059634751783,177,148,1445,1089,19,15,324.0577250840775,0.12249134948096886,0.13590449954086317,0.8926553672316384,0.8986486486486487,65616,48093,367913,277306,9570,6658,-44931.09605029125,0.17834651126760948,0.17342935241213678,0.854151426481346,0.8615598943713223,177,148,268,109,13295,52321,241008,61289,5328,42765,204047,25166,0.6912041705511901,0.7550323469380396,0.20261826383808826,0.11078535337783045,0.17825538989595624,0.17472289630747032,12,6,-0.01341315005989431,1.3542766119977017
410,40695.5,40795.0,199,172.11407675431948,172.40550934760157,130.47348040680166,130.66665774899852,0.2914325932820816,0.19317734219686145,1.5086272021751446,0.002735380649329696,0.0020192697162508613,0.0023773251827902786,41.73885159860305,177,124,1433,1111,26,18,-137.8258376833902,0.12351709699930216,0.1116111611161116,0.8531073446327684,0.8548387096774194,65793,48217,369346,278417,9596,6676,-45079.796078365456,0.17813378241540453,0.1731826720351128,0.8541486176340948,0.8615426094530975,177,124,259,121,13333,52460,242043,61510,5346,42871,204931,25269,0.6914275503186714,0.7552591975346333,0.20265073792044747,0.11087375821805587,0.17814625282257526,0.1746202841744243,12,7,0.011905935883190555,1.3546385741912792
411,40795.0,40894.5,199,172.40550934760157,172.7324627223827,130.66665774899852,130.89535302138663,0.32695337478114084,0.2286952723881086,1.4296464083712355,0.0027367202671309365,0.0020199489747237892,0.0023783346209273627,41.83710970099608,190,127,1395,1041,22,10,356.2750204012691,0.13620071684587814,0.12199807877041306,0.8842105263157894,0.9212598425196851,65983,48344,370741,279458,9618,6686,-44733.55330882489,0.177975999417383,0.17299200595438313,0.8542351817892487,0.8616994870097634,190,127,276,98,13366,52617,243005,61753,5358,42986,205759,25355,0.6915097062369686,0.7554516242154456,0.20256732794810783,0.11083071322190964,0.1779310161210879,0.1744538143457168,16,8,0.014202638075465082,1.3548462368982164
412,40894.5,40994.0,199,172.7324627223827,172.9880803321237,130.89535302138663,131.12001544276816,0.25561760974099457,0.22466242138153802,1.1377853410868666,0.0027363132305685484,0.002020526559209239,0.0023784198948888936,41.86806488935554,156,131,1456,1029,27,18,-69.75651252361006,0.10714285714285714,0.12730806608357628,0.8269230769230769,0.8625954198473282,66139,48475,372197,280487,9645,6704,-44795.3341232532,0.17769890676174177,0.17282440897439097,0.854170761577889,0.8617019082001032,156,131,250,103,13391,52748,244080,61978,5370,43105,206566,25446,0.6917600088125374,0.7556000812871898,0.20246753050393868,0.11077875193398659,0.17767251787870345,0.1742601246105919,13,14,-0.020165208940719145,1.3542574919873573
413,40994.0,41093.5,199,172.9880803321237,173.2976642518478,131.12001544276816,131.34507314914984,0.3095839197241048,0.22505770638167633,1.3755757343366866,0.0027372214217248757,0.002021110965836573,0.0023791661937807244,41.952591102697966,190,131,1456,1115,28,18,-105.44441823535081,0.1304945054945055,0.11748878923766816,0.8526315789473684,0.8625954198473282,66329,48606,373653,281602,9673,6722,-44907.228622426854,0.17751496709513906,0.1726053082009361,0.8541663525757964,0.8617043163395466,190,131,271,127,13424,52905,245108,62216,5389,43217,207442,25554,0.6919039857836013,0.7557865356069914,0.20238508043239006,0.11087108587417191,0.17747223691168693,0.1741589374010277,17,9,0.013005716256837344,1.3543152592771628
414,41093.5,41193.0,199,173.2976642518478,173.54449320267807,131.34507314914984,131.58384518534112,0.24682895083026324,0.2387720361912784,1.033743124896462,0.0027366017877911647,0.0020220254778917897,0.0023793136328414772,41.96064801733695,152,127,1436,1100,26,10,131.165976772885,0.10584958217270195,0.11545454545454545,0.8289473684210527,0.9212598425196851,66481,48733,375089,282702,9699,6732,-44779.622782174294,0.1772406015638955,0.1723829332654173,0.8541086927091951,0.8618595202429565,152,127,255,105,13452,53029,246165,62443,5400,43333,208321,25648,0.6921477302720155,0.7559939441532073,0.20234352672192055,0.1108078714628691,0.17724487779168588,0.17392424632826592,7,8,-0.009604963281843501,1.3533962938213857
415,41193.0,41292.5,199,173.54449320267807,173.84432376377282,131.58384518534112,131.76481036079568,0.29983056109475115,0.1809651754545598,1.6568412145685916,0.0027372687051056776,0.0020215356465762804,0.002379402175840979,42.07951340297714,176,104,1426,1066,24,7,182.3517026709754,0.12342215988779803,0.0975609756097561,0.8636363636363636,0.9326923076923077,66657,48837,376515,283768,9723,6739,-44601.633362958135,0.1770367714433688,0.1721018578557131,0.8541338494081642,0.8620103609967852,176,104,272,117,13485,53172,247176,62682,5410,43427,209176,25755,0.6922991115891797,0.7562022497251276,0.20230433412844862,0.11077666523332719,0.17704517704517705,0.17359217070431573,16,4,0.025861184278041932,1.3540541368842935
416,41292.5,41392.0,199,173.84432376377282,174.1099945358833,131.76481036079568,131.94578922382652,0.2656707721104681,0.18097886303084465,1.467965748382391,0.00273710714093754,0.002021048500900703,0.0023790778209191216,42.164205312056765,153,107,1406,1051,17,11,209.27598700417934,0.10881934566145092,0.10180780209324453,0.8888888888888888,0.897196261682243,66810,48944,377921,284819,9740,6750,-44400.83564672607,0.1767829784531688,0.17184246837465197,0.8542134411016316,0.8620872834259562,153,107,239,100,13514,53296,248219,62892,5416,43528,210026,25849,0.6925600853088344,0.7564172334008616,0.20227510851668912,0.11065707747629945,0.17687092636703924,0.17322885015192707,11,2,0.007011543568206394,1.3543005720633212
417,41392.0,41491.5,199,174.1099945358833,174.39640370461453,131.94578922382652,132.19585600087436,0.28640916873123956,0.2500667770478344,1.1453307477004566,0.002737446174431339,0.002022228801714321,0.0023798374880728296,42.20054770374017,162,141,1449,1092,22,10,300.19446783727045,0.11180124223602485,0.12912087912087913,0.8641975308641976,0.9290780141843972,66972,49085,379370,285911,9762,6760,-44109.930433611524,0.17653478134802436,0.1716792988027743,0.8542375918294213,0.8622797188550474,162,141,259,118,13549,53423,249282,63116,5428,43657,210871,25955,0.6928091309275904,0.7565256321022976,0.20230842740249658,0.11058368136905368,0.17672992891149808,0.17295988273906254,16,16,-0.017319636884854286,1.3536777698501283
418,41491.5,41591.0,199,174.39640370461453,174.6638017970351,132.19585600087436,132.41354785717954,0.26739809242056367,0.21769185630517995,1.2283330068429434,0.0027373264898376683,0.0020226250434621654,0.0023799757666499166,42.250253939855554,151,114,1449,1094,17,10,261.9229170986402,0.10420979986197378,0.10420475319926874,0.8874172185430463,0.9122807017543859,67123,49199,380819,287005,9779,6770,-43848.00751651292,0.17625958788820936,0.17142210066026725,0.8543122327667119,0.8623955771458769,151,114,260,106,13572,53551,250343,63353,5444,43755,211761,26045,0.6930195184589004,0.7567986620442153,0.20219596859496744,0.1106526555417793,0.17643158921026975,0.1728857696338404,11,10,5.046662705038285e-06,1.3533534051136513
419,41591.0,41690.5,199,174.6638017970351,174.92714751242676,132.41354785717954,132.54422584520432,0.2633457153916652,0.13067798802478592,2.01522627775472,0.0027371101750813765,0.002020932254846061,0.002379021214963719,42.38292166722243,161,84,1403,1050,23,14,-271.1980912178409,0.11475409836065574,0.08,0.8571428571428572,0.8333333333333334,67284,49283,382222,288055,9802,6784,-44124.55769517011,0.17603382327547865,0.1710888545590252,0.8543190060043993,0.8623460422458048,161,84,247,94,13594,53690,251360,63578,5448,43835,212637,26135,0.6931940076709346,0.7570949992188992,0.20203911776945485,0.11054521843231946,0.17615197221790288,0.1724978627742773,8,2,0.03475409836065574,1.3543799741520126
420,41690.5,41790.0,199,174.92714751242676,175.1993655032302,132.54422584520432,132.75912910659738,0.27221799080345477,0.21490326139306148,1.266700137721799,0.0027371071965789323,0.0020212629679840334,0.0023791850822814826,42.44023639663283,160,129,1438,1030,20,25,-200.12490020838493,0.11126564673157163,0.12524271844660195,0.875,0.8062015503875969,67444,49412,383660,289085,9822,6809,-44324.682595378545,0.1757910650054736,0.17092550633896605,0.8543680683233498,0.8621994657168299,160,129,264,100,13626,53818,252406,63810,5460,43952,213450,26223,0.6934056195589845,0.7572513274642406,0.20203428029179765,0.11049947381202947,0.17596466759646676,0.1723321655146293,13,8,-0.01397707171503032,1.354156900875133
421,41790.0,41889.5,199,175.1993655032302,175.48838566991205,132.75912910659738,132.95414893612454,0.28902016668183705,0.1950198295271548,1.4820039961197562,0.0027375053393264522,0.00202111744617577,0.0023793113927511114,42.53423673378751,171,119,1474,1093,22,17,-21.98992543855697,0.11601085481682497,0.10887465690759378,0.8713450292397661,0.8571428571428572,67615,49531,385134,290178,9844,6826,-44350.08494099229,0.17556227183266085,0.1706917822853559,0.8544110034755601,0.8621873170337768,171,119,289,128,13657,53958,253451,64068,5479,44052,214315,26332,0.6935456230818364,0.7574454300463853,0.2019818087702433,0.11061759302255153,0.17570923126407204,0.1722360189871428,9,10,0.007136197909231187,1.354451392474092
422,41889.5,41989.0,199,175.48838566991205,175.75830561906184,132.95414893612454,133.18092547892627,0.269919949149795,0.22677654280172987,1.1902463359527677,0.0027374467089205557,0.002021728924346416,0.0023795878166334855,42.577380140135574,157,124,1469,1051,22,12,90.6464691524232,0.10687542545949626,0.11798287345385347,0.8598726114649682,0.9032258064516129,67772,49655,386603,291229,9866,6838,-44259.438471839865,0.175301278055266,0.17050156406127137,0.8544236557870507,0.8622897996173597,157,124,287,111,13684,54088,254503,64328,5488,44167,215140,26434,0.6937012904711034,0.7575756535235159,0.2019122941627811,0.11052260598127077,0.1754089114495206,0.17191905269093416,14,6,-0.011107447994357214,1.3540127343261497
423,41989.0,42088.5,199,175.75830561906184,176.02788395296227,133.18092547892627,133.38452827112246,0.2695783339004265,0.20360279219619315,1.324040456383618,0.002737380239133389,0.002021786915584491,0.00237958357735894,42.64335568183981,167,119,1443,1036,20,13,169.15873207071579,0.11573111573111573,0.11486486486486487,0.8802395209580838,0.8907563025210083,67939,49774,388046,292265,9886,6851,-44099.09647286629,0.17507975858532235,0.17030434708227124,0.8544871134399976,0.8623578575159722,167,119,235,99,13711,54228,255571,64536,5507,44267,215977,26514,0.6939435015436314,0.7578191025268164,0.20181339142466034,0.11064009322136055,0.17522716525873197,0.1719808875425502,12,9,0.0008662508662508617,1.3539410202098487
424,42088.5,42188.0,199,176.02788395296227,176.3111373299607,133.38452827112246,133.63579097611165,0.2832533769984309,0.25126270498918757,1.1273196195616058,0.0027376382282109624,0.0020229743363413062,0.0023803062822761343,42.67534635384905,166,145,1417,1118,19,16,152.68689453211894,0.11714890613973183,0.129695885509839,0.8855421686746988,0.8896551724137931,68105,49919,389463,293383,9905,6867,-43959.52790033037,0.1748689862708396,0.17014959967005586,0.8545628074297041,0.8624371481800517,166,145,273,111,13744,54361,256582,64776,5514,44405,216846,26618,0.6940993111027235,0.7579171253958137,0.2018060347992071,0.1104589434884513,0.1750382068262863,0.17160463089754763,11,13,-0.012546979370107153,1.3532738300388807
425,42188.0,42287.5,199,176.3111373299607,176.61873642608066,133.63579097611165,133.8559020947843,0.30759909611995795,0.2201111186726621,1.3974718677315137,0.002738470722267432,0.0020234195074251182,0.002380945114846275,42.76283433129635,180,121,1509,1081,23,6,336.25809402409095,0.11928429423459244,0.11193339500462535,0.8722222222222222,0.9504132231404958,68285,50040,390972,294464,9928,6873,-43636.135126689616,0.17465445095812487,0.16993588350358618,0.8546093578384711,0.8626498800959232,180,121,281,124,13783,54502,257669,65018,5520,44520,217688,26736,0.6943003591049999,0.7580145620517279,0.20184520758585342,0.11031175059952038,0.17490894785599168,0.17113095238095238,8,9,0.007350899229967095,1.3533875265205113
426,42287.5,42387.0,199,176.61873642608066,176.90222853467657,133.8559020947843,134.1056187657605,0.2834921085959081,0.24971667097619843,1.1352550371894432,0.0027387305724981704,0.002024561046811897,0.002381645809655034,42.796609768916056,160,139,1420,1047,17,14,423.6496400002036,0.11267605633802817,0.13276026743075453,0.89375,0.8992805755395683,68445,50179,392392,295511,9945,6887,-43199.59096148012,0.17443016167505965,0.16980416972633844,0.8547008547008547,0.8627513501664043,160,139,260,111,13811,54634,258697,65250,5531,44648,218496,26836,0.6944789903973577,0.7581003752821384,0.20178245306450435,0.11022539309272804,0.17468789921706024,0.17088392498532456,9,5,-0.02008421109272636,1.3527527741437508
427,42387.0,42486.5,199,176.90222853467657,177.1746505908159,134.1056187657605,134.3202176022331,0.2724220561393338,0.21459883647258948,1.2694479644773378,0.002738728651044903,0.0020248706748658626,0.002381799662955383,42.8544329885828,160,129,1466,1103,14,17,196.764237712952,0.10914051841746249,0.11695376246600181,0.9125,0.8682170542635659,68605,50308,393858,296614,9959,6904,-43010.684451252084,0.1741871435898217,0.1696076382099294,0.8548356533780337,0.8627653653494474,160,129,264,106,13836,54769,259764,65489,5538,44770,219371,26935,0.6946666057309995,0.758254836251829,0.2016762626630712,0.11008189552357478,0.1744216829498897,0.1705416807809565,13,8,-0.007813244048539322,1.352544972397474
428,42486.5,42586.0,199,177.1746505908159,177.47032012186378,134.3202176022331,134.5157284892723,0.29566953104787785,0.19551088703920527,1.5122919011082387,0.0027392726333458684,0.0020247306348266493,0.002382001634086259,42.95459163259147,189,126,1489,1108,30,22,-475.4238846129974,0.12693082605775688,0.11371841155234658,0.8412698412698413,0.8253968253968254,68794,50434,395347,297722,9989,6926,-43472.77178791695,0.17400916157198612,0.16939964127608978,0.8547983835799634,0.8626720069794187,189,126,278,101,13875,54919,260825,65728,5546,44888,220260,27028,0.6948326406928597,0.7584457984294073,0.20168910079367386,0.10996549946464687,0.17430247603733529,0.17025848836495364,11,7,0.013212414505410303,1.3529071898397962
429,42586.0,42685.5,199,177.47032012186378,177.7285486141704,134.5157284892723,134.73865611812533,0.25822849230661404,0.22292762885302864,1.1583512265178153,0.002738936942427142,0.0020252335440273796,0.0023820852432272607,42.98989249604506,156,126,1522,1096,21,18,-140.11206133993073,0.10249671484888305,0.11496350364963503,0.8653846153846154,0.8571428571428572,68950,50560,396869,298818,10010,6944,-43625.34087575648,0.1737349100080883,0.16919998125949576,0.8548223350253807,0.8626582278481012,156,126,255,119,13897,55053,261958,65961,5561,44999,221126,27132,0.6950782248046584,0.7586122656600338,0.20155184916606236,0.10998813291139241,0.17402138796363545,0.17009757440430673,13,9,-0.012466788800751985,1.3524054796073008
430,42685.5,42785.0,199,177.7285486141704,178.04776195855536,134.73865611812533,134.96089396424253,0.31921334438496274,0.22223784611719566,1.4363590628781908,0.002740028192131792,0.002025717992046229,0.0023828730920890107,43.086867994312826,175,127,1455,1100,16,11,504.43787217481224,0.12027491408934708,0.11545454545454545,0.9085714285714286,0.9133858267716536,69125,50687,398324,299918,10026,6955,-43123.621224069386,0.17353963105411674,0.16900286078194707,0.8549584086799277,0.8627853295716851,175,127,263,120,13928,55197,263006,66193,5574,45113,221992,27239,0.695248089494984,0.7587607279323015,0.2014900542495479,0.10996902558841518,0.17383707142946295,0.16987169719318562,20,8,0.004820368634801633,1.352620751205364
431,42785.0,42884.5,199,178.04776195855536,178.3457200529804,134.96089396424253,135.1566772081771,0.2979580944250415,0.1957832439345566,1.5218774009314011,0.0027406187385834923,0.002025583311770744,0.002383101025177118,43.18904284480331,174,109,1481,1135,23,17,62.86328397729878,0.1174881836596894,0.0960352422907489,0.867816091954023,0.8440366972477065,69299,50796,399805,301053,10049,6972,-43048.14310581617,0.17333199934968296,0.16872776554294427,0.8549906925063854,0.8627450980392157,174,109,275,130,13957,55342,264067,66439,5585,45211,222899,27358,0.6953990070159203,0.7589494208660933,0.20140261764239023,0.1099496023308922,0.17360316433653417,0.16953525786965365,9,12,0.021452941368940492,1.3530022303489813
432,42884.5,42984.0,199,178.3457200529804,178.61092512473556,135.1566772081771,135.38682723514538,0.2652050717551617,0.230150026968289,1.1523138852019459,0.0027404445692941312,0.002026248780025143,0.002383346674659637,43.22409788959018,163,140,1458,1106,23,21,-113.81947480933553,0.11179698216735254,0.12658227848101267,0.8588957055214724,0.85,69462,50936,401263,302159,10072,6993,-43148.3227280446,0.17310841019480988,0.1685734993827753,0.8549998560363941,0.8627100675357311,163,140,278,111,13992,55470,265119,66682,5598,45338,223767,27456,0.6955812023535686,0.7590871031476806,0.20143387751576403,0.10990262289932465,0.17343877829288246,0.16935923035033582,13,10,-0.014785296313660129,1.352471915743794
433,42984.0,43083.5,199,178.61092512473556,178.8965246849166,135.38682723514538,135.58523063029955,0.2855995601810548,0.19840339515417327,1.4394892786946718,0.0027407445756895328,0.0020261743116449437,0.0023834594436672385,43.311294054617065,172,117,1434,1114,17,17,3.553185119571958,0.1199442119944212,0.10502692998204669,0.9011627906976745,0.8547008547008547,69634,51053,402697,303273,10089,7010,-43149.723384428464,0.17291909301534406,0.16834007643278498,0.855113881150013,0.8626917125340332,172,117,290,133,14033,55601,266132,66931,5610,45443,224643,27577,0.695721597131342,0.7592268352276662,0.20152511704052617,0.10988580494779934,0.17332394644533372,0.16904209479615512,21,11,0.014917282012374508,1.3526696888504461
434,43083.5,43183.0,199,178.8965246849166,179.17892879457216,135.58523063029955,135.75821178975661,0.28240410965554474,0.17298115945706627,1.632571492421041,0.002740969201685282,0.0020255114770907994,0.0023832403393880407,43.42071700481554,168,104,1463,1077,25,12,60.192509954786196,0.11483253588516747,0.09656453110492108,0.8511904761904762,0.8846153846153846,69802,51157,404160,304350,10114,7022,-43095.606171273146,0.17270882818685668,0.16808608509939216,0.8551044382682444,0.8627362824246926,168,104,265,128,14062,55740,267191,67167,5622,45535,225500,27693,0.695895190023753,0.7593954328897651,0.20145554568637003,0.10989698379498407,0.17311551293257335,0.16875281404772624,16,8,0.018268004780246386,1.3532232390122418
435,43183.0,43282.5,199,179.17892879457216,179.44353670014038,135.75821178975661,135.97021809243734,0.26460790556822644,0.21200630268072018,1.2481133920189338,0.002740781630958095,0.0020257533279707204,0.002383267479464408,43.47331860770305,155,121,1478,1102,17,15,160.07842197652198,0.10487144790257104,0.10980036297640654,0.8903225806451613,0.8760330578512396,69957,51278,405638,305452,10131,7037,-42944.768994154365,0.1724616530009516,0.1678758037269358,0.8551824692310991,0.862767658645033,155,121,299,116,14090,55867,268243,67438,5634,45644,226377,27797,0.6960220689383144,0.7595661511464976,0.20140943722572438,0.10987167986270915,0.17282406044549112,0.16852621818073046,10,9,-0.004928915073835499,1.3529690871610947
436,43282.5,43382.0,199,179.44353670014038,179.69784047996518,135.97021809243734,136.1389268240509,0.25430377982479513,0.16870873161357736,1.507353990469627,0.00274035739988402,0.0020249960156172213,0.0023826767077506205,43.55891365591427,159,111,1459,1103,35,23,-859.1615978910309,0.10897875257025359,0.10063463281958296,0.779874213836478,0.7927927927927928,70116,51389,407097,306555,10166,7060,-43729.17106755111,0.1722341358447741,0.1676338666797149,0.855011694905585,0.8626165132615929,159,111,275,124,14117,55999,269295,67686,5647,45742,227258,27908,0.6961780607570186,0.7597494739932475,0.20133778310228764,0.1098873299733406,0.1725731330146816,0.16829086574281032,8,6,0.008344119750670634,1.3532655762034949
437,43382.0,43481.5,199,179.69784047996518,179.9731504214781,136.1389268240509,136.3452024264783,0.27530994151291566,0.2062756024273824,1.334670403446458,0.0027404182160983745,0.0020251061428868296,0.0023827621794926023,43.6279479949998,169,118,1427,1119,23,16,92.6440202839216,0.11843027330063069,0.10545129579982127,0.863905325443787,0.864406779661017,70285,51507,408524,307674,10189,7076,-43626.67368564797,0.17204619557235315,0.16740771075879016,0.8550330796044675,0.8626206146737336,169,118,290,113,14158,56127,270304,67935,5662,45845,228161,28006,0.6963164954812936,0.7599699682131087,0.20143700647364302,0.10992680606519502,0.1724629383747701,0.16817155756207675,11,14,0.012978977500809424,1.3532220154109322
438,43481.5,43581.0,199,179.9731504214781,180.26535975399688,136.3452024264783,136.53843234438048,0.29220933251878023,0.1932299179021868,1.5122364884856854,0.0027408665243064696,0.002024916423896557,0.002382891474101513,43.726927409616394,176,124,1490,1056,23,22,-197.11249570668443,0.11812080536912752,0.11742424242424243,0.8693181818181819,0.8225806451612903,70461,51631,410014,308730,10212,7098,-43831.59941302115,0.17185022950435838,0.16723674408058822,0.8550687614425001,0.86252445236389,176,124,273,111,14190,56271,271377,68176,5679,45952,228999,28100,0.6964810957674616,0.760139928092508,0.20138800187337677,0.10999205903430109,0.17227982419930554,0.1681222061043844,15,11,0.0006965629448850846,1.3535701977428807
439,43581.0,43680.5,199,180.26535975399688,180.4888380324549,136.53843234438048,136.74144954378397,0.2234782784580318,0.20301719940349017,1.1007849537608678,0.0027397392949773535,0.002024951634464792,0.0023823454647210725,43.747388488670936,132,119,1411,1065,13,15,159.70061574669353,0.09355067328136074,0.11173708920187793,0.9015151515151515,0.8739495798319328,70593,51750,411425,309795,10225,7113,-43675.68839118897,0.17158169775779303,0.16704594974095774,0.855155610329636,0.8625507246376811,132,119,256,105,14218,56375,272428,68404,5692,46058,229853,28192,0.6967150756516983,0.7603253764586259,0.2014080716218322,0.1099903381642512,0.17208491685023358,0.1679848896234211,9,6,-0.018186415920517188,1.3529899916357677
440,43680.5,43780.0,199,180.4888380324549,180.7415196140819,136.74144954378397,136.9495373628278,0.2526815816270016,0.20808781904383977,1.2143026092928912,0.0027392842360869185,0.0020251025054427406,0.0023821933707648298,43.7919822512541,159,120,1451,1146,28,18,-342.22160323166844,0.10957960027567196,0.10471204188481675,0.8238993710691824,0.85,70752,51870,412876,310941,10253,7131,-44032.25393170408,0.17136379930051637,0.16681621272202765,0.855085368611488,0.8625216888374783,159,120,282,142,14257,56495,273477,68647,5703,46167,230748,28323,0.6969017332080334,0.7604368674443062,0.20150667118950702,0.10994794679005206,0.17196998938531313,0.16760712396402752,10,9,0.004867558390855203,1.3526644842543605
441,43780.0,43879.5,199,180.7415196140819,181.0407680446804,136.9495373628278,137.14380471942644,0.2992484305984817,0.1942673565986297,1.5403948241121665,0.0027398924847932124,0.0020249377282075187,0.0023824151065003655,43.89696332525395,173,114,1457,1095,20,20,-143.60901169264025,0.11873713109128346,0.10410958904109589,0.8843930635838151,0.8245614035087719,70925,51984,414333,312036,10273,7151,-44158.294046866686,0.1711787378750908,0.16659616198130986,0.8551568558336271,0.8624384425977224,173,114,251,106,14287,56638,274540,68868,5716,46268,231636,28416,0.6970890563870124,0.7606558217641555,0.20143813887909764,0.10995690981840567,0.17181167698875593,0.16746747919840618,16,10,0.01462754205018757,1.3530749349109978
442,43879.5,43979.0,199,181.0407680446804,181.31514962276188,137.14380471942644,137.361473084105,0.27438157808148844,0.2176683646785591,1.2605487181689463,0.0027399325556416755,0.0020253057916178262,0.002382619173629751,43.95367653865688,162,123,1516,1120,21,14,150.3843452451406,0.10686015831134564,0.10982142857142857,0.8703703703703703,0.8861788617886179,71087,52107,415849,313156,10294,7165,-44012.29092036286,0.17094426101782137,0.1663931075885501,0.8551915258767426,0.8624944825071488,162,123,291,125,14317,56770,275633,69129,5730,46377,232522,28527,0.6972482800247205,0.7608093090983408,0.20140110006048925,0.10996603143531579,0.17157203460920836,0.16726508450827568,11,6,-0.0029612702600829294,1.3528488226229785
443,43979.0,44078.5,199,181.31514962276188,181.60995576795065,137.361473084105,137.59950290735773,0.29480614518877246,0.23802982325273092,1.2385260853458628,0.0027404358135996922,0.0020261341296281205,0.0023832849716139064,44.01045286059292,173,141,1480,1117,25,20,-240.71114700279963,0.11689189189189189,0.12623097582811102,0.8554913294797688,0.8581560283687943,71260,52248,417329,314273,10319,7185,-44265.78114213811,0.17075257171200658,0.16625036194646056,0.8551922537187763,0.8624827744602664,173,141,282,115,14353,56907,276694,69375,5741,46507,233394,28631,0.6974042062737074,0.7609148733744229,0.20141734493404434,0.10987980401163681,0.17142413529524173,0.1670254858605842,9,6,-0.009339083936219128,1.3525441250538903
444,44078.5,44178.0,199,181.60995576795065,181.93996184138186,137.59950290735773,137.87064036009468,0.3300060734312069,0.27113745273695145,1.2171172595302349,0.0027417335796818603,0.0020277081507888554,0.002384720865235358,44.069321481287176,200,157,1482,1099,26,15,221.38850349006734,0.1349527665317139,0.14285714285714285,0.87,0.9044585987261147,71460,52405,418811,315372,10345,7200,-44024.94632110722,0.17062589091499508,0.16616884187562625,0.8552336971732437,0.8626085297204465,200,157,267,137,14389,57071,277745,69606,5764,46641,234222,28745,0.6975318222300751,0.7609616579785142,0.20135740274279318,0.10998950481824253,0.17130781594142508,0.1670288910139384,16,14,-0.007904376325428952,1.3521342204080118
445,44178.0,44277.5,199,181.93996184138186,182.27942213057233,137.87064036009468,138.11035291958842,0.33946028919046967,0.23971255949373926,1.4161139070367967,0.002743239035003686,0.0020285653716908994,0.0023859022033472926,44.169069210983906,195,142,1476,1141,25,19,106.00831432984826,0.13211382113821138,0.12445223488168274,0.8717948717948718,0.8661971830985915,71655,52547,420287,316513,10370,7219,-43918.93800677733,0.17049064091918142,0.16601845737773804,0.8552787663107948,0.862618227491579,195,142,300,126,14433,57222,278770,69862,5781,46766,235112,28854,0.6976256700778277,0.7610840628978904,0.201423487544484,0.11001579538318078,0.17122011981730825,0.16691208315288003,11,7,0.0076615862565286436,1.3523049704417829
446,44277.5,44377.0,199,182.27942213057233,182.62653890327712,138.11035291958842,138.37646656340928,0.34711677270479413,0.26611364382085867,1.3043929943647115,0.0027449102721022263,0.002030013675752409,0.0023874619739273177,44.25007233986784,207,150,1489,1108,29,14,222.3314102942151,0.13901947615849564,0.13537906137184116,0.8599033816425121,0.9066666666666666,71862,52697,421776,317621,10399,7233,-43692.211450163966,0.17037953795379537,0.16591157385689234,0.8552920876123682,0.8627436096931514,207,150,271,118,14468,57394,279816,70098,5799,46898,235970,28954,0.697725807063465,0.7611870751619068,0.20133032757229133,0.1100442150407044,0.17108530615140838,0.16686329237763647,15,13,0.0036404147866544723,1.3521634385467114
447,44377.0,44476.5,199,182.62653890327712,182.97744310393634,138.37646656340928,138.61837927456665,0.35090420065921535,0.24191271115736868,1.450540564736781,0.002746659187340274,0.002030911371174036,0.002388785279257155,44.35906382936969,204,150,1545,1108,26,23,29.6544836286078,0.13203883495145632,0.13537906137184116,0.8725490196078431,0.8466666666666667,72066,52847,423321,318729,10425,7256,-43671.51264060392,0.17023960540582678,0.1658054334560081,0.8553409374739822,0.8626979771794047,204,150,305,123,14515,57551,280899,70356,5813,47034,236819,29063,0.697848677481155,0.7612485842204506,0.20141259401104544,0.10999678316649952,0.17102426034805765,0.1666762243376534,13,11,-0.0033402264203848397,1.3524269085915237
448,44476.5,44576.0,199,182.97744310393634,183.31269328933908,138.61837927456665,138.88368387451507,0.3352501854027423,0.26530459994842204,1.2636425658202626,0.0027480491190582925,0.0020323298232225962,0.0023901894711404444,44.42900941482401,199,150,1522,1095,29,19,55.64733428343693,0.1307490144546649,0.136986301369863,0.8542713567839196,0.8733333333333333,72265,52997,424843,319824,10454,7275,-43622.80620679182,0.17009813036815954,0.16570676372004603,0.8553379921123643,0.862728078947865,199,150,310,104,14569,57696,281966,70612,5827,47170,237674,29153,0.6979872564688603,0.7613593726549602,0.20160520307202656,0.10994961978979942,0.17103579436728847,0.1665809033733562,15,14,-0.0062372869151980925,1.3521669010893147
449,44576.0,44675.5,199,183.31269328933908,183.69782034161787,138.88368387451507,139.16166934585576,0.38512705227878996,0.27798547134068485,1.3854215129351053,0.002750549285031421,0.0020340258009716988,0.00239228754300156,44.536150995762114,231,162,1529,1116,32,26,-241.05590941792565,0.1510791366906475,0.14516129032258066,0.8614718614718615,0.8395061728395061,72496,53159,426372,320940,10486,7301,-43801.1129053798,0.17002992691827792,0.1656353212438462,0.8553575369675568,0.8626573110856111,231,162,310,133,14614,57882,282999,70877,5847,47312,238515,29266,0.6980125336560562,0.7613946532062068,0.20158353564334583,0.10999078236987152,0.17094197049981869,0.16651952268390624,17,15,0.005917846368066831,1.352268630868607
450,44675.5,44775.0,199,183.69782034161787,184.10678292102114,139.16166934585576,139.4187286174612,0.40896257940326564,0.25705927160544206,1.5909271696333855,0.0027535706792367284,0.0020352468775637427,0.0023944087784002355,44.68805430355994,230,150,1469,1136,22,19,216.150048769874,0.15656909462219196,0.13204225352112675,0.9043478260869565,0.8733333333333333,72726,53309,427841,322076,10508,7320,-43548.17734294665,0.16998370890120396,0.16551683453594804,0.8555124714682507,0.8626873511039412,230,150,273,119,14663,58063,284014,71101,5861,47448,239396,29371,0.698102799871915,0.7614879717830574,0.20161977834612105,0.10994391190980884,0.1709691712140292,0.16635445049954586,22,15,0.024526841101065205,1.3529418517191598
451,44775.0,44874.5,199,184.10678292102114,184.46106506630045,139.4187286174612,139.7209984441225,0.35428214527931345,0.302269826661302,1.172072479719559,0.0027553601557254973,0.0020374700279574788,0.0023964150918414882,44.74006662217795,225,173,1550,1106,42,22,-504.9823795421947,0.14516129032258066,0.15641952983725135,0.8133333333333334,0.8728323699421965,72951,53482,429391,323182,10550,7342,-44055.22708738437,0.1698941058382686,0.16548570155516087,0.8553823799536675,0.8627201675330017,225,173,300,134,14710,58241,285086,71354,5875,47607,240209,29491,0.698188830226996,0.761440921833518,0.2016421981878247,0.10985004300512322,0.17091931585796616,0.1661200022620596,10,11,-0.011258239514670698,1.3523438960658913
452,44874.5,44974.0,199,184.46106506630045,184.8780717974625,139.7209984441225,140.08826909721213,0.4170067311620471,0.36727065308963347,1.1354207793462752,0.0027585363996812796,0.0020411286392730803,0.00239983251947718,44.78980270025036,239,196,1497,1176,21,17,526.46403957081,0.15965263861055445,0.16666666666666666,0.9121338912133892,0.9132653061224489,73190,53678,430888,324358,10571,7359,-43494.17210771623,0.1698585247210412,0.1654899832900684,0.8555677005055335,0.862904728194046,239,196,281,118,14760,58430,286113,71585,5897,47781,241093,29587,0.6982626575815525,0.7614734336751368,0.20166689438447877,0.10985878758523045,0.17094215067461926,0.1661875774997182,13,11,-0.007014028056112204,1.351476015085308
453,44974.0,45073.5,199,184.8780717974625,185.26900549829227,140.08826909721213,140.4043527519652,0.39093370082977685,0.3160836547530721,1.236804545097969,0.0027611201646221316,0.002043635463796257,0.0024023778142091942,44.86465274632707,236,179,1482,1122,32,24,-26.16323019470378,0.1592442645074224,0.15953654188948307,0.864406779661017,0.8659217877094972,73426,53857,432370,325480,10603,7383,-43495.59777131871,0.16982214307190602,0.16546946048912375,0.8555961103696239,0.8629147557420577,236,179,272,116,14800,58626,287127,71817,5913,47944,241936,29687,0.6983070055739298,0.7614876490106919,0.20156347887669218,0.10979074215050968,0.17086715079026057,0.16609550561797753,19,20,-0.00029227738206066833,1.3510825259868389
454,45073.5,45173.0,199,185.26900549829227,185.73821283625966,140.4043527519652,140.7267158078178,0.46920733796739,0.3223630558526054,1.4555245380907622,0.002765425300025746,0.0020462702528783387,0.0024058477764520424,45.01149702844185,275,183,1568,1156,35,25,-7.077299805292799,0.1753826530612245,0.1583044982698962,0.8727272727272728,0.8633879781420765,73701,54040,433938,326636,10638,7408,-43506.811236734735,0.16984223552673425,0.16544410291578393,0.8556600317499083,0.8629163582531458,275,183,299,118,14865,58836,288186,72051,5930,48110,242808,29788,0.6983739612571381,0.7615143462447496,0.20169332844873203,0.10973353071798668,0.17102719867458235,0.16602273363570189,22,15,0.017078154791328293,1.3514467583819023
455,45173.0,45272.5,199,185.73821283625966,186.2216816221559,140.7267158078178,141.02523525121597,0.48346878589623543,0.2985194433981633,1.619555431273493,0.002770026525240693,0.002048366791687478,0.0024091966584640855,45.196446370939924,270,173,1583,1113,33,21,180.91185894556222,0.17056222362602652,0.1554357592093441,0.8777777777777778,0.8786127167630058,73971,54213,435521,327749,10671,7429,-43331.84690200624,0.1698448524870213,0.16541011566778235,0.8557407632720931,0.8629664471621198,270,173,269,114,14920,59051,289285,72265,5948,48265,243652,29884,0.6984852624787323,0.7615583876686123,0.2017006664774033,0.10971538191946581,0.17113035499225784,0.16599687430229962,14,10,0.015126464416682417,1.352309818964942
456,45272.5,45372.0,199,186.2216816221559,186.64857158830893,141.02523525121597,141.39857948015305,0.426889966153027,0.3733442289370714,1.1434218961102005,0.0027733605710595147,0.002052103275271278,0.002412731923165396,45.24999210815588,246,200,1503,1215,31,18,456.19252218301307,0.16367265469061876,0.1646090534979424,0.8739837398373984,0.91,74217,54413,437024,328964,10702,7447,-42885.29418542455,0.16982362524712602,0.16540715701414135,0.8558012315237749,0.8631393233234705,246,200,305,117,14965,59252,290282,72525,5970,48443,244572,29979,0.6984673610602621,0.7616091730402111,0.2016384386326583,0.10971642805947109,0.1710481197851183,0.1660685971793374,17,11,-0.0009363988073236296,1.3514722209548105
457,45372.0,45471.5,199,186.64857158830893,187.1152677498056,141.39857948015305,141.73412227430512,0.46669616149668514,0.3355427941520759,1.3908692710151525,0.002777555435637905,0.0020549920851469713,0.0024162737603924383,45.38114547550049,260,186,1565,1208,28,23,270.4142768183336,0.16613418530351437,0.15397350993377484,0.8923076923076922,0.8763440860215054,74477,54599,438589,330172,10730,7470,-42618.00938114937,0.169810460362663,0.16536532473983256,0.8559286759670771,0.8631843074048975,260,186,287,105,15007,59470,291342,72770,5986,48613,245505,30068,0.6984876501690649,0.7616969337193947,0.20149844918565463,0.10963570761369255,0.17096733768527064,0.16602873467576412,18,18,0.012160675369739526,1.351613690248961
458,45471.5,45571.0,199,187.1152677498056,187.60498242049331,141.73412227430512,142.12249994247478,0.4897146706877038,0.38837766816965313,1.26092386566826,0.002782237095132797,0.002059027676986025,0.002420632386059411,45.48248247801854,271,200,1547,1209,26,13,811.7836160507459,0.17517776341305752,0.1654259718775848,0.9040590405904059,0.935,74748,54799,440136,331381,10756,7483,-41806.22576509865,0.1698293254812149,0.1653655460029392,0.8561031733290523,0.8634464132557164,271,200,309,130,15064,59684,292366,73022,6008,48791,246406,30176,0.6984886489630477,0.7617032962058778,0.20153047573179214,0.10963703717221117,0.17101469018913334,0.16604023877957108,17,10,0.009751791535472731,1.3512383180809862
459,45571.0,45670.5,199,187.60498242049331,188.05435775810386,142.12249994247478,142.44089473763395,0.4493753376105474,0.318394795159179,1.411377775148258,0.0027860150863228393,0.002061513341502487,0.002423764213912663,45.61346302046991,260,194,1545,1128,34,32,-168.09305360031848,0.16828478964401294,0.17198581560283688,0.8692307692307693,0.8350515463917526,75008,54993,441681,332509,10790,7515,-41974.31881869894,0.16982392269533894,0.1653880045352156,0.8561486774744027,0.8633462440674268,260,194,285,121,15120,59888,293422,73251,6024,48969,247235,30281,0.6985629900312669,0.7616605866307378,0.20157849829351535,0.10954121433637008,0.17109685304002445,0.16592755818757746,21,11,-0.0037010259588239336,1.3514416958816846
460,45670.5,45770.0,199,188.05435775810386,188.51716725792062,142.44089473763395,142.7878713584747,0.4628094998167569,0.346976620840735,1.3338348234972006,0.0027900701660415993,0.0020646126651503185,0.002427341415595959,45.72929589944593,279,192,1485,1129,37,23,50.11993847481931,0.18787878787878787,0.17006200177147918,0.8673835125448028,0.8802083333333334,75287,55185,443166,333638,10827,7538,-41929.886942471734,0.16988442254144046,0.16540382090769037,0.8561903117404067,0.8634049107547341,279,192,276,118,15169,60118,294401,73478,6047,49138,248077,30376,0.6985418556477708,0.7616758282929402,0.20148232762628343,0.10957687777475764,0.17111690186921158,0.16602146995030612,13,12,0.01781678610730869,1.3513770467151824
461,45770.0,45869.5,199,188.51716725792062,188.9717586885292,142.7878713584747,143.12680790182736,0.45459143060858764,0.3389365433526734,1.3412287330008317,0.002793928491270508,0.0020675232611491894,0.0024307258762098485,45.844950786701844,263,195,1537,1196,36,23,-123.3415657698456,0.17111255692908262,0.16304347826086957,0.8631178707224334,0.882051282051282,75550,55380,444703,334834,10863,7561,-42069.14835317235,0.16988866726781696,0.16539538995442518,0.8562144275314362,0.8634705669916938,263,195,281,130,15227,60323,295452,73701,6074,49306,248975,30479,0.6986213270429927,0.7617177467043371,0.2015486432825943,0.10967858432647165,0.17122840949982007,0.16616967143599704,12,18,0.008069078668213048,1.3513407775240998
462,45869.5,45969.0,199,188.9717586885292,189.41949072183394,143.12680790182736,143.48078258473512,0.44773203330473166,0.35397468290776146,1.2648702150865445,0.0027976208959002223,0.0020707483937042466,0.0024341846448022344,45.938708137098814,265,205,1505,1102,43,28,-402.7075521461691,0.1760797342192691,0.18602540834845735,0.8377358490566038,0.8634146341463415,75815,55585,446208,335936,10906,7589,-42477.51723495228,0.1699095489099254,0.16546306439321776,0.8561498384224757,0.8634703607088243,265,205,301,108,15279,60536,296443,73950,6096,49489,249786,30565,0.6986024454962708,0.7616986568870261,0.20153004022950605,0.10966987496626787,0.17123356756211547,0.16628024331032978,14,12,-0.009945674129188259,1.3510192278337179
463,45969.0,46068.5,199,189.41949072183394,189.8350314218627,143.48078258473512,143.82606506295218,0.41554070002877097,0.34528247821705804,1.2034804145710107,0.0028005985795861834,0.002073770914798779,0.0024371847471924813,46.00896635891053,254,199,1511,1152,42,23,-300.1525239807098,0.16810059563203178,0.17274305555555555,0.8346456692913385,0.8844221105527639,76069,55784,447719,337088,10948,7612,-42784.07045534391,0.16990344390119697,0.16548794380102524,0.8560780344161222,0.8635451025383623,254,199,264,108,15339,60730,297496,74154,6111,49673,250646,30658,0.6987306770541344,0.7616913090943611,0.20164587414058288,0.10954754051340886,0.1713988803593577,0.1661997878647774,18,17,-0.004642459923523773,1.3504859961149225
464,46068.5,46168.0,199,189.8350314218627,190.29357575896262,143.82606506295218,144.1757332529017,0.4585443370999087,0.34966818994951154,1.3113698937444602,0.0028044948882508663,0.002076875402407665,0.0024406851453292657,46.117842506060924,259,209,1537,1160,32,25,117.73119863303451,0.16851008458035133,0.18017241379310345,0.8764478764478765,0.8803827751196173,76328,55993,449256,338248,10980,7637,-42644.219937056005,0.16989867692362484,0.165538303256782,0.8561471543863327,0.8636079509938742,259,209,310,117,15374,60954,298499,74429,6135,49858,251504,30751,0.6986506579767437,0.7616866914216788,0.20142018656325333,0.10956726733698856,0.17119695333118048,0.1663232662798894,24,11,-0.01166232921275212,1.350343349918677
465,46168.0,46267.5,199,190.29357575896262,190.75792825190854,144.1757332529017,144.57648061867872,0.4643524929459204,0.40074736577702197,1.1587162701508278,0.0028084999728472887,0.0020810705342656096,0.002444785253556449,46.18144763322982,282,222,1547,1133,47,23,-200.2897560172698,0.18228829993535875,0.19593998234774934,0.8333333333333334,0.8963963963963963,76610,56215,450803,339381,11027,7660,-42822.35770225956,0.16994119382524073,0.16563979716012386,0.8560631771309228,0.8637374366272348,282,222,307,133,15424,61186,299507,74686,6164,50051,252311,30855,0.6986000536819853,0.7616071612730235,0.2013314188748205,0.10965044916837142,0.1711685717456442,0.16650908992679436,22,14,-0.013651682412390592,1.349545787422521
466,46267.5,46367.0,199,190.75792825190854,191.27489564024634,144.57648061867872,144.9195705046035,0.5169673883378039,0.3430898859247975,1.5067986832206384,0.002813622616991604,0.0020840041587779864,0.0024488133878847952,46.35532513564283,309,205,1531,1163,44,30,-117.77178728276299,0.20182887001959504,0.176268271711092,0.8576051779935275,0.8536585365853658,76919,56420,452334,340544,11071,7690,-42924.0831261607,0.17004912299318645,0.16567609471903777,0.8560693716766988,0.8637008153137186,309,205,284,121,15487,61432,300508,74907,6181,50239,253165,30959,0.6985877692147837,0.7615638507799286,0.20134167110856876,0.10955334987593052,0.1713277429917915,0.16642434033387182,21,12,0.025560598308503046,1.350104127739097
467,46367.0,46466.5,199,191.27489564024634,191.7509513605366,144.9195705046035,145.31778184401665,0.47605572029024756,0.39821133941313747,1.1954850933974732,0.002817842867492494,0.0020881114818088737,0.002452977174650684,46.43316951651994,279,230,1521,1159,36,31,17.77148492535805,0.1834319526627219,0.1984469370146678,0.8709677419354839,0.8652173913043478,77198,56650,453855,341703,11107,7721,-42911.368644747665,0.17009397274459906,0.16578724799021372,0.8561232156273478,0.8637069726390114,279,230,269,99,15537,61661,301531,75126,6195,50455,254009,31044,0.6986107897896905,0.7614917047845644,0.2012616907173761,0.10935569285083849,0.17137090102908573,0.16635785064045758,12,12,-0.015014984351945926,1.3494695527709442
468,46466.5,46566.0,199,191.7509513605366,192.27428511631888,145.31778184401665,145.7311681273859,0.5233337557822892,0.413386283369249,1.2659678775912162,0.0028230603736228636,0.002092527132518174,0.002457793753070519,46.54311698893298,303,230,1554,1190,45,27,-164.22117323251285,0.19498069498069498,0.19327731092436976,0.8514851485148515,0.8826086956521739,77501,56880,455409,342893,11152,7748,-43075.58981798019,0.17017889413691867,0.1658826514393703,0.8561050825150643,0.8637834036568214,303,230,299,120,15604,61897,302550,75358,6223,50657,254877,31136,0.6986115777246388,0.7614620304293176,0.20133933755693476,0.10940576652601969,0.1715441612981245,0.16657298107551058,17,14,0.0017033840563252245,1.349115301661851
469,46566.0,46665.5,199,192.27428511631888,192.76529956139842,145.7311681273859,146.11287451614996,0.49101444507954284,0.3817063887640586,1.2863668503674168,0.0028275630562878745,0.0020962450813042897,0.002461904068796082,46.652425045248464,291,228,1553,1162,42,43,-356.4110915484314,0.18737926593689633,0.1962134251290878,0.8556701030927836,0.8114035087719298,77792,57108,456962,344055,11194,7791,-43463.594953676766,0.17023735015165375,0.16598508959323363,0.8561034553681612,0.8635742803109897,291,228,277,112,15660,62132,303591,75579,6246,50862,255722,31225,0.6986379611433774,0.7614131461539579,0.2013060468942822,0.1093717167472158,0.17163712885936935,0.16668890608737424,22,27,-0.008834159192191465,1.3488704548461272
470,46665.5,46765.0,199,192.76529956139842,193.23250289398618,146.11287451614996,146.52007027670723,0.4672033325877578,0.407195760557272,1.1473678703048427,0.002831537413360196,0.002100492261352777,0.0024660148373564865,46.71243261727895,284,228,1519,1163,37,31,-42.03976721044124,0.1869651086240948,0.19604471195184867,0.869718309859155,0.8640350877192983,78076,57336,458481,345218,11231,7822,-43511.03826377542,0.1702927711290108,0.1660863570265745,0.856152979148522,0.8635761127389424,284,228,301,128,15706,62370,304571,75834,6272,51064,256555,31327,0.6985611181270325,0.7613363150241297,0.20116296941441672,0.10939026091809684,0.17157526764256062,0.1668129471528498,21,17,-0.009079603327753871,1.3480351560717512
471,46765.0,46864.5,199,193.23250289398618,193.77003751290442,146.52007027670723,146.8998760318479,0.5375346189182437,0.3798057551406657,1.4152882404827203,0.0028369956311218047,0.0021041369556338654,0.002470566293377835,46.87016148105653,311,223,1577,1121,35,35,-18.155875801622184,0.19720989220038046,0.19892952720785012,0.887459807073955,0.8430493273542601,78387,57559,460058,346339,11266,7857,-43536.72138283192,0.1703850384082007,0.1661926609477997,0.8562771888195747,0.8634965861116419,311,223,297,105,15758,62629,305592,76079,6293,51266,257369,31411,0.6984988849232053,0.7612830203933141,0.20102823172209677,0.10933129484528918,0.17158661541644435,0.1669053681307023,16,16,-0.001719635007469661,1.3482941894659932
472,46864.5,46964.0,199,193.77003751290442,194.3047257748812,146.8998760318479,147.28546057751592,0.5346882619767825,0.38558454566802425,1.3866952604400586,0.002842370113633519,0.002107889253534011,0.002475129683583765,47.019265197365286,304,221,1577,1226,46,32,-363.9278647734207,0.1927710843373494,0.1802610114192496,0.8486842105263158,0.8552036199095022,78691,57780,461635,347565,11312,7889,-43900.649247605346,0.1704615118004484,0.16624228561564025,0.8562478555362112,0.8634648667358948,304,221,294,110,15808,62883,306621,76323,6317,51463,258288,31497,0.6984500741928147,0.7613108339447298,0.20088701376269205,0.10932848736587054,0.17158176943699732,0.1670545300682287,14,10,0.012510072918099802,1.3484437613921623
473,46964.0,47063.5,199,194.3047257748812,194.79043550363764,147.28546057751592,147.74077577439425,0.4857097287564329,0.4553151968783311,1.066754925129863,0.0028466811806482947,0.002113107314582418,0.0024798942476153565,47.04965972924339,286,259,1571,1228,44,32,-203.9162178088357,0.1820496499045194,0.21091205211726385,0.8461538461538461,0.8764478764478765,78977,58039,463206,348793,11356,7921,-44045.34504677371,0.17050081389273886,0.16639955503694168,0.85621130202464,0.8635228036320406,286,259,305,127,15873,63104,307666,76563,6347,51692,259160,31594,0.6984775672163142,0.7612165381759382,0.2009825645441078,0.10935750099071315,0.17171881085291446,0.1672860493924778,18,14,-0.028862402212744442,1.347154099085991
474,47063.5,47163.0,199,194.79043550363764,195.369812245587,147.74077577439425,148.14777371805567,0.5793767419493747,0.4069979436614233,1.42353727082059,0.002852960084968946,0.0021172788847933985,0.002485119484881172,47.22203852753134,325,228,1554,1191,41,27,228.57291132675965,0.20913770913770913,0.19143576826196473,0.8738461538461538,0.881578947368421,79302,58267,464760,349984,11397,7948,-43780.8835830764,0.1706300025819778,0.1664847535887355,0.8562835741847621,0.8635934577033312,325,228,285,134,15944,63358,308681,76777,6369,51898,260011,31706,0.6984787847491178,0.7611205083660967,0.20105419787647222,0.10930715499339248,0.17195673040627257,0.16727511490479316,21,18,0.017701940875744393,1.3474654215178339
475,47163.0,47262.5,199,195.369812245587,195.9702662935149,148.14777371805567,148.54230166415462,0.600454047927883,0.3945279460989468,1.5219556785903587,0.0028596585143680145,0.0021211690450062947,0.0024904137796871546,47.427964629360275,335,230,1558,1191,37,35,103.80961123857425,0.21501925545571246,0.19311502938706968,0.8895522388059701,0.8478260869565217,79637,58497,466318,351175,11434,7983,-43661.12220278555,0.17077831008024566,0.1665750694098384,0.8564235217298493,0.8635314631519565,335,230,294,119,16017,63620,309683,76998,6400,52097,260884,31794,0.6984504136662106,0.7611134049975083,0.20112510516468476,0.10940732003350599,0.17219803257539107,0.16756558621773054,25,16,0.021904226068642785,1.3481521056043548
476,47262.5,47362.0,199,195.9702662935149,196.6115154981408,148.54230166415462,148.96510673254195,0.6412492046258933,0.42280506838733345,1.5166544882533013,0.0028671901469520746,0.0021256399024111596,0.002496415024681617,47.646408765598835,367,252,1609,1281,47,45,-332.1480307977514,0.22809198259788688,0.19672131147540983,0.8719346049046321,0.8214285714285714,80004,58749,467927,352456,11481,8028,-43971.71003759255,0.17097538718646285,0.16668463581269718,0.8564946752662367,0.8633508655466476,367,252,295,123,16084,63920,310697,77226,6428,52321,261818,31889,0.6983589320556411,0.7610765599110244,0.20103994800259986,0.1094146283340993,0.1723716643446576,0.16775843620325182,24,17,0.031370671122477045,1.348859768627677
477,47362.0,47461.5,199,196.6115154981408,197.2227819140458,148.96510673254195,149.40684844176096,0.6112664159050212,0.44174170921900213,1.3837643200723295,0.0028740584717265403,0.0021304910035969435,0.002502274737661742,47.815933472284854,357,246,1566,1205,47,30,24.783292426372515,0.22796934865900384,0.204149377593361,0.8683473389355743,0.8780487804878049,80361,58995,469493,353661,11528,8058,-43949.4719150422,0.17116549128528008,0.16681228634200548,0.8565473301725961,0.8634121535723367,357,246,299,128,16154,64207,311677,77455,6454,52541,262675,31991,0.6982660018360232,0.7609801476555232,0.20101790669603414,0.10939910161878125,0.17256887692422737,0.16787618676030694,23,16,0.023819971065642848,1.3490122543931045
478,47461.5,47561.0,199,197.2227819140458,197.91668518143481,149.40684844176096,149.88533963874224,0.693903267389004,0.47849119698128106,1.4501902475253896,0.0028826355506242126,0.0021360944884295453,0.0025093650195268788,48.03134554269258,387,265,1599,1194,46,31,291.7674776802884,0.24202626641651032,0.2219430485762144,0.8811369509043928,0.8830188679245283,80748,59260,471092,354855,11574,8089,-43643.629491783366,0.17140600986643797,0.16699778782883148,0.8566651805617477,0.8634998312521094,387,265,303,118,16228,64520,312660,77684,6478,52782,263510,32085,0.6981396415137595,0.7608403432387877,0.2009709218804181,0.10931488356395545,0.17280006814890536,0.1679848559500039,26,14,0.020083217840295903,1.34948878256014
479,47561.0,47660.5,199,197.91668518143481,198.55347862722616,149.88533963874224,150.3990012595863,0.6367934457913407,0.5136616208440614,1.2397138893595865,0.0028899785539184338,0.0021424125131931405,0.002516195533555787,48.154477367639856,361,294,1601,1246,50,36,-33.7852442497106,0.2254840724547158,0.23595505617977527,0.8614958448753463,0.8775510204081632,81109,59554,472693,356101,11624,8125,-43646.705696498764,0.17158917098412713,0.16723906981446274,0.8566866808862148,0.8635691977029251,361,294,285,139,16286,64823,313673,77911,6512,53042,264357,32190,0.6980408002657116,0.76065217452352,0.20079152745071446,0.10934613963797563,0.1728929796065692,0.1682600382409178,37,17,-0.010470983725059474,1.348936554525202
480,47660.5,47760.0,199,198.55347862722616,199.18034269002266,150.3990012595863,150.9225672950024,0.6268640627964999,0.5235660354161098,1.197297036845205,0.0028970830597116006,0.002148911591718128,0.0025229973257148643,48.257775395020246,364,285,1579,1223,56,40,-498.2973310039389,0.2305256491450285,0.2330335241210139,0.8461538461538461,0.8596491228070176,81473,59839,474272,357324,11680,8165,-44155.06841291277,0.1717853889751029,0.16746426212624957,0.8566396229425699,0.8635505272481158,364,285,296,118,16358,65115,314664,78135,6540,53299,265205,32280,0.697958133729168,0.7605002742608948,0.20077817190971242,0.10929327027523855,0.17311335231181146,0.16846986089644514,24,19,-0.0025078749759854246,1.3481629820774916
481,47760.0,47859.5,199,199.18034269002266,199.80607138031124,150.9225672950024,151.4799174128417,0.6257286902885824,0.5573501178392917,1.1226851314114321,0.0029041343019069275,0.0021560895483299465,0.002530111925118437,48.32615396746954,352,304,1544,1246,57,36,-91.87306806949178,0.22797927461139897,0.24398073836276082,0.8380681818181819,0.881578947368421,81825,60143,475816,358570,11737,8201,-44276.52692619092,0.1719677354271399,0.16773015031932398,0.8565597311335167,0.8636416540578289,352,304,297,110,16418,65407,315619,78372,6568,53575,266065,32362,0.6978264707365872,0.7603341049167527,0.20064772380079438,0.10920639143374956,0.17320392446460597,0.16871307474955047,33,24,-0.016001463751361855,1.3469451230151352
482,47859.5,47959.0,199,199.80607138031124,200.57708454591074,151.4799174128417,152.00274217127043,0.7710131655994985,0.522824758428726,1.4747066835868041,0.0029141856333058263,0.0021625178276595803,0.0025383517304827033,48.57434237464031,411,296,1624,1202,40,39,616.1064456764591,0.25307881773399016,0.24625623960066556,0.902676399026764,0.8682432432432432,82236,60439,477440,359772,11777,8240,-43649.27923014904,0.1722436327077748,0.16799250636514237,0.8567902135317865,0.8636641903406741,411,296,282,111,16472,65764,316604,78600,6591,53848,266883,32450,0.6976290214477212,0.7601314165638238,0.20030157108808794,0.10905210211949239,0.17325816223493773,0.1688225199149612,25,18,0.006822578133324597,1.3475891833269882
483,47959.0,48058.5,199,200.57708454591074,201.34379688267938,152.00274217127043,152.60792038704952,0.7667123367686486,0.605178215779091,1.2669199200794143,0.0029241058527520163,0.0021706330974230344,0.0025473694750875256,48.73587649562987,429,332,1640,1314,56,39,110.50769393655985,0.26158536585365855,0.2526636225266362,0.8694638694638694,0.8825301204819277,82665,60771,479080,361086,11833,8279,-43467.134413367836,0.17254946981714953,0.16830062644356192,0.8568559849996975,0.8637672574089615,429,332,309,142,16567,66098,317601,78814,6622,54149,267754,32561,0.6975202471403523,0.759863301263411,0.20041129861489143,0.10896644781227888,0.17369287384279888,0.16900186305285456,34,26,0.008921743327022336,1.3471211952971238
484,48058.5,48158.0,199,201.34379688267938,202.13328423887927,152.60792038704952,153.19726438248895,0.789487356199885,0.5893439954394353,1.3396036310019854,0.0029344580024229126,0.002178386035714613,0.002556422019068763,48.93601985639032,436,319,1619,1219,54,36,458.2186725432756,0.26930203829524396,0.2616899097621001,0.8761467889908257,0.8871473354231975,83101,61090,480699,362305,11887,8315,-43023.41426844358,0.1728753336287365,0.16861484108692953,0.8569571966643,0.8638893435914226,436,319,279,132,16640,66461,318578,79020,6662,54428,268562,32653,0.6973553096636357,0.7596472585252757,0.2002382642808149,0.10905221803895891,0.1739494041396613,0.16945186315655603,28,20,0.007612128533143858,1.3470789631922482
485,48158.0,48257.5,199,202.13328423887927,202.89734882615926,153.19726438248895,153.78086665938355,0.7640645872799894,0.5836022768945952,1.309221395340765,0.0029442406479399607,0.0021859880222729923,0.0025651143351064767,49.11648216677571,423,329,1618,1200,60,41,37.07702831858212,0.261433868974042,0.27416666666666667,0.8581560283687943,0.8753799392097265,83524,61419,482317,363505,11947,8356,-42904.92921642168,0.17317241565194674,0.1689632879877856,0.8569632680427183,0.8639508946742864,423,329,297,123,16723,66801,319559,79234,6699,54720,269347,32739,0.6972219515380963,0.7594008335511203,0.20021790144150184,0.10907048307526987,0.17427597778171472,0.1698615548455804,28,25,-0.012732797692624642,1.3468695244169437
486,48257.5,48357.0,199,202.89734882615926,203.6104286258209,153.78086665938355,154.35433057939522,0.7130797996616423,0.573463920011676,1.2434606167500888,0.0029529286942453887,0.0021933490684875115,0.0025731388813664503,49.25609804642568,401,325,1615,1240,50,45,79.78756456686807,0.248297213622291,0.2620967741935484,0.8753117206982544,0.8615384615384616,83925,61744,483932,364745,11997,8401,-42832.2597515443,0.17342312556309564,0.16927990788084826,0.8570509383378015,0.8639381964239441,401,325,288,134,16796,67129,320558,79449,6732,55012,270161,32840,0.6971103378160568,0.759141317907031,0.20013106940720882,0.10903083700440529,0.17451296171229674,0.17012028707166685,33,30,-0.013799560571257363,1.346310414822237
487,48357.0,48456.5,199,203.6104286258209,204.3458514474599,154.35433057939522,154.8725912731681,0.7354228216389913,0.5182606937728735,1.4190210264359515,0.002962042155113623,0.002199540651896515,0.002580791403505069,49.473260174291795,408,289,1647,1256,49,29,292.60294743605056,0.24772313296903462,0.2300955414012739,0.8799019607843137,0.8996539792387543,84333,62033,485579,366001,12046,8430,-42525.27729692293,0.17367513834000234,0.1694886079546231,0.8571614907568805,0.8641045894926893,408,289,315,127,16882,67451,321568,79678,6762,55271,271031,32937,0.6970029593536788,0.7589951940022022,0.20018260941742852,0.10900649654216304,0.17483429991714997,0.17033174639159676,31,17,0.017627591567760725,1.3466639739345825
488,48456.5,48556.0,199,204.3458514474599,205.07946282380001,154.8725912731681,155.41437393660073,0.7336113763401215,0.5417826634326275,1.3540694929071841,0.0029710809594201207,0.0022061912896872912,0.002588636124553706,49.66508888719929,407,319,1617,1291,47,48,20.95024020786935,0.25170068027210885,0.24709527498063516,0.8845208845208845,0.8495297805642633,84740,62352,487196,367292,12093,8478,-42467.978155051496,0.17393410454929845,0.1697613887588077,0.8572928959169224,0.8640300230946882,407,319,296,144,16970,67770,322570,79886,6796,55556,271893,33047,0.6969269041617747,0.7587668666891737,0.20025961765400047,0.10899409802412112,0.17520855703312133,0.1705694852295259,26,21,0.004605405291473685,1.3467014276179317
489,48556.0,48655.5,199,205.07946282380001,205.82924743469377,155.41437393660073,156.0543798081024,0.7497846108937551,0.6400058715016712,1.1715277066669807,0.002980415198209804,0.0022148334748087633,0.0025976243365092837,49.77486762659137,411,350,1577,1237,51,43,327.8326882093734,0.26062143310082436,0.28294260307194824,0.8759124087591241,0.8771428571428571,85151,62702,488773,368529,12144,8521,-42129.131108331625,0.17421379658860042,0.17014129145874546,0.857382767084356,0.8641032183981372,411,350,272,132,17038,68113,323532,80090,6834,55868,272686,33141,0.6967856244105137,0.7584749097085982,0.2000916019776632,0.10899173870051992,0.17541800510666336,0.17095684803001876,35,23,-0.022321169971123878,1.3456610766040296
490,48655.5,48755.0,199,205.82924743469377,206.5961373576979,156.0543798081024,156.61145535517153,0.7668899230041291,0.5570755470691324,1.3766354079601324,0.0029900621802789722,0.002221739425302572,0.002605900802790772,49.98468200252637,446,329,1662,1224,62,54,-520.5062381136484,0.2683513838748496,0.2687908496732026,0.8609865470852018,0.8358662613981763,85597,63031,490435,369753,12206,8575,-42631.20303668283,0.17453281270708657,0.1704678528639389,0.8574015444466512,0.8639558312576352,446,329,299,117,17133,68464,324544,80294,6867,56164,273497,33225,0.6966815174284055,0.7582467214600017,0.20015888407303994,0.10894639145817138,0.1758547425251727,0.17128105357677342,31,19,-0.0004394657983530226,1.3458203721940813
491,48755.0,48854.5,199,206.5961373576979,207.33087985261818,156.61145535517153,157.20994258645882,0.7347424949202832,0.5984872312872938,1.2276661163512483,0.002999011843216522,0.002229464899076118,0.00261423837114632,50.12093726615936,420,331,1620,1271,57,37,198.3504796163126,0.25925925925925924,0.26042486231313927,0.8642857142857143,0.8882175226586103,86017,63362,492055,371024,12263,8612,-42457.16017416304,0.17481175884809624,0.1707760144896287,0.857435158166409,0.8640825731511,420,331,309,121,17218,68799,325520,80518,6902,56460,274351,33311,0.6965440855188952,0.7580453016516452,0.2001697338898125,0.10892964237239987,0.17616845379389376,0.17163603809713276,24,18,-0.0011656030538800266,1.3451711414964647
492,48854.5,48954.0,199,207.33087985261818,208.16867847467464,157.20994258645882,157.82067693785166,0.8377986220564537,0.6107343513928356,1.3717889294187846,0.003010030287953548,0.0022374091445705566,0.0026237197162620523,50.34800153682298,460,325,1664,1297,46,30,877.8516555617308,0.2764423076923077,0.25057825751734775,0.9,0.9076923076923077,86477,63687,493719,372321,12309,8642,-41571.23863419669,0.175154288167966,0.17105400984634228,0.8576615747539809,0.864305117213874,460,325,319,131,17318,69159,326505,80737,6925,56762,275215,33419,0.6963941027183479,0.757786963399862,0.20026134116585914,0.10873490665284909,0.17661516495844168,0.17164882014673805,32,29,0.025864050174959963,1.3453195609117288
493,48954.0,49053.5,199,208.16867847467464,208.99725635331404,157.82067693785166,158.43168796766994,0.8285778786394076,0.611011029818286,1.3560767943678949,0.0030208160599165686,0.0022453268022286955,0.0026330714310726323,50.5655683856441,471,338,1638,1302,64,49,-201.72801789178286,0.2875457875457875,0.25960061443932414,0.8641188959660298,0.8550295857988166,86948,64025,495357,373623,12373,8691,-41739.38604137888,0.17552593382146614,0.17136257671503094,0.8576965542623177,0.8642561499414292,471,338,280,134,17399,69549,327473,80936,6966,57059,276086,33512,0.6962089967437626,0.7575871935078943,0.2001081105948383,0.1088012495119094,0.17693598413586212,0.17209348287958892,27,21,0.027945173106463383,1.3453792369636919
494,49053.5,49153.0,199,208.99725635331404,209.8033750793876,158.43168796766994,159.0588349523603,0.8061187260735494,0.6271469846903415,1.2853744748076508,0.0030311012414540512,0.0022535406847560813,0.0026423209631050663,50.74454012702731,451,340,1620,1277,58,36,334.0493067270879,0.27839506172839507,0.2662490211433046,0.8713968957871396,0.8941176470588236,87399,64365,496977,374900,12431,8727,-41406.427982386194,0.17586125716079415,0.17168578287543346,0.8577672513415485,0.8644138895362387,451,340,311,141,17485,69914,328417,81161,7008,57357,276924,33611,0.696012089090642,0.7573539610562817,0.20005949724825225,0.10887904917268702,0.17724996451959532,0.1725300967527512,32,26,0.012146040585090445,1.3450395024850113
495,49153.0,49252.5,199,209.8033750793876,210.599424749145,159.0588349523603,159.73183838983687,0.7960496697573944,0.6730034374765808,1.1828315063919648,0.0030411404292360463,0.00226265242810603,0.0026518964286710383,50.86758635930812,448,360,1636,1366,53,36,717.2516532708244,0.27383863080684595,0.2635431918008785,0.8816964285714286,0.9,87847,64725,498613,376266,12484,8763,-40692.354158515634,0.17618273089550412,0.1720192629682193,0.8578892847792184,0.8646118192352259,448,360,283,120,17566,70281,329403,81363,7042,57683,277844,33697,0.6958683387717528,0.7571398957120761,0.19996129634478127,0.10879876400154499,0.17756168565334735,0.17285647659490905,21,22,0.010295439005967466,1.344059914576299
496,49252.5,49352.0,199,210.599424749145,211.34689983895325,159.73183838983687,160.32344953611678,0.7474750898082618,0.5916111462799165,1.2634567392930751,0.0030501548889762644,0.002270078210843981,0.0026601165499101228,51.023450302836466,428,347,1643,1320,56,52,-199.90785067793217,0.2604990870359099,0.2628787878787879,0.8691588785046729,0.8501440922190202,88275,65072,500256,377586,12540,8815,-40910.466787105506,0.1764596526578392,0.17233689808414507,0.8579439252336448,0.8645346692894025,428,347,316,152,17646,70629,330382,81599,7085,57987,278708,33806,0.6956998017015288,0.7568951179333979,0.19989804587935428,0.1088793951315466,0.17780240818177237,0.17326551074808638,32,27,-0.0023797008428779742,1.3436342740994207
497,49352.0,49451.5,199,211.34689983895325,212.05812898487073,160.32344953611678,160.91496078714204,0.7112291459174855,0.5915112510252527,1.2023932675578506,0.0030584001137816674,0.0022774720910912188,0.002667936102436443,51.1431681977287,425,345,1651,1321,72,43,-712.9641510941417,0.257419745608722,0.2611657834973505,0.8305882352941176,0.8753623188405797,88700,65417,501907,378907,12612,8858,-41635.39388246903,0.176725967161247,0.17264658610160277,0.8578128523111612,0.8645917727807757,425,345,283,148,17728,70972,331407,81800,7121,58296,279572,33918,0.6956169170782635,0.7566315745024504,0.19986471251409244,0.10885549627772598,0.17812072984486776,0.1735178732425254,30,32,-0.003746037888628484,1.3428924664961657
498,49451.5,49551.0,199,212.05812898487073,212.79239539528467,160.91496078714204,161.48336325828433,0.7342664104139374,0.5684024711422921,1.2918072100184859,0.003067077145508426,0.002284369913498006,0.002675723529503216,51.309032137000344,423,310,1720,1312,63,29,141.20522157726066,0.24593023255813953,0.23628048780487804,0.851063829787234,0.9064516129032258,89123,65727,503627,380219,12675,8887,-41525.29069520803,0.17696231536434703,0.1728661639739203,0.8577808197659414,0.864789203827955,423,310,339,127,17816,71307,332453,82051,7154,58573,280480,34012,0.6954928945429852,0.7564955985892341,0.1999035041459556,0.10884415841282882,0.178397268366928,0.1737841908370986,33,17,0.009649744753261497,1.3426359397335423
499,49551.0,49650.5,199,212.79239539528467,213.5238748703746,161.48336325828433,162.0448114404215,0.7314794750899409,0.561448182137184,1.3028441419215633,0.0030756632684903066,0.002291100024488714,0.0026833816464895102,51.4790634299531,404,314,1631,1334,47,48,-21.176732555247938,0.24770079705702022,0.2353823088455772,0.8836633663366337,0.8471337579617835,89527,66041,505258,381553,12722,8935,-41566.98759782719,0.177190662988018,0.17308473527924037,0.857897617478526,0.864705258854348,404,314,327,142,17897,71630,333434,82297,7189,58852,281393,34119,0.6953497025282133,0.7563352928688806,0.1999061735565807,0.10885661937281386,0.17862347046729346,0.17403408540718504,31,20,0.012318488211443018,1.3424395424100601
500,49650.5,49750.0,199,213.5238748703746,214.2422094001025,162.0448114404215,162.58904269403544,0.7183345297278834,0.5442312536139298,1.3199067950578598,0.003083950826972982,0.0022974571461204184,0.0026907039865467003,51.653166706067054,406,307,1631,1374,61,41,-423.64830523396904,0.24892703862660945,0.22343522561863174,0.8497536945812808,0.8664495114006514,89933,66348,506889,382927,12783,8976,-41963.9929905962,0.17742148675548294,0.173265400454917,0.8578608519675759,0.8647133297160426,406,307,292,152,17975,71958,334445,82511,7221,59127,282340,34239,0.6952606981015568,0.7561780704938539,0.1998710150890107,0.10883523241092422,0.17888064008916665,0.17416787264833575,29,17,0.025491813007977704,1.342332252934802
501,49750.0,49849.5,199,214.2422094001025,214.92699752479515,162.58904269403544,163.1184748624999,0.684788124692659,0.5294321684644672,1.2934388302825965,0.003091532347698543,0.0023034920147234233,0.002697512181210983,51.808522662295246,372,290,1659,1255,37,33,780.555492430218,0.22423146473779385,0.23107569721115537,0.9005376344086021,0.8862068965517241,90305,66638,508548,384182,12820,9009,-41166.55544683729,0.1775741916200634,0.17345424824692462,0.8580366535629256,0.8648068669527897,372,290,314,122,18049,72256,335492,82751,7253,59385,283215,34329,0.6951969135656811,0.7560687382542649,0.1998671169924146,0.10884180197484919,0.17905753968253968,0.17442643451493434,22,32,-0.006844232473361522,1.342106822137058
502,49849.5,49949.0,199,214.92699752479515,215.6217376824935,163.1184748624999,163.7113799535595,0.6947401576983339,0.5929050910595777,1.1717561008908985,0.003099282907051129,0.002310773594646837,0.002705028250848983,51.910357728934,393,338,1678,1388,46,44,95.62473249872292,0.23420738974970204,0.24351585014409222,0.8829516539440203,0.8698224852071006,90698,66976,510226,385570,12866,9053,-41066.12579414197,0.17776044341135105,0.17370646056487798,0.858144611788573,0.8648321786908744,393,338,304,132,18122,72576,336546,82982,7294,59682,284174,34420,0.6951194176698169,0.7559405555411469,0.19980594941454055,0.10890468227424749,0.17924117740148757,0.17485736203672628,25,25,-0.009308460394390178,1.3412317477709461
503,49949.0,50048.5,199,215.6217376824935,216.24636395387364,163.7113799535595,164.18818954777078,0.6246262713801514,0.4768095942112893,1.3100119606724185,0.0031056017302352125,0.0023157065620992867,0.0027106541461672496,52.058174406102864,351,283,1641,1402,46,46,-234.0460463282558,0.21389396709323583,0.20185449358059915,0.8689458689458689,0.8374558303886925,91049,67259,511867,386972,12912,9099,-41316.0886170187,0.17787628426915586,0.17380844092079015,0.8581862513591583,0.8647169895478672,351,283,334,159,18193,72856,337573,83245,7328,59931,285168,34545,0.6950360152148898,0.7558583049936429,0.1998154839701699,0.10895196181923608,0.17935093357518878,0.17500537339096792,28,27,0.012039473512636678,1.3411033077610024
504,50048.5,50148.0,199,216.24636395387364,216.87956402535863,164.18818954777078,164.69543717649884,0.6332000714849926,0.5072476287280665,1.2483056314580598,0.0031120664486552203,0.0023212269183607364,0.002716646683507978,52.18412684885979,369,276,1692,1343,52,35,-9.96399212590131,0.21808510638297873,0.20551005212211468,0.8590785907859079,0.8731884057971014,91418,67535,513559,388315,12964,9134,-41320.119603250016,0.1780087584873403,0.17391808196953504,0.8581898532017764,0.8647516102761531,369,276,298,143,18259,73159,338664,83477,7359,60176,286123,34657,0.69499901666605,0.7557833202425865,0.1997309063860509,0.10896572147775227,0.1794743257057482,0.1751475628332064,33,19,0.012575054260864055,1.3406989312587236
505,50148.0,50247.5,199,216.87956402535863,217.56321657916493,164.69543717649884,165.16041158856987,0.6836525538062972,0.4649744120710295,1.4703014532805354,0.003119509643683135,0.002325884111926469,0.002722696877804802,52.40280499059506,381,259,1718,1263,39,27,653.8203117745556,0.2217694994179278,0.20506730007917656,0.8976377952755905,0.8957528957528957,91799,67794,515277,389578,13003,9161,-40689.61277985252,0.17815466244369532,0.1740190667850854,0.8583535768363489,0.8648700474968286,381,259,326,123,18323,73476,339739,83739,7394,60400,287039,34745,0.6948922618319855,0.7557741966948852,0.19959912417346595,0.10906569902941263,0.17952812996022025,0.17546690714065355,31,18,0.01670219933875125,1.3412145633942727
506,50247.5,50347.0,199,217.56321657916493,218.21183892595954,165.16041158856987,165.6565257633944,0.6486223467946104,0.4961141748245268,1.3074053911562293,0.0031262276435093032,0.0023311414004578185,0.002728684521983561,52.55531316256514,364,264,1667,1282,47,22,416.7931338510317,0.21835632873425315,0.2059282371294852,0.8708791208791209,0.9166666666666666,92163,68058,516944,390860,13050,9183,-40260.33456936328,0.17828430158779288,0.1741237271657371,0.8584030467758211,0.8650709688794851,364,264,308,122,18397,73766,340808,83973,7416,60642,287957,34845,0.6948624996131109,0.7557002507291614,0.19961372785174095,0.10896588204178789,0.179710852788903,0.17548093987364236,25,24,0.01242809160476796,1.3410716496628374
507,50347.0,50446.5,199,218.21183892595954,218.84327059578706,165.6565257633944,166.15488338100843,0.6314316698275206,0.4983576176140332,1.2670252194610785,0.0031325783718908233,0.002336422421901694,0.002734500396896259,52.68838721477863,355,295,1746,1363,40,43,85.15958146896214,0.20332187857961054,0.2164343360234776,0.8873239436619719,0.8542372881355932,92518,68353,518690,392223,13090,9226,-40197.528403499666,0.17836858239025236,0.17427075923645477,0.8585140188936207,0.8650242125437069,355,295,319,144,18458,74060,341941,84231,7448,60905,288913,34957,0.6948254255913937,0.7555931192204435,0.19950712293823905,0.10896376164908636,0.17974661356133567,0.17563966513382856,27,21,-0.013112457443867076,1.3407585642587314
508,50446.5,50546.0,199,218.84327059578706,219.47536495193077,166.15488338100843,166.64036808588617,0.6320943561437105,0.48548470487773443,1.3019861383746343,0.0031389172079637193,0.0023414279747426413,0.0027401725913531803,52.834996866044605,359,264,1705,1361,50,28,199.17920199944155,0.21055718475073315,0.19397501836884642,0.8607242339832869,0.8939393939393939,92877,68617,520395,393584,13140,9254,-39992.67907557508,0.1784740437552244,0.17433889589007684,0.8585225620982591,0.8651354620575076,359,264,313,156,18525,74352,343041,84477,7480,61137,289886,35081,0.6947914564897818,0.7555337615350217,0.19945734681352756,0.10901088651500357,0.17985087668200617,0.1757477502878222,22,21,0.016582166381886726,1.3405995152632164
509,50546.0,50645.5,199,219.47536495193077,220.01510424452317,166.64036808588617,167.1460564918082,0.5397392925924009,0.5056884059220295,1.0673357076642602,0.003143407577895895,0.0023468127833127044,0.0027451101806043,52.86904775271498,321,266,1693,1376,38,21,394.3933400556449,0.18960425280567042,0.1933139534883721,0.881619937694704,0.9210526315789473,93198,68883,522088,394960,13178,9275,-39610.06486221763,0.17851013622224607,0.17440500303828235,0.8586021159252344,0.8653513929416548,321,266,330,131,18587,74611,344145,84745,7511,61372,290896,35181,0.6947717626147316,0.7555372695969212,0.1994356102062276,0.10903996631970152,0.17987651453567144,0.17593460133046004,24,18,-0.003709700682701683,1.339436873809225
510,50645.5,50745.0,199,220.01510424452317,220.53666967600833,167.1460564918082,167.5833913620342,0.5215654314851577,0.43733487022601025,1.1925996918919772,0.0031475221976118182,0.002350829474578571,0.0027491758360951944,52.953278313974124,310,246,1688,1325,49,19,166.17059142826704,0.18364928909952608,0.18566037735849056,0.8419354838709677,0.9227642276422764,93508,69129,523776,396285,13227,9294,-39397.2298287496,0.17852669843597263,0.17444263598167986,0.8585468623005519,0.8655557002126459,310,246,298,133,18649,74859,345287,84981,7529,61600,291860,35296,0.6948313782991202,0.7554891050632752,0.19943748128502375,0.10891232333752839,0.17995754125253305,0.17580852305896089,18,21,-0.002011088258964483,1.3388985596992606
511,50745.0,50844.5,199,220.53666967600833,221.07567376410142,167.5833913620342,168.02888309674736,0.539004088093094,0.4454917347131584,1.2099081668488103,0.0031519636933376232,0.0023549908726057437,0.0027534772829716832,53.04679066735406,311,249,1702,1326,42,28,189.81874903250812,0.1827262044653349,0.18778280542986425,0.864951768488746,0.8875502008032129,93819,69378,525478,397611,13269,9322,-39207.41107971707,0.1785403004502567,0.17448712435018146,0.8585680938829021,0.8656346392228084,311,249,332,116,18715,75104,346412,85247,7559,61819,292851,35382,0.6948473580245034,0.7555374474046241,0.19947984949743655,0.10895384704084868,0.18001769877455223,0.17603223026943945,17,15,-0.00505660096452934,1.3384186452706066
512,50844.5,50944.0,199,221.07567376410142,221.6150134618723,168.02888309674736,168.4794167592518,0.5393396977708846,0.4505336625044265,1.1971129854599614,0.0031563944272863477,0.0023592349851740573,0.0027578147062302027,53.13559670262052,303,254,1654,1399,35,29,315.7462767913446,0.18319226118500603,0.18155825589706934,0.8844884488448845,0.8858267716535433,94122,69632,527132,399010,13304,9351,-38912.371867732574,0.17855489706563063,0.17451191699456153,0.8586515373663968,0.8657082950367647,303,254,293,141,18772,75350,347527,85483,7577,62055,293873,35505,0.6948904638686325,0.755494849753139,0.19944327574849663,0.10881491268382353,0.18005851038319506,0.17587391486003434,16,25,0.0016340052879366962,1.3378889543101102
513,50944.0,51043.5,199,221.6150134618723,222.10430339281734,168.4794167592518,168.92353785007847,0.48928993094503426,0.44412109082668394,1.1017038844840117,0.0031598273557773408,0.0023633369219495893,0.0027615821388634653,53.18076554273887,289,245,1687,1329,33,29,270.97790344596285,0.17131001778304683,0.18434913468773514,0.8858131487889274,0.8816326530612245,94411,69877,528819,400339,13337,9380,-38658.126260930665,0.17853178497746866,0.1745445734739808,0.8587346813400981,0.8657641283970405,289,245,318,136,18826,75585,348661,85747,7609,62268,294853,35609,0.6949201900839418,0.7555147012906561,0.19940473038099374,0.10889133763613205,0.18002734931578898,0.17606090055069648,21,12,-0.013039116904688314,1.3370194179383879
514,51043.5,51143.0,199,222.10430339281734,222.57879062957724,168.92353785007847,169.35319648979103,0.4744872367598987,0.4296586397125566,1.1043353790751946,0.0031629574892239522,0.0023671401133145576,0.002765048801269255,53.22559413978621,298,222,1676,1353,53,16,-57.997659488037975,0.17780429594272076,0.164079822616408,0.8221476510067114,0.9279279279279279,94709,70099,530495,401692,13390,9396,-38721.52266835329,0.1785294866115609,0.17450932555291118,0.8586195609709742,0.8659609980170901,298,222,293,138,18882,75827,349802,85984,7634,62465,295871,35722,0.6949811025551608,0.755566453900003,0.19936859221404513,0.10890312272642977,0.18005836019300822,0.17607712888642862,20,23,0.01372447332631277,1.3361936082419144
515,51143.0,51242.5,199,222.57879062957724,223.11136599268877,169.35319648979103,169.81532359140328,0.5325753631115333,0.46212710161225345,1.1524434755146415,0.0031672090595597827,0.0023715621586936366,0.0027693856091267097,53.29604240128549,308,255,1695,1341,39,22,338.5114511201958,0.18171091445427728,0.19015659955257272,0.8733766233766234,0.9137254901960784,95017,70354,532190,403033,13429,9418,-38369.733000477,0.17853961930889345,0.17456138827341683,0.8586673963606513,0.866134121727265,308,255,340,128,18952,76065,350919,86254,7659,62695,296854,35825,0.694998027020425,0.7555535154689567,0.19945904417104307,0.1088637461977997,0.1801418170066346,0.17613375034495446,27,19,-0.008445685098295436,1.3354948542881222
516,51242.5,51342.0,199,223.11136599268877,223.57785577080926,169.81532359140328,170.20969260168502,0.46648977812049,0.39436901028173565,1.1828763568091507,0.003170156986728461,0.0023746473243570643,0.002772402155542763,53.368163169124244,282,227,1687,1393,40,28,-258.2221380499475,0.16716064018968582,0.16295764536970567,0.8581560283687943,0.8766519823788547,95299,70581,533877,404426,13469,9446,-38640.53492759033,0.178503662828704,0.17452142048236266,0.8586658831677143,0.866167948881427,282,227,310,127,19009,76290,352071,86507,7677,62904,297911,35934,0.6950664666205887,0.7556091843748918,0.19946694089130002,0.10876864878650061,0.18015277303915994,0.17603356951227903,22,14,0.004202994819980155,1.335001182791125
517,51342.0,51441.5,199,223.57785577080926,224.1003479237745,170.20969260168502,170.62300572202034,0.522492152965242,0.4133131203353173,1.2641557387322926,0.0031741821713126154,0.0023780888202613788,0.0027761354957869973,53.47734220175417,305,226,1704,1353,44,27,-5.227814889113943,0.1789906103286385,0.1670362158167036,0.8557377049180328,0.8805309734513275,95604,70807,535581,405779,13513,9473,-38649.5482105782,0.17850521209676967,0.17449646236005315,0.8586565415672984,0.8662137924216532,305,226,321,144,19063,76541,353203,86774,7699,63108,298916,36056,0.6950694666166275,0.7556206703649031,0.1993954227856575,0.1087321874955866,0.18011659438570632,0.1759570334818878,13,16,0.01195439451193489,1.3347618239775152
518,51441.5,51541.0,199,224.1003479237745,224.62799885038984,170.62300572202034,171.02084916271494,0.5276509266153369,0.39784344069460076,1.326277808411528,0.0031782919053218446,0.0023812168853567127,0.0027797543953392784,53.607149687674905,313,224,1727,1377,42,28,-25.623373105083342,0.1812391430225825,0.1626724763979666,0.865814696485623,0.875,95917,71031,537308,407156,13555,9501,-38681.80549080674,0.17851399941932747,0.17445647368576173,0.8586799003304941,0.8662415001900579,313,224,321,145,19130,76787,354363,87028,7720,63311,299945,36180,0.6951190006476732,0.7556440283331205,0.19944326865936174,0.10868494037814476,0.1802030935021383,0.17585421412300684,26,11,0.018566666624615924,1.334734322130312
519,51541.0,51640.5,199,224.62799885038984,225.15716767036056,171.02084916271494,171.39661688452298,0.529168819970721,0.37576772180804596,1.4082338350525943,0.0031824151956732394,0.0023839054077706132,0.0027831603017219263,53.76055078583758,299,219,1694,1392,34,29,289.347264679301,0.17650531286894924,0.15732758620689655,0.8862876254180602,0.8675799086757991,96216,71250,539002,408548,13589,9530,-38392.45822612742,0.17850768642787967,0.17439811233930896,0.8587656938554918,0.8662456140350877,299,219,321,127,19202,77014,355509,87277,7739,63511,301010,36288,0.6951940809125012,0.7557227057775341,0.1995717967905546,0.10861754385964913,0.18033602870049492,0.17577849955708996,19,8,0.019177726662052696,1.334958671304571
520,51640.5,51740.0,199,225.15716767036056,225.64779845560275,171.39661688452298,171.79540090099437,0.49063078524218895,0.3987840164713816,1.2303170763550364,0.0031857777869618506,0.0023870284349912976,0.002786403110976574,53.85239755460839,287,225,1710,1369,40,23,41.22079619227037,0.16783625730994153,0.1643535427319211,0.8606271777003485,0.8977777777777778,96503,71475,540712,409917,13629,9553,-38366.389018039656,0.1784739380668452,0.17436456648541046,0.858771229909951,0.8663448758307101,287,225,315,129,19245,77258,356660,87549,7756,63719,302042,36400,0.6952037313764075,0.7557578729352528,0.1994238521082246,0.10851346624693949,0.18020675318838136,0.17564996829422955,23,16,0.003482714578020435,1.3346207947344644
521,51740.0,51839.5,199,225.64779845560275,226.16356764280675,171.79540090099437,172.17873915375384,0.5157691872040004,0.3833382527594722,1.3454675694147926,0.0031896123975850487,0.002389841520061135,0.002789726958823092,53.984828489052916,288,217,1699,1327,36,30,-145.8433281352949,0.16951147733961153,0.16352675207234363,0.875,0.8617511520737327,96791,71692,542411,411244,13665,9583,-38516.090782295374,0.17844586485156091,0.17432959508223828,0.8588195183436477,0.8663309713775595,288,217,307,137,19304,77487,357823,87797,7780,63912,303039,36513,0.6952790411698878,0.7558019083561097,0.1994400305813557,0.10851977905484574,0.18024108084891832,0.17564852233987313,21,13,0.0059847252672678986,1.3346543571238374
522,51839.5,51939.0,199,226.16356764280675,226.66471448181716,172.17873915375384,172.58384647931942,0.5011468390104028,0.4051073255655808,1.2370717767464183,0.003193150786954322,0.0023930629547117732,0.0027931068708330477,54.08086800249774,279,233,1756,1379,29,35,28.962439819345743,0.15888382687927108,0.16896301667875271,0.8960573476702509,0.8497854077253219,97070,71925,544167,412623,13694,9618,-38491.7305587133,0.17838273912236502,0.17431165979598812,0.8589265478520656,0.8662773722627737,279,233,330,144,19349,77721,359015,88082,7803,64122,304064,36634,0.6953086093055992,0.7558158415793593,0.19933038013804472,0.10848800834202293,0.18010630078841303,0.17559691248284087,16,15,-0.010079189799481636,1.3343363076459112
523,51939.0,52038.5,199,226.66471448181716,227.1632587812424,172.58384647931942,173.01273866060149,0.498544299425248,0.4288921812820661,1.1624000650582493,0.0031966256333876993,0.002396729132969952,0.0027966773831788255,54.15052012064092,281,237,1700,1396,25,30,557.0363982369515,0.1652941176470588,0.16977077363896848,0.9110320284697508,0.8734177215189873,97351,72162,545867,414019,13719,9648,-37894.53388655034,0.1783419770750018,0.17429634871829552,0.8590769483621123,0.8663008231479172,281,237,285,147,19408,77943,360208,88308,7830,64332,305103,36754,0.6954368005393256,0.7558421231875831,0.19936107487339627,0.10850586181092542,0.18017750380630548,0.17562354207787548,23,12,-0.004476655991909662,1.3337450567167513
524,52038.5,52138.0,199,227.1632587812424,227.69395268694524,173.01273866060149,173.4467514272681,0.530693905702833,0.43401276666662625,1.222761048663966,0.0032007038422791176,0.002400479530337249,0.0028005916863081833,54.24720125967713,290,244,1699,1436,30,26,491.66007778022,0.17068864037669218,0.16991643454038996,0.896551724137931,0.8934426229508197,97641,72406,547566,415455,13749,9674,-37406.95628631729,0.17831823013116227,0.1742812097579762,0.8591882508372508,0.8663922879319393,290,244,262,137,19443,78198,361390,88535,7853,64553,306181,36868,0.6955015468454945,0.7558796981622559,0.19912741573724152,0.10845786260807115,0.18006445757469114,0.1755998300574674,25,16,0.00077220583630222,1.3333601898406704
525,52138.0,52237.5,199,227.69395268694524,228.20315625456232,173.4467514272681,173.89005068777016,0.5092035676170781,0.4432992605020445,1.1486677578491689,0.003204355118379817,0.002404393414945691,0.002804374266662754,54.31310556679216,295,241,1699,1367,38,21,272.5901389637868,0.17363154796939376,0.17629846378931968,0.8711864406779661,0.9128630705394191,97936,72647,549265,416822,13787,9695,-37111.670707214675,0.17830373317069173,0.1742878254986541,0.8592243914393073,0.8665464506448993,295,241,298,121,19501,78435,362554,88775,7867,64780,307200,36975,0.6955749956760398,0.7558790083057036,0.199119833360562,0.10829077594394813,0.18010454763751893,0.17543820525400294,20,16,-0.0026669158199259246,1.3327083240461275
526,52237.5,52337.0,199,228.20315625456232,228.7323453584529,173.89005068777016,174.39446638606256,0.5291891038905874,0.5044156982924051,1.04911307416095,0.0032083743737748877,0.0024094601660683253,0.0028089172699216065,54.33787897239034,317,280,1710,1420,48,31,-165.12859417694986,0.18538011695906434,0.19718309859154928,0.8485804416403786,0.8892857142857142,98253,72927,550975,418242,13835,9726,-37247.7872798331,0.1783256953582286,0.17436555869568335,0.859190050176585,0.866633757044716,317,280,317,125,19561,78692,363690,89032,7898,65029,308246,37069,0.6955869141068106,0.7558877396339918,0.19908806855770309,0.10830008090282063,0.18013131601484442,0.17563991371450174,27,21,-0.011802981632484943,1.331573942975867
527,52337.0,52436.5,199,228.7323453584529,229.25102046408023,174.39446638606256,174.81033490034955,0.5186751056273238,0.41586851428698424,1.2472093649999056,0.003212177866674618,0.0024128190330362422,0.00281249844985543,54.44068556373068,289,245,1708,1457,36,37,-112.30310583614056,0.16920374707259953,0.16815374056280027,0.8754325259515571,0.8489795918367347,98542,73172,552683,419699,13871,9763,-37369.485190903724,0.17829750507976544,0.17434399414818716,0.8592376854539181,0.8665746460394687,289,245,286,156,19612,78930,364874,89267,7929,65243,309333,37194,0.6956718408201447,0.7559274623003629,0.19902173692435712,0.1083611217405565,0.1801265625143508,0.17571969948806596,18,17,0.0010500065097992506,1.3312966379548485
528,52436.5,52536.0,199,229.25102046408023,229.7996203490085,174.81033490034955,175.21072292178806,0.5485998849282794,0.40038802143851626,1.3701705734284126,0.0032165365576140525,0.002415870512548413,0.0028162035350812326,54.588897427220445,320,219,1740,1387,44,25,45.47996781460705,0.1839080459770115,0.15789473684210525,0.8625,0.8858447488584476,98862,73391,554423,421086,13915,9788,-37337.580515894835,0.17831511318974863,0.1742898125323568,0.8592482450284235,0.8666321483560655,320,219,307,143,19670,79192,366045,89516,7960,65431,310389,37306,0.6957052647527249,0.7560189604973806,0.1989642127409925,0.10846016541537791,0.1801513014489037,0.17584942340829762,20,12,0.026013309134906237,1.3314192714000412
529,52536.0,52635.5,199,229.7996203490085,230.34421180718647,175.21072292178806,175.6356761247879,0.5445914581779618,0.42495320299983064,1.2815327766294748,0.0032208026151359795,0.00241937715895628,0.0028200898870461297,54.708535682398576,320,235,1770,1403,36,25,580.4464592154292,0.1807909604519774,0.16749821810406273,0.8875,0.8936170212765957,99182,73626,556193,422489,13951,9813,-36777.74856265694,0.17832299219875114,0.17426725902922915,0.8593393962614184,0.8667182788688779,320,235,316,149,19732,79450,367241,89770,7976,65650,311424,37439,0.6957530929012051,0.7559960140974085,0.19894738964731504,0.10833129600956184,0.18019762196124273,0.17562479357040625,23,15,0.013292742347914666,1.331252799181354
530,52635.5,52735.0,199,230.34421180718647,230.8313058915178,175.6356761247879,176.06693937895758,0.48709408433131784,0.4312632541696928,1.1294588157507544,0.003223962266679078,0.0024229902285846775,0.002823476247631878,54.7643665125602,310,244,1699,1409,55,30,-555.5472368395781,0.18246027074749852,0.17317246273953157,0.8225806451612903,0.8770491803278688,99492,73870,557892,423898,14006,9843,-37289.50157721831,0.17833559183497882,0.1742636200217977,0.8592248623004864,0.8667524028699066,310,244,293,111,19790,79702,368395,90005,7995,65875,312497,37531,0.6958067152782259,0.7560592406663867,0.19891046516302818,0.1082306755110329,0.18024500204927366,0.1756139348943461,24,18,0.009287808007966941,1.3305717161568027
531,52735.0,52834.5,199,230.8313058915178,231.39868890008088,176.06693937895758,176.46979512720662,0.5673830085630982,0.40285574824903847,1.408402414584269,0.003228629648087599,0.002426052020037324,0.0028273408340624617,54.92889377287426,313,223,1740,1412,30,24,532.4464315756965,0.17988505747126438,0.15793201133144477,0.9041533546325878,0.8923766816143498,99805,74093,559632,425310,14036,9867,-36770.4554643833,0.17834040941189924,0.17420940020220546,0.8593657632383147,0.8668295250563481,313,223,323,139,19841,79964,369550,90277,8014,66079,313566,37651,0.6957983103182092,0.7561073099621453,0.19879765542808475,0.10816136477130094,0.18017944386930385,0.17549545603854155,23,15,0.021953046139819604,1.3308163309861456
532,52834.5,52934.0,199,231.39868890008088,231.89653039815587,176.46979512720662,176.84114052793097,0.49784149807499034,0.3713454007243513,1.3406426930396715,0.003231965742999948,0.002428507024849555,0.0028302363839247512,55.0553898702249,294,219,1751,1389,41,36,-294.82366939572825,0.16790405482581383,0.15766738660907129,0.8605442176870748,0.8356164383561644,100099,74312,561383,426699,14077,9903,-37077.15521704347,0.17830785755892145,0.1741555522745542,0.8593692244677769,0.8667375390246528,294,219,307,126,19898,80201,370757,90527,8035,66277,314631,37756,0.6958796401031025,0.7561911323907485,0.19878320462741886,0.10812520185165249,0.18019470228661988,0.17547116245550437,21,18,0.010236668216742545,1.3308447164982635
533,52934.0,53033.5,199,231.89653039815587,232.45191050297998,176.84114052793097,177.26113296074286,0.5553801048241098,0.41999243281188114,1.3223574079794675,0.0032363742680528978,0.0024318701063704685,0.0028341221872116833,55.19077754223713,301,236,1759,1452,32,31,289.7546766749477,0.17111995451961343,0.162534435261708,0.893687707641196,0.8686440677966102,100400,74548,563142,428151,14109,9934,-36792.258500356606,0.17828540581238836,0.17411614126791716,0.8594721115537849,0.8667435746096475,301,236,357,139,19965,80435,371925,90817,8056,66492,315729,37874,0.6958990805161043,0.7562402049744132,0.19885458167330677,0.10806460267210388,0.1802188081096207,0.17539734378401917,30,24,0.008585519257905433,1.3308170775959496
534,53033.5,53133.0,199,232.45191050297998,232.92974888819694,177.26113296074286,177.65787022002888,0.47783838521695543,0.3967372592860272,1.204420240430351,0.003239306892703222,0.00243478291354684,0.002837044903125031,55.27187866816806,275,224,1747,1417,33,27,117.26311718862806,0.15741270749856898,0.15808045165843332,0.88,0.8794642857142857,100675,74772,564889,429568,14142,9961,-36676.90940839616,0.1782208540084866,0.17406324493444578,0.8595281847529178,0.8667816829829348,275,224,336,127,20012,80663,373108,91106,8082,66690,316821,37975,0.6959243320369134,0.7563482382300357,0.19877824683387138,0.10808858931150699,0.18009683399629223,0.1754782117810539,15,18,-0.0006677441598643419,1.3304294500672347
535,53133.0,53232.5,199,232.92974888819694,233.30808640133543,177.65787022002888,177.99690186733636,0.37833751313849007,0.33903164730747903,1.1159356837132175,0.0032403593790097927,0.002436600802006138,0.0028384800905079653,55.31118453399907,233,190,1696,1379,35,29,-208.8979499053174,0.13738207547169812,0.13778100072516317,0.8497854077253219,0.8473684210526315,100908,74962,566585,430947,14177,9990,-36885.80735830149,0.17809860832884739,0.17394714431240965,0.859505688349784,0.8667324777887463,233,190,305,118,20056,80852,374310,91367,8100,66862,317910,38075,0.6960403116919791,0.7564967385780618,0.1987553018591192,0.10805474773885436,0.17999874352691994,0.17541959935029777,11,19,-0.0003989252534650489,1.3298687976881123
536,53232.5,53332.0,199,233.30808640133543,233.74761345133965,177.99690186733636,178.3963688692326,0.4395270500042159,0.39946700189622675,1.1002837478886327,0.0032425552706281976,0.0024395450985278625,0.0028410501845780303,55.35124458210706,267,214,1778,1438,43,18,153.08596427352958,0.15016872890888638,0.14881780250347706,0.8389513108614233,0.9158878504672897,101175,75176,568363,432385,14220,10008,-36732.72139402795,0.17801123577713537,0.1738635706604068,0.8594514455151965,0.8668724060870491,267,214,313,166,20114,81061,375566,91622,8124,67052,318992,38217,0.6961748037785711,0.7565387328422586,0.19880405238448234,0.1080664041715441,0.18001360349395001,0.17530912151226774,16,15,0.0013509264054093195,1.3291638972302293
537,53332.0,53431.5,199,233.74761345133965,234.21150102415038,178.3963688692326,178.80385680602612,0.4638875728107337,0.40748793679352957,1.1384081120560419,0.0032451989045030323,0.0024426285455486276,0.00284391372502583,55.40764421812426,273,225,1721,1447,37,23,206.51104791220996,0.15862870424171993,0.15549412577747063,0.8644688644688645,0.8977777777777778,101448,75401,570084,433832,14257,10031,-36533.384517131046,0.1779527227566464,0.1738023013516753,0.8594649475593408,0.8669646291163247,273,225,314,138,20166,81282,376752,91884,8148,67253,320100,38331,0.6962447639295262,0.7566246842095558,0.19878164182635438,0.10806222729141524,0.1799732262382865,0.17530497644097334,11,10,0.0031345784642493046,1.3285683205565515
538,53431.5,53531.0,199,234.21150102415038,234.6897827096972,178.80385680602612,179.15866316288265,0.4782816855468184,0.3548063568565283,1.3480076563008687,0.0032481016037716566,0.0024447163977571506,0.0028464090007644036,55.53111954681455,273,207,1721,1399,21,25,482.7705749055178,0.15862870424171993,0.14796283059328091,0.9230769230769231,0.8792270531400966,101721,75608,571805,435231,14278,10056,-36055.96052453915,0.17789456195731063,0.17371924334433897,0.8596356701172816,0.8669982012485451,273,207,297,130,20223,81498,377960,92124,8168,67440,321182,38441,0.696361521847483,0.7567245899304048,0.1988085056183089,0.10803089620146017,0.18000480653689016,0.1752451243322105,20,10,0.010665873648439017,1.3286210239975293
539,53531.0,53630.5,199,234.6897827096972,235.17284952893763,179.15866316288265,179.48507042622768,0.4830668192404346,0.32640726334503256,1.4799511943758532,0.0032510827564677003,0.002446266970318812,0.002848674863393256,55.68777910270995,289,185,1759,1369,41,20,-49.282651632768626,0.1642978965321205,0.13513513513513514,0.8581314878892734,0.8918918918918919,102010,75793,573564,436600,14319,10076,-36117.79849133829,0.17785286384780077,0.17359825927622538,0.859631408685423,0.8670589632287942,289,185,329,144,20280,81730,379158,92396,8183,67610,322237,38570,0.6964140008787162,0.7568025652771415,0.19880403881972356,0.10796511551198659,0.179985089992545,0.1750262015271747,16,13,0.02916276139698537,1.328997528035135
540,53630.5,53730.0,199,235.17284952893763,235.60438179984868,179.48507042622768,179.80160434397354,0.43153227091104895,0.3165339177458577,1.3633049942455848,0.0032530937286739635,0.002447628041493187,0.002850360885083575,55.802777455875145,258,185,1794,1435,34,26,-129.99076092811805,0.14381270903010032,0.1289198606271777,0.8682170542635659,0.8594594594594595,102268,75978,575358,438035,14353,10102,-36266.82720592306,0.17774672464795832,0.173451893113564,0.8596530684084953,0.8670404590802601,258,185,329,150,20322,81946,380407,92683,8200,67778,323354,38703,0.6964863615349052,0.7569121188946089,0.19871318496499393,0.10792597857274475,0.17983275076324057,0.17482890220241776,14,20,0.014892848402922626,1.3290801026651906
541,53730.0,53829.5,199,235.60438179984868,236.0489211258283,179.80160434397354,180.2097593463396,0.4445393259796049,0.4081550023660725,1.0891433974902,0.0032553389009303754,0.0024506861418329166,0.002853012521381646,55.83916177948868,250,234,1729,1401,25,28,319.34214173142067,0.14459224985540775,0.1670235546038544,0.9,0.8803418803418803,102518,76212,577087,439436,14378,10130,-35954.561300444955,0.1776473911212694,0.1734313984288952,0.859751458280497,0.8670812995328819,250,234,308,131,20368,82150,381624,92945,8221,67991,324411,38813,0.6965882094034348,0.7569520931375673,0.19867730544879925,0.10787015168214979,0.1797498963049253,0.1747884509078539,15,16,-0.02243130474844665,1.3283377440146795
542,53829.5,53929.0,199,236.0489211258283,236.50329600599704,180.2097593463396,180.57165839957273,0.45437488016875704,0.3618990532331168,1.2555293419794389,0.003257758168106221,0.002452875238276773,0.0028553167031914973,55.93163760642432,266,199,1743,1398,32,25,269.56457094254785,0.15261044176706828,0.14234620886981403,0.8796992481203008,0.8743718592964824,102784,76411,578830,440834,14410,10155,-35701.20125302024,0.17757199868700654,0.17333281915641716,0.8598030821917808,0.8671002866079491,266,199,305,131,20414,82370,382842,93204,8236,68175,325494,38929,0.6966743257951384,0.757042333395337,0.1986106787048568,0.10778552826163772,0.17967223503318136,0.174621011343157,22,13,0.010264232897254255,1.3281385523688132
543,53929.0,54028.5,199,236.50329600599704,236.98801006725978,180.57165839957273,180.89629241839756,0.48471406126273564,0.3246340188248382,1.4931092650652589,0.0032607300648558294,0.0024543665425442673,0.0028575483037000483,56.091717648862215,276,179,1735,1397,35,17,283.53263410328736,0.15907780979827088,0.12813171080887617,0.8731884057971014,0.9050279329608939,103060,76590,580565,442231,14445,10172,-35398.45701999469,0.17751672939291896,0.17319002964514021,0.8598389287793519,0.8671889280584932,276,179,311,143,20462,82598,384038,93467,8252,68338,326585,39056,0.6967350770370243,0.7571540665398853,0.19854453716281778,0.10774252513382948,0.17960308613259135,0.1744313858121248,20,5,0.03094609898939471,1.3285424195343138
544,54028.5,54128.0,199,236.98801006725978,237.3773933623339,180.89629241839756,181.29978521711655,0.3893832950741114,0.403492798718986,0.9650315849758171,0.0032619298256750156,0.002457309258471991,0.002859619542073503,56.07760814521734,248,227,1748,1459,42,26,-197.29750840732913,0.14187643020594964,0.15558601782042494,0.8306451612903226,0.8854625550660793,103308,76817,582313,443690,14487,10198,-35609.51914631858,0.17740974355715913,0.1731321418107237,0.8597688465559299,0.8672429279977089,248,227,309,150,20510,82798,385277,93728,8274,68543,327689,39184,0.6968537539089802,0.7572021005657102,0.19853254346226817,0.10771053282476535,0.17953745688825085,0.17434363015719162,16,22,-0.0137095876144753,1.3274396840482974
545,54128.0,54227.5,199,237.3773933623339,237.7781728479492,181.29978521711655,181.67269689217116,0.40077948561531684,0.37291167505460976,1.0747303246985391,0.0032633353388917537,0.002459677234200849,0.002861506286546301,56.10547595577805,240,211,1773,1401,37,19,61.2804208945907,0.1353637901861252,0.15060670949321914,0.8458333333333333,0.909952606635071,103548,77028,584086,445091,14524,10217,-35554.50782240679,0.17728211256561532,0.1730612391623286,0.8597365473017344,0.8673599210676637,240,211,310,150,20557,82991,386547,93991,8295,68733,328750,39313,0.6969932509938604,0.7572496410846321,0.1985262873256847,0.10768811341330425,0.17946188497398471,0.1742354226180474,20,19,-0.015242919307093927,1.3267331556825235
546,54227.5,54327.0,199,237.7781728479492,238.19833255414773,181.67269689217116,181.99868610282365,0.4201597061985183,0.3259892106524944,1.288876111444099,0.0032650924364671548,0.0024611728317094454,0.0028631326340883,56.19964645132407,248,189,1749,1446,33,22,164.99790033517587,0.14179531160663236,0.13070539419087138,0.8669354838709677,0.8835978835978836,103796,77217,585835,446537,14557,10239,-35405.10626232118,0.17717616735087524,0.17292408019940117,0.8597537477359436,0.8673996658766852,248,189,314,148,20602,83194,387779,94260,8315,68902,329879,39441,0.6970921846595031,0.7573706098262853,0.19848549077035724,0.10768354118911638,0.1793630617610698,0.1741142474244074,16,14,0.011089917415760986,1.3266408577244593
547,54327.0,54426.5,199,238.19833255414773,238.6676612185018,181.99868610282365,182.39540097789578,0.46932866435406595,0.3967148750721208,1.1830377277099688,0.0032677465106208405,0.0024639624319651486,0.0028658544712929944,56.272260240606016,289,226,1725,1492,36,26,21.389987876277008,0.16753623188405797,0.15147453083109919,0.8754325259515571,0.8849557522123894,104085,77443,587560,448029,14593,10265,-35385.78728943826,0.17714786574988087,0.17285265016327067,0.8597972810683576,0.8674508993711504,289,226,296,136,20656,83429,388973,94502,8340,69103,331034,39552,0.6971696507590714,0.7574822165529463,0.1984531872988423,0.10769210903503222,0.17937095121485264,0.17414181909295917,20,16,0.016061701052958788,1.3262160446231435
548,54426.5,54526.0,199,238.6676612185018,239.0409055430153,182.39540097789578,182.7621059061912,0.3732443245135073,0.3667049282954338,1.0178328561016914,0.0032686287236331052,0.0024661914725387264,0.002867410098085916,56.27879963682409,218,209,1780,1441,21,28,256.06206007685864,0.12247191011235956,0.1450381679389313,0.9036697247706422,0.8660287081339713,104303,77652,589340,449470,14614,10293,-35129.72522936145,0.17698272643974616,0.17276347698400338,0.8598889773065013,0.8674470715499922,218,209,311,160,20699,83604,390267,94770,8367,69285,332133,39685,0.6973326093596226,0.7575589027076335,0.19845066776602782,0.10774996136609488,0.17926023434861305,0.17412386581203695,12,11,-0.022566257826571734,1.3253750813874725
549,54526.0,54625.5,199,239.0409055430153,239.48982909344582,182.7621059061912,183.0769922104049,0.44892355043052135,0.3148863042137009,1.4256687077944636,0.0032708931421268307,0.0024674637767317514,0.002869178459429291,56.41283688304091,271,176,1698,1428,36,19,123.51635995258658,0.15959952885747938,0.12324929971988796,0.8671586715867159,0.8920454545454546,104574,77828,591038,450898,14650,10312,-35006.20886940886,0.17693278604759763,0.1726066649220001,0.8599078164744582,0.8675026982576964,271,176,323,153,20752,83822,391424,95040,8387,69441,333252,39818,0.6973764800232811,0.7576857737226601,0.19844320768068544,0.10776327285809734,0.17921790797291695,0.17398610102686443,13,13,0.03635022913759142,1.3256093860308868
550,54625.5,54725.0,199,239.48982909344582,239.89106815686736,183.0769922104049,183.42448350246715,0.40123906342154214,0.3474912920622444,1.1546737215782379,0.003272277978961548,0.002469327251309685,0.0028708026151356165,56.46658465440021,238,203,1765,1449,34,26,-96.20720788723895,0.1348441926345609,0.14009661835748793,0.8571428571428572,0.8719211822660098,104812,78031,592803,452347,14684,10338,-35106.78070219114,0.1768074722968676,0.1725025257158774,0.859901537991833,0.8675141930771104,238,203,322,139,20796,84016,392673,95318,8419,69612,334391,39925,0.6974812880501617,0.7578474047578518,0.1984123955272297,0.1078930168779075,0.17909985014726906,0.17414777428429587,9,15,-0.005252425722927029,1.3251698320771346
551,54725.0,54824.5,199,239.89106815686736,240.26950358533801,183.42448350246715,183.7860790555854,0.37843542847065237,0.3615955531182351,1.0465710244697366,0.003273241850397931,0.0024714412239243543,0.0028723415371611424,56.483424529752625,235,207,1787,1385,36,22,56.57107002081315,0.1315053161723559,0.14945848375451262,0.8468085106382979,0.893719806763285,105047,78238,594590,453732,14720,10360,-35063.50972608801,0.1766713197329252,0.1724321846376275,0.859872247660571,0.8675835271862777,235,207,322,160,20837,84210,393944,95599,8443,69795,335433,40061,0.6975916177534099,0.7578835083265011,0.1983588298571116,0.10791431273805567,0.17895668006458484,0.17406811809335312,15,14,-0.01795316758215673,1.3244263382482602
552,54824.5,54924.0,199,240.26950358533801,240.6649401486058,183.7860790555854,184.1290020128706,0.3954365632677934,0.3429229572851966,1.1531352884575854,0.0032745117688152575,0.0024732075656967076,0.0028738596672559825,56.53593813573522,239,194,1740,1501,30,23,63.056959022639596,0.13735632183908045,0.12924716855429713,0.8744769874476988,0.8814432989690721,105286,78432,596330,455233,14750,10383,-35010.97224100138,0.17655660456458672,0.17228979445690448,0.8599054005280854,0.8676178090575275,239,194,327,166,20886,84400,395167,95877,8461,69971,336592,40209,0.6976891989334765,0.7579700944351574,0.19837395285223106,0.10787688698490412,0.1788751573700573,0.17384425724265462,18,10,0.008109153284783316,1.3239939155259783
553,54924.0,55023.5,199,240.6649401486058,241.0986928530579,184.1290020128706,184.4578636701194,0.4337527044521039,0.3288616572488081,1.3189518902288386,0.0032764734539762336,0.002474711968442116,0.0028755927112091746,56.64082918293852,264,196,1793,1450,33,22,243.9368007224245,0.147239263803681,0.13517241379310344,0.875,0.8877551020408163,105550,78628,598123,456683,14783,10405,-34785.85700504876,0.1764687196446216,0.1721719442151339,0.8599431549028896,0.8676680063081854,264,196,338,141,20945,84605,396417,96156,8479,70149,337723,40332,0.6977862412915069,0.7580794555523197,0.1984367598294647,0.10783690288446864,0.17886269118111717,0.1737108438671611,19,20,0.012066850010577557,1.3239817383834143
554,55023.5,55123.0,199,241.0986928530579,241.48827107271592,184.4578636701194,184.7700999231049,0.38957821965800576,0.31223625298551383,1.2477033526151116,0.003277626676968222,0.002475909334552914,0.0028767680057605683,56.71817114961101,241,190,1762,1448,31,24,131.94183550247087,0.13677639046538026,0.13121546961325967,0.8713692946058091,0.8736842105263158,105791,78818,599885,458131,14814,10429,-34637.33533085728,0.17635213415904716,0.1720424943957078,0.8599691845242033,0.8676825090715319,241,190,345,141,21001,84790,397649,96445,8499,70319,338860,40453,0.697883761054202,0.758208896581982,0.19851405128980726,0.10783069857139232,0.1788140932854248,0.17361905540120934,23,17,0.005560920852120593,1.3238072296213859
555,55123.0,55222.5,199,241.48827107271592,241.88006954850738,184.7700999231049,185.15340190714244,0.391798475791461,0.38330198403753,1.0221665738967296,0.003278815949844914,0.002478389283944005,0.0028786026168944596,56.72666764136494,232,219,1747,1457,28,19,283.99322920888227,0.1327990841442473,0.15030885380919698,0.8793103448275862,0.91324200913242,106023,79037,601632,459588,14842,10448,-34363.97304627815,0.17622566618796873,0.1719735937404806,0.860011506937174,0.8678087478016625,232,219,299,139,21039,84984,398903,96706,8517,70520,339977,40574,0.6980047603850859,0.7582748026493294,0.19843807475736397,0.10775965686956741,0.1786827466134443,0.17349412315903118,14,17,-0.017509769664949687,1.3229624462494218
556,55222.5,55322.0,199,241.88006954850738,242.29813720758395,185.15340190714244,185.5093014735991,0.41806765907656995,0.35589956645665666,1.1746787534440126,0.003280475786294554,0.002480364986787435,0.0028804203865409944,56.788835733984854,251,191,1775,1498,39,14,257.63664494076477,0.14140845070422536,0.12750333778371162,0.8446215139442231,0.9267015706806283,106274,79228,603407,461086,14881,10462,-34112.667810812294,0.17612324683008318,0.17182911647718646,0.8599751585524211,0.8679507244913415,251,191,316,157,21073,85201,400145,96988,8534,70694,341144,40714,0.6980661477245044,0.7583791310080983,0.19828932758718032,0.10771444438834755,0.17849247422942377,0.17328622482131253,15,11,0.013905112920513746,1.322577847925285
557,55322.0,55421.5,199,242.29813720758395,242.70834544286924,185.5093014735991,185.85678472387215,0.41020823528529604,0.3474832502730578,1.180512254800621,0.003281987851008591,0.002482181735415453,0.002882084793212022,56.85156071899709,256,203,1794,1447,40,23,-143.1202546967672,0.1426978818283166,0.1402902557014513,0.84375,0.8866995073891626,106530,79431,605201,462533,14921,10485,-34255.788065509056,0.17602416387282901,0.1717304495030625,0.8599361682155262,0.8679986403293425,256,203,320,146,21112,85418,401402,97269,8551,70880,342259,40843,0.6981383044641367,0.7584539913908845,0.19817891673706936,0.10765318326597928,0.17833942946925604,0.17311819249301535,16,13,0.00240762612686532,1.3222189995928204
558,55421.5,55521.0,199,242.70834544286924,243.12796193641435,185.85678472387215,186.1761847389561,0.41961649354510655,0.3194000150839429,1.3137647893811943,0.0032836639501849342,0.002483486159550647,0.0028835750548677906,56.951777197458256,244,179,1779,1484,22,19,526.4704821374127,0.13715570545250141,0.12061994609164421,0.9098360655737705,0.8938547486033519,106774,79610,606980,464017,14943,10504,-33739.51144843508,0.17591024415960987,0.17156699000252146,0.8600501994867664,0.8680567767868358,244,179,326,173,21157,85617,402656,97550,8569,71041,343409,40998,0.6982322317045042,0.7585454843249277,0.1981474890891041,0.10763723150357996,0.17822874809404668,0.17287711582302742,17,8,0.016535759360857202,1.322199416154213
559,55521.0,55620.5,199,243.12796193641435,243.55120217316457,186.1761847389561,186.56202907363908,0.4232402367502175,0.38584433468298585,1.0969196608729699,0.0032853992038001803,0.002485980517958207,0.0028856898608791938,56.98917309952549,258,216,1785,1471,43,22,-180.88538251197343,0.14453781512605043,0.14683888511216858,0.8333333333333334,0.8981481481481481,107032,79826,608765,465488,14986,10526,-33923.832549430954,0.17581825499166345,0.17148884611418555,0.8599857986396592,0.8681382005862751,258,216,348,152,21206,85826,403884,97849,8603,71223,344546,41116,0.6982825885193794,0.7586640257106521,0.1981276627550639,0.10777190389096285,0.1781193565998908,0.1730324423258714,15,12,-0.0023010699861181483,1.32157077662803
560,55620.5,55720.0,199,243.55120217316457,243.9804087836799,186.56202907363908,186.95248520540198,0.4292066105153367,0.39045613176290317,1.0992441291099098,0.0032872353378586372,0.0024885487352989477,0.0028878920365787925,57.02792357827792,263,220,1765,1506,36,26,173.3934022679341,0.1490084985835694,0.1460823373173971,0.8631178707224334,0.8818181818181818,107295,80046,610530,466994,15022,10552,-33766.762258699004,0.1757407498403027,0.17140691315091844,0.8599934759308449,0.8681757989156236,263,220,302,161,21247,86048,405125,98110,8628,71418,345696,41252,0.6983637167706747,0.7587335169188469,0.198024139055874,0.10778802188741474,0.17801218194157026,0.17297514033680833,23,18,0.002926161266172317,1.3209447302480672
561,55720.0,55819.5,199,243.9804087836799,244.4413383371473,186.95248520540198,187.28884978946496,0.4609295534673947,0.3363645840629772,1.3703272440272587,0.0032896332389030832,0.002490138752853758,0.0028898859958784206,57.15248854768234,260,193,1774,1434,33,23,186.3532216614068,0.14656144306651633,0.13458856345885634,0.8730769230769231,0.8808290155440415,107555,80239,612304,468428,15055,10575,-33587.837540104316,0.17565620998719592,0.17129420102982743,0.8600251034354516,0.8682062338762946,260,193,324,143,21289,86266,406357,98392,8647,71592,346813,41376,0.6984210457550498,0.7588359363658876,0.1979359397517549,0.10776555041812586,0.17788120085895004,0.17286048417727845,12,11,0.011972879607659997,1.321064231916027
562,55819.5,55919.0,199,244.4413383371473,244.91201603366548,187.28884978946496,187.6337282523734,0.47067769651818026,0.34487846290844004,1.3647639593056815,0.003292196932625205,0.0024918753657581284,0.0028920361491916666,57.27828778129208,263,200,1755,1452,30,27,210.563498259886,0.14985754985754987,0.13774104683195593,0.8859315589353612,0.865,107818,80439,614059,469880,15085,10602,-33382.18062169819,0.17558247660241116,0.17119051672767516,0.8600882969448516,0.8681982620370716,263,200,351,134,21336,86482,407545,98696,8668,71771,347952,41489,0.6984361437581731,0.7589597344002724,0.19788903522602905,0.1077586742749164,0.1777525993068515,0.17281735350997868,15,8,0.012116503025593944,1.3211723900258499
563,55919.0,56018.5,199,244.91201603366548,245.31095891092664,187.6337282523734,187.9980120153767,0.3989428772611632,0.3642837630033,1.0951431762209758,0.0032934709632126886,0.0024939522182998845,0.0028937115907562865,57.31294689554994,238,224,1748,1480,29,26,78.69735759127417,0.13615560640732266,0.15135135135135136,0.8781512605042017,0.8839285714285714,108056,80663,615807,471360,15114,10628,-33247.86011893151,0.1754705613934236,0.17112822471147318,0.8601280817353965,0.8682419448817922,238,224,302,150,21373,86683,408790,98961,8688,71975,349078,41619,0.69853541775264,0.7590079769178547,0.19779558747316206,0.10770737512862155,0.17761397443781474,0.1726996243067565,22,26,-0.0151957449440287,1.3205830244245147
564,56018.5,56118.0,199,245.31095891092664,245.7399727307083,187.9980120153767,188.3241881767436,0.42901381978165887,0.3261761613669023,1.3152825699578905,0.0032952763279609338,0.002495342644110606,0.0028953094860357698,57.4157845539647,254,187,1776,1510,29,23,236.8349747305392,0.14301801801801803,0.123841059602649,0.8858267716535433,0.8770053475935828,108310,80850,617583,472870,15143,10651,-33008.911625580964,0.17537723674388705,0.1709772241842367,0.8601883482596251,0.8682622139764997,254,187,324,154,21432,86878,410047,99226,8710,72140,350269,41751,0.6986575083834885,0.7591494491086345,0.19787646570030468,0.10773036487322202,0.17762601733826186,0.17260854917659182,23,15,0.019176958415369025,1.3205706782346285
565,56118.0,56217.5,199,245.7399727307083,246.138612208763,188.3241881767436,188.66954225504185,0.39863947805469024,0.34535407829824294,1.1542920819670495,0.0032965350015665296,0.002497069285907364,0.002896802143736947,57.469069953721146,239,206,1821,1470,30,31,-200.97263957995534,0.1312465678198792,0.1401360544217687,0.8744769874476988,0.8495145631067962,108549,81056,619404,474340,15173,10682,-33219.49324213772,0.17524749598000658,0.17088164607665388,0.8602198085657169,0.8682145677062771,239,206,344,161,21470,87079,411323,99532,8732,72324,351394,41890,0.6987249032941344,0.759214909136906,0.19779085942753963,0.10772799052506908,0.1774350837176245,0.17249417249417248,17,17,-0.008889486601889512,1.3201616071172262
566,56217.5,56317.0,199,246.138612208763,246.5463152715768,188.66954225504185,189.01024859158701,0.40770306281379476,0.3407063365451677,1.1966406816732194,0.003297950166262055,0.002498707298276584,0.0028983287322693193,57.53606667998977,237,183,1785,1492,25,15,550.9472472841522,0.13277310924369748,0.12265415549597855,0.8945147679324894,0.9180327868852459,108786,81239,621189,475832,15198,10697,-32668.54599485352,0.1751254449129009,0.17073042586459086,0.8602945231923226,0.8683267888575684,237,183,330,132,21512,87274,412583,99820,8747,72492,352586,42007,0.6988130826527836,0.7593709544545133,0.19774603349695732,0.10766996147170693,0.17729865163353442,0.17234109626827443,18,18,0.010118953747718928,1.319862541937876
567,56317.0,56416.5,199,246.5463152715768,246.95114740350607,189.01024859158701,189.32896626446194,0.40483213192928247,0.31871767287492503,1.2701904110857118,0.003299309451052608,0.0024999497769254975,0.0028996296139890527,57.62218113904413,245,179,1784,1463,36,17,20.99873755471597,0.13733183856502243,0.12235133287764867,0.8530612244897959,0.9050279329608939,109031,81418,622973,477295,15234,10714,-32647.54725729882,0.1750172158343941,0.1705821347384741,0.8602782694829911,0.8684074774619863,245,179,324,150,21547,87484,413833,100109,8769,72649,353742,42135,0.6988745900705167,0.7595114132769042,0.19762269446304262,0.10770345623817829,0.17711415795357402,0.17226544082979728,15,16,0.01498050568737376,1.319750293187963
568,56416.5,56516.0,199,246.95114740350607,247.32733210266866,189.32896626446194,189.63774912288335,0.376184699162593,0.3087828584214094,1.218282326570076,0.003300157058965108,0.002501012093006206,0.002900584575985657,57.689582979785314,222,180,1759,1490,20,19,470.2210935776752,0.12620807276861853,0.12080536912751678,0.9099099099099099,0.8944444444444445,109253,81598,624732,478785,15254,10733,-32184.077441697835,0.17487978845328878,0.17042722725231577,0.8603791200241641,0.8684649133557195,222,180,325,160,21581,87672,415079,100400,8793,72805,354916,42271,0.6989557122093953,0.7596499472623411,0.19753233320824143,0.10775999411750288,0.17692099589280297,0.1721956760144133,19,14,0.00540270364110175,1.3195286293071593
569,56516.0,56615.5,199,247.32733210266866,247.69007977029688,189.63774912288335,189.94339471551666,0.36274766762821287,0.3056455926333115,1.1868244671972346,0.0033007643491994284,0.0025020152615621524,0.0029013898053807906,57.746685054780215,215,191,1755,1447,28,31,-305.447445181302,0.1225071225071225,0.13199723565998617,0.8697674418604651,0.837696335078534,109468,81789,626487,480232,15282,10764,-32504.04988786054,0.1747330750677987,0.17031143280747638,0.8603975591040304,0.8683930601914682,215,191,344,136,21618,87850,416312,100707,8810,72979,356053,42390,0.6990248800054909,0.7597640307184861,0.1974823692768663,0.10771619655454891,0.1767259350091968,0.1720703125,14,12,-0.00949011315286366,1.3192422923665825
570,56615.5,56715.0,199,247.69007977029688,248.08400035820117,189.94339471551666,190.2082882669315,0.3939205879042902,0.2648935514148434,1.4870901379074368,0.003301919150136728,0.0025022963694328994,0.0029021077597848137,57.87571209126966,236,168,1820,1495,27,31,-107.84214692072018,0.12967032967032968,0.11237458193979934,0.885593220338983,0.8154761904761905,109704,81957,628307,481727,15309,10795,-32619.585610363578,0.17460254302434955,0.170131630570842,0.8604517611026034,0.8682845882596971,236,168,310,139,21660,88044,417628,100975,8824,73133,357255,42515,0.6991613972150557,0.7599304170204286,0.19744038503609712,0.10766621521041522,0.17662168222774902,0.17187713044663902,14,7,0.017295747730530345,1.3195555852103358
571,56715.0,56814.5,199,248.08400035820117,248.4694116534853,190.2082882669315,190.52747193610085,0.3854112952841433,0.31918366916934815,1.2074906472726115,0.0033029201329816977,0.002503532060680922,0.0029032260968313095,57.94193971738446,229,179,1756,1463,22,18,493.1171626802548,0.1304100227790433,0.12235133287764867,0.9039301310043668,0.8994413407821229,109933,82136,630063,483190,15331,10813,-32140.330449347843,0.1744793774590795,0.1699869616506964,0.8605423303284728,0.8683524885555663,229,179,294,154,21694,88239,418895,101235,8841,73295,358402,42652,0.6992776912784912,0.7600384941741344,0.19733837883074237,0.10763855069640596,0.17647585191451975,0.17169323985784476,11,12,0.00805868990139462,1.3193041083258006
572,56814.5,56914.0,199,248.4694116534853,248.85418240904076,190.52747193610085,190.8693974762039,0.3847707555554507,0.3419255401030341,1.1253056891845687,0.003303906361367047,0.002505163014401716,0.0029045346878843817,57.984784932836874,222,189,1777,1553,23,14,537.56162189929,0.12492965672481711,0.12169993560849968,0.8963963963963963,0.9259259259259259,110155,82325,631840,484743,15354,10827,-31610.254838613495,0.1743400227905799,0.16983226163142118,0.8606145885343379,0.8684846644397206,222,189,329,160,21743,88412,420170,101515,8862,73463,359627,42791,0.6994064953152697,0.760173947844528,0.19738550224683402,0.1076465229274218,0.1764023430527836,0.17156796313863668,17,16,0.0032297211163174327,1.3188388709131917
573,56914.0,57013.5,199,248.85418240904076,249.2075170939033,190.8693974762039,191.19337549641546,0.3533346848625456,0.32397802021156963,1.0906131367547867,0.0033043377679971703,0.0025064734812258647,0.0029054056246115177,58.01414159748785,219,192,1793,1483,33,20,-25.711895733140974,0.12214166201896264,0.1294672960215779,0.8493150684931507,0.8958333333333334,110374,82517,633633,486226,15387,10847,-31639.60802376423,0.17419231637241117,0.16970914759803055,0.8605921684454673,0.8685482991383594,219,192,302,158,21783,88591,421482,101777,8885,73632,360783,42926,0.6995611024047043,0.7602801989198439,0.19735626143838222,0.1076747821660991,0.17629491744901263,0.17148868001003648,15,14,-0.007325634002615253,1.3183214555220775
574,57013.5,57113.0,199,249.2075170939033,249.52635316224246,191.19337549641546,191.49151687176254,0.31883606833915223,0.29814137534708607,1.069412348312857,0.0033041636300675126,0.002507327004311066,0.002905745317189289,58.034836290479916,209,181,1797,1513,34,25,-243.87768900164113,0.11630495269894268,0.11962987442167879,0.8373205741626795,0.861878453038674,110583,82698,635430,487739,15421,10872,-31863.2322554342,0.17402861054718852,0.16955379824045239,0.8605481855258041,0.8685337009359355,209,181,348,155,21828,88755,422767,102080,8910,73788,361985,43056,0.6996758100813623,0.7604374470772278,0.1973901955996853,0.1077414205905826,0.17616295961519837,0.1714582611707655,7,15,-0.0033249217227361016,1.3178032320420814
575,57113.0,57212.5,199,249.52635316224246,249.91692360779487,191.49151687176254,191.71688302515292,0.39057044555241305,0.22536615339038235,1.733048373399095,0.0033052439213388375,0.0025069055425057164,0.002906074731922277,58.20004058264195,236,138,1757,1474,32,21,-110.69255853246483,0.13431986340352875,0.09362279511533243,0.864406779661017,0.8478260869565217,110819,82836,637187,489213,15453,10893,-31973.92481396667,0.17391911636615312,0.16932501793697224,0.8605564027829162,0.868499203244966,236,138,338,131,21885,88934,424007,102361,8926,73910,363206,43171,0.6997820106185468,0.7606747980940817,0.1974841859247963,0.10775508233135352,0.17614249150878097,0.17133424189492677,12,12,0.04069706828819632,1.3184557077627908
576,57212.5,57312.0,199,249.91692360779487,250.30460261093057,191.71688302515292,192.05354507044842,0.3876790031357018,0.3366620452954976,1.1515375984703746,0.003306270010691198,0.002508427474104966,0.002907348742398082,58.25105754048215,228,191,1737,1482,23,18,572.8868198159057,0.13126079447322972,0.12887989203778677,0.8991228070175439,0.9057591623036649,111047,83027,638924,490695,15476,10911,-31425.32714276928,0.17380314403591038,0.16920286532367357,0.8606355867335452,0.8685849181591531,228,191,304,156,21937,89110,425264,102613,8946,74081,364361,43307,0.6999283169829276,0.7607719662927073,0.19754698461012005,0.10774808194924543,0.17613006824568447,0.17120548102501293,14,17,0.0023809024354429498,1.318064821416019
577,57312.0,57411.5,199,250.30460261093057,250.69184321923348,192.05354507044842,192.35908150384688,0.3872406083029034,0.3055364333984585,1.267412216591179,0.003307284907397244,0.002509401980949849,0.0029083434441735468,58.332761715386596,220,174,1828,1493,23,22,307.49767585222475,0.12035010940919037,0.11654387139986604,0.8954545454545455,0.8735632183908046,111267,83201,640752,492188,15499,10933,-31085.292796540187,0.17365064798861338,0.16904312986094744,0.8607044316823497,0.8685953293830603,220,174,331,141,21966,89301,426570,102915,8963,74238,365556,43431,0.700014982395685,0.7609267190585711,0.19741702391544663,0.10772707058809389,0.17589545247075217,0.1710692063976791,21,15,0.0038062380093243364,1.317957398816344
578,57411.5,57511.0,199,250.69184321923348,251.10747607406833,192.35908150384688,192.63987499987485,0.415632854834854,0.2807934960279681,1.4802082694730772,0.003308789976106687,0.0025099428861492623,0.0029093664311279745,58.46760107419348,238,153,1804,1481,21,12,671.2636815259707,0.1319290465631929,0.10330857528696827,0.9117647058823529,0.9215686274509804,111505,83354,642556,493669,15520,10945,-30430.4462118886,0.17353351303232714,0.16884592712931135,0.8608134164387247,0.8686925642440675,238,153,331,144,22009,89496,427848,103203,8979,74375,366756,43559,0.7001055160950952,0.7611071385888115,0.1973812833505224,0.10772128512128992,0.17577388748682235,0.17090486885682743,18,14,0.028620471276224635,1.3182730150417927
579,57511.0,57610.5,199,251.10747607406833,251.4724227312432,192.63987499987485,192.98793081275747,0.36494665717486896,0.34805581288262033,1.0485291256949787,0.003309410037632837,0.0025116494586614048,0.002910529748147121,58.48449191848573,220,191,1780,1547,28,17,268.4610336497633,0.12359550561797752,0.12346477052359406,0.8727272727272728,0.9109947643979057,111725,83545,644336,495216,15548,10962,-30161.985178238847,0.17339555759727843,0.16870416141643244,0.8608368762586709,0.8687892752408881,220,191,346,160,22051,89674,429104,103507,9006,74539,367979,43692,0.7001859278388916,0.7612536751639688,0.1973685388230029,0.10779819259081933,0.17562401439971964,0.170898326312194,15,13,0.0001307350943834662,1.3176241717252226
580,57610.5,57710.0,199,251.4724227312432,251.80551272981126,192.98793081275747,193.29723258121118,0.333089998568056,0.3093017684537074,1.076909453939669,0.0033094759482172006,0.0025126786156067673,0.002911077281911984,58.50828014860008,203,174,1780,1500,23,14,320.15600998595244,0.11404494382022472,0.116,0.8866995073891626,0.9195402298850575,111928,83719,646116,496716,15571,10976,-29857.212624595566,0.17323205121061852,0.16854500358353666,0.8608837824315632,0.8688947550735198,203,174,339,162,22081,89847,430372,103816,9024,74695,369161,43836,0.7002658965263203,0.7613706826436032,0.19727860767636338,0.1077891518054444,0.17538940562523334,0.17071509648127128,17,17,-0.0019550561797752886,1.3171107230591925
581,57710.0,57809.5,199,251.80551272981126,252.14028750996619,193.29723258121118,193.60356276978254,0.33477478015493034,0.3063301885713656,1.0928559856154627,0.00330957077559518,0.0025136528268751316,0.002911611801235156,58.536724740183644,201,180,1797,1505,27,22,92.02655450305315,0.11185308848080133,0.11960132890365449,0.8656716417910448,0.8777777777777778,112129,83899,647913,498221,15598,10998,-29779.069247205425,0.17306181539805499,0.1683971570849081,0.8608923650438334,0.8689138130371041,201,180,303,162,22120,90009,431704,104080,9050,74849,370350,43972,0.7004397195302455,0.7615094506253249,0.19727278402554202,0.10786779341827674,0.17527733755942948,0.17068386707404473,16,13,-0.007748240422853159,1.3166379780892419
582,57809.5,57909.0,199,252.14028750996619,252.51381892578414,193.60356276978254,193.96038888521127,0.3735314158179506,0.3568261154287313,1.0468163614346098,0.0033103345450204197,0.0025154956778854175,0.0029129151114529184,58.55343004057286,217,205,1807,1519,23,21,456.7760284433087,0.1200885445489762,0.13495720868992758,0.8940092165898618,0.8975609756097561,112346,84104,649720,499740,15621,11019,-29328.97651713955,0.17291448624022657,0.1682955136671069,0.8609563313335589,0.8689836393037192,217,205,336,129,22161,90185,432999,104375,9060,75044,371545,44091,0.7005479283383611,0.7616060351382719,0.1972566891567123,0.10772377056977075,0.1751359296958968,0.1704577524411582,15,11,-0.01486866414095138,1.3159770355094236
583,57909.0,58008.5,199,252.51381892578414,252.87433902720565,193.96038888521127,194.27065322884096,0.360520101421514,0.310264343629683,1.1619772262706858,0.003310871394175147,0.002516529535400783,0.002913700464787965,58.603685798364694,202,184,1822,1475,22,25,134.92818485193578,0.11086717892425905,0.12474576271186441,0.8910891089108911,0.8641304347826086,112548,84288,651542,501215,15643,11044,-29204.177947127097,0.17274097448821413,0.16816735333140467,0.8610104133347549,0.8689730447987851,202,184,348,136,22199,90349,434309,104685,9080,75208,372720,44207,0.7006578240543203,0.7617489500513751,0.19724028858798023,0.10772589217919513,0.17495507707827623,0.17039803329142192,19,9,-0.013878583787605356,1.3156497261804863
584,58008.5,58108.0,199,252.87433902720565,253.2515729821394,194.27065322884096,194.56601922445907,0.37723395493375733,0.2953659956181127,1.277174625820821,0.0033116940390986232,0.0025173034616561307,0.002914498750377377,58.68555375768034,223,177,1796,1527,24,20,247.94788493947402,0.12416481069042316,0.11591355599214145,0.8923766816143498,0.8870056497175142,112771,84465,653338,502742,15667,11064,-28925.178734571633,0.17260744055909805,0.16800864061486806,0.8610724388362256,0.8690108328893624,223,177,327,154,22236,90535,435592,104975,9104,75361,373940,44337,0.7007521374847323,0.761909687274984,0.1971783525906483,0.1077842893506186,0.17479620473072296,0.17035609363597237,13,11,0.00825125469828171,1.3155720355303782
585,58108.0,58207.5,199,253.2515729821394,253.5660920100128,194.56601922445907,194.86499699835085,0.3145190278733878,0.29897777389177804,1.0519813020858042,0.003311436434339495,0.0025181367920595493,0.0029147866131995223,58.70109501166195,206,173,1812,1561,34,17,-82.1181360070128,0.11368653421633554,0.1108263933376041,0.8349514563106796,0.9017341040462428,112977,84638,655150,504303,15701,11081,-29027.498675174764,0.1724444783637335,0.1678316408984281,0.8610248103596307,0.86907771922777,206,173,330,165,22279,90698,436911,105262,9120,75518,375179,44486,0.700892925284286,0.7620398847518258,0.19719942997247228,0.10775301873862804,0.17468108294587623,0.17013020930492856,10,13,0.002860140878731432,1.3150343717551247
586,58207.5,58307.0,199,253.5660920100128,253.93934748290275,194.86499699835085,195.15463472333963,0.37325547288995153,0.28963772498877915,1.2886977098871075,0.003312187074016947,0.0025188070908946612,0.002915497082455804,58.78471275956312,228,166,1808,1551,34,26,-304.90043274814656,0.1261061946902655,0.10702772404900064,0.8508771929824561,0.8433734939759037,113205,84804,656958,505854,15735,11107,-29332.399107922905,0.1723169517686062,0.16764520988269344,0.8610043725983835,0.8690274043677185,228,166,317,153,22315,90890,438210,105543,9137,75667,376428,44622,0.7009961062959885,0.7622060910855701,0.19712026853937548,0.10774255931323994,0.1745295562264387,0.16996223888093157,19,8,0.019078470641264847,1.3149824319576946
587,58307.0,58406.5,199,253.93934748290275,254.29783491606187,195.15463472333963,195.48327130776866,0.35848743315912657,0.32863658442903443,1.090832397074581,0.003312682306898466,0.0025201428202892492,0.0029164125635938575,58.81456360829321,214,192,1834,1615,25,22,217.2010783912918,0.11668484187568157,0.11888544891640866,0.883177570093458,0.8854166666666666,113419,84996,658792,507469,15760,11129,-29119.184477465853,0.17216207847089826,0.16749003387399033,0.8610462091889366,0.8690644265612499,214,192,334,161,22343,91076,439524,105849,9158,75838,377711,44762,0.7010816767659596,0.7623500154689252,0.19699521244235974,0.10774624688220621,0.17429324762855716,0.16984421364985164,18,11,-0.0022006070407270956,1.314481973096371
588,58406.5,58506.0,199,254.29783491606187,254.62572474109072,195.48327130776866,195.83472143910805,0.3278898250288478,0.35145013133939074,0.9329625906789288,0.003312652872917207,0.0025218639415540874,0.002917258407235647,58.79100330198267,207,211,1798,1506,30,27,-119.33392163124437,0.11512791991101223,0.14010624169986718,0.855072463768116,0.8720379146919431,113626,85207,660590,508975,15790,11156,-29242.95233175102,0.172006842368186,0.16740900830099711,0.8610353264217696,0.8690717898764186,207,211,317,155,22381,91245,440836,106128,9179,76028,378872,44896,0.7012170938100789,0.7624166216415345,0.19697076373365252,0.10772589106528806,0.17415900831848352,0.1697457235321313,14,14,-0.02497832178885495,1.313573194149324
589,58506.0,58605.5,199,254.62572474109072,255.0201942337617,195.83472143910805,196.17538547760668,0.39446949267099285,0.34066403849863036,1.157942864792812,0.003313759604057044,0.0025233951728602616,0.0029185773884586527,58.84480875615503,231,188,1784,1544,31,22,194.83636082891275,0.12948430493273544,0.12176165803108809,0.8658008658008658,0.8829787234042553,113857,85395,662374,510519,15821,11178,-29064.6240829878,0.17189231461379825,0.16727095367655267,0.8610449950376349,0.8691024064640787,231,188,334,168,22418,91439,442092,106425,9197,76198,380078,45046,0.7012805454320369,0.7625083493464494,0.1968961065195816,0.10769951402306926,0.17399470673610518,0.16955183157273748,15,13,0.007722646901647354,1.3132146877735786
590,58605.5,58705.0,199,255.0201942337617,255.36224989576345,196.17538547760668,196.47749577764142,0.34205566200174076,0.30211030003474093,1.1322211191157876,0.0033139697493836445,0.002524264476673142,0.0029191171130283932,58.88475411812203,192,172,1803,1554,21,22,200.82713764867873,0.1064891846921797,0.11068211068211069,0.890625,0.872093023255814,114049,85567,664177,512073,15842,11200,-28866.524498366754,0.17171476880409892,0.16709922218121245,0.8610947925891503,0.8691084179648696,192,172,331,148,22451,91598,443405,106723,9214,76353,381329,45177,0.7014033909635534,0.7626705567370278,0.1968539838139747,0.10768169972068671,0.17380432594794618,0.16940302623595815,9,14,-0.0041929259899309845,1.3128456942638973
591,58705.0,58804.5,199,255.36224989576345,255.7730326541238,196.47749577764142,196.81584134517834,0.41078275836034095,0.33834556753691913,1.214092329776177,0.0033153479222836203,0.0025257470375674262,0.0029205474799255233,58.957191308945454,240,195,1785,1471,27,23,201.05334078076825,0.13445378151260504,0.13256288239293,0.8875,0.882051282051282,114289,85762,665962,513544,15869,11223,-28672.10576710242,0.171614896946072,0.167000295982428,0.8611502419305445,0.8691378465987267,240,195,331,134,22482,91807,444650,107023,9236,76526,382493,45289,0.7014394214684921,0.7627953982521458,0.19671184453446963,0.10769338401623096,0.1735994749237481,0.16939018798716185,8,15,0.001890899119675049,1.3126207308063071
592,58804.5,58904.0,199,255.7730326541238,256.20908472890335,196.81584134517834,197.1918319078256,0.4360520747795533,0.37599056264724595,1.1597420736026745,0.0033171504307127992,0.0025278636804509196,0.0029225070555818594,59.01725282107776,252,220,1757,1564,23,27,417.62809380040034,0.14342629482071714,0.14066496163682865,0.9087301587301587,0.8772727272727273,114541,85982,667719,515108,15892,11250,-28264.91612473156,0.17154072296879375,0.16692033515301646,0.8612549218183881,0.8691586611151171,252,220,337,146,22524,92017,445860,107318,9266,76716,383721,45405,0.7014687316071581,0.7629215620801851,0.19664574257252862,0.10776674187620665,0.17347237411623356,0.16948656508935267,18,17,0.0027613331838884925,1.3122346969758618
593,58904.0,59003.5,199,256.20908472890335,256.6242298808038,197.1918319078256,197.557793902928,0.41514515190044676,0.365961995102424,1.134394165121593,0.0033185925262502595,0.0025298032189341887,0.002924197872592224,59.066435977875784,238,203,1821,1542,26,26,183.40914776395707,0.13069741900054915,0.13164721141374838,0.8907563025210083,0.8719211822660098,114779,86185,669540,516650,15918,11276,-28047.440831999775,0.17142963825910326,0.1668150585502758,0.8613160944075136,0.86916516795266,238,203,350,149,22568,92211,447137,107624,9290,76895,384935,45530,0.7015338889386743,0.7630407432497822,0.19662133317070196,0.10779137901026861,0.17334398426938674,0.1694636993797884,12,16,-0.0009497924131992297,1.3117986811829536
594,59003.5,59103.0,199,256.6242298808038,257.07570876459505,197.557793902928,197.87803877956156,0.45147888379125334,0.32024487663355217,1.409792682828362,0.0033206445189990093,0.0025309627109455857,0.0029258036149722973,59.197669985033485,260,187,1840,1534,31,21,269.47424583289717,0.14130434782608695,0.12190352020860495,0.8807692307692307,0.8877005347593583,115039,86372,671380,518184,15949,11297,-27753.584895964694,0.17134707617146772,0.16668210519815355,0.8613600605012213,0.869205298013245,260,187,307,147,22601,92438,448443,107898,9312,77060,386157,45655,0.7016056480681582,0.7631825760733639,0.1964638079260077,0.10781271708424027,0.1731890665828857,0.1694107373515018,19,14,0.01940082761748199,1.3120084719693057
595,59103.0,59202.5,199,257.07570876459505,257.4996806035013,197.87803877956156,198.2046796171365,0.42397183890625456,0.3266408375749279,1.2979756054201275,0.003322224987885726,0.0025322263408233078,0.002927225664354517,59.29500098636481,256,198,1829,1517,35,28,-56.795099075104815,0.13996719518862766,0.13052076466710613,0.86328125,0.8585858585858586,115295,86570,673209,519701,15984,11325,-27836.25978402348,0.17126182210873592,0.166576550747449,0.8613643262934212,0.8691810095876169,256,198,326,164,22647,92648,449736,108178,9332,77238,387332,45799,0.7016884801005334,0.7632542558124767,0.19642655796001562,0.10779715836894999,0.17310911523026945,0.16926955796194518,23,15,0.009446430521521526,1.3119778964172548
596,59202.5,59302.0,199,257.4996806035013,257.9287827467386,198.2046796171365,198.5335219452913,0.42910214323728724,0.3288423281548205,1.3048871951644374,0.003323886664674749,0.0025335228537106116,0.0029287047591926804,59.39526080144728,258,191,1805,1533,37,26,-116.02453575986924,0.14293628808864267,0.12459230267449445,0.8565891472868217,0.8638743455497382,115553,86761,675014,521234,16021,11351,-27955.925609200913,0.17118607910354453,0.16645307098155532,0.8613536645521969,0.8691693272322818,258,191,329,160,22692,92861,450999,108462,9353,77408,388535,45938,0.7017498896319188,0.7633577241699505,0.19637741988524746,0.10780189255541084,0.17301797886454093,0.16915953771861605,19,10,0.018343985414148223,1.3119623767382111
597,59302.0,59401.5,199,257.9287827467386,258.3243464407922,198.5335219452913,198.89428562000072,0.3955636940536351,0.3607636747094034,1.0964620935637803,0.003324978168608463,0.0025353524060075265,0.0029301652873079944,59.43006082079151,241,202,1824,1475,37,17,55.66668707400863,0.13212719298245615,0.1369491525423729,0.8464730290456431,0.9158415841584159,115794,86963,676838,522709,16058,11368,-27902.940148510184,0.17108081993032306,0.1663698157100796,0.8613226937492444,0.8692777388084587,241,202,332,154,22741,93053,452299,108745,9371,77592,389672,46074,0.7018518463797836,0.7634132949690937,0.19639186831787483,0.10775847199383647,0.17295377454633953,0.16901433853368203,22,10,-0.004821959559916739,1.311446156648644
598,59401.5,59501.0,199,258.3243464407922,258.79451110860947,198.89428562000072,199.24352917610273,0.47016466781724375,0.3492435561020102,1.3462372020971916,0.003327319798833849,0.0025369822272156453,0.002932151013024747,59.550981932506744,263,211,1823,1539,31,26,235.31098903197113,0.1442676906198574,0.13710201429499674,0.8821292775665399,0.8767772511848342,116057,87174,678661,524248,16089,11394,-27635.01389034661,0.1710087952600783,0.16628389617127773,0.8613698441283163,0.8692958909766674,263,211,353,167,22794,93263,453559,109045,9392,77782,390854,46220,0.7019012437726642,0.7634669087912591,0.1964034913878525,0.10773854589671232,0.17289269487784342,0.16888441343594907,17,17,0.007165676324860648,1.3115266489216224
599,59501.0,59600.5,199,258.79451110860947,259.19931345648985,199.24352917610273,199.62832657117676,0.40480234788037706,0.3847973950740311,1.0519882750310645,0.0033285569365742443,0.002539203142534578,0.0029338800395544112,59.57098688531309,245,223,1842,1556,36,23,45.594433438941884,0.13300760043431054,0.14331619537275064,0.8530612244897959,0.8968609865470852,116302,87397,680503,525804,16125,11417,-27589.419456907675,0.17090593281734245,0.16621592836874577,0.861352341318292,0.8693662253853107,245,223,339,133,22838,93464,454861,109340,9407,77990,392069,46338,0.7019792712155567,0.763546872979285,0.19636807621537034,0.10763527352197444,0.17278215739381741,0.16875056058839358,29,13,-0.010308594938440108,1.310866736424936
600,59600.5,59700.0,199,259.19931345648985,259.6295745743579,199.62832657117676,199.96677414167416,0.4302611178680422,0.3384475704974079,1.2712784944377005,0.003330216395580591,0.0025406402758313155,0.002935428335705953,59.662800432683724,253,193,1825,1538,32,20,226.26270589493376,0.13863013698630136,0.12548764629388817,0.8735177865612649,0.8963730569948186,116555,87590,682328,527342,16157,11437,-27374.494431961397,0.1708196058200748,0.16609714378904014,0.8613787482304491,0.869425733531225,253,193,337,174,22895,93660,456153,109620,9429,78161,393262,46490,0.7020787656376406,0.7636239859521904,0.196430869546566,0.10764927503139628,0.17277289363468287,0.1686188951876822,23,15,0.013142490692413189,1.3107783999412983
601,59700.0,59799.5,199,259.6295745743579,260.0507545693952,199.96677414167416,200.3634644140779,0.4211799950373347,0.3966902724037311,1.0617351226820082,0.003331718472749749,0.0025430465930239097,0.0029373825328868294,59.68729015531733,259,217,1839,1593,35,26,67.07721679664148,0.1408374116367591,0.1362209667294413,0.8648648648648649,0.880184331797235,116814,87807,684167,528935,16192,11463,-27315.92919263403,0.1707390154742921,0.16600716534167714,0.8613864776482271,0.8694523215688954,259,217,331,153,22945,93869,457452,109901,9448,78359,394504,46624,0.7021633606999461,0.7637082061122822,0.1964233739106614,0.10759962189802635,0.17271878716709574,0.1684976458838636,19,10,0.0046164449073178015,1.310128757329624
602,59799.5,59899.0,199,260.0507545693952,260.4783370745083,200.3634644140779,200.69510439920782,0.4275825051130937,0.3316399851299252,1.2892972026445528,0.0033333224480594286,0.0025443589162534135,0.002938840682156421,59.783232675300496,253,211,1871,1591,29,38,-113.35108023738724,0.13522180652057722,0.13262099308610936,0.8853754940711462,0.8199052132701422,117067,88018,686038,530526,16221,11501,-27442.27884233042,0.17064215101787364,0.16590704319863683,0.86143832164487,0.8693335454111659,253,211,336,150,22981,94086,458770,110201,9469,78549,395755,46753,0.7022220343479516,0.7638155340171829,0.19630638864923505,0.10758026767252153,0.1725533480500368,0.16842161431468108,20,14,0.002600813434467858,1.310083426817695
603,59899.0,59998.5,199,260.4783370745083,260.8952383890278,200.69510439920782,201.0875018655203,0.416901314519464,0.39239746631247385,1.0624464995588867,0.00333474307909083,0.0025466795368380155,0.0029407113079644226,59.80773652350749,260,229,1831,1584,37,32,-172.73406220653223,0.14199890770071,0.14457070707070707,0.8576923076923078,0.8602620087336245,117327,88247,687869,532110,16258,11533,-27641.368035042717,0.17056590717127826,0.16584352859371182,0.8614300203704177,0.869310004872687,260,229,371,167,23031,94296,460020,110522,9494,78753,396968,46895,0.7022427235418371,0.763868373080754,0.19629752742335524,0.10758439380375537,0.1724483912753738,0.1683661707070528,23,16,-0.0025717993699970743,1.3094474710513764
604,59998.5,60098.0,199,260.8952383890278,261.35987990807814,201.0875018655203,201.46105743576524,0.46464151905036033,0.373555570244946,1.243835070497511,0.0033369533786462365,0.0025486789537292527,0.0029428161661877446,59.8988224723129,274,215,1833,1539,38,27,0.8835377632818044,0.14948172394980905,0.1397011046133853,0.8613138686131387,0.8744186046511628,117601,88462,689702,533649,16296,11560,-27640.48449727946,0.17050987237966542,0.16576813598451418,0.861429749747026,0.8693224209264995,274,215,335,146,23077,94524,461290,110811,9515,78947,398167,47020,0.7022844648848343,0.7639515861549445,0.19623132456356662,0.10756030838099975,0.17236048040152963,0.16830282126116564,15,13,0.00978061933642374,1.3092874540999262
605,60098.0,60197.5,199,261.35987990807814,261.80826844082634,201.46105743576524,201.8798406964367,0.4483885327481971,0.41878326067146077,1.0706935421183463,0.003338886377052697,0.0025514230827175894,0.002945154729885143,59.92842774438964,281,241,1838,1593,45,25,-55.01772344997908,0.1528835690968444,0.15128688010043942,0.8398576512455516,0.8962655601659751,117882,88703,691540,535242,16341,11585,-27702.025586554828,0.1704630245538942,0.16572503652553425,0.8613783274800224,0.869395623597849,281,241,354,146,23122,94760,462538,111120,9536,79167,399394,47145,0.702287647858403,0.7640095508200029,0.1961452978402131,0.10750481945368251,0.1722411763829502,0.1682397981686985,15,14,0.0015966889964049713,1.3086368935317303
606,60197.5,60297.0,199,261.80826844082634,262.2759031303348,201.8798406964367,202.27269564176532,0.4676346895084862,0.3928549453286223,1.1903495044902916,0.003341132185218804,0.0025537281451352587,0.0029474301651770314,60.0032074885695,286,226,1810,1528,38,27,-58.72916044451296,0.1580110497237569,0.14790575916230367,0.8671328671328671,0.8805309734513275,118168,88929,693350,536770,16379,11612,-27765.95171059764,0.17043051849715152,0.165674311157479,0.8613922550944418,0.8694239224549922,286,226,334,158,23179,94989,463785,111397,9564,79365,400566,47275,0.7023350400230763,0.7640702721836168,0.19615293480468485,0.10754646965556793,0.17223724884080371,0.1682647477964074,24,17,0.010105290561453234,1.3083351066884372
607,60297.0,60396.5,199,262.2759031303348,262.71915475827643,202.27269564176532,202.72455392581966,0.44325162794160633,0.4518582840543388,0.9809527535148664,0.003342966877221028,0.002557002545698427,0.0029499847114597276,59.99460083245677,274,266,1830,1584,33,31,80.88547469776618,0.14972677595628414,0.16792929292929293,0.8795620437956204,0.8834586466165414,118442,89195,695180,538354,16412,11643,-27674.747366515618,0.17037601772202882,0.16568094599464292,0.8614342885125209,0.8694657772296653,274,266,337,146,23238,95204,465063,111675,9582,79613,401756,47403,0.7024094479127708,0.7640660234715447,0.19619729487850593,0.10742754638712933,0.17224433523826466,0.16814951302974468,17,21,-0.018202516973008787,1.3073772190195143
608,60396.5,60496.0,199,262.71915475827643,263.19018616184894,202.72455392581966,203.12702555005765,0.4710314035725105,0.40247162423798954,1.170346864736929,0.0033452547342576753,0.002559449812806021,0.0029523522735318483,60.06316061179129,285,234,1829,1575,39,30,74.5220957325856,0.1558228540185894,0.14857142857142858,0.8631578947368421,0.8717948717948718,118727,89429,697009,539929,16451,11673,-27615.47655682658,0.17033782921023977,0.1656310366733404,0.8614384259688193,0.8694718715405517,285,234,352,152,23301,95426,466318,111964,9606,79823,402969,47531,0.7024572136084326,0.7641282464916683,0.19625695924263226,0.10741482069574747,0.17226185635604185,0.1681222325288342,27,20,0.007251425447160814,1.3070210314419672
609,60496.0,60595.5,199,263.19018616184894,263.68755928532465,203.12702555005765,203.5459499534631,0.49737312347571105,0.4189244034054411,1.1872622349821578,0.003347969791933857,0.002562160561079923,0.00295506517650689,60.14160933186156,303,246,1832,1559,43,30,-161.6483422937635,0.1653930131004367,0.15779345734445158,0.858085808580858,0.8780487804878049,119030,89675,698841,541488,16494,11703,-27777.124899120336,0.17032486645746314,0.16560847147120528,0.8614298916239603,0.8694954000557569,303,246,307,134,23354,95676,467593,112218,9622,80053,404164,47649,0.7025160229580119,0.7641646721626333,0.1962026379904226,0.10729857819905213,0.17226270911397634,0.168008241518395,18,24,0.007599555755985116,1.3066978872404171
610,60595.5,60695.0,199,263.68755928532465,264.16919460247016,203.5459499534631,203.96442280730878,0.48163531714550345,0.4184728538456852,1.1509356287256565,0.003350416654490049,0.002564854982004517,0.002957635818247283,60.20477179516138,292,255,1825,1519,37,33,100.49906821035387,0.16,0.16787360105332455,0.8732876712328768,0.8705882352941177,119322,89930,700666,543007,16531,11736,-27691.72503783659,0.1702979736422204,0.16561480791223687,0.861458909505372,0.8694984988324252,292,255,331,128,23417,95905,468858,112486,9645,80285,405323,47754,0.702581543845427,0.7642037763785734,0.19625048188934144,0.1072500833981986,0.1723067187626469,0.16803428631160822,19,19,-0.007873601053324547,1.3062791767944675
611,60695.0,60794.5,199,264.16919460247016,264.62743979135763,203.96442280730878,204.46267781918235,0.45824518888747434,0.49825501187356735,0.9197001093162199,0.003352470766815436,0.0025688529084808283,0.002960661837648132,60.164761972175285,286,291,1863,1597,51,34,-358.55490420565957,0.15351583467525495,0.18221665623043207,0.8216783216783217,0.8831615120274914,119608,90221,702529,544604,16582,11770,-28069.15511181123,0.17025346996351753,0.16566349127072147,0.8613637883753595,0.8695425676948826,286,291,345,152,23480,96128,470153,112768,9678,80543,406510,47873,0.7026514207954405,0.7642029805142819,0.19630793926827636,0.10726992607042707,0.17233280488520933,0.16816388941981894,24,16,-0.028700821555177114,1.3050458263871654
612,60794.5,60894.0,199,264.62743979135763,265.1078618724194,204.46267781918235,204.92817293941894,0.48042208106176076,0.46549512023659645,1.0320668470543308,0.0033548823548169406,0.0025722997875796353,0.002963591071198288,60.17968893300045,303,278,1813,1585,50,35,-407.49928395402145,0.16712630998345285,0.1753943217665615,0.834983498349835,0.8741007194244604,119911,90499,704342,546189,16632,11805,-28482.406333252955,0.17024542054854033,0.16569172941966975,0.8612971287037886,0.8695565696858529,303,278,321,133,23539,96372,471401,113030,9703,80796,407709,47981,0.7026984050361899,0.7642263026168598,0.19630392541134675,0.10721665432767213,0.17235975953547292,0.16820955550932667,23,18,-0.008268011783108653,1.3042345884472757
613,60894.0,60993.5,199,265.1078618724194,265.61898829850827,204.92817293941894,205.37961141861913,0.5111264260888788,0.451438479200192,1.1322172336625695,0.003357789478228199,0.0025755049594477202,0.0029666472188379597,60.239376879889136,313,266,1867,1545,46,43,-491.5337857401821,0.1676486341724692,0.17216828478964402,0.853035143769968,0.8383458646616542,120224,90765,706209,547734,16678,11848,-28908.643264716655,0.17023855544180264,0.16570999791869775,0.861275618844823,0.8694651021869664,313,266,358,162,23592,96632,472650,113335,9731,81034,408854,48115,0.7026843328249852,0.7642121905888625,0.196233697098749,0.10721092932297692,0.17229618701936067,0.16822252186840922,20,20,-0.004519650617174825,1.3037402494259722
614,60993.5,61093.0,199,265.61898829850827,266.1383009652573,205.37961141861913,205.8663327709702,0.5193126667490446,0.4867213523510543,1.0669609299870686,0.0033608211285590934,0.002579277218280745,0.0029700491734199193,60.271968194287126,313,283,1823,1591,42,36,66.99879072229146,0.17169500822819528,0.17787554996857322,0.865814696485623,0.872791519434629,120537,91048,708032,549325,16720,11884,-28845.71247705705,0.17024230543252283,0.16574523278569153,0.8612874055269336,0.8694754415253493,313,283,312,159,23638,96899,473894,113601,9763,81285,410035,48242,0.7026970532405316,0.7642069812952259,0.19610576005707792,0.10722915385291275,0.1722396694817071,0.16831307645892596,18,19,-0.006180541740377937,1.3030088835504459
615,61093.0,61192.5,199,266.1383009652573,266.7091990134941,205.8663327709702,206.34181789092546,0.5708980482368133,0.4754851199552661,1.2006643831262769,0.0033646859215638765,0.0025828535885342296,0.002973769755049053,60.36738112256867,339,268,1806,1494,44,26,415.21540260434114,0.1877076411960133,0.17938420348058903,0.8702064896755162,0.9029850746268657,120876,91316,709838,550819,16764,11910,-28438.09026502676,0.17028674148185924,0.16578222610331161,0.8613124193388266,0.8695737877261378,339,268,326,144,23690,97186,475087,113875,9787,81529,411141,48362,0.7026631428579478,0.764185694393258,0.19598596909229293,0.10717727451925183,0.17220950096318105,0.1683089992949148,17,19,0.008323437715424264,1.30270098796941
616,61192.5,61292.0,199,266.7091990134941,267.35162110335483,206.34181789092546,206.82253701315184,0.6424220898607018,0.4807191222263896,1.3363772318550706,0.0033697051058075803,0.002586503741738028,0.0029781044237728043,60.529084090202986,374,279,1866,1531,50,35,39.363020250267866,0.20042872454448016,0.1822338340953625,0.8663101604278075,0.8745519713261649,121250,91595,711704,552350,16814,11945,-28415.008069914813,0.17036577003922979,0.16582782655924685,0.8613278350515464,0.8695889513619739,374,279,315,132,23754,97496,476328,114126,9817,81778,412291,48464,0.7026544743320257,0.7642038562505657,0.19590927835051547,0.10717833942900813,0.17228024369016537,0.16844254559805083,26,25,0.01819489044911765,1.3028031049911692
617,61292.0,61391.5,199,267.35162110335483,267.99996018698437,206.82253701315184,207.3583082893949,0.6483390836295371,0.5357712762430538,1.2101042224134029,0.0033748044017296816,0.002591038802030416,0.0029829216018800488,60.64165189758947,379,307,1832,1546,46,43,-151.36203528052337,0.20687772925764192,0.19857697283311773,0.8786279683377308,0.8599348534201954,121629,91902,713536,553896,16860,11988,-28570.354978399206,0.1704595143062158,0.16591923393561245,0.8613817428409343,0.869556701703989,379,307,329,159,23827,97802,477525,114382,9847,82055,413401,48593,0.7026302807426675,0.7641290061672227,0.1958990043492917,0.10714674327000501,0.17239832427700078,0.16849760438056127,30,18,0.008300756424524186,1.3024908770509664
618,61391.5,61491.0,199,267.99996018698437,268.6428486048522,207.3583082893949,207.91169244545412,0.6428884178678231,0.5533841560592236,1.1617398344867333,0.003379798553392457,0.0025958456159585874,0.002987822084675522,60.73115615939807,376,329,1845,1593,43,36,401.4063707054828,0.2037940379403794,0.20652856246076584,0.8856382978723404,0.8905775075987842,122005,92231,715381,555489,16903,12024,-28149.659539643177,0.17054548555245386,0.1660356910757909,0.8614564976845211,0.8696316856588349,376,329,356,168,23903,98102,478714,114662,9873,82358,414523,48735,0.7025864539315414,0.7640043277184607,0.19591820007376748,0.10704643774869621,0.17250387904593512,0.16845823095823095,27,15,-0.0027345245203864443,1.3020029128906319
619,61491.0,61590.5,199,268.6428486048522,269.311863128458,207.91169244545412,208.4833384937612,0.6690145236058243,0.5716460483070875,1.170330006805943,0.0033852007593746015,0.00260093340400251,0.0029930670816885555,60.828524634696805,393,312,1869,1612,54,28,542.0203259586219,0.2102728731942215,0.1935483870967742,0.8625954198473282,0.9102564102564102,122398,92543,717250,557101,16957,12052,-27584.736301039764,0.17064900662251656,0.1661153004571882,0.8614601545776892,0.8697686480879159,393,312,340,145,23985,98413,479932,114920,9897,82646,415702,48856,0.7025681422098292,0.7639530354459964,0.19595908429876305,0.1069448796775553,0.17267197005147403,0.16845097271628684,23,21,0.01672448609744731,1.3015330397022864
620,61590.5,61690.0,199,269.311863128458,269.945832291351,208.4833384937612,209.073528210037,0.6339691628929813,0.5901897162758019,1.0741785995415767,0.003390017450691431,0.0026063053742177403,0.0029981614124545857,60.872304081313985,394,325,1882,1619,53,23,667.3065404280749,0.20935175345377258,0.20074119827053738,0.8654822335025381,0.9292307692307692,122792,92868,719132,558720,17010,12075,-26922.705068880052,0.17075029340927675,0.1662156357388316,0.8614730601342107,0.8699767411810311,394,325,329,144,24042,98750,481148,115192,9926,82942,416881,48971,0.7024996801699827,0.7639014175257732,0.1957945143006059,0.1068828875393031,0.17267334128158351,0.16853150415131501,22,26,0.008610555183235197,1.3006984846159537
621,61690.0,61789.5,199,269.945832291351,270.6958444944657,209.073528210037,209.67829087324353,0.750012203114693,0.6047626632065146,1.2401761033626815,0.0033966966674964043,0.0026118958916757523,0.0030042962795860783,61.01755362122216,440,346,1876,1594,61,39,44.49798775607951,0.2345415778251599,0.21706398996235884,0.8613636363636363,0.8872832369942196,123232,93214,721008,560314,17071,12114,-26895.17598758331,0.1709162727736724,0.16636029083692358,0.86147266943651,0.870040980968524,440,346,340,175,24120,99112,482322,115454,9957,83257,417985,49115,0.7024082950535916,0.7637538951373694,0.19572838223837963,0.10681871821829339,0.1728115551607033,0.16855701516793067,34,21,0.01747758786280107,1.3004716912040226
622,61789.5,61889.0,199,270.6958444944657,271.3830388667052,209.67829087324353,210.2789409392699,0.6871943722395031,0.6006500660263612,1.1440844030629702,0.0034023393997076796,0.002617401982011751,0.0030098706908597153,61.104097927435305,403,342,1867,1599,56,34,123.81898205564936,0.2158543117300482,0.21388367729831145,0.8610421836228288,0.9005847953216375,123635,93556,722875,561913,17127,12148,-26784.902160935362,0.1710323361577036,0.16649552510797935,0.861471266227201,0.8701526358544616,403,342,340,160,24189,99446,483515,115725,9983,83573,419108,49249,0.7023399619574615,0.7636253298998243,0.19564848141707444,0.10670614391380563,0.1728847720742742,0.16854065370070231,26,24,0.0019706344317367563,1.2998918099284928
623,61889.0,61988.5,199,271.3830388667052,271.99975906297897,210.2789409392699,210.8330284224471,0.616720196273775,0.5540874831771987,1.113037588825204,0.0034068271260763263,0.00262213924756854,0.0030144831868224335,61.16673064053188,377,326,1808,1618,56,36,-45.32225449865372,0.20851769911504425,0.20148331273176762,0.8514588859416445,0.8895705521472392,124012,93882,724683,563531,17183,12184,-26817.17670492012,0.1711258577888539,0.16659598141007326,0.861440828306938,0.8702200634839479,377,326,360,195,24263,99749,484660,116011,10021,83861,420243,49406,0.7022698200454544,0.7635143408259706,0.19565042092700707,0.1067403762169532,0.1729686185608167,0.16862705504232084,25,21,0.007034386383276636,1.299254846681164
624,61988.5,62088.0,199,271.99975906297897,272.692980318997,210.8330284224471,211.41848715040075,0.6932212560180346,0.5854587279536645,1.1840651149587078,0.003412532607924243,0.0026273666002424967,0.0030199496040833698,61.27449316859625,398,342,1886,1613,47,40,233.769913370202,0.2110286320254507,0.2120272783632982,0.8819095477386935,0.8830409356725146,124410,94224,726569,565144,17230,12224,-26562.12706227776,0.17122943588289619,0.16672564868422915,0.8615063097821718,0.8702665987434199,398,342,328,175,24337,100073,485894,116265,10047,84177,421365,49555,0.7022471368858292,0.7633665048200104,0.1956193232055301,0.10662888436067244,0.17309142117466322,0.16856816885339418,25,17,-0.0009986463378475197,1.2988414359873792
625,62088.0,62187.5,199,272.692980318997,273.37346666571983,211.41848715040075,212.00075140038427,0.6804863467228301,0.582264249983524,1.168689897657439,0.0034180150497692178,0.002632525856897924,0.003025270453333571,61.37271526533556,404,341,1817,1633,48,38,234.02828851699823,0.22234452394056137,0.2088181261481935,0.8811881188118812,0.8885630498533724,124814,94565,728386,566777,17278,12262,-26357.82045293002,0.17135694535589646,0.16684692568682216,0.8615700161840819,0.870332575477185,404,341,296,172,24381,100433,487055,116517,10084,84481,422522,49690,0.7021496843706496,0.763273739054337,0.19533866393193072,0.10663564743826998,0.17304007154111484,0.16870211128584334,33,25,0.013526397792367861,1.2983785290515195
626,62187.5,62287.0,199,273.37346666571983,273.9979482140463,212.00075140038427,212.6120098089103,0.6244815483264574,0.6112584085260266,1.0216326509639626,0.00342258083477852,0.0026381341232418593,0.0030303574790101896,61.38593840513599,363,344,1875,1652,52,30,387.81874949962594,0.1936,0.20823244552058112,0.8567493112947658,0.9127906976744186,125177,94909,730261,568429,17330,12292,-25962.662144546015,0.1714140560703639,0.16696720258818604,0.8615560366521007,0.870486465983205,363,344,354,167,24456,100721,488288,116796,10120,84789,423699,49821,0.7021380027140981,0.763189422073821,0.1953713541625059,0.10662845462495654,0.17313737150624417,0.16883268547404948,22,22,-0.014632445520581128,1.2973490637286846
627,62287.0,62386.5,199,273.9979482140463,274.56595039104286,212.6120098089103,213.17003745493386,0.568002176996572,0.5580276460235609,1.0178746179406852,0.00342622674188881,0.0026428712586920125,0.003034549000290411,61.395912936109,346,317,1839,1678,48,33,134.33110753389653,0.1881457313757477,0.18891537544696066,0.8612716763005781,0.8958990536277602,125523,95226,732100,570107,17378,12325,-25800.839407248593,0.17145608523425762,0.16703180280193017,0.8615552528221919,0.8705710625249407,346,317,323,159,24520,101003,489522,117055,10149,85077,424930,49951,0.7021472476437645,0.7631532326387853,0.19534268620093528,0.10657803541049714,0.17319441991877096,0.1688685524126456,24,24,-0.000769644071212966,1.2964031942987981
628,62386.5,62486.0,199,274.56595039104286,275.1688331995414,213.17003745493386,213.6445305461926,0.6028828084985207,0.4744930912587506,1.2705829012160614,0.0034304192529741825,0.0026462564553923758,0.003038337854183279,61.52430265334877,344,281,1837,1604,35,35,238.03640324987842,0.18726183995645074,0.17518703241895262,0.8982558139534884,0.8754448398576512,125867,95507,733937,571711,17413,12360,-25566.83622552007,0.17149564608406442,0.16705468322281714,0.8616555570562578,0.8705854021171223,344,281,351,155,24569,101298,490713,117357,10173,85334,426122,50082,0.7020793337847799,0.7631390685153863,0.19519810593721945,0.10651575277204813,0.1731113397122444,0.16883246203634553,24,20,0.012074807537498122,1.2963291014307736
629,62486.0,62585.5,199,275.1688331995414,275.80990381406673,213.6445305461926,214.18826889183737,0.6410706145253471,0.5437383456447549,1.179005710485946,0.0034352086035243008,0.0026507372988518545,0.0030429729511880776,61.62163492222936,379,312,1874,1639,47,33,310.50361585273725,0.2022411953041622,0.19035997559487491,0.8759894459102903,0.8942307692307693,126246,95819,735811,573350,17460,12393,-25279.387088448013,0.1715739503758438,0.167121304613238,0.8616985884701298,0.8706623947233847,379,312,361,162,24642,101604,491920,117645,10203,85616,427317,50214,0.7020308204144814,0.7630940961018575,0.19519034266432203,0.10648201296193865,0.17318518206160788,0.16887630964794678,27,19,0.011881219709287294,1.2959445679555772
630,62585.5,62685.0,199,275.80990381406673,276.4103241975878,214.18826889183737,214.6855125393922,0.6004203835210546,0.497243647554825,1.2074973435529985,0.0034393342656040705,0.0026544621977322735,0.0030468982316681718,61.72481165819559,361,294,1896,1563,49,32,147.90965714847079,0.19040084388185655,0.18809980806142035,0.8642659279778393,0.891156462585034,126607,96113,737707,574913,17509,12425,-25131.47743129952,0.17162233786584646,0.16717833828770615,0.8617059088360044,0.8707250840156899,361,294,344,151,24710,101897,493179,117921,10233,85880,428465,50335,0.7020253298396246,0.7630684990598577,0.1951708831265254,0.10646842778812439,0.17324424564084948,0.16895060097741382,29,21,0.002301035820436198,1.295680258148833
631,62685.0,62784.5,199,276.4103241975878,276.9463078419433,214.6855125393922,215.21719225260847,0.5359836443554968,0.5316797132162776,1.0080949696447576,0.003442420535064334,0.002658723770645045,0.0030505721528546895,61.72911558933481,323,308,1861,1673,46,43,-129.77757066331915,0.17356260075228372,0.18410041841004185,0.8575851393188855,0.8603896103896104,126930,96421,739568,576586,17555,12468,-25281.459486667394,0.17162722021504445,0.1672274387515479,0.8616954226739147,0.8706920691550596,323,308,340,141,24757,102173,494424,118214,10257,86164,429713,50452,0.7020057655279839,0.7630604974799943,0.19504451272354842,0.10637724147229338,0.17316099069041974,0.16895353242517583,25,14,-0.01053781765775813,1.2947642673797406
632,62784.5,62884.0,199,276.9463078419433,277.54624200748333,215.21719225260847,215.745771462945,0.5999341655400485,0.5285792103365168,1.1349938737811955,0.0034465139979849677,0.00266292255245214,0.0030547182752185538,61.80047054453834,335,299,1864,1656,32,36,480.8223583113462,0.17972103004291845,0.18055555555555555,0.9044776119402985,0.8795986622073578,127265,96720,741432,578242,17587,12504,-24825.941417710583,0.171647568489086,0.16726560851684935,0.8618080383451853,0.8707196029776675,335,299,330,141,24810,102455,495676,118491,10279,86441,430951,50571,0.7020009926736369,0.7630542229723887,0.19494755038698777,0.10627584780810587,0.17313207863169133,0.16892358258011503,29,24,-0.0008345255126371021,1.2942599456417767
633,62884.0,62983.5,199,277.54624200748333,278.13051811554647,215.745771462945,216.24483474241921,0.5842761080631362,0.49906327947422824,1.1707455388797212,0.0034503459216675774,0.002666639438390604,0.0030584926800290907,61.88568337312725,344,276,1884,1616,50,29,136.11195191126149,0.18259023354564755,0.1707920792079208,0.8546511627906976,0.894927536231884,127609,96996,743316,579858,17637,12533,-24701.800769919722,0.17167530363936737,0.1672754363999462,0.8617887453079328,0.8707884861231391,344,276,338,159,24855,102754,496923,118784,10304,86692,432157,50705,0.7019598663287215,0.7630506089421893,0.1947746632290826,0.10623118479112541,0.17303796322725723,0.16889311413070202,30,13,0.01179815433772674,1.2938929320530725
634,62983.5,63083.0,199,278.13051811554647,278.65899208970785,216.24483474241921,216.769449345338,0.5284739741613862,0.5246146029187742,1.0073565837114329,0.003453281174508366,0.002670749642071451,0.0030620154082899084,61.88954274436986,312,297,1846,1666,50,32,-23.765584086291348,0.16901408450704225,0.17827130852340936,0.8397435897435898,0.8922558922558923,127921,97293,745162,581524,17687,12565,-24740.1735865524,0.17166871096486402,0.1673069383206884,0.8617349770561519,0.870854018274696,312,297,341,169,24918,103003,498179,119062,10334,86959,433387,50844,0.7019909764588103,0.7630312764391496,0.19479209824813754,0.10621524672895274,0.17306570356994028,0.16891693092288076,15,22,-0.00925722401636711,1.293000706659265
635,63083.0,63182.5,199,278.65899208970785,279.226244254844,216.769449345338,217.25859901756536,0.5672521651361535,0.48914967222737005,1.1596699279243905,0.0034568209313757354,0.0026742855908363982,0.003065553261106067,61.967645237278646,331,278,1869,1619,35,32,351.83128721356775,0.17710005350454788,0.17171093267449042,0.8942598187311178,0.8848920863309353,128252,97571,747031,583143,17722,12597,-24371.733375600183,0.17168229966360166,0.16731916528192914,0.8618189190032124,0.870894015639893,331,278,316,177,24975,103277,499458,119321,10358,87213,434575,50997,0.7020230753476094,0.7629912388556495,0.19473380532077472,0.10615859220465097,0.17308172090702445,0.1688207970010594,27,17,0.0053891208300574645,1.2926147241793253
636,63182.5,63282.0,199,279.226244254844,279.7838726543653,217.25859901756536,217.77992231427592,0.5576283995213203,0.5213232967105625,1.069640284713603,0.0034601974794755018,0.00267831883694781,0.0030692581582116556,62.0039503400894,333,291,1902,1658,45,30,171.3168486488933,0.1750788643533123,0.17551266586248493,0.8648648648648649,0.8969072164948454,128585,97862,748933,584801,17767,12627,-24220.161662629787,0.1716909256235204,0.16734239510534352,0.8618268071703542,0.8709713678445158,333,291,335,157,25038,103547,500755,119593,10381,87481,435808,51131,0.7020561251807571,0.7629757815051615,0.19471944628067037,0.10607794649608633,0.17311641349364937,0.16876381844193003,18,16,-0.00043380150917263216,1.291928889026041
637,63282.0,63381.5,199,279.7838726543653,280.2999561003535,217.77992231427592,218.2748330514429,0.5160834459881585,0.4949107371669754,1.0427808637621852,0.003462907951723403,0.0026819226963214547,0.003072415324022429,62.02512304891059,315,272,1882,1606,54,29,-45.03905456145451,0.16737513283740701,0.16936488169364883,0.8285714285714285,0.8933823529411765,128900,98134,750815,586407,17821,12656,-24271.980651782396,0.1716801076163902,0.1673479341140198,0.8617455391776571,0.8710334848268694,315,272,314,170,25091,103809,502061,119854,10410,87724,437001,51272,0.7021063777361933,0.7629700873284255,0.19465477114041893,0.10607944239509243,0.1731070406016075,0.16876884666515352,23,25,-0.001989748856241813,1.291203492357611
638,63381.5,63481.0,199,280.2999561003535,280.89942865155336,218.2748330514429,218.75813750277413,0.5994725511998809,0.4833044513312359,1.2403621558805558,0.0034669235344962548,0.0026853324274701013,0.003076127980983178,62.14129114877923,340,281,1844,1622,40,38,257.4300420250431,0.1843817787418655,0.17324290998766953,0.8823529411764706,0.8647686832740213,129240,98415,752659,588029,17861,12694,-24028.04366903632,0.1717112264651057,0.1673641946230543,0.8617997523986382,0.8710155972158715,340,281,330,197,25144,104096,503288,120131,10442,87973,438177,51437,0.7020868680238993,0.7629198559934969,0.19455277004023522,0.10610171213737743,0.17307864395112718,0.16874868695357068,27,22,0.01113886875419598,1.291059348567322
639,63481.0,63580.5,199,280.89942865155336,281.4658812610849,218.75813750277413,219.25451054345243,0.5664526095315523,0.4963730406782929,1.1411832696584323,0.003470407208230327,0.002688937030518914,0.0030796721193746207,62.21137071763249,338,288,1864,1644,37,37,274.4869508258249,0.1813304721030043,0.17518248175182483,0.8905325443786982,0.8715277777777778,129578,98703,754523,589673,17898,12731,-23757.194372246435,0.17173499018585253,0.16738599189720405,0.8618747009523222,0.8710170916790776,338,288,334,167,25195,104383,504531,120414,10468,88235,439392,51578,0.7020673988731954,0.7628974024586508,0.19443887079596844,0.10605554035844908,0.17303188676524117,0.16871353511910517,19,20,0.0061479903511794665,1.2906242016238678
640,63580.5,63680.0,199,281.4658812610849,281.971837344268,219.25451054345243,219.7241902615093,0.5059560831830936,0.4696797180568808,1.0772363883973792,0.003472929987218458,0.002692111190121933,0.0030825205886701955,62.247647082758704,320,281,1850,1663,49,42,-504.2857683099351,0.17297297297297298,0.16897173782321107,0.846875,0.8505338078291815,129898,98984,756373,591336,17947,12773,-24252.963476326353,0.1717380181471311,0.1673904514523046,0.8618377496189318,0.870958942859452,320,281,294,155,25249,104649,505821,120654,10493,88491,440644,51708,0.702127125108908,0.7629114412110881,0.19437558699903001,0.10600703143942455,0.17305332995209147,0.16869503705728203,22,17,0.004001235149761917,1.290039579331476
641,63680.0,63779.5,199,281.971837344268,282.476123494145,219.7241902615093,220.17581705591957,0.5042861498769753,0.45162679441025944,1.116599272050453,0.0034754187119050537,0.002694992393815802,0.0030852055528604277,62.30030643822542,297,260,1861,1673,33,33,314.1364780577444,0.1595916174099946,0.15540944411237298,0.8888888888888888,0.8730769230769231,130195,99244,758234,593009,17980,12806,-23953.023756382816,0.17170820617381968,0.16735665057360005,0.8618994585045509,0.8709644915561646,297,260,349,180,25297,104898,507084,120955,10523,88721,441907,51858,0.7021328508085894,0.7629395169381915,0.19430085640769615,0.10603159888759019,0.17296857478872082,0.16868918420672963,22,19,0.004182173297621633,1.2895838666855222
642,63779.5,63879.0,199,282.476123494145,282.9909798216898,220.17581705591957,220.63316510027857,0.5148563275448055,0.45734804435900855,1.1257429301275292,0.0034780651554265594,0.0026979541856593553,0.003088009670542957,62.357814721411216,318,268,1866,1659,48,24,301.5947392325918,0.17041800643086816,0.161543098251959,0.8490566037735849,0.9104477611940298,130513,99512,760100,594668,18028,12830,-23661.240980406743,0.1717050388106828,0.16734043197212561,0.8618681663895551,0.8710708256290699,318,268,346,166,25356,105157,508345,121242,10539,88973,443148,52008,0.7021457702933824,0.7629248589128724,0.1942794970615954,0.1059068253075006,0.17296279621822944,0.16849729003789152,25,18,0.008874908178909152,1.2891490796670264
643,63879.0,63978.5,199,282.9909798216898,283.5539204947799,220.63316510027857,221.18460767318973,0.562940673090111,0.5514425729111565,1.020850947576017,0.0034814549377772735,0.0027023774861655884,0.003091916211971431,62.36931282159017,339,308,1877,1631,43,36,279.8046175204006,0.18060735215769846,0.1888412017167382,0.8731563421828908,0.8831168831168831,130852,99820,761977,596299,18071,12866,-23388.02561903547,0.17172696813683352,0.16739924098480796,0.8618974108152722,0.8711079943899018,339,308,328,166,25414,105438,509613,121512,10573,89247,444339,52140,0.7021563642997098,0.762892441543588,0.19421942347079144,0.10592065718292927,0.17297142779358315,0.16859343357836493,23,19,-0.008233849559039746,1.288293347469054
644,63978.5,64078.0,199,283.5539204947799,284.067946543483,221.18460767318973,221.63798635951196,0.5140260487031014,0.45337868632222467,1.1337675638721436,0.0034840708321933643,0.002705256666640147,0.0030946637494167553,62.42996018397105,292,259,1877,1691,28,29,678.6764053130538,0.1555673947789025,0.153163808397398,0.904109589041096,0.888030888030888,131144,100079,763854,597990,18099,12895,-22718.99782681613,0.17168725960720244,0.16735898593621967,0.8619913987677668,0.8711517900858322,292,259,355,170,25463,105681,510892,121818,10598,89481,445626,52285,0.7021695245426482,0.7629291459723406,0.1941606173366681,0.10589634188990697,0.17288720201519545,0.16853521619515607,25,15,0.0024035863815045078,1.2878891955640137
645,64078.0,64177.5,199,284.067946543483,284.52417436560535,221.63798635951196,222.07730691799088,0.4562278221223437,0.4393205584789257,1.038485027201906,0.0034857780157751352,0.002707907868699252,0.0030968429422371935,62.446867447614466,269,264,1850,1642,33,32,98.54788541365089,0.14540540540540542,0.1607795371498173,0.8773234200743494,0.8787878787878788,131413,100343,765704,599632,18132,12927,-22651.00052146677,0.17162376061767995,0.16734096912773166,0.8620227831340888,0.8711718804500563,269,264,354,167,25521,105892,512177,122114,10623,89720,446862,52427,0.7022269702130327,0.7629429383355124,0.19420453075418717,0.10586687661321667,0.17286551292037797,0.1684853291038858,13,17,-0.015374131744411879,1.2872587195699292
646,64177.5,64277.0,199,284.52417436560535,285.0215211981733,222.07730691799088,222.50968424456104,0.4973468325679278,0.4323773265701618,1.1502611307423016,0.0034881196297272222,0.00271044284222998,0.003099281235978601,62.51183695361223,281,254,1833,1651,39,34,-35.555804004446934,0.15330060010911076,0.15384615384615385,0.8612099644128114,0.8661417322834646,131694,100597,767537,601283,18171,12961,-22667.262989901654,0.17158000200641793,0.16730391512815096,0.8620210487949337,0.8711591796972077,281,254,323,157,25564,106130,513449,122394,10650,89947,448129,52557,0.7022632133695184,0.7630001180808371,0.19411666438865854,0.10586796822966887,0.17277876154043714,0.16849399591817363,18,19,-0.0005455537370430974,1.2869187187350608
647,64277.0,64376.5,199,285.0215211981733,285.4961910217443,222.50968424456104,222.94250221405562,0.47466982357104825,0.43281796949457885,1.0966962026214895,0.0034901017492959033,0.002712976824454747,0.003101539286875325,62.5536888076887,289,253,1860,1639,38,35,-184.32965174284422,0.1553763440860215,0.15436241610738255,0.8685121107266436,0.8616600790513834,131983,100850,769397,602922,18209,12996,-22864.067083754726,0.17154083002663126,0.16726873459585154,0.8620352621170908,0.8711353495290035,289,253,344,157,25613,106370,514725,122689,10675,90175,449383,52689,0.7022876356419377,0.7630472930163438,0.19406287173348083,0.10585027268220129,0.17270839233456056,0.16847105612019445,28,16,0.0010139279786389455,1.2864473141960373
648,64376.5,64476.0,199,285.4961910217443,285.9625849507947,222.94250221405562,223.37633687824524,0.4663939290503549,0.433834664189618,1.0750499384864878,0.0034919493950089655,0.002715518754322548,0.0031037340746657566,62.58624807254944,280,238,1857,1666,34,20,489.70799227142913,0.15078082929456113,0.14285714285714285,0.8785714285714286,0.9159663865546218,132263,101088,771254,604588,18243,13016,-22390.276629047792,0.1714908447800595,0.16720146612238418,0.8620702690850804,0.8712408990186769,280,238,334,170,25671,106592,516026,122965,10695,90393,450661,52839,0.7023587559999689,0.7630915598721775,0.1940905619863454,0.10579890788224122,0.17271051427648754,0.1683350646897724,23,20,0.007923686437418281,1.2859235052052207
649,64476.0,64575.5,199,285.9625849507947,286.39781608936084,223.37633687824524,223.7628418361862,0.43523113856616646,0.3865049579409572,1.1260687078499332,0.0034933087677395335,0.0027173199148538,0.003105314341296667,62.63497425317465,258,237,1880,1672,33,31,9.667616180707071,0.1372340425531915,0.1417464114832536,0.872093023255814,0.869198312236287,132521,101325,773134,606260,18276,13047,-22396.9626193512,0.1714075438410418,0.16713126381420512,0.8620897819968156,0.8712361213915618,258,237,329,159,25713,106808,517361,123252,10718,90607,451960,52975,0.7024319199517807,0.7631676178537261,0.19402962549331804,0.10577843572662225,0.17261101601047227,0.16827594869137896,17,18,-0.0045123689300620995,1.2855714002035288
650,64575.5,64675.0,199,286.39781608936084,286.8765838923037,223.7628418361862,224.199859626777,0.4787678029428548,0.4370177905908008,1.0955338964475851,0.0034953371184245395,0.0027198965589831058,0.0031076168387038226,62.6767242655267,281,242,1857,1657,32,20,626.2056730395736,0.1513193322563274,0.1460470730235365,0.8861209964412812,0.9173553719008265,132802,101567,774991,607917,18308,13067,-21744.843990168934,0.17135940933507615,0.1670737946134094,0.8621406304121926,0.871346008053797,281,242,354,179,25774,107028,518644,123545,10743,90824,453221,53129,0.7024829965767344,0.7632028714446215,0.19407840243369828,0.10577254423188634,0.17261031750815367,0.16819576653306614,19,14,0.005272259232790899,1.285099283235738
651,64675.0,64774.5,199,286.8765838923037,287.35854157044287,224.199859626777,224.61333111387805,0.48195767813916746,0.41347148710104875,1.1656370346557448,0.0034974084834656577,0.0027221017752253347,0.003109755129345496,62.74521045656482,316,241,1922,1657,51,31,-576.9872928973415,0.16441207075962538,0.14544357272178637,0.8386075949367089,0.8713692946058091,133118,101808,776913,609574,18359,13098,-22321.83128306628,0.17134222235951774,0.16701499735881123,0.8620847668985412,0.8713460631777463,316,241,331,168,25818,107300,519963,123832,10778,91030,454504,53262,0.7024995076668816,0.7632904290537326,0.19394822638561277,0.10586594373723086,0.1725225526227865,0.16830106183635227,22,22,0.01896849803783901,1.2848191479453936
652,64774.5,64874.0,199,287.35854157044287,287.83516943415503,224.61333111387805,225.04266376445676,0.47662786371216725,0.42933265057871495,1.1101598331030755,0.0034993913382242257,0.0027245447188382426,0.0031119680285312343,62.79250566969827,277,242,1846,1631,38,24,221.92622596396626,0.15005417118093176,0.1483752299202943,0.8628158844765343,0.9008264462809917,133395,102050,778759,611205,18397,13122,-22112.741693645534,0.1712917603520473,0.16696525715594604,0.8620862850931444,0.8714159725624694,277,242,344,151,25875,107520,521245,124119,10803,91247,455767,53388,0.7025536783523529,0.7633609018250832,0.1939727875857416,0.10585987261146497,0.17250690027601104,0.1682946207412254,20,17,0.0016789412606374454,1.2843948987250908
653,64874.0,64973.5,199,287.83516943415503,288.3164059170121,225.04266376445676,225.49000310662578,0.48123648285707077,0.44733934216901616,1.0757750045495604,0.003501439050671666,0.0027272573192467877,0.003114348184959227,62.82640281038633,295,256,1882,1697,34,32,133.2240341035235,0.1567481402763018,0.15085444902769593,0.8847457627118644,0.875,133690,102306,780641,612902,18431,13154,-22006.31811863415,0.17125669802124152,0.16692064963077294,0.8621362854364575,0.8714249408636835,295,256,364,160,25929,107761,522522,124429,10827,91479,457072,53524,0.7025649434246984,0.7634156847261063,0.1939486872615753,0.10582957011318984,0.17244842309687547,0.1682491336575966,20,17,0.005893691248605865,1.2838682386004894
654,64973.5,65073.0,199,288.3164059170121,288.85249007725474,225.49000310662578,225.85922153834798,0.5360841602426376,0.3692184317222029,1.451943116008854,0.0035043233648219406,0.002728761112347723,0.0031165422385848315,62.99326853890676,321,226,1895,1680,37,33,13.668714077633638,0.16939313984168866,0.13452380952380952,0.8847352024922118,0.8539823008849557,134011,102532,782536,614582,18468,13187,-22007.43853125535,0.17125218520298108,0.1668320907543664,0.8621904172045578,0.8713864939726135,321,226,351,150,25998,108013,523814,124711,10847,91685,458396,53654,0.7026028195507938,0.7635156903391248,0.19399900008208282,0.10579136269652402,0.17250462812439868,0.16816793538084682,23,13,0.034869330317879144,1.284217716591158
655,65073.0,65172.5,199,288.85249007725474,289.3462127932485,225.85922153834798,226.30212186468137,0.49372271599378337,0.44290032633338683,1.1147490454142062,0.0035065488823514813,0.0027313908809718326,0.003118969881661657,63.04409092856716,303,265,1904,1644,42,31,-17.900571975381723,0.15913865546218486,0.16119221411192214,0.8613861386138614,0.8830188679245283,134314,102797,784440,616226,18510,13218,-22046.036805077012,0.17122278313191577,0.1668170443960495,0.8621886028262132,0.8714164810257109,303,265,344,150,26047,108267,525120,125006,10874,91923,459652,53777,0.7026248024068125,0.7635607715351186,0.19392617299760262,0.10578129711956574,0.17243616478984197,0.16819538754234273,19,26,-0.002053558649737275,1.283796071364142
656,65172.5,65272.0,199,289.3462127932485,289.8594902742054,226.30212186468137,226.7773834821009,0.5132774809569014,0.4752616174195339,1.0799893409103334,0.003509067203640287,0.002734508423329395,0.003121787813484841,63.082106792104526,305,270,1890,1669,46,26,168.2918863327867,0.16137566137566137,0.16177351707609347,0.8491803278688524,0.9037037037037037,134619,103067,786330,617895,18556,13244,-21893.913814747888,0.171199114875434,0.1668034212932618,0.86215913058335,0.8715010624157102,305,270,344,166,26101,108518,526415,125296,10893,92174,460904,53924,0.7026515585059708,0.7635552966118839,0.1938879355811587,0.10568853270202878,0.1724010383296895,0.16805776262400296,22,23,-0.0003978557004321037,1.2832533897876348
657,65272.0,65371.5,199,289.8594902742054,290.3880660716977,226.7773834821009,227.24382479468284,0.5285757974922944,0.4664413125819351,1.1332096519633321,0.003511811880001241,0.0027374815496070647,0.0031246467148041525,63.144241277014885,317,258,1870,1675,46,27,51.3473832013179,0.1695187165775401,0.15402985074626865,0.8548895899053628,0.8953488372093024,134936,103325,788200,619570,18602,13271,-21834.180210990988,0.17119512814006596,0.16676888809981116,0.8621420525286061,0.8715606097265909,317,258,345,165,26172,108764,527694,125570,10923,92402,462186,54059,0.7026972849530576,0.7636086317930177,0.19395861741862808,0.10571497701427535,0.17247696748428254,0.16809270259456466,27,29,0.015488865831271459,1.282862301119554
658,65371.5,65471.0,199,290.3880660716977,290.86835364644634,227.24382479468284,227.72598013107998,0.4802875747486155,0.4821553363971418,0.9961262242527834,0.0035138106625567005,0.0027406856540534794,0.00312724815830509,63.14237351536636,277,281,1885,1696,26,33,440.16701020500767,0.1469496021220159,0.16568396226415094,0.9061371841155235,0.8825622775800712,135213,103606,790085,621266,18628,13304,-21411.914306604696,0.17113728269743128,0.16676592635038776,0.8622321818168371,0.8715904484296276,277,281,322,177,26212,109001,529020,125852,10950,92656,463451,54209,0.7027497041457564,0.7636036737886831,0.1938570995392455,0.10568885971854912,0.17237478956228955,0.16805046117957612,24,19,-0.01873436014213503,1.2820918215701853
659,65471.0,65570.5,199,290.86835364644634,291.33710174704714,227.72598013107998,228.1782055780061,0.46874810060080563,0.4522254469261213,1.0365363200744064,0.003515627393246209,0.002743423580778879,0.003129525487012544,63.15889616904104,280,246,1881,1645,36,19,458.3903217355077,0.14885699096225413,0.14954407294832828,0.8714285714285714,0.9227642276422764,135493,103852,791966,622911,18664,13323,-20949.59530914934,0.17108436473282945,0.1667204464201146,0.8622511864081539,0.8717116666024728,280,246,343,167,26250,109243,530316,126157,10968,92884,464701,54358,0.7027650176901533,0.7636227326215141,0.19373694582007928,0.10561183222277858,0.17223618337740393,0.16789639653430488,20,19,-0.0006870819860741451,1.281474511583842
660,65570.5,65670.0,199,291.33710174704714,291.8519576038551,228.1782055780061,228.57615575438354,0.5148558568079693,0.3979501763774351,1.2937696409503665,0.003518140731622636,0.002745326725747509,0.0031317337286850726,63.27580184947158,301,246,1890,1698,36,36,29.521511493128735,0.15925925925925927,0.14487632508833923,0.8803986710963455,0.8536585365853658,135794,104098,793856,624609,18700,13359,-20901.34658134949,0.17105621170590132,0.1666610631611136,0.8622914119916933,0.8716690042075736,301,246,348,165,26311,109483,531618,126444,10993,93105,466013,54498,0.7028088217510481,0.7636873628141766,0.19375671973724906,0.10560241311072259,0.17224313443095152,0.16785512513169748,22,18,0.014382934170920042,1.2815016510155826
661,65670.0,65769.5,199,291.8519576038551,292.32776395973065,228.57615575438354,228.95919038145342,0.4758063558755339,0.38303462706988967,1.2422019374992872,0.0035200527326729567,0.0027469973271335314,0.003133525029903244,63.36857357827722,278,222,1918,1692,31,23,377.179459264551,0.14494264859228362,0.13120567375886524,0.8884892086330936,0.8963963963963963,136072,104320,795774,626301,18731,13382,-20493.940378426585,0.17099327195912406,0.16656527771790242,0.8623449350343936,0.8717216257668712,278,222,374,162,26367,109705,532940,126762,11011,93309,467339,54642,0.7028465368308088,0.763770136084726,0.19377241460403316,0.1055502300613497,0.1721881550849284,0.1677151082204926,26,10,0.013736974833418375,1.2814183319013646
662,65769.5,65869.0,199,292.32776395973065,292.812401600189,228.95919038145342,229.43729803597012,0.48463764045834523,0.4781076545166911,1.0136579824229235,0.003522093030742722,0.0027501062466627015,0.003136099638702712,63.375103564218875,276,259,1881,1700,30,23,680.3651670510355,0.1467304625199362,0.15235294117647058,0.8913043478260869,0.9111969111969112,136348,104579,797655,628001,18761,13405,-19792.40443119197,0.17093605631507355,0.1665268048936228,0.8624035556077096,0.8718193901261247,276,259,337,155,26416,109932,534257,127050,11032,93547,468646,54776,0.7029016304041221,0.7638172550680652,0.1937395488015959,0.1054896298492049,0.17212933157833005,0.16763919280330658,20,19,-0.005622478656534369,1.2807116216025614
663,65869.0,65968.5,199,292.812401600189,293.2896079330954,229.43729803597012,229.80565220037013,0.47720633290640535,0.3683541644000172,1.295509536816799,0.003524014524733756,0.0027515420621330713,0.0031377782934334138,63.48395573272526,296,221,1907,1662,41,27,-93.63726080324682,0.15521761929732564,0.13297232250300842,0.8614864864864865,0.8778280542986425,136644,104800,799562,629663,18802,13432,-19867.891664451767,0.17089856696541356,0.16643823759693677,0.862401569040719,0.8718320610687023,296,221,364,155,26468,110176,535556,127362,11049,93751,469949,54914,0.7029148458781183,0.7638975134317881,0.1937004186060127,0.1054293893129771,0.17206006630696224,0.16750299410275457,17,20,0.02224529679431722,1.2807416514657395
664,65968.5,66068.0,199,293.2896079330954,293.6684486775914,229.80565220037013,230.234796118825,0.3788407444960171,0.4291439184548551,0.8827825076958891,0.003524441377359611,0.0027538936617466907,0.003139167519553151,63.433652558766425,243,233,1883,1666,35,17,263.2615802134418,0.1290493892724376,0.1398559423769508,0.8559670781893004,0.927038626609442,136887,105033,801445,631329,18837,13449,-19610.899214210145,0.1708002420627741,0.16636809017168544,0.8623901466172829,0.8719545285767331,243,233,316,140,26517,110370,536929,127629,11067,93966,471260,55036,0.7030376382658823,0.7639867644286893,0.19371452365819983,0.10536688469338208,0.1720252228406835,0.1674205406713765,17,14,-0.0108065531045132,1.279803002678103
665,66068.0,66167.5,199,293.6684486775914,294.1218865500797,230.234796118825,230.6462540308584,0.45343787248827994,0.41145791203339854,1.1020273501302214,0.0035259943445329366,0.002755970897439283,0.00314098262098611,63.47563251922131,261,239,1882,1715,27,26,514.76284010073,0.13868225292242295,0.13935860058309038,0.896551724137931,0.891213389121339,137148,105272,803327,633044,18864,13475,-19080.55135332104,0.1707249974169921,0.16629491788880393,0.8624551579315776,0.8719982521468197,261,239,344,189,26556,110592,538245,127934,11086,94186,472566,55206,0.7030773271656499,0.7640100846070731,0.19363023886604253,0.10530815411505434,0.17189462101106867,0.16722983165389488,16,15,-0.0006763476606674312,1.2794018789563861
666,66167.5,66267.0,199,294.1218865500797,294.6005717680905,230.6462540308584,231.05568032280772,0.4786852180108099,0.40942629194933033,1.169160914732,0.0035279236423845033,0.002758011237090303,0.003142967439737403,63.544891445282786,277,247,1886,1675,35,31,149.86830658996018,0.14687168610816542,0.1474626865671642,0.8736462093862816,0.8744939271255061,137425,105519,805213,634719,18899,13506,-18930.68304673108,0.17066912729923636,0.166245220325845,0.8624777151173367,0.8720040940494129,277,247,364,174,26618,110807,539552,128236,11111,94408,473845,55355,0.7031307244170176,0.7640483426524178,0.19369110423867564,0.1052985718211886,0.1718909424361011,0.1671681762103933,20,12,-0.0005910004589987639,1.2791549196537926
667,66267.0,66366.5,199,294.6005717680905,295.0247988557995,231.05568032280772,231.46939068308978,0.4242270877089709,0.4137103602820673,1.025420507767157,0.0035290265886795727,0.0027601100104502297,0.003144568299564901,63.55540817270969,248,231,1911,1687,28,20,357.0146762052927,0.12977498691784406,0.13692946058091288,0.8870967741935484,0.9134199134199135,137673,105750,807124,636406,18927,13526,-18578.435888718534,0.17057230363612036,0.16616750942008718,0.8625220631496372,0.8720945626477541,248,231,352,148,26672,111001,540917,128534,11128,94622,475170,55486,0.7032240399244726,0.7641317020895466,0.19373442868245772,0.10522931442080379,0.1718490264551628,0.16705197105713512,12,14,-0.007154473663068817,1.2785818591715905
668,66366.5,66466.0,199,295.0247988557995,295.46655018853727,231.46939068308978,231.83836036523726,0.44175133273779466,0.3689696821474797,1.1972564525266973,0.0035303898900240823,0.002761529363745263,0.003145959626884673,63.628189823300005,270,214,1874,1689,45,29,-303.2420564621041,0.144076840981857,0.1267021906453523,0.8333333333333334,0.8644859813084113,137943,105964,808998,638095,18972,13555,-18890.578415139476,0.17051092833356818,0.1660630470384504,0.8624649311672212,0.872079196708316,270,214,357,177,26718,111225,542210,128845,11142,94822,476482,55649,0.7032501934491804,0.764187150816101,0.1936886975054914,0.10514891850062286,0.1717503519474425,0.16681888278360857,15,13,0.017374650336504704,1.2784183780092309
669,66466.0,66565.5,199,295.46655018853727,295.87608935601975,231.83836036523726,232.22040951196965,0.4095391674824782,0.38204914673238477,1.071954147745681,0.003531265198906688,0.0027631409639742063,0.003147203081440447,63.6556798440501,232,217,1887,1720,22,13,767.2749149914945,0.12294647588765235,0.12616279069767442,0.9051724137931034,0.9400921658986175,138175,106181,810885,639815,18994,13568,-18134.76762691516,0.17040024171121676,0.16595578409383963,0.8625366383209698,0.8722181934621072,232,217,356,133,26769,111406,543560,129150,11155,95026,477865,55769,0.7033414109275667,0.76431468471355,0.1937325854894156,0.10505646019532684,0.1716852981355704,0.1666816089893013,14,9,-0.003216314810022061,1.2779895216882797
670,66565.5,66665.0,199,295.87608935601975,296.29223838371047,232.22040951196965,232.58346007274005,0.4161490276907216,0.36305056077040376,1.146256396926206,0.0035322370453088406,0.0027644627675421202,0.0031483499064254806,63.708778310970416,261,203,1920,1696,39,21,-115.16302825525439,0.1359375,0.11969339622641509,0.8505747126436781,0.896551724137931,138436,106384,812805,641511,19033,13589,-18252.432211970157,0.17031883416071505,0.1658334775241578,0.8625140859314051,0.8722646262595879,261,203,345,177,26816,111620,544921,129448,11177,95207,479203,55924,0.7034122575525495,0.7644140162834309,0.1937068392614638,0.10506279139720259,0.17160702401064865,0.16656979776754444,18,9,0.0162441037735849,1.2777300120592139
671,66665.0,66764.5,199,296.29223838371047,296.68524783443286,232.58346007274005,232.91442183323085,0.39300945072238846,0.3309617604907942,1.1874769161838568,0.003532859409959428,0.0027653000046235082,0.0031490797072914684,63.77082600120201,239,189,1887,1698,31,15,264.92438637021297,0.1266560678325384,0.11130742049469965,0.8702928870292888,0.9206349206349207,138675,106573,814692,643209,19064,13604,-17994.067633981067,0.17021770190452343,0.16568953481683246,0.8625274923382008,0.8723504077017631,239,189,359,179,26865,111810,546259,129758,11195,95378,480551,56085,0.7034854889946139,0.7645197750653364,0.19372633856138452,0.10504536796374316,0.17152653186313632,0.16639417360285375,17,17,0.015348647337838764,1.2775682219117568
672,66764.5,66864.0,199,296.68524783443286,296.9941448716509,232.91442183323085,233.24560089440016,0.3088970372180597,0.3311790611693084,0.9327191040623868,0.0035322219597010993,0.0027661379998183706,0.003149179979759735,63.74854397725076,193,190,1877,1738,37,26,-386.6709686830195,0.1028236547682472,0.1093210586881473,0.8082901554404145,0.8631578947368421,138868,106763,816569,644947,19101,13630,-18358.41389178288,0.17006278710066142,0.16553763332490887,0.8624521127977648,0.8723340483126176,193,190,336,168,26896,111972,547638,130063,11216,95547,481952,56232,0.703595164646221,0.7646643832749047,0.19368032952156003,0.10505512209285989,0.17135685115221172,0.1662910686751275,14,12,-0.006497403919900099,1.2769507377914735
673,66864.0,66963.5,199,296.9941448716509,297.3848262572446,233.24560089440016,233.64032443151723,0.39068138559366616,0.3947235371170734,0.9897595376426505,0.0035328077310631608,0.002767922446660832,0.0031503650888619963,63.744501825727355,232,215,1916,1735,24,19,561.020201741062,0.12108559498956159,0.1239193083573487,0.896551724137931,0.9116279069767442,139100,106978,818485,646682,19125,13649,-17808.164950803133,0.16994813588520255,0.1654259744356577,0.862508986340762,0.8724130194993363,232,215,338,159,26940,112160,549028,130357,11236,95742,483333,56371,0.7037001288966811,0.7647792887385144,0.19367361610352266,0.10503094094112808,0.17126836494020864,0.16619580812637744,17,13,-0.002833713367787108,1.276339131295052
674,66963.5,67063.0,199,297.3848262572446,297.7036041064998,233.64032443151723,233.94720465370415,0.3187778492552411,0.3068802221869191,1.0387696117512428,0.003532319585289999,0.002768391735817955,0.003150355660553977,63.75639945279568,190,178,1884,1721,33,25,-298.89806875510413,0.10084925690021232,0.10342823939570017,0.8263157894736842,0.8595505617977528,139290,107156,820369,648403,19158,13674,-18115.60690510228,0.16978944840675356,0.16526141920996665,0.8624596166271807,0.8723916532905297,190,178,344,171,26975,112315,550413,130666,11250,95906,484719,56528,0.703814990571316,0.7649085522429724,0.19366070787565512,0.10498712157975289,0.17111665112502458,0.16598306235061525,6,13,-0.0025789824954878526,1.2759464419678064
675,67063.0,67162.5,199,297.7036041064998,298.072970208593,233.94720465370415,234.28859155149354,0.3693661020931813,0.34138689778939124,1.0819574637602263,0.0035325861075808135,0.00276937341339213,0.0031509797604864715,63.78437865709947,221,188,1914,1732,32,17,109.4686983890683,0.1154649947753396,0.10854503464203233,0.8552036199095022,0.9095744680851063,139511,107344,822283,650135,19190,13691,-18006.138206713218,0.16966299923505654,0.16511032324055774,0.862448122370279,0.8724567744820391,221,188,375,169,27015,112496,551771,131001,11268,96076,486112,56679,0.7038768891002246,0.7650411068470394,0.19364064482370566,0.10497093456550902,0.17096369987849333,0.16583513620910414,15,10,0.006919960133307271,1.27559038824376
676,67162.5,67262.0,199,298.072970208593,298.4139022157949,234.28859155149354,234.65496197118858,0.3409320072019,0.3663704196950448,0.9305664127733921,0.003532429104956711,0.0027707236225007277,0.0031515763637287196,63.75894024460632,215,222,1905,1708,34,28,-182.2347254135094,0.11286089238845144,0.12997658079625293,0.8418604651162791,0.8738738738738738,139726,107566,824188,651843,19224,13719,-18200.35634392354,0.16953170878488888,0.16501826360028413,0.8624164436110674,0.8724596991614451,215,222,337,179,27046,112680,553155,131307,11292,96274,487443,56834,0.7039668133969434,0.7651152194623552,0.19356454775775447,0.1049774092185263,0.17079562749048013,0.16575169538795761,16,14,-0.01711568840780149,1.2749121118650235
677,67262.0,67361.5,199,298.4139022157949,298.7744153989268,234.65496197118858,234.9794942705456,0.36051318313189995,0.3245322993570028,1.1108699622385392,0.0035325632540951462,0.00277144874440149,0.003152005999248318,63.79492112838122,212,192,1897,1730,20,27,135.09554936350372,0.1117554032683184,0.11098265895953757,0.9056603773584906,0.859375,139938,107758,826085,653573,19244,13746,-18065.260794560043,0.1693990327871829,0.16487523199397772,0.8624819562949306,0.8724363852335789,212,192,333,182,27080,112858,554541,131606,11315,96443,488822,56993,0.7040691938480907,0.7652350999811803,0.1935142706055539,0.10500380482191578,0.17065147524041188,0.16564677636587222,13,15,0.0007727443087808261,1.27462694781246
678,67361.5,67461.0,199,298.7744153989268,299.1047849426413,234.9794942705456,235.32136078950853,0.33036954371448246,0.34186651896294507,0.9663699876684655,0.0035322501769088016,0.002772428679014007,0.0031523394279614043,63.783424153132756,201,197,1899,1745,29,22,117.56102284527095,0.10584518167456557,0.11289398280802292,0.8557213930348259,0.8883248730964467,140139,107955,827984,655318,19273,13768,-17960.29478771077,0.16925327059460085,0.16473681479831165,0.8624722596850269,0.8724653790931407,201,197,311,169,27114,113025,555962,131883,11330,96625,490216,57147,0.7042116755879341,0.765347510674207,0.19347933123541627,0.104951137047844,0.17053151946263137,0.16545701476408137,14,13,-0.00704880113345735,1.2740634966180697
679,67461.0,67560.5,199,299.1047849426413,299.49195791959244,235.32136078950853,235.66591678083904,0.38717297695114894,0.34455599133050896,1.1236866770363614,0.0035327788006512062,0.0027734455355761787,0.0031531121681136927,63.826041138753396,236,201,1870,1710,35,22,-124.75826028496611,0.12620320855614972,0.11754385964912281,0.8516949152542372,0.8905472636815921,140375,108156,829854,657028,19308,13790,-18093.71454311848,0.16915626122185348,0.16461398905373895,0.8624541406945682,0.872498982950553,236,201,340,178,27161,113214,557303,132176,11352,96804,491569,57303,0.7042973824311264,0.7654483522772241,0.19348886910062332,0.1049595029401975,0.17046260441705316,0.1653484815381254,21,20,0.00865934890702691,1.273786975563332
680,67560.5,67660.0,199,299.49195791959244,299.8378527541286,235.66591678083904,235.99207276939873,0.34589483453618186,0.32615598855969097,1.060519649090786,0.003532695787702217,0.002774187453367634,0.0031534416205349254,63.84577998472989,214,199,1933,1726,28,22,134.73807376250343,0.1107087428867046,0.11529548088064889,0.8691588785046729,0.8894472361809045,140589,108355,831787,658754,19336,13812,-17883.2848429763,0.16902043431792033,0.1644847697319485,0.8624643464282412,0.8725301093627429,214,199,337,173,27192,113397,558716,132482,11374,96981,492945,57454,0.7043966784765812,0.7655649908767157,0.1934148475343021,0.10496977527571409,0.17029698009694752,0.1652525135119428,21,17,-0.004586737993944295,1.2734163956418363
681,67660.0,67759.5,199,299.8378527541286,300.23914112166733,235.99207276939873,236.31721873338617,0.40128836753871155,0.32514596398743834,1.2341791440911594,0.00353343052064243,0.0027749122862305883,0.003154171403436509,63.92192238828116,218,188,1869,1696,22,15,545.6787431923359,0.11663991439272338,0.11084905660377359,0.8990825688073394,0.9202127659574468,140807,108543,833656,660450,19358,13827,-17346.47527800895,0.16890300075810646,0.164347036111742,0.8625210394369598,0.8726126972720489,218,188,353,176,27232,113575,560054,132795,11402,97141,494305,57602,0.7044704290498719,0.7657006586418351,0.19339947587832992,0.10504592649917545,0.1701712835958932,0.16523679786679032,14,13,0.005790857788949791,1.2733485444479418
682,67759.5,67859.0,199,300.23914112166733,300.6008107790344,236.31721873338617,236.6583872568538,0.3616696573670879,0.34116852346764404,1.060090930110052,0.003533579260243119,0.0027758711089510483,0.003154725184597084,63.942423522180604,212,205,1912,1715,29,26,160.99776836355286,0.1108786610878661,0.119533527696793,0.8632075471698113,0.8731707317073171,141019,108748,835568,662165,19387,13853,-17200.668324159662,0.16877022576259504,0.1642309696223751,0.8625220714939121,0.8726137492183764,212,205,357,171,27267,113752,561432,133117,11421,97327,495663,57754,0.704549480114126,0.7657970445432785,0.19335692353512648,0.1050226211056755,0.17001072426177175,0.16510299963859776,19,17,-0.008654866608926892,1.2729622959973796
683,67859.0,67958.5,199,300.6008107790344,300.9571713318665,236.6583872568538,237.01121310560484,0.35636055283208634,0.3528258487510243,1.0100182684845076,0.0035336494415513864,0.0027769986599330506,0.0031553240507422187,63.945958226261666,217,193,1920,1733,31,20,84.12646091651884,0.11302083333333333,0.11136757068667051,0.8571428571428572,0.8963730569948186,141236,108941,837488,663898,19418,13873,-17127.732907600373,0.16864241636895097,0.16409297813820797,0.862513806678184,0.8726558412351639,217,193,347,194,27306,113930,562827,133425,11447,97494,497035,57922,0.7046465143381159,0.765903798475067,0.1933359766631737,0.1050752242039269,0.16988633182149057,0.16501607346220934,18,10,0.001653262646662823,1.2724707046263313
684,67958.5,68058.0,199,300.9571713318665,301.3271579313934,237.01121310560484,237.32750353428577,0.3699865995268965,0.3162904286809294,1.1697685607177677,0.0035339196299214904,0.0027775860862755465,0.0031557528580985184,63.99965439710763,240,182,1873,1743,43,23,-372.8216323079101,0.12813667912439936,0.10441767068273092,0.8208333333333333,0.8736263736263736,141476,109123,839361,665641,19461,13896,-17507.418941644595,0.16855202946050626,0.16393671663854842,0.8624430998897339,0.8726574599305371,240,182,365,156,27354,114122,564143,133742,11461,97662,498454,58064,0.7046991699638178,0.7660510695705343,0.19334728151771324,0.10502827085032486,0.16979937428613995,0.16484717727436174,17,12,0.023719008441668438,1.2722988667689175
685,68058.0,68157.5,199,301.3271579313934,301.722038045542,237.32750353428577,237.72480339910246,0.3948801141485774,0.3972998648166879,0.9939095104670449,0.0035345542645687615,0.0027793603598218514,0.0031569573121953062,63.99723464643952,239,220,1910,1692,37,17,307.3633254285939,0.12513089005235603,0.13002364066193853,0.8451882845188284,0.9227272727272727,141715,109343,841271,667333,19498,13913,-17163.578337986117,0.16845344722449723,0.16385073119417143,0.8624139999294358,0.8727582012565962,239,220,342,165,27407,114308,565525,134031,11483,97860,499783,58207,0.7048049914950117,0.7661332498168081,0.19339519458067247,0.10501815388273598,0.16976796045540704,0.16477256421294303,16,17,-0.004892750609582497,1.2717150016471113
686,68157.5,68257.0,199,301.722038045542,302.096947706491,237.72480339910246,238.09274766277863,0.37490966094901523,0.36794426367617916,1.0189305771565613,0.0035348944716042953,0.002780699385971168,0.0031577969287877317,64.00420004371236,230,213,1912,1720,26,18,519.0823184686896,0.1202928870292887,0.12383720930232558,0.8869565217391304,0.9154929577464789,141945,109556,843183,669053,19524,13931,-16654.134272868658,0.16834423843934235,0.1637478645189544,0.8624537673042376,0.8728412866479244,230,213,374,168,27455,114490,566881,134357,11510,98046,501149,58348,0.7048718961364259,0.7662457234329717,0.1934199866145338,0.10506042571835408,0.16967221219687045,0.1647628045463655,15,15,-0.0035443222730368873,1.271224962122154
687,68257.0,68356.5,199,302.096947706491,302.5168147290627,238.09274766277863,238.45128527977695,0.4198670225716796,0.3585376169983192,1.1710543124785926,0.003535891377862618,0.002781896902346263,0.003158894140104441,64.06552944928572,243,204,1936,1729,24,24,404.7331945151591,0.12551652892561985,0.11798727588201273,0.9012345679012346,0.8823529411764706,142188,109760,845119,670782,19548,13955,-16215.925847182862,0.16824612865170469,0.1636299125498299,0.86252004388556,0.8728589650145773,243,204,348,184,27498,114690,568269,134662,11528,98232,502508,58514,0.7049504270996155,0.7663234851263152,0.19339184741328383,0.10502915451895044,0.16957326097681302,0.16458696210844923,18,14,0.0075292530436071176,1.2710360958669724
688,68356.5,68456.0,199,302.5168147290627,302.8669575068306,238.45128527977695,238.7994049728854,0.35014277776792824,0.34811969310845825,1.0058114628374089,0.0035358668597147654,0.002782938753335585,0.003159402806525175,64.06755253394519,214,203,1905,1760,33,19,50.551563584570474,0.11233595800524934,0.11534090909090909,0.8457943925233645,0.9064039408866995,142402,109963,847024,672542,19581,13974,-16174.705287026463,0.16812038383800224,0.16350354327313388,0.8624949087793711,0.8729208915726199,214,203,380,176,27539,114863,569621,135001,11545,98418,503906,58673,0.7050095392810594,0.7664220227138231,0.19338913779300854,0.10498986022571229,0.16942906361511012,0.16441653137372184,11,20,-0.003004951085659749,1.270551446910836
689,68456.0,68555.5,199,302.8669575068306,303.1994533281784,238.7994049728854,239.136551565215,0.3324958213477771,0.33714659232958866,0.9862054931367509,0.003535585001494873,0.002783817518516682,0.0031597012600057773,64.06290176296338,206,187,1907,1737,35,11,273.99886083162875,0.108023072889355,0.10765687967760507,0.8300970873786407,0.9411764705882353,142608,110150,848931,674279,19616,13985,-15904.338131873723,0.16798538397113547,0.16335967752221262,0.8624481095029732,0.8730367680435769,206,187,352,161,27575,115033,571006,135317,11560,98590,505310,58819,0.7050997077500998,0.7665521245656471,0.19336222371816447,0.10494779845665002,0.16928394273506372,0.16425354153937965,12,15,0.0003661932117499378,1.270049124261119
690,68555.5,68655.0,199,303.1994533281784,303.5790969196759,239.136551565215,239.47512018805344,0.37964359149754046,0.33856862283843725,1.1213194782042868,0.0035359906949454416,0.0027847144492536423,0.003160352572099542,64.10397673162248,220,197,1915,1756,23,26,263.535056880533,0.11488250652741515,0.1121867881548975,0.8954545454545455,0.868020304568528,142828,110347,850846,676035,19639,14011,-15625.09248288008,0.1678658652682154,0.16322675601115327,0.8624989497857563,0.873027812264946,220,197,355,150,27610,115218,572381,135637,11581,98766,506740,58948,0.7051699132392936,0.7667073450339109,0.19330943512476545,0.10495074628218257,0.16913021372521395,0.16420195947766167,16,16,0.0026957183725176553,1.2697857390344478
691,68655.0,68754.5,199,303.5790969196759,303.92804201648875,239.47512018805344,239.77698947714083,0.3489450968128267,0.3018692890873922,1.1559476549196295,0.0035359487198407687,0.0027850750104007186,0.0031605118651207437,64.15105253934792,211,180,1935,1712,22,17,241.8638706984555,0.10904392764857881,0.10514018691588785,0.8957345971563981,0.9055555555555556,143039,110527,852781,677747,19661,14028,-15386.970618542808,0.16773239553883118,0.16308002838817434,0.8625479764260097,0.8730807856903743,211,180,381,186,27646,115393,573760,135982,11593,98934,508098,59122,0.7052291268215404,0.7667920330152697,0.1932759597032977,0.10488839830991523,0.16895641332779232,0.16393975818426076,12,11,0.0039037407326909662,1.269606278694811
692,68754.5,68854.0,199,303.92804201648875,304.3317414041663,239.77698947714083,240.08775240441443,0.4036993876775341,0.31076292727360055,1.2990590326178477,0.0035367020891447073,0.002785563696079673,0.0031611328926121904,64.24398899975185,235,179,1898,1736,23,18,553.6800332736588,0.1238145416227608,0.10311059907834101,0.902127659574468,0.8994413407821229,143274,110706,854679,679483,19684,14046,-14844.608327311063,0.16763486642353445,0.16292681347436214,0.8626128955707246,0.8731234079453688,235,179,339,191,27690,115584,575128,136277,11615,99091,509486,59291,0.7053150949069767,0.7669080756987298,0.19326604966707148,0.10491752931187108,0.16887544444918795,0.16380842241841312,15,10,0.02070394254441979,1.2696540000582883
693,68854.0,68953.5,199,304.3317414041663,304.72806214562223,240.08775240441443,240.3779430388496,0.396320741455952,0.290190634435163,1.3657254729373476,0.0035373462752061264,0.002785752621176662,0.003161549448191394,64.35011910677264,219,180,1924,1697,22,28,131.86621152774057,0.11382536382536383,0.1060695344725987,0.8995433789954338,0.8444444444444444,143493,110886,856603,681180,19706,14074,-14712.742115783325,0.167514005904719,0.1627851669162336,0.8626692591276229,0.8730768537056075,219,180,340,165,27723,115770,576526,136584,11635,99251,510858,59436,0.7054014520145272,0.7670410170586336,0.19320106207271434,0.10492758328373285,0.16872683452317916,0.163709529906713,12,11,0.007755829352765128,1.2697991373376152
694,68953.5,69053.0,199,304.72806214562223,305.0669692176187,240.3779430388496,240.7194321353264,0.3389070719964593,0.34148909647680625,0.9924389255557906,0.003537157161302508,0.0027866838871704602,0.003161920524236484,64.34753708229229,196,197,1904,1769,24,21,253.1083918619206,0.10294117647058823,0.11136235161107971,0.8775510204081632,0.8934010152284264,143689,111083,858507,682949,19730,14095,-14469.614345342718,0.16737079604476143,0.16265196961998626,0.8626895586996917,0.8731128975630835,196,197,330,163,27748,115941,577929,136889,11657,99426,512289,59577,0.705500362839208,0.767181736850043,0.1931115116675598,0.10493954970607564,0.16854048603898272,0.16364376561754218,18,11,-0.008421175140491483,1.269306926984841
695,69053.0,69152.5,199,305.0669692176187,305.43540854360964,240.7194321353264,241.00301293260844,0.3684393259909484,0.2835807972820419,1.2992393332772405,0.003537395651428553,0.002786775073324375,0.003162085362376464,64.4323956110012,221,171,1901,1696,31,27,-257.28614842270827,0.1162546028406102,0.1008254716981132,0.8597285067873304,0.8421052631578947,143910,111254,860408,684645,19761,14122,-14726.900493765426,0.16725785906221236,0.16249881325358398,0.8626850114654993,0.8730652381037985,221,171,322,157,27787,116123,579326,137172,11674,99580,513674,59717,0.705610594043756,0.7673290537431807,0.19308595650059066,0.10493105865856509,0.1684479173612837,0.16352201257861634,15,13,0.015429131142496999,1.2693509732052952
696,69152.5,69252.0,199,305.43540854360964,305.78734411945436,241.00301293260844,241.38340785017888,0.35193557584472046,0.38039491757044175,0.9251847477156391,0.0035373951418191207,0.002788263994911833,0.003162829568365477,64.40393626927548,204,224,1898,1751,21,29,205.4478668941471,0.10748155953635406,0.12792689891490577,0.8970588235294118,0.8705357142857143,144114,111478,862306,686396,19782,14151,-14528.628000503582,0.16712628695613854,0.1624106201085088,0.862733669178567,0.8730601553669782,204,224,357,167,27823,116291,580699,137493,11691,99787,515051,59867,0.7056914830698151,0.7674024906905051,0.19306243668207113,0.10487271031055455,0.16830191874954634,0.16337795913804187,15,10,-0.02044533937855171,1.2686729621995407
697,69252.0,69351.5,199,305.78734411945436,306.1375498312998,241.38340785017888,241.70297033460903,0.35020571184543314,0.31956248443015056,1.0958911915769027,0.0035373696902461114,0.002788871483097906,0.003163120586672009,64.43457949669076,214,180,1903,1680,27,20,156.71465457907613,0.11245401996847083,0.10714285714285714,0.8738317757009346,0.8888888888888888,144328,111658,864209,688076,19809,14171,-14381.025112103363,0.16700589787886957,0.16227567884942942,0.8627501247159248,0.8730856723208369,214,180,360,180,27874,116454,582079,137802,11710,99948,516390,60028,0.7057933902562922,0.7675024270574762,0.1931295382739316,0.10487381110175716,0.1682440425891499,0.1632328751846999,11,12,0.005311162825613697,1.268387486366624
698,69351.5,69451.0,199,306.1375498312998,306.45702443196984,241.70297033460903,242.03633900105515,0.3194746006700484,0.33336866644611973,0.9583222204888385,0.0035369018253700196,0.0027896760208853803,0.0031632889231277,64.42068543091469,198,194,1896,1709,30,18,25.785934015654966,0.10443037974683544,0.11351667641895846,0.8484848484848485,0.9072164948453608,144526,111852,866105,689785,19839,14189,-14355.239178087715,0.16686891312254287,0.16215487434490458,0.8627305813486846,0.8731448700067947,198,194,361,164,27901,116625,583443,138136,11727,100125,517758,60175,0.7058543710058249,0.7676087476532543,0.19305176923183373,0.10484390086900547,0.168040858362895,0.16309699312953743,8,13,-0.009086296672123018,1.2678539726084346
699,69451.0,69550.5,199,306.45702443196984,306.840087606552,242.03633900105515,242.34809595786697,0.383063174582162,0.3117569568118199,1.228723742044298,0.0035373495783402762,0.002790167522639267,0.003163758550489772,64.49199164868503,225,184,1926,1741,26,19,251.95006530805964,0.11682242990654206,0.10568638713383113,0.8844444444444445,0.8967391304347826,144751,112036,868031,691526,19865,14208,-14110.209582900765,0.16675786924660524,0.1620127081266648,0.8627643332343127,0.8731836195508587,225,184,332,160,27943,116808,584854,138426,11749,100287,519177,60313,0.7059621142562881,0.7677599974549041,0.1930418442705059,0.10486807811774787,0.16795797293967024,0.16304015986234077,14,13,0.011136042772710922,1.2677911091855292
700,69550.5,69650.0,199,306.840087606552,307.1551961473301,242.34809595786697,242.71129602007724,0.31510854077811246,0.363200062210268,0.8675894460493956,0.0035368203932395334,0.0027913962145805116,0.0031641083039100227,64.44390012725287,188,213,1905,1754,26,24,106.65112269815141,0.09868766404199475,0.12143671607753706,0.8617021276595744,0.8873239436619719,144939,112249,869936,693280,19891,14232,-14010.625345653842,0.16660880800426697,0.1619100507731364,0.8627629554502239,0.8732104517634901,188,213,355,157,27977,116962,586250,138747,11767,100482,520579,60452,0.7060599860219602,0.7678657973690284,0.1930260316408972,0.10482944168767651,0.1678042753292867,0.16293496171367647,17,9,-0.02274905203554231,1.2670434869709257
701,69650.0,69749.5,199,307.1551961473301,307.46861159623467,242.71129602007724,243.07227840145498,0.31341544890455,0.3609823813777382,0.8682292130390338,0.0035362684440467394,0.00279258960604607,0.003164429025046405,64.39633319477969,193,191,1896,1780,29,18,202.78844854874083,0.10179324894514769,0.10730337078651686,0.8497409326424871,0.9057591623036649,145132,112440,871832,695060,19920,14250,-13810.781596363418,0.16646785160443756,0.16177020688861393,0.8627456384532701,0.8732657417289221,193,191,370,167,28013,117119,587619,139081,11781,100659,522015,60605,0.7061360445590434,0.7679854976548787,0.19301739106468593,0.10477588046958378,0.16764815014303328,0.16275246594645373,16,15,-0.0055101218413691755,1.2663043779832792
702,69749.5,69849.0,199,307.46861159623467,307.8082242577955,243.07227840145498,243.38235698791263,0.33961266156080683,0.3100785864576494,1.0952470644314911,0.0035360931223009473,0.0027930508284065344,0.003164571975353741,64.42586726988284,191,195,1925,1791,19,33,14.16877236695976,0.09922077922077922,0.10887772194304858,0.9005235602094241,0.8307692307692307,145323,112635,873757,696851,19939,14283,-13803.410453533099,0.16631969758182194,0.1616342661487176,0.8627952904908376,0.873192169396724,191,195,370,153,28042,117281,589012,139422,11798,100837,523475,60741,0.7062077900377336,0.768131207388667,0.1929632611493019,0.1047454166111777,0.16745091482348445,0.16264354347316615,15,13,-0.009656942722269357,1.2660324997802945
703,69849.0,69948.5,199,307.8082242577955,308.1723479956979,243.38235698791263,243.66470106286897,0.364123737902446,0.28234407495634173,1.2896454014795589,0.003536268715376331,0.002793114239595193,0.0031646914774857617,64.50764693282895,205,162,1908,1749,19,19,423.79529727320863,0.10744234800838574,0.09262435677530018,0.9073170731707317,0.8827160493827161,145528,112797,875665,698600,19958,14302,-13379.615156259888,0.16619140881501487,0.16146149441740623,0.8628580067066132,0.8732058476732537,205,162,350,164,28086,117442,590409,139728,11818,100979,524918,60885,0.7063146294530442,0.7683023189235614,0.1929937881369908,0.10477229004317491,0.16736386713861776,0.16255175164711222,10,12,0.014817991233085567,1.2660666238588378
704,69948.5,70048.0,199,308.1723479956979,308.49499130579125,243.66470106286897,243.94073372833765,0.32264331009332636,0.27603266546867644,1.1688591621774531,0.0035358516381280643,0.0027930873694294346,0.0031644695037787492,64.5542575774536,196,163,1920,1786,24,15,133.0784801636155,0.10208333333333333,0.09126539753639418,0.8775510204081632,0.9079754601226994,145724,112960,877585,700386,19982,14317,-13254.924657198288,0.16605115174028726,0.16128249279682919,0.8628777689330516,0.8732560198300283,196,163,377,174,28122,117602,591792,140069,11833,101127,526382,61044,0.7063862759732675,0.7684548234830507,0.19298125223024348,0.10475389518413598,0.16720276352480215,0.16236947184982917,12,13,0.010817935796939154,1.2659294789086242
705,70048.0,70147.5,199,308.49499130579125,308.8141828516981,243.94073372833765,244.22482819029813,0.31919154590684684,0.2840944619604784,1.1235401904851317,0.0035353865368473784,0.00279317550184616,0.003164281019346769,64.58935466139997,189,166,1912,1761,22,20,153.7955921895517,0.09884937238493724,0.09426462237365134,0.8835978835978836,0.8795180722891567,145913,113126,879497,702147,20004,14337,-13110.337647403814,0.16590505709513506,0.16111441051517703,0.8629046075401096,0.8732652087053374,189,166,332,180,28158,117755,593219,140365,11845,101281,527809,61212,0.7065140642890197,0.768576950410669,0.19297800744279126,0.10470625674027191,0.16708698515929576,0.16213367644442012,15,15,0.004584750011285901,1.2657230218833908
706,70147.5,70247.0,199,308.8141828516981,309.1034049038957,244.22482819029813,244.53121950791927,0.28922205219760144,0.3063913176211486,0.9439629505272834,0.0035344961229048797,0.0027935807911138506,0.0031640384570093653,64.57218539597642,189,172,1913,1785,41,12,-198.56175603191747,0.09879769994772608,0.09635854341736695,0.783068783068783,0.9302325581395349,146102,113298,881410,703932,20045,14349,-13313.324323913423,0.16575940822091875,0.16095020541756874,0.8628013305772679,0.8733516919980935,189,172,312,157,28197,117905,594670,140638,11862,101436,529282,61352,0.7066711292134195,0.7687447082956876,0.1929953046501759,0.1046973468198909,0.16700921017561524,0.16201819324172972,13,13,0.0024391565303591295,1.2652206566381827
707,70247.0,70346.5,199,309.1034049038957,309.38087517826983,244.53121950791927,244.8431756610612,0.2774702743741386,0.3119561531419208,0.8894528015541554,0.0035334411721986625,0.002794064039952472,0.003163752606075567,64.53769951720864,168,172,1907,1767,23,17,63.98058803852509,0.08809648662821185,0.09734012450481042,0.8630952380952381,0.9011627906976745,146270,113470,883317,705699,20068,14366,-13254.694686865068,0.1655917411303077,0.16079093211128256,0.8628016681479456,0.8733938485943421,168,172,354,181,28226,118044,596084,140963,11889,101581,530723,61506,0.7067791064815916,0.7689000551226515,0.19297190127845765,0.10477659293205252,0.16683117696776978,0.1619865113427345,9,11,-0.00924363787659857,1.2646242611743315
708,70346.5,70446.0,199,309.38087517826983,309.68342649081495,244.8431756610612,245.13327158322446,0.3025513125451198,0.2900959221632604,1.0429354204256953,0.0035327452336913145,0.0027942356117974026,0.0031634904227443583,64.5501549075905,189,168,1934,1713,20,21,238.58312195278577,0.09772492244053775,0.09807355516637478,0.8941798941798942,0.875,146459,113638,885251,707412,20088,14387,-13034.502908876259,0.16544347309407162,0.16063906181970336,0.8628421606046743,0.8733962230943875,189,168,373,155,28261,118198,597491,141301,11906,101732,532130,61644,0.7068639289873719,0.7690511328617552,0.19296185280522193,0.10477129129340537,0.16667059836519976,0.16187627464309992,18,16,-0.00034863272583703087,1.2642975484157053
709,70446.0,70545.5,199,309.68342649081495,310.06362307155126,245.13327158322446,245.4163333715098,0.38019658073631035,0.28306178828535167,1.3431575594832252,0.0035331518993182366,0.002794306989063302,0.0031637294441907693,64.64728970004145,222,155,1930,1741,29,13,349.1109407366866,0.11502590673575129,0.08902929350947732,0.8693693693693694,0.9161290322580645,146681,113793,887181,709153,20117,14400,-12698.48450472752,0.1653337932169422,0.16046325687122526,0.8628520394597801,0.8734544304131185,222,155,317,186,28307,118374,598928,141572,11923,101870,533547,61813,0.7069977828650523,0.7691852110898494,0.19298341298464014,0.10477797404058246,0.16663036631955686,0.1616984919171097,14,14,0.025996613226273974,1.2644107870562236
710,70545.5,70645.0,199,310.06362307155126,310.38626067162915,245.4163333715098,245.68725107167808,0.3226376000778828,0.270917700168269,1.1909063153772905,0.003532742655721318,0.0027942062622568257,0.003163474458989072,64.69900959995107,199,163,1933,1729,27,24,-217.03644467488826,0.10294878427315055,0.09427414690572586,0.864321608040201,0.852760736196319,146880,113956,889114,710882,20144,14424,-12918.52991781239,0.16519816356507713,0.16030227238838513,0.8628540305010893,0.873424830636386,199,163,331,161,28336,118544,600360,141874,11935,102021,534964,61962,0.707103925930758,0.7693245855148956,0.1929193899782135,0.10473340587595212,0.16647670524646024,0.16150858627549156,18,17,0.008674637367424687,1.2643099056216385
711,70645.0,70744.5,199,310.38626067162915,310.69628688098356,245.68725107167808,246.0172820961197,0.3100262093544188,0.3300310244416096,0.9393850468420731,0.0035321562965712804,0.0027949414077642087,0.0031635488521677448,64.67900478486388,189,181,1926,1749,21,15,231.15490367634374,0.09813084112149532,0.10348770726129217,0.8888888888888888,0.9171270718232044,147069,114137,891040,712631,20165,14439,-12693.043663388851,0.16505319626503862,0.16016283321943614,0.8628874881858175,0.8734941342421827,189,181,353,154,28378,118691,601786,142185,11948,102189,536391,62103,0.707223020290896,0.7694571243743256,0.19295704737232183,0.10468121643288329,0.16637840563310918,0.1613482599829847,14,18,-0.0053568661397968426,1.2637675647722437
712,70744.5,70844.0,199,310.69628688098356,311.0184537906192,246.0172820961197,246.29637876033146,0.322166909635655,0.27909666421177803,1.154320172709751,0.0035317429568124696,0.0027949555232029085,0.0031633492400076893,64.72207503028775,191,165,1958,1751,21,22,247.81924202080015,0.0975485188968335,0.09423186750428326,0.8900523560209423,0.8666666666666667,147260,114302,892998,714382,20186,14461,-12445.224421368042,0.16490518455808412,0.1600012318339488,0.8629227217166916,0.8734842784903152,191,165,324,162,28408,118852,603259,142479,11962,102340,537829,62251,0.7073554476045859,0.7696036574269789,0.19291049843813662,0.10465258700635159,0.1662385084880652,0.16118469809871586,15,11,0.0033166513925502322,1.2636132945561982
713,70844.0,70943.5,199,311.0184537906192,311.3071557291496,246.29637876033146,246.59710263258197,0.2887019385303802,0.3007238722505008,0.9600233475641521,0.0035308590634935263,0.002795274450203857,0.0031630667568486918,64.71005309656763,169,174,1923,1766,12,18,429.1217048848914,0.08788351534061363,0.0985277463193658,0.9289940828402367,0.896551724137931,147429,114476,894921,716148,20198,14479,-12025.83026705001,0.16473968093273036,0.15984964001854365,0.8629984602757937,0.8735193402984032,169,174,348,164,28446,118983,604703,142789,11977,102499,539272,62400,0.7074914992496545,0.7697417293632043,0.19294711352583277,0.10462455012404347,0.16612258008000702,0.1610309638732404,17,13,-0.010644230978752167,1.2631529126723222
714,70943.5,71043.0,199,311.3071557291496,311.6227504057593,246.59710263258197,246.90116834226578,0.31559467660969176,0.30406570968381175,1.0379160377468035,0.0035303561877674462,0.002795639523495927,0.003162997855631687,64.72158206349351,191,177,1928,1774,25,20,71.23914697144524,0.09906639004149377,0.09977452085682074,0.8691099476439791,0.8870056497175142,147620,114653,896849,717922,20223,14499,-11927.601777594584,0.16459849985895061,0.1597011931658314,0.8630063677008535,0.8735401603098043,191,177,356,172,28475,119145,606113,143116,11993,102660,540713,62556,0.7075750767409006,0.7698691501305156,0.19289391681343993,0.10460258344744577,0.16594693194864532,0.16087405599002,13,9,-0.0007081308153269739,1.2628080831225197
715,71043.0,71142.5,199,311.6227504057593,311.96294013020344,246.90116834226578,247.1611559587672,0.3401897244441443,0.25998761650143365,1.3084843386849097,0.0035302004339460495,0.0027953840009027316,0.0031627922174243903,64.80178417143622,196,157,1922,1735,18,18,313.92958943790654,0.10197710718002082,0.0904899135446686,0.9081632653061225,0.8853503184713376,147816,114810,898771,719657,20241,14517,-11621.257520755693,0.16446458552846052,0.15953433371731254,0.8630662445202143,0.8735563104259211,196,157,332,141,28506,119310,607538,143417,12003,102807,542160,62687,0.7076819345528506,0.770037670723692,0.19284786491313524,0.10454664227854717,0.16580678559587722,0.16070424420939886,13,10,0.011487193635352222,1.2628677966268744
716,71142.5,71242.0,199,311.96294013020344,312.3084943960431,247.1611559587672,247.40986096602012,0.34555426583966664,0.24870500725290867,1.3894141885461588,0.0035301204154550192,0.0027949708218673744,0.003162545618661197,64.89863343002298,198,153,1882,1742,23,19,122.40317093740799,0.10520722635494155,0.0878300803673938,0.8838383838383839,0.8758169934640523,148014,114963,900653,721399,20264,14536,-11484.219055395964,0.1643407616473825,0.15936118569612656,0.8630940316456551,0.8735593190852708,198,153,370,196,28544,119470,608890,143749,12021,102942,543571,62865,0.7077464906018189,0.7701590936499774,0.19284662261677948,0.10456407713786174,0.16567126929126547,0.16052399647464147,13,11,0.01737714598754775,1.263025856240058
717,71242.0,71341.5,199,312.3084943960431,312.60256258524817,247.40986096602012,247.71702440672632,0.2940681892050634,0.30716344070620494,0.9573671545316916,0.0035293189353609268,0.002795378212291327,0.003162348573826127,64.88553817852184,187,168,1932,1793,28,18,-18.15874492997353,0.09679089026915114,0.09369771332961517,0.8502673796791445,0.8928571428571429,148201,115131,902585,723192,20292,14554,-11502.377800325949,0.16419616988981647,0.15919838715030032,0.8630778469780905,0.873587478611321,187,168,345,167,28571,119630,610317,144067,12040,103091,545048,63013,0.7078424746699756,0.7703182557329173,0.19278547378222818,0.1045765258705301,0.16549658823665706,0.16041996988794585,11,12,0.003093176939535966,1.2625550703094306
718,71341.5,71441.0,199,312.60256258524817,312.86414087273954,247.71702440672632,247.99761142773585,0.2615782874913748,0.2805870210095236,0.9322536963764136,0.003528064908309555,0.002795412462776154,0.0031617386855428546,64.86652944500369,168,169,1921,1727,25,14,31.93906701335487,0.08745445080687142,0.09785755645628257,0.8511904761904762,0.9171597633136095,148369,115300,904506,724919,20317,14568,-11483.075335529056,0.16403318496505276,0.15905225273444343,0.8630643867654294,0.8736513443191674,168,169,364,170,28602,119767,611737,144400,12057,103243,546453,63166,0.7079433414482602,0.7704446979593582,0.19277611900059985,0.10457068516912403,0.16532756846741656,0.1602834239527804,6,7,-0.010403105649411146,1.2620909991958025
719,71441.0,71540.5,199,312.86414087273954,313.1587768339319,247.99761142773585,248.23433652623612,0.29463596119234126,0.23672509850027268,1.2446333872451716,0.0035272764528586644,0.0027948335118106737,0.0031610549823346693,64.92444030769576,174,137,1916,1745,22,17,71.16894530297388,0.09081419624217119,0.07851002865329514,0.8735632183908046,0.8759124087591241,148543,115437,906422,726664,20339,14585,-11393.739649026737,0.1638784142485509,0.15885883984895358,0.8630766848656618,0.8736540277380735,174,137,370,177,28636,119907,613143,144736,12069,103368,547896,63331,0.7080355507699504,0.7705968645756498,0.1927791952498603,0.10455053405753788,0.1651708465034723,0.16006631299734747,19,14,0.01230416758887605,1.262070330111888
720,71540.5,71640.0,199,313.1587768339319,313.41376986507953,248.23433652623612,248.50325635640638,0.2549930311476487,0.2689198301702618,0.948212078619135,0.003525936824495853,0.0027947055650734474,0.00316032119478465,64.91051350867315,168,156,1880,1765,32,19,-234.7867124123884,0.08936170212765958,0.08838526912181303,0.8095238095238095,0.8782051282051282,148711,115593,908302,728429,20371,14604,-11633.296991010386,0.16372417984326798,0.1586880807875579,0.8630161857562655,0.8736601697334614,168,156,362,181,28674,120037,614531,145060,12084,103509,549339,63497,0.7081400239127514,0.7707312586401694,0.19281694023979395,0.10453920220082531,0.16504541425397445,0.15988145168759343,6,10,0.0009764330058465442,1.2616487649221066
721,71640.0,71739.5,199,313.41376986507953,313.7013907968084,248.50325635640638,248.76771029968955,0.28762093172889536,0.26445394328317207,1.0876031121264715,0.00352505572297844,0.0027945157218149685,0.003159785722396704,64.93368049711887,180,149,1934,1762,23,14,244.75671651429607,0.09307135470527404,0.08456299659477866,0.8722222222222222,0.9060402684563759,148891,115742,910236,730191,20394,14618,-11388.5402744961,0.16357406211136452,0.1585092119733056,0.8630273152843355,0.8737018541238272,180,149,380,161,28700,120191,615931,145414,12099,103643,550806,63643,0.7082020486994581,0.7709010382215065,0.19275846088749488,0.10453422266765737,0.1648345336963139,0.15973964247049194,8,9,0.008508358110495384,1.2614191773768244
722,71739.5,71839.0,199,313.7013907968084,313.96148071358317,248.76771029968955,249.04085212520542,0.2600899167747457,0.2731418255158644,0.952215634802658,0.0035237938300280705,0.002794447339894219,0.0031591205849611447,64.92062858837775,171,158,1899,1796,28,15,3.2863456472392087,0.09004739336492891,0.08797327394209355,0.8362573099415205,0.9050632911392404,149062,115900,912135,731987,20422,14633,-11370.878546871027,0.1634209848322891,0.15833614531405613,0.8629966054393474,0.8737446074201898,171,158,360,189,28730,120332,617329,145744,12115,103785,552271,63816,0.708293180285813,0.77103281888886,0.19273859199527713,0.1045297670405522,0.16466636862799042,0.15955275184048676,11,9,0.002074119422835363,1.2609984735520048
723,71839.0,71938.5,199,313.96148071358317,314.2504840650154,249.04085212520542,249.3236853162793,0.28900335143225675,0.28283319107387683,1.0218155455339337,0.0035229373465782412,0.00279451386450558,0.0031587256055419107,64.92679874873613,175,172,1920,1751,20,26,-76.63907930355293,0.09114583333333333,0.09822958309537407,0.8857142857142857,0.8488372093023255,149237,116072,914055,733738,20442,14659,-11447.517626174578,0.16326916870429023,0.15819270638838387,0.863023244905754,0.8737076986697911,175,172,364,133,28764,120473,618744,146074,12126,103946,553728,63938,0.7083906329487831,0.7711935322962692,0.19274040619953497,0.1044696395340823,0.16451801095871607,0.15941838451830037,8,23,-0.007083749762040736,1.2606619674801784
724,71938.5,72038.0,199,314.2504840650154,314.55184363747605,249.3236853162793,249.63300452950784,0.30135957246062617,0.30931921322854805,0.9742672280688859,0.0035222547527593694,0.002794947872719443,0.003158601312739406,64.91883910796821,174,168,1888,1756,20,14,305.7014677723876,0.09216101694915255,0.09567198177676538,0.8850574712643678,0.9166666666666666,149411,116240,915943,735494,20462,14673,-11107.99113692146,0.1631225960567415,0.15804343747195762,0.8630489053684133,0.8737697866483138,174,168,360,152,28796,120615,620130,146402,12146,104094,555184,64070,0.7084785843660577,0.7713591137385213,0.1927301202722691,0.10449070887818307,0.16436260687907397,0.15936286344074735,14,11,-0.003510964827612831,1.260221983794019
725,72038.0,72137.5,199,314.55184363747605,314.86636124822627,249.63300452950784,249.94632951637269,0.3145176107502152,0.313324986864842,1.0038063478349004,0.0035217564441522046,0.0027954362133679163,0.0031585963287600605,64.92003173185358,183,180,1926,1795,15,17,586.7326120230522,0.09501557632398754,0.10027855153203342,0.9180327868852459,0.9055555555555556,149594,116420,917869,737289,20477,14690,-10529.946508864212,0.16297968446477656,0.15790280337832246,0.8631161677607391,0.8738189314550764,183,180,324,174,28832,120762,621585,146690,12159,104261,556638,64231,0.7086163711815084,0.7714708886203375,0.19273500274075164,0.10444081772891256,0.16426430874762138,0.15917004843565913,15,16,-0.005262975208045889,1.2598235750510023
726,72137.5,72237.0,199,314.86636124822627,315.17802744513915,249.94632951637269,250.23085682425622,0.31166619691288133,0.2845273078835362,1.0953823702590042,0.003521220035258144,0.002795524553202813,0.0031583722942304785,64.94717062088293,182,184,1916,1793,28,33,-428.91387795493233,0.09498956158663883,0.10262130507529281,0.8461538461538461,0.8206521739130435,149776,116604,919785,739082,20505,14723,-10965.891667330765,0.16283805454535571,0.1577686914307208,0.8630955560303386,0.8737350348187026,182,184,349,194,28861,120915,622999,147010,12179,104425,558073,64405,0.7087091004963116,0.771567972160058,0.19269442367268455,0.10444753181709032,0.1641032347572937,0.15902799540373969,12,12,-0.007631743488653975,1.259591882755566
727,72237.0,72336.5,199,315.17802744513915,315.49774196121473,250.23085682425622,250.48198413688846,0.3197145160755781,0.2511273126322351,1.273117259625941,0.003520796364256193,0.00279515091913963,0.0031579736416979115,65.01575782432627,198,158,1905,1778,27,29,-291.97705296878064,0.10393700787401575,0.08886389201349831,0.8636363636363636,0.8164556962025317,149974,116762,921690,740860,20532,14752,-11266.740240753912,0.16271631459601385,0.15760332586453582,0.8630962700201368,0.8736575255648242,198,158,344,152,28891,121083,624392,147324,12190,104572,559552,64546,0.7087882042769261,0.7717274518802473,0.19264005760998573,0.10440040424110585,0.16395312544335044,0.15885633861551293,9,11,0.015073115860517433,1.2596086816449692
728,72336.5,72436.0,199,315.49774196121473,315.7831979469501,250.48198413688846,250.73213977304601,0.285455985735382,0.2501556361575581,1.141113548829219,0.003519900908232833,0.002794764897267952,0.0031573329027503923,65.0510581739041,168,150,1921,1722,26,17,-128.93501141455204,0.08745445080687142,0.08710801393728224,0.8452380952380952,0.8866666666666667,150142,116912,923611,742582,20558,14769,-11395.675252168467,0.16255977895455986,0.15743985176047898,0.8630762877809007,0.8736742165047215,168,150,362,167,28927,121215,625819,147650,12206,104706,560973,64697,0.7088980100929937,0.7718730052707984,0.1926642778169999,0.10440331189270563,0.163820882674414,0.15871942577012602,10,7,0.00034643686958918396,1.2594622580503083
729,72436.0,72535.5,199,315.7831979469501,316.10307432918245,250.73213977304601,251.0249162839003,0.31987638223233716,0.29277651085428147,1.0925616310508723,0.003519482440611643,0.002794967520860209,0.0031572249807359258,65.07815804528215,200,169,1925,1751,30,26,-287.79454595338996,0.1038961038961039,0.09651627641347801,0.85,0.8461538461538461,150342,117081,925536,744333,20588,14795,-11686.45578664078,0.1624377657919303,0.15729653260032808,0.8630588923920128,0.8736344923599901,200,169,309,154,28960,121382,627268,147926,12221,104860,562416,64836,0.7090248245341078,0.7720160197116076,0.192627476021338,0.10438072787215688,0.1637212668046086,0.1585968828269982,19,6,0.007379827482625889,1.2592212304236186
730,72535.5,72635.0,199,316.10307432918245,316.46147185113654,251.0249162839003,251.32421555975273,0.3583975219540889,0.29929927585243377,1.197455359467,0.003519595458015281,0.0027952593912742908,0.003157427424644786,65.1372562913838,197,166,1944,1795,19,17,453.77052853285846,0.10133744855967078,0.09247910863509749,0.9035532994923858,0.8975903614457832,150539,117247,927480,746128,20607,14812,-11248.065514760201,0.16230969940052617,0.15714059785988463,0.8631118846279038,0.873668409426254,197,166,354,161,29000,121539,628701,148240,12232,105015,563895,64986,0.7091268814421874,0.7721557159093346,0.19264110961279138,0.10432676315811919,0.16361995034980817,0.15840866119298608,18,12,0.008858339924573286,1.2591301791175749
731,72635.0,72734.5,199,316.46147185113654,316.7795227604106,251.32421555975273,251.6419068123253,0.31805090927406354,0.31769125257255837,1.0011320950721583,0.0035191534554058113,0.0027958033276887953,0.0031574783915473033,65.13761594808531,193,193,1938,1763,28,26,-19.89171526716995,0.09958720330237358,0.10947249007373795,0.8549222797927462,0.8652849740932642,150732,117440,929418,747891,20635,14838,-11277.572728674551,0.1621789119642615,0.15702823004956604,0.8631013985086113,0.8736546321525885,193,193,344,147,29036,121696,630138,148548,12245,105195,565331,65120,0.7092330899552193,0.7722729649106621,0.19263328291271925,0.10426600817438691,0.1635057212361474,0.1582757060686357,12,13,-0.009885286771364368,1.2587271145123744
732,72734.5,72834.0,199,316.7795227604106,317.1183506536085,251.6419068123253,251.93709790295057,0.33882789319790163,0.2951910906252806,1.1478256084226273,0.0035189979253564528,0.002796036854057253,0.003157517389706853,65.18125275065793,192,173,1931,1766,18,25,121.71428989138633,0.09943034697048161,0.09796149490373726,0.90625,0.8554913294797688,150924,117613,931349,749657,20653,14863,-11120.693670248906,0.16204881306577879,0.15688908394105572,0.86315629058334,0.873627915281474,192,173,346,150,29068,121856,631563,148862,12257,105356,566786,65258,0.7093270084576244,0.7724105824397024,0.19260024913201346,0.10421467014700755,0.16336761647839038,0.1581242340192221,20,16,0.0014688520667443528,1.2585663598282444
733,72834.0,72933.5,199,317.1183506536085,317.4527860347582,251.93709790295057,252.23494115841513,0.33443538114971716,0.2978432554645565,1.1228569894191045,0.0035187825934112804,0.0027963061073974305,0.0031575443504043557,65.2178448763431,191,172,1918,1804,18,20,273.65004434419853,0.09958289885297185,0.09534368070953436,0.9057591623036649,0.8837209302325582,151115,117785,933267,751461,20671,14883,-10849.10748607719,0.1619204364881647,0.15674133454696917,0.8632101379743904,0.8736426539881988,191,172,334,155,29102,122013,632990,149162,12270,105515,568276,65400,0.7094347062523372,0.7725563934788365,0.19258180855639745,0.10417285732478669,0.16325225508234978,0.15797605252993432,13,12,0.004239218143437487,1.2583681679565013
734,72933.5,73033.0,199,317.4527860347582,317.7747679984515,252.23494115841513,252.54733272957284,0.3219819636933039,0.3123915711577183,1.0306999081314638,0.0035183973305253093,0.002796773829022883,0.003157585579774096,65.22743526887868,191,175,1924,1806,23,20,80.01270733977258,0.09927234927234928,0.09689922480620156,0.8795811518324608,0.8857142857142857,151306,117960,935191,753267,20694,14903,-10774.09141736965,0.16179154846443133,0.1565978597230464,0.8632308038015677,0.8736605629026789,191,175,328,156,29137,122169,634430,149455,12284,105676,569765,65542,0.7095523802089626,0.77269945450949,0.19257002366066117,0.10413699559172601,0.16314840530370903,0.1578392825019916,16,16,0.002373124466147722,1.2580199707298254
735,73033.0,73132.5,199,317.7747679984515,318.0547901036612,252.54733272957284,252.8553012418902,0.28002210520969584,0.307968512317359,0.9092556349434041,0.003517439364789452,0.002797179797864774,0.003157309581327113,65.19948886177102,175,194,1939,1799,25,24,-69.30504027382437,0.09025270758122744,0.10783768760422457,0.8571428571428572,0.8762886597938144,151481,118154,937130,755066,20719,14927,-10847.636128969913,0.16164352864597228,0.15648168504475105,0.8632237706379018,0.8736648780405234,175,194,325,172,29162,122319,635894,149755,12301,105853,571215,65697,0.7096731510035961,0.7728013180304768,0.19251259233831305,0.10410989048191344,0.1629917783106133,0.15770917203005205,7,16,-0.017584980022997132,1.2574949123665515
736,73132.5,73232.0,199,318.0547901036612,318.33095991795534,252.8553012418902,253.20955050667698,0.27616981429412135,0.3542492647867732,0.7795917782930367,0.003516431398292532,0.0027982166379742785,0.0031573240181334053,65.12140941127836,170,204,1919,1798,21,28,106.11231375295229,0.08858780614903596,0.11345939933259176,0.8764705882352941,0.8627450980392157,151651,118358,939049,756864,20740,14955,-10759.650640398004,0.16149423512511063,0.15637948165060037,0.8632386202530811,0.8736460568782846,170,204,354,178,29187,122464,637314,150084,12318,106040,572648,65858,0.7097616844275432,0.7728812573989514,0.19246163889456713,0.1040740803325504,0.16280937798082232,0.1575675399099468,11,12,-0.024871593183555807,1.2566687477200456
737,73232.0,73331.5,199,318.33095991795534,318.64118508618293,253.20955050667698,253.51335141245764,0.31022516822758917,0.3038009057806619,1.0211462912871152,0.003515890569918607,0.002798562715039417,0.003157226642479012,65.12783367372529,196,167,1932,1747,35,13,-30.52174270251887,0.10144927536231885,0.09559244419004007,0.8214285714285714,0.9221556886227544,151847,118525,940981,758611,20775,14968,-10795.918159154087,0.1613709522296412,0.1562394956044666,0.8631846529730585,0.8737144062434086,196,167,352,182,29218,122629,638729,150405,12337,106188,574065,66021,0.7098411126260785,0.7729943277911868,0.19241736748174149,0.1040877452014343,0.16266291065175395,0.15744403889838945,12,10,0.005856831172278781,1.2563200928191764
738,73331.5,73431.0,199,318.64118508618293,318.9744293181177,253.51335141245764,253.77902902917086,0.3332442319347706,0.2656776167132193,1.254318056814266,0.0035156646860307105,0.0027983886826357567,0.0031570266843332336,65.19540028894684,204,155,1928,1721,29,18,-11.923430700089783,0.10580912863070539,0.09006391632771645,0.857843137254902,0.8838709677419355,152051,118680,942909,760332,20804,14986,-10817.840625594245,0.16125734296734892,0.15608970818011078,0.8631774865012397,0.8737276710481968,204,155,359,166,29262,122789,640138,150720,12349,106331,575477,66175,0.7099306507839038,0.7731175328672212,0.19244858632958678,0.10405291540276373,0.16258292495916257,0.15726402119097346,11,16,0.015745212302988948,1.2563175043716097
739,73431.0,73530.5,199,318.9744293181177,319.35526666249103,253.77902902917086,254.1054482944279,0.38083734437333305,0.32641926525704434,1.1667122161844101,0.003516086670215685,0.0027990411954207203,0.0031575639328182024,65.24981836806313,225,180,1945,1801,25,16,500.3172966100307,0.11568123393316196,0.09994447529150471,0.8888888888888888,0.9111111111111111,152276,118860,944854,762133,20829,15002,-10322.473755469648,0.16116352367667386,0.15595703112186457,0.8632154771598939,0.8737842840316339,225,180,366,188,29300,122976,641530,151048,12364,106496,576925,66348,0.7099827063228816,0.7732101877231402,0.19241377498752266,0.10402153794379942,0.16246368132721184,0.157078971440187,15,6,0.015736758641657245,1.2561753917620302
740,73530.5,73630.0,199,319.35526666249103,319.6821474744743,254.1054482944279,254.4542231963831,0.32688081198324426,0.34877490195520977,0.9372257296920488,0.0035157747075414596,0.0027999955659627662,0.003157885136752113,65.22792427809117,201,205,1917,1765,29,20,194.23812114564123,0.10485133020344288,0.11614730878186968,0.8557213930348259,0.9024390243902439,152477,119065,946771,763898,20858,15022,-10133.434732283089,0.16104950405113802,0.15586505004594856,0.8632055982213711,0.8738336202914374,201,205,318,152,29335,123142,642963,151331,12382,106683,578351,66482,0.7100956831166143,0.7733139764732988,0.19238967188494002,0.10399361693192793,0.16237144786512128,0.15700446337999593,13,20,-0.011295978578426805,1.2556358125276443
741,73630.0,73729.5,199,319.6821474744743,320.0054520707497,254.4542231963831,254.73395506367575,0.3233045962754204,0.27973186729263944,1.155766053415708,0.003515415082328689,0.002800010923566973,0.0031577130029478307,65.27149700707395,211,170,1952,1722,36,27,-431.7755390415208,0.10809426229508197,0.09872241579558652,0.8293838862559242,0.8411764705882353,152688,119235,948723,765620,20894,15049,-10565.210271324602,0.16094054850572823,0.15573652725895354,0.8631588598973069,0.8737870591688682,211,170,354,179,29374,123314,644389,151646,12399,106836,579741,66644,0.710178840399147,0.773412397795251,0.19237923084983757,0.10398792300918354,0.16226936250138108,0.15686398542565438,13,10,0.009371846499495448,1.2555004884946495
742,73729.5,73829.0,199,320.0054520707497,320.3171272199216,254.73395506367575,255.04271184915584,0.3116751491718901,0.3087567854800852,1.009451982366208,0.003514898907769643,0.0028004193768656114,0.0031576591423176275,65.27441537076575,193,184,1918,1792,24,24,67.72081948223372,0.10062565172054223,0.10267857142857142,0.8756476683937824,0.8695652173913043,152881,119419,950641,767412,20918,15073,-10501.76701298541,0.1608188580126462,0.1556126305035626,0.8631746260163133,0.8737805541831702,193,184,351,181,29399,123482,645788,151972,12413,107006,581182,66811,0.7102439301481842,0.7735023690012666,0.1922998933811265,0.10394493338580962,0.16209316814705768,0.15668231848934666,6,7,-0.002052919708029191,1.255133047859324
743,73829.0,73928.5,199,320.3171272199216,320.6224981307838,255.04271184915584,255.38252208709298,0.3053709108622229,0.3398102379371437,0.8986512964294759,0.003514298847840646,0.002801246777799473,0.0031577728128200596,65.23997604369083,197,210,1926,1830,30,26,-119.11857342384707,0.10228452751817238,0.11475409836065574,0.8477157360406091,0.8761904761904762,153078,119629,952567,769242,20948,15099,-10632.77677931765,0.1607005071559271,0.15551542947472968,0.8631547315747528,0.8737847846258014,197,210,359,171,29434,123644,647193,152296,12429,107200,582647,66966,0.7103195890682755,0.773587505622418,0.19228105932923084,0.10389621245684574,0.16196555329334728,0.15654638201398072,18,15,-0.01246957084248336,1.254548108967862
744,73928.5,74028.0,199,320.6224981307838,320.9519444848804,255.38252208709298,255.68937650145816,0.3294463540966035,0.30685441436517635,1.0736242943682774,0.003514025621746958,0.002801626774016771,0.0031578261978818644,65.26256798342226,197,176,1917,1760,21,21,300.7664802750283,0.10276473656755347,0.1,0.8934010152284264,0.8806818181818181,153275,119805,954484,771002,20969,15120,-10302.57210050462,0.16058414808420046,0.15538870197483276,0.8631936062632524,0.873794916739702,197,176,344,183,29472,123803,648607,152602,12446,107359,584065,67132,0.7104142133341156,0.7736828179434035,0.19228184635459142,0.10388548057259714,0.16186825137032196,0.15640001005302973,12,13,0.0027647365675534663,1.2542804253361701
745,74028.0,74127.5,199,320.9519444848804,321.2627231051007,255.68937650145816,255.98309850721628,0.310778620220276,0.2937220057581271,1.058070604611745,0.003513501296373196,0.002801828590370263,0.0031576649433717294,65.2796245978844,193,171,1927,1765,25,21,54.72344543180186,0.10015568240788791,0.09688385269121813,0.8704663212435233,0.8771929824561404,153468,119976,956411,772767,20994,15141,-10247.848655072812,0.16046239535095266,0.15525507688604714,0.863202752365314,0.8737997599519904,193,171,342,147,29503,123965,650030,152913,12463,107513,585529,67262,0.710503120520362,0.7738322159201932,0.19224203091198164,0.10387910915516436,0.16173471625296026,0.15632486672938226,16,13,0.003271829716669783,1.2540029423815984
746,74127.5,74227.0,199,321.2627231051007,321.57815760223644,255.98309850721628,256.2690676232957,0.31543449713575455,0.28596911607942843,1.1030369344084767,0.0035130411015404078,0.0028019254172841567,0.0031574832594122824,65.30908997894073,193,174,1917,1779,30,23,-35.79158550974631,0.10067814293166406,0.09780775716694773,0.844559585492228,0.867816091954023,153661,120150,958328,774546,21024,15164,-10290.61580409344,0.16034280538604737,0.15512313019497873,0.8631793363312747,0.8737910944652518,193,174,352,177,29531,124130,651430,153237,12481,107669,586975,67421,0.7105719544873988,0.7739449948744167,0.19218279199016017,0.10387848522679984,0.16157642475706907,0.15620384971590198,9,13,0.002870385764716335,1.2537953650977331
747,74227.0,74326.5,199,321.57815760223644,321.9261615487312,256.2690676232957,256.5625685139367,0.34800394649477084,0.29350089064098484,1.1856997971445853,0.003513020333131987,0.0028021233185928584,0.0031575718258624224,65.36359303479452,217,172,1922,1806,30,21,-13.087542319705559,0.11290322580645161,0.09523809523809523,0.8617511520737327,0.877906976744186,153878,120322,960250,776352,21054,15185,-10303.703346413145,0.16024785212184328,0.15498382177156753,0.8631773222942851,0.8737969781087416,217,172,330,182,29569,124309,652843,153529,12500,107822,588446,67584,0.7106607654256704,0.7740638267177775,0.19215872314430912,0.10388790079952129,0.16149275251504658,0.15608610958493582,14,13,0.017665130568356377,1.2536994035280786
748,74326.5,74426.0,199,321.9261615487312,322.287869242785,256.5625685139367,256.8604157180148,0.36170769405379133,0.29784720407809573,1.2144068807808965,0.0035131837460643913,0.002802379088537207,0.003157781417300799,65.42745352477021,209,181,1912,1795,22,26,156.9453478986388,0.10930962343096234,0.10083565459610028,0.8947368421052632,0.856353591160221,154087,120503,962162,778147,21076,15211,-10134.456055966071,0.16014662811460023,0.15485891483228748,0.8632201288882255,0.8737707774910168,209,181,312,195,29602,124485,654267,153808,12528,107975,589893,67751,0.7107628445105918,0.7741737743639698,0.19211224827532497,0.10396421665850643,0.1613979608527343,0.1560557555525106,18,17,0.008473968834862067,1.2536432920280647
749,74426.0,74525.5,199,322.287869242785,322.63565389297963,256.8604157180148,257.1657083124484,0.347784650194626,0.30529259443358114,1.1391846921144015,0.003513159900098396,0.0028027340794480244,0.0031579469897732105,65.46994558053126,204,177,1942,1779,23,17,332.5313199987338,0.10504634397528322,0.09949409780775717,0.8872549019607843,0.903954802259887,154291,120680,964104,779926,21099,15228,-9808.229535690765,0.1600356393086223,0.15473262848013786,0.8632519071105897,0.8738150480609878,204,177,372,181,29640,124651,655671,154142,12553,108127,591339,67907,0.7108268402578974,0.7742939714793454,0.19210452975222145,0.10401889294000663,0.16127803593387818,0.1560154113845389,16,16,0.005552246167526045,1.2534759989753592
750,74525.5,74625.0,199,322.63565389297963,322.94937075352084,257.1657083124484,257.4563535719942,0.31371686054120573,0.2906452595458404,1.0793806203184486,0.0035126795979272926,0.0028028918445219377,0.0031577857212246154,65.49301718152662,202,172,1920,1787,27,15,163.27270152408616,0.10520833333333333,0.09625069949636261,0.8663366336633663,0.9127906976744186,154493,120852,966024,781713,21126,15243,-9652.525980189335,0.15992666848856757,0.1545989384850962,0.8632559403985941,0.8738705193128786,202,172,367,180,29679,124814,657061,154470,12567,108285,592788,68073,0.7108933111392678,0.7743954622732384,0.19210579120089583,0.1039866944692682,0.1611684016747308,0.1558407738095238,15,14,0.008957633836970721,1.2532340856435782
751,74625.0,74724.5,199,322.94937075352084,323.26719446924596,257.4563535719942,257.7565540284019,0.317823715725126,0.3002004564077083,1.0587049717655432,0.003512255534811867,0.0028031770617917458,0.0031577162983018065,65.51064044084404,187,176,1937,1794,21,21,95.33372103550674,0.09654104284976768,0.09810479375696766,0.8877005347593583,0.8806818181818181,154680,121028,967961,783507,21147,15264,-9557.192259153837,0.15979982664590825,0.1544695835519019,0.8632854926299457,0.8738804243646099,187,176,355,163,29711,124969,658488,154793,12586,108442,594262,68217,0.7109780249410875,0.7745278599935929,0.19208042410137058,0.103992464553657,0.16103173914928673,0.15576154350704802,16,10,-0.0015637509071999844,1.2529552922949825
752,74724.5,74824.0,199,323.26719446924596,323.60989143613244,257.7565540284019,258.0303228720666,0.34269696688647855,0.27376884366469767,1.2517748999451581,0.00351216502295969,0.0028031082700406555,0.003157636646500173,65.57956856406582,206,165,1916,1780,22,23,92.76449055157725,0.10751565762004175,0.09269662921348315,0.8932038834951457,0.8606060606060606,154886,121193,969877,785287,21169,15287,-9464.42776860225,0.15969653883946108,0.15432956358630667,0.8633252844027219,0.8738623517859943,206,165,380,163,29743,125143,659850,155141,12604,108589,595732,68362,0.711010777655311,0.7746670962336063,0.19203155869478197,0.10399940590628172,0.16087384522186884,0.15567028135266656,14,16,0.014819028406558604,1.252953751554074
753,74824.0,74923.5,199,323.60989143613244,323.88358479166936,258.0303228720666,258.31188322681066,0.27369335553692054,0.2815603547440446,0.9720592793886922,0.0035111537639522013,0.0028031436538905156,0.0031571487089213585,65.5717015648587,171,157,1911,1796,24,16,-62.89751947560294,0.08948194662480377,0.08741648106904232,0.8596491228070176,0.8980891719745223,155057,121350,971788,787083,21193,15303,-9527.325288077838,0.15955846336855364,0.15417687842324126,0.8633212302572603,0.8738936959208901,171,157,372,187,29767,125290,661242,155489,12625,108725,597205,68528,0.7110696983292653,0.7747975753510112,0.19197456419252276,0.10403790688092295,0.16068035583192988,0.15557034243958942,14,15,0.002065465555761453,1.2525771767276466
754,74923.5,75023.0,199,323.88358479166936,324.2274095848267,258.31188322681066,258.6160287604334,0.3438247931573528,0.3041455336227159,1.1304614243780347,0.0035110799864925438,0.002803479987282417,0.0031572799868874804,65.61138082439334,209,176,1935,1836,22,19,338.0087443022399,0.10801033591731266,0.09586056644880174,0.8947368421052632,0.8920454545454546,155266,121526,973723,788919,21215,15322,-9189.316543775589,0.15945602599507253,0.1540411626542142,0.8633635180915332,0.8739199842009118,209,176,343,174,29801,125465,662659,155798,12639,108887,598705,68688,0.7111468045840552,0.7749135209064555,0.19193513067896384,0.10400243569277356,0.1605665978803765,0.1554096425541333,14,3,0.012149769468510915,1.252400588704058
755,75023.0,75122.5,199,324.2274095848267,324.5359665826105,258.6160287604334,258.90676297417195,0.3085569977837963,0.290734213738574,1.0613026716602691,0.0035105369339999853,0.002803636903718957,0.003157086918859471,65.62920360843856,187,163,1954,1829,27,19,127.54644759333083,0.09570112589559877,0.08911973756150902,0.8556149732620321,0.8834355828220859,155453,121689,975677,790748,21242,15341,-9077.740538719916,0.15932834329393847,0.15389099940815532,0.863354197088509,0.8739327301563823,187,163,360,170,29836,125617,664101,156123,12653,109036,600215,68844,0.7112364030309211,0.7750484351525391,0.1919293934501103,0.1039781738694541,0.16044396883183928,0.1552572487330822,8,14,0.0065813883340897494,1.252136797508744
756,75122.5,75222.0,199,324.5359665826105,324.82149717222774,258.90676297417195,259.1892328976589,0.285530589617224,0.28246992348692856,1.0108353699838668,0.0035096892054722172,0.0028036835396973527,0.0031566863725847848,65.63226427456885,165,160,1929,1747,12,20,361.34020361579184,0.08553654743390357,0.09158557527189468,0.9272727272727272,0.875,155618,121849,977606,792495,21254,15361,-8680.398666321598,0.15918273824014992,0.15375365144259584,0.863421969180943,0.873934131589098,165,160,343,168,29862,125756,665548,156440,12664,109185,601645,69001,0.7113397421865251,0.77515820289087,0.19189296867971573,0.10393191573176637,0.1602881343195457,0.15507255250107144,10,12,-0.0060490278379911055,1.2518136072700543
757,75222.0,75321.5,199,324.82149717222774,325.0886500703274,259.1892328976589,259.49226769603837,0.2671528980996527,0.30303479837948544,0.8815914856256923,0.0035085997266667657,0.0028040030804152034,0.0031563014035409847,65.59638237428902,174,176,1933,1817,28,20,-107.86096326115143,0.0900155199172271,0.09686296092460099,0.8390804597701149,0.8863636363636364,155792,122025,979539,794312,21282,15381,-8771.582761619078,0.1590462452235184,0.15362351317870057,0.8633947827873062,0.8739520590043024,174,176,363,176,29901,125891,666983,156764,12683,109342,603129,69158,0.7114407900042775,0.7752772210416058,0.19192898223272056,0.10393771768080311,0.1601853587978464,0.1549712246917804,8,14,-0.006847441007373889,1.2512824080589915
758,75321.5,75421.0,199,325.0886500703274,325.3866674741254,259.49226769603837,259.82055721695605,0.298017403797985,0.3282895209176786,0.9077883539045872,0.0035079223520760633,0.0028046566280268284,0.003156289490051446,65.56611025716933,171,184,1941,1767,17,16,510.49941723237504,0.08809891808346214,0.1041312959818902,0.9005847953216375,0.9130434782608696,155963,122209,981480,796079,21299,15397,-8266.468464031446,0.15890593797122712,0.15351365882029297,0.8634355584337311,0.8740109157263376,171,184,327,142,29924,126039,668449,157068,12699,109510,604586,69284,0.711550923095733,0.775406712147915,0.1918660195046261,0.10391215049628096,0.16002823650209635,0.1548979666516229,10,15,-0.01603237789842807,1.2507493134886911
759,75421.0,75520.5,199,325.3866674741254,325.66840240491416,259.82055721695605,260.06143111343624,0.28173493078878664,0.24087389648019553,1.1696366227543908,0.0035070311590457894,0.0028041509449605287,0.003155591052003159,65.60697129147792,179,145,1948,1797,27,18,-188.92826612217874,0.09188911704312115,0.08069003895381191,0.8491620111731844,0.8758620689655172,156142,122354,983428,797876,21326,15415,-8472.39441372033,0.158773189292963,0.15334964330296938,0.8634191953478244,0.874013109501937,179,145,381,183,29957,126185,669870,157416,12716,109638,606072,69450,0.711619966077842,0.7755440695045346,0.19185741184306593,0.10392794677738365,0.1598789580142283,0.15475987634788113,15,10,0.011199078089309242,1.2506570537325887
760,75520.5,75620.0,199,325.66840240491416,325.9605219882023,260.06143111343624,260.36405042200204,0.2921195832881267,0.3026193085657951,0.9653038488276581,0.0035062796380587896,0.0028044631148830654,0.0031553713764709275,65.59647156620025,175,169,1909,1803,18,19,246.9796860494298,0.09167103195390257,0.09373266777592901,0.8971428571428571,0.8875739644970414,156317,122523,985337,799679,21344,15434,-8226.914727670895,0.15864318502197725,0.15321522761007855,0.8634569496599858,0.8740318144348408,175,169,341,173,29992,126325,671298,157722,12736,109787,607553,69603,0.7117260389085156,0.7756724885860452,0.19186652763295098,0.10394783020330876,0.15977497682644876,0.15467761328167698,12,12,-0.002061635822026439,1.2502498675954192
761,75620.0,75719.5,199,325.9605219882023,326.27671228285857,260.36405042200204,260.65425537694716,0.31619029465628046,0.2902049549451249,1.089541337142466,0.003505847985322961,0.0028046105125153035,0.0031552292489191325,65.6224569059114,186,160,1922,1739,23,11,388.167523591788,0.0967741935483871,0.09200690051753882,0.8763440860215054,0.93125,156503,122683,987259,801418,21367,15445,-7842.415735118849,0.1585227382075018,0.15308241142574786,0.8634722657073666,0.87410643691465,186,160,370,164,30032,126471,672704,158052,12753,109930,608985,69750,0.711805108892398,0.7757973991100774,0.19189408509741027,0.10395083263369823,0.1596733374449714,0.15457619722919166,19,10,0.004767293030848274,1.2500302518579507
762,75719.5,75819.0,199,326.27671228285857,326.56689597554043,260.65425537694716,260.9650308118432,0.2901836926818646,0.31077543489601567,0.9337407661546964,0.0035050744564996085,0.0028050288336340305,0.0031550516450668193,65.60186516369725,189,179,1934,1824,33,17,-20.3970001025793,0.09772492244053775,0.0981359649122807,0.8253968253968254,0.9050279329608939,156692,122862,989193,803242,21400,15462,-7866.460606641002,0.1584038706298973,0.15295763916727462,0.8634263395706226,0.8741514870342335,189,179,356,179,30062,126630,674123,158378,12768,110094,610466,69914,0.7118782684471079,0.7758981726553144,0.19185408316953004,0.10392147287200273,0.1595308851623859,0.1544229699329963,10,9,-0.0004110424717429506,1.249568066635037
763,75819.0,75918.5,199,326.56689597554043,326.81106157477234,260.9650308118432,261.2869382342742,0.24416559923190562,0.32190742243102477,0.7584963322311187,0.003503696804027684,0.00280559268899846,0.0031546447465130717,65.52412334049814,165,192,1932,1826,27,19,-7.20333162700271,0.08540372670807453,0.10514786418400876,0.8363636363636364,0.9010416666666666,156857,123054,991125,805068,21427,15481,-7885.962606686132,0.15826157144658848,0.15284920031599816,0.8633978719470601,0.8741934435288572,165,192,347,179,30088,126769,675569,158699,12785,110269,611938,70076,0.7119757850926977,0.7759878668634203,0.1918180253351779,0.10389747590488728,0.15937538072007076,0.15429454146100097,13,15,-0.01974413747593423,1.2488258961347782
764,75918.5,76018.0,199,326.81106157477234,327.1171686903092,261.2869382342742,261.5873680885124,0.3061071155368609,0.3004298542381889,1.0188971276275722,0.00350313758494189,0.0028058725356358725,0.0031545050602888812,65.52980060179681,192,170,1941,1814,30,15,38.09330245282599,0.09891808346213292,0.09371554575523705,0.84375,0.9117647058823529,157049,123224,993066,806882,21457,15496,-7851.283750837931,0.1581455814618565,0.1527162583872239,0.8633738514731071,0.8742452768941116,192,170,346,157,30122,126927,677006,159011,12800,110424,613440,70218,0.7120654619129041,0.7761233984647073,0.19180001146139103,0.10387586833733688,0.1592635869996246,0.1541834300994965,7,10,0.005202537706895868,1.248502040078596
765,76018.0,76117.5,199,327.1171686903092,327.38053872235815,261.5873680885124,261.84832516044395,0.2633700320489538,0.26095707193155704,1.0092465787554117,0.003502018365870681,0.0028056330736808137,0.0031538257197757475,65.5322135619142,174,156,1906,1796,28,18,-159.19504481002895,0.0912906610703043,0.08685968819599109,0.8390804597701149,0.8846153846153846,157223,123380,994972,808678,21485,15514,-8023.548928617092,0.15801751205059036,0.1525699969579981,0.8633469657747276,0.8742583887177825,174,156,319,187,30142,127081,678439,159310,12817,110563,614910,70388,0.7121617492753565,0.7762385028404384,0.19171495264687738,0.10388231479980548,0.1591009860017313,0.1540412234841656,8,12,0.00443097287431321,1.2482096817016253
766,76117.5,76217.0,199,327.38053872235815,327.7170460915485,261.84832516044395,262.16472490056657,0.3365073691903717,0.31639974012261973,1.0635513450799907,0.003501861662533974,0.0028061216687356094,0.0031539916656347917,65.55232119098196,194,184,1946,1809,16,16,502.2841939599043,0.09969167523124357,0.10171365395245992,0.9175257731958762,0.9130434782608696,157417,123564,996918,810487,21501,15530,-7531.518600535838,0.15790365907727616,0.15245648603864095,0.8634137354923547,0.8743161438606714,194,184,343,178,30170,127247,679876,159625,12838,110726,616378,70545,0.7122411271538883,0.7763431122275867,0.19165655551814606,0.10389757534556991,0.1589609842198161,0.15396423731456052,20,8,-0.0020219787212163443,1.2479365030924883
767,76217.0,76316.5,199,327.7170460915485,328.04483283042543,262.16472490056657,262.4366490782267,0.32778673887690957,0.2719241776601393,1.2054343298836387,0.0035015910985465638,0.0028060262119421367,0.0031538086552443502,65.60818375219873,195,156,1941,1812,28,12,242.2472927277849,0.10046367851622875,0.08609271523178808,0.8564102564102565,0.9230769230769231,157612,123720,998859,812299,21529,15542,-7295.723625043424,0.15779204071845976,0.15230844799759694,0.8634050706798975,0.8743776268994503,195,156,325,158,30204,127408,681331,159916,12850,110870,617888,70691,0.7123477888270516,0.7764850135233454,0.19163515468365352,0.10386356288393146,0.15886808331580055,0.15381668881148178,10,12,0.01437096328444068,1.2478825335430508
768,76316.5,76416.0,199,328.04483283042543,328.3096069709572,262.4366490782267,262.7518743722648,0.2647741405317561,0.3152252940381004,0.8399520772586021,0.0035004966396142245,0.002806497653602913,0.003153497146608569,65.55773259869238,163,184,1950,1817,26,21,-105.13505559018606,0.0835897435897436,0.10126582278481013,0.8404907975460123,0.8858695652173914,157775,123904,1000809,814116,21555,15563,-7354.847373832651,0.15764746320226936,0.15219452756118293,0.8633813975598161,0.8743946926652892,163,184,331,156,30224,127551,682807,160227,12865,111039,619380,70832,0.712454624209015,0.7766030885033582,0.19156393598478846,0.10383038481404959,0.15869698767662024,0.15370921299449203,7,10,-0.01767607919506653,1.24728293826306
769,76416.0,76515.5,199,328.3096069709572,328.6000240839761,262.7518743722648,263.0327870341329,0.29041711301891837,0.2809126618681148,1.0338341856418911,0.0034997401614807393,0.002806519428868508,0.0031531297951746234,65.56723704984319,171,165,1930,1814,18,18,308.59011047873537,0.08860103626943006,0.09095920617420065,0.8947368421052632,0.8909090909090909,157946,124069,1002739,815930,21573,15581,-7046.25726335392,0.1575145675993454,0.15205838736166094,0.8634153444848239,0.8744166552482893,171,165,357,160,30261,127685,684246,160547,12884,111185,620888,70973,0.7125553110031624,0.7767480053435957,0.1915907968546212,0.10384544084340165,0.15859397928808017,0.1536425104642427,12,13,-0.002358169904770599,1.2470037176588207
770,76515.5,76615.0,199,328.6000240839761,328.899356039854,263.0327870341329,263.3471866484326,0.2993319558779035,0.31439961429970253,0.9520748189995051,0.0034991020072003835,0.0028069782284655485,0.003153040117832966,65.55216939142139,183,184,1925,1799,25,22,93.84570919759828,0.09506493506493506,0.10227904391328516,0.8633879781420765,0.8804347826086957,158129,124253,1004664,817729,21598,15603,-6955.38602985388,0.1573949101391112,0.15194887303739993,0.8634153128142212,0.8744255671895246,183,184,355,178,30294,127835,685666,160869,12902,111351,622343,71133,0.7126362644625467,0.7768404936109641,0.19157776245976385,0.10383652708586513,0.15847208926413583,0.1535312667340989,14,16,-0.007214108848350095,1.2465725496963291
771,76615.0,76714.5,199,328.899356039854,329.2104437434529,263.3471866484326,263.5565372921186,0.3110877035989006,0.20935064368597978,1.4859648774976952,0.0034986187485450118,0.0028060664883115187,0.003152342618428265,65.65390645133431,187,135,1942,1858,25,24,-222.2154592897756,0.09629248197734294,0.07265877287405813,0.8663101604278075,0.8222222222222222,158316,124388,1006606,819587,21623,15627,-7177.601489143658,0.15727702795334023,0.1517691227410879,0.8634187321559412,0.8743689101842622,187,135,350,177,30318,127998,687095,161195,12915,111473,623902,71297,0.7127048716180909,0.7769974389540097,0.1915030698097476,0.1038283435701193,0.1583077911160078,0.1533629411485299,13,13,0.023633709103284814,1.246805363706909
772,76714.5,76814.0,199,329.2104437434529,329.48660046773017,263.5565372921186,263.88085864869674,0.2761567242772571,0.3243213565781389,0.8514910248000352,0.003497681994291842,0.002806653851825867,0.003152167923058854,65.60574181903343,171,188,1927,1796,22,21,190.61164468322292,0.08873897249610795,0.10467706013363029,0.8713450292397661,0.8882978723404256,158487,124576,1008533,821383,21645,15648,-6989.592644411687,0.15714607256282145,0.15166615330485292,0.863427284256753,0.874389930644747,171,188,327,179,30343,128144,688549,161497,12944,111632,625360,71447,0.7128095957197236,0.7771088517780378,0.19145418867162606,0.10390444387361931,0.1581682652210175,0.1533812847341541,13,11,-0.015938087637522344,1.246210676110425
773,76814.0,76913.5,199,329.48660046773017,329.8285706735673,263.88085864869674,264.176048234611,0.34197020583712856,0.29518958591427236,1.1584765254436924,0.0034976033455163358,0.002806860935467329,0.003152232140491832,65.65252243895628,193,170,1923,1797,20,15,422.6903834762966,0.10036401456058243,0.09460211463550362,0.8963730569948186,0.9117647058823529,158680,124746,1010456,823180,21665,15663,-6566.902260935391,0.15703801056156824,0.15154158264292136,0.8634673556843963,0.8744408638353134,193,170,354,173,30388,128292,689970,161806,12972,111774,626842,71592,0.7129038770614455,0.7772467747029811,0.19150491555331484,0.10398730219806647,0.15811107526769827,0.15339860933730665,9,13,0.005761899925078806,1.2460907134089996
774,76913.5,77013.0,199,329.8285706735673,330.13173901279384,264.176048234611,264.48317873207924,0.30316833922654496,0.3071304974682221,0.9870994307815782,0.003497021064685147,0.002807222534604997,0.003152121799645072,65.6485602807146,183,185,1937,1812,28,23,74.99831830663277,0.09447599380485286,0.1020971302428256,0.8469945355191257,0.8756756756756756,158863,124931,1012393,824992,21693,15686,-6482.036756270787,0.15691831136722598,0.15143298359256818,0.8634483800507355,0.8744426923661861,183,185,341,166,30428,128435,691423,162107,12988,111943,628319,71742,0.7130146099390257,0.7773493561149684,0.19153610343503522,0.10396138668545037,0.15803879814059782,0.15328691136551398,12,13,-0.007621136437972742,1.2457227817092924
775,77013.0,77112.5,199,330.13173901279384,330.4491627405711,264.48317873207924,264.7456951657112,0.3174237277772818,0.26251643363195853,1.2091575501985599,0.0034966251513357046,0.0028070046424531247,0.003151814896894415,65.70346757485993,197,155,1965,1771,31,21,-45.567707614312255,0.10025445292620865,0.08752117447769622,0.8426395939086294,0.864516129032258,159060,125086,1014358,826763,21724,15707,-6515.467356510864,0.15680854294046087,0.15129607880372006,0.863422607820948,0.8744303918903794,197,155,336,180,30456,128604,692883,162415,13008,112078,629775,71902,0.7131003058091916,0.7774694803710374,0.1914749151263674,0.10399245319220377,0.15790865397078876,0.15319750323872336,13,9,0.012733278448512422,1.2456784354584822
776,77112.5,77212.0,199,330.4491627405711,330.767413715275,264.7456951657112,265.0102897062281,0.318250974703858,0.2645945405168959,1.2027873820908856,0.0034962409723498728,0.0028068142261783594,0.003151527599264116,65.75712400904689,200,154,1936,1821,29,14,147.57093504924438,0.10330578512396695,0.08456891817682592,0.855,0.9090909090909091,159260,125240,1016294,828584,21753,15721,-6380.9925358474475,0.15670662229630403,0.1511494308362218,0.8634120306417179,0.8744730118173107,200,154,341,201,30482,128778,694304,162730,13023,112217,631256,72088,0.7131656784355708,0.7775663058905313,0.1913977144292352,0.10398435004790801,0.15776452808314184,0.15301194910176122,11,13,0.018736866947141023,1.2456260694923895
777,77212.0,77311.5,199,330.767413715275,331.0612773722504,265.0102897062281,265.23969752636606,0.29386365697541805,0.2294078201379648,1.280966171069015,0.0034955423399371864,0.0028061691708454943,0.0031508557553913403,65.82157984588434,176,139,1939,1801,19,18,73.70850112757519,0.09076843733883445,0.07717934480843976,0.8920454545454546,0.8705035971223022,159436,125379,1018233,830385,21772,15739,-6311.525182535283,0.156581057577195,0.15098899907874058,0.8634436388268647,0.8744686111709298,176,139,334,187,30518,128918,695769,163028,13034,112345,632742,72264,0.7132817341413998,0.7776826411845108,0.19141222810406683,0.1039568029733847,0.15767827803209572,0.15280545851016436,12,11,0.013589092530394697,1.2456634390591588
778,77311.5,77411.0,199,331.0612773722504,331.3977280035113,265.23969752636606,265.5128911056791,0.33645063126090236,0.27319357931304467,1.2315466275119638,0.003495395644615296,0.002806091400849162,0.003150743522732229,65.8848368978322,202,156,1914,1755,25,14,266.59068507195354,0.10553814002089865,0.08888888888888889,0.8762376237623762,0.9102564102564102,159638,125535,1020147,832140,21797,15753,-6027.996678861622,0.15648529084533896,0.15085802869709425,0.8634598278605344,0.874513084000478,202,156,333,157,30547,129091,697177,163332,13049,112486,634199,72406,0.7133520953352801,0.7778114259619775,0.191351683183202,0.1039471063846736,0.15755703299480603,0.15270025159440642,12,13,0.016649251132009754,1.245645684797559
779,77411.0,77510.5,199,331.3977280035113,331.72204984264357,265.5128911056791,265.7952428627425,0.3243218391322671,0.2823517570633953,1.1486446640367405,0.0034950928465749408,0.0028061319845465826,0.0031506124155607617,65.92680697990107,194,169,1929,1816,27,21,-70.6097989918011,0.10057024364955935,0.09306167400881057,0.8608247422680413,0.8757396449704142,159832,125704,1022076,833956,21824,15774,-6104.579968329125,0.15637976040920637,0.15073217292039387,0.863456629460934,0.874514733023611,194,169,354,194,30585,129247,698596,163648,13065,112639,635668,72584,0.7134312908237743,0.77789835434963,0.19135717503378546,0.10393464010691784,0.15746551821781057,0.15254118553631682,11,9,0.00750856964074878,1.2455197637967415
780,77510.5,77610.0,199,331.72204984264357,332.03254168845586,265.7952428627425,266.09113372538735,0.31049184581229383,0.2958908626448533,1.0493458400064402,0.0034946126263401527,0.002806346914712572,0.0031504797705263626,65.94140796306851,184,173,1944,1800,22,19,295.54910676797533,0.09465020576131687,0.0961111111111111,0.8804347826086957,0.8901734104046243,160016,125877,1024020,835756,21846,15793,-5798.76538233113,0.15626257299662116,0.1506145334284169,0.8634761523847615,0.8745362536444307,184,173,361,183,30609,129407,700019,163985,13083,112794,637130,72749,0.7134899708990059,0.7779938163770287,0.1912871212878712,0.103934793488882,0.15729673062889915,0.1524256687482524,18,10,-0.0014609053497942337,1.2452532536228056
781,77610.0,77709.5,199,332.03254168845586,332.34547597302947,266.09113372538735,266.36871519384414,0.3129342845736005,0.27758146845678766,1.1273601451615505,0.0034941650662381413,0.0028063256811496603,0.0031502453736939008,65.97676077918533,178,159,1919,1828,20,17,285.1668974540492,0.09275664408546118,0.08698030634573305,0.8876404494382022,0.8930817610062893,160194,126036,1025939,837584,21866,15810,-5513.598484877077,0.1561437863264775,0.15047565378517258,0.8635030026093362,0.874559649623917,178,159,336,164,30645,129549,701460,164285,13093,112943,638645,72903,0.7135950577958339,0.7781165829337714,0.19129929959923592,0.10388301755054112,0.15721028061355358,0.152251267500814,14,12,0.005776337739728132,1.2451031930145384
782,77709.5,77809.0,199,332.34547597302947,332.618831331322,266.36871519384414,266.6462788377952,0.27335535829251967,0.27756364395105493,0.9848384838928065,0.0034932099830755486,0.0028063042728122783,0.0031497571279439137,65.97255249352679,170,164,1949,1796,20,18,145.07903760150216,0.08722421754746024,0.09131403118040089,0.8823529411764706,0.8902439024390244,160364,126200,1027888,839380,21886,15828,-5368.519447275569,0.15601310648630978,0.15034906716862445,0.8635229852086503,0.8745800316957211,170,164,335,183,30676,129688,702935,164589,13110,113090,640111,73069,0.7137071354077487,0.7782184469489385,0.19128981566935221,0.10388272583201268,0.15709932655621847,0.1521252277236914,12,9,-0.004089813632940656,1.244772356625072
783,77809.0,77908.5,199,332.618831331322,332.93835791491625,266.6462788377952,266.9421502582085,0.3195265835942678,0.29587142041333436,1.079950821704533,0.003492849973452443,0.0028065179099028208,0.003149683941677632,65.99620765670772,200,174,1949,1813,32,19,-168.8325428750707,0.10261672652642381,0.09597352454495311,0.84,0.8908045977011494,160564,126374,1029837,841193,21918,15847,-5513.601517206269,0.15591205210144907,0.1502318730659908,0.8634936847612167,0.8746023707408169,200,174,387,174,30713,129851,704334,164939,13128,113246,641594,73225,0.7137508168768456,0.7783255447917422,0.19128198101691538,0.10388212765283998,0.15697769509128454,0.15202714439567822,20,7,0.006643201981470698,1.2445493260983278
784,77908.5,78008.0,199,332.93835791491625,333.21236716813564,266.9421502582085,267.23528867416775,0.27400925321938985,0.29313841595921986,0.9347435829001302,0.003491907386549316,0.0028066959670754684,0.003149301676812392,65.9770784939679,172,173,1931,1822,29,18,12.692938417376622,0.08907301916105645,0.09495060373216246,0.8313953488372093,0.8959537572254335,160736,126547,1031768,843015,21947,15865,-5504.128721062474,0.15578695985919316,0.15011239420413636,0.863459337049572,0.8746315598157206,172,173,357,180,30751,129985,705774,165258,13149,113398,643084,73384,0.7138474928472293,0.778435733646495,0.191313706948039,0.10390605861853698,0.15688565320980158,0.1519535899598997,10,15,-0.005877584571106015,1.2441345366622758
785,78008.0,78107.5,199,333.21236716813564,333.49192335819424,267.23528867416775,267.47199792880343,0.27955619005859944,0.23670925463568437,1.1810108163656725,0.003491038217840766,0.002806151115504386,0.003148594666672576,66.01992542939081,177,144,1943,1855,26,15,-70.02521405380362,0.09109624292331446,0.07762803234501348,0.8531073446327684,0.8958333333333334,160913,126691,1033711,844870,21973,15880,-5579.405809210713,0.15566536488438257,0.1499532472451383,0.8634479501345448,0.8746556582551247,177,144,352,164,30783,130130,707220,165578,13163,113528,644645,73534,0.7139355196955436,0.7785907891154852,0.1913021322080876,0.10389846161132203,0.15676738252504316,0.1518276295604231,13,9,0.013468210578300985,1.244066364976669
786,78107.5,78207.0,199,333.49192335819424,333.7977712281799,267.47199792880343,267.7165238790337,0.30584786998565505,0.2445259502302406,1.2507787811382596,0.0034905074414052872,0.002805707599121422,0.0031481075202633548,66.08124734914622,180,158,1957,1845,18,17,391.6465657133818,0.09197751660705161,0.08563685636856369,0.9,0.8924050632911392,161093,126849,1035668,846715,21991,15897,-5187.759243497335,0.1555450202188346,0.1498131012205996,0.8634887921883633,0.8746777664782537,180,158,361,191,30815,130278,708668,165907,13179,113670,646157,73709,0.7140154953131699,0.7786988538055898,0.19128702054092978,0.10389518246103635,0.1566423684183772,0.15167802228155786,12,18,0.006340660238487922,1.2440738452211852
787,78207.0,78306.5,199,333.7977712281799,334.07805428905147,267.7165238790337,268.01891291000345,0.28028306087156807,0.30238903096977765,0.9268955952955219,0.0034896515427308697,0.002806004140594444,0.003147827841662657,66.05914137904801,177,177,1945,1834,23,19,100.28989091731358,0.0910025706940874,0.0965103598691385,0.8700564971751412,0.8926553672316384,161270,127026,1037613,848549,22014,15916,-5012.636128886556,0.15542403574357685,0.1496978960555018,0.8634960004960626,0.8747028167461779,177,177,327,167,30843,130427,710137,166206,13189,113837,647657,73866,0.7141198115289612,0.7787953317958067,0.19125069758789606,0.10382913734196149,0.156524519282006,0.1515019240709896,14,22,-0.005507789175051098,1.2436373461628596
788,78306.5,78406.0,199,334.07805428905147,334.3750074241448,268.01891291000345,268.3093323348046,0.29695313509336074,0.2904194248011436,1.0224974975303078,0.0034890104286144966,0.00280614726755937,0.0031475788480869334,66.06567508934023,187,165,1944,1808,31,14,107.73099851165368,0.09619341563786009,0.09126106194690266,0.8342245989304813,0.9151515151515152,161457,127191,1039557,850357,22045,15930,-4883.420356218943,0.15531327286526858,0.14957364965538003,0.8634620982676502,0.8747552892893365,187,165,345,162,30866,130591,711572,166528,13208,113983,649157,74009,0.7141869084619699,0.7789257923436862,0.19117164322389243,0.10384382542789977,0.15636746810946633,0.1514383663735281,10,11,0.004932353690957431,1.2433454469583283
789,78406.0,78505.5,199,334.3750074241448,334.70108805905215,268.3093323348046,268.56646829896005,0.32608063490732775,0.25713596415545226,1.2681253514199002,0.003488741964586628,0.002805866068293501,0.0031473040164400647,66.13461976009211,199,160,1929,1824,21,20,235.0096983527838,0.10316226023846553,0.08771929824561403,0.8944723618090452,0.875,161656,127351,1041486,852181,22066,15950,-4620.1843502124075,0.15521668078111467,0.149441257197708,0.8635002721829069,0.8747555967365784,199,160,364,178,30902,130754,712974,166856,13232,114119,650667,74163,0.7142448386248111,0.7790586741549037,0.1911590043054387,0.10390181466969242,0.15626169358508885,0.1514045425939699,13,11,0.0154429619928515,1.2433743734277545
790,78505.5,78605.0,199,334.70108805905215,334.97966038720654,268.56646829896005,268.8172814984769,0.2785723281543824,0.25081319951686964,1.1106765062244885,0.003487869787278289,0.002805505143743175,0.003146687465510732,66.16237888872962,172,143,1957,1738,20,12,352.0072521103402,0.08788962698007154,0.08227848101265822,0.8837209302325582,0.916083916083916,161828,127494,1043443,853919,22086,15962,-4268.17709810207,0.15509040743001773,0.1493045593317399,0.8635217638480361,0.8748019514643827,172,143,358,209,30936,130892,714435,167180,13245,114249,652066,74359,0.7143380136720453,0.7791265916322274,0.1911659292582248,0.10388724175255307,0.15615094187243836,0.15119172640518697,19,9,0.005611145967413314,1.2432234512408293
791,78605.0,78704.5,199,334.97966038720654,335.2368466026564,268.8172814984769,269.0663882176205,0.257186215449849,0.24910671914358318,1.0324338754652733,0.0034867280885395343,0.002805123449651238,0.0031459257690953863,66.17045838503589,170,146,1937,1827,26,16,10.848679007778554,0.08776458440887971,0.07991242474001095,0.8470588235294118,0.8904109589041096,161998,127640,1045380,855746,22112,15978,-4240.364554090079,0.15496565842086132,0.14915640856048407,0.8635044877097249,0.8748198057035412,170,146,369,181,30967,131031,715864,167518,13259,114381,653580,74526,0.7144110275689223,0.7792487490446932,0.19115668094667834,0.10387809464117831,0.15601682746807063,0.15103947143589452,11,9,0.007852159668868763,1.2429856122635317
792,78704.5,78804.0,199,335.2368466026564,335.5052651313363,269.0663882176205,269.33809143483745,0.2684185286798879,0.27170321721695245,0.9879107484603624,0.003485731807689199,0.00280502946246755,0.0031453806350783746,66.16717369649882,166,157,1919,1816,21,8,327.6064108173523,0.08650338718082334,0.08645374449339208,0.8734939759036144,0.9490445859872612,162164,127797,1047299,857562,22133,15986,-3919.027273244527,0.15484021277591214,0.1490236274461788,0.8635147134999137,0.8749109916508212,166,157,345,177,30995,131169,717300,167835,13279,114518,655082,74683,0.7144998706195652,0.7793733864140435,0.19113366715177227,0.10390697747208463,0.15588693859075592,0.15096291580455196,8,10,4.964268743126721e-05,1.242672083958378
793,78804.0,78903.5,199,335.5052651313363,335.75359879948604,269.33809143483745,269.6003000363487,0.24833366814976898,0.26220860151124725,0.9470843699195615,0.003484483489848859,0.002804815380329188,0.003144649435089023,66.15329876313734,145,154,1929,1832,17,17,208.40861391367446,0.0751684810782789,0.08406113537117904,0.8827586206896552,0.8896103896103896,162309,127951,1049228,859394,22150,16003,-3715.2255778014,0.15469373672833742,0.14888514464843833,0.8635319051931809,0.8749286836367047,145,154,384,156,31019,131290,718724,168195,13293,114658,656618,74825,0.7145663287674366,0.7795155656194946,0.19111078251976168,0.1038913334010676,0.15570692822793578,0.15085453596314033,11,10,-0.008892654292900135,1.2423218705538834
794,78903.5,79003.0,199,335.75359879948604,336.0040635169334,269.6003000363487,269.86928237794257,0.25046471744735754,0.268982341593869,0.9311567293347797,0.0034832652906691746,0.0028046875777299335,0.003143976434199554,66.13478113899083,148,157,1942,1824,16,19,212.0532518194407,0.07621009268795056,0.08607456140350878,0.8918918918918919,0.8789808917197452,162457,128108,1051170,861218,22166,16022,-3512.7071423518914,0.15454874092677684,0.14875211618893242,0.8635577414331177,0.8749336497330378,148,157,351,172,31050,131407,720198,168515,13314,114794,658134,74976,0.7146779303062302,0.7796492874045828,0.19112749835341045,0.10392793580416523,0.15558840478039737,0.1507985049269453,15,12,-0.009864468715558211,1.241944136069683
795,79003.0,79102.5,199,336.0040635169334,336.28565187235233,269.86928237794257,270.16333827636515,0.2815883554189327,0.2940558984225845,0.9576014524091101,0.0034824436157410415,0.0028048770721762336,0.0031436603439586376,66.12231359598718,161,172,1939,1820,13,23,308.7655632734515,0.08303249097472924,0.0945054945054945,0.9192546583850931,0.8662790697674418,162618,128280,1053109,863038,22179,16045,-3211.9692406680715,0.15441706414055906,0.14863771931247524,0.8636128841825628,0.8749220455254132,161,172,377,152,31086,131532,721635,168856,13330,114950,659646,75112,0.714760770252652,0.7797756298100431,0.1911596502232225,0.10391331462425943,0.15547508777545488,0.15072024603695078,14,11,-0.01147300353076526,1.2415672865973768
796,79102.5,79202.0,199,336.28565187235233,336.5312979864867,270.16333827636515,270.41050217086183,0.24564611413438797,0.24716389449667986,0.9938592148930867,0.003481170200604658,0.0028044740347000986,0.0031428221176523783,66.12079581562489,162,143,1959,1785,26,14,75.86644002006601,0.08269525267993874,0.08011204481792718,0.8395061728395061,0.9020979020979021,162780,128423,1055068,864823,22205,16059,-3142.0211088321767,0.1542838944977954,0.14849628189814562,0.8635888929843961,0.8749523060510968,162,143,384,185,31114,131666,723076,169212,13348,115075,661121,75279,0.7148259638241327,0.7798925329229218,0.19114141786460254,0.10393776815679434,0.15531683356129508,0.15060873097363106,9,11,0.0025832078620115634,1.241291649532752
797,79202.0,79301.5,199,336.5312979864867,336.7889581405495,270.41050217086183,270.66039841025736,0.2576601540627621,0.2498962393955253,1.031068553436486,0.0034800514792576796,0.0028041064637580972,0.0031420789715078884,66.12855973029212,161,152,1943,1839,22,21,20.8303640226486,0.08286155429747813,0.0826536160957042,0.8633540372670807,0.8618421052631579,162941,128575,1057011,866662,22227,16080,-3109.8015805080813,0.15415260579123585,0.14835656807382808,0.8635886609263476,0.8749368073109081,161,152,334,175,31138,131803,724548,169522,13369,115206,662654,75433,0.714927280794618,0.7800307386270542,0.19109984595651186,0.1039782228271437,0.15517791288747135,0.1505484110718227,10,11,0.00020793820177393563,1.2410554036502854
798,79301.5,79401.0,199,336.7889581405495,337.02419518884045,270.66039841025736,270.91969552837617,0.23523704829096914,0.25929711811880907,0.9072104233074597,0.0034786531584066176,0.002803858211531738,0.0031412556849691776,66.10449966046428,150,151,1954,1833,19,17,7.813516126036205,0.0767656090071648,0.08237861429350792,0.8733333333333333,0.8874172185430463,163091,128726,1058965,868495,22246,16097,-3107.2677744144803,0.1540098114668568,0.14821731846470043,0.863597623412696,0.8749514472600718,150,151,333,160,31168,131923,726049,169825,13384,115342,664191,75578,0.7150538497495196,0.7801714460071734,0.1911080317123569,0.10397277939188665,0.15507007706736056,0.15044625795283378,10,9,-0.00561300528634312,1.240666572974188
799,79401.0,79500.5,199,337.02419518884045,337.2675443026018,270.91969552837617,271.1673629446168,0.24334911376132595,0.24766741624063116,0.9825641073627966,0.0034773603756505325,0.0028034642960745176,0.003140412335862525,66.10018135798498,149,149,1936,1859,24,19,-105.78248236255786,0.07696280991735537,0.08015061861215707,0.8389261744966443,0.87248322147651,163240,128875,1060901,870354,22270,16116,-3216.9615915660165,0.15386921117050506,0.14807193394871512,0.8635751041411419,0.8749485935984481,149,149,346,200,31191,132049,727513,170148,13402,115473,665719,75760,0.7151506125453742,0.7802813567812638,0.19107449154618966,0.10399224054316197,0.1549178251605501,0.1503106704649963,10,10,-0.0031878086948017026,1.2403797617539205
800,79500.5,79600.0,199,337.2675443026018,337.49646663024305,271.1673629446168,271.3939115342511,0.2289223276412713,0.22654858963431934,1.0104778317569025,0.003475889583819679,0.002802806053513901,0.00313934781866679,66.10255509599193,145,136,1949,1877,19,15,34.45574747241386,0.07439712673165726,0.07245604688332445,0.8689655172413793,0.8897058823529411,163385,129011,1062850,872231,22289,16131,-3152.1457606745726,0.15372347932445782,0.14790921212385252,0.8635798879946139,0.8749641503437692,145,136,339,182,31214,132171,729001,170464,13418,115593,667294,75926,0.7152608552476831,0.7804262861558463,0.1910456896287909,0.1040066350931316,0.15477146738860956,0.15018356017191978,13,9,0.0019410798483328051,1.2401463096106589
801,79600.0,79699.5,199,337.49646663024305,337.75725610675994,271.3939115342511,271.6295880451852,0.2607894765168908,0.23567651093406994,1.1065569304437222,0.0034748223056426117,0.0028022639837218624,0.0031385431446822373,66.12766806157475,142,142,1949,1836,18,16,95.29853294598,0.0728578758337609,0.07734204793028322,0.8732394366197183,0.8873239436619719,163527,129153,1064799,874067,22307,16147,-3056.847227728593,0.1535754635381889,0.14776098399779422,0.8635882759421991,0.8749777395801879,142,142,363,175,31234,132293,730465,170807,13433,115720,668828,76086,0.7153453374768384,0.7805591562202897,0.19100209751294894,0.10400842411713239,0.1545923847139937,0.1500575296864353,10,14,-0.004484172096522326,1.2400053406201519
802,79699.5,79799.0,199,337.75725610675994,337.9891487596689,271.6295880451852,271.8534274820422,0.2318926529089822,0.2238394368570198,1.0359776461424288,0.003473395568885228,0.0028015749296043508,0.0031374852492447895,66.13572127762671,149,133,1964,1812,23,16,-154.85224240388195,0.07586558044806517,0.07339955849889625,0.8456375838926175,0.8796992481203008,163676,129286,1066763,875879,22330,16163,-3215.7551226508763,0.1534323931369948,0.14760714664925179,0.8635719347980155,0.8749825967235432,149,133,360,164,31261,132415,731947,171140,13446,115840,670356,76237,0.7154428865643072,0.7807037273413336,0.19099318165155552,0.10400198010612131,0.15445081793074145,0.14992808001516453,14,7,0.002466021949168923,1.2398010605326748
803,79799.0,79898.5,199,337.9891487596689,338.26005274247416,271.8534274820422,272.11528143166726,0.27090398280523686,0.26185394962504915,1.0345613774134266,0.003472460646749032,0.002801363376748282,0.003136912011748657,66.1447713108069,168,155,1955,1827,27,18,13.456010736478124,0.08593350383631713,0.08483853311439518,0.8392857142857143,0.8838709677419355,163844,129441,1068718,877706,22357,16181,-3207.0648494204115,0.15330891778747996,0.14747648984967632,0.8635470325431508,0.8749932401634721,168,155,372,163,31298,132546,733399,171475,13462,115979,671881,76384,0.7155273888902405,0.7808343568347488,0.19102316837967823,0.10400105067173461,0.15434993810813077,0.14983416067493266,15,6,0.0010949707219219534,1.2395609493473618
804,79898.5,79998.0,199,338.26005274247416,338.49616123162497,272.11528143166726,272.337497548254,0.2361084891508085,0.22221611658676466,1.0625173942260824,0.003471093095745248,0.0028006568648429888,0.0031358749802941183,66.15866368337095,137,136,1913,1830,19,16,-111.9249070736677,0.07161526398327235,0.07431693989071038,0.8613138686131387,0.8823529411764706,163981,129577,1070631,879536,22376,16197,-3254.714371024055,0.15316294783169926,0.1473242709792436,0.863545166818107,0.8750009646773733,137,136,376,149,31325,132656,734826,171824,13476,116101,673440,76519,0.7156069644910338,0.7809981626675884,0.19102822888017515,0.10399993826064811,0.15419716562719973,0.14974165231401745,9,9,-0.002701675907438028,1.239385352528663
805,79998.0,80097.5,199,338.49616123162497,338.7087497528026,272.337497548254,272.57098233746615,0.21258852117762217,0.23348478921212745,0.910502657988909,0.0034694353006598953,0.002800092795192378,0.003134764047926137,66.13776741533644,129,151,1933,1821,17,20,-102.33405235000096,0.06673564407656493,0.0829214717188358,0.8682170542635659,0.8675496688741722,164110,129728,1072564,881357,22393,16217,-3363.245389671812,0.15300718651754114,0.147191206287577,0.863548839193224,0.8749922915638875,129,151,332,160,31346,132764,736319,172135,13485,116243,674959,76670,0.7157288516116521,0.7811182074914025,0.19100603253915058,0.10394826097681302,0.15404878096726476,0.14957573068604071,5,9,-0.016185827642270875,1.2390429726531724
806,80097.5,80197.0,199,338.7087497528026,338.9682808216905,272.57098233746615,272.7949280527667,0.25953106888789534,0.22394571530054463,1.1589016942770871,0.003468366959655522,0.00279941117969777,0.003133889069676646,66.17335276892379,161,138,1941,1834,24,21,-185.0137552027884,0.08294693456980938,0.0752453653217012,0.8509316770186335,0.8478260869565217,164271,129866,1074505,883191,22417,16238,-3552.6056545722295,0.15288062875463584,0.1470418063589869,0.8635364732667361,0.874963423836878,161,138,355,154,31377,132894,737775,172459,13491,116375,676507,76818,0.7158198426252088,0.7812556966726336,0.19100754241466844,0.10388400351131166,0.15393257324515788,0.1493871042753214,14,11,0.007701569248108178,1.2389630308006319
807,80197.0,80296.5,199,338.9682808216905,339.20847198136096,272.7949280527667,273.0721472786317,0.24019115967047355,0.2772192258649966,0.866430381662795,0.0034670604101444563,0.0027993947133945697,0.003133227561769513,66.13632470272927,148,156,1938,1834,18,12,242.22473140565197,0.07636738906088751,0.08505997818974918,0.8783783783783784,0.9230769230769231,164419,130022,1076443,885025,22435,16250,-3275.529708339003,0.15274287630650207,0.14691336402926472,0.863549833048492,0.8750211502668779,148,156,351,167,31404,133015,739241,172783,13505,116517,678032,76971,0.7159180746216939,0.7813756673540295,0.19099982362135762,0.10386703788589623,0.15380019296037456,0.14926610371811308,5,11,-0.008692589128861672,1.2385035927785508
808,80296.5,80396.0,199,339.20847198136096,339.521648852259,273.0721472786317,273.3264581602244,0.31317687089801893,0.2543108815926871,1.2314725541300808,0.0034666649223103435,0.0027990933440181073,0.003132879133164225,66.1951906920346,179,154,1958,1849,19,16,316.4418379782661,0.09141981613891727,0.08328826392644673,0.8938547486033519,0.8961038961038961,164598,130176,1078401,886874,22454,16266,-2963.189854108913,0.15263153502268637,0.14678071518614821,0.8635827895843206,0.8750460914454278,179,154,344,161,31442,133156,740714,173089,13520,116656,679581,77117,0.7160193657090451,0.7815101130487533,0.1910229771929185,0.10385939036381514,0.1537273078408652,0.14916645520041485,9,12,0.008131552212470541,1.238495647070467
809,80396.0,80495.5,199,339.521648852259,339.7676182160333,273.3264581602244,273.5549109902423,0.24596936377434986,0.22845283001794314,1.0766746192421033,0.0034654354896588844,0.002798471483694091,0.003131953486676488,66.21270722579101,145,127,1935,1814,16,13,246.78522197238348,0.07493540051679587,0.07001102535832414,0.8896551724137931,0.8976377952755905,164743,130303,1080336,888688,22470,16279,-2723.2085839175975,0.1524923727432947,0.14662401202671804,0.8636057374213169,0.8750681104809559,145,127,331,185,31457,133286,742188,173405,13531,116772,681094,77291,0.7161151715762504,0.7816297733287723,0.19094589754951652,0.10384258228897263,0.15355214729915748,0.14898372640990068,11,10,0.0049243751584717305,1.2383315355725457
810,80495.5,80595.0,199,339.7676182160333,340.02283570469433,273.5549109902423,273.8202017486565,0.25521748866100324,0.26529075841415306,0.9620293227952399,0.003464323840765528,0.0027983082334401867,0.0031313160371028576,66.20263395603786,150,157,1973,1856,16,19,169.7020647603139,0.07602635580334516,0.08459051724137931,0.8933333333333333,0.8789808917197452,164893,130460,1082309,890544,22486,16298,-2558.8293468248903,0.15235297867799308,0.14649472681866366,0.8636327800452415,0.8750728192549441,150,157,354,166,31486,133407,743686,173730,13541,116919,682637,77447,0.7162205987384379,0.7817446414775687,0.19094806935406597,0.10379426644182124,0.15342858256666148,0.14882182265793292,11,13,-0.008564161438034151,1.2380065209994948
811,80595.0,80694.5,199,340.02283570469433,340.29390658278004,273.8202017486565,274.07295331878373,0.27107087808570896,0.25275157012725913,1.0724795021025038,0.003463411395133292,0.0027979899949096792,0.003130700695021486,66.22095326399631,160,142,1953,1820,17,13,460.73416020325976,0.0819252432155658,0.07802197802197802,0.89375,0.9084507042253521,165053,130602,1084262,892364,22503,16311,-2106.517957655217,0.15222612246855466,0.14635507483493282,0.8636619752443154,0.875109110120825,160,142,361,182,31529,133524,745161,174048,13549,117053,684141,77621,0.7163305547921074,0.7818446284251718,0.19102348942460906,0.10374266856556562,0.1533683242775213,0.14861248217615444,18,10,0.003903265193587774,1.2378212221752756
812,80694.5,80794.0,199,340.29390658278004,340.57272796834894,274.07295331878373,274.3713748905977,0.2788213855689037,0.2984215718139467,0.9343204778196702,0.0034625971261498666,0.0027982378049861752,0.0031304174655680207,66.20135307775126,168,168,1939,1812,20,16,212.44785742526093,0.08664259927797834,0.09271523178807947,0.8809523809523809,0.9047619047619048,165221,130770,1086201,894176,22523,16327,-1894.0701002299566,0.152109047957054,0.1462463765522671,0.8636795564728454,0.875147205016441,168,168,336,175,31557,133664,746624,174356,13569,117201,685630,77776,0.716424492336133,0.7819478491930001,0.1909987229226309,0.10376233080981877,0.15325404418370867,0.14854671848486506,7,10,-0.006072632510101136,1.2374206080626422
813,80794.0,80893.5,199,340.57272796834894,340.8616934058095,274.3713748905977,274.63031257292675,0.28896543746054704,0.2589376823290763,1.1159651807391606,0.003461910260374602,0.002797996908260641,0.0031299535843176216,66.23138083288273,176,161,1940,1834,24,27,-147.09580498486508,0.09072164948453608,0.08778625954198473,0.8636363636363636,0.8322981366459627,165397,130931,1088141,896010,22547,16354,-2052.900640789946,0.15199960299262688,0.14612671733574403,0.8636795105110734,0.8750945154317923,176,161,378,190,31589,133808,748042,174702,13587,117344,687131,77948,0.7164797576784626,0.7820426111315721,0.1909889538504326,0.10377221589997786,0.1531283478193426,0.14843502485388102,15,10,0.002935389942551353,1.2372816603741994
814,80893.5,80993.0,199,340.8616934058095,341.1285748465859,274.63031257292675,274.92108646253774,0.26688144077638754,0.29077388961098904,0.917831518962841,0.0034609524167321776,0.002798149676984346,0.0031295510468582616,66.20748838404813,168,170,1935,1868,23,21,107.11601828331001,0.08682170542635659,0.09100642398286937,0.8630952380952381,0.8764705882352941,165565,131101,1090076,897878,22570,16375,-1921.3283365022266,0.1518839053423798,0.14601204172504506,0.8636789176456376,0.8750962997993913,168,170,348,183,31622,133943,749494,175017,13596,117505,688655,78122,0.7165702207919448,0.7821229610258855,0.19099447346963427,0.103706302774197,0.15303016371546513,0.1482369872871192,13,13,-0.004184718556512784,1.236871796101399
815,80993.0,81092.5,199,341.1285748465859,341.4224221791042,274.92108646253774,275.1652728367228,0.2938473325183395,0.2441863741850625,1.2033731755058545,0.003460329456126123,0.0027977275723670893,0.003129028514246606,66.25714934238141,178,144,1938,1827,23,17,7.7902518895128186,0.09184726522187822,0.07881773399014778,0.8707865168539326,0.8819444444444444,165743,131245,1092014,899705,22593,16392,-1922.808773639245,0.1517773581657378,0.14587559255533758,0.8636865508648932,0.8751038134786087,178,144,370,193,31661,134082,750923,175348,13610,117635,690159,78301,0.7166428269234644,0.7822219505282287,0.19102465865828422,0.10369918854051582,0.15294504103686313,0.1480780320092263,16,8,0.013029531231730437,1.2368357413722102
816,81092.5,81192.0,199,341.4224221791042,341.7214627811316,275.1652728367228,275.43531762718015,0.29904060202738947,0.27004479045734797,1.107374082354761,0.0034597719852071016,0.002797624987100152,0.003128698486153627,66.28614515395145,184,164,1939,1867,28,21,-45.45741990993121,0.09489427539969056,0.08784145688269952,0.8478260869565217,0.8719512195121951,165927,131409,1093953,901572,22621,16413,-1970.2851560748843,0.15167653454947333,0.14575541387709468,0.8636689628571601,0.8750998790037212,184,164,345,170,31690,134237,752362,175664,13618,117791,691700,78463,0.7167145206421117,0.7823202140261676,0.19098760298203427,0.10363064934669619,0.15283042526307666,0.1478915302831203,9,11,0.007052818516991036,1.236681828751212
817,81192.0,81291.5,199,341.7214627811316,341.9719474871666,275.43531762718015,275.70836014744793,0.25048470603496753,0.2730425202677793,0.9173835115106292,0.00345861857302387,0.0027975595292607873,0.0031280890511423288,66.26358733971864,160,157,1956,1882,19,13,264.71752378840955,0.081799591002045,0.08342189160467588,0.88125,0.9171974522292994,166087,131566,1095909,903454,22640,16426,-1718.974349276496,0.1515518168023075,0.1456255658838192,0.863685899558665,0.8751501147712935,160,157,390,163,31718,134369,753796,176026,13626,117940,693270,78618,0.7167693667996157,0.7824371799781726,0.19097220131617768,0.10356779107064135,0.15267829636475663,0.14771692467802783,8,12,-0.0016223006026308828,1.2362984725968487
818,81291.5,81391.0,199,341.9719474871666,342.2632426088074,275.70836014744793,275.98689189869964,0.2912951216408146,0.2785317512517054,1.0458237537794215,0.003457969392815063,0.0027975616741919254,0.0031277655335034942,66.27635071010775,189,167,1946,1857,28,22,-237.21911698572447,0.09712230215827339,0.08992999461497038,0.8518518518518519,0.8682634730538922,166276,131733,1097855,905311,22668,16448,-1960.1275695789968,0.1514553379089224,0.14551132152376367,0.8636724482186244,0.8751413844670659,189,167,372,168,31750,134526,755213,176366,13640,118093,694806,78772,0.7168187055667643,0.7825443411159259,0.1909475811301691,0.1035427721223991,0.15255914970497222,0.14759987880361858,11,13,0.007192307543303009,1.2360654725561664
819,81391.0,81490.5,199,342.2632426088074,342.6335025021814,275.98689189869964,276.2647396423331,0.3702598933739978,0.2778477436334583,1.332599964757861,0.003458290803762215,0.0027975554201752164,0.003127923111968716,66.36876285984829,223,165,1972,1824,25,13,412.820860108209,0.11308316430020283,0.09046052631578948,0.8878923766816144,0.9212121212121213,166499,131898,1099827,907135,22693,16461,-1517.1991589784689,0.15138653624615508,0.14540062945427087,0.8637048871164391,0.8751990174225538,223,165,363,147,31795,134704,756644,176684,13651,118247,696329,78908,0.7168754722333603,0.7826618970715494,0.1909621078805278,0.1034966413440689,0.15250936545167618,0.14748430730669088,21,13,0.022622637984413357,1.2361831257468405
820,81490.5,81590.0,199,342.6335025021814,342.9332950768599,276.2647396423331,276.5692046486174,0.29979257467851994,0.3044650062843175,0.9846536333918312,0.003457747754855537,0.00279787541333586,0.0031278115840956983,66.36409042824249,188,170,1965,1846,26,16,135.58833193206786,0.09567430025445292,0.09209100758396534,0.8617021276595744,0.9058823529411765,166687,132068,1101792,908981,22719,16477,-1389.0547076131325,0.1512871758008771,0.1452923658470309,0.86370262827935,0.875238513493049,188,170,370,180,31840,134847,758096,177009,13666,118402,697840,79073,0.7169556504312974,0.7827512346242661,0.1910166959630925,0.10347699669867039,0.15245464426451646,0.14735979469263202,10,16,0.003583292670487584,1.235847650104235
821,81590.0,81689.5,199,342.9332950768599,343.2625903256007,276.5692046486174,276.8670230516977,0.3292952487407774,0.29781840308027085,1.1056914056853049,0.0034575671851021744,0.0027981132627467797,0.003127840223924477,66.395567273903,199,170,1951,1795,25,21,63.83595792808071,0.10199897488467452,0.0947075208913649,0.8743718592964824,0.8764705882352941,166886,132238,1103743,910776,22744,16498,-1330.2938538861713,0.15120005291086783,0.14519267086528412,0.8637153505986123,0.8752400974001422,199,170,345,159,31875,135011,759538,177319,13675,118563,699315,79223,0.7170265179484717,0.7828379316099677,0.1909986457821507,0.10341202982501248,0.152370526879356,0.14720446080647592,16,9,0.007291453993309618,1.23567806605085
822,81689.5,81789.0,199,343.2625903256007,343.59656530301635,276.8670230516977,277.15842398587444,0.3339749774156644,0.2914009341767496,1.1461012585947699,0.00345744427178251,0.0027982720697322357,0.003127858170757373,66.43814131714191,197,172,1961,1855,25,13,423.8865723161314,0.10045894951555329,0.09272237196765498,0.8730964467005076,0.9244186046511628,167083,132410,1105704,912631,22769,16511,-909.968366897587,0.15111006200574476,0.145086020527464,0.8637264114242622,0.8753039800619289,197,172,349,195,31912,135171,760990,177631,13689,118721,700817,79404,0.7171015027529972,0.7829078784306034,0.19099489475290723,0.10338343025451249,0.15229332404327514,0.14704650188521157,13,11,0.0077365775478983045,1.23556401437168
823,81789.0,81888.5,199,343.59656530301635,343.9429565775862,277.15842398587444,277.4630572846333,0.3463912745698394,0.3046332987588585,1.1370762027037489,0.0034574732815888624,0.0027985920808182916,0.0031280326812035773,66.4798992929529,213,172,1955,1819,31,12,227.07780862007175,0.10895140664961638,0.09455744914788346,0.8544600938967136,0.9302325581395349,167296,132582,1107659,914450,22800,16523,-690.6839822152753,0.15103565266927818,0.1449855104160971,0.8637146136189747,0.8753752394744385,213,172,372,179,31949,135347,762397,177966,13707,118875,702303,79565,0.717139480652439,0.7829952430422659,0.19097288638102525,0.10338507489704485,0.15219969987852225,0.14695728621665666,16,15,0.014393957501732918,1.235433096979935
824,81888.5,81988.0,199,343.9429565775862,344.2428893668375,277.4630572846333,277.7867198445074,0.29993278925132927,0.3236625598740943,0.9266836095222258,0.0034569355711645718,0.002799143413303932,0.0031280394922342516,66.45616952233013,188,193,1971,1835,27,22,-45.67730040935054,0.09538305428716387,0.10517711171662125,0.8563829787234043,0.8860103626943006,167484,132775,1109630,916285,22827,16545,-680.6615661369535,0.1509367987527374,0.14490578804629564,0.8637063838933868,0.8753906985501789,188,193,341,160,31973,135511,763863,178283,13723,119052,703801,79709,0.7172084388489857,0.783079500373792,0.19090181748704355,0.10335530032009038,0.1520670040331786,0.14687687301995034,15,10,-0.009794057429457381,1.2349976620469845
825,81988.0,82087.5,199,344.2428893668375,344.559476935958,277.7867198445074,278.08609390518416,0.316587569120486,0.29937406067676875,1.0574983296976506,0.003456602054853192,0.0027993975237477027,0.0031279997893004473,66.47338303077385,187,173,1937,1845,16,16,504.1114322461734,0.09654104284976768,0.09376693766937669,0.9144385026737968,0.9075144508670521,167671,132948,1111567,918130,22843,16561,-187.54961945917867,0.1508420095234925,0.1448030235369719,0.8637629643766662,0.8754324999247827,187,173,365,163,32022,135649,765297,178599,13734,119214,705321,79861,0.7172927947663074,0.7831734068160282,0.19098114760453508,0.10330354725155699,0.15203612175424103,0.14673860783161494,10,14,0.0027741051803909927,1.234766418677707
826,82087.5,82187.0,199,344.559476935958,344.8716601081944,278.08609390518416,278.3941169721948,0.31218317223641634,0.30802306701065163,1.0135058236583978,0.0034562157561414553,0.0027997562546102205,0.003127986005375838,66.47754313599961,188,180,1962,1820,25,19,160.5580937320774,0.09582059123343527,0.0989010989010989,0.8670212765957447,0.8944444444444445,167859,133128,1113529,919950,22868,16580,-42.573129834499916,0.15074506366695434,0.1447122126202511,0.8637666136459767,0.8754582056366805,188,180,357,167,32054,135805,766746,178924,13747,119381,706807,80015,0.7173589551776379,0.7832534376868308,0.19095788727443866,0.10326152274502734,0.15193053304135976,0.14661589983148823,15,11,-0.003080507667663629,1.2344702330605657
827,82187.0,82286.5,199,344.8716601081944,345.1353849180812,278.3941169721948,278.71678705070525,0.26372480988675306,0.32267007851044127,0.8173203140006029,0.0034552414935607244,0.002800292118101519,0.0031277668058311216,66.41859786737592,165,191,1938,1852,23,20,76.14069556324003,0.08513931888544891,0.10313174946004319,0.8606060606060606,0.8952879581151832,168024,133319,1115467,921802,22891,16600,43.4303674525722,0.15063108097326053,0.14462867296881543,0.8637635099747655,0.8754866148110922,165,191,335,196,32078,135946,768208,179235,13770,119549,708295,80188,0.7174448011460671,0.7833189773942777,0.19091320287577965,0.10328610325610003,0.15180324920852006,0.14655484365354732,18,15,-0.01799243057459428,1.2338860903923246
828,82286.5,82386.0,199,345.1353849180812,345.44284469294547,278.71678705070525,279.0886313686005,0.30745977486429865,0.3718443178952384,0.8268508084367739,0.0034548004386030255,0.0028014235633973717,0.003128112001000199,66.35421332434498,195,210,1952,1838,30,22,54.83816038914736,0.09989754098360656,0.11425462459194777,0.8461538461538461,0.8952380952380953,168219,133529,1117419,923640,22921,16622,98.26852784171966,0.15054245542629935,0.1445682300463384,0.863743096796438,0.8755176778078171,195,210,355,162,32116,136103,769648,179552,13783,119746,709774,80337,0.7175142001344169,0.783375557576545,0.19091779168821596,0.10322102314852953,0.15172817809021674,0.14644071398215044,14,15,-0.014357083608341203,1.2332303060995473
829,82386.0,82485.5,199,345.44284469294547,345.76981997929954,279.0886313686005,279.39487478116496,0.32697528635407025,0.30624341256446996,1.0676973705850272,0.0034545970409478387,0.0028017569767610105,0.0031281770088544244,66.37494519813458,203,188,1966,1814,29,28,-311.09427519309475,0.10325534079348932,0.10363836824696802,0.8571428571428572,0.851063829787234,168422,133717,1119385,925454,22950,16650,-217.0004360349798,0.15045940404775837,0.1444880026451882,0.8637351414898291,0.8754832968134194,203,188,337,185,32159,136263,771117,179846,13804,119913,711236,80501,0.7176047561830827,0.7834425049759361,0.19094298844569,0.10323294719444798,0.15168981863635292,0.14637612003605324,14,8,-0.00038302745347870704,1.2330109533416949
830,82485.5,82585.0,199,345.76981997929954,346.09279660471896,279.39487478116496,279.7384551774043,0.32297662541941463,0.34358039623936065,0.9400321699216154,0.003454345714676059,0.002802541690414236,0.0031284437025451478,66.35434142731464,200,201,1947,1868,32,23,-145.61411329156817,0.1027221366204417,0.1076017130620985,0.84,0.8855721393034826,168622,133918,1121332,927322,22982,16673,-364.64615874086303,0.15037651650001962,0.14441369880149504,0.8637069895980358,0.8754984393434788,200,201,345,160,32198,136424,772558,180152,13823,120095,712762,80642,0.7176786179293911,0.783530424167657,0.19094780040564102,0.10321988082259292,0.15162703084530257,0.14632932832265919,11,15,-0.004879576441656791,1.2325760314257739
831,82585.0,82684.5,199,346.09279660471896,346.4613743734748,279.7384551774043,280.0660662914668,0.3685777687558698,0.3276111140625062,1.1250465962078058,0.0034546465010404396,0.0028031313803303184,0.0031288889406853792,66.395308082008,216,191,1954,1851,25,17,324.66845454768827,0.1105424769703173,0.10318746623446785,0.8842592592592593,0.9109947643979057,168838,134109,1123286,929173,23007,16690,-42.18625627090648,0.1503072236278205,0.1443315722691038,0.8637332827917885,0.8755489937289817,216,191,378,157,32234,136604,773954,180494,13836,120273,714278,80786,0.7177050190245405,0.7836151071974756,0.19091673675357443,0.10316980963246315,0.15152683238689782,0.14622392255500835,17,17,0.007355010735849446,1.2324240402293762
832,82684.5,82784.0,199,346.4613743734748,346.7526543338152,280.0660662914668,280.45382231070056,0.2912799603403755,0.38775601923373415,0.7511939103253374,0.0034540128355191654,0.0028044461808580876,0.0031292295081886265,66.29883202311464,184,211,1958,1901,28,17,255.17883158895785,0.09397344228804903,0.1109942135718043,0.8478260869565217,0.919431279620853,169022,134320,1125244,931074,23035,16707,244.47960531065164,0.15020919907149027,0.14426350644524497,0.8637159659689271,0.875617927337701,184,211,348,175,32265,136757,775411,180811,13863,120457,715820,80934,0.717778544031339,0.7837003288675228,0.19089230987682076,0.10320875521143538,0.15142484371773451,0.14623880502547548,17,20,-0.017020771283755273,1.2316202960480158
833,82784.0,82883.5,199,346.7526543338152,347.15763181060765,280.45382231070056,280.81016559884955,0.4049774767924532,0.35634328814899163,1.1364812815644418,0.003454752466442791,0.002805378825994377,0.003130065646218584,66.3474662117581,235,198,1951,1852,23,20,471.09567959496906,0.12045105074320861,0.10691144708423327,0.902127659574468,0.898989898989899,169257,134518,1127195,932926,23058,16727,715.575284905621,0.15015769232475304,0.1441893569264872,0.8637692975770573,0.8756523290563345,235,198,362,158,32324,136933,776824,181114,13880,120638,717333,81075,0.7178420770141812,0.7837845659784377,0.19097585328819489,0.103183217115925,0.151444447567912,0.14617450371228477,17,15,0.013539603658975344,1.231474492653676
834,82883.5,82983.0,199,347.15763181060765,347.55431290595504,280.81016559884955,281.18810972014325,0.3966810953473896,0.3779441212936945,1.0495760431186465,0.0034553903467910104,0.0028065695388886716,0.003130979942839841,66.3662031858118,232,223,1945,1908,26,29,232.79439220053226,0.119280205655527,0.11687631027253668,0.8879310344827587,0.8699551569506727,169489,134741,1129140,934834,23084,16756,981.4832922611572,0.15010450431301697,0.14413361088706658,0.8638023706553227,0.8756429000823802,232,223,362,174,32371,137118,778222,181429,13899,120842,718863,81230,0.7178852932320173,0.7838418371603942,0.19099174577701208,0.10315345737377636,0.15140785781103835,0.14610686541433213,17,13,0.0024038953829903092,1.2311793094423933
835,82983.0,83082.5,199,347.55431290595504,347.9051859140853,281.18810972014325,281.5495924953389,0.35087300813023603,0.3614827751956682,0.9706493150062567,0.003455475342652047,0.0028075592672439356,0.0031315173049479912,66.35559341874637,205,210,1944,1876,21,20,395.1648919232291,0.10545267489711935,0.11194029850746269,0.8975609756097561,0.9047619047619048,169694,134951,1131084,936710,23105,16776,1376.6481841843865,0.15002776097973272,0.14406913559159185,0.8638431529694627,0.875688212758705,205,210,385,175,32412,137282,779617,181773,13925,121026,720380,81379,0.7179210385789208,0.7839192492873995,0.19100262826028028,0.10318560069951316,0.15132712374816162,0.1461113909174851,8,13,-0.006487623610343343,1.2307755647289125
836,83082.5,83182.0,199,347.9051859140853,348.2750233477251,281.5495924953389,281.9428641329326,0.369837433639816,0.3932716375936707,0.9404121688071823,0.0034557881223044465,0.0028089287881799905,0.0031323584552422185,66.33215921479251,219,231,1969,1863,21,26,251.65375107544898,0.11122397155916709,0.12399355877616747,0.904109589041096,0.8874458874458875,169913,135182,1133053,938573,23126,16802,1686.5427600556236,0.14996032842241272,0.1440292870133703,0.8638950521737595,0.875708304360048,219,231,345,164,32450,137463,781060,182080,13944,121238,721867,81524,0.7179805357737017,0.7839677893994393,0.1909800898106678,0.10314982763977452,0.15126089591199365,0.14605941257803662,11,13,-0.012769587217000375,1.2302868398965645
837,83182.0,83281.5,199,348.2750233477251,348.6881356088386,281.9428641329326,282.32638850681127,0.41311226111349697,0.38352437387868576,1.0771473451232862,0.003456619775708194,0.002810177996701148,0.003133398886204671,66.36174710202732,249,221,1958,1862,36,19,346.2926626590677,0.127170582226762,0.11868958109559613,0.8554216867469879,0.9140271493212669,170162,135403,1135011,940435,23162,16821,2017.6186122117572,0.1499210139813623,0.14397911604736105,0.8638826530012577,0.875770847027023,249,221,359,163,32495,137667,782455,182394,13970,121433,723371,81661,0.7180106624517295,0.7840424909749212,0.19096508033520998,0.10317348950909506,0.15121760536835296,0.1460823373173971,14,15,0.008481001131165872,1.230035883764623
838,83281.5,83381.0,199,348.6881356088386,349.10932716833986,282.32638850681127,282.71641089001497,0.42119155950126697,0.3900223832037,1.079916378238446,0.0034575463404150015,0.0028115021553527823,0.003134524247883892,66.39291627832489,258,226,1960,1886,31,26,146.16904245456155,0.13163265306122449,0.11983032873807,0.8798449612403101,0.8849557522123894,170420,135629,1136971,942321,23193,16847,2158.6997010123605,0.14988948706695246,0.14393078367138162,0.8639068184485389,0.8757861519291597,258,226,362,158,32550,137870,783850,182701,13983,121646,724886,81806,0.7180482175886632,0.7840948042121527,0.19099870907170519,0.1030974201682531,0.15121880966871235,0.14597709549113155,25,9,0.011802324323154492,1.2297861247704271
839,83381.0,83480.5,199,349.10932716833986,349.48004009181534,282.71641089001497,283.1137386565197,0.37071292347548024,0.39732776650470214,0.9330153961718984,0.0034578660206110255,0.0028129106675448164,0.003135388344077921,66.36630143529567,210,222,1981,1857,23,17,590.9343374475494,0.10600706713780919,0.11954765751211632,0.8904761904761904,0.9234234234234234,170630,135851,1138952,944178,23216,16864,2759.8411054718454,0.14981316157309527,0.1438828271787735,0.8639395182558753,0.8758639980566945,210,222,359,152,32586,138044,785298,183024,13998,121853,726384,81943,0.7181022554067248,0.7841551063464728,0.19097462345425775,0.10303935929805448,0.1511339919298734,0.14590216904139003,14,16,-0.013540590374307132,1.2292839799385251
840,83480.5,83580.0,199,349.48004009181534,349.8795515262971,283.1137386565197,283.4655703437923,0.3995114344817807,0.3518316872726359,1.135518627042247,0.003458529501891607,0.0028137714844370387,0.0031361504931643226,66.41398118250481,238,214,1973,1848,32,32,-183.1459244677232,0.12062848454130766,0.11580086580086581,0.865546218487395,0.8504672897196262,170868,136065,1140925,946026,23248,16896,2570.9359449956432,0.1497626925520959,0.143827970901434,0.8639417562094717,0.8758240546797487,238,214,388,155,32628,138240,786687,183370,14024,122041,727889,82072,0.7181146876437978,0.7842416593201456,0.19095442095652784,0.10306838643295484,0.1510569542310577,0.14593739593739594,13,20,0.0048276187404418525,1.22914370304082
841,83580.0,83679.5,199,349.8795515262971,350.28253902963866,283.4655703437923,283.8362295186563,0.4029875033415351,0.37065917486398803,1.0872184763520554,0.003459232945601277,0.0028148552494232358,0.0031370440975122564,66.44630951098236,244,225,1971,1902,39,29,-198.40030158280803,0.12379502790461694,0.11829652996845426,0.8401639344262295,0.8711111111111112,171112,136290,1142896,947928,23287,16925,2366.653842258848,0.1497179095910739,0.1437767425374079,0.8639078498293515,0.8758162741213589,244,225,356,187,32679,138433,788109,183675,14045,122245,729400,82238,0.7181650823871988,0.7842842494366661,0.19098017672635467,0.10305231491672169,0.15104412213317064,0.14587206464277183,17,15,0.00549849793616268,1.2289203667968625
842,83679.5,83779.0,199,350.28253902963866,350.6316589118649,283.8362295186563,284.2029032023068,0.3491198822262618,0.3666736836505038,0.9521269122739294,0.003459291745588612,0.0028158888686635334,0.003137590307126073,66.42875570955812,214,212,1958,1877,29,24,-31.781480743279367,0.10929519918283963,0.11294619072988812,0.8644859813084113,0.8867924528301887,171326,136502,1144854,949805,23316,16949,2346.9310802200803,0.14964877617582678,0.14371581535157216,0.863908571962224,0.8758333211235,214,212,366,170,32723,138603,789531,183997,14062,122440,730912,82391,0.7182173447443954,0.7843441548528383,0.1909984474043636,0.10301680561456975,0.15099206349206348,0.1457912143738401,15,16,-0.003650991547048496,1.2284901524648761
843,83779.0,83878.5,199,350.6316589118649,350.9701172651051,284.2029032023068,284.5649376163563,0.3384583532401848,0.36203441404950354,0.934878951021228,0.0034592232992591487,0.0028168647262625307,0.0031380440127608397,66.4051796487488,207,215,1942,1848,27,27,-76.69338105350671,0.10659114315139032,0.11634199134199134,0.8695652173913043,0.8744186046511628,171533,136717,1146796,951653,23343,16976,2270.237699166573,0.14957586179233273,0.14366265855306504,0.8639153982032612,0.875831096352319,207,215,385,175,32762,138771,790920,184343,14084,122633,732392,82544,0.7182463140785283,0.7843993556474892,0.19099531868503436,0.1030157186011981,0.15090394048962483,0.14575485366560417,13,11,-0.009750848190601027,1.2280402629944218
844,83878.5,83978.0,199,350.9701172651051,351.3640670139752,284.5649376163563,284.8952196959531,0.3939497488701136,0.3302820795967705,1.1927675559965973,0.003459815800040232,0.002817460168394204,0.003138637984217218,66.46884731802214,226,197,1982,1879,24,27,187.66246190755052,0.11402623612512613,0.10484300159659393,0.8938053097345133,0.8629441624365483,171759,136914,1148778,953532,23367,17003,2454.3606058216606,0.1495145276110789,0.14358616176489095,0.8639547272632002,0.8758125538659305,226,197,350,203,32800,138959,792364,184655,14107,122807,733894,82724,0.7182971818750011,0.7844529601523599,0.19096524781816382,0.10303548212746688,0.15083580510910302,0.1456868151728269,13,10,0.009183234528532203,1.2279910249847952
845,83978.0,84077.5,199,351.3640670139752,351.76661045364835,284.8952196959531,285.2684931014237,0.40254343967313844,0.37327340547062704,1.0784144645011808,0.0034605091099931817,0.002818565530931332,0.003139537320462257,66.49811735222465,243,215,1953,1866,37,26,-94.34810348401494,0.12442396313364056,0.1152197213290461,0.8477366255144033,0.8790697674418605,172002,137129,1150731,955398,23404,17029,2356.84957781277,0.14947194435537062,0.14353075890885264,0.8639318147463402,0.8758176607428042,243,215,397,171,32851,139151,793728,185001,14121,123008,735388,82881,0.718307753940756,0.7844992348738431,0.19099196520970688,0.10297602986968475,0.1507950351614858,0.14557431805529783,20,16,0.009204241804594462,1.2277554209817267
846,84077.5,84177.0,199,351.76661045364835,352.1143952128287,285.2684931014237,285.666585751153,0.34778475918034246,0.3980926497292785,0.8736276829447925,0.0034605502625970523,0.002819963126229354,0.0031402566944132033,66.44780946167572,219,224,1963,1864,31,22,179.6109186562098,0.11156393275598574,0.12017167381974249,0.8584474885844748,0.9017857142857143,172221,137353,1152694,957262,23435,17051,2526.2820591758555,0.1494073882574213,0.14348527362414887,0.8639248407569344,0.8758600103383254,219,224,347,175,32881,139340,795155,185318,14143,123210,736875,83034,0.7183484949171246,0.7845480129786829,0.1909232904233514,0.10296826425342002,0.15069271628192613,0.1455385533613921,14,20,-0.008607741063756752,1.2271615293155425
847,84177.0,84276.5,199,352.1143952128287,352.4703594645038,285.666585751153,286.0448534657233,0.35596425167511825,0.3782677145703133,0.9410378892088893,0.0034606883734648116,0.0028211221846087425,0.003140905279036777,66.42550599878052,231,215,1959,1896,39,23,-92.62117096495437,0.11791730474732007,0.11339662447257384,0.8311688311688312,0.8930232558139535,172452,137568,1154653,959158,23474,17074,2428.998430001204,0.14935396175301152,0.14342579637557107,0.8638809639783824,0.8758868341474761,231,215,356,179,32924,139528,796570,185631,14166,123402,738400,83190,0.7183924521046583,0.7846110859733224,0.19091689281655186,0.10297452896022331,0.15064400265379424,0.14550721064957475,18,9,0.004520680274746225,1.2267063058613217
848,84276.5,84376.0,199,352.4703594645038,352.8256572164496,286.0448534657233,286.43631206641777,0.35529775194578406,0.39145860069447735,0.9076253563351496,0.0034608182594369607,0.002822434843935161,0.0031416265516860608,66.38934515003183,223,230,1967,1867,38,23,-139.8674138749013,0.11337061514997458,0.12319228709159079,0.8295964125560538,0.9,172675,137798,1156620,961025,23512,17097,2320.899940586827,0.1492927668551469,0.14338648838479748,0.8638366874185609,0.875927081670271,223,230,372,190,32966,139709,797984,185961,14191,123607,739872,83355,0.7184295619996196,0.7846445201737728,0.1909135659475894,0.10298407814336928,0.15057987365651565,0.14548008119246306,15,13,-0.009821671941616206,1.2261818078364344
849,84376.0,84475.5,199,352.8256572164496,353.21006281673647,286.43631206641777,286.85634524309444,0.3844056002868683,0.42003317667666806,0.9151791373441317,0.0034612924109184303,0.0028240826697509907,0.0031426875403347105,66.35371757364203,230,239,1963,1873,34,28,-36.35546185554635,0.11716760061130922,0.12760277629471437,0.8521739130434782,0.8828451882845189,172905,138037,1158583,962898,23546,17125,2280.0488074312216,0.1492383368304213,0.1433557863865124,0.8638211734767647,0.8759390598172954,230,239,356,166,33010,139895,799405,186273,14215,123822,741364,83497,0.7184767944981068,0.7846926673437893,0.19091408576964228,0.10297963589472388,0.15053606526725738,0.14547854920582937,13,9,-0.010435175683405143,1.225634237974919
850,84475.5,84575.0,199,353.21006281673647,353.60707927599384,286.85634524309444,287.3066591542492,0.3970164592573724,0.45031391115475117,0.8816437809777922,0.003461914555339015,0.002826084652435171,0.003143999603887093,66.30042012174465,251,257,1962,1874,39,23,131.62806920419857,0.12793068297655455,0.13713980789754535,0.8446215139442231,0.9105058365758755,173156,138294,1160545,964772,23585,17148,2438.806655277832,0.14920231442985837,0.14334371229679135,0.8637933424195523,0.8760032973230942,251,257,355,182,33052,140104,800803,186586,14235,124059,742819,83659,0.7185029447371709,0.7846973170863167,0.19087990020559495,0.10293288212069938,0.15048397818228176,0.1454123848244019,19,15,-0.009209124920990797,1.2249861490723446
851,84575.0,84674.5,199,353.60707927599384,354.0426103431792,287.3066591542492,287.6880919885079,0.4355310671853658,0.3814328342587032,1.141828988140992,0.003462990092471554,0.00282726844934382,0.003145129270907687,66.35451835467131,263,222,1957,1887,35,28,66.56905607989728,0.13438937148696986,0.11764705882352941,0.8669201520912547,0.8738738738738738,173419,138516,1162502,966659,23620,17176,2500.9598141047536,0.14917737775935008,0.14329355025919172,0.8637980844082829,0.8759998844898784,263,222,344,176,33090,140329,802191,186892,14261,124255,744334,83809,0.7185200541590466,0.7847596722318833,0.19080954220702462,0.10295561523578503,0.15042139811439117,0.1454165392066891,14,17,0.01674231266344045,1.2248536545142286
852,84674.5,84774.0,199,354.0426103431792,354.5223640261972,287.6880919885079,288.0911716975593,0.47975368301797516,0.4030797090513829,1.1902203763792492,0.003464584757921067,0.0028287048154270727,0.00314664478667407,66.4311923286379,287,224,1960,1878,42,24,145.6895391951302,0.14642857142857144,0.11927582534611289,0.8536585365853658,0.8928571428571429,173706,138740,1164462,968537,23662,17200,2642.2395601281382,0.14917275102150176,0.14324697972302555,0.8637813316753595,0.8760271010523281,287,224,297,158,33148,140558,803625,187131,14286,124454,745855,83942,0.7185919334422248,0.784834239683151,0.19082818094942028,0.10296958339339772,0.15048188887728745,0.14543714623121717,14,10,0.027152746082458545,1.2247954396040404
853,84774.0,84873.5,199,354.5223640261972,354.92455530612915,288.0911716975593,288.4991594934378,0.40219127993196935,0.40798779587851186,0.9857924280944214,0.0034652618255160035,0.0028301956419717954,0.0031477287337438997,66.42539581269136,236,235,1955,1895,32,23,165.66253796234793,0.12071611253196932,0.12401055408970976,0.864406779661017,0.902127659574468,173942,138975,1166417,970432,23694,17223,2804.3754986440777,0.14912505561904532,0.1432094160126624,0.8637821802669856,0.8760712358337831,236,235,316,190,33183,140759,805063,187412,14311,124664,747350,84107,0.7186503626061691,0.7848679763239464,0.19077048671396213,0.10297535527972657,0.15042498696706635,0.14541039240789286,15,13,-0.0032944415577404462,1.224389499484127
854,84873.5,84973.0,199,354.92455530612915,355.31667714042214,288.4991594934378,288.94068588935284,0.3921218342929933,0.44152639591504794,0.8881050780221975,0.0034658188057644845,0.002832077674258979,0.0031489482400117318,66.37599125106931,231,242,1958,1873,33,25,108.98760156160931,0.11797752808988764,0.12920448478376936,0.8571428571428572,0.8966942148760331,174173,139217,1168375,972305,23727,17248,2913.3631002056864,0.14907285760136943,0.1431824376095978,0.8637733747480953,0.8761070846232859,231,242,363,182,33217,140956,806461,187741,14337,124880,748825,84263,0.7186716593559431,0.7848997999598891,0.19071268221825427,0.10298311269457035,0.15033173725323365,0.1454056795131846,18,12,-0.011226956693881726,1.2237725106432067
855,84973.0,85072.5,199,355.31667714042214,355.7002765467163,288.94068588935284,289.3275595412619,0.38359940629413813,0.3868736519090703,0.9915366538952057,0.003466274304722674,0.0028333128786237304,0.0031497935916732023,66.37271700545438,232,206,1950,1871,33,16,242.35472033156435,0.11897435897435897,0.11010154997327633,0.8577586206896551,0.9223300970873787,174405,139423,1170325,974176,23760,17264,3147.2344773897826,0.14902270736761156,0.14311890253917156,0.8637653736991485,0.8761753799588303,232,206,358,198,33263,141142,807867,188053,14357,125066,750312,84441,0.7187148868903936,0.7849392717537693,0.19072274304062384,0.10297440164104918,0.1502964087549025,0.14531670681592745,11,10,0.008872809001082643,1.2233997631798441
856,85072.5,85172.0,199,355.7002765467163,356.1155209740158,289.3275595412619,289.70156595092095,0.4152444272995126,0.37400640965904586,1.1102601895995858,0.0034671002819684775,0.0028343941233782972,0.0031507472026733874,66.41395502309484,250,218,1964,1895,34,18,266.3654556214726,0.12729124236252545,0.11503957783641161,0.864,0.9174311926605505,174655,139641,1172289,976071,23794,17282,3413.5999330112554,0.14898629945346242,0.14306438773408903,0.8637657095416679,0.8762397863091785,250,218,355,191,33314,141341,809277,188357,14375,125266,751816,84614,0.7187570641710364,0.7849746586057776,0.19074174801752025,0.1029425455274597,0.15028578388693153,0.14521815555263717,12,18,0.012251664526113842,1.2232244815114357
857,85172.0,85271.5,199,356.1155209740158,356.54276417666773,289.70156595092095,290.11322870613054,0.4272432026519368,0.4116627552095906,1.0378476003601873,0.0034680650442231124,0.002835914450098637,0.003151989747160875,66.42953547053719,250,244,1968,1867,28,34,24.65092434452013,0.12703252032520326,0.13069094804499196,0.888,0.860655737704918,174905,139885,1174257,977938,23822,17316,3424.368805673125,0.14894950594290687,0.1430407653654935,0.8638003487607558,0.8762126032097795,250,244,352,173,33358,141547,810687,188665,14393,125492,753284,84769,0.7187906906239435,0.7849955723164455,0.1907206769389097,0.10289166100725596,0.1502456952658058,0.14514632621367055,20,18,-0.0036584277197886927,1.2229089083073321
858,85271.5,85371.0,199,356.54276417666773,357.00448568490134,290.11322870613054,290.5234042414193,0.4617215082336088,0.41017553528877215,1.1256680823456406,0.0034694314219899584,0.0028374138122649927,0.0031534226171274753,66.48108144348203,265,235,1975,1859,34,25,189.30265966143875,0.1341772151898734,0.12641204948897256,0.8716981132075472,0.8936170212765957,175170,140120,1176232,979797,23856,17341,3595.556652784757,0.14892470192955132,0.14300921517416362,0.8638122966261346,0.8762417927490722,265,235,395,189,33409,141761,812053,189009,14418,125702,754744,84933,0.7187884703017772,0.7850217953310736,0.19072329736827082,0.10289751641450186,0.1502081666052208,0.14512184074644444,17,17,0.007765165700900856,1.2227442493558778
859,85371.0,85470.5,199,357.00448568490134,357.4437302686337,290.5234042414193,290.86853021265216,0.43924458373237485,0.3451259712328465,1.2727079974981925,0.0034705316396936615,0.002838148607275113,0.003154340123484387,66.57520005598155,259,206,1965,1871,30,33,-153.66475186191164,0.13180661577608144,0.11010154997327633,0.8841698841698842,0.8398058252427184,175429,140326,1178197,981668,23886,17374,3426.811737917487,0.14889615234124684,0.14294649514907282,0.863842352176664,0.8761883043769508,259,206,340,178,33454,141975,813464,189304,14433,125893,756246,85096,0.7188254595793403,0.785070920107409,0.19069823119324628,0.10285335575730799,0.15018091381678772,0.14501301128314362,24,15,0.02170506580280511,1.222815334897384
860,85470.5,85570.0,199,357.4437302686337,357.8496684735736,290.86853021265216,291.28427794809124,0.4059382049399005,0.4157477354390835,0.9764050897623703,0.003471240069129099,0.002839707003313622,0.0031554735362213605,66.56539052548237,245,239,1964,1871,33,20,165.4047590220103,0.12474541751527495,0.1277391769107429,0.8653061224489795,0.9163179916317992,175674,140565,1180161,983539,23919,17394,3579.659239337395,0.14885596117817823,0.14291756605482853,0.8638443935926774,0.8762565361220788,245,239,346,168,33503,142171,814886,189601,14459,126106,757736,85238,0.7188756449331913,0.7851188412457463,0.19071120370686612,0.1028634439583111,0.15016763482501436,0.14502943920077835,19,22,-0.0029937593954679625,1.2223937417059396
861,85570.0,85669.5,199,357.8496684735736,358.23894057549165,291.28427794809124,291.69480707192145,0.3892721019180385,0.41052912383020157,0.948220429006749,0.003471752313452221,0.0028412008637540413,0.003156476588603131,66.54413350357021,235,228,1968,1905,31,23,270.6609374164433,0.11941056910569106,0.11968503937007874,0.8680851063829788,0.8991228070175439,175909,140793,1182129,985444,23950,17417,3839.267717662109,0.14880694069767345,0.14287265435681784,0.8638500588372398,0.8762935657312508,235,228,371,185,33544,142365,816289,189931,14478,126315,759247,85404,0.718900390735698,0.785153697216686,0.19068950423230194,0.10283181692271633,0.1501018010963195,0.1449510422298312,12,15,-0.0002744702643876773,1.22193131705058
862,85669.5,85769.0,199,358.23894057549165,358.6576517658434,291.69480707192145,292.1113734869913,0.4187111903517575,0.4165664150698376,1.0051486994734329,0.003472606606205585,0.002842761648293051,0.003157684127249318,66.54627827885213,262,243,1971,1848,35,24,161.3825595337624,0.13292744799594114,0.1314935064935065,0.866412213740458,0.9012345679012346,176171,141036,1184100,987292,23985,17441,3998.3386882917666,0.1487805084030065,0.14285135501958893,0.8638538692520336,0.8763365381888313,262,243,339,166,33585,142586,817700,190229,14502,126534,760710,85546,0.7189299890211975,0.7851901970237781,0.19063864086597682,0.1028248106866332,0.15005763714512943,0.14495042379657763,10,21,0.0014339415024346436,1.2215609452486906
863,85769.0,85868.5,199,358.6576517658434,359.07783737095025,292.1113734869913,292.53973838449485,0.42018560510683756,0.4283648975035703,0.9809057827931277,0.0034734760897506493,0.0028444562174714852,0.0031589661536110675,66.5380989864554,248,251,1957,1886,22,31,548.0786665178724,0.1267245784363822,0.13308589607635207,0.9112903225806451,0.8764940239043825,176419,141287,1186057,989178,24007,17472,4540.741738069121,0.1487441160079153,0.1428327358675587,0.8639205527749279,0.8763368179662673,248,251,354,178,33630,142789,819100,190538,14524,126763,762189,85702,0.718962073492252,0.7852105485564782,0.19062572625397492,0.10279785118234516,0.15002141251204454,0.14491249775507353,17,22,-0.00636131763996986,1.2211388835642958
864,85868.5,85968.0,199,359.07783737095025,359.5296607667648,292.53973838449485,292.9411280648395,0.4518233958145288,0.40138968034466416,1.1256477631078068,0.003474711578826635,0.0028458330819641597,0.0031602723303953972,66.58853270192526,258,231,1968,1882,23,25,569.2211495271271,0.13109756097560976,0.12274176408076515,0.9108527131782945,0.8917748917748918,176677,141518,1188025,991060,24030,17497,5094.718911920219,0.1487148839460449,0.14279458357718,0.8639890874307352,0.8763620175525375,258,231,347,179,33668,143009,820501,190847,14544,126974,763681,85861,0.7189823446476294,0.7852450911145642,0.19056243880074938,0.10277137890586356,0.14995880008017282,0.14485334395697425,22,8,0.008355796894844614,1.2209822146098712
865,85968.0,86067.5,199,359.5296607667648,359.99197785543424,292.9411280648395,293.3178378510013,0.4623170886694652,0.37670978616176853,1.2272500095628913,0.003476066135268686,0.0028469200125071214,0.0031614930738879036,66.67414000443296,269,209,1964,1886,28,18,606.3470282123949,0.1369653767820774,0.11081654294803818,0.895910780669145,0.9138755980861244,176946,141727,1189989,992946,24058,17515,5685.180029231863,0.14869549214320468,0.1427338445393808,0.8640376159958405,0.8764173375574167,269,209,384,168,33722,143224,821866,191177,14559,127168,765205,86014,0.7189881587140722,0.785303531108439,0.1905779164264804,0.10272566271776021,0.14994286324083256,0.1447605222077496,15,17,0.026148833834039223,1.2209918508414683
866,86067.5,86167.0,199,359.99197785543424,360.42081202316706,293.3178378510013,293.718525092864,0.42883416773281624,0.40068724186272675,1.0702466236240495,0.0034770289816863816,0.0028482827000861047,0.003162655840886243,66.70228693030305,256,229,1977,1851,35,30,-6.056525502756997,0.1294891249367729,0.12371690977849811,0.86328125,0.868995633187773,177202,141956,1191966,994797,24093,17545,5676.098027371349,0.14866363637889,0.14269846008783701,0.8640365232898048,0.8764053650426893,256,229,357,160,33765,143437,823273,191491,14578,127378,766686,86155,0.7190121194732064,0.7853501769707789,0.19054525343957743,0.10269379244272873,0.14989611819440993,0.14471920820386566,16,12,0.005772215158274779,1.2207457432442608
867,86167.0,86266.5,199,360.42081202316706,360.7916114801088,293.718525092864,294.0808156612697,0.37079945694176786,0.3622905684056832,1.023486365028848,0.003477316869490616,0.0028491971505361304,0.003163257010013373,66.71079581883913,224,211,1968,1846,32,28,-82.6690685412485,0.11382113821138211,0.1143011917659805,0.8571428571428572,0.8672985781990521,177426,142167,1193934,996643,24125,17573,5602.316169881854,0.14860620436305524,0.14264586215926867,0.8640278200489218,0.8763918490226283,224,211,354,189,33800,143626,824698,191810,14598,127569,768152,86324,0.7190497967224319,0.7853865426235874,0.19050195574493028,0.10268205701745131,0.14981605425291433,0.14464636055567667,13,22,-0.00048005355459838916,1.2204549863586285
868,86266.5,86366.0,199,360.7916114801088,361.1639374476581,294.0808156612697,294.4379101748112,0.3723259675492727,0.35709451354148314,1.0426538449351452,0.0034776217688611433,0.0028500493307582445,0.0031638355498096937,66.72602727284692,229,203,1961,1833,36,24,-114.96117203926858,0.11677715451300356,0.11074740861974905,0.8427947598253275,0.8817733990147784,177655,142370,1195895,998476,24161,17597,5468.493377216262,0.14855401184886632,0.14258730304984796,0.864000450310996,0.876399522371286,229,203,352,157,33833,143822,826111,192129,14615,127755,769642,86464,0.7190798523281726,0.7854540319446837,0.19044214910922855,0.10265505373323032,0.14972871544773014,0.14458987524609465,18,15,0.006029745893254515,1.2201970440757022
869,86366.0,86465.5,199,361.1639374476581,361.5637572454992,294.4379101748112,294.7696320613192,0.3998197978410758,0.3317218865080349,1.2052861571779088,0.0034782439410782633,0.002850606107485351,0.003164425024281807,66.79412518417996,220,199,1961,1880,17,32,84.35674600846652,0.11218765935747067,0.10585106382978723,0.9227272727272727,0.8391959798994975,177875,142569,1197856,1000356,24178,17629,5544.17754182138,0.14849447679854674,0.14251826349819463,0.8640730850316234,0.8763475930952732,220,199,360,166,33867,144008,827526,192455,14635,127934,771177,86610,0.7191123140010152,0.785532350483228,0.1903977512297962,0.10265204918320252,0.14964077729959968,0.14455034816534149,11,6,0.006336595527683439,1.2201769763787464
870,86465.5,86565.0,199,361.5637572454992,361.9516280868709,294.7696320613192,295.12920063082237,0.38787084137175043,0.3595685695031534,1.0787117514406352,0.003478726648514692,0.002851483289508205,0.0031651049690114485,66.82242745604856,215,202,1966,1888,19,19,628.5148186051425,0.10935910478128179,0.10699152542372882,0.9116279069767442,0.905940594059406,178090,142771,1199822,1002244,24197,17648,6169.126102635542,0.14843035050199113,0.14245133919484676,0.8641304958167219,0.8763894628460962,215,202,344,194,33899,144191,828965,192767,14649,128122,772683,86790,0.7191600087346289,0.7855691827539002,0.19034757706777472,0.10260487073705445,0.14955485163191656,0.14441191257800254,16,15,0.002367579357552968,1.2199709047268055
871,86565.0,86664.5,199,361.9516280868709,362.31416747375926,295.12920063082237,295.51968438755654,0.3625393868883293,0.39048375673417013,0.9284365370801723,0.003478915954232271,0.0028527151799527133,0.003165815567092492,66.79448308620272,221,233,1974,1898,28,26,183.24783762608743,0.11195542046605876,0.12276080084299262,0.8733031674208145,0.8884120171673819,178311,143004,1201796,1004142,24225,17674,6344.974401256765,0.14837043890976506,0.14241412071201084,0.8641418644951797,0.8764090514950631,221,233,385,201,33939,144372,830373,193112,14677,128327,774175,86963,0.7191836218459705,0.785598052865033,0.19033598600198529,0.10263349276943302,0.14947743018088447,0.1444018103109012,15,14,-0.010805380376933862,1.2195104434821067
872,86664.5,86764.0,199,362.31416747375926,362.6737092464959,295.51968438755654,295.8403016538083,0.3595417727366339,0.3206172662517588,1.1214048979330713,0.0034790702767080735,0.002853138997502002,0.0031661046371050374,66.83340759268759,213,186,1960,1913,26,18,216.32657347888593,0.1086734693877551,0.09722948248823837,0.8779342723004695,0.9032258064516129,178524,143190,1203756,1006055,24251,17692,6569.137304289867,0.1483058028371198,0.14232820273245497,0.8641583204499115,0.8764438857462113,213,186,359,182,33982,144542,831804,193428,14701,128489,775744,87121,0.7192371211441522,0.7856876612113651,0.19034975689543143,0.1026677840631329,0.14943054395145333,0.1443794072008014,24,14,0.011443986899516728,1.2193833808146364
873,86764.0,86863.5,199,362.6737092464959,363.04329964946476,295.8403016538083,296.1990287936212,0.3695904029688677,0.35872713981291326,1.0302828025825421,0.0034793399286382446,0.0028540005769866123,0.0031666702528124284,66.84427085584355,214,206,1972,1865,24,21,361.7414554280011,0.10851926977687627,0.11045576407506702,0.8878504672897196,0.8980582524271845,178738,143396,1205728,1007920,24275,17713,6916.88000516063,0.14824073091111759,0.14226922771648542,0.8641866866586848,0.8764749365393735,214,206,370,178,34021,144717,833231,193759,14724,128672,777248,87276,0.7192766527774092,0.7857488689578538,0.1903400508006132,0.10268068844319228,0.14935903064360348,0.1443529411764706,13,14,-0.0019364942981907468,1.2191097495543939
874,86863.5,86963.0,199,363.04329964946476,363.39071820926847,296.1990287936212,296.6075830459639,0.34741855980371383,0.4085542523426966,0.8503608953072358,0.003479354006313856,0.0028554331540013487,0.0031673935801576026,66.78313516330456,201,225,1963,1891,24,18,531.2114149980064,0.10239429444727458,0.11898466419883659,0.8805970149253731,0.92,178939,143621,1207691,1009811,24299,17731,7431.551069776763,0.1481662113901652,0.1422256243990212,0.8642051201806202,0.8765431239164189,201,225,341,173,34047,144892,834678,194074,14751,128870,778768,87422,0.719327212010357,0.785809423743651,0.19027154505166566,0.10270782127961789,0.14924974026941842,0.14437277950143385,17,15,-0.016590369751562015,1.2185030496820421
875,86963.0,87062.5,199,363.39071820926847,363.7405433389363,296.6075830459639,296.9151358296307,0.3498251296678063,0.30755278366677885,1.1374474504735026,0.0034793956936768375,0.002855702353540113,0.003167549023608475,66.82540750930559,219,178,1974,1893,41,23,-360.8147896480963,0.11094224924012158,0.09403063919704173,0.812785388127854,0.8707865168539326,179158,143799,1209665,1011704,24340,17754,7062.658631869925,0.14810546721613008,0.14213544673145506,0.8641422654863304,0.8765359981641041,219,178,350,180,34087,145071,836123,194384,14772,129027,780324,87581,0.7193809856447859,0.7858978515455113,0.1902622266379397,0.10272672271712599,0.14919617807073984,0.1443240549861753,21,13,0.016911610043079853,1.2184027825461412
876,87062.5,87162.0,199,363.7405433389363,364.1410929796974,296.9151358296307,297.30855970931646,0.40054964076114175,0.39342387968576986,1.0181121722480682,0.0034800192425770496,0.0028569561280692483,0.003168487685323149,66.83253327038096,220,225,1970,1886,23,24,297.56374645998636,0.1116751269035533,0.11930010604453871,0.8954545454545455,0.8933333333333333,179378,144024,1211635,1013590,24363,17778,7351.046970304318,0.14804623504603284,0.14209295671819966,0.8641806687553657,0.8765622396267289,220,225,349,183,34130,145248,837567,194690,14791,129233,781821,87745,0.719438609812361,0.7859311950591462,0.19026859481095787,0.10269816141754153,0.14915654226029193,0.14425177498634625,19,11,-0.007624979140985408,1.2180863431490185
877,87162.0,87261.5,199,364.1410929796974,364.54707626468286,297.30855970931646,297.64380014128074,0.4059832849854388,0.3352404319642801,1.2110212440863826,0.0034807036379902504,0.0028575402722476246,0.0031691219551189375,66.90327612340212,225,204,1963,1880,23,26,275.7373633098283,0.11462047885888946,0.10851063829787234,0.8977777777777778,0.8725490196078431,179603,144228,1213598,1015470,24386,17804,7609.469991960187,0.14799216874121415,0.14203078377500075,0.8642227579717487,0.8765565632193472,225,204,352,200,34171,145432,838994,195001,14826,129402,783332,87910,0.7194845410094611,0.7859986016327415,0.19025851461278487,0.10279557367501456,0.1491063480704449,0.14431163370191558,16,17,0.006109840561017113,1.2180768445487107
878,87261.5,87361.0,199,364.54707626468286,364.95301959468765,297.64380014128074,297.9979300845288,0.40594333000478855,0.35412994324804004,1.1463117924497488,0.0034813860170612864,0.002858339309417064,0.0031698626632391752,66.95508951015887,247,210,1974,1918,34,28,-136.78556804910465,0.12512664640324214,0.10948905109489052,0.8623481781376519,0.8666666666666667,179850,144438,1215572,1017388,24420,17832,7455.905397846093,0.1479550368057178,0.1419694354562861,0.8642201834862385,0.8765421841897562,247,210,343,185,34213,145637,840420,195302,14849,129589,784878,88072,0.7195238126577447,0.7860590060036092,0.19023074784542673,0.10280535593126462,0.14906650981417335,0.14427570660992411,11,15,0.015637595308351626,1.2179750688070996
879,87361.0,87460.5,199,364.95301959468765,365.3271987702386,297.9979300845288,298.32224245282873,0.374179175550978,0.3243123682999567,1.1537616573565257,0.0034817036606472865,0.0028587956023380166,0.0031702496314926516,67.00495631740989,211,176,1972,1891,30,12,357.4451851946811,0.10699797160243407,0.09307244843997885,0.8578199052132701,0.9318181818181819,180061,144614,1217544,1019279,24450,17844,7813.350583040771,0.1478887005315619,0.14187872015414818,0.8642126834794875,0.8766094568990555,211,176,373,182,34261,145800,841856,195627,14864,129750,786426,88239,0.7195772801640022,0.7861341202948359,0.19027440700651446,0.10278396282517599,0.14903344237193764,0.14416651309855194,14,10,0.013925523162455225,1.2178917785517214
880,87460.5,87560.0,199,365.3271987702386,365.69294469663305,298.32224245282873,298.6588750038997,0.3657459263944247,0.3366325510709771,1.0864841359839537,0.0034819242683695345,0.0028593915638345717,0.003170657916102053,67.03406969273334,219,197,1971,1911,31,24,-66.07509781235208,0.1111111111111111,0.10308738880167452,0.8584474885844748,0.8781725888324873,180280,144811,1219515,1021190,24481,17868,7735.389951131436,0.14782925999270202,0.1418061281446156,0.8642056800532505,0.8766115833741912,219,197,373,162,34307,145973,843281,195954,14881,129930,787995,88384,0.7196205048728388,0.786216081238555,0.1902984246727313,0.10276153054671261,0.14899179626597644,0.14410497264319955,18,17,0.008023722309436584,1.217715094500775
881,87560.0,87659.5,199,365.69294469663305,366.0975957724292,298.6588750038997,299.01531897510756,0.4046510757961528,0.35644397120785243,1.1352445502863884,0.00348258819653583,0.0028602121766672516,0.003171400186601541,67.08227679732164,236,195,1975,1903,26,18,402.2129041636386,0.11949367088607595,0.1024697845507094,0.8898305084745762,0.9076923076923077,180516,145006,1221490,1023093,24507,17886,8131.76484819548,0.14778344480920844,0.14173296073768465,0.8642391810144253,0.8766533798601437,236,195,359,179,34352,146164,844706,196268,14905,130101,789548,88539,0.7196604147393757,0.7862950875433612,0.19029892087128011,0.1027888501165469,0.14895499089411152,0.14408762228838792,16,12,0.017023886335366542,1.217597849888807
882,87659.5,87759.0,199,366.0975957724292,366.4753993079629,299.01531897510756,299.3818596368295,0.37780353553370105,0.366540661721956,1.03072748807413,0.003482944695698063,0.002861145978899998,0.0031720453372990304,67.09353967113339,223,212,1991,1892,29,24,179.88159571412942,0.11200401808136615,0.11205073995771671,0.8699551569506727,0.8867924528301887,180739,145218,1223481,1024985,24536,17910,8294.024650575606,0.1477252200892372,0.14167817090006196,0.8642462335190524,0.8766681816303764,223,212,377,178,34390,146349,846135,196607,14922,130296,791067,88700,0.7196883318989016,0.7863422391547193,0.19027437354417143,0.10275585671197786,0.14887639233409958,0.14400416899886126,11,8,-4.672187635056113e-05,1.2173250583450212
883,87759.0,87858.5,199,366.4753993079629,366.86745760859503,299.3818596368295,299.7525471810325,0.39205830063212943,0.3706875442030082,1.057651671234514,0.0034834626342402663,0.0028621248656247023,0.0031727937499324843,67.1149104275625,220,199,1973,1881,23,20,461.62095507701946,0.11150532184490623,0.10579479000531632,0.8954545454545455,0.8994974874371859,180959,145417,1225454,1026866,24559,17930,8755.645605652633,0.14766690548972056,0.14161244018206853,0.8642841748683403,0.8766994230385718,220,199,307,172,34426,146533,847617,196878,14940,130477,792595,88854,0.7197683470778993,0.7864073793464775,0.19024198851673582,0.10273901950941086,0.14883443433749524,0.14393895600901785,12,14,0.005710531839589916,1.2170896790975425
884,87858.5,87958.0,199,366.86745760859503,367.2242903592973,299.7525471810325,300.0814045882051,0.3568327507022673,0.3288574071725634,1.0850683089982043,0.003483578919496813,0.002862625968230979,0.003173102443863896,67.14288577109221,216,186,1969,1891,27,18,205.97537138144565,0.10970035551041138,0.09836065573770492,0.875,0.9032258064516129,181175,145603,1227423,1028757,24586,17948,8955.923150817567,0.14760600053934136,0.14153293732144714,0.8642969504622602,0.8767333090664341,216,186,354,184,34462,146713,849052,197196,14958,130645,794134,89020,0.7198121592963469,0.7864753289649548,0.19021388160618186,0.10273139976511474,0.14876239974445088,0.14385735444036238,8,9,0.011339699772706463,1.2169172494615372
885,87958.0,88057.5,199,367.2242903592973,367.5433039371397,300.0814045882051,300.42788832002617,0.3190135778423837,0.34648373182108116,0.9207173340164709,0.0034832654592617672,0.0028633261067539,0.0031732957830078335,67.11541561711351,187,199,1972,1902,27,20,280.0118078961933,0.09482758620689655,0.1046267087276551,0.8556149732620321,0.8994974874371859,181362,145802,1229395,1030659,24613,17968,9256.105617225836,0.14752134179820156,0.14146482978366268,0.8642879985884584,0.87676437908945,187,199,340,179,34490,146872,850525,197508,14979,130823,795679,89178,0.7198784768117651,0.7865433669137901,0.19017214190403722,0.10273521625217762,0.14866507469891982,0.14381174573000374,15,15,-0.009799122520758555,1.216510215530665
886,88057.5,88157.0,199,367.5433039371397,367.899532283059,300.42788832002617,300.79324553757607,0.3562283459193054,0.36535721754989936,0.9750138461973941,0.0034833748485640663,0.0028642387543023405,0.003173806801433203,67.10628674548292,208,216,1973,1889,23,23,212.69498961897943,0.10542321338063862,0.11434621492853361,0.8894230769230769,0.8935185185185185,181570,146018,1231368,1032548,24636,17991,9480.029073828757,0.14745388868315565,0.14141521750078448,0.8643167924216556,0.8767891629799066,208,216,350,168,34523,147047,851973,197825,15000,131018,797205,89325,0.7199277551471209,0.7866026567287913,0.1901360356887151,0.10272706104726814,0.1485831597431439,0.14378145219266714,14,16,-0.008923001547894993,1.216160783849366
887,88157.0,88256.5,199,367.899532283059,368.2590996610425,300.79324553757607,301.1198813843532,0.3595673779835238,0.3266358467771511,1.1008203218700623,0.0034835218244871017,0.0028647106072618857,0.003174116215874494,67.13921827668929,211,185,1976,1897,30,18,280.92980317992067,0.10678137651821862,0.09752240379546652,0.8578199052132701,0.9027027027027027,181781,146203,1233344,1034445,24666,18009,9748.710237679024,0.14738872528670022,0.14133472538414318,0.864309251241879,0.8768219530378993,211,185,358,172,34557,147224,853414,198149,15009,131194,798754,89488,0.7199702597166727,0.7866662799858861,0.1901023759358789,0.10265863217581035,0.14850068326557975,0.14363091763399907,13,10,0.009258972722752098,1.2160117729367022
888,88256.5,88356.0,199,368.2590996610425,368.65025625733955,301.1198813843532,301.47372980935893,0.39115659629703714,0.3538484250057081,1.105435459521198,0.0034840259914340047,0.0028654893853820263,0.0031747576884080158,67.17652644798062,217,200,1968,1906,18,20,565.6943018354314,0.11026422764227642,0.1049317943336831,0.9170506912442397,0.9,181998,146403,1235312,1036351,24684,18029,10303.303118068387,0.1473295815146295,0.14126777510708244,0.864372135957538,0.8768536163876424,217,200,347,168,34591,147407,854852,198462,15030,131373,800313,89635,0.7200148626419884,0.7867440664408101,0.1900625281596501,0.10266183070019057,0.14842546545206456,0.14360101275498016,19,13,0.005332433308593315,1.215857231650333
889,88356.0,88455.5,199,368.65025625733955,369.05392313474897,301.47372980935893,301.8389847859958,0.403666877409421,0.36525497663689066,1.10516461986695,0.003484670454370303,0.0028663953638999404,0.003175532909135122,67.21493834875315,244,215,1942,1900,40,32,-364.0489855074415,0.12564366632337795,0.11315789473684211,0.8360655737704918,0.8511627906976744,182242,146618,1237254,1038251,24724,18061,9930.52458732577,0.14729554319484925,0.14121633400786515,0.8643342368938005,0.8768159434721521,244,215,308,189,34629,147613,856280,198732,15052,131566,801831,89802,0.7200696057559725,0.7867875879724653,0.19001657137213157,0.1026613376256667,0.1483924049005618,0.1435519865718046,18,14,0.01248577158653584,1.2156977708857142
890,88455.5,88555.0,199,369.05392313474897,369.48259620923363,301.8389847859958,302.15707589438483,0.42867307448466363,0.31809110838901233,1.3476424306724542,0.00348559584948379,0.002866766712436793,0.0031761812809602916,67.3255203148488,245,181,1972,1915,25,18,391.8299734091832,0.1242393509127789,0.09451697127937336,0.8979591836734694,0.9005524861878453,182487,146799,1239226,1040166,24749,18079,10305.214520496675,0.1472588535101749,0.1411303580390053,0.8643793804490183,0.8768452101172352,245,181,387,192,34682,147805,857673,199066,15075,131724,803396,89971,0.7200906049421171,0.7868657502744755,0.19005189410752546,0.1026914352277604,0.14837346201892637,0.14350855815547475,18,13,0.029722379633405543,1.215863095647913
891,88555.0,88654.5,199,369.48259620923363,369.8467776430563,302.15707589438483,302.5265926735108,0.36418143382269363,0.36951677912594505,0.9855612908407796,0.0034857917182417103,0.002867717295782686,0.0031767545070121982,67.32018496954555,226,208,1966,1884,28,20,228.06830162115452,0.11495422177009156,0.11040339702760085,0.8761061946902655,0.9038461538461539,182713,147007,1241192,1042050,24777,18099,10529.342940362103,0.147207684226131,0.1410748044719543,0.8643938854925484,0.8768834137149931,226,208,349,184,34727,147986,859109,199370,15091,131916,804904,90139,0.7201432171654345,0.7869056187323065,0.19006310443154018,0.10265497561340617,0.14834448967735597,0.1434096740473249,13,19,0.004550824742490703,1.2155283658427471
892,88654.5,88754.0,199,369.8467776430563,370.2128571898289,302.5265926735108,302.8984592821876,0.36607954677259613,0.3718666086768394,0.9844378017030501,0.003486008534056294,0.0028686922235351985,0.0031773503787957463,67.31439790764131,211,223,1958,1879,21,28,336.5340066262753,0.10776302349336057,0.11868014901543374,0.9004739336492891,0.874439461883408,182924,147230,1243150,1043929,24798,18127,10886.833205474471,0.14714555765595463,0.14103449564098708,0.8644355032691172,0.8768797120152143,211,223,366,194,34770,148154,860533,199693,15111,132119,806386,90313,0.7201890359168241,0.7869280382094951,0.1900789398876036,0.10263533247300143,0.14829631967517262,0.14333548338139324,16,9,-0.010917125522073162,1.2151908474030557
893,88754.0,88853.5,199,370.2128571898289,370.57498237740515,302.8984592821876,303.26207464669363,0.36212518757622547,0.3636153645060176,0.9959017767804818,0.00348618036002193,0.0028695721043307133,0.0031778762321763216,67.31290773071152,210,204,1971,1931,19,18,573.9493262374724,0.106544901065449,0.10564474365613671,0.9095238095238095,0.9117647058823529,183134,147434,1245121,1045860,24817,18145,11450.269039787128,0.1470812876820807,0.14096915457135753,0.8644872060895301,0.8769279813340206,210,204,340,147,34810,148324,861994,199993,15118,132316,807973,90453,0.7202544973540724,0.7869992159562466,0.1900793954153789,0.1025407979163558,0.14825193885938426,0.1432022051510358,12,14,0.000900157409312291,1.2148781188528566
894,88853.5,88953.0,199,370.57498237740515,370.9577920834405,303.26207464669363,303.6071791453419,0.3828097060353457,0.3451044986482543,1.1092573627257238,0.003486584334707586,0.002870241919561985,0.0031784131271347855,67.3506129380986,218,200,1960,1878,29,25,87.7507295315654,0.11122448979591837,0.10649627263045794,0.8669724770642202,0.875,183352,147634,1247081,1047738,24846,18170,11552.073378647692,0.14702493262266045,0.14090736424564157,0.8644901610017889,0.8769253694948318,218,200,364,179,34852,148500,863414,200315,15132,132502,809486,90618,0.7202948324928373,0.7870459981407566,0.19008246433090448,0.10249671484888305,0.1482010656257043,0.14309219858156028,18,12,0.00472821716546043,1.214735354168215
895,88953.0,89052.5,199,370.9577920834405,371.332690389477,303.6071791453419,303.94627597843817,0.37489830603652763,0.3390968330962778,1.1055789068076756,0.0034868985669271545,0.002870842775934348,0.0031788706714307516,67.38641441103886,198,197,1954,1904,14,23,604.5029397726518,0.10133060388945753,0.10346638655462184,0.9292929292929293,0.883248730964467,183550,147831,1249035,1049642,24860,18193,12151.089795275766,0.1469534480619038,0.14083944811659593,0.8645600653772814,0.876933796023838,198,197,327,179,34892,148658,864883,200602,15149,132682,811031,90780,0.7203761303726477,0.7871064610600567,0.19009534186870064,0.10247512362089142,0.1481651337189058,0.1430108846491518,14,11,-0.0021357826651643153,1.2145905711580822
896,89052.5,89152.0,199,371.332690389477,371.6520077353337,303.94627597843817,304.3063880411678,0.3193173458566889,0.3601120627296268,0.88671660548187,0.0034865886573171335,0.0028716780147009955,0.0031791333360090645,67.34561969416592,189,191,1985,1899,25,15,430.5195200361798,0.09521410579345088,0.10057925223802001,0.8677248677248677,0.9214659685863874,183739,148022,1251020,1051541,24885,18208,12578.254159282165,0.14687135297597162,0.14076674138240924,0.8645633207974355,0.8769912580562349,189,191,331,153,34934,148805,866390,200891,15166,132856,812603,90916,0.7204712954229349,0.7871961245448347,0.1901283886382314,0.10245774276796693,0.14813526979751934,0.14296487622782375,15,12,-0.005365146444569133,1.2141293834016986
897,89152.0,89251.5,199,371.6520077353337,371.99720162890077,304.3063880411678,304.6160787732649,0.3451938935670569,0.30969073209712406,1.1146406972837613,0.003486569367133372,0.0028719464557875247,0.0031792579114604484,67.38112285563585,202,160,1978,1871,30,10,190.82984519116084,0.10212335692618807,0.08551576696953501,0.8514851485148515,0.9375,183941,148182,1252998,1053412,24915,18218,12769.084004473327,0.1468007131695342,0.14066860829381098,0.8645489586334749,0.877056592568598,202,160,383,159,34987,148954,867836,201221,15183,132999,814172,91058,0.7205302801760258,0.7873035431531062,0.1902077296524429,0.10246183747013807,0.14811945404050667,0.1429109289257443,18,11,0.016607589956653054,1.2140091818589667
898,89251.5,89351.0,199,371.99720162890077,372.33742684091783,304.6160787732649,304.9553818946999,0.34022521201706013,0.3393031214349662,1.002717601235716,0.0034864945113397858,0.0028725457154386105,0.003179520113389198,67.38204494621795,213,192,1976,1894,35,15,53.55001318678798,0.10779352226720648,0.10137275607180571,0.8356807511737089,0.921875,184154,148374,1254974,1055306,24950,18233,12807.93494990072,0.14673929499734656,0.1405980824519144,0.8645155684915886,0.8771145888093601,213,192,377,153,35033,149121,869268,201552,15193,133181,815731,91201,0.7205734939528627,0.7873773104672958,0.19023751859856425,0.1023966463126963,0.1480778578523575,0.1427994059815403,16,17,0.006420766195400773,1.2137298607995979
899,89351.0,89450.5,199,372.33742684091783,372.64591083683604,304.9553818946999,305.2670379451965,0.3084839959182091,0.3116560504965946,0.989821938084208,0.003486064975362233,0.0028728345651578458,0.0031794497702600393,67.37887289163956,196,186,1983,1912,33,27,-446.398450137648,0.09884014120020171,0.09728033472803348,0.8316326530612245,0.8548387096774194,184350,148560,1256957,1057218,24983,18260,12339.573144942311,0.1466637283534759,0.14051974143459534,0.8644806075400054,0.8770866989768443,196,186,359,195,35067,149283,870730,201877,15214,133346,817283,91375,0.7206268790420038,0.7874411899910898,0.19021969080553294,0.10240980075390414,0.14799699507056518,0.14273517905224742,16,14,0.001559806472168232,1.2134583096575537
900,89450.5,89550.0,199,372.64591083683604,372.992751782409,305.2670379451965,305.64290545995334,0.3468409455729784,0.3758675147568624,0.9227744669483862,0.0034860647238884692,0.0028738398189325372,0.0031799522714105032,67.34984632245568,212,200,1975,1891,30,16,263.4162620607471,0.10734177215189873,0.10576414595452142,0.8584905660377359,0.92,184562,148760,1258932,1059109,25013,18276,12589.420213333102,0.14660204045969122,0.14045768660260652,0.8644737269860534,0.8771443936542082,212,200,362,185,35113,149449,872177,202193,15230,133530,818805,91544,0.7206822926099266,0.7874874068674707,0.1902504307495584,0.10237967195482657,0.14796507462938147,0.14263772079345158,14,10,0.0015776261973773076,1.2130337609363828
901,89550.0,89649.5,199,372.992751782409,373.3291106385325,305.64290545995334,305.9607095316033,0.33635885612346783,0.3178040716499595,1.0583843510159467,0.0034859475499621957,0.0028741951696000393,0.0031800713597811177,67.36840110692918,204,181,1987,1893,25,22,95.89299915475347,0.10266733769501761,0.09561542525092445,0.8774509803921569,0.8784530386740331,184766,148941,1260919,1061002,25038,18298,12668.89383333623,0.14653280662754706,0.14037768072067724,0.8644880551616639,0.8771459839802338,204,181,353,181,35152,149614,873646,202507,15246,133695,820352,91709,0.7207425695068438,0.7875555371243409,0.19025145318943962,0.102362680524503,0.14790939960195068,0.14254593053153194,17,11,0.0070519124440931585,1.212843020137455
902,89649.5,89749.0,199,373.3291106385325,373.68143013817524,305.9607095316033,306.3162615659592,0.35231949964276055,0.35555203435592375,0.990908406081774,0.0034860084722947177,0.002874970327150326,0.003180489399722522,67.36516857221602,207,194,1972,1880,25,20,202.4018272817061,0.10496957403651115,0.10319148936170212,0.8792270531400966,0.8969072164948454,184973,149135,1262891,1062882,25063,18318,12858.420913754564,0.14646790578125904,0.1403119066839028,0.8645045493126023,0.8771716900794582,207,194,339,186,35184,149789,875104,202814,15267,133868,821873,91874,0.7207969650587422,0.7876133004416295,0.19021154438755927,0.10237033560197137,0.14783317506869806,0.142494469904145,17,16,0.0017780846748090273,1.21253720060132
903,89749.0,89848.5,199,373.68143013817524,374.0407929889053,306.3162615659592,306.64269920800706,0.359362850730065,0.32643764204783565,1.1008621691900486,0.0034861476511094643,0.0028754197291380765,0.00318078369012377,67.39809378089825,204,183,1969,1899,23,15,447.00612661490044,0.10360589131538853,0.09636650868878358,0.8872549019607843,0.9180327868852459,185177,149318,1264860,1064781,25086,18333,13300.026465905616,0.14640118273959174,0.14023353159006405,0.8645296122088596,0.8772217683065672,204,183,315,169,35219,149958,876589,203094,15287,134031,823440,92023,0.720876618756226,0.7876990667564504,0.19019100644248477,0.10237881568196734,0.1477846361717573,0.142456434628646,11,8,0.007239382626604951,1.212396095005739
904,89848.5,89948.0,199,374.0407929889053,374.3867105728674,306.64269920800706,306.9552165528831,0.34591758396209116,0.3125173448760279,1.1068748331370624,0.0034861370437883087,0.002875713377488532,0.00318092521063842,67.43149401998431,199,180,1972,1896,24,22,114.69047295849634,0.10091277890466531,0.0949367088607595,0.8793969849246231,0.8777777777777778,185376,149498,1266832,1066677,25110,18355,13409.62297454742,0.1463303737196408,0.14015301726764523,0.8645455722423615,0.8772224377583646,199,180,346,191,35253,150123,878050,203406,15307,134191,824985,92194,0.7209345832754461,0.7877661185157269,0.19017024857586742,0.10238932962313878,0.1477128455243674,0.1423893731221105,13,12,0.0059760700439058095,1.2122686047497828
905,89948.0,90047.5,199,374.3867105728674,374.698334758646,306.9552165528831,307.3141915231221,0.3116241857786122,0.3589749702389895,0.8680944678988252,0.0034857456231483317,0.002876522300436741,0.0031811339617925363,67.38414323552394,177,201,1977,1905,16,18,503.8207328673368,0.08952959028831563,0.10551181102362205,0.9096045197740112,0.9104477611940298,185553,149699,1268809,1068582,25126,18373,13909.79541234629,0.1462418693436128,0.1400912611292348,0.8645885542136209,0.8772670492120855,177,201,324,174,35292,150261,879565,203691,15320,134379,826528,92355,0.721036026699054,0.7878178745290487,0.190199026693182,0.10233869297724099,0.14767577610122895,0.14228000928720688,13,11,-0.01598222073530642,1.211791621646421
906,90047.5,90147.0,199,374.698334758646,375.037644699055,307.3141915231221,307.6409327034694,0.3393099404090094,0.32674118034731237,1.0384670216601928,0.0034856621844416165,0.0028769718684917385,0.0031813170264666773,67.39671199558563,209,187,1969,1923,34,17,-117.45768687131206,0.10614525139664804,0.09724388975559023,0.8373205741626795,0.9090909090909091,185762,149886,1270778,1070505,25160,18390,13782.45049585737,0.1461797418589242,0.14001429231997983,0.8645578751305434,0.8773067531323806,209,187,372,216,35338,150424,880999,204017,15342,134544,828070,92549,0.7210834622569796,0.7878636718184409,0.19023266330035207,0.10235779192186062,0.14763844498757075,0.1421990712849079,11,16,0.008901361641057814,1.2115732595845596
907,90147.0,90246.5,199,375.037644699055,375.3491929704381,307.6409327034694,307.94402099956665,0.3115482713830602,0.3030882960972576,1.0279125766145976,0.0034852713092722873,0.0028771583532327793,0.0031812148312525333,67.40517197087144,181,175,1973,1880,22,15,346.54275955286425,0.0917384693360365,0.09308510638297872,0.8784530386740331,0.9142857142857143,185943,150061,1272751,1072385,25182,18405,14168.958592879262,0.14609534779387326,0.13993202068287042,0.8645714009131831,0.8773498777163953,181,175,352,164,35363,150580,882464,204344,15358,134703,829627,92697,0.7211363416724874,0.7879492905999245,0.19018193747546291,0.10234504634781856,0.1475259379158723,0.14213132201193837,10,12,-0.0013466370469422256,1.2113588761481382
908,90246.5,90346.0,199,375.3491929704381,375.6626338232587,307.94402099956665,308.27425650676776,0.3134408528206336,0.3302355072011096,0.9491434021652667,0.0034849022432101267,0.0028776449077128276,0.003181273575461477,67.38837731649096,191,188,1965,1926,29,19,112.7691636850287,0.09720101781170483,0.0976116303219107,0.8481675392670157,0.898936170212766,186134,150249,1274716,1074311,25211,18424,14266.398237922933,0.1460199762143097,0.13985614966243481,0.8645545682142972,0.8773768876997518,191,188,329,168,35396,150738,883942,204640,15373,134876,831212,92850,0.7212100577697307,0.7880259999199487,0.1901640753435697,0.10231682074423125,0.14746121415121066,0.1420492871201131,10,10,-0.0004106125102058683,1.2110258058142245
909,90346.0,90445.5,199,375.6626338232587,376.0399343828048,308.27425650676776,308.62427864342743,0.3773005595460859,0.35002213665967474,1.0779334220022028,0.0034852400464877543,0.002878349160200152,0.003181794603343953,67.41565573937737,215,207,1974,1924,28,24,88.01998966955358,0.10891590678824721,0.1075883575883576,0.8697674418604651,0.8840579710144928,186349,150456,1276690,1076235,25239,18448,14373.036856225246,0.14596260642755876,0.13979846409009186,0.8645605825628256,0.8773860796511938,215,207,368,192,35447,150902,885384,204957,15396,135060,832760,93019,0.7212643633145086,0.7880769534534744,0.19021835373412255,0.10232892008294783,0.14744762982313106,0.14200986948300512,14,8,0.001327549199889616,1.210846861346523
910,90445.5,90545.0,199,376.0399343828048,376.3539143699372,308.62427864342743,308.92559350514153,0.3139799871323703,0.30131486171410415,1.042032860066103,0.0034848777802390036,0.00287851393042793,0.003181695855333467,67.42832086479564,177,176,1972,1903,15,23,416.9010472484652,0.08975659229208925,0.09248554913294797,0.9152542372881356,0.8693181818181819,186526,150632,1278662,1078138,25254,18471,14785.031267000384,0.14587592342620645,0.13971495300230583,0.8646086872607572,0.8773766530352116,177,176,360,163,35482,151044,886854,205282,15411,135221,834339,93167,0.7213290142351927,0.7881644093798753,0.19022549135241199,0.102308938339795,0.14737253077702647,0.14193483026027373,8,14,-0.0027289568408587206,1.210651698920536
911,90545.0,90644.5,199,376.3539143699372,376.6593099147842,308.92559350514153,309.20985909308814,0.3053955448470447,0.2842655879466065,1.0743317439619424,0.0034844216048032436,0.002878490249475076,0.00318145592713916,67.44945082169608,195,159,1973,1915,29,16,-46.78357297656591,0.09883426254434871,0.08302872062663186,0.8512820512820513,0.89937106918239,186721,150791,1280635,1080053,25283,18487,14712.177589681092,0.14580344907018783,0.13961444484668808,0.8645947697366659,0.8773998448183247,195,159,349,173,35520,151201,888321,205593,15425,135366,835936,93326,0.7213929027396565,0.7882585391642818,0.19023034366782526,0.10229390348230331,0.14731681825534085,0.14183777620435675,17,8,0.015805541917716853,1.2105031814641947
912,90644.5,90744.0,199,376.6593099147842,377.00099406324506,309.20985909308814,309.53312534073507,0.3416841484608426,0.32326624764692724,1.0569744009712745,0.003484366330611924,0.0028788964082053954,0.0031816313694086598,67.46786872250999,204,178,1984,1925,30,17,85.2860788146639,0.1028225806451613,0.09246753246753246,0.8529411764705882,0.9044943820224719,186925,150969,1282619,1081978,25313,18504,14787.97023731795,0.1457369647572662,0.13953056346801876,0.8645820516249832,0.877431790632514,204,178,382,201,35557,151368,889756,205938,15448,135521,837505,93504,0.7214246787237676,0.7883274890986693,0.19022067674200882,0.10232564301280395,0.14723700283649765,0.14178720904618547,17,12,0.010355048177628834,1.2103132021981846
913,90744.0,90843.5,199,377.00099406324506,377.30584082609965,309.53312534073507,309.8850419072099,0.304846762854595,0.35191656647481295,0.8662472639702036,0.003483905673690501,0.0028796170582668576,0.0031817613659786796,67.42079891888977,184,199,1981,1909,23,22,108.50107261526537,0.09288238263503282,0.10424305919329492,0.875,0.8894472361809045,187109,151168,1284600,1083887,25336,18526,14906.00852874333,0.14565545695158025,0.13946841322019732,0.8645922964689031,0.8774476079593565,184,199,366,175,35582,151527,891212,206279,15461,135707,839053,93666,0.7214650474855986,0.7883792314143448,0.19016722872764003,0.10227693691786621,0.14711755925924394,0.1416789612103329,15,10,-0.011360676558262103,1.2098503388458686
914,90843.5,90943.0,199,377.30584082609965,377.64317173366084,309.8850419072099,310.2134643989055,0.33733090756118145,0.3284224916956191,1.02712486535124,0.003483803217130117,0.002880077792951199,0.003181940505040658,67.42970733475534,208,187,1978,1918,29,23,88.95993526311847,0.1051567239635996,0.09749739311783108,0.8605769230769231,0.8770053475935828,187317,151355,1286578,1085805,25365,18549,14983.363361677419,0.14559319372785792,0.13939427429418727,0.8645878377296241,0.877447061544052,208,187,379,176,35627,151690,892648,206613,15477,135878,840624,93826,0.7215069743148103,0.7884482020252255,0.19019629825376233,0.10225628489313204,0.14707315059445178,0.14159721142146145,15,9,0.007659330845768517,1.2096212212241266
915,90943.0,91042.5,199,377.64317173366084,378.00301215315704,310.2134643989055,310.554720666428,0.3598404194962086,0.34125626752251037,1.0544580532062238,0.0034839482263224367,0.0028806784852336365,0.0031823133557780364,67.44829148672903,200,203,1975,1914,20,26,296.03360092811573,0.10126582278481013,0.10606060606060606,0.9,0.8719211822660098,187517,151558,1288553,1087719,25385,18575,15276.751207104084,0.14552525196868116,0.13933561885008905,0.8646256072782734,0.8774396600641339,200,203,340,172,35657,151860,894113,206923,15503,136055,842189,93972,0.7215613172294815,0.7885235065306389,0.1901534260893679,0.10229087214135843,0.14699068348586034,0.14161224023749713,12,20,-0.0047947832757959385,1.2094193240172972
916,91042.5,91142.0,199,378.00301215315704,378.3429542024785,310.554720666428,310.86087903661735,0.33994204932145067,0.3061583701893369,1.1103470700840907,0.003483874596171709,0.002880892775691478,0.003182383685931593,67.48207516586115,198,180,1969,1892,23,17,279.49199310677034,0.1005586592178771,0.09513742071881606,0.8838383838383839,0.9055555555555556,187715,151738,1290522,1089611,25408,18592,15540.028148107776,0.1454566446755654,0.13925887312077428,0.8646458727326,0.8774730126929312,198,180,335,192,35690,152025,895582,207225,15523,136215,843729,94144,0.7216242729686126,0.7885860183129576,0.19012865247849134,0.10230133519619344,0.14692382108968158,0.14154668222892938,15,16,0.005421238499061037,1.2093038052537384
917,91142.0,91241.5,199,378.3429542024785,378.65194811406104,310.86087903661735,311.1776333745893,0.3089939115825473,0.3167543379719291,0.9755001732918034,0.003483461937340623,0.0028812227297890175,0.00318234233356482,67.47431473947177,186,177,1951,1890,22,17,230.13115745691482,0.09533572526909277,0.09365079365079365,0.8817204301075269,0.903954802259887,187901,151915,1292473,1091501,25430,18609,15749.752641625391,0.14538098668212024,0.13917989997260652,0.8646627745461706,0.8775038672942106,186,177,350,208,35720,152181,897027,207545,15543,136372,845254,94332,0.7216761974911662,0.7886360159083684,0.1901001059068339,0.10231379389790343,0.1468357552463363,0.14146075085324233,17,14,0.0016849316182991209,1.2090220937538227
918,91241.5,91341.0,199,378.65194811406104,378.94979815075857,311.1776333745893,311.47444799434135,0.2978500366975254,0.2968146197520696,1.003488429735438,0.003482928174560843,0.0028813336652740475,0.003182130919917445,67.47535015641722,180,179,1984,1912,28,22,-153.60262571026118,0.0907258064516129,0.09361924686192469,0.8444444444444444,0.8770949720670391,188081,152094,1294457,1093413,25458,18631,15616.437236368969,0.1452972172887937,0.13910023019664117,0.8646434249073538,0.8775033860638816,180,179,350,164,35747,152334,898508,207868,15563,136531,846843,94476,0.7217350595655166,0.7887285042339902,0.19006172872326285,0.10232487803595144,0.14673562793752437,0.1414316742245931,11,12,-0.0028934404103117817,1.2087902961525205
919,91341.0,91440.5,199,378.94979815075857,379.2936404339783,311.47444799434135,311.78010081232605,0.3438422832197148,0.3056528179847078,1.1249439330767683,0.0034828985479714316,0.0028815410145152467,0.003182219781243339,67.51353962165223,204,186,1966,1935,24,21,248.12540172747785,0.10376398779247202,0.09612403100775194,0.8823529411764706,0.8870967741935484,188285,152280,1296423,1095348,25482,18652,15846.72408668032,0.14523423296254387,0.13902431008227523,0.8646626125288791,0.8775151037562385,204,186,345,191,35792,152493,899970,208168,15573,136707,848411,94657,0.721802991770433,0.788775804584479,0.19009480309105878,0.1022655634357762,0.14671257583210362,0.1412773292207203,16,13,0.007639956784720084,1.208693032799795
920,91440.5,91540.0,199,379.2936404339783,379.6415034392996,311.78010081232605,312.077608682595,0.347863005321301,0.2975078702689302,1.1692564805322716,0.0034829129089043367,0.0028816589360722133,0.003182285922488275,67.5638947567046,209,171,1966,1912,25,20,140.54248595583653,0.10630722278738555,0.08943514644351465,0.8803827751196173,0.8830409356725146,188494,152451,1298389,1097260,25507,18672,15966.020644119539,0.14517529030205895,0.1389378998596504,0.8646800428660859,0.8775213019265207,209,171,356,165,35827,152667,901406,208489,15591,136860,850005,94804,0.7218429915841863,0.7888704591436851,0.19006971044171167,0.10226892575319282,0.14664205373368916,0.1412292223379682,16,12,0.016872076343870904,1.2086485549367791
921,91540.0,91639.5,199,379.6415034392996,379.99564366809886,312.077608682595,312.39617402978644,0.354140228799281,0.318565347191452,1.1116721637223432,0.003482995737753941,0.002882006387586596,0.003182501062670268,67.59946963831243,204,178,1973,1922,22,13,476.4011421676848,0.10339584389254941,0.09261186264308012,0.892156862745098,0.9269662921348315,188698,152629,1300362,1099182,25529,18685,16434.059352935208,0.14511189960949336,0.13885689540039775,0.8647097478510636,0.8775789659894253,204,178,386,174,35867,152831,902829,208835,15607,137022,851591,94962,0.7218728323343807,0.788948508982134,0.19007620642508136,0.10225448636890762,0.14657420045606492,0.14115167904204615,15,13,0.01078398124946929,1.208531581593966
922,91639.5,91739.0,199,379.99564366809886,380.30137761052055,312.39617402978644,312.7288575419596,0.30573394242168206,0.33268351217316194,0.9189933712811935,0.0034825507347183197,0.0028825069803182397,0.00318252885751828,67.57252006856095,179,182,1974,1937,24,13,455.2786514754594,0.09067882472137791,0.09395973154362416,0.8659217877094972,0.9285714285714286,188877,152811,1302336,1101119,25553,18698,16886.150736534022,0.14502939333628187,0.13877791592007765,0.8647108965093685,0.877639698712789,179,182,363,202,35901,152976,904295,209164,15627,137184,853164,95144,0.7219304388422035,0.7890073643266532,0.1900760812592322,0.10226358050140369,0.14649582763756555,0.14107483005479773,16,11,-0.0032809068222462573,1.2081673204946872
923,91739.0,91838.5,199,380.30137761052055,380.5581081979585,312.7288575419596,313.02999852279413,0.2567305874379713,0.301140980834532,0.852526237799023,0.003481573114105325,0.0028826630318248827,0.003182118072965104,67.52810967516439,154,168,1967,1940,18,16,373.477576925669,0.07829181494661921,0.0865979381443299,0.8831168831168831,0.9047619047619048,189031,152979,1304303,1103059,25571,18714,17250.083810285465,0.14492874738461844,0.13868614462145723,0.8647258915204384,0.87766948404683,154,168,351,175,35922,153109,905778,209494,15637,137342,854771,95309,0.7219948125550582,0.789085624613008,0.1900323227407145,0.10221664411455167,0.14637187469439644,0.14094244046653326,6,8,-0.00830612319771068,1.207762778954188
924,91838.5,91938.0,199,380.5581081979585,380.87680726982546,313.02999852279413,313.33412008688606,0.3186990718669449,0.30412156409192903,1.0479331606048476,0.0034812716342712356,0.0028828511650497227,0.003182061399660479,67.5426871829394,189,175,1970,1927,28,17,66.68276866902683,0.09593908629441625,0.0908147379346134,0.8518518518518519,0.9028571428571428,189220,153154,1306273,1104986,25599,18731,17311.969088365433,0.14485486571336925,0.1386026610291895,0.8647130324490011,0.8776982644919493,189,175,377,186,35955,153265,907215,209838,15653,137501,856353,95479,0.7220313058602604,0.7891556997102226,0.19001691153155056,0.10220431722318712,0.14628162722290708,0.1408505201022208,18,9,0.005124348359802855,1.2075793840752065
925,91938.0,92037.5,199,380.87680726982546,381.2471591735201,313.33412008688606,313.6237174867023,0.37035190369465454,0.28959739981621624,1.2788509286674763,0.0034815320213535082,0.0028828810844727165,0.0031822065529131124,67.62344168681784,201,176,1977,1917,14,18,585.6344457346955,0.10166919575113809,0.09181011997913406,0.9303482587064676,0.8977272727272727,189421,153330,1308250,1106903,25613,18749,17888.23004721727,0.1447896044334034,0.1385216229425704,0.8647826798507029,0.8777212548098872,201,176,347,190,35986,153435,908675,210154,15672,137658,857923,95650,0.7220798776992166,0.7892245300627065,0.18997893580965153,0.10221091762864411,0.14620134882587146,0.14078079804531,17,19,0.009859075772004025,1.2076571732719548
926,92037.5,92137.0,199,381.2471591735201,381.55157014459536,313.6237174867023,313.9314823272693,0.3044109710752423,0.3077648405670175,0.9891024930411281,0.0034810761625231855,0.0028831081178324093,0.0031820921401777974,67.62008781732607,196,192,1977,1914,33,29,-349.3532869292452,0.09914011127971674,0.10031347962382445,0.8316326530612245,0.8489583333333334,189617,153522,1310227,1108817,25646,18778,17525.495796557134,0.14472072396615243,0.13845566942065282,0.8647484139080357,0.8776852828910514,196,192,367,175,36017,153600,910120,210490,15696,137826,859494,95801,0.7221168545603166,0.7893006690914731,0.1899460491411635,0.10223941845468403,0.14610944111120577,0.14077508811896283,12,11,-0.0011733683441077086,1.2074039613680332
927,92137.0,92236.5,199,381.55157014459536,381.85816118414175,313.9314823272693,314.2391839108379,0.3065910395463902,0.307701583568587,0.9963908407317337,0.003480644922844483,0.0028833339755551576,0.0031819894491998202,67.61897727330387,180,179,1973,1910,22,22,20.08106196388973,0.0912316269640142,0.093717277486911,0.8777777777777778,0.8770949720670391,189797,153701,1312200,1110727,25668,18800,17541.642435330454,0.14464029873494894,0.13837873752956398,0.8647607707181884,0.8776845954157748,180,179,350,193,36047,153750,911593,210810,15712,137989,861048,95978,0.7221764974851395,0.7893568806736488,0.1899239714010232,0.10222444876741206,0.14602381135637232,0.14067508281851554,16,8,-0.0024856505228968012,1.2071598199699773
928,92236.5,92336.0,199,381.85816118414175,382.17448786120667,314.2391839108379,314.56743680184786,0.31632667706492157,0.32825289100998134,0.9636676042414593,0.0034803200496340545,0.0028837819174244413,0.003182050983529248,67.60705105935881,189,203,1973,1920,23,31,-127.48899855385076,0.0957932083122149,0.10572916666666667,0.8783068783068784,0.8472906403940886,189986,153904,1314173,1112647,25691,18831,17402.355672037054,0.1445669634058834,0.13832239695069506,0.864774246523428,0.8776445056658696,189,203,362,166,36082,153904,913050,211137,15728,138176,862615,96128,0.7222275910401447,0.7894174882060527,0.1899192572084259,0.1021935752157189,0.14595156521141175,0.14060935488485196,10,14,-0.009935958354451768,1.2068596548876318
929,92336.0,92435.5,199,382.17448786120667,382.49029635743767,314.56743680184786,314.87444022408204,0.31580849623099994,0.30700342223417465,1.028680703077339,0.003479990269963824,0.0028839990106564834,0.0031819946403101535,67.61585613335563,185,177,1982,1934,20,19,258.3657954531959,0.09334006054490414,0.09152016546018614,0.8918918918918919,0.8926553672316384,190171,154081,1316155,1114581,25711,18850,17682.291384104024,0.1444898207278018,0.13824118659837195,0.8648006268042971,0.877661749339633,185,177,341,212,36116,154055,914540,211444,15746,138335,864178,96322,0.7222979056418127,0.7894661760787237,0.18991328856660583,0.10219300238186409,0.14588786556794311,0.14050397972659456,12,6,0.0018198950847179984,1.2066544603882077
930,92435.5,92535.0,199,382.49029635743767,382.8037332115052,314.87444022408204,315.1499541116835,0.3134368540675041,0.27551388760144846,1.1376444824477017,0.0034796355698201607,0.0028838753383815733,0.003181755454100867,67.65377909982169,184,149,1960,1902,23,10,409.05016621551096,0.09387755102040816,0.07833859095688749,0.875,0.9328859060402684,190355,154230,1318115,1116483,25734,18860,18087.307006657535,0.14441456170364497,0.13813913870609762,0.8648104856715085,0.8777151008234455,184,149,356,154,36142,154213,915986,211774,15758,138472,865789,96464,0.7223406151967013,0.7895749420277783,0.18986630243492422,0.10217208065875641,0.14578324916503976,0.14041809983782147,15,6,0.01553896006352068,1.2065832123565117
931,92535.0,92634.5,199,382.8037332115052,383.1116434853457,315.1499541116835,315.4899839244718,0.30791027384054814,0.3400298127883161,0.9055390505780038,0.0034792219715888695,0.002884448388558552,0.0031818351800737108,67.62165956087392,193,195,1977,1914,29,20,-27.62073403845071,0.09762266059686393,0.10188087774294671,0.8497409326424871,0.8974358974358975,190548,154425,1320092,1118397,25763,18880,18047.0398008652,0.14434448508134282,0.13807708711664998,0.8647952222012302,0.8777400032378178,193,195,353,167,36187,154361,917462,212082,15766,138659,867349,96623,0.7224110137778276,0.7896256874794907,0.18991015387199026,0.10209486805892828,0.14575722301213603,0.14028063244623584,14,15,-0.0042582171460827795,1.2062001127805042
932,92634.5,92734.0,199,383.1116434853457,383.4260355046123,315.4899839244718,315.8325078765445,0.31439201926656324,0.34252395207272457,0.9178687136011195,0.0034788791570126995,0.002885047104643388,0.003181963130828044,67.59352762806776,188,184,1978,1917,24,16,345.5541442857067,0.09504550050556117,0.09598330725091289,0.8723404255319149,0.9130434782608696,190736,154609,1322070,1120314,25787,18896,18383.35442396803,0.14427072696604568,0.13800505929587598,0.8648026591728881,0.8777820178644193,188,184,331,179,36221,154515,918955,212379,15784,138825,868921,96784,0.7224851936735573,0.7896937822788969,0.189901224729469,0.10208978778725689,0.14569991954947706,0.14021746855234168,12,15,-0.0009378067453517241,1.2058309728855237
933,92734.0,92833.5,199,383.4260355046123,383.73578729110926,315.8325078765445,316.1364122832869,0.30975178649697455,0.30390440674239017,1.0192408521392091,0.0034784870928373126,0.002885228528588735,0.003181857810713024,67.59937500782235,171,174,1975,1908,14,15,551.4881585129842,0.08658227848101266,0.09119496855345911,0.9181286549707602,0.9137931034482758,190907,154783,1324045,1122222,25801,18911,18924.69026431215,0.14418467650268685,0.13792547285652929,0.8648504245522689,0.8778224998869385,171,174,361,160,36249,154658,920426,212712,15794,138989,870505,96934,0.7225396417795468,0.7897715425290184,0.18987779389964748,0.10203962967509352,0.14560111824743635,0.1401071605989639,11,13,-0.004612690072446454,1.2056192632126652
934,92833.5,92933.0,199,383.73578729110926,384.08544729035935,316.1364122832869,316.4631911079761,0.3496599992500933,0.3267788246891996,1.0700203710649123,0.003478525298141271,0.002885655702855084,0.0031820905004981775,67.62225618238324,200,186,1983,1908,22,17,351.6909818696501,0.10085728693898134,0.09748427672955975,0.89,0.9086021505376344,191107,154969,1326028,1124130,25823,18928,19262.82547442056,0.14411988283806978,0.13785683150525296,0.8648767444415956,0.8778594428563132,200,186,365,197,36289,154818,921884,213037,15810,139159,872046,97115,0.7225888141125225,0.7898161244695898,0.18988838713390926,0.10202040408081617,0.1455483984823083,0.14000442771751162,14,15,0.003373010209421587,1.2054540306730281
935,92933.0,93032.5,199,384.08544729035935,384.3740113624979,316.4631911079761,316.7742665509127,0.2885640721385698,0.3110754429366125,0.9276337258076981,0.0034779067057673536,0.002885913168799808,0.0031819099372835807,67.5997448115852,179,176,1979,1911,26,18,73.17645755869759,0.09044972208185953,0.09209837781266353,0.8547486033519553,0.8977272727272727,191286,155145,1328007,1126041,25849,18946,19333.139233517235,0.14403990340412362,0.13777917500339687,0.8648672668151355,0.8778819813722647,179,176,348,202,36318,154968,923365,213356,15833,139312,873602,97294,0.7226490523016822,0.7898779884569034,0.18986230042972302,0.10205291823777757,0.1454616820333715,0.13995774660337496,14,17,-0.0016486557308039995,1.205132137504242
936,93032.5,93132.0,199,384.3740113624979,384.6695923686185,316.7742665509127,317.0717479466777,0.29558100612058524,0.2974813957649758,0.9936117361574707,0.003477364779135226,0.002886024119230051,0.0031816944491826387,67.5978444219408,187,171,1971,1914,30,23,-130.28411150797427,0.09487569761542364,0.08934169278996865,0.839572192513369,0.8654970760233918,191473,155316,1329978,1127955,25879,18969,19191.76952607372,0.14396704306387023,0.13769698259239066,0.864842562658965,0.8778683458239975,187,171,388,184,36352,155121,924795,213710,15850,139466,875178,97461,0.7226788713798273,0.78994995367723,0.18985444422973474,0.10205001416467073,0.14537194775695628,0.13988050586439094,16,16,0.005534004825454991,1.2048980311581514
937,93132.0,93231.5,199,384.6695923686185,384.97249437540927,317.0717479466777,317.38570916443575,0.3029020067907595,0.31396121775804886,0.9647752322842243,0.003476902534199414,0.0028863115952214766,0.0031816070647104453,67.58678521097352,176,169,1971,1924,27,9,248.90564402055236,0.08929477422628107,0.08783783783783784,0.8465909090909091,0.9467455621301775,191649,155485,1331949,1129879,25906,18978,19472.482796164106,0.14388613978463138,0.13761208058562022,0.8648258013347317,0.8779432099559443,176,169,362,164,36386,155263,926262,214038,15863,139622,876782,97612,0.7227363810476227,0.790035924200733,0.18985749990868722,0.10202270315464514,0.1452975753122704,0.13979290592641552,16,11,0.001456936388443228,1.2046178728435657
938,93231.5,93331.0,199,384.97249437540927,385.2232218923454,317.38570916443575,317.69058258817626,0.2507275169361378,0.30487342374050286,0.8223987314471463,0.003475882248493521,0.00288650108660179,0.0031811916675476555,67.53263930416915,164,173,1977,1911,28,17,-137.846943916789,0.08295397066262013,0.09052851909994768,0.8292682926829268,0.9017341040462428,191813,155658,1333926,1131790,25934,18995,19334.63585224732,0.1437958327523416,0.13753258113254227,0.8647953996861526,0.8779696514152822,164,173,306,195,36414,155399,927797,214316,15881,139777,878343,97789,0.7228369489761801,0.7900971028194276,0.18984114736748814,0.10202495213866297,0.14523192278546643,0.139711445412158,13,14,-0.0075745484373275496,1.2041853247959784
939,93331.0,93430.5,199,385.2232218923454,385.55301609591766,317.69058258817626,317.9838678125293,0.32979420357224853,0.29328522435304194,1.12448284532486,0.0034757103979719795,0.0028865661442246874,0.0031811382710983335,67.56914828338836,188,176,1983,1931,20,22,194.02829455479045,0.09480584972264246,0.09114448472294148,0.8936170212765957,0.875,192001,155834,1335909,1133721,25954,19017,19522.614123708856,0.14372311287670042,0.1374535710284982,0.8648236207103088,0.8779662974703851,188,176,365,188,36447,155554,929260,214648,15894,139940,879923,97964,0.7228838191822946,0.7901564847083189,0.18982713631699835,0.10199314655338373,0.14515223321850296,0.13959493404064713,13,11,0.003661364999700975,1.2040986501993123
940,93430.5,93530.0,199,385.55301609591766,385.85286131795107,317.9838678125293,318.32238667277085,0.2998452220334116,0.33851886024154965,0.8857563263076611,0.003475218705867149,0.0028871146904546805,0.0031811666981609145,67.53047464518022,177,179,1976,1937,28,11,334.39868825708663,0.0895748987854251,0.09241094475993805,0.8418079096045198,0.9385474860335196,192178,156013,1337885,1135658,25982,19028,19854.27209924678,0.14364313823684396,0.13737674546386325,0.8648024227539053,0.878035804708582,177,179,339,177,36468,155710,930741,214966,15908,140105,881518,98127,0.7229388176113791,0.7902255784752099,0.18976157520631914,0.10196586181920737,0.14504005027164185,0.13950103038540798,10,11,-0.002836045974512952,1.2036995680694107
941,93530.0,93629.5,199,385.85286131795107,386.12814883596025,318.32238667277085,318.65698710534514,0.27528751800917917,0.33460043257429106,0.8227350929920191,0.0034744657728361644,0.002887620220451893,0.003181042996644029,67.47116173061511,169,178,1960,1935,31,10,100.0435750118239,0.08622448979591837,0.09198966408268734,0.8165680473372781,0.9438202247191011,192347,156191,1339845,1137593,26013,19038,19948.041549938625,0.14355914303520184,0.13729954386146892,0.8647600430472011,0.8781107746284997,169,178,345,178,36510,155837,932229,215269,15927,140264,883116,98286,0.7230231855177278,0.7903028587552842,0.1898132021814741,0.10197130436452805,0.14500812220240766,0.1394499750466234,12,12,-0.005765174286768968,1.2032280935795754
942,93629.5,93729.0,199,386.12814883596025,386.4359586993485,318.65698710534514,319.00192576083657,0.30780986338822913,0.34493865549143266,0.8923611734663188,0.0034740614211306196,0.0028882349762217874,0.0031811481986762035,67.4340329385119,184,194,1984,1929,22,16,382.57875283433964,0.09274193548387097,0.10057024364955935,0.8804347826086957,0.9175257731958762,192531,156385,1341829,1139522,26035,19054,20343.097186689443,0.1434840057861322,0.13723736794901722,0.8647750232430103,0.8781596700450811,184,194,338,191,36544,155987,933725,215573,15950,140435,884683,98454,0.7230943734261222,0.7903603440740943,0.1898083944923155,0.10199187901652972,0.14494857546297948,0.13941820216076362,12,19,-0.007828308165688386,1.202831988993906
943,93729.0,93828.5,199,386.4359586993485,386.81462611939105,319.00192576083657,319.361282387939,0.37866742004257503,0.35935662710244287,1.0537371276434737,0.0034744131086097982,0.0028890020911918487,0.0031817075999008232,67.45334373145204,212,206,1986,1918,23,27,150.9769515391153,0.1067472306143001,0.10740354535974973,0.8915094339622641,0.8689320388349515,192743,156591,1343815,1141440,26058,19081,20510.062623560527,0.14342971316736305,0.13718723717409587,0.8648044286952056,0.8781475308287194,212,206,393,182,36580,156163,935142,215930,15969,140622,886232,98617,0.7231069752904976,0.7904059784132325,0.18978639950607804,0.10197904094105026,0.1448655498792127,0.13936257483462203,9,15,-0.0006563147454496376,1.202634334950045
944,93828.5,93928.0,199,386.81462611939105,387.1649974779826,319.361282387939,319.7016003221896,0.3503713585915307,0.3403179342506064,1.0295412710560268,0.003474462798311323,0.002889564886377278,0.0031820138423443002,67.46339715579296,219,182,1976,1897,32,11,441.55414618673376,0.11082995951417005,0.0959409594095941,0.8538812785388128,0.9395604395604396,192962,156773,1345791,1143337,26090,19092,20932.899103809134,0.14338184755285183,0.13711880224290826,0.8647920315917124,0.8782188259457943,219,182,356,201,36608,156354,936571,216258,15993,140780,887770,98794,0.7231278853848777,0.7904607303008649,0.1897161099076502,0.10201373961077481,0.14477233000877934,0.13932762420831626,17,11,0.014889000104575945,1.2024172963519593
945,93928.0,94027.5,199,387.1649974779826,387.5351589536399,319.7016003221896,320.06603350508107,0.37016147565731217,0.364433182891446,1.015718362198572,0.003474722854435599,0.0028903829606289275,0.0031825529075322633,67.46912544855883,210,223,1971,1940,22,36,15.372689488235775,0.106544901065449,0.11494845360824742,0.8952380952380953,0.8385650224215246,193172,156996,1347762,1145277,26112,19128,20957.193221014044,0.1433279763044217,0.13708124759337698,0.8648251299360156,0.8781625009554384,210,223,364,178,36642,156530,938002,216588,16017,140979,889333,98948,0.7231573527076739,0.7905074492895605,0.18968587579980536,0.10202170755942827,0.14469849543892904,0.13932066281042058,10,15,-0.008403552542798412,1.2021669452685686
946,94027.5,94127.0,199,387.5351589536399,387.88455384402954,320.06603350508107,320.4054390126313,0.34939489038964666,0.33940550755022514,1.0294319998267656,0.0034747617377142897,0.0028909334127092826,0.003182847575211786,67.47911483139825,210,194,1979,1934,24,21,222.03292615451878,0.10611419909044972,0.10031023784901758,0.8857142857142857,0.8917525773195876,193382,157190,1349741,1147211,26136,19149,21179.226147168592,0.14327341319556863,0.13701925800920667,0.8648478141709156,0.87817927349068,210,194,362,203,36686,156696,939453,216906,16042,141148,890895,99126,0.7232046740819165,0.790558144927132,0.18970741847741776,0.10205483809402634,0.14466544685952237,0.13929216449013615,14,15,0.005803961241432148,1.2019514951255357
947,94127.0,94226.5,199,387.88455384402954,388.2375538391862,320.4054390126313,320.7823463750219,0.35299999515666514,0.37690736239062517,0.9365696464979568,0.003474838798862205,0.0028918806991714355,0.00318335974901682,67.45520746416429,200,206,1982,1922,21,14,617.094043693314,0.10090817356205853,0.10718002081165452,0.895,0.9320388349514563,193582,157396,1351723,1149133,26157,19163,21794.82019086191,0.1432112940299159,0.13696934993599522,0.8648789660195679,0.8782497649241404,200,206,345,205,36717,156865,940921,217220,16064,141332,892428,99309,0.7232532109019377,0.7905890788968727,0.18967156037234867,0.10206104348268062,0.1445909812276273,0.139235349691869,12,12,-0.006271847249595994,1.2015844221574548
948,94226.5,94326.0,199,388.2375538391862,388.6057235189459,320.7823463750219,321.0956009627871,0.36816967975971693,0.31325458776518644,1.1753049887834188,0.0034750765193133316,0.002892151170284359,0.0031836138447988455,67.51012255615882,223,179,1981,1892,37,17,-24.109673897222272,0.11256940938919738,0.09460887949260043,0.8340807174887892,0.9050279329608939,193805,157575,1353704,1151025,26194,19180,21758.711267080416,0.14316645293210334,0.13689971981494756,0.8648435282887439,0.8782801840393464,223,179,374,187,36772,157033,942360,217539,16075,141500,893965,99485,0.7232984463368654,0.7906344345257488,0.18973710688578727,0.10201491353323815,0.14459461053591863,0.13910522672204914,21,13,0.017960529896596952,1.2015542462020263
949,94326.0,94425.5,199,388.6057235189459,388.9503880721852,321.0956009627871,321.43329748530414,0.3446645532392836,0.3376965225170352,1.0206340020036684,0.0034750648110307976,0.0028926799202626356,0.003183872365646717,67.51709058688107,204,193,1975,1939,30,18,86.73308408194183,0.10329113924050633,0.09953584321815369,0.8529411764705882,0.9067357512953368,194009,157768,1355679,1152964,26224,19198,21831.291600341858,0.14310836119759915,0.1368368830249687,0.8648310129942425,0.8783149941686527,204,193,381,181,36807,157202,943785,217885,16100,141668,895555,99641,0.7233216712805908,0.7907055207274468,0.18971800277306722,0.10204857765833375,0.14451572880184693,0.13910368840773796,13,8,0.003755296022352639,1.20133056778549
950,94425.5,94525.0,199,388.9503880721852,389.2864389224819,321.43329748530414,321.7661201009074,0.336050850296715,0.332822615603277,1.009699565300232,0.0034749620012090483,0.002893155994989291,0.0031840589980991697,67.5203188215745,207,188,1983,1913,29,17,253.80954844068862,0.1043872919818457,0.0982749607945635,0.8599033816425121,0.9095744680851063,194216,157956,1357662,1154877,26253,19215,22074.583807842195,0.1430518052357656,0.13677300699555017,0.8648257610083618,0.8783521993466535,207,188,411,190,36855,157361,945198,218248,16119,141837,897109,99812,0.723341302916337,0.7907578036448903,0.18976294435061994,0.10204740560662463,0.14447105678882646,0.13903960114205863,14,17,0.006112331187282188,1.2010973508609275
951,94525.0,94624.5,199,389.2864389224819,389.59681789553497,321.7661201009074,322.05706505421506,0.31037897305304796,0.290944953307644,1.0667962084389706,0.003474588104955253,0.002893188501705905,0.003183888303330579,67.53975284131991,184,166,1966,1926,21,13,325.5650905793417,0.0935910478128179,0.08618899273104881,0.8858695652173914,0.9216867469879518,194400,158122,1359628,1156803,26274,19228,22400.148898421532,0.1429802857840527,0.1366887879785927,0.8648456790123457,0.8783976929206562,184,166,348,167,36894,157506,946671,218557,16131,141991,898714,99967,0.7234074320328796,0.7908390624851422,0.18978395061728395,0.10201616473356016,0.14442691553370313,0.13894296198039588,5,13,0.007402055081769096,1.200954622523399
952,94624.5,94724.0,199,389.59681789553497,389.9667975801937,322.05706505421506,322.44679058953096,0.36997968465874465,0.3897255353159039,0.9493339571882204,0.00347484419811238,0.0028942637654130565,0.0031845539817627186,67.52000699066275,209,219,1987,1948,19,20,550.6619431104144,0.10518369401107197,0.11242299794661191,0.9090909090909091,0.908675799086758,194609,158341,1361615,1158751,26293,19248,22947.950680805625,0.14292512935007326,0.13664799426278812,0.8648931961008998,0.878439570294491,209,219,322,189,36920,157689,948153,218853,16154,142187,900277,100133,0.7234592744645145,0.7908782818741904,0.18971373369165867,0.1020203232264543,0.14434674496526217,0.13891492600204666,19,16,-0.00723930393553994,1.2005969323312402
953,94724.0,94823.5,199,389.9667975801937,390.34015993266974,322.44679058953096,322.7894348679742,0.3733623524760219,0.3426442784432311,1.0896500422314221,0.003475135427130122,0.002894840257883643,0.003184987842506882,67.55072506469554,222,184,1978,1942,30,17,309.0965749390918,0.1122345803842265,0.09474768280123584,0.8648648648648649,0.907608695652174,194831,158525,1363593,1160693,26323,19265,23241.347429504687,0.14288061027007326,0.13657788924375353,0.8648931638188995,0.8784734269042738,222,184,370,187,36957,157874,949576,219186,16171,142354,901865,100303,0.7234805400145058,0.790937827659855,0.18968747273277867,0.10200914682226778,0.14428268584345463,0.1388378522245308,16,17,0.017486897582990657,1.2004584424533051
954,94823.5,94923.0,199,390.34015993266974,390.6947155847657,322.7894348679742,323.11637040993986,0.3545556520959394,0.32693554196566765,1.0844818215976415,0.003475227919751473,0.002895250052520414,0.0031852389861359437,67.57834517482581,197,194,1980,1910,30,22,-34.76385328000372,0.0994949494949495,0.10157068062827225,0.8477157360406091,0.8865979381443299,195028,158719,1365573,1162603,26353,19287,23202.51557316198,0.14281770363063712,0.1365203771192746,0.8648758127038169,0.8784833573800238,197,194,355,178,36988,158040,951035,219510,16196,142523,903428,100456,0.7235226531280275,0.7910043239179668,0.18965481879524992,0.10204197355074061,0.14420385344135236,0.13884031135342728,14,10,-0.002075731133322753,1.200320475506483
955,94923.0,95022.5,199,390.6947155847657,391.0434686611067,323.11637040993986,323.439456706744,0.34875307634104047,0.32308629680414924,1.079442488866837,0.0034752591533890407,0.0028956184801725844,0.0031854388167808128,67.6040119543627,207,184,1981,1914,27,24,47.04438367800592,0.10449268046441192,0.0961337513061651,0.8695652173913043,0.8695652173913043,195235,158903,1367554,1164517,26380,19311,23287.960065709634,0.14276218708731062,0.13645399766598512,0.8648807846953671,0.8784730307168525,207,184,351,203,37028,158207,952498,219821,16212,142691,904971,100643,0.7235736212244636,0.791042981768407,0.1896586165390427,0.10202450551594369,0.14416252350602884,0.13873604039193874,15,17,0.00835892915824682,1.2001785377408933
956,95022.5,95122.0,199,391.0434686611067,391.4208380325183,323.439456706744,323.7775479655442,0.3773693714115893,0.33809125880020474,1.1161760666358902,0.003475591159503813,0.00289614388144698,0.0031858675204753965,67.64329006697409,208,179,1986,1925,15,11,830.6428696226037,0.10473313192346426,0.09298701298701299,0.9278846153846154,0.9385474860335196,195443,159082,1369540,1166442,26395,19322,24114.8229858175,0.14270704032010748,0.13638226332728073,0.8649478364535952,0.878540626846532,208,179,363,167,37065,158378,953950,220147,16229,142853,906567,100793,0.7236115776100004,0.7911203471754275,0.1896460860711307,0.1020165700707811,0.14410291899289301,0.1386833245030849,13,10,0.011746118936451264,1.2000754457569724
957,95122.0,95221.5,199,391.4208380325183,391.73249112236397,323.7775479655442,324.1026630206359,0.3116530898456631,0.3251150550916577,0.9585932271201671,0.0034752323305573566,0.002896531910819418,0.0031858821206883874,67.6298281017281,194,178,1971,1953,33,12,101.89516274567858,0.09842719431760527,0.09114183307731695,0.8298969072164948,0.9325842696629214,195637,159260,1371511,1168395,26428,19334,24208.917758655425,0.14264340570363634,0.13630664287334335,0.8649130788143347,0.8786010297626523,194,178,352,196,37103,158534,955413,220461,16252,143008,908169,100966,0.72366608798617,0.7911887674972933,0.18965226414226347,0.10204696722340827,0.1440535167958255,0.13864764797215445,20,10,0.007285361240288321,1.1997907972552688
958,95221.5,95321.0,199,391.73249112236397,392.06783200999155,324.1026630206359,324.41837678903124,0.33534088762758074,0.31571376839536924,1.0621674478498904,0.0034751227562845014,0.002896820502454723,0.003185971629369612,67.6494552209603,209,189,1963,1941,33,22,10.154401639729615,0.10646968925114621,0.0973724884080371,0.8421052631578947,0.8835978835978836,195846,159449,1373474,1170336,26461,19356,24216.00592533922,0.14259170541269803,0.13624207065321411,0.8648887391113426,0.8786069526933377,209,189,332,195,37141,158705,956873,220755,16271,143178,909745,101142,0.7237224730864945,0.7912394389303584,0.1896439038836637,0.10204516804746346,0.14401541706734497,0.1385792033250151,17,11,0.00909720084310911,1.199633444094908
959,95321.0,95420.5,199,392.06783200999155,392.3857031569954,324.41837678903124,324.74084669502383,0.31787114700387065,0.32246990599259107,0.9857389514393133,0.003474830328899962,0.002897179296068237,0.003186004812484099,67.64485646197159,186,173,1982,1920,19,17,301.50339823482886,0.09384460141271443,0.09010416666666667,0.8978494623655914,0.9017341040462428,196032,159622,1375456,1172256,26480,19373,24530.95885798816,0.1425214619733383,0.13616650287991702,0.8649200130590924,0.8786320181428625,186,173,350,152,37164,158868,958342,221082,16286,143336,911355,101279,0.7237643370634902,0.7913297095514973,0.1895812928501469,0.10202854243149441,0.14390929578773728,0.1385276230170544,13,10,0.003740434746047766,1.1993839434154647
960,95420.5,95520.0,199,392.3857031569954,392.74937943661035,324.74084669502383,325.0820958316035,0.36367627961493554,0.3412491365796768,1.0657207319556758,0.003475018045209524,0.0028977339421802644,0.003186375993694894,67.66728360500684,219,187,1976,1917,28,17,340.7362426139652,0.11082995951417005,0.09754825247782994,0.8721461187214612,0.9090909090909091,196251,159809,1377432,1174173,26508,19390,24867.338660668833,0.14247599881518652,0.1361034532390031,0.8649280767996087,0.8786676595185503,219,187,349,180,37197,159054,959783,221398,16303,143506,912922,101442,0.723796165618339,0.7913867888292441,0.1895378877050308,0.10201553104017921,0.14384268837371178,0.13846023185697906,14,10,0.013281707036340101,1.1992191534999619
961,95520.0,95619.5,199,392.74937943661035,393.1072187604811,325.0820958316035,325.4079365811234,0.3578393238707349,0.32584074951989805,1.09820310810721,0.003475144327279315,0.0028981262912541766,0.003186635309266746,67.69928217935768,210,184,1986,1899,28,19,139.53947473260456,0.10574018126888217,0.09689310163243813,0.8666666666666667,0.8967391304347826,196461,159993,1379418,1176072,26536,19409,25005.077792173637,0.1424231088763522,0.13604014039956738,0.8649299352034245,0.8786884426193646,210,184,354,171,37235,159226,961243,221714,16316,143677,914479,101600,0.7238400542837632,0.7914438911903353,0.18952871053287929,0.10197946160144507,0.14379279317549015,0.1383696868957563,9,11,0.008847079636444044,1.1991003766007144
962,95619.5,95719.0,199,393.1072187604811,393.43659759928875,325.4079365811234,325.7429336684175,0.3293788388076564,0.3349970872940844,0.9832289631775338,0.0034749730131018097,0.002898613483152487,0.0031867932481271484,67.69366393087125,195,176,1989,1912,26,8,499.916455384835,0.09803921568627451,0.09205020920502092,0.8666666666666667,0.9545454545454546,196656,160169,1381407,1177984,26562,19417,25545.902943191108,0.14235920333399207,0.13596873981310442,0.864931657310227,0.8787717972891134,195,176,373,184,37265,159391,962694,222057,16336,143833,916051,101764,0.7238699384033814,0.7915107505704662,0.18949332845171263,0.10199227066411103,0.14370165277145788,0.1383234546994073,12,7,0.005989006481253584,1.1988397326167417
963,95719.0,95818.5,199,393.43659759928875,393.7368305516062,325.7429336684175,326.09450475099294,0.30023295231745806,0.3515710825754468,0.8539751054554618,0.0034744978766460505,0.0028992726360405176,0.003186885256343284,67.64232580061326,185,201,1975,1937,26,22,132.68411167535484,0.09367088607594937,0.10376871450696953,0.8594594594594595,0.8905472636815921,196841,160370,1383382,1179921,26588,19439,25673.996704049943,0.14228969294092303,0.13591587911394068,0.8649265142932621,0.8787865560890441,185,201,349,180,37300,159541,964170,222371,16362,144008,917633,101918,0.7239287485307746,0.7915741816613147,0.18949304260799327,0.10202656357174035,0.14364330248660806,0.13833276969901928,16,10,-0.010097828431020167,1.1984032937968563
964,95818.5,95918.0,199,393.7368305516062,394.0421614792129,326.09450475099294,326.4193530760633,0.3053309276066898,0.3248483250703771,0.9399184297488407,0.0034740768752582027,0.002899651821363234,0.003186864348310718,67.62280840314958,177,179,1982,1920,19,17,380.7588756175802,0.08930373360242179,0.09322916666666667,0.8926553672316384,0.9050279329608939,197018,160549,1385364,1181841,26607,19456,26090.89539275221,0.14221388746928604,0.13584653096313296,0.8649514257580526,0.8788158132408175,177,179,392,178,37333,159685,965616,222730,16380,144169,919214,102078,0.7239606341726795,0.7916411767742023,0.18949030037864562,0.10202492696933646,0.14355367737817376,0.13827685762042244,16,9,-0.003925433064244879,1.1981013891608925
965,95918.0,96017.5,199,394.0421614792129,394.35551586692253,326.4193530760633,326.7802768100631,0.3133543877096372,0.3609237339998117,0.8682011133958862,0.003473740308888754,0.002900405937829234,0.003187073123358994,67.5752390568594,174,192,1976,1932,18,16,525.7250599452888,0.08805668016194332,0.09937888198757763,0.896551724137931,0.9166666666666666,197192,160741,1387340,1183773,26625,19472,26607.14213419438,0.1421367509046088,0.1357870132195953,0.8649793095054567,0.8788610248785313,174,192,357,162,37366,159826,967094,223054,16399,144342,920811,102221,0.7240186255712371,0.791714289817389,0.18949044585987262,0.10202126402100273,0.14348360340987634,0.13824818748946216,13,13,-0.011322201825634315,1.197673837162471
966,96017.5,96117.0,199,394.35551586692253,394.6853538211556,326.7802768100631,327.07447618268645,0.32983795423308493,0.29419937262332496,1.1211375173644216,0.003473575934152741,0.002900464293601983,0.003187020113877362,67.61087763846916,190,180,1978,1946,24,23,51.685700449645836,0.09605662285136501,0.09249743062692703,0.8736842105263158,0.8722222222222222,197382,160921,1389318,1185719,26649,19495,26650.326535348453,0.1420711456988249,0.1357159664304949,0.8649876888470074,0.8788535989709236,190,180,342,170,37395,159987,968569,223367,16413,144508,922421,102377,0.7240703712181085,0.7917845627842685,0.1894549654983737,0.1019941461959595,0.1434066313343202,0.13816819597609226,12,18,0.0035591922244379848,1.1975930687424636
967,96117.0,96216.5,199,394.6853538211556,395.0410640211368,327.07447618268645,327.4057896125928,0.3557101999811607,0.33131342990634494,1.0736365262395557,0.0034736807955282117,0.0029009082635311836,0.0031872945295296977,67.63527440854398,202,192,1979,1939,21,22,251.84754319353868,0.10207175341081354,0.09902011346054668,0.8960396039603961,0.8854166666666666,197584,161113,1391297,1187658,26670,19517,26898.731201309653,0.1420142500127579,0.13565605586793505,0.8650194347720463,0.8788614202454178,202,192,365,149,37425,160159,970011,223702,16424,144689,924030,102515,0.7240984491449346,0.7918559046459502,0.18941311037330957,0.10194087379665204,0.14332106599470756,0.13808759111813618,10,7,0.00305163995026686,1.1974459307099252
968,96216.5,96316.0,199,395.0410640211368,395.35511913562914,327.4057896125928,327.73583700235815,0.314055114492362,0.33004738976535464,0.9515455181016209,0.003473352956699121,0.0029013381715168145,0.0031873455641079677,67.61928213327099,191,191,1963,1943,28,19,118.04416479054908,0.09730005094243505,0.09830159547092125,0.8534031413612566,0.9005235602094241,197775,161304,1393260,1189601,26698,19536,27007.944260081003,0.1419512510227811,0.1355950440525857,0.8650082164075338,0.8788870703764321,191,191,340,192,37455,160320,971473,224012,16443,144861,925609,102688,0.7241491178961572,0.7919058575102073,0.18938187334091772,0.10193795566135992,0.14324943491912936,0.13802452762085435,16,19,-0.0010015445284862062,1.1971555025187768
969,96316.0,96415.5,199,395.35511913562914,395.67540452890114,327.73583700235815,328.0620736561545,0.3202853932720018,0.32623665379634303,0.9817578421826985,0.003473090413581888,0.002901727668078368,0.003187409040830128,67.61333087274664,202,178,1985,1941,36,17,97.7137782866429,0.1017632241813602,0.09170530654301906,0.8217821782178218,0.9044943820224719,197977,161482,1395245,1191542,26734,19553,27105.658038367616,0.14189407595081868,0.13552354847751905,0.8649641119928072,0.8789152970609727,202,178,376,157,37501,160476,972926,224342,16455,145027,927227,102833,0.7241932420470957,0.7919838327142475,0.18942099334771212,0.10189990215627748,0.1432194101045283,0.13794346455636777,10,14,0.010057917638341143,1.1969043310952394
970,96415.5,96515.0,199,395.67540452890114,396.02380510262554,328.0620736561545,328.3917201314732,0.3484005737244047,0.32964647531872515,1.0568915484005912,0.0034731197155305283,0.0029021516910006586,0.0031876357032655936,67.63208497115232,199,188,1988,1916,21,22,194.09757978271386,0.10010060362173039,0.09812108559498957,0.8944723618090452,0.8829787234042553,198176,161670,1397233,1193458,26755,19575,27294.68051394921,0.14183461169325373,0.13546350185762718,0.8649937429355724,0.8789200222675821,199,188,360,180,37533,160643,974387,224670,16471,145199,928791,102997,0.7242313916147128,0.7920362509614918,0.18939225738737284,0.10188037360054432,0.14314481527671308,0.13786955502728765,13,8,0.0019795180267408174,1.1967395523467625
971,96515.0,96614.5,199,396.02380510262554,396.3518029978605,328.3917201314732,328.68859644147585,0.3279978952349438,0.2968763100026308,1.1048301403100746,0.0034729377809714266,0.0029022356557962957,0.003187586718383861,67.66320655638464,192,190,1971,1935,24,30,-214.85985918446096,0.0974124809741248,0.09819121447028424,0.875,0.8421052631578947,198368,161860,1399204,1195393,26779,19605,27072.70394109017,0.14177203610052572,0.13540316866503319,0.8650034279722536,0.8788768071172618,192,190,354,194,37569,160799,975848,224988,16491,145369,930362,103171,0.7242810912490244,0.792085113431315,0.18939042587514116,0.1018843444952428,0.14308892926107475,0.13781317377279337,10,16,-0.0007787334961594367,1.1966422416578524
972,96614.5,96714.0,199,396.3518029978605,396.66702790980116,328.68859644147585,329.0129201913244,0.3152249119406747,0.3243237498485314,0.9719452000906312,0.0034726241511219115,0.0029026032478935804,0.0031876136995077457,67.65410771847678,189,173,1979,1943,25,14,293.1020781781661,0.09550277918140475,0.08903757076685538,0.8677248677248677,0.9190751445086706,198557,162033,1401183,1197336,26804,19619,27385.925052388648,0.1417066864214025,0.13532792800016036,0.8650060184229214,0.8789197262286077,189,173,359,165,37604,160953,977314,225312,16507,145526,931983,103320,0.7243293702535644,0.7921669439488999,0.18938642304224984,0.1018743095542266,0.14302667011516987,0.13775693291161425,12,15,0.006465208414549367,1.1963826450073725
973,96714.0,96813.5,199,396.66702790980116,396.98018043951254,329.0129201913244,329.3875833444182,0.313152529711374,0.37466315309382026,0.8358241986848297,0.0034722897600160713,0.0029034900470479175,0.003187889903531994,67.59259709509433,191,217,1985,1947,24,24,196.1877606814884,0.09622166246851385,0.11145351823317926,0.8743455497382199,0.8894009216589862,198748,162250,1403168,1199283,26828,19643,27578.202427663833,0.1416423407603366,0.13528916861157875,0.8650149938615734,0.8789337442218799,191,217,369,186,37653,161095,978788,225632,16528,145722,933548,103485,0.724390094414924,0.7922033414965441,0.18945096302855877,0.10186748844375963,0.1430123250470023,0.13771841383850084,8,14,-0.015231855764665403,1.1959020708703558
974,96813.5,96913.0,199,396.98018043951254,397.3717293178498,329.3875833444182,329.7200979163948,0.39154887833728935,0.33251457197661693,1.1775390053125967,0.00347276499086452,0.002903940113729326,0.003188352552296923,67.651631401455,220,197,1982,1955,20,28,235.6322353559935,0.11099899091826437,0.10076726342710997,0.9090909090909091,0.8578680203045685,198968,162447,1405150,1201238,26848,19671,27804.94671742282,0.1415991175319361,0.13523298463751562,0.8650637288408186,0.878908197750651,220,197,327,174,37690,161278,980260,225922,16540,145907,935144,103647,0.7244422303668647,0.7922526593397812,0.1894274456193961,0.10181782365940892,0.14297528185363337,0.13761887724961935,19,10,0.010231727491154405,1.195880374545566
975,96913.0,97012.5,199,397.3717293178498,397.69399020166065,329.7200979163948,330.0792487238327,0.3222608838108272,0.35915080743785666,0.8972857004270762,0.0034725250296968333,0.002904663822180524,0.0031885944259386787,67.61474147782798,186,202,1978,1939,24,23,205.24197244316795,0.09403437815975733,0.10417741103661682,0.8709677419354839,0.8861386138613861,199154,162649,1407128,1203177,26872,19694,28006.024877814038,0.14153225577204065,0.13518293650892596,0.8650692428974562,0.8789171774803411,186,202,373,167,37734,161420,981723,226251,16554,146095,936728,103800,0.7244948576106793,0.7923040417162229,0.18947146429396347,0.10177744714077554,0.14293993976930508,0.13754424447878758,19,16,-0.010143032876859484,1.1954998038602682
976,97012.5,97112.0,199,397.69399020166065,398.0041108448115,330.0792487238327,330.4240142417287,0.3101206431508672,0.3447655178960076,0.8995117755494607,0.0034721605474772933,0.0029052379167063195,0.0031886992320918064,67.58009660308284,185,184,1986,1951,22,12,562.2490948197034,0.0931520644511581,0.09431060994361866,0.8810810810810811,0.9347826086956522,199339,162833,1409114,1205128,26894,19706,28560.365021764213,0.14146406891138688,0.13511676767944983,0.8650841029602837,0.8789803049750358,185,184,337,215,37771,161568,983224,226551,16580,146253,938306,103989,0.7245652232537608,0.7923523476344422,0.18948123548327223,0.10182211222540885,0.14289767783234086,0.1375146181854374,18,13,-0.0011585454924605554,1.1951381081428596
977,97112.0,97211.5,199,398.0041108448115,398.34291095261824,330.4240142417287,330.77640657813197,0.3388001078067191,0.35239233640328393,0.9614287054727273,0.0034720918326990287,0.0029058892919416666,0.0031889905623203475,67.56650437448627,201,197,1988,1934,23,20,335.776930903072,0.1011066398390342,0.10186142709410548,0.8855721393034826,0.8984771573604061,199540,163030,1411102,1207062,26917,19726,28881.394644347918,0.14140721223554356,0.13506348472572247,0.8651047409040794,0.8790038643194504,201,197,342,180,37803,161737,984701,226861,16597,146433,939880,104152,0.7246138124671356,0.7924008874440583,0.1894507366943971,0.10180334907685702,0.1428339328355953,0.1374504136680221,17,15,-0.0007547872550712764,1.194846562918794
978,97211.5,97311.0,199,398.34291095261824,398.6580980442927,330.77640657813197,331.1046158737702,0.3151870916744315,0.328209295638203,0.9603234760964041,0.003471780603283247,0.002906290822201247,0.003189035712742247,67.5534821705225,199,178,1972,1943,33,15,-104.15429641665716,0.10091277890466531,0.09161091096242924,0.8341708542713568,0.9157303370786517,199739,163208,1413074,1209005,26950,19741,28772.92105773927,0.14135070067101935,0.13499365180458311,0.8650739214675152,0.8790439194157149,199,178,340,193,37838,161901,986169,227166,16614,146594,941469,104328,0.7246662241326357,0.7924557797527719,0.18943721556631404,0.1017964805646782,0.14278275044904984,0.13737163268343502,6,6,0.009301867942236072,1.194574395914616
979,97311.0,97410.5,199,398.6580980442927,398.9634647117153,331.1046158737702,331.43727619732925,0.30536666742261787,0.33266032355908237,0.9179533770530437,0.003471369194835451,0.002906737225687012,0.0031890532102612315,67.52618851438604,190,182,1974,1940,29,15,106.47127233817722,0.09625126646403243,0.09381443298969072,0.8473684210526315,0.9175824175824175,199929,163390,1415048,1210945,26979,19756,28867.912338551138,0.14128778670405526,0.13492768044791464,0.8650570952688205,0.8790868474202828,190,182,383,179,37870,162059,987602,227517,16634,146756,943068,104487,0.7246906112018815,0.7925231946950522,0.18941724312130806,0.10180549605238999,0.1426972685172974,0.13733374063952578,19,9,0.002436833474341704,1.1942494024429702
980,97410.5,97510.0,199,398.9634647117153,399.27966387026083,331.43727619732925,331.7677267945306,0.3161991585455439,0.3304505972013203,0.9568727102432986,0.0034710697170758304,0.002907160056609435,0.0031891148868426326,67.51193707573026,169,186,1978,1919,12,22,399.70247365753823,0.08543983822042467,0.0969254820218864,0.9289940828402367,0.8817204301075269,200098,163576,1417026,1212864,26991,19778,29263.44554583055,0.1412098296008683,0.13486755316342144,0.865111095563174,0.8790898420306157,169,186,361,194,37909,162189,989089,227839,16651,146925,944624,104664,0.7247559324952401,0.7925661904384993,0.18945216843746565,0.10179366166185748,0.14265017986965095,0.13725425545068623,6,13,-0.011485643801461734,1.1939726913846198
981,97510.0,97609.5,199,399.27966387026083,399.69224285789005,331.7677267945306,332.08043844636455,0.4125789876292174,0.312711651833979,1.3193591770870718,0.0034717582520112636,0.0029074002916910746,0.003189579271851169,67.6118044115255,236,170,1987,1939,27,15,303.2268910905732,0.11877201811776547,0.08767405879319237,0.885593220338983,0.9117647058823529,200334,163746,1419013,1214803,27018,19793,29558.19836733344,0.14117841062766867,0.1347922255707304,0.8651352241756267,0.8791237648553247,236,170,369,162,37949,162385,990511,228168,16672,147074,946252,104805,0.7247713727781211,0.7926585627463877,0.18942865414757354,0.10181622757197123,0.14260268979433857,0.1372440873581007,13,17,0.0310979593245731,1.194110856332044
982,97609.5,97709.0,199,399.69224285789005,399.9967349816151,332.08043844636455,332.37946939970817,0.30449212372502643,0.2990309533436175,1.0182628932568512,0.00347133917268029,0.002907500022773374,0.003189419597726832,67.6172655819069,161,169,1992,1935,15,14,436.4590010508287,0.08082329317269077,0.08733850129198967,0.906832298136646,0.9171597633136095,200495,163915,1421005,1216738,27033,19807,29991.13076893788,0.14109380332933383,0.13471675907220781,0.8651687074490636,0.8791629808132264,161,169,351,154,37980,162515,992022,228488,16686,147229,947878,104945,0.7248405178025411,0.7927458499693443,0.1894311578842365,0.10179666290455419,0.14253118573337137,0.13718542147972146,8,9,-0.006515208119298899,1.1939257594120627
983,97709.0,97808.5,199,399.9967349816151,400.3406526430754,332.37946939970817,332.7079758564809,0.3439176614602957,0.32850645677274315,1.0469129430177802,0.0034713240350775112,0.002907900910267884,0.0031896124726726975,67.63267678659446,197,175,1989,1917,20,11,564.2238044511587,0.09904474610356963,0.0912884715701617,0.8984771573604061,0.9371428571428572,200692,164090,1422994,1218655,27053,19818,30562.260222695946,0.1410350289600659,0.13464844439156282,0.8652014031451178,0.8792248156499483,197,175,331,193,38017,162675,993520,228782,16704,147386,949445,105120,0.7249060783109416,0.7927994387254801,0.1894295736750842,0.10179779389359497,0.14249303782997688,0.13711583924349882,13,7,0.0077562745334079225,1.1937559573712309
984,97808.5,97908.0,199,400.3406526430754,400.66788682228554,332.7079758564809,333.00406665405353,0.3272341792101656,0.29609079757261725,1.105181862769343,0.003471138528660466,0.0029079699001052913,0.0031895542143828785,67.66382016823201,189,169,1990,1934,17,17,377.54407120624074,0.0949748743718593,0.08738366080661841,0.91005291005291,0.8994082840236687,200881,164259,1424984,1220589,27070,19835,30923.029576876637,0.1409707056359931,0.13457355424307446,0.865243601933483,0.8792455816728459,189,169,366,157,38057,162824,994995,229108,16718,147541,951067,105263,0.7249569117969044,0.7928835996391906,0.18945047067666926,0.10177828916528166,0.14244755113880936,0.13705413138111674,20,13,0.007591213565240881,1.1936638438158467
985,97908.0,98007.5,199,400.66788682228554,400.9983890972418,333.00406665405353,333.2939041640781,0.3305022749562454,0.2898375100245971,1.140301939966974,0.003470986744270032,0.002907974945688172,0.003189480844979102,67.70448493316366,199,165,1982,1931,27,17,47.319188726370015,0.10040363269424823,0.08544795442775764,0.864321608040201,0.896969696969697,201080,164424,1426966,1222520,27097,19852,30985.53912380983,0.14091435955727047,0.1344959591663122,0.8652426894768251,0.8792633678781686,199,165,363,179,38091,162989,996449,229437,16734,147690,952670,105426,0.7249927468489088,0.7929555344697837,0.18943206683906902,0.10177346372792292,0.1423813582129721,0.13698428290766207,13,11,0.014955678266490594,1.1936095768007462
986,98007.5,98107.0,199,400.9983890972418,401.29378219337264,333.2939041640781,333.62004719032063,0.2953930961308515,0.32614302624250513,0.9057164261154879,0.0034704774015633546,0.002908350041442262,0.0031894137215028083,67.673735003052,175,177,1969,1949,16,12,563.0916466225754,0.08887760284408329,0.09081580297588507,0.9085714285714286,0.9322033898305084,201255,164601,1428935,1224469,27113,19864,31548.630770432403,0.140842655544164,0.1344264330089206,0.8652803657051998,0.8793202957454693,175,177,358,152,38132,163123,997926,229754,16737,147864,954293,105575,0.7250560732293632,0.7930213014784367,0.18947106904176295,0.10168224980407166,0.14234413145890415,0.1368385767545294,8,14,-0.0019382001318017789,1.1932805034164085
987,98107.0,98206.5,199,401.29378219337264,401.61305982411074,333.62004719032063,333.90715569122807,0.31927763073809956,0.28710850090743634,1.1120452014795428,0.003470212298227858,0.0029083269031752834,0.0031892696007015707,67.70590413288267,185,173,1983,1952,25,22,-8.473187459046658,0.09329299041855774,0.08862704918032786,0.8648648648648649,0.8728323699421965,201440,164774,1430918,1226421,27138,19886,31540.157582973356,0.1407767600938698,0.13435353765142638,0.8652799841143765,0.8793134839234346,185,173,366,180,38173,163267,999399,230079,16758,148016,955913,105734,0.7251093354056627,0.7930971501629538,0.18950059571088165,0.10170293857040552,0.14230276009125747,0.13680893446102602,13,14,0.004665941238229873,1.1931988437885415
988,98206.5,98306.0,199,401.61305982411074,401.91734729471943,333.90715569122807,334.19924254980464,0.3042874706086991,0.29208685857656747,1.0417704928307596,0.0034697952468468133,0.0029083544531896327,0.003189074850018223,67.7181047449148,186,163,1972,1922,24,16,164.95721259784992,0.09432048681541583,0.08480749219562955,0.8709677419354839,0.901840490797546,201626,164937,1432890,1228343,27162,19902,31705.114795571215,0.14071282512963312,0.13427601248185564,0.8652852310713897,0.879335746375889,186,163,379,175,38207,163419,1000840,230424,16774,148163,957513,105893,0.725140799363524,0.7931717769385261,0.18949441044309762,0.10169943675463965,0.1422285588781637,0.1367441936299086,18,11,0.009512994619786275,1.193044143241014
989,98306.0,98405.5,199,401.91734729471943,402.1886711291679,334.19924254980464,334.5160379584427,0.27132383444848074,0.316795408638086,0.8564639103038486,0.003469044061266609,0.002908633036607691,0.0031888385489371503,67.67263317072519,162,176,1986,1949,19,12,471.7916036943626,0.08157099697885196,0.09030271934325294,0.8827160493827161,0.9318181818181819,201788,165113,1434876,1230292,27181,19914,32165.600137577178,0.14063096741460587,0.13420635101260514,0.8652992249291336,0.8793916893279148,162,176,356,184,38239,163549,1002340,230748,16791,148322,959119,106060,0.7252048260616248,0.7932344516586306,0.1895008622911174,0.10169399138771629,0.14215928650826992,0.13667776412076418,13,12,-0.008731722364400979,1.1926716150183454
990,98405.5,98505.0,199,402.1886711291679,402.47905353426864,334.5160379584427,334.81347475836264,0.2903824051007291,0.29743679991992167,0.976282710071209,0.0034684878714387295,0.0029087145331081468,0.003188601202273438,67.665578775906,175,168,1988,1947,24,17,99.0460681829068,0.0880281690140845,0.08628659476117104,0.8628571428571429,0.8988095238095238,201963,165281,1436864,1232239,27205,19931,32267.180217437868,0.140558187831277,0.13413063537187186,0.8652971088763783,0.8794114266007587,175,168,338,190,38267,163696,1003843,231058,16812,148469,960729,106229,0.7252669702908556,0.7933047079340939,0.1894752999311755,0.10171768079815587,0.14208484173396455,0.13663738103558976,9,11,0.0017415742529134637,1.1924469836964129
991,98505.0,98604.5,199,402.47905353426864,402.8043915376902,334.81347475836264,335.1258306090363,0.3253380034215638,0.31235585067366856,1.0415620604509126,0.0034682873071664438,0.002908947167061257,0.0031886172371138506,67.6785609286539,193,176,1981,1947,27,13,287.9370362200317,0.09742554265522463,0.0903954802259887,0.8601036269430051,0.9261363636363636,202156,165457,1438845,1234186,27232,19944,32540.994359550572,0.1404988028592378,0.13406164062791184,0.8652921506163557,0.8794611288733629,193,176,374,188,38312,163844,1005302,231387,16826,148631,962326,106403,0.7253137064798502,0.7933585375299995,0.1895170066681177,0.10169409574693122,0.14205466093682217,0.136542534630647,10,10,0.007030062429235928,1.1922826741024162
992,98604.5,98704.0,199,402.8043915376902,403.1137209886466,335.1258306090363,335.42251938538436,0.3093294509563975,0.2966887763480486,1.0426058402476273,0.0034679249597832913,0.002909020604138026,0.003188472781960659,67.69120160326224,183,170,1991,1936,23,18,275.4165121292775,0.09191361125062783,0.0878099173553719,0.8743169398907104,0.8941176470588236,202339,165627,1440836,1236122,27255,19962,32804.06788216164,0.14043166606053709,0.13398920171309953,0.8653003128413208,0.8794761723632016,183,170,360,188,38349,163990,1006787,231710,16837,148790,963915,106580,0.7253677725986858,0.7934103591716675,0.18952846460642783,0.10165613094483388,0.14200230320041177,0.13642366934863107,10,11,0.00410369389525593,1.1921280154737421
993,98704.0,98803.5,199,403.1137209886466,403.4115274333772,335.42251938538436,335.7869721638046,0.297806444730611,0.3644527784202296,0.8171331441661489,0.003467446716717329,0.0029097797394754235,0.0031886132280963763,67.62455526957262,179,204,1992,1954,29,21,-90.26187146882204,0.08985943775100401,0.10440122824974411,0.8379888268156425,0.8970588235294118,202518,165831,1442828,1238076,27284,19983,32709.035381121503,0.1403618449323135,0.1339425043373751,0.8652761729821546,0.8794978019791233,179,204,357,200,38382,164136,1008276,232034,16853,148978,965481,106764,0.7254211867249596,0.7934359441585169,0.18952389417236987,0.1016275605887922,0.141936867640968,0.13633238146856824,11,12,-0.014541790498740104,1.1916526428706393
994,98803.5,98903.0,199,403.4115274333772,403.72728269657557,335.7869721638046,336.15359867242375,0.3157552631983549,0.3666265086191629,0.8612450430482891,0.003467150914920467,0.0029105593257826266,0.003188855120351547,67.57368402415182,175,206,1986,1954,19,22,296.21607877450356,0.08811681772406849,0.10542476970317298,0.8914285714285715,0.8932038834951457,202693,166037,1444814,1240030,27303,20005,33023.186907301046,0.14029003041221916,0.1338975669943469,0.8652987523002768,0.8795148069406217,175,206,374,172,38421,164272,1009752,232369,16870,149167,967074,106919,0.7254726213893277,0.793484028612211,0.18955267325462646,0.10160385938074044,0.14188485542302154,0.13628028338543813,13,14,-0.017307951979104494,1.191231831011786
995,98903.0,99002.5,199,403.72728269657557,404.04489108030214,336.15359867242375,336.44814306650085,0.3176083837265651,0.2945443940770929,1.0783039504850855,0.0034668744256165806,0.00291060926130104,0.0031887418434588103,67.59674801380129,190,163,1979,1950,26,11,326.6100627923739,0.09600808489135927,0.0835897435897436,0.8631578947368421,0.9325153374233128,202883,166200,1446793,1241980,27329,20016,33342.768096474385,0.14022945922464375,0.13381858000933994,0.8652967473864247,0.8795667870036101,190,163,340,174,38455,164428,1011235,232675,16882,149318,968699,107081,0.7255288075073628,0.7935562569445562,0.18954274138296456,0.10157641395908544,0.14183233135396303,0.1361857973750232,16,11,0.012418341301615676,1.1911164001680152
996,99002.5,99102.0,199,404.04489108030214,404.36097186435626,336.44814306650085,336.80001991389565,0.31608078405412243,0.35187684739480574,0.8982710468003025,0.0034665830770938995,0.002911237616186868,0.0031889103466403836,67.5609519504606,189,194,1991,1958,26,18,257.91740292557483,0.09492717227523857,0.09908069458631256,0.8624338624338624,0.9072164948453608,203072,166394,1448784,1243938,27355,20034,33589.51456760899,0.14016720228826382,0.13376390141630853,0.8652940828868578,0.8795990240032694,189,194,357,183,38484,164588,1012709,233003,16908,149486,970306,107238,0.7255691669703697,0.7936199392574228,0.18950913961550583,0.1016142408981093,0.14175264377299834,0.13619448069208834,15,23,-0.004153522311073993,1.190759235116789
997,99102.0,99201.5,199,404.36097186435626,404.67362400435167,336.80001991389565,337.18631315921715,0.3126521399954072,0.38629324532149667,0.8093647605336695,0.0034662577506000924,0.002912211644830699,0.003189234697715396,67.48731084513452,189,212,1988,1937,27,17,332.75785775180265,0.09507042253521127,0.10944759938048529,0.8571428571428572,0.9198113207547169,203261,166606,1450772,1245875,27382,20051,33914.39317831272,0.1401054059493842,0.13372609611718672,0.865286503559463,0.8796501926701319,189,212,330,176,38516,164745,1014210,233301,16926,149680,971873,107396,0.7256315947647184,0.7936582722985853,0.18949035968533068,0.10159297984466346,0.14169827494233253,0.13614645839030903,12,16,-0.014377176845274023,1.1902492584125366
998,99201.5,99301.0,199,404.67362400435167,404.99233261318216,337.18631315921715,337.5127937789071,0.3187086088304909,0.3264806196899599,0.9761945720795016,0.003465994067078736,0.0029125813849242457,0.0031892877260014905,67.47953883427505,187,186,1987,1943,22,21,186.48495345111183,0.09411172622043282,0.0957282552753474,0.8823529411764706,0.8870967741935484,203448,166792,1452759,1247818,27404,20072,34093.4164682253,0.14004249844606023,0.13366692899124713,0.865302190240258,0.8796584968103985,187,186,370,179,38546,164902,1015670,233641,16939,149853,973464,107562,0.7256647523780614,0.7937078965041376,0.18946364673036845,0.10155762866324523,0.14161587438048107,0.13605513208729247,8,14,-0.0016165290549145783,1.190007628634516
999,99301.0,99400.5,199,404.99233261318216,405.32856006807106,337.5127937789071,337.8602938217402,0.33622745488889905,0.3475000428330759,0.9675609020008331,0.0034659071565019735,0.0029131618467431813,0.0031895345016225776,67.46826624633087,193,196,1985,1937,22,20,199.74299811488729,0.09722921914357682,0.10118740320082602,0.8860103626943006,0.8979591836734694,203641,166988,1454744,1249755,27426,20092,34290.05120395148,0.13998407967312462,0.13361658885141486,0.865321816333646,0.8796799770043356,193,196,371,190,38586,165055,1017131,233972,16964,150024,975040,107727,0.725706378579324,0.7937587767202372,0.18948050736344843,0.10158813806980142,0.1415698676978845,0.1360483114258447,17,13,-0.003958184057249195,1.1897406800026382
1000,99400.5,99500.0,199,405.32856006807106,405.6163039976838,337.8602938217402,338.18138081514144,0.2877439296127591,0.32108699340125213,0.8961556697289657,0.00346533314813555,0.002913475689855244,0.0031894044189953973,67.43492318254238,172,188,1966,1934,18,15,460.1680852468436,0.08748728382502544,0.09720785935884178,0.8953488372093024,0.9202127659574468,203813,167176,1456710,1251689,27444,20107,34735.98093224146,0.139913229125907,0.1335603332776752,0.865347156462051,0.8797255586926354,172,188,344,160,38621,165192,1018616,234281,16974,150202,976636,107877,0.7257704004228707,0.7938153966360654,0.1894923287523367,0.10153371297315404,0.14151966640039282,0.13595405723622558,9,17,-0.009720575533816347,1.1894155012866179
