episode,rawlsian_maximin_mean,rawlsian_maximin_std,fairness_lagrangian_mean,fairness_lagrangian_std,social_welfare_mean,social_welfare_std
1,408.8062544048209,565.3305493698022,370.7062437158296,544.3152875484535,421.91602448802007,506.3431017608687
2,1136.9666030616158,479.568732780407,1103.7167859505914,531.6228864137743,957.1571004029176,412.8185094038441
3,1892.1706323447736,591.2605422902697,1845.8683379743536,766.4374241435437,1297.5074256355365,923.3588041512902
4,2515.208036763044,875.6580209864921,2195.9736691281832,668.63093348466,1827.812696196164,822.0647676994134
5,2723.5833506428653,1092.5919280437531,2450.2711254398528,985.2477683319734,2165.3408336887237,1185.1491071166697
6,2937.1495900219256,1233.0945999563348,2622.740185704341,1118.8349195376395,2366.4941707095486,1276.5781924457897
7,3488.620198797324,1159.430215691384,3417.616821035323,1061.3408153675437,2875.7387497611044,1162.203356168132
8,4043.023221573408,1181.7454534295728,4208.613882200059,1135.5030247546565,3161.325853223781,1291.385073019416
9,4277.640443357782,1420.9654724062682,4793.777248161731,1122.2772129522891,3372.9561815238585,1268.3328427019276
10,4546.844939911594,1742.4750049381669,5077.71524321428,1377.6576372433274,3892.026515641165,1029.688736890268
11,5021.708242432012,1900.3445227209172,5628.7188464942565,1327.9357481195827,4481.787045575915,1177.149144817306
12,5793.655259039279,2157.9397662595943,6334.0612431685495,1313.455528673712,4744.143373771925,1249.6789686627276
13,6141.336329963923,2194.2490079009185,7164.3661590272095,1646.9449525422676,4889.507463299064,1345.452217156083
14,6836.319347318355,2345.196857853407,7737.875268097161,1500.2336676475195,5227.1960933741975,1329.4723253489938
15,7459.630680078716,2547.0182948653724,8250.174866396306,1744.0711491541608,5666.67927034038,1765.5149471370112
16,7918.101391673595,2603.0234180556754,8813.774994479229,1757.9956986832942,6234.843493417104,1738.9846642587513
17,8375.634892834065,2766.4241453216146,9584.501822721231,1707.663257781851,6423.602528174051,2087.007775651265
18,8742.370278338574,2915.8051177657926,9851.052739548157,1641.715169704547,6970.322935924119,2082.937565122489
19,9226.149012628575,2983.6898249564456,10219.838142324255,1965.1469245461765,7281.060622728673,2582.7256264853777
20,9781.80725892873,2826.801235842448,10626.471289277448,2469.190602012381,7658.952441799488,2526.415868543737
21,10306.642256486615,3034.862269883045,11202.02362911856,1988.9554393652104,8334.855484202675,2321.388236587327
22,11071.35708796248,3204.136686922799,11643.864645479542,2320.9430474865835,9255.636979735686,2553.171984901615
23,11456.81080361554,3044.3928055270603,12175.74161137253,2281.459252597034,9830.487696594286,2700.740856784931
24,12064.988164074037,2922.755987695889,12649.186682140024,2203.7741770909324,10159.623113039272,2913.2989761171443
25,12640.93069494456,3408.41107982471,13165.06395705104,2624.853026661273,10889.027509478492,3088.131088873225
26,12908.865634500196,3090.4706012894667,13817.057060910858,2842.2863265447018,11202.531707317645,3022.5991310271465
27,13421.238045977523,3433.5595339485544,14620.660303351247,2664.9851390650306,11606.2699964904,2744.2131905134543
28,13998.680789182894,3307.6571227855466,15011.069297090178,2490.4212874209256,11986.452624017353,2680.873622699429
29,14629.922916498948,3349.910933707989,15699.85866678947,2386.6534269084964,12876.274454192857,2614.931507691904
30,14999.9035420024,3341.98228879865,16213.716731611872,2606.03315671295,13816.15774081127,2851.22451882134
31,15422.490210989215,3501.335953331282,16879.936052554058,2641.4765481428512,14170.838172504387,3012.2024519445968
32,15835.684556321396,3327.1569626239752,17116.607931637503,2685.659109487556,14806.27787090414,3094.6571806017905
33,16368.52679957596,2928.0541944511115,17746.995511649096,2907.072570519854,15407.219006041982,3490.573211090953
34,17045.20627387372,2845.1440318834684,17919.954236118872,3177.0317321312104,16095.113618941125,3695.658658219104
35,17537.183824194348,2637.9085306322595,18462.900389103845,3200.082107237207,16579.223653622255,3955.962598733158
36,17827.80351058218,2613.353759704771,19495.40172694365,3473.220168742163,17152.91457500952,4014.199441921112
37,18392.002477398888,3017.054568735361,20192.78841769187,3179.5806996256792,18037.202022170022,3947.5205412972823
38,19108.000376414508,3189.450612674384,20950.11871198045,3389.634835744717,18714.73497520706,4064.493725076945
39,19588.69508246792,3076.4487498798203,21935.706412957712,3466.555164524548,19344.13722585841,4137.051853059697
40,20200.3283151012,3251.6312821903352,22559.873699135675,3454.0223515890216,19659.260561373376,4096.669065560963
41,20378.60020711615,3243.363642481356,23156.384741481736,3507.0575491677487,20175.33071925221,4350.544532615883
42,21116.39184319765,3562.41959539271,23565.496804682636,3311.148264821732,20775.227154527143,4808.198237649258
43,21817.40866513364,3586.3923945639035,24174.0077624997,3303.5203374518023,21176.56797490434,4926.258229075196
44,22445.30308948217,3330.127092167923,24236.2299863264,3197.734487985821,21645.229784115567,4870.222254236333
45,22884.47093699991,3509.866785334753,24702.228676607625,3261.457819707656,21924.03517895633,4988.400371578171
46,23463.058819363665,3427.802233697949,25600.561968934067,3438.348978228584,22550.259121258998,4883.668143292321
47,24133.14427239536,3541.014261012902,26275.64748604473,3574.092263303845,23062.15838537844,4644.98651254645
48,24604.161587839782,3865.850944489093,26496.52626452439,3509.093053657394,23651.704275862816,4626.3473260603805
49,25023.275120239257,3958.005117229182,26834.973229857405,3079.928775864128,24056.947669844645,4652.813105552789
50,25538.35192301831,4066.624883444896,27105.246045527903,3273.836702863441,24685.29305391981,4447.2303861675255
51,26008.70433963491,4238.941107378613,27681.82476118343,3515.797471773071,25365.750033606208,4559.025464954826
52,26383.272996847147,4363.216335578462,27862.643002413144,3823.9902294347016,25878.107914042343,4519.756095282469
53,26752.03128616821,4043.392733776649,28423.162412867758,3839.82930319075,26548.251775790173,4870.142562339848
54,27102.959178672183,4250.223219940217,29044.746294526976,3635.682767857009,26879.52106179615,4871.715715547917
55,27992.977561861582,4388.826723171492,29435.15373708068,3500.5199747176107,27285.689589727182,5096.027956636278
56,28640.109599083964,4516.400252853753,29928.53233964937,3526.61832048968,27797.40716142034,5258.2218021743465
57,29209.21478624905,4436.0459789470615,30707.56895809443,3555.958066523179,28516.883231301043,5113.649199373806
58,29828.33047768417,4332.193340679849,31260.250812642265,3469.5633345208894,28980.63007168311,5347.693128286253
59,30504.03041532601,4457.567139481348,31815.125151190965,3211.5975707373414,29428.814648988504,5651.507501015282
60,31170.35164371199,4631.473351126079,32391.34697522168,3292.687978473424,30282.06133686698,5486.190419725662
61,31527.058584547,4744.9514764498745,33112.52402709547,2923.859723546876,30834.65341434412,5393.747586283856
62,31884.44373856629,4873.548672317958,33669.09502790224,2823.127439634149,31412.837575935748,5712.795778143034
63,32497.28122559666,5199.336955465935,34188.48213164371,3269.5089915400963,31933.49507034032,5754.713002655465
64,33017.93487306427,5136.605177528451,34778.20865846074,3215.895751028763,32730.716860896937,5626.503882703436
65,33518.54080893053,5176.812930607765,35296.80903381498,3587.8379864661115,33339.44458047968,5612.627836243062
66,34392.89632272776,4998.008995390186,35996.746888374655,3943.673409013919,34014.66961032227,5714.460614842693
67,34944.28589451408,5042.172981976505,36427.79813171306,3985.116764023825,34853.96353072504,5461.515570319194
68,35611.93436543999,4660.949871229047,36927.17043902753,4191.736236290577,35594.14872552516,5314.461130188438
69,36002.66414803461,4650.343275596403,37577.51646064693,4548.931905770756,35814.07776582967,5300.196135233389
70,36378.25279316341,5060.41072437707,38176.38796695544,4474.220422909921,36378.74285675913,5491.420690205475
71,37148.356469380415,5246.889441735147,38638.761143835625,4546.798806320781,36919.238521736894,5440.877949061388
72,37593.75989550677,5524.4804727768205,39072.60842689712,4718.36662386062,37290.68295820695,5534.465425480378
73,38314.61609200508,5252.820645304105,39508.43330910359,4881.907137906086,37707.692638322114,5871.523429146961
74,38961.15137295085,5110.516543040536,39911.54553295618,5145.420485752776,38105.53264801959,5882.158731948168
75,39523.61912507743,5317.932561734543,40591.95034809018,4917.641363175623,38429.99480062905,5773.149655267723
76,40111.33884859648,5867.669938875105,41297.06992445629,5005.7703547708825,39084.711830681306,6006.796517501753
77,41030.74114195527,5672.613881577917,41930.013479623616,4992.1811852888,39457.009360355645,5866.275574577582
78,41504.7972357224,5899.703532136702,42586.89129664416,5017.828878496351,40027.37266699788,6207.289283937415
79,41819.73760089633,5896.087683943934,42759.84326613838,5295.7011112133305,40709.98728522564,6191.739838468179
80,42522.37243675591,5769.168524865171,43461.77065429835,5024.462482958457,41538.99063760007,5893.557504606292
81,43052.962265738286,6030.038323070097,43997.005250194576,5260.229574648033,42498.57095155377,6230.094044772544
82,43557.67195474011,6257.20024004267,44021.93856972702,5082.758670048413,42847.86231141655,6248.569852184935
83,43640.83054134587,6507.032046067506,44685.18134648555,5181.351060627103,43188.22290170752,6059.004442831747
84,44488.605898697846,6801.3095904058055,45430.45573624766,5259.894064227063,43612.45581340159,6223.381956546282
85,45116.905791713405,6919.835792001454,46238.98202281712,5258.497059516907,43985.234620630974,6408.111216544823
86,45452.6965263019,7264.9506736807325,47061.80467017063,4964.958022419602,44560.445737124974,6453.272115708263
87,46082.10826607936,6966.725460955395,47630.14614556278,5244.943172539531,45081.00829953682,7183.853827766668
88,46887.4647366776,6875.61337308428,48370.715565255465,5177.35110362573,45765.82947146517,7167.903244331892
89,47340.52074981584,7004.340907252268,48932.51970452191,5489.700783589124,46235.0184098104,7483.960500797896
90,47838.96999454053,7010.085956070845,49448.01187416991,5740.054470989495,46655.87622790175,7264.296731883982
91,48714.64706036983,6850.999635488577,49998.94825108686,5844.570710403613,47223.22402491323,7088.011584667115
92,49337.874773541305,7175.452265919737,50443.26748347959,5851.498793863825,47943.16894788573,7283.700484364397
93,49612.16738375267,7493.077259547781,51011.608012094,5937.553938045777,48494.66445735335,7389.002261736381
94,50234.042553010106,7105.5822294294085,51838.396396938464,6049.031670389083,48980.77348272055,7373.255106049901
95,50536.92312425271,7079.146597833565,52376.17239177848,5946.354139390578,49686.52882662248,7568.083352052035
96,51119.90727013682,6884.046506155734,52823.14806003931,6294.321861805987,50314.21887066068,7392.2266651208065
97,51571.305906683,6784.227798457474,53114.72585055741,6752.353061847288,50587.8444518381,7841.214254053423
98,52439.78959754608,6301.8551150631165,53567.79063561332,6542.512697137977,51436.0536468943,7949.038684487225
99,52895.73831697563,6011.932901434303,54139.836231403366,6486.025903122611,51758.63487913039,8208.593709667619
100,53190.94502906586,6252.993994217356,54953.934695178665,6665.406744073423,52419.52733728088,8407.491352767442
101,53964.35325449139,6338.714848510236,55254.64262494163,6737.925466596811,53124.9199992561,8246.702888792513
102,54478.66565872504,6574.865286937098,55691.02109096275,6831.986988913531,53755.07542428964,7846.266682265784
103,55012.32022705596,6388.462910057687,56273.90825843204,6659.17787035582,54066.204520757,7722.808291984964
104,55493.19166098388,6405.468733960009,57019.86678874014,6983.6807201878655,54707.11624480088,7650.037824837252
105,56174.6191441377,6560.539296942043,57557.8531028187,7503.667453005352,55066.96015557135,7753.704695515205
106,56678.1897675731,6545.137158670875,58296.24965835079,7428.72499349436,55485.48184395437,7568.905496474422
107,57055.804379470064,6857.403339417979,59209.94014516595,7329.533560373502,56175.49696106931,7920.409663290074
108,57383.932154269845,7086.601806075512,59490.21923008417,7582.235535545683,56542.564100585165,7890.921359157753
109,57873.93978946179,7165.556001901035,59529.73923439185,7781.399130963146,56903.202300351615,8347.741636492436
110,58323.730774135154,7397.695875315342,60253.019605744106,7687.283365436798,57561.74046231632,8742.921475217163
111,58901.26679229159,7336.461561694069,60885.70372612636,7675.222512436778,58255.016800452126,9373.933311893228
112,59629.78379701936,7348.455269343702,61618.44764716055,7613.192432286271,58609.20910648289,9375.434308502405
113,59998.02338746488,7022.637829491943,61956.83485417508,7363.360841016099,59228.86620209202,9602.898686132012
114,60180.57783111518,6960.258073536101,62507.50085624515,7373.903172640093,59560.19850791992,9726.368938669377
115,60976.040661767605,7121.181420374077,62999.57243615736,7395.778729070055,60118.171635519655,9509.27574436492
116,61624.06949606314,7424.631428559524,63911.46317933934,7623.094954168291,60281.03048294713,9432.374567342373
117,61752.10826069297,7309.037881175061,64657.2331661544,7520.790867346356,60935.99886259341,9536.331041367208
118,62476.6861634444,7558.292038005528,65194.11827725962,7460.882783877276,61746.02217982665,9350.442574250132
119,62994.62520021495,7801.09873285674,65471.99284732899,7736.888905826155,62491.6811456052,9193.72916237034
120,63733.0101391622,8275.250926171362,65943.18117144429,7947.920891915438,63015.74493623387,9100.709589024516
121,64492.26239019078,8293.699674490214,66185.92575964112,8043.085351531193,63215.3026344269,9270.149266704017
122,65217.38770041163,7973.315268364242,66873.8068700806,8566.410735437094,64091.68026965215,9225.80429653232
123,65588.40494878558,8084.481308885789,67674.76344136836,8531.017191589894,64421.04758837431,8815.783410742424
124,65892.95764761219,8280.736471975422,68179.13547513842,8569.130365465795,64912.37213813611,8717.964492266823
125,66161.0509184008,8643.545603698032,68737.09447262263,8537.014801398353,65336.648271482045,8932.464162263586
126,66846.14564075375,8813.552862491142,69382.10335523316,8531.826141902711,65720.53732895575,8910.976287943715
127,67342.00108318152,8471.73175439157,70098.79398207352,8122.894672312158,66730.38444931502,8780.055255959121
128,67962.93109138594,8665.994488988554,70597.10506849382,8424.459146653226,67152.62085906204,8954.526265087237
129,68206.93081642062,8691.0232338047,70889.9925143238,8546.488438064305,67447.08197608878,8997.851275063593
130,68756.62065763708,8736.662089599806,71490.97395422249,8556.37749929641,68029.9204743537,9096.363596941324
131,69319.02591582337,9194.870789391607,71705.75907417893,8498.779820066611,68528.38826241282,9368.47654263048
132,69533.67838526954,9010.916303414417,72457.33443506286,8346.914518563879,68997.41169727177,10103.144937556684
133,70044.47427770385,8832.873209954558,73070.66353596926,8632.128761407539,69371.36043438861,10185.529357984047
134,70258.00991494287,8645.163858780701,73433.22138429337,8759.564048750013,69948.4848101358,9877.14529757801
135,70760.87644437754,8448.409051257808,73952.87109370544,8751.410285469356,70268.38581187243,10172.358494291084
136,71175.9733909088,8537.560388072217,74515.71729446968,8934.201842487531,70815.99563535112,9930.783729768184
137,71853.71482580915,8669.8550054333,75317.1495802496,9014.598471729349,71254.6166148362,10325.608489516524
138,72584.86342957875,8851.831255465942,75937.72893670597,8784.960595587941,71874.59409380205,10391.67463432362
139,73123.73678647139,9033.393206167824,76562.57976442519,8847.737963401787,72769.6543793984,10556.209729975537
140,73709.19124477649,9212.968931803962,77016.09566758484,8896.004013506892,73446.22611599871,10547.430443096026
141,74365.81891541787,9428.029733628013,77357.00230835887,8604.214368631932,74065.89574061215,10743.19295936321
142,74967.25480390838,9132.513081412762,77795.1975979032,8528.701761058786,74849.552639171,10995.453571672511
143,75639.99892221348,8939.87906896164,78810.86924331228,8407.895917821614,75406.26682672066,11216.396916219095
144,75973.06369775962,8853.030107323228,79150.04420870246,8325.962832800376,75878.07887008246,10912.756211438402
145,76777.28484927845,8861.340188184435,79789.05547891962,8107.890453339822,76522.55023533909,10991.108684577424
146,77370.25946142907,9330.378926543844,80709.28130657328,8350.14544579048,76798.8539925433,11372.071563797665
147,78051.03872544068,9472.428020415726,81813.64909704545,8050.484145016979,77054.19236661824,11551.338342571637
148,78793.70197726536,9543.406247846033,82533.52669293835,7958.943837950503,77330.3892533762,11461.015848513103
149,79373.39049215433,9726.038120586163,82957.83780871364,7612.161461062989,77565.71213143787,11426.536416947414
150,79937.3692358404,9618.121724684854,83247.43908913285,7853.796227204693,77729.21252636518,11622.471026798416
151,80318.9275019618,9512.285405515697,83584.50137873008,8095.282058933049,78007.1398616869,11703.257564557616
152,80718.30082077526,9006.777680341744,84216.88696559463,8153.195626259661,78681.06799647651,11204.550776869972
153,81396.06158500953,9722.079047230269,84777.56121138364,7970.321489918699,79102.62577478698,11049.177195701906
154,81968.55077806025,9656.864833963647,85395.52174706847,7539.746370782494,79319.77219103868,11386.515899198424
155,82605.63295150916,9478.869201040834,85977.83538401482,7517.463216278517,79964.01714649951,11199.754548493453
156,83235.06475014973,9405.788550565016,86601.90312873833,7428.104507861582,80717.75131977833,11105.406970815658
157,83784.35961931148,9341.089177599812,86708.96391481615,7384.354954509379,81543.59251293426,11304.737996698415
158,84339.75795710167,9547.969241795809,87236.58112836823,7380.721791283622,82302.70662370198,11160.505484390678
159,84668.48516611232,9490.459962875771,87681.08586069422,7287.556242447706,83222.99910259002,11459.256807655887
160,85158.67547731768,9399.023786116511,88014.58954293991,7265.461926176144,83953.7574442438,11092.394865815026
161,85522.38555707454,9338.03070145132,88635.90879304601,7168.113158996836,84581.3784808575,10791.054955589563
162,86066.70630210266,9081.844529604958,89257.16649502945,7128.180097737603,84976.2414489887,10912.983423116286
163,86190.1041492163,8592.598337044405,89837.76000999133,7417.445478509634,85308.11709336439,10670.376737299865
164,86633.69093598847,8663.419992591433,90516.48572781032,7585.530511752849,86006.71637662915,11013.316647915972
165,87230.12604273697,8676.043395703004,91276.70984274433,7875.804072505284,86096.54258653522,10979.85801476528
166,87751.7496437262,8877.800083276305,91581.88821874865,7730.326972543987,86890.24905275728,11100.020245972968
167,88373.7910115756,9108.674728210215,92080.3318528177,8002.670437207738,87810.00439379185,11361.800561248763
168,88840.5117899331,9015.1389530561,92660.31394235246,8045.464796650235,88250.4994034403,11590.590450822754
169,89121.29527136932,9278.59344059384,93366.41784795326,7861.674907667889,88616.09384421437,11674.678346856968
170,89573.0278246141,9174.526056496145,93838.67514641205,7533.199056932446,89662.64361950775,11601.265615459231
171,90253.76673265848,9000.427984512144,94487.85008216988,7701.234911024137,90056.25320236132,11574.560513015917
172,90550.63447913354,9282.092408515444,94821.3101872426,7931.547049401772,90427.97347898044,11398.689119731604
173,91009.17670813782,9616.442752006633,95472.95562174918,7882.846335797814,90936.8680272247,11520.457347049964
174,91171.0031670476,9606.104249196684,95933.3469340386,8248.452842449211,91254.08649829814,11633.877178718256
175,91577.60248965674,9645.0823640627,96726.47766664963,8290.56799966682,91991.1101493882,11713.5574182149
176,92190.4620046226,9594.400902394496,97507.31865129038,8492.117677437762,92824.20706117268,11619.039366927082
177,92786.1971440779,9458.66094483043,98260.65202108028,8454.104107289939,93491.72549461572,11417.277667041872
178,92971.2424255436,9560.339305221558,98762.09236598796,8144.248284389952,93854.35544149502,11173.301678690104
179,93407.55755806288,9675.375941420154,98938.17385460212,8492.101923127344,94502.7444283802,10672.54482880002
180,93964.72281852784,9976.56208653055,99384.22134294122,8503.83175637972,95049.9983507164,10911.94905821592
181,94416.44065907346,10180.518853559144,100259.5136713966,8476.43279496078,95600.03011192134,10955.505236992269
182,94868.94713686958,10228.458485554858,100780.93470295296,8443.985382698389,95800.29410074204,11025.94475242609
183,94834.93125770926,9778.92569034188,101102.53827084068,8789.90573597825,96508.8948379004,10979.95263064132
184,95275.21793658422,9680.794021298843,101652.3418492664,8823.667371667525,96912.95730055954,11006.784460193428
185,95808.87267268656,9708.570224410185,102018.84919645012,9095.90120749245,97862.47031092974,10934.871649453937
186,96013.72932199483,9880.507150055597,102489.33017541186,9084.817951570763,98022.1311182774,10748.252047618864
187,96518.3170525885,9936.72553637938,103540.79018640678,9222.795333378745,98344.3448979959,11274.745698908488
188,96720.20872423894,10074.60364247292,103958.2361724486,9100.57475133843,98656.99310959838,11407.821221646242
189,97487.81815923814,10124.016109895269,104410.28882817071,9208.634702738003,98912.99686430904,11247.733000688728
190,98203.016170099,10171.522184029667,105152.50608963464,9617.231143478688,99548.85645113516,11621.683333885136
191,98929.87354314663,10081.777115155972,105441.84894710146,9209.54899859785,100043.67990948127,11518.628475116124
192,99031.5951462577,9910.538368279971,106036.89515727156,9007.72045543816,100394.69502567658,11335.28123423188
193,99485.01978604324,9853.289231643785,106421.07141454516,8921.706782034636,100707.60223385316,11511.604719541932
194,99694.7283575193,10157.198226623776,106997.50511758964,8637.268751147605,101251.35049804256,11915.841006558305
195,100370.3389005832,10372.432799204817,107092.22407561317,8625.433255310489,101612.29099040068,11757.3836436282
196,100741.99511434832,10383.253340734776,107977.5470945879,8885.728124752275,101712.25446942593,11979.491296828162
197,101094.92350759477,10324.741784319163,108619.44915633994,8756.407229434571,102109.65834688534,12028.139840284308
198,101535.83317992029,10519.624167890146,109461.16994276665,8856.175215104517,102490.59474285244,12103.373947885935
199,101700.2128878893,10442.576539484737,109880.89189591656,8977.925497177024,102710.61085477508,11942.818928644672
200,101923.55663308065,10613.862191233618,110044.467135481,9004.010004683243,103257.28297834456,12556.833189750823
201,102002.03984708694,10618.409554868473,110483.57063982204,8954.340020039714,103476.99379474897,12199.708725915776
202,102638.79766416964,10572.397547205446,111558.30884283056,8983.490824356699,103955.06924620488,11995.162280457764
203,102836.80537554972,10415.976936431096,112000.05505543965,8921.48702238288,104650.74555587108,11983.266971082176
204,103328.47468352628,10530.249511856546,112179.43520252669,8813.342864715787,104998.71916868506,11964.95598196963
205,103619.94649468588,10322.214854741418,112234.76698163195,9086.77967207971,105391.05530756034,11670.525535836468
206,103851.4379326233,10353.409040756123,113126.42547053874,9210.514607656782,105968.2543333782,11651.437779448284
207,104368.20166296294,10425.325744612464,113737.75235391672,9180.710048376706,106479.91133019344,11312.411366051378
208,105030.86146971612,10704.84311151318,114282.16345275976,9248.509686898766,107160.76174979893,11385.49984681094
209,105352.66479851806,10691.088279466372,114875.88152005668,8933.57925619843,107768.53297687884,11484.811671805754
210,105620.36618812084,10525.94373908948,115245.23628454783,8826.930912074338,108018.63839722244,11509.872447196843
211,106314.67797099787,10355.218679970152,115682.44961349475,8810.42579440687,108333.70690071472,11405.743040468127
212,106843.03927530748,10408.73790385266,116209.8905558036,8500.185882504857,108876.48384570442,11756.42655084557
213,107005.92528502658,10304.125096101505,116773.558088194,8621.445550511882,109284.28365813813,12217.976537284798
214,107817.11216394036,10810.4111493682,117496.72510300158,8639.749725155003,109654.6519245518,12473.53495419737
215,108243.05483159544,11069.124717768667,117952.0862928323,8797.537726556046,110145.7237252614,12212.507569733303
216,108986.39497909206,11091.238447196933,118288.93755239264,8650.382398527601,110832.74623118484,11916.357348910906
217,109376.1014705766,11063.714447764594,118747.85816944666,8243.908822691237,111317.32023671968,12130.495115072994
218,109914.0245465904,11065.479659190938,119240.0338264136,8335.317645271663,111720.69329373984,12083.251800267784
219,110244.12408184896,10918.836641298674,119640.0979620058,8469.6215948911,112137.00462967044,11969.89992928341
220,110674.83651794764,11259.7556138053,119811.54998089415,8353.046622975944,112887.71702702293,12014.123658935268
221,111039.21037435174,11577.833693180728,120346.67112688231,8070.043173545155,113240.52189755984,12103.507620052373
222,111667.15736074724,12213.12340837298,120805.9783241124,7702.101158757622,113819.15537712912,12478.679388801576
223,112200.19418149724,12494.476434738388,121312.58050481293,7891.140592161074,114346.92440656207,12740.46217355163
224,112785.93723887738,12652.375258635044,121537.03628532676,7638.347382487387,115077.14596807814,12878.522475507829
225,113004.60360927564,12705.676990192636,121785.04368971036,7463.482326706188,115804.52038325726,13074.34342997534
226,113485.38545885826,12772.37157606164,122233.00073628388,7489.457805467715,116185.01555756794,12667.388598202995
227,113708.12241313313,12884.371870838388,123024.22658277304,7459.937865543401,116165.40594819163,12430.046444549977
228,114224.25817422965,13125.786454292762,123218.1629017588,7683.090963402125,116393.99531074872,12161.207075321166
229,114748.161341973,13422.770382105453,123620.19831166584,7509.031779362066,116462.0035699306,12141.58876106456
230,114853.50324809132,13348.795207482244,124087.61469610894,7843.252242861797,116698.34327745254,11864.395944701824
231,115276.0393349908,13351.652166143554,124849.95360644316,8029.902204982185,116995.89402824656,11913.605925873
232,115600.22068517529,13448.84561094992,125085.28165523882,8141.446664173782,117249.37180215496,12015.920067783238
233,115871.97382122072,13447.058801120453,125524.29470708183,7974.257652856327,117689.29078202162,11774.028545830835
234,116718.08646199905,13519.729753072144,125804.1866497928,7654.565340550603,117698.24042683134,12102.9642836367
235,117349.77475970153,13503.469314832852,126164.388647756,7622.315251876127,118075.32527025764,12043.581519804437
236,117529.44485779534,13980.013880077737,126327.85900636464,7864.950595462815,118294.62428167784,12094.590060593591
237,117688.43067379194,14040.122539350925,126597.3639981901,8054.978653326649,118367.44283634971,12252.108494964936
238,117951.31263830478,14025.301014132508,127068.2403109378,7860.856388325419,119106.18563952851,12572.53564222458
239,118716.39269833735,14723.7751433124,127616.13152147814,7884.712259007176,119265.00245993152,12361.284338969
240,119193.54451086854,14977.928411327026,128033.07253516284,7815.628465426073,119679.33013787416,12483.01201263839
241,119048.61056171155,15058.036823945671,128440.1450812559,8201.318407703951,120260.67725522672,12568.381835890592
242,119397.82282619264,14982.367974315608,129065.528702425,7858.070861906,120624.93155387344,12898.480878394132
243,119546.76353928004,14990.807855013612,129387.94022937184,8289.287938743037,120411.47277940864,12711.164501498291
244,119504.21377541698,15070.759827392953,129913.63347933035,8115.83428574357,121171.4697274724,12607.764543469526
245,119358.42047222184,15443.133747668113,130110.4762818674,8603.391543875841,121260.60134815762,12689.058744814996
246,119931.97048155764,15316.164505861165,130596.00468578488,8674.494317788083,121543.16119283784,12394.509963901928
247,120161.80014206113,15200.138504870532,130706.4332676366,9370.887216186897,122172.4772612621,12809.514612980356
248,120546.48190055312,15363.919137317082,131072.9560354285,9563.85322648146,122608.07209907282,12690.788262610537
249,121147.37363211444,15225.303082859917,131509.80754570215,9982.10039633104,123370.83150050086,12708.016402310546
250,121682.16625323235,15007.215233952287,132009.43967613875,9847.450376821917,123854.152427592,12488.26436453125
251,122192.00813335658,15372.562783829244,132656.5187350057,9815.8104406669,124414.24655628856,12636.63687027857
252,122604.35175772608,15354.293369373076,133340.00218314258,10188.409585874457,124685.40287786556,12756.217949389968
253,123450.55618952088,14882.902151634453,133724.94942337167,10624.248561390066,124544.03909983898,12825.051943588836
254,123887.52185715448,14866.267658155855,134578.02830876302,10291.768250332623,124963.0868432718,12743.371542327824
255,124230.13201063588,15366.751412225534,135357.55117612323,10667.378387009216,125646.26154296548,12775.245732230267
256,124574.63576117269,15251.577281185611,136080.1659735678,10680.691038265772,126091.32400056729,12731.06568747686
257,125041.78061961452,14995.019990891637,136614.8437506342,10538.716871979252,126398.6059873635,13001.1095490696
258,125393.66075917444,14871.21849218994,136945.21049742002,10753.740811777156,127041.32486630528,13369.699127372784
259,125711.59862391274,15086.173582856947,137200.9039796188,10437.877883100198,127598.94649644678,13544.719453188713
260,126281.93511557786,15509.730344744656,137450.98699187362,10574.088862878378,128141.05918206324,13437.994814859852
261,126575.10692797466,15829.8525165172,138124.60332891007,10745.080065578397,128433.47395654218,13697.533493745885
262,126762.51244457872,15916.93205051432,138436.78566989565,11103.899057669698,128987.30041247809,13780.421070284889
263,127210.38802729182,15360.236426468717,139214.36938548234,10953.149941938264,129780.54071000691,13068.532633212018
264,127786.3473424471,15060.926959210785,139513.10035508184,11076.924283879303,130275.314222768,13115.188670181784
265,128366.6514655763,15165.73816820346,140140.36126610875,11224.41418930213,130421.0371553582,13561.646351981324
266,128757.23679395553,14987.509420214015,140303.9477581182,11116.153801859931,131009.73740030712,13353.971361596405
267,128990.172631998,14987.411382102173,140344.0990276577,10949.543655746647,131478.01216120023,13392.55927205978
268,129402.8273525649,14946.639200817592,140737.73225779593,10786.477477038332,131658.33881783712,14040.503487827227
269,130004.36570846073,15078.271439210945,140712.4329268292,10694.838845030145,132048.52696948545,14107.569669790528
270,130617.98324434902,15293.129334656613,141176.31437449093,10204.328727749904,132206.64304108816,13809.46188926464
271,130947.30911784065,15236.116716435932,141601.8074923801,10562.071796423515,132230.8811473393,13771.770368336938
272,131595.137196003,15372.280723399876,141933.77911235782,10461.1510970042,132707.05459707466,14264.14715308698
273,132254.1046530945,15409.592910177593,142225.47999643287,10481.355461257292,133129.7476344711,13969.27473231542
274,132155.396017863,15101.193483558054,142231.90893461538,10860.218353646154,133352.92706581397,14084.461660459963
275,132511.7891060278,15221.930359184242,142216.22010963917,10800.013090116125,133803.68739404427,14097.890557218105
276,132776.0386127546,14941.731212324225,142524.75096442757,10774.026355557118,134149.4268009317,14158.64221767711
277,133284.2275264997,15861.745619762138,143026.1561605134,10483.841178079245,134116.04575483603,14180.936405392697
278,133551.7920453446,15707.955547692638,143501.06465628307,10733.794819531104,134703.82085130195,14258.279074870628
279,133748.70932504648,16004.391638004385,143675.29633555943,10506.938475664996,135260.9576451413,14395.217072154948
280,134693.86669139162,16459.2639876965,143637.13148921682,10680.435867158303,135456.82672832705,14727.479942434422
281,134663.54356809345,16724.975140974224,144189.88253585334,10872.682801354147,135820.18571242344,14800.309967647489
282,135068.4410843412,16738.60474097614,144459.1659992176,11035.295895511565,135801.74148041918,15163.85772231772
283,135277.7219052096,16741.93158782071,144751.93456305418,11344.795863446105,136267.30303616816,14987.628430380595
284,135260.39064438952,16945.80450589871,144774.83585504582,11261.997012718415,136448.9043584165,14945.48924047598
285,135563.5581873359,16857.589398313885,144931.4644464925,11367.215247821145,137137.92140696518,15276.043462248004
286,136258.6218515296,16650.89227505572,145464.348033938,11072.66888454168,137561.52523506453,15513.020902462387
287,136552.4400059498,16581.573813403003,145800.1315493037,11540.912679138097,137801.68061446663,15768.296981555022
288,136913.41702882803,16477.698898288425,146070.16831921795,11635.105642590828,138332.65085746004,16022.68903584014
289,137122.23445726713,16237.609574955484,146324.87959947877,11658.038849325878,138795.6373851403,16427.6048177712
290,137556.8932166958,16084.140327079183,146559.3583427873,11788.401460529927,139269.78829090137,16757.21022871056
291,137870.956449906,16532.246650072146,147222.75471090645,11685.556882325413,139739.72660409712,16483.323953116105
292,138438.9697364945,16784.016616993118,147611.65324638583,11894.58478858376,140347.92937004278,16456.439684275854
293,138666.3176366259,16528.432448884956,148011.89609140187,11679.38516106778,141014.36076951187,16128.29279369791
294,139157.83424932076,17090.64097282348,148335.9414591353,11991.902228307605,141493.91063160545,16107.052992626588
295,139851.38744234922,17507.182347358554,148687.01146153375,11983.497531838562,141893.69972277785,16294.10652760342
296,139755.98830923703,17526.89463912131,148873.0896323811,11821.934301119649,142391.90752804096,16039.903616035472
297,140013.15489123622,17552.1140187561,148936.91277921098,11843.85309653758,142842.02726829326,16215.604006319343
298,140200.05358972045,17426.953792058306,149557.4737339985,11938.65126934444,143525.27527714148,16399.577643369546
299,140484.06836178835,17382.96960262184,150331.80396375147,11759.64700327502,143879.2809279422,16643.54562217723
300,140785.19665936442,17773.85223964835,150603.06595986005,11819.345683001213,144258.81907283494,16954.621231949885
301,141249.1931450104,17843.27336358812,150971.5955188245,11751.798982374798,144389.86763077043,16539.405970882784
302,141582.5457223482,18072.013974841157,151748.4512922492,11289.759399355782,144532.59125646178,16448.8110247856
303,142388.09831897318,17654.75630120516,151853.2172055422,11193.29338229438,144608.25777353888,16890.284652063845
304,142524.124071843,17605.972020635345,151893.6893432997,10936.720407232731,144738.5570316039,17036.727485336603
305,142891.30173522892,17971.124073561306,152290.59838197636,10925.330791460929,145372.6513918313,17424.647006654737
306,142751.11286050075,18152.77870923473,152421.52125444674,11096.96998828926,145692.95512686096,17755.32175839687
307,143335.81852945138,18156.121677796,152858.17685071178,11325.353672887752,146066.44053536077,17503.274819897382
308,144042.0456372774,18120.1196043268,153179.43233612677,11645.371761940862,146495.99711199547,17459.678132301884
309,144501.465126155,18154.535077855417,153359.90109738437,11542.60536172296,146975.74280594118,17726.826989607034
310,144737.49448909558,18342.22844467964,154274.35832442826,11665.260688183023,147440.27619605418,17801.80770904574
311,145131.4927730142,18176.235826171283,154795.01746982808,11712.996996615777,147445.7580648739,17880.54174430761
312,145329.54218709393,17929.998147791965,155385.7543553627,11928.91560237172,147774.10322079438,18242.506409327136
313,145550.2854389982,17868.248304375178,155631.701423038,11833.381210303263,148031.00019115303,18256.784914396383
314,145656.93429990747,18067.81744435116,156063.5220796328,12092.367798918249,148352.79641960814,18290.088773085197
315,146044.61957305533,17938.43182998943,156505.2621099045,12336.389584136505,148460.23208787251,18290.205752224883
316,145915.08352610964,18227.305030522333,156430.13789424536,11944.400409991023,148975.24063190332,18175.90769851277
317,146507.44614699943,18024.899087351616,156610.0437469135,11840.178948112303,149096.63163864275,18030.764056599837
318,146623.19347146477,18113.00140026452,157137.0031944572,11931.82346871294,149592.37128215106,18383.2704014413
319,146568.2311913458,17898.112207212747,157472.2460873939,12314.527918305716,149913.28093741235,18620.756424147778
320,146696.85145479947,17895.441986413443,158086.80092379442,12401.20980550277,150282.56452461024,18773.839232610386
321,147081.70983664895,18743.575277633277,158152.14663553782,12485.894868423617,150351.43909642985,19007.462297275168
322,147113.26117732888,19295.405265427,158523.66608209017,12457.462160959372,150907.19695107348,19389.377477114216
323,146996.42450181668,19071.08690527538,158722.3127300245,12313.880028105566,151203.98769014198,19895.84506249145
324,147410.7812418493,18879.42450906147,159070.3256253182,12017.496876629208,151676.21376469676,20177.37992703609
325,147631.81913133297,19105.83516898836,159525.75235140647,12156.104544077423,151860.99575568148,19766.061351514883
326,147556.34586884425,19029.148888798736,160362.48992752057,11941.309858165534,151994.74776193843,19425.466832033573
327,147784.42407992334,19050.398477818173,161158.98988435045,11790.941294588052,152118.77773009377,19413.34096357928
328,147977.01486837002,18795.154134535165,161894.42860085238,12017.2850880181,152330.45166442514,19601.08019943665
329,148068.52461924596,18660.51294414376,162412.89425759937,12068.461237289892,152547.44338541146,19670.188573859286
330,148346.57525642408,18851.116423749747,162678.76061379313,12262.851879600332,152958.54824800577,19492.917389244885
331,148979.86391100087,18949.99251655464,163066.69280112843,12280.203713766668,153568.32645219454,19480.90644744055
332,149294.5298677927,18749.17128669727,163687.64439529812,12274.937237333716,153999.83933813847,19432.06559756009
333,149419.72655535548,18875.458052556016,164415.4055762819,12014.45961525742,154684.69230875588,19598.55385472038
334,150087.58522630334,18986.97349923957,164884.0616233766,12372.022241745026,154832.30274012516,19350.79134069773
335,150020.43970112453,19485.37768664281,164793.730881878,12190.891484670408,155509.7749009762,19276.88774934544
336,150618.82239676715,19550.883610423127,165404.48528357386,12382.534434604737,156056.96732628066,19320.16882766265
337,150811.39519597928,19663.915116137967,165489.51760832482,12745.702769078447,156842.87018921765,19380.282535717903
338,151121.08524738115,19909.346367619204,166236.2346008307,12303.809260633205,157132.55274569822,19533.11656750737
339,151358.45673489937,19614.451135208044,166090.59683224463,11648.170722436462,157671.3327746647,19413.317889756152
340,151356.00188108944,19753.731061560626,166428.63041918835,11597.426997651948,158024.90793476268,19623.10725862167
341,151636.40860723713,19270.98882521077,167012.45278257597,11521.75426979579,158070.80736315393,19402.470043813868
342,151993.48252352307,19475.385568891823,167310.0696759522,11435.106385601786,158288.8236820049,19215.189477133696
343,152385.65321644396,19588.449343454013,168035.95584972017,11455.547770607938,158387.25250268157,19214.896437571337
344,152709.2762015643,19840.14278084857,168165.81880126757,11400.737018948366,158921.1302456752,19150.634735780088
345,153134.98860505165,19612.14480777112,168396.91866786507,11174.778946711218,159188.88702248113,19267.78743658923
346,153518.17999085726,19667.203687173773,169005.5277733014,11344.04783748215,159655.49120960425,18981.197312045697
347,153996.56105051388,19920.607392246155,169331.46999769154,11367.875100640716,160162.6498394217,19533.561741438105
348,154495.61817302223,19886.383352787347,169533.06350481862,11512.46944078846,160273.76322787133,19685.37791593985
349,154347.70738534353,19657.36306140577,169932.09379331654,11682.009744966324,160879.01507669152,19657.12095128843
350,154794.84288534473,19654.278714104224,170148.78279101042,11956.253272283227,161147.05005011117,19679.430777648016
351,155452.35269657496,19700.70668737762,170822.09991680787,11968.14016661088,161599.39381786383,19236.61547345752
352,155763.95993584162,19761.22272108762,170895.00558994772,11765.183051642916,161946.8796652031,19353.64383767581
353,155918.27940458088,20175.14678930399,171281.42425182962,11650.67975380555,162140.0665127582,19200.620251525248
354,156428.46537787447,19668.588153410463,171461.98745299992,11810.012118296429,162520.64799111523,19049.334606536835
355,156695.2629749381,19601.524900428565,171800.4782062185,12038.258093187547,162823.7601291681,19121.457590615195
356,156716.18933700016,19667.96635271048,172472.10141243992,11754.57801581447,162987.7401949284,19137.32624806429
357,156939.3859358533,19599.106113840528,172968.3397386638,11663.860196824964,163036.86220004107,19317.161685576106
358,157909.9107286652,19535.66168322005,173231.54150790398,11968.593399970025,163767.97728373876,19390.59906826477
359,158695.03527422322,19550.207746788998,173487.59840965655,11837.86767781801,163835.24943983456,19250.628024929814
360,159110.18593335414,20125.58487005312,173857.1485473249,11634.09240498944,164052.2403246378,19350.22445584773
361,159144.8093511561,20137.463333534222,174383.4106561676,11678.06937357064,165024.73713897337,19445.13307223061
362,159730.53155926772,20102.46874445892,174591.96365607082,11543.12588322684,165644.6865315082,19033.053672944585
363,160248.85729588033,20174.764161436982,175196.19277954806,11737.443002015892,165766.43282988653,18473.37435058466
364,160851.94679036533,20142.72913953089,175334.83776508953,12130.739750745654,166027.8218798174,18822.268571448727
365,161464.96146437194,20307.6484027595,175396.7117005874,11718.497258043992,166475.90223660073,18795.08738712608
366,161889.61628784827,20091.64320741161,175386.78450484198,11866.040556969348,166581.6477277969,18921.87938174946
367,161900.38470061487,20018.36530252849,175500.81322269762,12109.690274218916,167130.78236832976,18803.63667012234
368,161940.1775368631,20296.49088987659,175998.65140659438,12437.176880472976,167870.12334094383,19058.17194408922
369,162386.0206942505,20186.756542814037,176348.47718666034,12660.747106814084,167986.47012542238,19608.144827427423
370,162882.23065160622,20089.721506116017,176873.09629724186,12652.717580576002,168055.5383593238,19412.935085625028
371,163652.06520254593,20142.51829895232,177246.3573167771,12841.39280913573,168402.55684035673,19635.214714800783
372,164109.32723512407,20082.005604954127,177502.53553048777,13173.99541887203,168585.14110738537,19786.311475651622
373,164896.9391023593,19807.77603678135,178455.7962633635,13187.159620080996,168806.11983030016,19916.87269694665
374,165440.13349113733,19973.964970998102,178903.8842361255,13206.884378350223,169018.7892190897,20078.87947974069
375,165815.96041179012,20168.11115938941,179010.92353632647,13453.412364228294,168896.62738801673,19981.60960599725
376,166315.05182159558,20404.82775994993,179019.43160894763,13960.516773412684,168956.38450732006,19650.28647037025
377,166737.73983995692,20550.21704570252,179385.27247901898,14235.653305841675,169652.120121609,19271.898627085244
378,166887.1904789028,20811.904913166632,179612.3401788983,14632.826300558148,169468.12802647526,18814.55306663388
379,167167.99381860142,20857.43677309016,179961.2008263584,15038.577883115537,169747.7558965179,18760.487561189668
380,167386.84155222145,20946.47730192534,180207.2786604204,15106.662234896025,170297.10102047617,19052.529697131984
381,167641.5634619723,20871.156751551287,180362.48729060288,15344.604961088176,170626.57559641113,18782.46276262487
382,168243.80664455722,21409.707275051536,181094.1933723729,15233.995266218564,170772.12071946502,18825.915069067127
383,168488.2600725334,21516.934946956702,181423.4120372972,15150.995171361894,171069.61069237936,19165.71004227853
384,169152.57813290978,21638.29977827847,182263.6201323386,15620.96809862575,171155.58213042814,19098.23601675956
385,169616.93554436573,21769.25117282492,182903.41782665375,15500.796097355334,171789.98331358552,19030.097674909404
386,169987.09323920438,21675.14952932524,183210.10774496887,15744.917286732869,171975.30632520112,19158.32739163942
387,170208.69614898378,21375.884241057105,183365.34440732189,16200.683964362855,172264.3476553018,19281.77523538288
388,170009.1457261772,21372.490899804827,183633.30444692835,16285.598987036305,172139.27561475095,19156.88958532849
389,170224.92912186062,21399.0540388384,183984.2801269737,16381.859768946117,172627.96973304643,19628.72312684379
390,170819.8145572128,21652.10204488139,183939.378708824,16768.360466956,173223.72189802752,19596.610838491924
391,171579.50205130927,21708.93611381829,184161.4209566124,16726.34709576602,173606.62194891032,19685.606500353188
392,171768.26169944665,21504.79375020368,184202.09351325067,16800.946012970042,173749.72562582683,19932.032264901583
393,172193.08299562166,21087.51503485398,184458.9472482057,16576.372441402815,174092.81155758753,19602.06094719672
394,172654.61287217552,21159.955426368277,184664.84313468868,16803.20517018733,174443.08522465386,19462.998186266886
395,173210.51590637694,21659.98721270629,184815.61697149288,16856.010507096908,175055.54207468987,19617.49172178212
396,173436.15717154194,21416.492922170928,184994.5740721393,16788.576450747914,175222.73585147358,19262.11999908375
397,173739.05819298647,20955.281948580872,185514.0022819174,16883.798708531147,175543.07370594473,19479.58568829907
398,173781.30861393103,21142.792775459824,185984.63998581903,16931.464250901397,175596.89779950818,19406.245529503376
399,173681.1378271883,20872.92911006598,186607.3640573525,16830.42636850357,176133.67846654766,19740.982350676364
400,173795.67292772903,21142.227900470727,186628.49318838344,16949.72857688307,176199.79729183178,19850.63434834685
401,174451.0014836453,21090.80381046509,187049.859775545,17010.435848158464,176310.64814902112,20316.29796564905
402,174770.73307522162,20942.540664474174,187689.66600915923,16988.539720156125,176731.92039874126,20032.95993254016
403,175298.2760443149,20888.622599269293,187638.5861540253,16521.514149215094,177402.49601741869,20200.33105450193
404,175530.72944675398,20702.1164739922,187572.5521572899,16547.190995819095,177545.51069095393,20051.7932854712
405,176193.2992520153,20897.53579809244,187912.2336101309,16346.08166691064,177723.58806752026,19911.820693157937
406,176300.21667211992,20857.89680808345,188054.80731763016,16332.388672506057,177899.30203724455,19868.053337277222
407,176816.19411197043,20963.63425610409,188751.3544437445,16513.605428963554,178387.1313202869,19725.87347040891
408,177422.1401162807,20981.875177335947,189174.60990786465,16704.050240041113,178599.0425278483,19893.97868609177
409,177709.6833197552,20995.807236818768,189372.5768260688,16626.82748302926,178814.86452559632,19547.607343029347
410,178023.6250385675,20953.54308695817,190075.26447471383,16414.19863935593,179178.99423492444,19719.16116116791
411,177888.79667469228,20693.84145660039,190698.60974133128,16569.992766932945,179519.85807467246,19244.3753620016
412,177998.16314912296,20862.725416076177,190884.1819700817,16478.07789722029,179497.91334205426,19488.470195573776
413,178380.75861994724,20517.225647317744,191569.04164335429,16489.903562487347,179801.2115585548,19389.384524615765
414,178414.69981444295,20380.049887184447,191966.90327329523,16274.99350895226,180200.05422432552,19102.81494052398
415,179105.95031919834,20041.239372177308,192480.61845094385,16507.177902336003,180150.92441368764,18789.14552138925
416,179048.55144884172,19820.725446145847,193169.58355886195,16409.506780192438,180413.91919311247,18727.32428121248
417,179236.9616725065,19815.539441850484,193869.76627997568,16424.92376061384,180955.26700792523,18925.43805681428
418,179831.02108574676,19612.233961741946,194167.3040622533,16581.077132458442,181265.9743614724,18769.332475239964
419,180195.0752760458,20132.978930333946,194733.2763274788,16728.008649988526,181493.18052655243,19030.31332726456
420,180785.18733816588,20553.21666627378,195021.19240161096,16647.60399671513,181771.07794780453,18873.93875405483
421,181004.9161140814,20228.90495991154,194978.2465992045,16793.199416767988,182425.06169044247,19065.9772576791
422,181068.2651341258,20479.06235336864,194938.3112512988,16842.65116176202,182094.29022466915,18764.78894724476
423,181278.68101445344,20572.52588598683,195540.85010686325,16667.624102557707,182425.3183684579,18441.623119200667
424,181725.53711815056,21014.61467069149,195962.8993196972,16923.129295406947,182775.1630677892,18564.519419443302
425,182110.507482407,21240.128622655186,196514.3739462691,16671.464850748605,183739.66681136907,18471.43770664805
426,182699.6281459437,21511.009303125637,197284.58390413757,16905.229714641584,184307.87303973132,18491.714100894063
427,183324.25035902063,21795.208182512964,197510.93890354887,17358.112927313374,184805.8434381862,18484.153118032656
428,183605.29746612135,21931.43172321904,197968.70223981515,17643.52257877824,184908.64713477727,18432.63608696052
429,184302.14884550555,22232.042514677083,198102.5981524178,17691.718649555405,185587.08677202355,18120.98354837424
430,184343.57515477063,22253.27079851572,198366.38892246477,17666.636467049182,186162.54327934116,18170.13881411981
431,184617.87536740195,22059.20308820315,198689.66740885796,17163.229354457937,186496.69311294385,18246.61372574955
432,185016.9423420985,21451.75594052919,198664.96156420663,17175.985588598418,186699.6146282032,18078.618323497183
433,184920.43091693532,21492.547556494883,199101.19991215772,16645.41973758849,187314.5403716677,18380.4654998311
434,184939.97361476312,21425.909497680997,199423.60261405545,16599.450227028803,187878.3230007412,18528.879488502647
435,185025.8732437021,21430.973073206,199388.20999366787,16616.56046002232,188416.018059613,18388.563055297374
436,185280.94387483085,21156.38702978569,199941.3641533665,16902.456765376068,188440.1915971627,18496.192344884257
437,185263.31158443983,21134.758804842048,200046.7755690658,17173.009767095435,188562.730099405,18946.706861176583
438,185664.2873117277,21280.665780240608,200424.85857771995,17093.886766309442,189033.1783053448,18835.37237415633
439,186437.8042105452,21742.874652485512,201074.01608197475,16642.195544248676,189199.2348732673,18593.544707733992
440,186935.8304671243,21695.74048295102,201609.386649173,16307.238641275831,189709.929327182,18467.00724782732
441,187251.30778056884,21655.67735422516,202200.0235273985,16436.557861822956,189836.86667236703,18448.249891113446
442,187848.0831511736,21621.198383388768,202142.501420206,16446.804093161612,190066.02368230783,18219.57133513692
443,188180.60229600905,21558.56370467582,202186.57369562984,16649.937111144558,190118.3210116948,18374.417053486333
444,188808.19475869896,21433.037435804432,202236.33141300283,16503.893766817244,190391.80528720343,18395.56300918873
445,189384.59487150927,21501.424228316515,202169.19779461136,16502.853270059124,190852.34567780845,18080.977477377022
446,189992.65938052008,21793.814527717583,202419.7025510956,16182.774834347754,191356.20951054452,17988.423004881603
447,189952.9808550088,21978.3816114309,202449.3436985512,16249.378879936465,191417.92839861315,17947.892318682218
448,190552.3313635544,21765.04528699548,202968.79932094872,15788.81022343378,191882.6500984092,18098.499401519544
449,190413.88250346555,21576.77509110387,203576.12333379345,16132.747029638344,192331.50230979867,18339.736533518997
450,191158.03276507545,21400.1563490033,203994.6045418961,16194.94513508515,193146.60602440257,18226.431415749263
451,191532.99610028943,21441.79852139126,204226.7721137354,16023.083345604877,193333.9305339503,18595.57920112709
452,191617.610712884,21646.442005196663,204406.37975035328,15855.60006093312,193925.2911138254,18508.4262565008
453,191919.82472598777,21952.915401198457,204674.5470030283,16260.483373116522,194595.16769482067,18340.385210397304
454,192281.33848960212,22051.95154813383,205129.74945819544,16382.1343001168,194797.0918727888,18353.25843655229
455,192817.7687959376,21778.395187841088,205236.39124850696,16456.189777800842,195311.19272684265,18363.09524612784
456,193027.55370074185,21666.75403940729,205577.0410684709,16755.14444694711,196080.2053685458,18088.87719938041
457,193580.79282609845,22164.25140003761,205786.39427644617,16812.414114039864,196898.8107962013,18034.773871318637
458,194001.16546874944,22118.572713529888,206022.4367249916,16576.209073658396,196906.72574120617,17790.23164472622
459,194513.325183951,22033.811568050223,206307.71886871784,16565.798349424902,197276.23361961875,17540.58091103123
460,195133.49549559533,22099.66689982481,206940.27263090905,16870.091890197076,197523.24056586245,17286.969077472557
461,195638.2304984941,21972.463102176327,207310.6877549669,16707.62569927935,197546.51892286204,17312.248804511117
462,196104.12752070872,21999.53306927001,208027.927176404,16802.90368336987,198028.4559027969,17603.360063903
463,196247.6583942338,22492.554422084555,208497.23672536065,17098.632694693897,198258.51271013689,17842.690578253634
464,196541.59736944307,22427.431587440704,209099.9649165972,16971.082873425727,198178.63496851703,17512.36748907334
465,197064.16469886212,22293.84048026538,209189.06951482763,16762.04891225329,198730.1774527587,17383.87862034887
466,197338.44154235773,22510.53954352916,209625.91519631125,16627.84664675466,198831.9716918048,17562.49342940999
467,197402.11374623413,22439.314835218964,210211.87160648097,16522.277573266205,199091.94854847915,17783.846765225047
468,197542.588884127,22606.069307182,210797.5891962123,16425.516225368916,199845.7536125657,17669.480529634264
469,198108.147834846,22659.94465116684,211405.4891920337,16824.911439580617,200273.54924521584,17696.91876592693
470,198324.54036083588,22663.87872255079,211574.00479296764,16743.52805709884,200984.8056495629,18286.357472723543
471,198628.76813674392,22527.135291071183,212252.98158977908,16710.317683051242,200882.6508288624,18268.718082735635
472,199569.155492847,22912.78423324044,212755.3808111044,16680.69212879163,201452.88370222735,18514.427998427243
473,199793.8763381954,22746.23318513172,212734.36498518096,16388.62681785881,201858.66608988083,18406.039909135005
474,200135.8917878774,22503.37964954644,213019.87723818567,15983.383865869944,202305.6122088142,18466.48550803125
475,200695.4652236272,22274.12189273049,212915.27573060265,15633.799858516277,202633.3056390337,18147.265686569368
476,200962.8560914111,22090.916755280447,213473.52062744452,15966.449086240324,202857.0139430949,18415.6225665695
477,201657.89077116115,22363.179722041827,213841.45588489465,16056.135253036164,202971.25934760255,18559.18781591956
478,202359.6870446364,22618.956452711405,214503.0760402821,16119.348683828335,203334.0033009543,18357.989077823357
479,202074.66464063135,22663.97804661409,215099.3788182015,16053.66200052485,203711.1158421677,17665.619673894937
480,202474.8400951175,22421.84318288752,215592.35809139744,15924.067675327906,203742.1644439413,17655.369187215787
481,203247.8624022713,22441.65240626876,215965.29595901893,15803.645821658749,204100.28294435935,17513.284673616577
482,203858.3543191961,22307.063887955243,216338.16636881823,15851.972845152626,204325.2224531108,17469.887320002414
483,204188.7687960696,22462.84326044872,216348.89361807983,15513.148399336897,204718.2110152897,17536.2067473212
484,204138.8499358924,22570.965814345516,216620.0252743143,15749.08912506246,204927.39268230865,18141.031560253003
485,204699.86575875877,23176.64660129804,216673.5908356994,15562.050362674012,205663.3881476976,17907.226972667886
486,204996.5435405092,23423.228675697905,216942.80379862525,15597.168480927356,205884.69891748505,18140.42671585001
487,205684.65325995508,23472.11045484515,217313.9290676756,15749.547368050591,206005.4318421774,17853.12691399275
488,206131.7726147259,23301.70541824737,217160.06703504905,15999.03792328104,206282.32393399256,17844.408360818245
489,206728.9440400772,23535.04622495767,217659.71458116765,15976.35688816779,206612.2273332924,18641.867574851796
490,207394.2804550689,23414.588163562832,217752.58887922877,16239.50820753276,207549.2046030553,18498.218046166658
491,208199.78705666517,23377.9909995814,218005.95514949743,16328.127451158069,207789.993998248,18421.844927836817
492,208230.7770090172,23986.628357960257,218767.63190375268,16336.355029552904,208199.2674097043,18560.58362753141
493,208501.42953881348,23807.12508967465,219166.7781988289,16550.461083583774,208577.07752457703,18597.863119736183
494,209094.57706643103,23528.850527990704,219463.63795504748,16240.231437475928,208878.7920346853,18559.527776010706
495,209448.00149821577,23871.65274398213,219708.4783338386,16139.238560795437,209713.18406891252,19283.36217510908
496,209774.8669387429,23782.878597324016,219955.22353417365,15923.940981690324,210269.9895919555,19385.988585956977
497,209973.8529482728,24223.0323924008,220198.3708686878,15652.701556292108,210911.62625833988,19196.004629441293
498,210353.71160287972,24476.5563385669,220534.9861517072,15925.98395343104,211076.4985374312,19174.690314337848
499,210632.34310922783,25028.816057530963,221225.5414536654,16222.621993665722,211214.5077972117,19500.026062042358
500,210972.2357421393,24729.20360104953,222119.921274931,15923.478634147776,211598.5511471601,19517.745708584654
501,211181.01679636023,24818.6731750404,222611.10566604589,16122.704811742497,211665.02562140717,19799.24162157034
502,211437.60224913605,24499.706400236213,222604.714527146,16228.342366595169,211688.7208397956,19662.093307641026
503,211974.40244108092,24439.37815750065,223037.83516987227,16559.825522884687,211577.0733830175,19657.773629288487
504,212406.92220519696,24234.654552637672,223018.84252673216,16060.558174582682,212404.7724816705,20160.08142190716
505,212853.41523209083,24036.64614325974,223648.31275641703,16237.596972162228,213084.3827548485,19999.112961659328
506,213721.0510123289,24125.406398192124,223876.80047998863,16329.593817406832,213176.80833673803,19560.667807792222
507,214421.2591368609,24163.77665894202,224233.74552963156,16511.730769185455,213806.56195885607,19320.499143742665
508,215083.03464709147,23927.279759275774,224265.60723244623,16742.072665582935,214070.978480223,19401.80424477669
509,215669.7834232219,23723.21790846485,224447.41570694145,16272.123239403256,214645.9959570673,19221.46175040488
510,216224.1007867125,23277.18772966749,224716.3411159357,16274.80323644735,214755.36593417745,19292.497736794663
511,216897.08037796733,22958.57896465547,224581.64447387375,15905.821260462522,214823.6251603177,19319.8155377304
512,217316.39245378604,22770.873292955173,224925.00488883923,15840.052437896247,215319.4466748057,19391.499989419062
513,217946.1889413197,22872.77480830899,225349.01181044025,15958.139128452756,215505.8770202469,19233.954859672
514,218257.76692689053,23001.275075524343,225546.65638233867,15838.281480201578,215763.70109924505,18944.38117941481
515,218638.4746946828,22976.04729366269,225850.88119405156,15849.966268691587,216345.1211727268,19156.16494038328
516,219101.27959936755,23004.693996433583,225880.8682771711,15586.148641266414,216960.17213720412,19094.27599847686
517,219363.4430738633,23012.55028229477,226223.6250850276,16023.076394109328,217336.2322161505,18840.37421365552
518,219803.03626520289,22989.375708463624,226577.6347893797,16230.8313126094,217937.5900796337,19041.379860609803
519,219922.94784924388,23132.98173365013,226708.37675127696,16474.262400452517,218168.192737159,19049.279376052647
520,220281.0522792441,22869.768033510816,227091.6392928176,16924.257134092535,218529.211715505,18665.525997957
521,220441.03290090524,22486.75813177017,227235.23557128935,16870.416370357834,218831.62423468,18426.497039073623
522,220848.0152665464,22474.10590439387,227459.2871941793,16733.535406251627,219112.1677054308,18181.84374136602
523,220903.8281235676,22261.46586656372,227571.69298950423,16761.289441458983,219284.6972482784,18493.57875674429
524,221133.8870379104,22449.080713536943,227938.5079694988,16290.63225048789,219694.43223672584,18084.399704486492
525,221453.2318239565,22395.30454488752,228550.13362548465,16041.334837332284,220028.6897409466,18304.02423577403
526,222015.9128072929,22013.998637317563,228768.15185897745,15379.162953320933,220705.4221262517,18578.842181300766
527,222167.7698572636,21889.41850261512,229352.19742615515,15371.24260488779,220653.56358818783,18497.07136593829
528,222169.15592893303,21090.02533661021,229583.73042986268,15482.792343469204,220975.81704644384,18392.583023724983
529,222872.89860315243,20912.12820035796,230137.03334218464,15436.17498194739,221562.03291879335,18308.551973936865
530,223305.57591696936,21104.80664587393,230552.21373476164,15522.813174678178,222165.7159554648,18388.302217976496
531,224029.9394010961,21910.13159842482,231367.4952564907,15805.198236812244,222245.7796209567,18135.60362925746
532,224654.73308261172,21676.97203643618,232161.04755376367,15478.448550142237,222424.1086052748,18494.782369773304
533,225090.8670290704,22167.480765851706,232195.98159960573,15432.598585333888,222651.05816889537,18404.74710376852
534,224946.27985324772,21973.363229761915,232590.5507718204,15743.369236683928,222752.94055375253,18436.54529320593
535,225475.7689543524,22094.49820263214,232708.53216329875,16025.820753253636,223181.98144112423,18319.651157021428
536,226175.27702240544,21976.926517797576,233120.6706172071,16139.248360983089,223536.75784650227,18321.082672694916
537,226850.41020992343,22785.082501272773,233266.61272679828,15502.466223760028,223756.37108106117,18550.28283209708
538,227331.20006896864,22820.792423075327,233513.4209194644,15615.51431055091,223859.24418710388,18436.22519502605
539,227574.11998423905,23000.46228137029,234369.17453222856,15667.719086472836,224276.02906239816,18662.546956066337
540,227998.3342345344,23272.207216115643,234947.882201272,15984.339576656634,224510.36302372668,18518.198900978296
541,228341.2183783987,23521.44490756362,235201.80010452,15729.180962849614,224892.79132660595,19003.33602513492
542,228652.06228195011,23902.015581690488,235532.84038900572,15544.451614409702,225140.779432021,18867.59294544977
543,228729.5988386849,23471.87157238172,235690.9108026032,15399.793663301229,225903.2245726929,18783.497522021346
544,229284.09619106035,23283.236189097475,235939.3098450867,15690.025562407538,225972.65004928145,18813.34657716678
545,230052.67266229412,23373.331466157502,236129.1952796375,15839.077765524467,226470.0210818916,19039.703267197638
546,230332.49017842527,23158.375335416637,236085.9866650233,15966.566985961472,227239.33547781588,18837.951137621607
547,230638.21413310088,23087.44312813264,236308.58778142868,15744.91627428339,227730.77040649857,19117.918879115507
548,230874.79365880383,22736.93586956626,236718.9278227462,16139.070338966709,228425.3039624676,19461.665015117043
549,231245.72217230505,22866.77453875213,237002.1531832954,16464.952026316838,228604.67442319743,19654.189354120907
550,231211.92104328168,22788.39538982417,236940.83633840093,16025.807155133349,228939.27576433768,19941.45635712381
551,231541.4365142845,22770.000474587378,237136.229075861,16039.54296152773,228941.20063055,19945.537531355203
552,231777.817420159,22754.005050296502,237398.08639922272,15915.480880181738,229460.96157809944,19782.077355082765
553,232175.31607277616,22911.536402174057,237562.2370124721,15751.745932123757,229832.1963157265,19604.8208579379
554,232612.74223841992,22872.897208925515,238222.60567621264,15827.36237925319,230525.29947642583,19367.08981148972
555,233221.66293277775,22373.202018251966,238450.15995310567,16111.70272075598,230765.9434278113,19454.775142143604
556,233434.1144764042,22546.994932043108,238894.69909076748,16221.503863073269,231227.21654023192,19810.630630462303
557,233947.58111618852,22476.009125325432,239639.4127677601,16099.005495569245,231827.28609570637,19372.87312159717
558,234608.85716575335,22453.217416502743,239718.0301665809,15927.72196575698,232097.09702553076,18846.61204829735
559,235186.48996599636,22596.86183054026,240106.1877287244,15716.034356401966,232946.8884484129,19097.27091066946
560,235984.7624158521,22364.43732496405,240590.203478847,15556.373369742509,233075.3928557597,19145.01005669428
561,236200.93508767965,22860.05100033547,241169.97384071868,15655.184362675293,233735.7201567925,19371.16573327032
562,236713.02651507556,23174.893644374417,241514.06096920805,15611.348188269149,233940.04751682785,19300.77070523
563,237264.9725136031,23157.821958508637,242206.26801429625,15321.114708526646,234049.99484586823,19157.44174821697
564,238105.63520548397,23211.30631092705,242393.55412656075,15263.271781615098,234145.21782825972,18936.869694348658
565,238576.35100039057,23041.24568190123,242758.48479875943,15134.858401213763,234672.44812204788,18827.181895327805
566,238993.22519743955,23013.723773269376,243450.36995042657,15166.399706069891,235142.95165113205,18758.72769342834
567,239193.68450382835,23380.85055895908,244171.4772565146,14584.422181073216,235336.44458893727,18939.352135106583
568,239503.2547177893,23116.060846922857,244734.5212592287,14353.701777359252,235948.48139043845,18562.396109886
569,239699.7081632504,23464.11504087323,245143.44161051977,14661.942623769126,236199.66672429728,18727.42274107453
570,239998.37560746548,23284.39456449607,245427.58280713932,14763.69995257291,236599.80932848816,18829.15652383453
571,240777.11369945537,23202.064798287072,245621.0269127004,14716.853466993423,236891.4805345572,19025.30385515726
572,241386.3331470216,23247.44273709992,245939.5571736021,14692.849720743186,237508.87936058905,18680.97698457979
573,241733.4434844349,23058.02601901746,246034.8714041812,14734.16667186704,237895.0736402604,18713.770120490888
574,242191.8612984835,23441.618284901822,246435.11990477095,14618.249727933104,238439.27222480383,18932.97431644054
575,242307.13771323147,23973.5215678943,247223.0698852845,14123.73427624479,238936.40030500427,19097.806759342053
576,242894.30347751937,23612.750410762877,247447.5842695585,14113.174950793908,239394.1561858416,19103.3981356899
577,243549.66537701507,23310.57812019178,248216.3375862806,14249.206872696306,239753.81145502251,19344.644711950703
578,243910.1436441391,23298.379602747496,248574.6616415597,14152.999012000428,240361.7112936116,19592.199184834208
579,244514.0610806208,23293.593818582245,249096.47417102853,13951.887593691075,240754.32211611923,19282.413046987334
580,244527.63736762147,22881.72791180407,249763.4528768085,13708.539892066608,241316.6796479149,19285.147734694856
581,245106.00019868705,22684.72497875426,250197.202713994,13604.222563599697,241698.03821619763,19384.30725905759
582,245740.3249786968,22762.133649766667,250416.4355185268,13249.988924652382,241939.8271118633,19857.123727861814
583,245819.44830151615,22602.530656501025,250389.18796004244,13165.919098869785,242294.50730942312,19880.63294257116
584,246641.6164155561,22356.187228440533,250832.38673246308,13219.26699066168,242595.2125056631,19731.81606194446
585,247160.5887364722,22449.932209275583,250926.0442186899,13051.61462187824,242929.4008174521,19856.11809624088
586,247315.9940383584,22416.855594875804,251179.8835916476,12982.970230563957,243361.6134086734,20305.75082385238
587,247739.26617578728,22348.703117497025,251887.6562460627,13090.229294588513,243665.23701757245,20559.802832978923
588,247974.7384238268,22615.52092026573,252228.49615129712,12905.252027510838,244324.4870185068,20910.63597027043
589,248185.2995571576,22863.470517955306,253072.27684557287,12483.574161163728,244721.8477628448,20900.703647911472
590,248334.8789781272,23218.009180783512,253550.7175705814,12683.808179321491,244969.13641406377,21238.804585291145
591,248755.4525390881,22751.73288885116,253881.5349638018,12504.467308719732,245137.43255170915,21563.940024630883
592,248979.57829991408,22805.344104690663,254152.58786444747,12839.473101127183,246225.76082876677,21875.71527869172
593,249562.3487376581,22611.553719480133,254598.53613192416,12949.662013258014,246656.612747679,21575.398928317187
594,249841.4286805928,22566.60562052912,255158.0434693272,12500.148935120564,247252.59819507785,20987.144073982043
595,250536.85277247807,22688.369759239024,255823.60668872352,12058.627926144669,247489.0507635292,20953.68439765413
596,250786.56262269663,22639.256057268813,256055.87086014776,12065.20002906483,247996.8889810495,20723.24917369159
597,251356.56406031232,22676.08623611008,256331.82864265575,12233.3675331471,248405.1284807436,20745.504407820263
598,251202.65754555003,22638.07060124436,256678.3344613174,12464.431437173736,248497.65842330203,20853.5778990957
599,251275.7573802716,22770.970658513645,256619.56648991568,12819.049504577804,249014.0864426734,20918.68781415101
600,251766.0228226868,23195.162969359448,257234.0857701363,12800.48354551985,249094.4437039296,20850.23830498897
601,252415.16221684372,23166.116496196948,257730.05115576103,12702.685753665955,249846.6437815916,21343.943194320436
602,252825.5064972349,23594.22480356957,258228.51579537024,12764.469404886237,250429.8257987706,21815.15715979446
603,252739.51138362527,23721.27008490249,258756.1292013916,12864.63912919862,250934.40060508,22161.39501310212
604,253245.8508208733,23744.95811370574,259231.0534809224,13508.9150636654,251644.6927761668,22571.003226757257
605,253537.79499167524,23924.69899928329,259765.751894806,13415.105358552357,251829.690408673,22476.17109382327
606,253960.1089484458,24195.01063941186,260222.2238164647,13711.655919579836,252166.9080757463,22536.81693391657
607,254281.05496541457,24203.19288115316,260869.38959035176,13966.392910123028,252507.84321405785,23257.224114304823
608,254658.0733259513,24147.46772593918,261409.597788125,13657.18967252162,252957.48679354516,23262.325045980662
609,255038.3118545118,24588.013665542105,261761.24312456968,13229.702449267084,253404.71305325587,22863.005405860426
610,255850.7554024908,24618.96397982421,262065.5339848673,13002.968244621512,254151.11892311345,22558.231269424545
611,256030.06965978903,24557.62190825116,262253.3440165401,13303.087239746546,254618.80468333737,22369.508315815085
612,256403.42004389063,24026.35436654976,262484.36547036364,13218.68308723618,255218.38079433003,22492.4088298055
613,256444.25897874864,23649.911493075448,262765.5137272171,13319.805141055927,255881.5456922096,22551.685421136284
614,256375.9140628573,23433.861355304,262623.9200481076,13814.57863224473,256272.00112726731,22290.928920889077
615,256854.18115147125,23280.778515167756,263261.9247148133,13477.411546679452,256261.69112390024,22155.97606264601
616,257167.6829319015,23454.460612619896,263599.76764520665,13409.576040733207,256553.15692610043,21941.52030500456
617,257256.96823804092,23464.057590961653,263799.1251040129,13591.540472531546,256860.143337788,22053.10818717966
618,257693.13083367597,23379.80254112526,264248.3443011904,13582.104492362543,256791.12392453372,22063.867707360743
619,258226.13685863095,23253.858567143547,264672.9934140358,13880.483874336154,257131.47167737625,22300.98173520798
620,258347.2235401102,22883.471285820968,265062.19629495346,13898.081137514024,257622.87461564215,22087.238761077835
621,258708.4476972753,22909.04115729643,265100.2014907464,13988.33938357473,258048.20294034528,22075.895769963667
622,259395.44339905708,22915.607301762968,265493.70055476984,14017.733789024682,258487.4856232387,21794.101356559844
623,259809.32399122615,22763.86755579135,265589.5880096831,13890.469620646569,258540.1066075592,22085.876653250943
624,260209.2988778539,23188.054757782244,266247.04432860145,13691.664255582897,258463.13863000812,22369.598318500328
625,260303.1374377176,23614.87739846856,266764.17323725147,13883.83795954588,258926.43137354884,22891.045410257004
626,260939.513709656,23789.473742496222,267019.21047274244,14066.11213522614,259361.73592247785,23358.70023240526
627,261104.57557538984,23349.479997096994,267519.79007830133,14055.44978454944,259837.12581766344,23325.255847318986
628,261325.46971884044,23461.555728783133,268082.4553303732,14065.889540202965,260040.2585617957,23304.442898616315
629,261708.75133192548,22901.602232376164,268456.8037581152,13899.58631792663,260389.0968729242,23490.73867520641
630,262460.78578777844,22641.270145212107,268803.3222040244,13752.31521943928,260760.6459532281,23364.889754954216
631,262886.8188236956,22480.509031632857,268907.97333461343,13919.155484943974,260747.94129820392,23581.12550827909
632,263227.3197607185,21752.34826133063,269109.05132285494,14393.586183867028,261008.50897768623,23468.91527564244
633,263648.5296357259,21820.34690908003,269940.4792133406,14760.360315346688,261308.67912885317,23674.551030419927
634,264518.6341506609,21897.41476271766,270119.3743016067,14425.240664497089,261665.7938097945,23511.848310177185
635,264716.3601825858,21737.74872135763,270581.6775813528,14881.80552055962,261894.7555475231,23328.794306622443
636,265143.7872828128,21788.3118985294,270756.09134545823,14801.056514276714,262087.16740880767,23929.18492761348
637,265841.6406009212,21812.002831799608,271227.3613043771,14811.90187789366,262342.8270165452,23982.58384468568
638,266260.2208154964,21821.33665018556,271752.9229609988,14721.725703835911,262340.7737402343,24138.45658426582
639,266535.30736921635,21939.3032229374,272006.5920489115,14688.27321267236,262619.6268715279,24090.16186995533
640,266946.0595236463,22049.382610286924,272238.89367965923,14522.054183337716,262666.3542996148,24386.72121176544
641,267566.9653231733,21960.896547690318,272757.7260249924,14956.870521049465,263304.63046957285,24770.333625485837
642,268261.51164929173,22049.233164117435,273119.13439601136,15040.273647690396,263779.92367999593,24952.882231824235
643,268406.3203851887,22168.139236863983,273631.5439207868,15075.340882908824,264185.9876390507,25030.29758740776
644,268842.1457059711,21617.187183265323,273558.57130436256,15202.416069718216,264765.76185153675,25144.85980661876
645,269371.81836489524,21704.64312881098,274046.0953944765,14589.802173105623,265014.09921923425,25294.26950258551
646,269406.7204810096,21632.90198703662,274733.86380809697,14132.36896362292,265050.06834455783,25508.97957977723
647,269368.8971540315,21649.57686800913,274858.3324429678,14194.06095832878,265771.2817759337,25682.971490314143
648,269661.08747833734,21745.426860794065,275734.9222492254,13862.032064661693,265692.1393386112,25485.700889682343
649,270098.95168167073,21179.009175204847,275977.7194853435,13973.955888432632,266083.3393911053,25199.277493729038
650,270294.2809639679,21074.64030122708,276260.46752378816,13603.639941906187,266224.184352147,24973.971806504196
651,270499.576006525,21094.380142456608,276581.71285247133,13064.66052469328,266308.6767057362,25020.037311634343
652,270871.9123890118,21059.97072250289,276849.8989266957,13304.09053293846,266391.95151702856,24924.550426642734
653,270916.67241893266,20823.60200722407,277414.5128973797,12942.492598726576,266851.4099813995,24650.383051761703
654,271091.6346498543,20637.700446049672,277981.18906657165,12592.69714124304,267527.38654154685,24431.79073778605
655,271263.2913631157,20842.472801733104,278423.50214176014,12980.001614977207,267908.6466280131,24580.15935676293
656,271871.65347919473,21258.925324297583,278889.7484818351,13415.60677697692,268567.98114062817,24669.231563120626
657,271843.0305956634,21071.501210011626,279017.2954495824,13224.177072780349,268544.63125903165,24856.877614255976
658,272171.76870568347,21552.15245850942,279052.02810265793,13798.675455216491,268857.0216131693,24732.68680039852
659,272522.30196585093,21990.115185752424,280084.3148176402,14060.202751273471,269370.6288183461,25247.66093579351
660,272747.45186083345,22191.83661450831,280748.60070114594,13967.589761163736,269616.6800891394,25559.397954533004
661,272967.6313249652,22198.567100465872,280932.0230651094,14007.111594353182,270025.01011392043,25359.91699183551
662,272706.8302271298,22124.72325416239,281540.7485442501,14079.427371977856,270646.0113036648,25665.867469280423
663,273237.23168987315,22100.128604102632,281331.1039589864,14635.26985833685,270633.74335681176,25733.128520086157
664,273876.1512624486,22517.602868211376,281965.3581810685,14852.88837724434,271012.64527483005,25729.56261024497
665,273810.06569719885,22830.69837033381,282749.9310728985,14839.689633821028,271232.13569062215,25267.57158910876
666,274138.8973978184,23229.90669612172,283364.2750974136,14743.286351397046,271483.2872821061,25056.69599344093
667,274588.3730671293,23315.63464994318,283398.3405989186,14988.220142091011,271894.2384870108,25155.25083746283
668,274957.19863404165,23639.732841465702,283906.0326084207,14776.299635557223,272817.6164377014,25033.6914141011
669,275134.43345267524,23738.12528821173,284020.2874477084,14471.74786202909,273821.2157228388,25263.666760103923
670,275567.4363344064,24112.010040474277,284478.1116705035,14152.288092614512,274647.78373072564,25188.911565048234
671,275767.8358315887,24528.44005995353,284949.16205995163,14239.962227251262,275167.0895076951,24997.285649659545
672,276060.7670135414,24153.39797473807,284963.93295653013,14557.331651783968,275608.0951955033,25275.90929968732
673,276783.7999449213,24119.832546601578,285342.05904079846,13709.153585682734,276175.9742191212,25148.17149727585
674,276930.514139016,24196.746805229497,285746.86215763184,14028.799866720428,276977.8258610138,25332.9393768031
675,277090.81529032125,24419.404281591123,285903.8823156028,13881.194282322704,277683.0501155455,25499.774762605677
676,277171.8398264148,24735.72000031142,286425.2246956401,13972.539784219382,277924.02382441564,24928.412123297832
677,277643.1344236332,24432.883560542345,286671.60559135803,14210.612541129392,278121.9887936531,24960.60560165459
678,278262.81085675507,24748.92488291089,287145.7218479946,14475.184618747226,278598.6387429773,25255.181365254302
679,278548.4688395133,24656.59035620816,287276.3516784064,14403.90343688894,278740.21783114405,24993.71824082457
680,278688.9409429603,24531.16812429112,287434.0191959465,14813.058582203936,278623.5552729907,24654.74667127936
681,279364.3344632167,24826.75691223369,287840.787441869,15078.195753358925,279120.47022692725,24516.12365049083
682,279795.4183369428,24491.720262557705,288401.40082044515,15167.306096660164,279538.28867233393,24451.99476395948
683,280287.25868689304,24737.63040570814,288589.23099518294,15211.53545349491,280014.80795653665,24320.74548005431
684,280605.36576305254,24877.7871310021,289218.87093771936,15343.075104382806,280474.48350779567,24440.70956026896
685,281374.5013963279,24801.686929039948,289656.35926660884,15475.618456218876,281096.3623322299,24996.534458035192
686,281827.4001318207,24368.399695060914,289788.47492756846,15712.21664073614,281389.8055657087,25354.416740267898
687,281935.6072604382,24380.090909919654,290238.1819281304,15663.512927365717,281965.6275481937,25622.76493031024
688,282467.4391540444,24138.946021711046,290919.0117432729,16096.455579334535,282440.67656561785,25969.09865930073
689,282749.77358589054,24318.99409369935,291136.8641692046,16126.840715081977,283098.5858541198,25986.75993930415
690,283207.72475424095,24135.068047979406,291029.0044193277,16056.804905819365,283378.5630667228,25808.78325042716
691,283278.32985709823,24214.512429346323,290446.9165016402,15980.170321439397,283658.12581488787,26190.648600965666
692,283571.1493068832,24741.996182795192,291294.06043204723,16140.074228108222,284164.5148294318,26295.84879816981
693,283831.1286168689,25108.147254154548,291695.12609014986,16234.087089861165,284750.7866444516,26220.563655180245
694,284319.29336528626,24803.279665099093,292221.0433298644,16209.376770627425,285018.76312522567,26479.81388562631
695,284805.77800405223,24813.92295177039,292536.9136795484,16256.19064422652,285758.6007308825,26705.0255962278
696,285311.5987542842,24441.546805818907,293074.7303711905,16685.24792088799,285904.4750679016,26786.783380009438
697,285408.8029230644,24629.84167932077,293367.73703135137,16198.174699272746,285862.1046052374,26302.944536376646
698,286223.82800071425,25042.402876716184,294064.68561716634,16096.340533126611,286141.9188726286,26158.38958330451
699,286409.55969211773,24694.51110275952,294222.1170518344,15839.923976241964,286981.87289837643,25795.22216915314
700,286774.1613545424,24748.970203685378,294814.8412195044,15910.737221498715,287346.1320740032,25920.20255134979
701,287190.37792396353,24962.1497041028,295192.53099231014,15672.420796770197,287764.4783450096,26179.24186354744
702,287786.4175054273,24813.484556332583,295219.9751705159,15938.444726917209,288339.014579208,26254.832701327683
703,288256.6007006525,25047.81883930496,295463.6779097207,16105.51746096236,288620.837633765,25662.55063477536
704,288531.27456062473,25334.133370513988,295861.05233504856,15814.482896544134,288919.5747394324,25293.14437597397
705,288864.1363052957,25248.7175741294,295836.1186021849,15338.169463738654,289290.6157696473,25267.928962509053
706,289434.9862283019,25508.2887546135,296496.3760216242,15481.3842185443,289624.2302489247,25328.194636052667
707,289538.94674244657,25042.326532141145,296756.7622290134,15042.904043738065,290111.1374412718,24860.22141523096
708,289594.7914563691,25013.414121654117,296719.8511313797,15467.345034063215,289756.60161454405,24954.36146653676
709,289495.5413473988,24987.90749666493,296883.8641080628,15676.160980389684,289939.4270900719,24867.44409004161
710,289535.9251295912,25716.87468497753,297824.320082121,15931.798598959658,290116.930058495,24716.83624646132
711,290000.86345663096,26056.81722206208,297794.9469910877,15775.441539485766,290195.2513984429,24982.158991765376
712,290265.4814987431,26060.24313914218,298068.71398418344,15565.952094056627,290780.78768182115,25241.16297643068
713,290256.6906246913,26037.6024349758,298673.413201061,15132.752133360316,291054.86352664715,25450.7674673702
714,290961.48297770816,26465.6676681974,299023.427883956,15253.75079629144,290985.37880680035,25092.26046900364
715,291219.5979491573,26416.82004750454,299927.2733183011,15314.029757111834,291111.3051171629,25330.66709484908
716,291909.66896297253,26466.943479300808,300316.4678535465,15172.816640885443,291500.3358597503,25215.0942324749
717,292125.556073569,26670.321543740207,300564.18542668404,15303.662249572262,291997.07695243566,25276.630353826065
718,292454.2587697815,27003.71889666363,301162.5359715867,15328.406577193507,292285.1770189857,25118.730117335435
719,292880.8047974716,27041.07176582603,301614.2364379062,15051.5418295169,292762.6106094009,24838.976906438573
720,293474.7080014461,26785.20935116779,302296.7267685318,15026.124612510905,292974.41791797907,25061.307493193734
721,294211.20774601353,26580.34606847913,302198.593757474,15395.113405396229,292941.4515426077,25142.376154115773
722,294417.68053724576,26552.511506877338,302862.4475863759,15689.663566837551,293009.3463733641,25539.88692836763
723,294835.7422456148,26469.42323907108,303187.89580652746,15652.911966368718,293131.6974648991,25537.99101253382
724,295293.273925819,26315.432648532853,303594.66040944896,15735.31280012925,293456.12689440435,25407.47897768205
725,295506.0125827538,26722.960649753608,303951.02782367583,15660.356613451402,293069.08088856924,25211.546402477456
726,296054.5136525875,26768.326736397998,304181.73514029634,16176.338693865053,293436.6308109262,25297.338953377068
727,296538.7059018368,26490.451269498382,304829.45399478026,16229.349667400042,294548.1422209983,25221.784054908338
728,296812.3059312578,26481.56706938947,305078.9832310727,16427.43125403223,294488.3958435061,25226.73986722905
729,297339.1707114539,26085.36103076965,305730.2107007153,16229.029838520131,294477.9464552645,25427.712064549854
730,297966.8845518087,26339.760795015536,306262.9718615014,16230.75574353188,294567.82341130933,25611.03473587258
731,297629.11216349795,26165.463961617297,307092.9763977914,16215.51884593341,295043.9019268746,25330.9194607732
732,298423.8505050988,26110.82087086101,307249.0449797266,16642.695105186565,295312.6800274726,24901.01257300246
733,298320.19239429233,26205.641713180525,307678.03226472886,16393.70563196626,295834.101904561,24874.309120370763
734,298894.2175364784,26257.8199002236,308114.02591058885,16356.349656682927,295785.07205575245,25577.329324924423
735,299500.3599308844,26310.89323874298,308289.4309973549,16427.97676892947,296021.0861302658,25093.831220840115
736,299529.0360926304,26133.936561072725,308518.2831426725,16308.591142195472,296662.73098737904,25406.12065080017
737,299826.89288769587,26725.669396452617,309124.564665692,16054.57939395194,297382.89078687987,24868.704319348926
738,300312.1752473067,26725.29203735676,309413.87674712075,15965.439242314247,297590.4340274885,25475.604197429824
739,300699.87975066114,26863.933292235804,309628.89474401274,16127.087171303809,298070.5709695209,25615.657176649685
740,300979.59019229986,26642.071241752223,309939.55561750254,16120.442345910787,298242.575716772,25778.2253270898
741,301684.41989131307,26845.57437329208,309943.3695926684,16486.439774173978,298661.650472207,26052.99311560579
742,302287.4101902645,26725.7005448606,310383.04872881004,16198.768314747767,299074.6118876562,25768.54453962857
743,302508.198839628,27248.300820256434,310726.3771103913,15848.604613495432,298773.08216166176,25518.54032432493
744,302691.858021201,26891.47155585642,311388.5598675342,15943.4725326965,298759.5062962853,25755.67081740733
745,303028.71194396494,26860.60339569266,311778.96556459897,15871.691431084604,299279.93475126085,25819.029752836705
746,303333.55967186694,27291.15584981625,312144.3885646034,16319.946552935502,299684.2880636029,26019.298050684425
747,303096.06094785937,27196.34118565934,312768.7614601559,16577.67771696223,300568.2566326391,26237.050661066525
748,303593.416731469,27091.17877304159,313225.3839050493,16603.550686793813,300859.9889155637,26115.54719817375
749,304114.553918976,26980.448796690594,313883.4037086973,16241.902857699097,301230.2425345905,26384.2270582698
750,304762.46850640327,27075.90341641679,314417.47775932273,15844.550176173,301632.6103381979,26270.635186253727
751,305007.05820943165,27366.66243637878,314981.36402446247,16221.500773326155,302109.8304747334,26485.781103205267
752,305470.842198678,27762.297590574653,315750.66098677355,16551.88797781842,302373.38681606,26440.109910571275
753,306084.6521052299,27211.472626218678,315722.18406227854,16373.21998409084,303085.5721097239,26556.267488313155
754,306750.49540587654,27377.270982049504,316052.06387159985,16588.502676773434,303431.80922601646,26584.949243161427
755,307138.11478967435,27385.082928797063,316565.09234833345,16214.399844484287,303830.672178139,27254.863592522037
756,307632.0069195384,27337.687088230337,316670.7507799227,16370.091816176504,304063.40031293023,27899.6842611306
757,307756.5076392139,26752.37169535832,316851.2308415608,16444.418406966146,303931.75755979243,27731.70426112156
758,308376.38800378947,26862.168110220235,317304.81969087326,16641.81337475702,304476.45470481867,27578.21895942931
759,308855.3151935876,26626.68379894425,317900.37290343724,16870.185163780454,304970.4486697815,27690.03494194806
760,308871.13167880895,26838.66473211656,318119.97346051515,16878.429451257773,305717.26057317527,27444.37851988537
761,309373.7504175591,26668.64710252118,318447.9990028074,16938.542455672392,305940.0339247274,27546.296656134637
762,310082.0029826164,26810.1333260026,318719.91242527583,17062.45882482948,305897.06982756243,27516.242463088183
763,310423.4996373205,26608.212487650097,319003.97013858095,16945.003886729337,306094.7290023912,27578.742875739496
764,310943.0349618509,26609.29297586369,319610.903240505,16719.56849813075,305856.54840131034,27293.585074485563
765,311304.1554805798,26348.25077688253,319819.07130373304,16206.980494077214,306329.1935078869,27465.12455214957
766,311810.7591672086,26252.63275809989,319480.55547685095,16051.377280057432,306329.524556309,26906.406778025244
767,312095.7749745025,26196.452431277125,320004.86961372005,15931.312895119292,307058.66330488096,26448.24298493601
768,312096.6461517449,25623.020934894143,320587.22157897474,15479.813386831329,307584.4691011015,26368.625924581356
769,312222.2461647341,25220.41278916424,320909.51094457164,15301.884045519066,307481.4688169748,26653.677739155653
770,312499.2267848084,25152.036013312674,321530.5724649536,15423.530046002132,307729.4318247688,26371.14902438515
771,312872.7520165852,25513.868535081823,322018.9826639112,15240.364633274074,308226.9502703721,26442.26442759499
772,313218.63346542494,25263.128700502413,322408.78954285133,15018.59176546143,308703.2453739285,26688.42776842841
773,314132.5140684906,25584.86849940604,322755.1148910754,15556.628006427747,309196.1397073672,26509.37658131708
774,314278.1691880901,25417.4688679968,323287.5895303569,15630.484974938634,309579.3974364053,26184.09575940876
775,314722.9621335467,25514.446437697745,323746.49528212857,15693.383263645572,309629.81252383173,26266.54507757993
776,314881.73485695943,25933.20354908949,324539.44974140084,15865.42198174882,310096.78283448925,26339.032561807475
777,315377.68020449125,25693.779521059776,325056.8635987887,16145.038694734134,310284.9749969704,26090.512260750656
778,315825.51568579377,25980.436911519115,325160.1511329914,16108.176968085492,310865.84058173274,25988.44569639948
779,315890.01346385444,25992.093714754214,325424.9046113058,15392.023162382517,311704.9850499073,26237.715695120794
780,316007.16004738864,26219.946995199905,325740.79952432454,15543.970407267116,311930.39234245545,26169.904671337503
781,316013.8108304718,26002.348805008343,325849.29797130043,15395.34457681845,312592.6783601436,25731.34272465948
782,315963.14679072227,26335.48125642703,326559.4070229079,15509.42828981376,313293.40404321405,25377.950980175054
783,316144.5944916094,26653.181136000007,326760.2926556992,15457.168233544324,313271.6421471699,25242.009324075072
784,316674.1167690681,26795.250731458644,327082.80128555885,15785.589468845325,313688.49908027035,25763.909532236183
785,317273.0632343871,26723.495866836056,327323.61095270625,15569.193752636336,314115.251338818,25718.40497802926
786,317964.3599083136,26577.72733191716,327658.0328664604,15553.93431061258,314428.937038781,26084.53955608689
787,318315.1953923767,26414.54408342048,327617.69041589304,15237.206906391057,314627.3445572414,26648.815581877683
788,318964.1991583883,26489.67550141848,327873.5307637198,15537.885160743705,314543.2137120218,27058.729636760432
789,319486.1858567356,26598.654098534826,328110.2029978721,15442.272313054167,314394.77687806933,27105.28699297065
790,320063.24742174626,26911.22080554848,328235.32812703075,16017.61147527475,314928.79130459554,27097.176254871167
791,320379.84269700554,27045.672273261534,328572.1692176551,16279.056607282531,315100.925513324,27323.06186336591
792,320629.9677726133,26813.65897434366,329013.68472636177,16126.38996407658,315251.6988710299,27297.82027200349
793,321012.9441207264,27389.60705735309,329687.0430767767,16356.40306165682,315536.1641607462,27777.58355338813
794,321709.8858771357,27368.74044998596,329726.1707909159,15623.695034593084,315683.04513829306,27824.32232315374
795,321627.9121798768,27229.19827870939,329608.8209368841,15655.184326339662,315501.13272851595,28146.275797475417
796,322207.72148176684,27487.540868508117,329950.0415901226,15904.052753471133,316023.8312076122,28256.47926782718
797,322890.28987031634,27354.676581310625,330171.36313825875,15908.193506314085,316362.7650589013,28240.216610987078
798,323147.32934181445,27481.03312053963,330953.4537890334,16611.883402451494,316624.2088689582,28313.225962134224
799,323225.8661415224,27563.95597084005,331595.6639617158,16776.493735617878,317493.0739317565,28156.78786069338
800,323422.89483831206,27543.2462295964,331871.0638334374,16490.262073858943,318070.87822114315,28250.973628714542
801,324216.5094188509,27916.459991087115,332356.9703193094,16754.22040314689,318296.06670231075,28205.87600929593
802,324668.8862343988,27814.12486476213,332810.5955620334,16578.743400369567,318813.63633795764,28310.157093178805
803,325153.9789250943,28464.88235815268,333142.1340797305,16736.56327661145,318957.0013482679,28270.28395460856
804,325071.5465759462,28614.24490550427,333928.3989844142,16529.858545207895,319680.37251172744,28354.39455272105
805,325561.8651687646,28958.167497364266,334309.5723619905,16415.083051778263,319965.7746488877,28402.501934177297
806,325770.21610476146,28959.519802611096,334539.7779129547,16592.753290391953,320462.6264993102,28002.34448002467
807,326035.0362814334,28565.98912700424,335132.058712071,16466.83354873487,320986.6264618899,27791.285930797363
808,326727.7495579678,28645.32732235996,335662.84276563826,15837.138546080108,321735.8760708777,27824.465594368416
809,326889.5017397303,28928.069743124885,335857.7657157915,15686.533383017098,321815.99857394106,27888.233930958293
810,327056.4067452755,28489.08885490102,336293.96378364915,15746.599119129613,321984.2951485173,28516.61010529713
811,327269.6803930774,28472.370865226625,336574.6925496577,15565.308907499855,322427.122268404,28555.639079598142
812,327882.64758636564,28761.55042673269,336822.77854340174,15393.532779834852,323297.97460860026,28561.16846025899
813,328459.11524147925,28645.43230342528,337317.80559452216,15945.370847945123,323681.9392286459,28411.87538743113
814,329253.56209310563,28710.814656348124,337820.4880105638,16129.640799580891,324052.9172754034,28501.03189257588
815,329669.41924491274,28803.679111028945,338496.1175582838,16161.251375350132,324654.41252034047,28313.196916571596
816,330275.3114387814,28669.28939096083,338450.51271208504,16294.628630943438,324734.7303026136,27927.936487447423
817,330748.63583966915,28261.866309553057,338498.0682887046,16209.20255376984,325229.7347140368,28382.316059148845
818,331107.93220244034,27981.13615589884,338517.8278308191,15976.150716465369,325643.7236195402,28425.154688081428
819,331614.39125881577,28248.206245883768,338847.5865112281,16248.091663457257,326183.7829902073,28346.35181934852
820,331899.53981032735,27972.09892129663,339409.29373976326,16765.01704412338,327012.74800833093,28570.05113608443
821,332355.6701337205,27599.8735582282,339735.1396606349,16663.772608293264,326968.5631035322,28610.535663414663
822,332388.4640074552,27821.597862385894,340232.32226394844,16619.613819976348,326648.27917100524,29098.61773193617
823,332686.8582440798,28115.251424200047,340436.72583447053,16883.957779574986,327071.7927479437,29211.31624317575
824,333224.5346621387,28198.10103039675,340946.7718516863,17047.898750574033,327810.69949767867,29181.439014026677
825,333752.2995796236,28516.627554939,341552.1182699125,16926.13672469534,328155.3316049165,29000.342198318453
826,334120.07252722536,28911.10707470543,341795.4370895285,17159.858708968237,328720.46340598474,28656.594521844047
827,334204.50160001,29041.057788629885,342273.02907699265,17612.180613598073,329384.78818228893,28863.81667480231
828,334739.61267510155,29403.09694520118,342430.58950049226,16869.657148818766,330200.13145850727,28726.976980068408
829,334814.2177663486,29303.812706701035,342929.93193833943,17424.527458003762,330264.7778081681,28456.776804644735
830,335198.9319582705,29173.170669801035,343462.1422801978,17284.017629892875,330561.6017532624,28142.62050193268
831,335823.1202781981,29205.561745169787,343699.50498693343,17618.120945673574,330996.1698251512,28357.87893473616
832,336429.535977878,28979.5248904033,344136.54993020184,17535.40221758814,330730.6125461295,28602.237788964238
833,336969.2166897732,28678.242758528824,344975.8835883838,17543.295977900856,331270.1681868012,28572.89110766433
834,337637.7985241419,28640.88414096972,345462.11766532325,17394.686626231287,331659.4676167077,29059.220453202342
835,338390.9046612256,28598.18734986638,345302.3372472355,17570.14919843201,332013.28316071496,29010.596639875097
836,339009.11008453486,28563.466311013788,345958.4511168365,17732.626796529043,332593.7026584769,29359.282230353536
837,339405.75872289017,28425.74815444484,346472.3150468572,17913.37640614453,332862.8046702974,29213.810143944644
838,340368.7755224423,28073.6782788688,346786.1621612098,17754.915846167292,333166.71878988313,29820.85182937924
839,341129.0532970335,27993.88047054139,346798.3483992282,17899.13862793283,333542.8849509073,29567.839656789954
840,341746.0426966398,27828.303100941797,347218.07582786505,18105.72697625145,333631.6964468213,29802.851824548743
841,342408.7434460699,27965.75978531922,347630.0203857644,18508.87908093957,334316.8812803336,29705.413698298344
842,342818.1575326612,28035.85816668602,348169.32076595933,18459.743257353337,334124.7299118369,29610.51968560201
843,342848.46764022653,27856.908849355663,348444.2568294948,18657.66481614991,334680.15209628094,30056.72292965644
844,343243.90691002604,27612.810911481665,348741.83740650094,18815.09427531431,334332.4430718042,30058.88606662937
845,343700.2960938701,27404.75792533568,348492.9648893386,18747.643342175084,334851.8704373861,29879.168650516294
846,344296.39846259775,27736.3404068607,348854.99227065704,18525.634869156675,334998.11080630164,30052.94385072836
847,344577.56927183486,28467.02278236664,349113.7334498763,18290.508113662407,335720.0071527529,30518.743289687325
848,344827.90084292874,28359.036483274976,349523.87844189105,18244.1920776336,335911.87032800226,30296.034277659925
849,345060.9072800332,28138.787867950927,349966.9676686845,18400.19647516249,336455.6537017846,30422.64119455841
850,345030.8379453106,27819.8659274471,350130.10220663826,18264.1340996195,336742.9137440147,30197.926756750017
851,345292.7985257882,27542.400064679503,350675.4777218996,18227.16465453029,336612.2369741326,30057.250431007844
852,344854.5732812628,28021.762697749036,351173.0601495409,18336.08728593253,337092.1618381671,29937.5334074636
853,345182.9630193666,27827.334064719347,351488.9043781227,18587.53046894025,337354.1234172882,30476.555698694527
854,345655.6188669831,27490.1522686428,352172.4435456808,18247.02511111352,337641.65396227734,30683.78309966541
855,345754.8371778726,27797.735179112464,352551.061419274,18729.13979279762,338257.9447051339,30897.31618514356
856,346159.90705210355,27578.29313766537,353518.94514998456,18297.32059031032,338560.94968100794,31197.925188406247
857,346564.7136733282,27765.114784810088,353880.8390440095,18068.856975082854,338635.3046089617,31398.52199279227
858,346671.3696186136,28024.024510373238,354573.6888871078,17922.299676920087,338502.63837260474,31360.26841531333
859,346869.7710436221,27977.398519850085,354814.7473852452,18095.084039488505,339032.95303162275,31280.02390934745
860,347360.3938701406,28068.95341653544,355412.5322248386,18236.44275444032,338814.8810914081,30989.604216229476
861,348107.50783887727,27996.048991724798,355893.6649412125,18493.975882675222,339603.3463689607,31222.199836652948
862,348531.55435838376,27997.411926990117,356053.2311295512,18752.55759355566,340429.24273289734,31080.666088742342
863,348414.1310485991,28169.88455898453,356178.4875298676,19384.981127712097,340467.07429680333,31268.3295587756
864,348842.911570843,28128.25826420348,356303.4972604429,19504.04364447653,340860.32600295683,31701.0497503178
865,349112.7300393345,28028.937389942712,356743.52900569426,19475.609488422044,341507.7967181032,31990.179235116106
866,349255.4776900748,27752.608304748395,356891.235603031,19754.181740128755,341498.9468272341,31670.7761837667
867,349794.917860706,27803.90269566437,357451.05010494,20239.582731418563,342205.4778213315,31254.115174058094
868,350298.6681954082,27573.19584312553,357992.3977318465,19899.838026728277,342814.94365759456,30801.91972904845
869,350317.65813197504,27925.436066648785,358465.528651218,20222.13145218126,343157.68830568914,30462.11325454351
870,350674.4976812162,27932.045451460963,359094.2907172217,19712.213882113767,343089.9128688775,30780.85943989071
871,350917.0500651192,27904.645803375726,359376.48679036344,19148.606970726632,343430.04408925184,30886.93372379593
872,351506.29267345986,27687.26671850721,359942.4723987197,19668.749342501364,344024.96639068366,30900.26080928777
873,352077.7684388022,27563.944386687195,360467.9671311045,19617.82335841591,344437.5740846673,30916.46814795873
874,352425.6086173347,27387.118516555456,360431.1264585016,19852.738337390103,344663.1213375837,31073.51888857222
875,352757.3971806487,27584.65495031251,360509.31563269073,20209.652966771715,344807.3676965727,31108.718058584614
876,353020.1785959861,27820.33659954194,360701.1764050678,20192.9366179272,345252.95788985613,31641.19697872302
877,353386.7364410885,27633.735061416555,360750.012520356,20140.75105230872,345362.5800339533,31693.49333972033
878,353539.264595172,28219.514506356776,360664.7753300859,19739.81970621006,345826.363251754,31899.1066146725
879,353982.1680602877,28340.56974747855,360960.4705049273,19693.099500791188,346172.9381507392,31972.71120904711
880,354463.4146073852,28836.229602728203,361453.6284683839,19896.0606951892,346243.7279139259,31988.347701504023
881,354800.2435746604,29069.397472976638,361670.7140095156,19791.167621127643,346525.2052023736,32640.810051637465
882,355015.1890960343,29125.4125127002,361569.82739649696,20140.22244654226,347088.0892873475,32247.015444216348
883,355476.7690518232,29066.79950186616,362384.6336212483,20064.322771984436,347625.4187530365,31947.04347876571
884,356016.71647734114,29454.08442532869,362931.58410220325,19975.23408355053,348005.3671872083,32277.19431491141
885,356424.0087191577,29017.58064658385,363443.0637159885,20007.733751875003,348361.571232554,32526.07472483183
886,356708.0264381098,29253.535253066097,363931.8105436887,19802.13815776196,348844.91120361537,32465.000051608506
887,356613.78833792283,29200.07756143616,364148.50996406464,19539.27207851313,349294.59741211095,32647.268873224777
888,357277.1018696795,29279.87723025488,364483.1078879063,19595.06873807697,349277.7473415367,32930.513014894925
889,357044.63779121527,29659.576979718266,364669.12637150864,19522.29818969763,349714.7601665021,32866.32028603847
890,357086.32518548623,29896.277136313984,365381.77208939416,19681.711953870665,350135.5815035741,32891.96277551695
891,357546.122597427,29821.52218653768,365868.7468741296,19309.7613277574,350899.0210251588,33020.145876192
892,357518.42054366425,29997.89575595839,366186.9240487331,19296.244184909927,351592.6421813475,33007.548377637555
893,357878.1112100721,30101.355773036958,366752.3044231586,19098.96757271509,352181.8535939066,32971.305853433376
894,358120.6597184843,30035.741509127893,366926.292071132,19914.2561767978,352213.6528344667,32630.95502739677
895,358275.30788036244,29860.603944734867,367327.8778510081,19986.01828475938,352402.5392413031,32650.249546850777
896,358228.8682972841,30092.48059424609,367034.42973962176,19725.112164499704,352288.5620425598,33044.23221730749
897,358787.6394902162,30422.59399417965,367586.7273817191,19918.69961960518,352739.6861923876,33248.784349524016
898,358508.97015570244,30018.74466863568,367627.5399339284,20560.77338878257,353534.81963172584,33325.039372728024
899,359047.5209617272,30009.04551845029,368136.01718311536,20689.372359151363,353701.5892834195,33349.827881473786
900,359705.86574582284,29995.81602457475,368458.80987762415,20748.96643342656,353802.26129850827,33278.124019730625
901,359948.1201514355,29905.03537660045,368556.2832936684,20742.183590547625,354552.8806022247,33260.72545521637
902,360227.23147152254,29558.53587305564,369010.6105329644,20858.970599031603,354735.5867688772,32915.55313662333
903,360541.6706962489,29277.380621263776,369525.84093945473,20651.831235279227,354964.0447321774,33188.00994978188
904,360558.683683735,28941.006730547804,369571.0903519124,20867.57449915083,355389.9754748516,32923.98036043496
905,360933.0911562542,28773.31548003757,370191.66430945,20608.28536975654,355701.485730762,32840.71511121802
906,361146.4753822496,28659.128246885437,370684.7809623034,20701.396221550112,356390.08141641587,33005.03013697507
907,361555.2197387513,28639.55617076719,370995.2782969745,20753.533621746068,357499.3598384637,33018.782318974925
908,362060.8986246259,28999.266577617866,371530.6309295731,20963.48690869015,358173.0263531503,33050.45552136821
909,362566.3765011944,28826.82426339718,371911.0119530379,21030.412156361093,358305.5901107816,32897.43939908744
910,362951.8700709679,29058.9801764422,372346.3612882751,21030.545242185886,358214.72534071736,33356.777460483936
911,363371.89454546414,29116.425626062595,372791.33398069686,20729.598000291804,358454.2525721725,33871.854479911286
912,363580.1781572889,29018.650807665246,373299.8889709674,20302.92903627628,358279.53620258404,33455.56372365338
913,363761.6109554666,29259.56868127032,373519.7578117236,20314.25841635277,359155.3174598243,33516.03015810783
914,363899.54201760574,29327.238454103604,374039.14442411775,20409.885115627985,359424.91006754804,33635.64970651484
915,364422.6012592981,29419.665246118664,374245.76651867153,20262.548219479617,360236.1602080775,33546.038945675464
916,365044.8924076727,29582.39870164755,374488.662393053,20736.44138605387,361125.58559701534,33950.82458287422
917,365698.0728067238,29449.91613861948,374519.306363665,21062.031675320308,361007.1461830552,33726.20743229311
918,366178.718378234,29213.48450889941,374805.2720158159,21133.098649030235,361485.3218687459,33707.885488185646
919,366659.5784742712,29126.071545841427,375240.6909249166,21100.93460661455,362130.04826261353,33615.50613836186
920,366870.5432528256,29204.141190630377,376220.0833455482,20902.35393961926,362559.7534484596,33338.76532621887
921,366865.9342827544,29548.22023320497,376778.4023891668,20917.49902233184,363148.6774953716,33369.59257997775
922,367144.15170038433,29481.80694040191,377493.8905894223,21240.041673763248,363552.68408314686,33260.52683294379
923,367668.4391136008,29473.83688842595,377947.3308079789,21246.52706971337,363516.4057117188,33506.31261964976
924,368175.0154339957,29557.079260652987,378095.9904585892,21196.8902741346,363913.494653193,33083.5292702208
925,368905.86555870704,29159.858067105717,378101.3561055719,21102.66917727568,364004.1648758648,32955.805823702896
926,369463.4075424246,29032.549850597148,378528.9339071182,21419.374052684983,364105.9504914912,32761.52009393594
927,370272.65985074814,29225.20830670669,378555.2642047412,21656.52396066927,364198.3378046468,32891.876836507734
928,370892.82570093137,29929.21717789218,378797.6624134196,21438.09035941481,364389.8293720706,32413.552354882784
929,370986.4756199052,29730.37484769753,378887.9715221248,21286.12532310284,364841.571439334,32689.858237950677
930,371156.01261016063,29745.89007570377,379332.5465461924,21571.41918005445,365310.7744186319,32968.53634149272
931,371612.1646894005,29504.582167065622,379289.7199378618,21537.839651697388,365691.2888941985,33035.86091991351
932,371919.435166464,29607.543376867303,379516.6465992158,21564.819195979537,366020.5481744658,33291.193591179115
933,372217.88774372666,29732.997085150982,379834.12434232223,21532.85257600992,366203.8554069512,32937.603211938294
934,372001.3595934921,29742.364570446996,380305.0964377822,21474.136140910043,366537.50064819976,32845.56757208215
935,372361.7026654784,29709.95500279896,380562.2954954998,21907.544826017314,366474.5172297673,32859.9337787062
936,372706.6916681435,29327.55825896322,380677.2785756399,21676.72742060486,367033.39902886434,33067.934955065015
937,373168.4249723217,28996.022718881828,380996.96159563016,21152.040304066075,367396.1876065914,33453.029565701814
938,373484.1725468274,29053.21470899921,381069.7927169378,20643.05385747157,367646.4458677222,33343.3608574167
939,373928.157586001,28649.920154029573,381414.4913030173,20767.431522337025,368078.915256255,32776.795947112405
940,374147.7761992157,28409.86231171479,381885.1253078644,21038.68403524382,368577.4956518823,32167.784573138382
941,374262.8604767147,28186.424665313847,381511.181854438,20484.14477911194,369083.8187559286,32655.08284795484
942,375004.66404242784,28328.56598455513,381849.94810385146,20580.467603589223,369284.0284929447,32857.34951013852
943,375641.2037152556,28346.31011260459,382725.7481830618,20465.906083872906,369798.79757932015,33222.76400529183
944,375963.1283112729,28648.54433050799,383288.0715949437,20182.3512739333,370100.3803883407,33106.94656924928
945,376323.05653833615,28433.145245280728,384028.462539293,19910.8956557544,370266.0877323909,32963.05346085292
946,376588.5403347446,28479.567749547638,384507.2009253437,19943.134187194853,370818.1516244379,32655.20856494771
947,377141.20931696624,28832.09966831564,384927.0910913874,19525.503322423883,371008.9486634853,32776.780330070564
948,377256.69276661234,29076.323189116447,384549.7752884072,19340.715524636285,371227.97573767503,32750.285012035853
949,377218.4456529197,28873.286548903765,384983.0147943249,19573.520132506237,371408.9280974178,33126.97054963787
950,377540.295177869,28955.74331933264,385289.271232886,19563.80692073747,371967.82473957073,33510.28100851101
951,377975.36131900665,29036.444904032647,385877.34235102736,19597.615561574054,372292.2005978155,33401.630487006885
952,377930.8558197364,28817.64860921724,386058.396196518,19580.511649973047,372326.277848865,33482.46201504549
953,378419.3036830052,29092.116493516078,386197.870898445,19487.57898486484,373226.9424567107,33404.42786877156
954,378629.89508485136,29002.920347295723,386518.6443861864,19908.08527836336,373920.4779214168,33294.54276989511
955,379540.8393893158,28621.804514917185,386690.3741843413,20162.23466502259,374058.4288355468,33112.17015559052
956,380011.0754598513,28533.2392340007,387095.5031529935,19850.622436864396,374286.9350122584,33553.3601891846
957,380315.2895854047,28709.75938160323,387504.9839776373,19708.778516142826,374331.90566791024,33918.240216324775
958,380869.4298372601,28663.746857540336,387615.2720870375,19892.20836303935,374682.1692756531,34082.78459909172
959,381389.74531142006,29050.271895041584,388139.4015266156,19740.07278098038,375083.15219714085,34116.52708620224
960,382222.6930865709,29048.194431506792,388920.879620973,19448.1991808845,375321.0343604601,33945.6269445215
961,382488.7489147434,29247.11471607216,389275.8471123003,19551.2185192538,375635.539677667,33711.17902272742
962,382352.38440612506,29104.67412845367,389336.6144051416,19906.819666410807,375767.87204698415,33805.33114911244
963,383095.519115849,29120.824275824554,389689.3241174311,19834.272242179428,376227.7006034735,33915.51575591068
964,383279.0198406284,29607.67875486751,389789.2713647797,20062.456674910165,376540.1014694789,34299.199203047094
965,383539.6335461355,29901.80971607898,389732.9196233352,20037.095196319133,376885.7185016343,34466.953103524174
966,383680.071336004,30211.202233445,390139.6648901928,19815.981816361185,377394.8488494653,34802.70077008541
967,383681.0518202787,30683.9330803334,390685.7573479929,20007.87932628242,377779.5150782857,34366.223653878995
968,384278.7719617013,31042.023998225606,391235.75847969175,20529.94725856528,378491.480755845,34284.93431866298
969,384591.7205199289,30757.07733532329,391312.31479067146,20438.91830054103,378895.86769120616,34447.820982977755
970,384973.9355286271,30553.944401526373,391875.0345392138,20757.24623256894,379343.2552170315,34193.98236313549
971,385124.0584900015,30843.49808001355,392346.9677976333,20524.44134004244,379257.6900497239,34341.980917823865
972,386120.1448631414,31499.73279642633,393051.4269753624,20478.39267002309,379552.4191257415,34463.012371309145
973,386633.37870487006,31446.583014397373,393227.26076641947,20317.59868680185,380336.1611734567,35007.85719815131
974,387099.2057987012,31440.37576611258,393557.7068355916,20456.99596304049,381158.1115783521,34903.817799643104
975,387392.57901691686,31635.40988515688,394367.0857404968,20943.585521913315,381615.77038760326,35389.79169631626
976,387692.0160607026,31603.595487766568,394513.5185296753,20723.96622820377,382041.0366276332,35612.00479967689
977,387950.69724502455,32027.050625068077,395072.1968562581,20543.225253653545,382276.1171202672,35600.61406518933
978,387787.928904389,32473.533887465248,395199.4595835595,20496.851948435284,382858.9561211639,35352.82876954025
979,388456.9335599891,32777.655136461275,395532.7536799756,20471.08232977979,383029.12306096783,35727.71042203462
980,388372.8371498728,32821.511376326875,395946.5082627381,20700.4431790475,383447.3167973832,35088.09671727184
981,389241.3738326896,32483.15903859485,396776.7224258514,20537.28974039015,383309.78644275264,34972.10711722755
982,389562.5935430008,32437.756253691678,397250.7619214234,21181.085307095003,383508.1696799653,34843.61530126321
983,389949.65828307497,32355.32049925675,397594.5677373003,21228.677518866643,383404.2288755112,34903.01604166238
984,390125.7809656939,32545.220316205847,397772.6704999835,21214.5007963282,383444.674271331,34949.21020462534
985,390458.41983061377,32761.24752487812,398289.68340074463,21405.89263371686,383449.0436497083,34699.27444436643
986,390690.6973270802,32646.381029507116,398788.4386449913,21436.02315793196,383362.0170671301,34216.4681172115
987,390641.6366800672,32835.711346036675,399412.3086168677,21556.83264150288,383457.3223325629,34258.548952041536
988,390674.6910182603,33320.81845420432,399597.3264251477,21689.557383620144,383913.184235345,33653.691292034244
989,391287.5848147594,33345.00641214787,399839.5754445136,22257.50119378028,384204.70875982894,33479.051444923774
990,391867.2556503071,33738.427216192125,399968.9385350334,21991.900558099333,384590.8283621256,33770.33193864459
991,392155.6898981435,33913.632195380975,400521.780023211,21800.486813570504,384617.6436829041,33768.825273631315
992,392782.00270232366,34391.228939707085,401121.2998711456,21412.333688278188,384917.4130930606,33892.6805559546
993,393027.2113000261,34245.838499491314,401388.46146442497,21648.29743177015,385518.2904809434,34446.6196391404
994,393489.5878567154,34066.40868172837,401322.3618184392,21675.00974335781,385564.40965129033,34230.23709885703
995,394182.3956560284,34187.99800160564,401755.0578141503,22072.568290179977,386046.0032940456,34187.645253013565
996,394558.48033018655,34402.76123131657,402286.7979468998,21708.12548399866,386619.41397047153,33994.495370432174
997,394866.65306212206,34572.03345711925,402841.7594394429,21911.655968704046,386557.61662399466,33772.2691267303
998,394828.879215597,34591.24430146812,403017.8897567144,22065.730392262536,386605.97946830414,34038.47708352905
999,395146.7280722847,34350.78221742434,403262.131593352,21635.326465849743,386739.43239641294,33684.9012766634
1000,395297.9224315641,34764.077921656186,403768.5843874624,21371.00210114199,387499.8429865833,33768.773230354986
1001,395674.7303876826,34888.38825693035,403831.6975457887,21050.70471178396,387649.0070469739,33833.8188704345
1002,396407.09660591546,34753.289976444146,404669.5907282388,21349.04855444838,387940.9729517078,33654.60118544494
1003,396906.0738957428,34514.534438892755,404789.7663828095,21632.901579042573,388211.8195393421,33332.602622637554
1004,397421.5405990872,34348.967117591485,405178.1087386996,21501.538495360983,388798.44575748144,33078.52101624749
1005,397503.5233725532,34480.084784815466,405515.82913202094,21249.440519805143,389620.26304856886,33293.40133958972
1006,398060.8070155751,34602.26514701781,405773.8598289691,21398.92557207437,390302.0105344666,33313.873657566604
1007,398433.12860942754,34741.855675698804,406638.116456818,21357.2374989862,390383.6208913897,33835.24953785942
1008,398732.1442684685,34413.7549040408,407150.6884596566,21172.973888751105,390769.8530306906,33961.20455764197
1009,398689.4326629828,34622.59022539419,407416.2745940296,21537.32168799977,391245.62831250427,33883.644051435884
1010,399230.9891849742,34734.73173060385,408029.8460144607,21858.77853100852,391759.587460369,34176.73494372664
1011,399568.5364866284,34844.02841182125,408892.3411821448,21425.46323918187,392669.22375488194,34025.72476751249
1012,400011.9866744985,34645.95147157301,409149.9065120599,21701.93981391876,393319.85488759313,34036.79839483896
1013,400680.3200527959,34622.53364134401,409443.29339208966,21526.93970758176,394028.9841064176,33795.88791211283
1014,400980.5597682752,34896.59896617752,410075.34701400745,21683.60368483493,394433.3944101303,33794.793907845466
1015,401614.6651464048,34944.011310491456,410044.5593880927,21965.649297862637,394651.6366650567,33098.37842834468
1016,401409.6173611974,35187.22605460057,410215.0960455919,22187.316744894462,394902.0593129621,32658.302974703936
1017,401766.1920917271,35738.77253884844,410245.9376793197,22007.52234327432,395469.65564732224,32537.75769396787
1018,402164.8474619746,35694.48679458838,410401.296314734,21848.05570443908,395770.6269331689,32528.45905826936
1019,402347.51226797904,35491.516991522905,410768.6215345171,21920.667946936057,396687.47860449215,32922.82467531558
1020,402202.92414360895,35487.60161240139,410739.652163757,21902.116324774164,396549.469596891,33060.47079349815
1021,402556.2267164216,35878.461975540944,411198.0172294359,22131.76401768112,396923.09441384167,33068.76896892422
1022,403115.4710772735,36092.73729412129,411499.8721738431,22651.95861820208,397160.98829288647,32959.44014234735
1023,403303.0292104658,35573.66537360011,411807.342991043,22698.755336988543,397819.1436665944,32640.51890008273
1024,403996.8057722587,35957.900594794315,411913.6972759531,22752.136009383616,398058.3212488935,32862.31070852802
1025,404753.4133623891,35974.40148359481,412090.4331453824,22665.606792034578,398417.4099354862,32764.41092269232
1026,404925.381868695,36198.545551161,412215.9262737801,22858.627339025054,398868.4924822719,32622.221331660432
1027,405240.1627287873,36614.85092425989,412327.13762744254,22882.7908437791,399087.953240333,32573.87664660912
1028,405374.0837675367,36784.56356380939,412878.5187278281,23520.950985237,399643.7648165316,32536.09252793166
1029,405587.6618591512,35999.5693334686,413778.3995958479,23636.425700051863,399852.7973910783,32594.099787128787
1030,406174.22657390346,36003.625925986526,413808.26266904,23175.95638598779,400740.1539085978,33079.216809774
1031,406491.2101637678,35786.37079962082,414432.15457988286,23321.447557424795,401005.4930927603,33211.619887923895
1032,406660.1909826146,35749.29993994736,415255.91975207225,23537.34123829944,401260.8336766931,33360.532453065294
1033,406797.2400332252,35740.682487792605,415344.3693128512,23432.454850922782,402037.2537924938,33150.646813099665
1034,406988.1078468623,35655.47729554946,415998.9828940968,23677.51989610864,402507.1475038192,33305.855938392015
1035,407061.4638950499,35632.19634474248,416201.53057040006,23829.646265508785,402747.1038869218,33913.16666298129
1036,407006.69210462,35857.56732660547,416490.6436165887,23438.059920523745,403299.31092664873,34238.96019959772
1037,407443.264917733,35874.17914804356,416594.5802040477,23142.75606183033,403592.3149416094,34572.51325247362
1038,407714.043159542,36135.19093644899,416795.4694317243,23607.026895524898,403788.53245050326,34789.919166498345
1039,408001.5284117956,36165.45495588019,417788.3875926583,23495.193492881703,404174.5825739936,35179.1865007936
1040,408204.3782607898,36386.23365345929,418000.24366825575,23552.407919534937,404522.24031019927,35324.39807710082
1041,408506.47269232746,36326.27298301608,418400.2629043477,23378.14588026024,404884.1661944007,35370.82271884419
1042,408825.00902558886,36586.088809994544,418658.5820458761,23227.590214866224,405139.8824977545,35447.79685403155
1043,409066.62149523664,36547.65960444872,419291.42538560845,22956.07896575538,405335.6521866605,35512.14391742022
1044,409096.9033608009,36433.9685296788,419611.12416395656,23061.702104671604,405923.4517448724,35947.60954664159
1045,409709.31435613206,37010.04319180307,420223.76474699256,23181.18068854888,406187.9919525873,36306.25660965847
1046,410418.3134430693,37147.30887136414,420864.3566960328,23702.89048629889,407244.53947183857,36460.54463261175
1047,410798.5225250942,37286.59547453181,421226.8346698688,23526.5161050828,407582.6491226408,36714.69048962795
1048,410889.0882661709,36805.61853928309,421401.7411611107,23454.016182788426,408161.7235613552,36815.351489821485
1049,411297.6611622407,37417.15409709728,421404.1757450729,23674.91846701648,408865.4883803831,36071.31697499762
1050,411885.486450113,37452.04753347088,421735.6973931409,23613.72112779745,409391.2411678744,36199.00672227843
1051,412088.58703287423,37859.31493621692,421867.1644933548,23338.486191842207,409248.75853637984,36343.15396529479
1052,412576.6961004563,38172.06349657328,422588.9951173955,23484.77641723897,409649.8307438773,36324.51635076258
1053,412962.6044409825,38127.75151436274,423481.5217102374,23453.41367291671,410044.9709763742,36352.72786475912
1054,413818.0399346284,37946.42649549869,423750.5382306605,23144.009717087916,410148.8672644474,36601.20607317927
1055,414209.6694854176,37935.003128764656,424366.802590987,23293.29936335894,410187.3617597541,36720.61584171461
1056,414896.4725338346,38177.7421284236,424448.62033565546,22900.00342342417,410610.1302106787,36817.52481727869
1057,415284.7138053511,38581.55545347883,424945.47267099365,23271.938957630944,410937.905112101,36281.97453389439
1058,415575.51862976654,38600.09039802988,425357.53771880746,23699.15712632156,411549.1709385904,36114.26726583109
1059,415686.3742975314,38343.73067171907,425686.0204150511,24118.68359086553,411594.6080376286,36688.18661899077
1060,415453.2229490242,38608.663832985934,426175.8749135675,23802.11008687877,411739.3937248341,37122.806748433606
1061,415526.5370744023,38620.590724087335,426618.9906706041,23787.75166189362,412054.2896977147,37252.49317018455
1062,415537.4446251871,38890.05555491834,427214.552133659,24303.46986635281,412597.53894868295,37196.19027860527
1063,416177.1384716705,38411.47578169381,427670.4595202283,24010.34956231353,412668.19828824745,37011.41586689209
1064,416717.6862521911,38013.67731802896,428090.607207232,23726.46893460623,413067.840965479,36567.24084659582
1065,416925.4312948086,38153.427217718985,428292.5722051797,23807.189791648005,413634.3183701843,36432.30017233333
1066,417170.9795392127,38523.99035129861,429084.29948297545,23841.938305371896,413938.93212878186,36498.92380582231
1067,417894.84073450055,38365.47128364005,429353.3852122469,24075.61739863743,414660.2381882273,36386.37492087731
1068,418641.7813549434,38408.34857444294,429975.33870434685,23956.616308790668,414962.5885070887,36622.97352503023
1069,419040.060751401,38313.63537866743,430103.6121586057,24167.22090722555,415536.3704010112,36232.61570606809
1070,419510.9264853023,37753.53222208352,430030.4407856854,23868.06600975741,416048.1190720575,36413.85299394465
1071,419870.13957494544,38167.32408703715,430181.4472932193,23813.31127800206,416038.2994793996,36321.449556144544
1072,419937.8289249548,37813.49339527808,430550.4677173796,24460.700588380478,416330.3220073264,36275.094999876914
1073,420489.89955769,37969.10556739287,431084.15148483095,24296.62045538728,417014.7430729057,36370.46529524891
1074,420561.58836157137,38160.50144130914,431455.1497974757,24548.789954377316,417480.074048154,35995.99362240714
1075,420642.9211708663,38490.434040812885,431586.2577434041,25063.38174550929,417531.8566657562,36217.61148673743
1076,421016.4832101467,38554.78132458029,431952.4220912868,25165.132547479618,417871.6546994564,36567.76500293062
1077,421272.9940436173,38178.43405146677,432616.51289838814,25329.717437697167,418323.1975400179,36619.83482476041
1078,421996.8758789773,38136.304445436814,433225.0558854794,25372.227657464868,418178.5044634844,36566.07833620485
1079,422493.8680796139,38046.68946222908,433361.2854302617,25435.195947167344,418829.9752522757,37044.74675052225
1080,422919.0721216498,38100.68486454364,433671.0484659498,25437.899867538927,419382.3213934096,36930.1776947288
1081,423065.4851752445,37953.02122320438,434234.22246711765,25318.544305248302,419633.9315584436,37097.88937583597
1082,422933.8778904092,38240.797959171374,434876.8847367732,25247.419407483623,420329.429200338,37528.71764937156
1083,423305.8562362759,38408.86968621171,435296.8631112839,25025.114158403696,421124.1240626352,37603.30306728576
1084,423463.7909069544,38235.55412497378,435631.6550525992,25289.559289829864,421363.6187729215,37458.85505339797
1085,423276.6155380301,38435.99262636885,436194.81056754274,25126.52633903201,422042.1681071531,37892.640220239984
1086,423434.8408655434,38476.65638238885,436593.725913082,25469.376666333566,422673.3004405123,38362.52941833418
1087,423286.5327302945,38394.65293365731,437079.8955829204,25447.630327133586,422648.09252968605,38356.48484566181
1088,423930.4424579358,38709.77811526339,437268.7331661774,25774.873751991297,422794.2432480719,38501.33375251664
1089,424196.070752908,39168.74944398324,438083.8144110685,25614.37083506037,422674.7385856221,38748.77175241111
1090,424571.1672814131,39347.43196782709,438509.2324957972,25904.95556438356,423100.05515582056,38843.91169069107
1091,424525.4607669747,39518.80083806315,438825.6933978168,25334.79891938313,423719.42198765214,39010.862607578994
1092,425245.1883882597,39267.19062840709,439333.85827332793,25271.318682177865,423962.2299316148,38788.372398600746
1093,425264.4529171443,39870.90623225875,439371.3924832748,25389.39944408396,424415.6352376399,38767.10196137759
1094,425949.10671593406,40303.971531478936,439640.7344607803,25056.98624195594,424680.8465637273,39090.55804196194
1095,426677.7754678138,40651.35777295169,439797.61731735326,25341.94886736469,424623.6000944997,38959.48616733988
1096,427532.4804235827,40844.36542376842,440147.0791287511,25445.6809938052,424989.7659979624,39151.08385978884
1097,427673.0834368288,40666.2227522983,440504.5758893088,25774.24677644769,425477.9745401059,39493.61223364221
1098,427914.8242181892,40866.53557845795,441402.669293428,25498.48700292416,426257.01105468936,39489.96119262836
1099,428381.3728629127,40954.99199707798,441908.2459652877,25556.12306457309,426301.9490963324,39600.83991281571
1100,428511.8769548081,41032.02107865311,441659.62968856783,25849.35084260302,426589.8142694059,39907.113701138645
1101,428567.8660208058,40911.41424228723,441833.0242298242,25603.33465156529,427117.4584411028,39834.09839754267
1102,428890.986990851,41359.30846009125,442447.3281882104,25553.42870668776,427674.0637634603,39657.89735258897
1103,428862.3672515962,41315.46173982242,442568.4859080612,25338.70654619863,428084.3473414704,40098.5596830028
1104,429002.6680342384,40870.15763199927,442596.65518937056,25294.512326973345,428758.8498590789,40413.7612064719
1105,429580.3244274093,41022.95693525331,443204.2013799987,24921.28613475855,429618.41000698,40807.30147716103
1106,430036.9367201199,41010.79924921305,443594.8252670813,24863.666413036248,430111.1707289,40990.22034572943
1107,430119.6200963875,41234.78762593057,443869.4166484607,24938.322449361443,430551.6246922434,41101.84292914801
1108,430758.7831647781,40994.3617737031,444363.2861959002,24895.38098840784,430538.3937839295,40944.00243885222
1109,431167.2461037028,40883.75453447959,444588.3707087974,25584.059141936843,430739.9704313182,40677.37968488269
1110,431251.1318562245,40571.103907662815,445003.1907873983,25626.55876876819,430762.20830368594,40907.84471550884
1111,431451.2298241894,40336.94443307155,445266.2478593203,25936.046414288478,430981.1358458072,40685.86469715215
1112,432160.010134061,40292.56971049649,445682.1140313256,25840.02428830865,432072.73486016935,40273.62440179358
1113,432518.92459807405,40454.18288437793,446306.17107414297,25565.86102833173,432707.5095729402,40371.39790909605
1114,432476.1905117006,40508.84089684025,446413.62059000944,25233.161490420043,432944.98667426425,40297.38991560757
1115,433132.0437442439,40457.36016082316,446622.7576994823,25638.635737999917,433462.0175357651,39975.66311894224
1116,433837.1080916322,40702.24909670461,447294.9449708675,26243.210501619,433978.7362837912,39953.50829109028
1117,434021.7784252867,41047.21874356921,447438.7759647996,25780.02555175646,434156.5705153162,39698.41962109621
1118,434690.4453181972,40857.920101790325,447485.26052055584,26372.467101908805,434626.81237655634,39887.20340240293
1119,435063.2661921935,40699.72315334538,447382.5160184313,26507.664916862457,435076.9870536074,39895.94242660832
1120,435362.957552447,40097.59293542166,447782.1738862741,26407.56707851235,435468.6118462898,40516.895063660966
1121,435901.450217861,39767.33290697786,447652.69758922217,26672.440511418048,436048.940854724,40865.62098605787
1122,435970.7899506575,39872.170622678925,447958.17322821217,26473.386076552204,436610.24576079857,40471.96441843083
1123,436401.5463200943,40088.77330449927,448530.9750120444,26821.22947216115,436614.3371031837,40757.71842107682
1124,436322.55936633126,40167.64809879965,449151.26528066455,26601.18722917424,437137.19355338375,40480.21745023889
1125,437259.5634135511,40053.70068673442,449831.61229835823,26767.15052259719,437321.6019138057,40549.10180339847
1126,437477.2377023965,40269.42162115166,449756.3539362113,26478.03702188593,437355.15769156144,40573.46515302465
1127,437755.47327797936,40651.14441969185,449941.6946847119,26401.91707554453,437989.2002592315,40597.18365966538
1128,438452.2939127906,40452.17639852142,450107.8627742959,26672.064595001717,438466.0298020886,40843.807033976365
1129,438877.46745567553,40071.56870329621,450196.3424337871,26206.520462821663,438492.2653972186,41242.76472960315
1130,439476.29064127896,40248.24909026166,450236.40619364165,26370.04355424304,438371.97560275206,41081.58425395275
1131,439364.16152442776,40099.44490677064,450850.45093199273,26582.365703548443,438798.0348907657,41550.270684177296
1132,440252.611363288,40220.63176299323,451401.4948810629,26734.71586097645,439320.8788890736,41907.651227221206
1133,440936.3603171368,40553.07371064235,451990.6195092903,26637.28444172541,439726.7958655438,42034.09722295616
1134,441191.0728459552,40832.45732587236,452631.1649276923,26694.36215731953,440281.9664171903,42157.40501024185
1135,441307.75062482414,40607.94667106618,452886.9368310082,26786.88493748848,440539.8165579063,41955.51544051897
1136,441859.2640537465,40941.28522341558,453739.42722800496,26576.749559602147,441068.1623368887,41918.56323102405
1137,442460.96377993247,41291.31397575796,454436.844189274,26759.78917486033,441306.1406087831,41954.19485521073
1138,442472.1732915255,41442.56327398781,454884.9456648977,26643.21556281557,441669.7960319561,42139.3942425532
1139,442644.7924212447,41342.98907017545,455983.513717972,26444.24430331792,442363.6394927728,42798.26443583534
1140,442526.0927058939,41436.42419397317,456307.45571379096,26457.38924178351,442780.0482060632,42716.79169125482
1141,442789.2366448653,41890.25664688545,456932.41693891294,26465.38836673965,443083.6444631597,42394.77971852106
1142,442999.8732629266,41695.00032105016,457497.9814923291,26529.46092771384,443965.417369935,42738.90841353066
1143,443572.3112588669,41354.09033418982,457853.2696370565,26731.72881191232,444411.4752279505,43113.89072586284
1144,443795.60867875145,41886.524859860096,458027.60123606416,26535.865644893955,444933.68515914073,43135.252134
1145,444218.2572148349,42009.93901492027,458426.8408114812,26860.23884998203,445627.74912526255,43322.543753505575
1146,444864.35768961546,42004.89459584224,458939.3852204129,26534.08882068945,445901.4816848955,43246.0232440971
1147,445601.9386953593,42098.11294323775,459442.06502508215,26721.697725312057,446447.2600764126,43735.01200352122
1148,446204.7817958112,42218.692307620695,459696.3245248927,26341.70574777464,446683.8017843479,43946.46374379695
1149,446507.2559424996,42211.33640608033,460206.1706736274,26327.25897222481,447202.9854055807,43735.97916951521
1150,447284.2327212369,41846.0244280895,460273.3092627234,26158.169218570994,447405.603356043,43211.47993654048
1151,447907.5505594448,41794.02794370221,460363.82823765744,25766.773392402945,447602.1943569011,42795.46284172023
1152,448313.1549403166,41914.62499913563,460513.2239151599,25503.829648328363,447867.04200379,42889.961636783846
1153,448491.65172245074,42016.62740758887,460970.2114836555,24963.94589366548,448463.3466448538,42634.34647668463
1154,448387.38697788457,42211.269830297526,461004.3547560685,25095.833494069157,449019.9270487515,42568.17746819394
1155,448588.92827942286,41970.18220396162,461624.5984967761,25373.589250087705,449822.0181464992,42842.1508890911
1156,449221.7679807799,42310.630728074095,461981.80111886247,25772.736494019187,450508.67812402046,43029.04483388735
1157,449677.5654311389,42046.951289990015,462549.7517385749,25842.385850386727,450749.4612650833,42800.47500081986
1158,450807.3890733656,42056.5267965544,462840.6861028293,25452.86353708566,451028.479928649,42600.78507664208
1159,450815.490039301,41385.170316097785,462909.9725144658,25845.614035528124,451528.24582551606,42744.54934273676
1160,451307.50853022514,41467.12849908653,463214.0224986177,26162.59176255448,451929.7740959391,42201.22295519293
1161,451350.14041524136,41042.44022922547,463435.01900879154,26028.16294471511,452379.6076354256,42132.32296514797
1162,451820.40938891657,41188.8916087624,463895.67889481096,26259.31157233812,452697.43244814704,42410.598788331736
1163,451782.11131019593,41385.62987760185,464422.548682428,26459.734711863588,453053.1291948161,42493.35810873381
1164,452337.2965166643,41541.614208709696,464807.4230037931,26475.48957567732,453520.7338390666,42359.20862439917
1165,452440.81730774126,41694.27168739511,465492.8292784245,26676.895242997627,453943.9892881496,42269.67628882102
1166,453159.2098914827,41669.50987767096,465406.2466891225,26977.609623440865,453969.2678042858,42520.08108232575
1167,453680.1939342773,41842.25527500901,465794.4108267026,26700.7168316532,454359.26036546647,42405.25292194952
1168,454581.6271175837,41867.51758712932,466188.609337893,27009.8404174571,454556.4373422476,42111.38466372134
1169,455446.3406868686,42345.08903391314,466706.9504486968,26571.588553348203,454918.90026456985,41913.70810556776
1170,455731.4622200042,42025.3701513582,467010.27970445866,26827.317555627465,455117.8465389609,42290.475745314514
1171,455516.7115826247,42967.03488902623,467398.0804321047,26610.885450923277,455481.52016647824,41694.11219327505
1172,455691.51780863816,43018.319351355385,467978.7233354839,26676.62635777589,456142.6119760758,41733.476065776864
1173,456031.7129433142,43101.95035984153,468071.5308918351,26747.91804962502,456475.5225647129,41369.7445385118
1174,456817.5570199111,43096.644190320665,468095.6585935407,26458.40320621552,456858.7375311142,41369.9628741671
1175,457107.943384976,43392.2058383152,468619.93426557566,26310.23023196998,456552.50997153966,41066.22922735957
1176,457544.5097770571,43590.47254224144,468954.21139007865,25714.28950685773,456739.7422736046,41279.740111147934
1177,457831.9717407186,43953.7267196676,469519.2980879016,25772.11364784945,457220.4793016669,41308.35247305333
1178,458275.64574306353,43845.90627588307,470222.9281397956,25432.22427418129,457815.7867748461,40986.90296806079
1179,458632.85738771537,44560.63233130374,470975.6206439283,25489.891902195828,458090.8132121551,41047.94058064627
1180,459468.9689978485,44641.71838680632,470779.1571341072,25228.02591452169,458259.3758467093,40754.69667005999
1181,459665.228471719,44554.09615355773,471102.7710818698,25020.726764096788,458508.0756343799,40786.924138118695
1182,460146.5306511757,44356.39512868222,471135.9593821616,25445.498018583417,458921.5079962531,40626.3562506246
1183,460311.2553466996,44409.23983454376,471411.5629732258,25842.08913455276,459012.6129959564,40290.07184161834
1184,460721.4011026944,44295.73743189136,471872.5445099881,25801.186155901007,459686.9260373964,40141.41037979909
1185,461121.35313205526,44272.27320434502,472186.1868595565,25702.475372270903,460096.2866637105,40269.35698140709
1186,461544.23494252906,44459.393793819785,472630.8463499296,25499.265610478,460372.0833304211,40063.59820799033
1187,462003.1361665807,44210.05490839194,472750.7921942758,25387.725048147408,461127.52565771696,40042.95226748551
1188,461734.6101841206,44400.89196357803,473227.0390030659,25078.87416680807,461825.4193260751,40320.87462542888
1189,461723.973244792,43966.51278496783,473519.4104804963,25054.65925828134,462120.76007723325,40392.21896339681
1190,462077.0590927753,44197.62211437061,473556.1182128594,25049.324159942247,462351.647807412,40694.70609318883
1191,462431.42227608,43956.2091868116,473903.6268215757,25682.59480690308,462886.00683302816,41022.50011360881
1192,462372.5317307608,44091.80563421531,474392.0116732561,25606.501790973274,463375.1854074546,41041.84158704926
1193,462788.8351371778,44299.875807658136,474336.9836292305,25546.916726184456,463693.4676248684,40826.52590918672
1194,463370.8199727885,44106.51785616219,474899.137524934,25550.86690860371,463999.74476945295,40604.51291705131
1195,463648.186710925,44174.7062557566,475482.2581807549,25429.02389058061,464399.0195624583,40574.78538479279
1196,464052.2240200309,44065.622880968,475567.387079676,25161.134296850003,464991.27565171104,40907.795887464206
1197,464789.3175811643,44300.92321952516,475946.2018218368,25347.764224148435,465660.77743005706,40475.37985009543
1198,465043.3676078616,44646.83644537362,476209.9062710813,25869.552688037504,466067.6198284229,40885.95549085685
1199,465488.7332963121,44799.27610006095,476628.0360444002,26010.92987486789,466673.68497316056,41008.878409137
1200,465540.5520187232,44842.519948300105,477038.1388993973,26173.326636628062,466908.83436183305,40983.67674051221
1201,465950.6498264038,44798.86037930647,477433.11188155634,26076.15018169773,467559.1282183511,41276.44207725349
1202,466468.8904457649,44735.89883616255,477498.2354817538,25801.30542208782,468212.9392220814,41048.13912100984
1203,466462.7406259423,45342.18929212581,477840.9661794355,25991.114012230908,468553.2692321258,40910.99805255436
1204,467329.0273272552,45301.00987587455,477572.5113271501,26526.959510343204,468578.310665378,40933.12381045262
1205,467965.14854066016,45537.47761181021,477488.483610145,26630.716073072792,468673.1985343616,40804.970343051005
1206,468372.4809306453,45689.44751498719,477994.5889332093,26853.30370320079,469133.5124364052,40814.04154308867
1207,468742.6647627624,45682.48831745307,478294.55783008673,26609.57944354273,469475.8980865896,41215.26964474474
1208,469321.3915859927,45319.89987035917,478866.7422247863,26992.234447692117,469694.7107560408,41397.90824768101
1209,469720.5312283259,45203.068574361074,479128.00576163176,26735.78570852879,469955.5930238472,41108.22549020126
1210,470476.14478240174,45027.38699013888,479677.0837219083,26976.55816650198,470306.6224993169,41438.73997614965
1211,470920.1061093632,44174.919237129085,480049.9827086784,27115.786235608084,470883.01411282393,41717.41498876853
1212,471631.4111192009,44012.90458640091,480330.0904452872,26982.835896772816,471256.4007396413,41753.95966857207
1213,472099.0811103778,44879.01466353871,480866.1350427835,27057.328577201108,471732.86609093135,41924.70085352429
1214,472200.29481564753,44659.08439263368,481092.11574221787,26816.773552423416,471909.6932108236,41576.4871516584
1215,472783.5698012256,44268.80251486362,481501.6953345783,26439.118499822263,471731.8625608838,41899.52499460028
1216,473065.2977951746,43987.5148815549,481662.6627076952,26318.40356960663,472025.7370544617,41982.83255092014
1217,473464.6339904163,43557.1649107133,482089.8881174024,26503.528259843057,472863.66952862777,41896.38688971269
1218,474066.2454213072,43524.62940315415,482398.0023861902,27243.42364196954,472903.061485872,42093.99958408059
1219,474067.0419242834,43551.26493489408,482770.28362930624,27372.697950989783,473022.1500964078,42250.52659750411
1220,474165.6934717834,43924.56598338339,482980.00180927216,27113.218265577307,473175.6650322415,42214.366396686
1221,474455.7862731985,44018.90395779854,483339.748613345,27242.26444241967,473854.3473416191,42438.07056129578
1222,474838.40584693465,43996.65798340063,483446.55603017367,27002.64905369797,474399.3214032208,42278.53629918626
1223,475319.6090809472,43946.96946621042,483794.67681780906,26736.20151947456,474495.89286801417,42356.56481408271
1224,476019.7168505336,43959.95907356269,483968.6380660631,26569.545402905,474744.9173161308,42408.18018133077
1225,476402.8686376406,43581.51534824909,484448.00162438303,26644.131440367277,475332.8579042679,42358.75564294229
1226,477163.4102930614,43405.6687073983,484500.1971187772,26496.67544880665,475730.52150909137,42125.63054531682
1227,477683.5515286536,43343.54809402197,485101.6386738374,26470.10045370422,476206.4567865968,42096.99618974101
1228,477652.1338435861,43175.70871681539,485399.38046527206,26660.34896742647,476656.66477031104,42349.391161536725
1229,477512.8276735187,43325.67396105258,486232.8036685122,26828.214334470154,476719.4070762784,42041.90552027153
1230,477723.4404762458,43271.2813735166,486583.0871876744,27022.653925444043,477461.2730199682,41894.36387925107
1231,478022.7840409504,43456.05037750048,486921.1608729969,26906.177593997338,478229.5126404233,41910.58205823846
1232,478765.6352582239,43341.188755724936,487194.3414799213,26579.717108149147,478624.6326321222,41891.45401185217
1233,478994.2629469104,42580.03092412608,487817.22243777086,26825.572478989397,478861.1782598365,41838.70619790222
1234,479396.2099828813,42887.411056500576,487851.4379621027,26892.64870463024,479024.18551092537,41875.05962438093
1235,479604.28753923794,43076.97350980315,488187.04723615927,26716.28838906878,479625.2403908817,41981.53105560155
1236,479929.5310019887,42860.227666980754,488169.01592317,26567.030632614107,479898.4821526965,41713.64233028293
1237,479896.5015222366,43012.80031286797,488526.88140294654,26191.509820952444,479916.2148056936,41290.97039565559
1238,479864.7208062384,42747.285617232985,489094.0427621346,26216.376567460644,480170.5229164189,41292.3748255758
1239,480333.79793976544,42723.65196026232,489505.6962900974,26216.002440497155,480552.0656048704,41523.36502446714
1240,480473.40779975086,42705.76474163912,489999.39428200247,25926.681085198776,481201.25301964936,41456.02869484029
1241,481178.45474668255,42543.933663191005,490362.4440801643,25616.625279028343,481364.021242773,41419.78375217463
1242,481505.00594370055,42928.36450542406,490604.128651077,25549.73611241197,482164.8278640817,41039.86240052379
1243,481344.3678291856,42669.0331369456,491084.7395973207,26111.918274715877,482651.1671003412,40700.53887905816
1244,482009.3788632941,43493.47661898164,491341.74773485697,26103.533282780576,482712.24173061736,40954.88443533226
1245,482310.7866125464,43508.26499674991,492008.8086021254,25874.728407213108,482801.1010536003,40913.069802169295
1246,482664.34246870887,43490.33848036386,492550.86193260027,25890.961799302942,483122.9452080562,41162.76659435377
1247,482819.7804188578,43608.49390038364,493272.195135801,25805.99521341245,483438.44034197816,41318.596817007325
1248,482893.2064679543,43504.40033925815,493811.263855234,25761.95552096756,483746.33138575807,41537.49786917471
1249,483778.8563877712,43542.027982346415,494057.2014000658,26038.380505104597,483891.7302806581,41654.49601265111
1250,484182.3030491358,44041.26088122049,494481.0593448285,26042.83542055863,484642.6009965137,41930.32687573411
1251,484186.3773275449,44416.582273114815,495094.7778355116,25607.874699614986,484778.26640128775,42416.3545199785
1252,484690.4185827541,44683.33131949853,495393.3061987563,25505.053805457188,485404.15910373547,42476.53218994775
1253,485074.5935392535,45001.93182857253,495584.82276293694,25594.13447364957,485607.3829568523,42811.51821398222
1254,485448.0622810048,45187.6888720458,495950.4276283065,24612.2837679438,486187.86270689487,42846.411257083135
1255,486065.7824964321,45062.75834150762,496202.650396138,24403.485613498637,486833.5193176853,42928.58084252389
1256,486891.436392378,44753.1826174446,496448.3748404643,24329.43552867898,486773.15244039474,42482.77235044367
1257,487729.7055623986,44669.86634680011,496737.4337647565,24796.951480551867,487716.1131584581,42292.646900323096
1258,488188.7227955548,44834.300147014015,496995.36723055306,25107.396948199064,488156.2195166346,42355.13635231232
1259,488849.3902758048,44916.51167531574,497716.5357317647,25637.48369161725,488494.6803068716,42034.3656453338
1260,489131.2489269408,45416.48805774999,498227.8262230075,25456.548953587044,488910.5395449261,41671.73280655894
1261,489487.1290508803,45197.54471778102,498402.113760436,25650.66986485334,489012.89477800747,41825.34584714433
1262,489895.9250117615,45402.71278187776,499196.1308660278,25158.983219812173,489135.7641084697,41312.22518288115
1263,490196.60570256936,45389.52173261225,499862.2293191018,25074.4425374146,489318.06044330064,40957.47853476787
1264,490581.4577817532,46176.731455495465,500547.3247776184,25052.484450859472,489880.76876852615,40999.65259093154
1265,490603.508197458,46137.35537487723,500974.1799823207,24824.04835250683,490660.8901736427,41162.62792616664
1266,491153.44264944206,46102.91535194244,501309.9435490469,24932.770327888964,490830.7986700577,41342.05583803952
1267,491707.9851977356,45511.37221278894,501691.28189753264,24863.44826294485,491485.3937988896,41258.78388923279
1268,491639.9702297876,45594.82257828489,502197.0493890034,24424.416395572123,492012.4708236001,41780.98750845235
1269,491945.2895648632,45889.00310305012,502964.9741524908,24410.755604810685,492242.4495697257,41985.87742338902
1270,492623.3464575986,46145.74534486503,503715.5403081529,24580.35394994284,492831.97180735786,42321.38332795756
1271,492978.4276734996,46417.5222341138,504367.0810709077,24601.51734500525,493487.36354353774,42169.38156452197
1272,493170.0624043204,46924.96300235936,504291.7152543229,24342.31901136364,494329.5981017568,42053.65633085484
1273,493734.2307133608,46859.14183798081,504685.4896210572,24494.73991182584,494456.16009870137,42037.053085660846
1274,494210.3712913215,46686.95514193064,504516.1443850907,24656.775283433308,494799.16942337854,42349.22885911779
1275,494588.7299470768,46481.978411756005,504928.64865796536,24595.02826703172,495179.0145869727,42384.2499820696
1276,495116.11823969305,46265.58432388908,505728.7379115376,25149.685325548435,495715.9068658763,42576.69849392883
1277,495428.3850308904,46722.57323997268,506465.4851706613,25242.106867607174,496054.7499938207,42146.229267367286
1278,495772.2097583806,47215.41180325751,507051.5063546725,25580.37773132861,496327.2958492247,42675.36787751936
1279,496035.208842712,47069.07317485356,507568.5425783348,25902.645213296222,496400.8859918693,42367.17869059579
1280,496569.3288443912,46658.58840005934,507976.0475771995,25992.58096213215,496501.4877507623,42536.962618815305
1281,496957.6716266911,47112.56151859167,508324.02117116674,26511.20039196285,497386.9807052019,42686.22365118411
1282,497348.8415408345,46884.53852557746,508771.6486946445,26677.56781056423,497281.0260762928,43351.74197055513
1283,497944.9914512752,47065.61138692118,508632.1295058805,26776.39527776219,497904.1577460432,43572.2084585554
1284,498416.6055605382,46565.37355351951,508792.49190572434,26509.01560432834,498072.50276590895,43489.957155996126
1285,498637.27914666745,46480.11047260447,509072.31626884,26433.669508016515,498554.3937145114,43663.721035859584
1286,498956.48697693495,46594.266209742746,508918.9293946064,26336.599998246267,498849.9564567783,44070.19274301492
1287,498906.75967116375,46624.03871195124,509845.9869534792,26456.27135455164,499170.4413050053,44348.73756315756
1288,498971.6307001898,46976.13749536975,510192.18766562,26373.388376637067,499544.8671512343,44246.04450249369
1289,499312.0609434896,46900.11073730266,510787.4027677329,26380.38168026455,500021.4483398509,43956.13916149632
1290,499741.5356130814,47166.56549092407,511237.2328934224,26316.57483712148,499980.9423036004,44370.486038615454
1291,500116.9834310073,47300.64586882581,511446.6098322687,26194.983754025197,500396.9356602516,44121.85669295431
1292,500691.5378885964,47341.66162969125,511845.3369645787,26306.23828992074,501030.3078273116,44217.41621533752
1293,501257.9646224111,47637.28221108608,512399.8553457006,26120.368088701038,501277.92111289006,44258.13193362983
1294,501475.933284823,47454.1171588207,512633.03252972953,26041.904375493785,501741.4388539073,44347.534660148274
1295,502227.0381018434,47402.683147944896,512930.8390061891,25804.24363784519,502159.71507526666,44331.09057461216
1296,502463.9941211818,47571.77745623034,513132.9335444219,25853.42535052172,502356.2100332353,44428.49929210328
1297,502784.15904477576,47411.06716797998,513400.7341751169,25881.24986268566,503269.726108324,44476.26349064608
1298,502973.9653643656,47449.13220675285,513499.6632689966,25951.64728048174,503843.9762355352,44861.66479705415
1299,503666.7340122303,47538.90339115005,514169.6282688162,25771.537477316782,504312.6429389513,44494.295092903856
1300,504357.3817953098,47855.29461746387,514718.6959767504,25923.054934941545,504535.4095319967,44797.59962011149
1301,504378.2056882108,47898.20403605905,515296.5919381612,26298.87265950134,505199.5596409929,44683.36466113147
1302,504692.00976968056,47498.69837374843,515511.616047757,26816.0603246222,505334.05398202816,44854.27805164563
1303,504778.9318589768,47484.264118928666,516106.670350028,27071.89672099785,506102.6875494663,44963.56234812254
1304,505208.7213265418,47385.74607999864,516363.8458301723,26785.01341014661,506654.2776910236,44666.99599288783
1305,506243.4800826684,48194.98317207187,516750.7121563853,26997.29636765555,506528.126410958,44635.97170011642
1306,506599.8066717403,47776.48278073032,516985.3180689722,27086.653185865205,506851.18860233214,45024.21312578023
1307,507457.00066956633,47650.62652757807,517183.5635771096,26890.511361465436,506862.8700950448,44832.173843254976
1308,507647.892752589,47593.08267579746,517514.0642182521,27646.03193110649,507266.974049756,44892.37894790561
1309,508053.5357716448,47466.92668608242,518423.211068638,27666.12188205918,507794.3674139961,45006.11029689924
1310,508178.9389589416,48178.78842147868,518496.4827466186,27860.50839583244,508161.2880719093,45316.51344412172
1311,508516.9753962083,48072.34878341997,519107.73007618607,28497.68908722552,508451.5762035362,45360.65168317483
1312,509001.8867652736,47752.18613327816,519505.879093893,28349.39748337996,509305.3647392454,45339.12451627353
1313,509331.7950665976,47922.016136789854,519799.268730303,28224.78342112729,509793.1415276172,45546.03968645269
1314,509430.25785125466,48277.76490074098,520039.6679248253,28025.63320831729,510167.44165354175,45980.98352327992
1315,509630.44863545976,48356.3917597477,520118.19362744095,28019.757731306112,510632.1153777255,46423.611419943896
1316,510271.7992641343,47702.19563610417,520810.86676021584,27802.024985446416,510654.4594527787,46468.66609926037
1317,510580.4689338535,47696.67395922383,521625.585219944,28005.11220504708,510813.7223378274,47042.459358566295
1318,510838.5047798408,47407.64022375636,521707.3248235796,28236.019090695507,510992.0299035007,47407.20222038902
1319,511455.8167645283,46887.9596483573,522304.5361884412,28466.76871082544,511476.6267619725,47602.54136024649
1320,511680.3233435793,46969.53757437871,522832.9798086255,28229.33079750292,511643.6693414204,47836.51111973283
1321,512164.3232806701,46452.03191087287,522969.9982778927,28153.35284929892,512101.1054684867,47858.47356144383
1322,512558.45392399904,46947.95305232821,523453.6786988027,27925.94714985,512827.0209416202,47884.28744963591
1323,513009.9877074412,47125.65497660826,523831.4597590983,27880.05708269065,513310.21564262046,48203.22683174373
1324,513151.70503029256,46991.35378717095,523854.9715695855,27624.49928486248,513864.1592508429,48103.95267220221
1325,513721.0445790435,47205.40116306924,524577.4391642094,27519.5148122171,514334.7451129271,48704.2800658124
1326,513989.2864487519,47176.01144969219,524948.5494204682,27541.38343816725,514646.12671852496,49117.027137551326
1327,513853.035833012,47163.17992579676,525036.3079949047,27484.129399677146,515364.09773849696,49336.33505973862
1328,514315.0290214553,47248.64578093684,525088.9703964974,28183.39134380684,515965.14880759,49613.36403596029
1329,515021.5352836798,47503.959424091736,525482.9991636233,28146.3359721546,516915.1811497592,49811.51888819064
1330,514967.250302322,47988.86182171328,525606.987093251,28060.49514403222,517522.12101003807,50160.94125723318
1331,515121.05126721633,47509.812864440566,525904.6707455792,28167.88532668936,518285.43103941286,49572.43583152633
1332,515683.3463828497,47851.21356744013,526106.7164053413,28501.829718814937,518617.1776646979,49515.50233007939
1333,516190.1680165,47988.59815056567,526498.1376112199,28313.68141046925,518800.10486122745,49653.424582256055
1334,516809.8911925197,47871.76082455325,526681.5339046473,28510.375233950246,519183.81211919617,49328.70886219389
1335,517393.7854188982,47678.70472804607,527399.9559581585,28374.91299396719,519467.6249859248,49272.30395164181
1336,517780.35638057336,47523.1449272291,527666.0794858944,27914.194812244878,519978.8149081625,49176.477476037
1337,518039.69066047313,46908.39872173093,527343.992380936,28299.59262908592,520376.5326600772,49197.77812121211
1338,518388.9486718968,46980.82515837269,527480.8849329083,28600.494825687085,520653.7268537792,49250.91911726288
1339,518812.07072387246,46960.91522542868,527585.0493093122,28894.046010055343,520553.2404863826,48965.06388579747
1340,519255.5549795985,46898.92001895606,528098.9048810159,29290.201718708755,521466.1605932818,49778.14387120255
1341,519582.83161515184,46646.47069424065,528359.0193497454,28692.554535939737,521767.224786315,50436.87783113271
1342,519836.1660203816,46268.70660990027,528609.7286348712,28377.095992564893,521631.7310908964,50771.39104240661
1343,520485.82801211486,46858.3756956779,528416.8008555771,28358.32443169284,521889.397066061,50911.73605259005
1344,521308.9278919468,47404.3959055704,528896.2946337232,28660.52178088953,521767.9707238984,50962.32951767675
1345,521471.9638616211,47246.36128981581,529476.5363366811,28658.241565751632,521381.36223872704,50790.667927338654
1346,522103.533899363,47711.1976226457,529878.9961199262,28597.610992401573,522240.22282112186,50412.06929610132
1347,522455.82652295736,47725.83864829106,529825.5556733138,28565.52408016643,522857.9087043292,50579.15645789348
1348,522662.8084510745,47759.88540817635,530483.1904610813,28872.05988283401,523199.38477630576,50487.39409776775
1349,523287.25015223736,47848.8348501151,531418.7170003519,28268.686888593464,523837.09190746414,50641.52100555716
1350,523733.15649748966,47693.08446378532,532008.4811148981,28348.684717673947,524614.0326361668,50733.51086985446
1351,524185.3202513962,47545.79899750399,532547.3597609408,28288.171164673528,525318.2798930722,50399.57382002192
1352,524521.8603374647,47416.50297968432,532894.2267355312,28327.698771458912,525546.4448853963,50076.84618724874
1353,524718.5706137515,47564.72227113395,533552.239794781,28675.194353462008,526097.1756310083,50091.20752232994
1354,525226.0609157488,47660.43825347726,534102.1320548692,28641.912516560977,526344.1875016324,50143.29188893529
1355,525298.0697429434,47577.87670422017,534381.9223311071,28657.486267894645,526615.9325168362,50217.97780768792
1356,526035.3141646598,47687.96043357265,534143.6097865532,28703.75226441705,526631.9802359298,50532.77766797396
1357,526181.2896788813,48422.39762985049,534225.2639706917,28675.494353572278,527077.386835373,50224.85788991101
1358,526182.8591196968,48448.4190108226,534258.0661153455,28987.570491507293,527037.4449896954,49932.93996474198
1359,526508.7931800481,48583.80824184903,534701.2538949056,28968.95956825285,527170.8175368236,49696.86372393722
1360,527031.5093590048,48597.74788113133,534614.4168647159,29072.384338470965,527523.4606868832,49928.09656581576
1361,527514.7793231058,48807.6631467264,535012.3481293775,29292.432915138776,528126.7340109795,49783.01813805632
1362,528192.228610424,48545.92374356765,535574.9570993622,29463.338074664145,528431.6887760974,49685.046042449394
1363,528723.0708918468,48212.50438625688,535805.6689128629,29454.439999588463,528782.3536999279,49901.94931955815
1364,528905.3976106243,47797.81178242282,536207.0824390461,29369.81944002053,528788.1079872367,50211.654299154965
1365,529454.8408962771,47894.526641926444,536602.8553225563,29198.50795847757,529408.5464791078,50159.662405347146
1366,529981.8956820159,47336.92588707325,537104.9710417432,29325.50488190281,529436.8853447385,50506.31096157773
1367,529982.6141194955,47235.6822680795,537205.2108244225,29267.39021231693,530040.3726822219,50244.28402192776
1368,530393.6981075552,47358.8364979987,537496.7788254258,29264.79279979733,530371.477549885,50952.46403009298
1369,530521.4059300972,47462.17829709128,538001.8872022338,29218.370004670505,531124.3259191862,50885.08895171005
1370,531215.9640080372,47712.70189104951,538646.1673879662,29495.97486189996,531186.4301194797,50587.55158127951
1371,531475.2100744203,47589.831952039385,539302.308062332,29445.600657762618,531810.1504613224,50441.38769106608
1372,531896.199604756,48076.08922465245,539871.305690605,30049.85468236778,532243.8566355917,50886.03218987417
1373,532236.9198039836,48403.51890750851,539802.5480471982,30047.155661024644,532830.6440674502,50995.70118224976
1374,532514.0267669329,48679.72875763832,540427.7836699585,30394.567203218787,533198.0491643386,51224.367539816
1375,532832.4159587186,48891.525418143465,540681.3999664102,30495.887941363468,533632.8594149079,51138.05970747656
1376,533114.9981107375,48798.08423239876,540849.2212873244,30972.80895662219,534019.0589554246,51403.22781675489
1377,533343.0797109563,48448.92105148391,541358.6047680785,31273.68959068354,534409.3062507596,51149.50084323694
1378,533453.4702888456,48778.26196351942,541660.453165119,31496.06670725544,534858.4978175249,51330.96328204971
1379,534010.9106862068,49316.55491279128,542434.8581005352,31910.1921942004,535109.7043811518,50989.9625863382
1380,534322.0250417677,49330.437919513264,542770.0942806371,31652.831920514025,535633.8887841373,50882.86834687548
1381,534193.2740323863,49516.02818772898,543260.5159223408,31724.689097441325,535787.3892373631,50713.71819854186
1382,534465.6336797083,49564.22424688366,543380.1590872861,31250.15205631534,536365.072537628,50580.29433552651
1383,534666.3909820023,49552.74989492751,543653.2686582817,31326.48081028032,536239.3954686419,50940.23471994525
1384,535046.171077233,49571.24382172042,544416.2356363098,31518.261487663232,536780.3979587967,50975.55170319228
1385,535662.5972862199,49409.975350347166,544367.011247813,31494.97619566253,537135.0739043305,50818.67098254081
1386,536311.0568016144,49242.9479275999,544657.4510962253,31337.528212960584,537718.021556281,50907.378256343465
1387,537126.2939551335,49060.21610872505,545140.5406692965,31389.37886846963,538718.214843989,50975.92392125802
1388,537176.9248110455,48976.20462826704,545404.8618844461,31538.453213711717,538827.3337107927,50869.325795649136
1389,538173.3452213863,49095.0870750212,545525.2643108227,31688.7866387158,539074.5989117812,51206.54354224995
1390,538346.7025249669,49051.54960490161,545920.5369964124,31589.98781191699,539348.7833010086,51201.95241828817
1391,538765.5622716098,49443.95276323535,546552.1857720264,31767.242103587578,540071.2593229231,51543.85717029501
1392,539043.1851806652,49308.66979657554,547224.5426124276,31584.338006969705,540865.133754302,51568.64718741936
1393,539442.1906160287,49020.02744440288,547863.7904251579,31529.75405528686,541181.6012641337,51251.6833884252
1394,539706.0627563794,48964.82365286127,548216.8971675545,31939.833739681195,541757.9631111774,51573.255221558495
1395,540129.5862097119,49135.22677060967,548583.087475735,32209.974744551422,541914.3283377707,51962.6883623687
1396,540555.7365289168,49611.10623447304,549128.0129372843,32163.52296913052,542734.7524168015,51816.33433592836
1397,540922.2930509227,49461.61243737331,549603.9333771379,32117.198307460967,543086.1734013349,51398.73788109771
1398,540851.4633752336,48846.05217044418,549558.3974771022,32202.147548068657,542800.8065110521,51475.68329235036
1399,541555.6752180799,48770.38576527087,549598.3395729915,31805.744388245763,542240.1106712666,51699.19435855557
1400,541427.8510700578,48816.71021988825,549511.7089054163,31749.71658736627,542791.7716137705,51352.61719433642
1401,541429.1293302254,49001.87063300722,550235.2557957034,31714.19552666342,543272.791386815,51677.860777652415
1402,542063.4485740941,49205.31511609065,550260.5355829283,31677.390625848933,543241.4854073047,51385.79808196218
1403,542808.6163540591,49633.02637688943,550520.9348730176,31858.378935426324,543306.0237748624,51504.09294432769
1404,542665.6046837753,49648.66041484377,551280.2748251468,32179.41349881927,543016.3818074409,51425.508899566565
1405,543434.3775089104,49618.46605672773,551379.105645882,32037.26654610175,543267.1797289186,51355.67135328164
1406,543676.5231679745,49441.50581328859,551465.2999137251,31649.773898178537,543609.7961458901,51191.55869855268
1407,544060.7018779219,49153.67626990463,551959.1340771436,31535.495252431843,543900.150109917,51336.50850322521
1408,544366.9344028968,49127.646274825696,552478.3022328917,31657.305578267744,544500.7334960276,51270.96871637032
1409,544705.4111762352,49655.498072955656,552710.0342005789,31624.58976473664,544713.5590009129,50966.719038587325
1410,545333.0260252032,49182.7271646556,553035.4920823565,31602.27634217175,544686.5069776706,50904.89467279429
1411,545950.1912063758,48974.2879756605,553502.84981281,31881.789644145432,544950.7585725418,51026.51737928712
1412,546533.9018379705,48963.63070985989,554132.2294632861,31516.16054338238,545530.2236297319,50857.03812271288
1413,546790.166685114,48714.00482568096,554263.9275542569,31194.26063817593,546022.7432289346,50882.51101275703
1414,547411.5851208135,49106.98282578509,554978.8582645828,30817.94267304521,546769.6957035627,50901.13451069381
1415,547663.1911432756,49064.7382244163,555664.9895902429,31037.284174197852,547254.5834284637,50963.87726058366
1416,548161.2916869048,48906.12206903848,556497.21009084,31658.37012392,547693.5798367623,51680.73868612325
1417,548804.2902115029,48842.26039907168,557222.7628739203,31688.99353266676,547985.0807989083,51391.385298163324
1418,549469.9595080072,48524.149348350096,557940.8074101568,31768.024264403262,548765.4130567828,51452.75601924527
1419,549542.1350658946,48997.96198441932,558076.4140123145,31570.46190538189,548891.9274876425,51929.96296160598
1420,549680.4934186018,49304.77656231774,558323.3308607086,31921.775822232667,549095.0292732622,52207.99953570225
1421,550270.7822333305,49006.253702977,558739.6501300682,31913.11214952284,549469.3580902109,52151.44764723597
1422,550686.7048647997,49225.90393299864,559560.359443362,31908.12934347236,549312.1217388532,52146.10330617906
1423,551154.2481985061,49455.33574555105,559658.1273565409,31922.127417794047,549714.8212437953,52102.14149323489
1424,551150.97781865,49558.2982684185,559816.9486141626,31633.41372186917,550373.1276028595,52064.30819795359
1425,551382.3749092536,49483.118547112106,560043.5664313049,31772.14033698457,550570.4468258538,52219.22905451869
1426,552088.9661257674,49151.18700598002,560221.4017448239,31984.231527562493,551221.8948008042,52316.12596018848
1427,552417.4381737992,49136.23853894645,560496.2320956264,32288.124130195967,551658.7381142315,52522.40807530113
1428,552785.8229970572,48979.91964942791,561220.1398628498,32296.27052483067,552271.1213377917,52617.299984310645
1429,553919.8975992693,48863.889706298505,561877.9628258154,32291.319020957093,552518.9352437336,52577.61580772234
1430,553850.4765223115,48949.80477472476,562270.5465688673,32694.65511540768,553303.8130104725,52697.15578185316
1431,554196.7634744777,49123.63118702957,562888.0598613496,33042.73562228773,554003.4618348113,53019.12477913745
1432,554770.2031796044,49522.0318017934,563169.4449522275,33338.433200852254,554542.694996633,53205.857080869406
1433,555344.5066967035,49920.56512188524,563796.3842968814,33575.84968677802,554713.0774506745,52950.59383127005
1434,555836.3568282375,49912.58868202038,564223.078246974,33643.63528196752,555331.2182174555,53155.506217455855
1435,557016.5669024573,50196.52313210806,565021.5675451806,33496.465981646754,555524.1748109064,53298.332400268766
1436,557498.5059174439,49926.67822516055,564887.512324221,33484.09125339117,555853.0122554476,53281.8214900103
1437,557981.2617051604,49644.66063182433,565105.921130733,33541.24070282405,556174.1957819143,53055.89460982023
1438,558790.2886250998,49702.95768279106,565132.7812844309,33804.12644310533,556360.3826189926,52918.24482618591
1439,559007.0671397451,49707.908003474375,565207.472854075,33549.02401114989,556847.9762047722,52999.338561964
1440,559102.7322653441,49823.08420909033,565845.3042670365,33839.57972415798,557671.8140415244,52978.500487673664
1441,559648.6010117789,50090.48605432605,566116.761376383,33704.38480955827,557502.0897484074,52925.33729239357
1442,560222.0875191479,49744.57096402008,566685.7238076748,33924.21848941336,557872.1987930064,53041.01459413371
1443,560510.173963684,49615.66836377786,566933.8674558133,34174.415764711266,558362.5869236557,53576.03825496502
1444,561090.3822099218,49210.066201238296,567229.1288474284,34559.82889557838,558789.2327494245,53498.95421119473
1445,561301.7790814312,49301.17517901432,567246.4720739594,34688.2767873217,559090.5121089828,53838.26358131792
1446,561750.1803151725,49444.557458525975,567709.9184353233,34458.8494100398,559461.1365465999,53594.54740539262
1447,562213.07917478,49500.58835714884,568227.2081280896,35081.368841830554,560128.2209844224,53372.32291083586
1448,562793.1465367671,49580.13478147396,568507.3744610727,35083.78341195234,560192.5126908107,53493.45618427023
1449,563208.5469843282,49167.98838463364,568566.766608633,35350.61129896367,559815.3595190609,53579.08288794784
1450,563081.8494988048,49208.12105244402,568740.1036712419,35195.76529259852,560486.7240541612,53469.321310397405
1451,563716.8418367641,49171.27494001696,569333.0993450105,35060.32113628465,561074.3510030489,53451.21822566927
1452,563808.2551357469,48974.25131983309,570120.3713965619,35566.83920141753,561476.0499309938,53797.60075334921
1453,564174.4842924688,48988.50711805804,570947.8744415496,35260.01890430572,561959.8247821081,53666.35909452316
1454,564367.2006103859,49213.08578790751,571323.1477173846,34895.8166964209,562059.3013868888,53429.53452627089
1455,564789.13357206,49523.59809108755,572097.1871708718,34548.935421133494,562399.5364989227,53264.36508718002
1456,565682.9093956782,49561.09283248644,572377.722172145,34811.995024557174,563054.3276830004,53342.90613052335
1457,565661.052794947,49330.7748679134,573099.2666360518,34829.78273190741,563202.0844312158,53568.85409112087
1458,565599.2056427634,49176.11384970131,574177.4098488942,34978.901720299786,563535.8674096944,53918.53161463588
1459,565230.9094599447,49507.41073483591,574425.0513439586,34997.576793359745,563900.2014562795,54046.85536976252
1460,565604.0696006245,49470.09976029582,575115.4254346259,35054.68448798974,564535.7712662788,54157.36325042793
1461,566054.80986587,49494.82633713492,575255.7993281826,35344.604925924235,564833.2466664673,54185.46801506874
1462,566108.6676672847,49478.958041120655,575184.9279541542,35181.61856015492,565509.4501120778,54085.824089761816
1463,566763.5016210307,49670.67543925312,575647.901797389,35152.20651395685,566061.5601523577,54056.0352109053
1464,567275.294116407,49989.05326704864,576030.9791865894,35047.04464584515,566258.4598627725,54130.63585926721
1465,567445.338955412,49696.625124227474,576449.4172410386,34734.158552102446,566677.3427623304,54752.67315409706
1466,567800.2992095656,49703.73533896376,576737.4892977688,35183.601336279855,566844.4041009928,55255.4557751574
1467,568133.7371706311,49571.662427724375,577001.7394896983,35176.61092730922,566815.6111741863,55119.48849784185
1468,568172.0871536899,50304.731365209074,577355.0446491749,35192.95595398758,566992.9260943969,55116.28526979122
1469,568264.5362394364,50441.22345595509,577720.989003967,35043.614093803204,567226.2787459005,55091.7964753826
1470,568870.9422938349,50683.271683163686,578139.7816178738,35729.75238806406,567010.4118629937,55112.20747525345
1471,569514.4414934542,50885.10677993549,578517.5654672455,35964.75229079986,567443.2178919005,55073.89410348009
1472,569139.9740508836,50728.69546184116,579095.5696546354,35876.650612149046,567906.451979527,54777.61561290992
1473,569359.0116722326,51014.829487811,579519.131823419,36163.265418428186,568600.6582395999,54900.141453614335
1474,570000.3396877765,51088.83522514141,579380.3087413403,36597.425064150055,568781.2469886075,55015.82492749636
1475,570097.350932605,51227.79669405785,579536.3023996449,36867.563902319205,569090.4112298824,55225.03082826324
1476,570334.8456089365,51110.82309326179,579918.1542429996,37245.58946693353,569709.4855961745,55372.07102269297
1477,570848.670754538,51007.84610789704,580287.166980288,37661.65192347836,570234.3682879654,55815.24594046421
1478,571170.2631807284,50935.27942410331,581070.0054681733,37643.08191152664,570356.3261719142,56028.04677198489
1479,571266.6094408242,51205.75572922299,581524.6546790393,37620.77469108209,570656.1360273989,55895.80649301249
1480,571268.5170222865,51524.31001624649,581775.0658015406,37720.397641134936,570927.8390358442,56221.22537751452
1481,571677.1986162469,51324.25393919197,582132.7859344218,37523.64460433072,571225.7967490449,55913.1636472003
1482,571769.4441233198,50884.24039869352,582658.779885211,37577.49812929099,571705.7253929103,56039.6278741013
1483,571935.0088524559,50962.93263997546,582912.9329327482,37576.59084838596,572211.0118486208,56084.05680234405
1484,572435.5873441489,51122.88635963866,582905.3010034629,37971.61487983509,572357.0796197236,56157.33723641647
1485,573098.8527135341,50894.62460583579,583410.4294606209,37512.3507192192,573017.9950236415,56491.53239775897
1486,573157.9217417698,50642.95624149669,584024.9199561744,37825.17514539618,573769.4520566986,56482.23183560395
1487,573242.5185872554,50495.58621220192,584244.7517435628,37949.90478166458,574033.0725991521,56652.59981403341
1488,573312.6695549687,50423.87331175381,585040.5648856203,37948.81613546473,574360.3634810424,56520.13676409261
1489,573414.8174376029,50206.36830934422,585437.5912218906,38281.882985616765,574442.5855049475,56801.05312660571
1490,573457.7554932813,50223.277968959446,585573.4092325694,37829.93938496817,574844.2554499191,56373.70770566477
1491,573104.5223404083,50252.252269594814,586094.0438807162,38374.51885636653,575115.9379904498,56395.65105816205
1492,573466.7945650124,49972.18115043581,586580.7109440811,39188.88365138352,575233.0420146137,56308.51121266479
1493,573844.173470745,50343.80857792482,587226.2104441307,39478.31458845348,576230.842340493,56520.1631367924
1494,574405.337939153,49849.40493529901,588162.7133496109,40063.55975254542,576800.4719326857,56529.88574745707
1495,574789.534359666,49628.92376056426,588704.4196310914,40062.498088212655,576994.8347785507,56419.88616737995
1496,575316.675525748,49163.181270844,589034.413026168,39870.180489117694,577279.1653456811,56321.89586441441
1497,575578.6389358331,49461.99961704116,589369.4389781153,40153.93464583659,577753.756284591,56572.322860782166
1498,575950.5103686347,49225.70989296986,589714.1463080338,40730.963981152025,578121.3639546151,56754.98148052424
1499,575939.8945370188,48803.80691989009,589732.5433399028,40731.2139148064,578794.8918122944,56933.48141674141
1500,576231.7398978262,49009.93203838294,590081.3474120874,41063.27947423574,579705.8055336927,57216.14855390596
1501,576808.8238842573,49292.455891964426,590292.5686216324,40774.25902659168,580311.0271916506,57452.40702174653
1502,577193.2749398705,48904.08998230669,590912.6372238478,40599.62250363282,580995.5198546577,57616.71796226012
1503,577596.1541874199,48671.54468427751,591221.180240067,40668.64636958286,581048.3790721587,57548.33781729169
1504,577889.0389328953,48684.855242177866,591837.1446841523,41079.123847046685,581346.7751585038,57284.2322963383
1505,578111.2212774928,47757.45669554316,591924.5812513698,41190.2696197383,581854.7552252632,57720.92665156987
1506,578558.1057493642,47561.94868862943,592288.5031745686,40926.58507781462,583005.4051893661,57523.40573484017
1507,578571.3765285842,47050.94212544099,592994.1080554535,40937.037032453896,583247.8394179284,57429.75880944398
1508,578588.1811632549,47027.177978172935,593197.3040651085,40782.490780593565,583511.7542788053,57671.65293292973
1509,578836.4520848619,47159.72833878958,593748.9763440952,40368.323934158114,583949.9588523105,57762.82977569832
1510,579389.532206245,46711.70194739156,594225.6731015337,40601.16959865057,584301.3470793186,57653.26871296073
1511,580121.9925618966,46764.34378036086,594877.5508157507,40767.75926565244,584433.2727061298,57959.66853740817
1512,580498.8220017618,47131.42670770484,595450.0783050448,40954.14593045351,584719.9811646246,58121.96140957953
1513,581551.5511500189,47515.44728133712,595821.5396313649,40863.74417779143,585211.0108776902,57999.44645329346
1514,582069.0489656979,47656.45192567595,596156.6457181892,40641.86684746999,585716.8602110205,57687.09137518104
1515,582528.694188693,47539.8308869892,596453.3977046016,40789.83415943693,586321.5198386303,57416.971255937126
1516,582326.8251224465,47498.56053121979,596904.5457187342,41110.43146426669,586388.5130215723,57760.48722753523
1517,582332.1938143555,48019.36308705997,597633.7048133938,41063.83884334485,586839.0537664002,57543.13745052097
1518,582903.1064385094,48159.17614157773,597921.6838685074,40935.51493916464,587521.2161380936,57708.06878631265
1519,583258.6701341446,47988.20023430396,598708.8653914822,41027.728154288365,587991.1219939073,58151.359125654206
1520,583809.368918768,48250.45283958029,598862.5391535057,41045.0785193608,588393.0158662107,58345.47083078481
1521,584439.2706945029,48455.01213281012,599317.8376804519,40948.23791151596,588719.6582783734,59043.52848880659
1522,585035.5334690263,49024.80233344565,599251.9306672666,41101.50822012729,588708.4417997157,58895.94383744182
1523,585541.325923607,48944.93894092546,599551.7463058489,41092.17768539734,588705.5908833924,58982.29888859703
1524,585859.105321869,48472.5363331769,599792.070002516,41115.34399149867,589321.9062236932,59120.18159288043
1525,586323.0455154116,48115.12409413584,600148.1533292787,41409.00110643507,589798.9970759067,59369.46895538556
1526,586542.3068745757,48640.371253604055,600495.956024714,41483.14341699734,590067.4160340391,59286.26949140698
1527,587076.8118502209,48664.13329723931,601111.9582391664,42056.17138146542,590141.5021988346,59641.27704713805
1528,587616.4052369304,48808.9185928037,601809.5525916117,41760.286501613,590028.7326863139,59915.86462009957
1529,587874.945858213,48487.30985927809,601777.2328914207,41818.64822256599,590269.9903984339,60098.50744210558
1530,588621.6973997599,48333.13891824138,601923.2845047163,41860.65212561436,591025.1412216816,59855.40055905545
1531,589312.653723652,48281.86200588553,602328.2531658325,42250.5377466221,591530.7645983432,59952.244129352846
1532,589520.286660494,48216.56603831358,602445.4292134412,42639.551988584426,591998.235555901,59863.19332423973
1533,589853.6767198446,48449.59373151142,603048.7580770665,42835.039397693465,592739.6987526818,59980.75272408998
1534,590613.9246941453,48179.97168552357,602813.9426459669,42687.65986749964,592721.8741866898,59793.21862876422
1535,591048.2690939817,48026.01383040471,602711.1678020215,42513.90673183091,592798.4452648526,60263.03060827741
1536,591436.3467461776,47673.63945831954,603010.7616393729,42555.521262944254,593133.1320580684,60282.08576401529
1537,591898.9840507654,47729.68547985945,603297.5920945171,42432.85045205095,593721.2267879632,60346.32947325426
1538,592064.9218651045,47796.76814500955,603381.0711104453,42505.28093792792,593915.5511020307,60369.44885083759
1539,592358.9537760378,47595.08074193136,603555.5708182055,42300.42545354091,594465.7261157439,60617.04133926336
1540,592850.4672886822,47450.42018390596,604027.9840945733,42693.702479632346,594580.5748876358,60362.43394640393
1541,593149.97255689,47603.27051285394,604108.8151851421,42560.25779882813,594614.744294878,60609.83646851421
1542,593588.4382135276,47283.77578317378,604142.7465505048,43349.24100657925,594855.2063585457,60861.28602910413
1543,594310.0947276226,47400.92959265076,605026.751968556,43646.93869077815,595059.8632733033,60792.01023601123
1544,594457.9861298213,47333.530374489455,605163.6095052862,43113.74990863393,595216.6352820194,60964.525868797886
1545,594321.8637269994,47423.1936533288,605423.2998701043,42964.39613966806,595483.1889185013,61338.138620903104
1546,595027.1621090849,46911.025585821386,605984.3011247179,43007.51805156081,596043.5667107708,61303.63376144348
1547,594946.1202562836,46657.47397044299,606367.0214595905,42719.40993497583,596115.0648021789,61175.03360334432
1548,595652.9227915274,46775.16547045713,606760.8752880977,42972.355098123255,596791.3011115429,61286.28093130307
1549,595762.20781907,46956.092789906,606906.0679680441,42876.44098519598,596998.9851230577,61607.16186347781
1550,596570.9874439224,46735.60478024135,607634.1213724155,43182.93580941771,597150.7852013531,61531.36685586788
1551,597346.1511117459,46522.05185181635,607666.9651857845,43154.2187789849,598064.6524993218,61764.01901521871
1552,597544.871333376,46701.88652358535,608094.5209810303,43475.20708822177,598581.0850484143,61842.769424768376
1553,597524.846714732,46706.10627405548,608770.4963472099,43205.398908396215,599067.6602751717,62227.69227677924
1554,597697.8254949314,47072.43124559104,609398.6128912547,43246.35958673688,599345.9586448037,62436.98094151147
1555,598531.9843478597,47216.59208029065,609681.3343466802,43338.94353306527,599641.5229018582,62569.15017938651
1556,599016.9709906622,47385.52479774073,610382.1927127733,43335.12066486207,599875.9521303063,62297.64349111378
1557,599675.6916546414,47026.12798478149,610484.4425923356,43875.97333589243,600335.8091683633,62879.71616429902
1558,600734.5233835105,46917.94497899906,610789.0036985064,44234.27107045144,600240.7402425446,63205.824487246886
1559,601233.8681072479,47095.06798096785,611012.9227208294,44126.5771011338,600694.3051079719,63485.55758820473
1560,601435.8371435265,47062.535935986096,611074.8464266564,44286.12575216603,601170.1195224542,63817.76063732787
1561,601752.5912763008,47021.82572075585,611333.0831965462,43856.723156666485,601357.3250789831,63915.92955073751
1562,601948.3279358723,47169.83993302019,611224.7061581684,44154.31795468562,601847.533566091,64513.738346162194
1563,602506.6263271951,46983.69905556202,611767.6721497182,44837.63258997656,602065.3148198511,64812.13163173442
1564,603203.8240301176,46934.62665205675,612612.2577054718,44550.74351663239,602381.6410948071,65063.91075887724
1565,603518.5400306612,46715.14961340514,613224.6991741094,44696.77736666777,602361.3201185855,65132.12916656912
1566,603851.6453955417,46134.7457343133,613520.5108847594,44510.70831559398,602810.5682651973,65360.55442891164
1567,604151.035226097,46564.350201476045,614027.4694608974,44516.71744412072,603740.8420370413,64786.05343087094
1568,604962.9268307536,46894.1869656342,614165.9050999412,44489.57379133477,604298.3303323204,64458.33074866196
1569,605441.7746465174,47066.9444709139,614680.313996364,44618.1135486504,604760.5399683509,64144.74766470213
1570,605845.7674647532,46902.22840144245,614787.2727981671,44351.53286741022,605152.088070823,64205.88138207694
1571,605947.3207302917,46790.30172164227,615068.0099791267,44417.81210962639,605656.709333396,63927.36792070043
1572,605781.6062193406,47127.5106514953,615569.9345152491,44705.35048501662,606233.1210743876,63887.04918737381
1573,606348.6727438116,47221.7811539767,616365.1894511047,44526.00899525471,606358.8412162431,64247.35859886049
1574,606580.2366966887,47271.85879319719,616733.2904146017,44624.77498597166,606592.1659012744,64189.23980938749
1575,607100.3122665016,47534.975225234775,617184.0242531124,44703.2088095163,606590.2043319509,63698.94105595614
1576,607555.3935753659,47713.45264346369,617908.9701976876,44571.01827817341,607005.5820499135,63961.74201805121
1577,607975.4653338951,47369.20074138624,618629.5073433217,44602.55607177081,607545.3778459769,64313.750251799946
1578,608537.3180479452,47825.89407633671,618780.9388139208,44745.42771887304,608174.6651365787,64242.86392131164
1579,608638.1520905661,48052.0947673702,619337.327478279,44747.89350231058,608329.6315567018,64047.7457098914
1580,608964.4757331222,47787.58778280064,619792.5153702309,44754.08846339317,608402.9049844068,64350.17575274104
1581,609230.9784377847,47660.85322455397,619523.4500121184,44771.28225421605,608472.9700098386,64058.85020771231
1582,609463.7746118491,47720.82190813773,620109.8190448035,44886.98439966127,608399.7743448213,64016.71102799402
1583,609482.0924708472,47894.89562351351,620607.6978251077,45232.57211672352,608312.5823741269,63681.5152885552
1584,609196.9025441641,48219.94551701712,620990.4714762411,45487.41992020293,608260.226364299,63657.01399979611
1585,609645.0833271652,48550.85249486702,621104.593219157,45126.35795885362,608559.1227915027,63910.344350005056
1586,609660.6104588818,48964.2743042191,621132.3895361922,44915.78910766645,608528.6980800406,63785.72363390433
1587,610325.5900860447,48793.76963241573,621902.7801407306,45215.18887051496,608764.4527610189,63502.03294944331
1588,611010.5259180136,48333.07380798821,622501.5047042656,45077.90017430116,608912.7489741537,63499.73469352999
1589,611189.1864681718,48606.84963356191,622986.8885125539,45286.71318486454,609383.894350981,63225.41514931002
1590,611582.0803056499,48592.48756944978,622864.0749857776,45619.96241821736,610035.1885583482,63213.99426095089
1591,612196.1077443345,48595.77169532633,623428.6941038885,45691.79918021383,610544.715905228,63323.24834832074
1592,612031.9831217302,48997.59451671374,623729.1190341692,45991.82993619475,610489.8870179371,63350.23745528475
1593,612603.9008954557,49028.25919285743,623892.4430060341,45993.57456512282,610634.2644905214,63409.19277371253
1594,612908.1912992307,48777.62556592642,624355.4639811851,46042.19783562304,611030.9647802713,63776.59007123611
1595,613449.136123865,48618.49563572706,625043.0494579305,46123.67810804775,611601.2941720352,64019.33086472932
1596,614258.6769052998,48598.91509062584,625485.4315434116,46701.26572776768,611753.5183398923,64140.87373648424
1597,614925.0732847748,48451.11572532474,625823.5156200886,47221.88952181265,611955.3963426596,64396.5856219865
1598,615451.5229401215,48798.76576046691,625817.1180262348,47452.22950339221,612212.1458850603,63590.520374395775
1599,615858.917773912,49149.736426558666,626401.4341471357,47783.03709277741,612532.2799810277,63876.2653799131
1600,616379.3722505836,49088.93065635605,626479.9557617491,47584.261208169504,612810.1058217098,64143.31969075237
1601,616733.9541777892,49141.65402095352,626962.2900840084,47939.94339913742,613298.2853713267,63916.17946362681
1602,617200.9940617305,49167.65074162963,627362.6468335747,47787.02325531502,613260.122119822,64281.90597673004
1603,617556.8371809807,49064.95083549804,627699.7700705657,47477.146423389546,613675.3150746592,63936.49557191444
1604,618230.2935799657,49208.88868494317,627891.6679289105,47772.3918715818,614068.7835915508,63729.80049590453
1605,618675.1074877366,49458.41358502752,628116.0004986743,47539.32432988348,614834.8940067674,63601.882129500125
1606,618801.9993979996,49339.5823801808,628791.7787361688,47513.45685591718,615397.6742918947,63441.51316204592
1607,618988.8571878031,49687.96689266034,628998.1443873007,47731.64668088276,615888.3723837608,63577.29365254165
1608,619223.6934641574,49536.8444833509,629540.0000648631,47667.72697020645,616204.3862116847,63708.40542423355
1609,619352.7476691358,49478.98565045132,629904.5840424772,48259.16832629345,615807.8533976205,63832.91005912366
1610,619962.8278156605,49813.25414580615,630502.6445693097,48453.43127830127,616604.3138555164,64368.937283686326
1611,620177.3174909202,49945.65195411832,630708.8025319247,48721.985639860985,616796.4369309082,64830.99881875164
1612,620284.5956857296,49926.380777978295,630917.2105672397,48719.44387043498,617190.9598024221,64499.23568710421
1613,620658.8269950661,49891.762734614495,631485.9124547624,48646.16789885885,617938.6587826239,64720.12338138852
1614,621082.6715979895,50277.00736345084,632049.0177215252,48082.23933190408,618094.3231533511,64586.710860160965
1615,621677.5856402045,50363.49684804614,632633.8273227469,48434.98148003662,618333.8731373597,64514.379998754026
1616,622219.8087308379,51168.67140073189,632807.7132811308,47992.55600354661,618830.1014795207,64392.22358960442
1617,622361.300569575,51392.00838030487,633035.2382845695,48052.824445883794,618729.3009625054,64218.231344470034
1618,622929.1346230411,50946.67453732863,633501.8857173438,47902.54804126565,618911.3827231952,64112.53069362993
1619,623334.031423874,50970.46550584034,634063.2161647396,47872.983726396014,618961.5247418915,64612.01415667737
1620,623208.6479142004,51602.56806868952,634844.3399180805,47982.10684963295,619408.6405776886,64381.44948243341
1621,623044.4225632414,52381.95360471218,634995.7868637459,48042.09771367199,619692.3090321374,64844.98008457405
1622,623443.6867634796,52699.67651692895,635175.3709695068,47673.75631645495,620005.1741402823,64778.440583649455
1623,623440.6425990602,52830.13281521193,635637.6356274085,48132.76619707979,620493.170070054,64814.881812453765
1624,624258.6300257775,52273.29504109592,635559.3633049704,48170.13350178257,620742.1016466893,64824.302978085805
1625,624822.4238691429,52105.439850612485,635849.7805967713,48446.45110178799,621352.9591512944,65026.6239805041
1626,625221.4137789131,52300.80324241962,636302.7303024658,48741.42331973065,622169.5173092753,64940.037506713714
1627,625648.7518707092,51909.6696823416,636730.6533365478,49202.12655129381,622400.9961470701,65055.72695908457
1628,626161.4317924429,52092.496512597856,636989.3663427065,49153.205932508085,622310.7714281516,65128.37239716724
1629,626670.1642287166,52562.93860709704,637458.5660657828,49131.57943656318,622761.0217403718,64888.477248038274
1630,627315.9686506332,52703.22735788902,638079.3207329261,49439.13734886009,622989.5627467221,64883.648405472726
1631,627663.5384978462,52822.30047786865,638709.8555012913,49674.73659157205,623619.7922079951,64947.55407856016
1632,628063.2964625543,53230.192262703655,639093.3558661317,49947.11376653895,624050.6303233817,64873.12289844408
1633,628263.0961348582,53076.37398937595,639385.1732466154,49919.14059712546,624535.5267033972,64671.37504997021
1634,629104.9515475212,53090.91798450944,639994.7327350186,49812.234021550925,625156.0196130115,64792.69388397417
1635,629530.4312683585,53236.42083920253,640079.1446946093,50055.96984249204,625511.7490520811,64516.85912914373
1636,629833.4540696446,53125.1850235066,640463.5517097258,50288.039663175456,626469.4273523339,64768.76510979888
1637,630204.1876186006,53012.854221453454,641390.5428829361,50121.0415116404,626959.4612008379,64554.43774049981
1638,631010.2926323375,52934.82301014692,641634.3676958878,49212.152627568525,627264.1240821241,64944.10933034852
1639,631618.8354955061,53204.55378113762,641843.1317086323,48892.38356472232,627161.2040182811,65155.61480916909
1640,632185.8914969747,53689.44561803268,642355.9485542981,49051.00002913302,627710.8456410965,65321.4699379272
1641,632700.7385739771,54028.26434094772,642776.6175148606,49376.20588165792,628083.548762339,65190.76009563995
1642,633209.767681494,54436.74792511024,643255.5456814712,49162.88688267026,628563.332738287,65754.28814526922
1643,633244.1072489456,54546.06492932467,643978.2645198363,49508.88720809539,628643.3720731486,66085.405936898
1644,633331.2246912558,54374.91828237451,644193.9237158395,49094.20279308765,628808.1136451113,65811.3617800377
1645,633872.1578884253,54570.05317221745,644188.7063590944,49365.64504896635,628880.150605232,65865.51079638301
1646,634032.4421551592,54752.01040491717,644737.3510687295,49263.99380569209,629548.9520212138,65716.47679660465
1647,634680.731502075,54203.92163383931,644990.178191771,48981.73271121128,629959.9126700861,66064.2273777415
1648,635179.4691247818,54236.64493181403,644911.4092420086,49149.65010687725,630432.5218944836,66105.71012609336
1649,635044.7618723942,53518.513044931686,645625.8878735569,48851.96163848954,631161.655337655,65708.87458464294
1650,635204.459617793,53773.65362063359,646211.8808998651,49089.86664665576,631648.8299044265,65807.78246614005
1651,635465.0960418801,53432.9253413684,646465.1338366473,49447.72241890145,631667.3068870656,65961.89794974358
1652,635762.6148871246,53682.90040804347,646567.8778089887,49760.694235030445,632202.926874799,65715.62403820493
1653,636003.4573388395,53762.49919409431,646865.7638723687,49779.74233616633,632457.0411759403,65572.1065353795
1654,636236.2715941063,53711.90156807262,646939.2987467337,49544.72926985633,632686.7959234664,65495.59480400685
1655,636397.4779423041,53779.971414469685,647731.5538191773,49700.02162251599,632615.9713098987,65637.05153991148
1656,636415.9743554328,53786.4421307261,647749.8214502354,49337.145824952895,632881.2372688431,66243.29500453484
1657,637340.3113943635,53695.96602114599,647587.0656068106,49583.97471183558,633349.8538594644,66323.78173706596
1658,637806.5508286746,53426.72281325129,647651.9117598732,49392.86482031709,633300.4918098643,66418.294896381
1659,638435.9532653056,53182.609459738655,648586.0843799885,49895.38599011058,633731.1389610734,66653.48098031602
1660,638820.908976381,53106.29103432253,648634.2695439387,50044.88502906128,633544.1168300187,66686.98772233643
1661,639059.5097439622,53091.58062626798,649142.0939786189,50338.10641740943,634274.6547411723,67025.36441961661
1662,639820.8116068954,52888.31614195942,649644.6885686277,50017.49646865,634879.8697562168,67271.10032156357
1663,640038.2040023216,52917.92399238468,649695.922001675,49881.80240715869,635308.5615111094,67391.29013910878
1664,640390.627584721,53238.573158841245,649776.7281328092,50126.10047912019,635996.9401035692,67757.9374427663
1665,640987.9773968129,53244.734293925096,650019.2722853648,49931.20557466594,636863.2398341517,67715.21666190308
1666,640874.9347484603,53222.04532107109,650273.7403902443,50221.00001782489,637461.7801183457,67522.2316556298
1667,641410.3379980135,53059.96116068884,650877.0233710385,49975.11754323148,637999.3572539876,67909.724603089
1668,641809.6444296527,53302.444819018776,651166.4640621761,49828.47762071045,638278.6559527549,68231.29682486995
1669,641918.0879132642,53383.04316007262,651900.6605020106,49719.081931754976,638390.764758245,68011.72897127953
1670,642189.5702197481,53969.06953179956,652041.4189059552,49541.27726432063,639125.7131090515,67532.3476571751
1671,642409.0146595931,54063.2007828608,652212.1322314518,49381.051370207,639502.6819278711,67572.1418015508
1672,642430.5015638992,53684.37606280202,652404.321907511,48889.05269145781,639774.3359340772,67656.36839968505
1673,642244.9022670191,54006.6631643478,652808.8491718408,49128.89958568929,639721.9376396028,67581.29116865374
1674,642510.4344371423,53820.64431649951,653192.9313106306,48777.04694655175,640226.7756325335,67867.72642376173
1675,642669.4065070368,54268.98577290912,653067.3348189801,48230.95453732318,640673.1625028354,67804.30116680221
1676,642794.2827217629,54210.99283109207,653244.7830941143,48478.28460896544,641293.4929848249,67838.26227746478
1677,643369.8163131254,54379.339526264055,653672.8744541126,48664.23388501154,641909.8399755748,67548.18541022226
1678,643939.8185316296,54730.27143113725,653904.4565835301,48586.2051643735,641904.257482946,67779.37554023613
1679,644809.7019453167,54721.615571827,654329.1793675805,49039.30128093594,642083.7653378148,67817.73401246416
1680,644874.239093331,54887.74118198075,654616.0720232787,48995.94536609492,642492.421081156,68032.97455853484
1681,645429.5270010259,55064.077973625215,654811.0870340677,49102.41304884187,642769.7375727699,67919.44617203299
1682,645913.6387691784,54960.87517304085,655312.4939006394,49176.50646789432,643525.5391405349,67722.11569402594
1683,646090.2995984048,55495.83073730191,656072.9982248003,49130.43906014087,644032.4298505569,67890.61344732056
1684,646333.0708034532,55472.04965567201,656572.4344040824,49194.47831069746,644315.4533528988,67991.41944308381
1685,646741.0154378463,55329.22416964125,657122.5656513965,49051.67479618365,645129.1389403979,67888.84503263964
1686,647179.3556341775,55793.49807717201,657465.8758463045,49422.36781304789,645349.7888148226,67765.0418381711
1687,647026.7339876185,55796.55861541668,657740.9288857116,49881.69585577802,645577.8591482445,67451.55313581617
1688,647000.1693306878,55160.44434764726,658269.1244264434,49416.40900145421,646307.8073025586,67272.36558115632
1689,647022.3639399174,55476.96469342038,659149.2023226351,49337.739896456245,647051.46236441,67050.15870554156
1690,647362.7837829153,55578.99151376179,659617.706946045,49206.189553366974,647463.1700377453,66698.96411445306
1691,647713.8453990137,55576.44402564646,659674.3366983036,49002.019685699874,648047.6809640875,66957.0722687871
1692,648050.3307196063,55591.432230063205,660314.9947839511,49214.51485024815,648661.94532195,66573.57026157454
1693,648002.7520040455,56208.58258387348,660502.4900396251,48911.97308402006,649381.8013053068,66751.92203413125
1694,648603.4003086041,56427.28459760129,660853.0866243703,48943.00276793695,649579.2346395279,66533.3732479951
1695,648931.8868162205,56771.76799284769,661423.5668402491,49325.848697996014,649866.884974766,66509.84245391091
1696,649245.8418968528,56389.56489334391,661660.0855947923,49123.77271445055,649919.5094473144,66856.25635948048
1697,649757.9555706612,56327.595641526015,662527.5528914833,48954.04181134835,649942.2790379282,66694.13680534966
1698,650117.6992041979,56638.14381377076,662363.4057719233,48678.82265291416,650214.1600333704,66358.02253936902
1699,650869.716946036,56941.8488832365,662859.5807156086,48670.67416534099,650305.5104526974,67307.87622014302
1700,651427.6985832856,57041.01782238354,663209.3383326085,49095.94410195413,650597.3127620739,66882.52078464067
1701,651927.4737539444,56660.44078233048,663924.3500141619,49444.95084303923,650957.5057215026,67153.11769909102
1702,652720.1236474284,56862.7644820909,664444.2187991355,49347.39997284374,651301.5388017204,67461.81995423682
1703,652761.4385183253,56694.39683656692,664939.8716866361,49479.757744334034,651897.906760935,66944.70770954192
1704,653320.7119240446,57103.14338736296,665184.3651843754,49304.33785405192,651917.8337528845,67453.4221344377
1705,653856.5510384972,57351.92945393724,665203.4151273512,49107.26422398952,651965.6069732024,67350.31449611795
1706,654258.8443935437,57658.09672111939,665183.5767454866,49124.6685509446,652240.7574510186,67159.63262872475
1707,654792.1400119775,57929.58145450819,665615.9797610128,49154.2742439595,652455.3265245219,67262.70633735505
1708,655506.7143402558,57688.00167214935,665924.4450587344,49361.15767681433,652476.0156801234,67063.44028573086
1709,655702.5216117882,57419.59405696983,666485.9391555857,49799.228942830574,652732.5482724698,67229.79171177278
1710,656133.0035864079,57495.78104338316,666895.1821128272,49551.589674279785,653058.8424385287,66642.67813973245
1711,656202.5969486289,57274.09564493221,667462.2646764232,49682.860428779975,653680.1797751246,66442.76624505922
1712,656533.1613923929,57436.70992937653,667892.7373362463,49480.132578503486,653961.583081385,66342.7457482869
1713,656895.4929568513,57378.93392757144,668330.9901659617,49564.25928322225,654443.7703500821,66281.06461369533
1714,657438.5509052548,57264.156379314605,668324.2983855738,49365.92685596317,654828.8274698874,66149.66501651685
1715,657497.4958393623,57000.25280927813,668919.9663206819,49465.92035861567,655413.068958788,65857.05927597996
1716,658121.4684757751,56687.892950474255,668972.9586769657,49521.02637363752,655807.6576829939,66111.4678391536
1717,658727.400492027,56612.29861246696,669519.9403451534,49653.2485223773,656117.761735989,66151.61094565141
1718,659263.1592899467,56422.48395783548,669861.0078635247,50006.44303498353,656669.7398242106,66397.45943598481
1719,659686.600463286,56571.37924889326,670184.5746430736,49841.26640191843,657327.1226828721,66249.46033720188
1720,659784.8835163349,56630.31197562303,670271.335252159,49671.85554285388,657508.89813686,66441.44006916825
1721,660537.0630763883,56990.28706686712,670463.2578991434,49850.1838073216,657705.1147225315,66862.5612516092
1722,660819.5945482478,57647.61548885738,670882.4647196598,49729.01032930162,658011.8346659557,66704.6520875907
1723,661664.010403988,57257.24633392232,670893.3841576821,49498.06414800487,658184.5896090555,66713.42074676373
1724,662148.8087871353,57409.56101972608,671042.6564335377,49880.62882300311,658475.4529516633,66472.2600410841
1725,662676.8183147614,57926.14236770936,671385.3703427449,50086.45276868071,658975.3796006055,66856.1288596119
1726,662790.5907214312,57986.0933977412,671846.7521720913,50086.65958609677,659330.8484508387,66966.08552838465
1727,663663.913406207,57993.03423958195,672484.5525250003,50167.474090661526,659488.8170692836,67239.9249873351
1728,663947.5913404322,57890.03682065001,672338.9065493573,50314.97091168568,659919.3223616574,66986.19807848468
1729,664100.7064644847,57744.72302533009,673061.7736224668,50368.32368904025,659401.6583491772,67172.24023376127
1730,664354.4167000863,57594.1780163071,673271.1954114072,50298.70654732116,659906.0822056225,67431.32895297161
1731,664609.3534321301,57671.38354094944,673779.0789779362,50010.321664331525,660006.134230206,67472.34306522444
1732,665033.4477172073,58070.746724319055,673943.4962883173,49925.96694657407,660157.430910073,67740.82563763404
1733,665438.3488337243,58246.56850410029,673978.2637320337,49965.056753153294,660182.2031220456,67902.71881040085
1734,665793.4433317488,58298.20863429983,674227.6125286485,50553.73650156917,660465.2458004274,68102.24216270124
1735,665860.7382433674,58687.59271681836,674723.6253977806,50593.00003046067,660559.4508406282,68204.65363884564
1736,666220.5690071619,58469.29534968542,675235.6407805227,51192.95348964758,660916.718859175,67851.31317738607
1737,666685.8488389591,58584.16821434818,675344.0074955432,51472.28196801009,661142.0370215845,68084.63449934055
1738,667178.2213170561,59078.14793568731,676133.9772558007,51453.3899520312,661379.7379860396,68224.72375669962
1739,667442.4801855966,59413.95508431264,676525.8959295853,51287.84482586544,661480.8210114173,68206.62113191029
1740,667879.3052198335,59784.97821508945,677317.6321194981,51422.6921458933,661895.2370174404,67983.95235343382
1741,667864.3887802118,59715.6773830184,677517.9565167194,51145.3840196605,662110.2649494138,67971.15792739963
1742,668349.6305974231,59663.98853837926,677549.4465958476,50520.16442065245,662237.8506143427,67890.27958954999
1743,668761.4992967049,60458.76431196285,678006.6435226926,50728.106067170185,662296.0349018584,67568.5824333841
1744,669184.135880342,60595.29932898955,679037.6692940287,50929.85052434212,662278.3049677263,67376.45163701026
1745,669198.2358404065,60658.68925632994,679415.3619260632,51080.835074334296,662139.506095338,67315.92180865603
1746,669618.6517413219,60511.58094241224,680007.4332234907,50898.1512485663,662666.9499656607,66972.95614696112
1747,670275.1693136927,60450.73054144692,680481.701841388,51142.952645623445,662743.1855095315,67242.34119163155
1748,670328.628097595,60458.58462555445,680557.615156484,50898.24566551285,663446.4003875866,67283.39704416662
1749,670826.4674587736,60734.375048908754,680961.1639319422,50664.406650751895,664098.9962475158,67153.98917491506
1750,671007.505435607,60382.18033184175,681719.9442540838,51175.29587176142,664597.1578995101,67343.32531222871
1751,671571.7219448535,60209.85094285231,682185.372083553,51278.1395812359,664952.3178152498,67498.45849609897
1752,672158.1639727186,60365.657211474645,682596.1639156163,50855.01470997538,665480.9208063025,66983.48974367123
1753,672244.3423698333,60639.972436709526,683029.5868357287,51077.29403669191,666028.9072509682,66659.49625224671
1754,672553.0561073825,60345.683759403,683546.0378697925,50892.66181242122,666571.1124816813,66792.13777598477
1755,673193.5170853355,60531.73676847771,683790.9596125958,50873.00478603856,666804.5028538327,66405.88130495056
1756,672920.39618541,60073.781009844366,684464.4678908514,51343.983434198846,666999.2481392298,67047.44654296445
1757,673207.5360369623,60209.0994863577,685169.733067422,51007.73936816498,667064.1536010612,67294.46494963364
1758,673798.286833014,60293.30779796425,685835.2375428348,51492.08417215506,667107.916365616,67324.3667361616
1759,674053.1456432759,60489.8969875435,686143.1256389763,51341.70755211572,667406.1330522497,66923.45795856477
1760,674249.7288096658,60505.564756548265,686435.2376098121,51318.27959981526,667689.6926699739,66881.85127507192
1761,675140.9503889467,60724.496550605,686728.7374898817,51522.544177088304,668157.2137506597,67085.09506856445
1762,675798.5513674392,60776.4283761644,687424.2050286056,51384.17350166072,668524.5776711602,67030.18121167317
1763,675765.7601907927,60416.874581261065,687937.8344904742,51273.44993133931,668638.345129356,66846.0925153665
1764,675743.3565205019,60114.554611533546,688137.2853725308,51413.43286230988,669246.1892282558,66702.60957597979
1765,676374.0258480131,59824.92886528312,688582.7677713266,51350.61180454249,669660.2766652028,66728.87688800685
1766,676925.5768115299,60118.3015304424,688439.7098014941,51479.77003368449,669813.6222396048,66806.04745796022
1767,677614.9229593833,59979.53155277483,688616.1111110768,51609.78445608263,670349.7124217554,67216.67858523861
1768,677800.2372865282,59621.372869251645,688878.7491168333,51737.31974550118,670661.6442310349,66470.88566289788
1769,677922.6847438193,59974.65351995257,689572.6523913994,51615.09466048121,671259.7986320014,66860.52706405289
1770,678364.9131409627,59816.14063067667,689662.3782343676,51763.39161014111,671311.4582299702,66949.90888624072
1771,678746.9471081332,59453.60411694423,689774.3358326069,51727.09400690045,671549.6684109054,67036.6185628805
1772,678553.760248069,59707.70318809694,690247.1094025185,52084.134757369495,671749.6301860263,67535.5576263784
1773,679460.2013047745,59884.63418984927,690541.8538937467,51867.62077396435,672086.3383153469,67114.14723972138
1774,679964.3564185814,60385.22586056937,690759.233759724,51583.205589753285,672618.9677924161,67015.05436605685
1775,680570.9249370137,60762.70543144639,690927.591670614,51870.14907213051,672841.5920193682,67116.60493209497
1776,680727.8652560395,60877.019267987394,691473.8317427897,52191.08669305629,672795.5958609299,67010.3287213293
1777,681163.5678971934,60566.82842559052,691999.1817727282,52626.75931321687,672997.4019112273,67497.2414398904
1778,681565.6556258537,60836.53424493182,692407.430455315,52893.8530957956,673092.6275915765,67478.27751528616
1779,681696.7168776644,60812.93258080503,692829.2728606336,53283.04757232203,673962.2610560431,67735.20006235702
1780,681839.5747605008,60979.106131299486,693008.7656391363,53096.24999327395,673845.0162968311,67651.06523901806
1781,682102.2527157792,60959.39650319161,693620.5285800643,53229.16592547968,674979.8862485429,66927.0561944457
1782,682287.6588729819,61389.51214797874,694047.9877830644,53274.96669806854,675949.1331276684,67140.83656786467
1783,682762.2367245574,61554.32129817228,694336.2002167061,52899.45423877904,676554.006638902,67452.99981008553
1784,683180.8141157855,61846.321000552365,694617.9661391083,52782.98421535215,677156.2298247039,67422.5803694182
1785,683392.6803464144,61705.55493833801,695243.4393319793,52770.70723077993,677484.7319688711,67318.26582218724
1786,683781.364553531,61623.656200770165,695277.6441400714,52642.44603434433,678106.0711425644,67167.71918316222
1787,684232.6163466254,61268.68919474444,695266.5402030165,52594.05655934968,678305.4538637956,67349.80596126415
1788,684366.2220789097,61742.63032603297,695371.489501168,51904.93658907572,678804.0613556486,67024.1919286612
1789,684529.2987796597,62209.43171075204,695480.601801206,52279.91323585023,679065.338421765,66951.41395152773
1790,684635.9943040201,62462.08824307588,696319.732565136,51850.22640811303,679718.4071537609,66949.17279665882
1791,685113.8207965144,62147.451203807446,696701.9986746031,51661.178706069,680096.6201011587,66786.17897575354
1792,685274.2054081524,61977.41659661338,696926.4182080163,51759.82183534856,680921.4231952642,66665.5378975834
1793,685604.3870568429,61557.58315973194,696798.3426650572,52057.008218430674,681022.0729016622,66417.54720184993
1794,685631.1357272541,61302.53719551196,697389.1263338733,51957.46521456225,681346.384921756,66437.37769336054
1795,686108.2038335728,61483.12062115976,697788.0083902811,52287.74238781743,681732.1513464634,66354.39671518398
1796,686520.6232997103,61519.42333738569,697687.5671467416,52389.9947676624,681454.7133629916,66558.15672444717
1797,686667.745046175,61793.16022125632,698009.8503436864,52144.95115550385,682145.5308815115,66627.69182333001
1798,687224.6742710549,61647.92175359263,698491.0533010492,52132.53781341791,683052.3004871691,66601.71797757718
1799,687204.3158131798,61682.601339495406,698522.8284334228,52292.68032005859,683258.347676806,66819.2868106436
1800,687222.9582568177,61916.78179708671,699015.034652856,52448.91078430205,683288.259371678,66890.49428054363
1801,687587.1735752365,61834.68503491302,699072.6483938888,52804.26187004351,683670.6478921024,66863.29715060968
1802,687739.0822872593,61996.52749134733,699597.6388910472,52635.03759750713,683720.6015877497,66685.63950165542
1803,688001.2741039774,61888.755979725895,699669.2161423762,52475.97572161464,684292.0606171094,66649.40958346453
1804,688406.8713207484,61690.03306974049,699614.7091525036,52786.82213380939,684751.493646555,67017.06925054501
1805,688867.8717508281,61877.840914504406,699886.2737225366,52275.07328801449,685380.3124617126,67036.08821482227
1806,689890.5541764449,62506.74033250559,700149.1494980638,52042.82500627965,685622.9612835879,67078.23984914635
1807,690349.455745186,62483.45972509644,700417.6018719333,52445.64238479542,685715.6123431136,67201.04281982534
1808,690316.6640200249,62438.54084618857,701082.1380647349,52270.74823895476,686200.4240615435,66979.92475036666
1809,691204.9508698769,62882.64686862958,701735.7899436611,52056.858448831896,686542.4757380435,66951.42125476895
1810,691319.8065155289,62801.59162254229,702267.2015218281,51883.69434449954,687141.0533616093,66558.94066626458
1811,691926.7681888156,63030.45206705369,702277.8743880179,52532.83889579209,687416.886175685,66734.70367843666
1812,692336.6271846571,63446.359270464745,702630.5310598114,52076.2724827095,687355.9522765395,66710.04245547878
1813,692942.2909281073,63228.29088927712,702857.7601121706,52195.57310771541,687766.5744383617,66386.79916954841
1814,693137.7418714466,63273.3728921206,703022.9333673625,52501.384979468574,687813.7048211012,66694.27373586509
1815,693466.7409013112,62921.34574549199,703434.4921985067,52377.27047621894,688382.8967422409,66683.66977678491
1816,694096.8098689128,62484.69798315835,703403.8102803302,52304.06448379818,688933.1482668518,67118.90758944843
1817,694136.9336565797,62408.21215601943,703942.1003121228,52355.60563491508,689212.6141380755,67242.46010622339
1818,694454.297398841,62417.614657523794,704510.1368875847,52562.17813860541,689752.2925898491,67389.10461008176
1819,694583.0963572814,62655.828904430506,704676.9615861021,52356.92382172713,690052.5175213309,67357.56682368365
1820,694860.912132289,62894.94101602665,705169.6058921494,51941.1663460805,690472.7132215311,67462.34177340537
1821,694981.7538818086,62705.3171889884,705530.5645753103,51794.19692167606,690745.9475092997,67446.2119441844
1822,695108.2768562117,63094.9523440731,706033.1201333932,51810.64822180832,690982.1507605356,67437.61565438643
1823,695627.2704425982,63516.1482047537,706094.241912132,51542.03671303627,691392.3170928363,67367.6687082843
1824,696222.5669387702,63387.050558882445,706455.9577474693,51535.11370120715,691850.9875980965,67079.56401953778
1825,696667.549966366,63882.83696275693,707227.3018560916,51043.37211246249,692422.6689946197,66705.93906006913
1826,696680.9870322669,63551.4329103898,707345.8121276492,51178.19769184502,692924.582415168,66219.16520372094
1827,696823.5512000637,63658.20089294177,708290.6656168513,51210.398776661736,693186.1961644113,66403.7572329634
1828,697156.852324775,63653.85748225357,708533.8203576839,51188.50192258155,693169.0043872845,66229.13119985117
1829,697627.5796363823,64015.13452000292,708591.7475267702,51406.91800211728,693646.7854613808,66511.77554925112
1830,698017.6755864415,64326.40156412409,708989.4218589463,51353.92599646803,693943.554922143,66856.95020803485
1831,698602.3594108239,64530.64095928807,709670.7487027575,51100.94777345912,694318.5123481344,66843.0734852157
1832,698326.2416776902,64657.31124227803,709910.2189618244,50717.32711518067,695051.1068290797,67182.48192425168
1833,698714.4701578349,64897.971668021855,710350.1669156111,50752.10412323547,695328.470563153,66772.36721005572
1834,699164.6071535347,65138.18714964319,710423.9227956163,50685.62093728657,695406.9446719999,66586.68737538948
1835,699445.6989964016,65298.246678230425,710929.7598875791,50079.05549892032,695714.1277843609,66260.9448285591
1836,699895.0256131894,65388.58180267467,710910.7065618669,50098.4053051184,696472.4700294863,65679.73423636777
1837,700324.5592422418,65436.406437071535,711390.8516435227,50216.82652251127,696727.0821800106,65719.8474895144
1838,700363.2376327893,65709.90540477903,711738.6684129499,50462.01965943071,697331.1095937679,65801.95240295236
1839,701088.2981076539,65205.23482445481,712393.334663196,50769.250321210646,697030.4119005004,66008.15313008243
1840,701628.9976025911,65353.89058361183,712785.5201151664,50722.99751755921,697310.7667909921,65946.7990752299
1841,702115.1426206386,64948.73738190172,713048.7128300427,50293.34147058336,697602.0708094932,65964.97054139269
1842,702144.4949960524,65016.54087369783,713582.9146651761,50285.18639628733,697938.4662929486,65793.63587928923
1843,702621.4198987756,64638.64602632178,713166.2421038544,50474.52637029978,698162.3624885263,65779.3616734832
1844,703433.9147685363,64566.48616624915,713515.2338353661,50731.89596456424,698413.0904555925,65905.76526904707
1845,703440.1605387877,64419.33722980373,714034.4645238903,50871.61354897531,698499.3323462992,65620.61942572279
1846,703408.5256082491,64590.54894779812,714507.9715883196,50896.82528138718,699304.5313425462,65596.22909891489
1847,703817.4912096467,64771.77938671904,714684.7432200101,50717.28601801447,699642.1924270319,65557.00871386427
1848,704295.8781628127,65040.135893750274,714657.2966499847,51146.68890080623,699804.8321190726,65780.61591273666
1849,704834.2213622722,65058.7722469101,715233.6930405309,51173.988263174906,699976.977614216,66415.24889971763
1850,705332.0505439675,64702.45873836783,715450.7931264085,50958.86841533414,700073.3894837386,65939.63253347027
1851,705567.1494114745,64283.48543316482,716100.1326694171,50867.80703155835,700430.3961456495,66446.92660022785
1852,706109.040687721,64317.69055184443,716477.6594826281,50581.25759932288,700648.577271695,66331.33751391532
1853,706145.7457618698,64090.503406790776,717053.318293403,50435.265467194506,700727.2575996883,66353.29769470198
1854,706231.5120946185,63822.61745691856,717313.6671711877,50382.41178326355,701221.67072372,66568.26745452418
1855,706666.0994729039,63503.2141514394,717342.0987800466,50395.20162412418,702151.5024360948,66357.82297487401
1856,707003.9909933635,63513.82927274484,717772.6883648711,50431.291705799,702261.102991003,66345.19686445141
1857,707581.2616968659,63866.78508234283,718337.3393197743,50673.11418874971,702519.5159255972,66649.30394092087
1858,707938.8507536629,63792.69035346316,718709.5199832428,50278.66103290342,702841.800556135,67169.97400964872
1859,708940.2207252354,63930.33123120773,718580.6207218772,50340.09144812262,703046.7527965552,67400.32514914364
1860,709491.8967536654,64339.8792911868,718984.3527496543,49840.4040368353,703193.1671379854,67871.6023420992
1861,710321.9991920997,64069.57468487701,719570.8688615101,50331.85112036842,703697.7734182854,68110.85846227573
1862,710578.6455178111,63720.87544263575,720164.6983414304,50063.741020417365,704344.2551898216,68063.42564047803
1863,711120.8234697552,63734.85915978462,720734.0358606328,50037.10138990175,704717.8188530788,68346.89903982016
1864,711691.2578895773,63594.06591199518,720930.0364207027,49852.029892751496,704959.3606966056,68344.24876178442
1865,711816.8147763932,63863.89903749964,721175.4379507542,50216.497207076936,705006.3840668723,68450.02216360324
1866,711905.2642832873,63572.11363300193,721369.2495561888,50706.11770848629,705405.9857553092,68560.02982934611
1867,712452.1659271943,63668.93188092638,721827.002322969,50454.05499403359,705929.2259508545,68886.46179860279
1868,712534.4539934472,63660.55454941491,722292.5355631626,50598.53421083621,706439.1336486272,68892.60271381654
1869,713322.1178324878,63460.38507641544,723008.2553490291,50916.42179251626,707045.5701261472,69042.28418824675
1870,714012.8456112394,63736.280206650496,723265.6798763715,50620.53571215338,706895.2826669225,68369.79904601116
1871,714200.8375290667,63743.77535696727,723276.2885893297,50999.53542939614,707331.8594697191,68420.53678137957
1872,714548.9503290191,64162.47890014738,723973.7880913011,50748.38462821263,707639.4453967367,68612.18490760351
1873,715013.5729202128,64337.263252530895,724521.6604943926,50826.98258104657,707834.5145063621,68787.02540291053
1874,715834.0929457943,64237.706909895554,724740.7713616432,50855.1692596416,708332.1875338384,68740.0728074277
1875,716685.6276067216,64351.60429467734,725033.1468409116,51094.73865209098,708523.1506482406,68570.93538595666
1876,716930.6704335519,64714.19526033749,725581.6939897995,51072.91490615586,708435.1253078552,68614.61428980978
1877,717186.4663397416,65109.25676372928,725922.3429036966,51634.79593815714,708435.3155700528,68485.20626263048
1878,717916.0427368212,65283.51993044494,726230.9609104197,51592.70362045983,708956.7085842597,68682.97295336898
1879,718839.3856824193,65699.02486550204,726497.7307937745,51328.35720337188,709864.0893713188,68289.72052590793
1880,719090.7842950226,65366.89409680309,726682.2472681465,51552.01958622753,709961.053692961,68682.7518761309
1881,719583.2955863343,65465.70691819963,727177.0220793169,51122.832811198765,710815.1942477674,68612.60970917682
1882,719594.2154974889,65117.06541571784,727496.8931856733,51314.08305223571,711090.935881763,68587.7810296864
1883,719919.4712416532,65116.00751457505,727628.711959303,51325.53578031085,711686.7701000168,69142.57280549748
1884,720019.0366592916,65104.62705538052,727808.642602058,51758.02348625001,711791.9906845359,69040.41301804122
1885,720127.8512820711,65908.69805070879,728206.0603276894,51764.89830872502,711956.1564564807,69076.6842373271
1886,720460.8530990987,65776.20099069616,728409.4129392677,51985.49202009671,711986.1881804334,69305.55295208251
1887,720466.9851719926,65778.2075978642,728811.645253555,52039.07175041414,712702.7524554785,69410.89396309762
1888,720464.0328315198,65302.551417329625,729377.5494442252,52633.666298445845,712782.3066423766,69432.3361213372
1889,721177.2769566668,65554.53456643499,729827.3449118871,52662.63251725627,713344.2150984171,69867.3671937715
1890,721665.4403590143,65389.17440053848,730016.5883227781,52235.405783875336,713787.1535720795,69454.1786874555
1891,722327.3902511898,65798.40139829535,730352.0193325732,52576.11703694366,714206.2461853025,69667.50603694063
1892,722540.3947618885,65574.8102225698,731250.313953726,52792.80427600838,714425.9184045193,69610.61371562316
1893,723333.9719518153,65665.30263536685,732054.4050672419,52424.61221175882,714579.1813090956,69920.4752923851
1894,723401.0840240024,66078.9304846556,732187.9501898091,52302.57808481537,714652.0948751909,69843.84992216862
1895,723676.761445253,66424.12894358175,732804.027604305,52607.27354872109,715365.3273752893,69513.86878005855
1896,723761.1613362425,66390.6367089911,733173.1396700446,52275.31953079026,715754.2039116323,69518.53955756637
1897,724257.8363964694,66408.6720414792,733294.4487704479,52496.95957655282,715846.0354125304,69381.30948584358
1898,724781.586032968,66643.64286809506,733479.2892398791,52225.75174800634,716170.6551820979,69326.40794480269
1899,725340.2137936612,66311.75208636225,734238.36567068,52108.65932349183,716615.0228408359,69473.85965177203
1900,725508.5371387394,66371.92044032452,734603.7474771019,52046.720995100695,716605.233459979,69333.60133062435
1901,726118.6675053111,66211.90180777547,734832.790751605,52663.92599585678,717252.035221881,69511.39275459477
1902,726266.1006353762,66458.22737093353,735407.5296673208,52390.35007445615,717646.7494546468,69388.75924205323
1903,726651.7483658893,66703.77043427055,735771.1985080178,51615.80530953752,717987.2381515692,69430.52008479895
1904,726858.1269754318,66665.35110223613,736498.3140986143,51270.88991246131,718018.5870687303,69613.20384080097
1905,727447.6837947622,66755.09680554978,736830.7545437695,51303.77098800442,718238.3602880067,69285.9195133515
1906,727620.6159332863,66982.62603731759,737263.1997296656,51045.99082715165,718535.3352318609,68999.44464749415
1907,727578.4880268398,67416.20709709665,737407.5901148062,50783.54487517664,718828.1145397429,68876.24471015499
1908,727858.5926885146,67419.9299741936,737730.9219096797,50742.50881578435,719313.3143617098,69440.66117153947
1909,728322.0261275289,67696.33372738709,738189.0735583089,51028.24378808994,719240.8455011746,69300.67038787535
1910,728957.0003415947,67694.19310521384,738234.8414860324,50893.59225483252,719783.3021417598,69318.2363148575
1911,729284.3704213067,67627.17907147057,738736.4937586624,50938.32486284943,720300.0704324183,69547.46837249787
1912,729508.6746807812,67433.28100272926,739218.8108198701,50865.15467322711,720828.1443717964,69469.05412388108
1913,729930.9284744788,67491.21989563793,739966.234939368,50342.76859114659,721496.4260189005,69787.56899194432
1914,730379.499833758,67436.64938114141,740841.6996572489,50912.71355922032,722161.9332688324,69889.82166961832
1915,730668.850060794,67627.92897408394,740992.1304789928,50881.09251031825,722533.3975198263,70046.94024883553
1916,730731.8888440074,67864.473174452,741811.409466194,50703.70016367767,722738.5859163181,69437.34980018187
1917,731005.2906252885,68096.77606662511,741716.3262450205,51422.72187020405,723100.7038150604,69287.5118024294
1918,731662.892051883,68095.1590942387,741816.2996692648,51754.626765448615,723105.4646724629,69308.07901122111
1919,732330.0069874935,68131.38203645589,742161.3668223643,51427.184369078816,723921.7252525003,69279.89769156922
1920,732253.3168555846,68335.61186862605,742554.8115615755,51331.38429798449,724385.9610908186,69447.04756967451
1921,732411.3076753449,68249.68858013292,742865.6190759209,51737.48848804882,724872.8911038692,69501.43704582452
1922,732606.940762496,67918.2387546094,743372.5370348084,51449.88305191048,725057.4222484262,69370.99067751599
1923,733405.7106687361,67965.31931029094,743405.2401390725,51642.802387077245,725840.7736400036,69306.65553627315
1924,733991.7160479453,68076.917344957,743343.8580679949,51637.65240126199,725886.8101010695,69649.23923120766
1925,734371.2096364012,67986.65686635976,743597.7432939847,51972.7327260864,726259.0392025539,69195.64427508527
1926,734419.2283093112,68311.21422748618,743757.6171906649,52656.86213736484,726877.5807915506,69391.86548088214
1927,734332.4566392459,68463.42354137766,744582.4007911481,52698.66738655013,727112.2782207332,69411.39993942618
1928,734645.3116956942,68080.65751464595,744818.220590155,53015.37370995324,727664.5445997413,69210.93724724754
1929,735452.2041076266,68455.3131017647,745319.4879299484,53203.33359151996,727913.3761200713,68991.56984334643
1930,735661.5017949563,68172.44626319506,745813.5053438481,53428.59290578126,727937.1964286714,68950.51200791838
1931,735397.4126408289,68528.12023150205,746494.4379752091,53406.59322313272,728486.060420243,69239.06223207683
1932,735606.0250533848,68804.639291459,746425.9676268353,53769.354633039504,728815.449466648,68997.53603780559
1933,736050.4732256321,69125.87001507738,746883.6769055605,53599.725867299145,729317.9686324805,69307.34266614942
1934,736214.7985888675,68851.40276628413,747247.8450434941,53737.81212008309,729658.9573044656,69400.33376523302
1935,736479.1178650969,68326.58777407045,747580.5638279652,53489.22253241933,729894.6287113562,69590.9308287495
1936,736400.6325449481,68465.38312913936,748439.9192271269,53936.43695136232,730472.7840876187,69710.71203012641
1937,736725.918790892,68920.7030994081,749130.0256126581,53937.09344612336,730822.0755541467,70230.47864132172
1938,737193.3307271248,68827.26475647888,749811.8876007798,54087.35753689856,731511.170892907,70204.98134609449
1939,737190.3209352645,68838.6259237919,750474.573668367,54469.46982436865,732047.3082444838,70578.50285703593
1940,737843.0617015075,69042.37109585202,750661.8772319898,54568.29883834343,732345.7901450747,70431.74261212783
1941,738295.6629004289,69328.92676736847,750828.015145048,54418.45582675467,732726.9578445927,70267.62959988487
1942,738404.4895621188,69768.20233244481,751263.2206914828,55076.79154336036,733225.3632153536,70735.3543478137
1943,738958.4616652246,70257.87384361395,751753.6421514913,55097.66516438831,733747.4638874581,71063.6060803214
1944,739178.5990106411,70917.73697592519,752444.2101296552,55564.93817822829,734051.4106361949,70710.36715128104
1945,739470.2219360879,71384.6430643674,752584.9403137353,55614.959860634845,734127.2380860504,70426.83225205727
1946,739763.3334976804,71430.85161057222,753289.0191862554,55299.15769851105,734353.4594122871,70378.6221838148
1947,739461.2400840682,71233.69811649635,753615.3720010895,55272.804486860536,734920.2042721477,70529.52830079102
1948,739771.5841545595,71531.78026492018,754031.8114079947,54893.72955362144,735311.5487004629,70699.6291727067
1949,740440.7506332851,71697.8983522927,753949.4419841514,55254.11426409227,735348.4419454314,70902.17968105193
1950,740876.4681463238,71827.77795713699,754488.0536757091,55433.83420597357,735835.4226236951,71534.33403454961
1951,741493.3677449438,72025.70666045084,754746.084882142,55256.800808817,736312.6235317829,70985.16810019755
1952,741452.3431666531,72051.08164545486,755055.5487071789,55101.26710355697,736789.6820740213,71068.98527193404
1953,742296.2521173637,71901.74598326758,755188.4711904794,55344.33577216943,737473.2320490363,71250.9880710497
1954,742641.3059591101,71511.51218689512,755547.3677408347,55582.74143242346,737909.6925797737,71203.57607974879
1955,743806.1522754913,71953.14676594942,756168.1297531105,55511.33472606651,738432.5657309872,71704.0108079911
1956,744823.6187643245,72501.28876731487,756770.4403994344,55382.2155729006,738948.0305024337,71489.56072428757
1957,745277.9488433225,72838.11145440108,756691.2113354284,55665.04882209408,739085.7124191588,71602.26783383625
1958,745512.6558423085,73006.86223464037,757116.4950534694,55425.97206073596,739409.9544241328,71129.5882291632
1959,745537.3938842497,73143.50837573472,757341.5942461954,55298.87685209089,739315.9998535701,71442.3501798625
1960,745997.8191136963,73196.01937738685,757820.5328413701,55050.6296400119,739978.2739873722,71523.57651116754
1961,746219.5520577229,73131.89939649007,758358.3249355706,54744.970348235496,739820.4481275133,71047.95358338086
1962,746403.0180470933,73647.55808162117,758382.9673921842,54255.27603240787,739970.735923231,70936.18695395884
1963,746905.1522498322,74149.35022240753,758748.1947171591,54284.77670798836,740049.8662636863,70863.66791425519
1964,747253.4558528427,73949.46841976876,759072.2911177974,54274.35746080749,740757.6356625162,70704.02627517006
1965,747262.0833727597,73986.32137560916,759527.6340798228,54747.70160326071,741083.4153631619,70363.3980374736
1966,747432.6533338093,74306.70456337128,759748.5232081787,54987.09502856162,741808.295691161,70106.58936813475
1967,747778.7858275191,74418.46714356875,759881.4583442409,54974.92015455585,741933.801553821,70105.03319922579
1968,748165.3403231653,74448.71855749248,760173.1917379613,54579.57309898396,742351.0099979287,70080.27617094482
1969,748480.983002611,74881.18815254177,760490.3985496783,54944.99855534779,742571.894182756,70270.93474573879
1970,749061.7421245046,74878.99016883278,760826.6272713535,55118.25688117876,743102.9975360564,69798.26570251142
1971,749389.1965325016,74889.9111329484,761048.5694246953,55332.93814386288,743207.1985979901,70272.7710495743
1972,749520.9617718174,75146.52905983885,761911.1061179079,54947.44447625358,743622.249012999,70561.99701011884
1973,749564.3754599567,75152.40001322982,762855.7017947177,55135.33373328413,743949.6994367025,70875.3950528924
1974,749991.2522136836,75423.95910215931,763438.7480118927,55372.38735858175,744326.9560083041,71288.53393327964
1975,750147.9870060316,75733.0422653822,764064.7196014671,55370.21175537838,744837.2723131852,71312.6040005793
1976,750678.2829334241,76291.78991007627,764349.4499733893,55195.314011038376,745473.3618693118,71464.9821751976
1977,751663.131954401,76568.53674470911,764805.5871033989,54894.27304818121,745758.4480872044,71874.97555279193
1978,751980.9231446724,76495.06307066645,765462.8544107585,55132.01240316539,746318.1835668237,71685.45727081566
1979,752177.58954683,76941.36006877119,766267.578156442,55737.46658134433,746868.1430702561,71823.67728425373
1980,752429.7229250459,76576.05755703026,766531.6260481367,55700.43402866882,747627.981851428,71409.88937223816
1981,753017.1528555913,76701.08939849466,767187.7673159548,55766.19605739694,747723.3420700971,71237.2392059077
1982,752965.4896874733,76806.21774657152,767981.9033894844,55972.95864967688,748032.306872738,71531.35579223435
1983,753548.8479075648,76836.67566246672,768536.2648363614,56008.92675194414,748566.7759858655,71578.9896694742
1984,753622.8787734534,76612.11004224524,768963.9205083192,56112.55304617333,749190.6260877505,70882.73297662113
1985,754554.6014811343,76923.67336219191,769263.1340223255,56431.04011506631,749595.4567210162,70623.32929949938
1986,754465.0931911654,77131.87990163264,769636.6093313233,56354.64699178008,750069.3039199505,70559.04397418674
1987,754543.5941093413,77135.53607082373,769677.4860730257,56453.47853808088,750978.4552945308,70460.47709111514
1988,754812.3831747195,77596.74519425113,769884.01403893,56596.657515980056,751254.1219908816,70252.64946116862
1989,754966.8723081211,77886.99919197224,770238.8284535557,56907.66002590925,751544.5778746434,70381.95110146774
1990,754982.635821935,77981.42638749577,770585.8515993673,56581.029735840486,751716.8699525928,70496.87112605793
1991,755162.7271003788,77807.81846567924,771187.8254362876,56403.05364457977,751497.8965661415,70268.39728699275
1992,755569.3311009344,77458.6017747446,771495.9615041177,56350.96161071168,752219.2036738896,70215.41359220204
1993,756043.3400236602,77379.45958973348,771795.5102473382,56201.5840284829,752512.8707022055,70420.96239635481
1994,756616.1986638976,77199.87925473912,772179.7632211804,56761.5969212418,753157.4630983488,71095.95881095457
1995,756923.0984045177,77555.79488934904,772440.9202177946,56833.65398751984,753366.2427942161,71000.81611731392
1996,757445.9511230778,77928.19507108086,772502.5431454347,57310.131630820855,753351.0394245683,71172.43232119552
1997,758232.207793055,77683.36256533852,772974.5388474308,57244.91467290574,753782.3443157533,71098.7738027696
1998,758322.2620144894,77668.91579382746,773275.9423949523,57412.82436758409,754171.2739749462,70645.32500614483
1999,758979.402311002,77538.41151355239,773348.5484265162,57531.784299202125,755138.7094827741,70617.67285120091
2000,759333.5658437589,77284.85493351691,773472.9007401039,57154.7867768626,755147.105277526,70463.6277026286
2001,759420.3618829956,77335.84970293188,774370.6801957677,57035.51812978302,755421.747483996,70327.04366001117
2002,759579.3376216486,77484.56246802425,774326.7627141868,57089.54823597682,755753.3533851622,70447.63788216385
2003,759771.6721605507,77911.1063819053,774721.0975767699,57083.16389879388,756018.3696966006,70137.48867246645
2004,759564.8928088908,77973.40121960081,775242.629448355,56438.27564418964,756119.1201294919,70133.536202553
2005,760006.2040035343,77794.60799969861,775708.8571129214,56650.56928258816,756605.0041095546,70016.79401186819
2006,760362.1109883256,77549.65030792382,776245.0818074956,56971.0061176372,756965.3617749915,70017.51052981475
2007,760532.5431892066,77507.8721521419,777016.2372543064,56541.1364234888,757341.175265637,70106.78563810755
2008,760872.2571245737,77642.77965577926,777212.8490861368,56530.56426198437,757685.7780205054,70159.29614144101
2009,761358.6447783245,77332.26779342147,777806.3675943668,56804.26383718704,758063.3047960812,70181.39113344722
2010,761782.3930391538,77778.08756505528,778326.6377228478,56653.27927152142,758644.6188574383,70184.74769163776
2011,761900.4239730588,77495.38200980356,779028.3412363564,57025.768361822695,758962.307360657,70125.73921140796
2012,762256.8963551347,77734.60830658098,779318.2415537883,57406.0853683956,759400.0266951958,70168.3145866321
2013,762806.5089498853,77421.0206358244,779808.970777567,57513.7621511631,760047.9895907936,71165.25627712421
2014,763152.7439486776,77330.70808327063,780216.8302923635,57961.553312115575,759993.8182250338,71608.90798488812
2015,763001.6975444194,77180.69683084992,780707.1449723254,58381.3591946111,760520.3962291112,71850.1486457207
2016,763455.2174256152,76811.21320805758,781261.7844761785,58568.54922672224,760527.6803972153,71707.16625169819
2017,763336.6751167317,76585.97676409542,782065.9675181729,58264.053876279984,761181.2319907648,72010.21143337846
2018,763267.4354946631,76507.54670286023,782458.084741941,58711.57114565281,762123.7085139898,71920.73026210432
2019,764007.6431386446,76667.43134712904,783368.5141647783,58891.33556398829,762208.8423453177,72237.68897231255
2020,764533.5698985766,76891.86848660232,783963.0806947371,58858.63731397172,762572.537926677,72464.04061952676
2021,765135.3061619436,76813.52315843948,784430.3367373605,58388.11466541306,762402.4619591924,72737.18358100865
2022,766011.3516287619,77124.90657077113,784931.7997828656,57808.24892843734,763475.7690986836,72287.48238225163
2023,766728.0178128856,76828.91046089953,785547.7902046271,57918.03635025978,763448.0901578993,71905.32931055222
2024,767253.8196346465,77609.3453324972,786469.674569939,57982.62788212316,764176.2951826646,72027.94937112619
2025,767642.172153237,77303.55300585249,786595.4707252613,57565.65394223035,764411.8735414235,72242.45567336686
2026,767898.7501190288,77293.441508479,786422.792002935,57965.07583635877,764760.8074725412,72334.32121833596
2027,768304.8524220507,77295.06096182951,786556.4495216062,58229.37675104947,764708.9322499947,72597.4574131271
2028,768516.3379645904,77352.56136655391,786890.4064503275,58104.26998057331,765348.2763045706,73013.8155451085
2029,768774.6454508019,77242.53176796535,786915.9080665159,58520.74024196878,765621.5541757975,73181.00817803404
2030,769500.3193923442,77423.28844276255,787402.2914957476,58543.01690170994,766201.412672623,72839.23959932296
2031,769677.5026244952,77466.6295173947,787432.6789950129,58582.34580963673,766757.4935303233,73110.41662060839
2032,770053.7907695124,77662.76635571482,788184.028233323,58953.72965767796,767076.228503638,73319.39343879475
2033,770440.2429139701,77601.7472483821,788631.8202416666,59235.36401144334,767814.4126272919,73030.61157470835
2034,770517.1348310434,77827.94801838645,789092.6674621525,59235.04058575541,768196.8503602414,72631.5849526635
2035,770871.1473767438,77133.21205011844,789421.0433621111,59293.83355133431,768710.5720904811,72531.68186788188
2036,771300.5825150784,77730.71659398547,789843.1412413319,59066.4954438859,768783.1394135087,72125.28320049573
2037,772378.6981577128,77856.7978164348,790319.1783760268,58745.15274323415,769168.3749283985,72362.87004865159
2038,772800.689500437,76918.60721695407,790938.2551891763,58854.31097111898,769831.4445541583,72026.45796934282
2039,773276.7972088229,76849.74813924513,790956.9376697934,59053.90614740258,769961.5869486431,71556.18256586074
2040,773410.4458524324,76957.31300735906,791367.1428984873,58772.52874597739,770236.5603061061,71518.1793908123
2041,773787.2357630808,77110.89038312194,791647.2747158764,58446.641089382254,771087.3694553841,71167.74104275064
2042,774491.2199181456,77231.2153304778,792121.3201952317,58841.56337728837,771795.0649704246,71360.19975188124
2043,774624.0038358916,77310.96967469463,792357.3442611409,58692.54761700596,771810.3872212379,71744.57388293055
2044,775001.264150666,77288.07199929385,792683.9269308656,58551.686675408986,772027.6392557009,71467.91820106364
2045,775215.9794857993,77285.68719053493,792760.6554747253,58259.95886052737,771786.5533006131,71856.53062088831
2046,775716.9351956968,77154.36524169608,792813.5225883388,58474.198033466615,772404.9267399354,72070.07171249845
2047,776321.3277976885,77271.0912188297,793442.591108574,58153.51439522163,772849.8256441776,72242.3152198885
2048,776672.9932585923,77390.2568223651,794028.7663027076,57847.73035093413,773515.8724565909,71957.86421644723
2049,777010.9446616636,77128.43850727,794403.450344244,57858.64292790606,773759.5091506594,71711.67650106302
2050,776996.716790066,77017.71553774482,794565.7508564733,58220.67255083366,774469.9947004493,71967.87027224235
2051,777321.3187038128,76995.8277948503,794709.5906395786,57979.7230328512,774502.815333658,72233.70157735681
2052,777926.722511311,76393.90047125633,795299.7941292971,58266.156266434,774991.2311894868,72313.75517331444
2053,778481.0679224145,76217.06286773615,795761.5857048038,58499.013071964415,775437.0100472826,71875.49784372636
2054,779094.7938060706,76007.79679666416,796048.5377831134,58785.9748546342,775560.1902068622,72056.01956194722
2055,779635.8129897582,75836.59588017612,796120.068563858,58928.73888681272,775759.1256104193,72257.64369911046
2056,780022.3690017556,75711.80520195821,796263.088543363,58879.7637995853,775982.9578747479,72219.9096987577
2057,780033.4508948836,75939.87584702065,797002.6883350539,58802.68459466483,776315.4793498311,71699.02249539796
2058,780396.5011784855,76168.77805833882,797792.3952569498,58511.61811620933,776817.7360526605,71467.3642882321
2059,780947.6059572569,75780.3436945031,798423.8653900198,57950.81671998323,776907.925708316,71762.23788154135
2060,781635.7081320329,75933.3029906991,798592.7917062711,58424.033359220666,777464.5761737818,71460.46822388601
2061,781934.3870716762,76091.72517162726,798793.3268207309,57796.113812244905,777740.4657948429,71688.467291844
2062,782654.3852320996,75702.45481405125,799308.6674426417,58116.61955846187,778103.0884295661,71983.90655383731
2063,783514.3337533799,75660.81602632902,799880.042413168,58056.24917370502,778639.9697267248,71755.54839957225
2064,783750.2333673073,75850.12023466038,799781.4051734245,57844.7268186907,779247.6092362137,72111.10727141824
2065,784128.9706697587,75956.82438194982,800393.3659035944,57886.76246175237,779513.7463793864,72254.17436411326
2066,784631.6462990121,75877.17899204383,800464.2213178792,58316.57219114401,779878.9648583503,72086.14175710037
2067,785007.9286967455,75879.41432412756,800593.1112668003,57894.564876841054,780233.4687973983,71853.56748989671
2068,785277.131875853,76256.6530325495,800790.032076451,58058.954150280624,780596.6549484307,71453.68759694336
2069,785937.1539770336,75918.32467080743,801261.9749058362,58033.62140784812,781003.068436547,71691.5261976892
2070,786067.2030599139,75918.91544404854,801663.349652328,57961.54684489325,781479.4196127292,71692.51944831497
2071,786579.2898824163,75866.78973739143,801958.897338642,58048.37024183265,782137.2938876174,71666.82391416634
2072,786724.0420212866,75976.26288593137,802513.1003712887,57923.43840148009,782595.7673588315,71744.60749474648
2073,786465.7114679541,75977.46594365433,803220.7996009961,57437.70406478392,782873.4799010024,71560.02588028568
2074,787319.2540874027,76153.08606726491,803157.8834235258,57322.82076798981,783020.2146510073,71813.51701731616
2075,787629.863991109,76370.80007238618,803734.9218085173,57378.45656951172,782773.5827018075,71736.11815881274
2076,788019.8492902442,76570.3642311394,803923.888639691,56640.72079275279,783116.5547585253,71625.32439031413
2077,788322.3158049594,76929.65734832147,803932.7231295141,56876.30458647597,783181.9926588654,70824.6075540302
2078,788976.0910389017,77160.6026614773,804250.7794195422,56934.14054754513,783433.7755655686,70725.11085237072
2079,788897.0689934548,77135.7757433456,804670.922569751,57383.66938594915,783726.8704316797,70870.51808643767
2080,788958.0971929512,76764.47666006282,805135.7644056374,57242.7409189749,784151.3888374234,71363.07246305207
2081,788968.6849531967,76578.55297659173,805180.3038254441,57112.75367011951,784027.7730154169,71385.93070234143
2082,789136.071575531,76075.01780754139,805663.3350449213,57282.185540554936,784461.5232343615,71212.20349903361
2083,789408.3501278873,76398.52794119847,806244.2442322914,56935.70926119192,785135.5131656533,70851.57073677234
2084,789270.9250791437,76078.7916349542,806617.9357404694,57089.13899111542,785243.0103293224,70958.10613369812
2085,789665.2421197956,76220.08748146489,806994.3328033902,57211.34598639106,785445.5779540085,71185.59856132609
2086,790164.6738763702,76299.12126504096,807632.5729298734,57306.81030755877,786289.1462076318,70784.1332885822
2087,790896.4908421154,76084.71292049583,808444.7110874488,57720.641680976914,787407.7536342472,70479.11166674535
2088,791425.0969762196,76255.02020819351,808995.7689136739,57490.05441313995,788028.8354572847,70572.08230228398
2089,791639.6908964771,76629.36594111822,809532.9034195167,57479.77661344993,788742.9465030441,70701.85148059623
2090,792491.962028882,76654.24278013378,810016.9693675286,57212.635025025455,789222.8783703598,70424.0212594498
2091,792608.1075483162,76584.00059856946,810214.7501308294,57376.34348739421,790026.9651053564,70152.38578163352
2092,793436.3885484815,76364.04222539264,810830.1065664897,56900.04374610133,790384.7520307658,70177.22626641119
2093,793390.3849348055,76648.25273802323,810852.8458426706,57081.42797437633,790907.1960165671,69942.42276263192
2094,793704.8405990996,76371.55762280614,811870.2144613548,56894.52019079109,791189.0993446253,70388.89571706318
2095,793637.4560262087,76610.91755170426,812446.4535448541,56572.406251842745,791531.8637333155,70874.4038631331
2096,794498.2517229903,76601.45287297788,812483.2739263575,56416.33203824323,792427.8704693139,71502.57191153888
2097,794717.3980223121,77000.96262307145,812865.7265020914,56448.61613609387,792481.7504369707,71474.85901148776
2098,795385.1899189452,76296.51192110703,812868.4606877605,56226.29051154051,792596.5381116562,70628.53216470026
2099,795570.0739280148,75803.33766741566,813435.9903669223,55938.4186002659,792781.9652412154,69933.16527749237
2100,795821.4901098937,75629.93401821199,813518.3309536172,56077.942618137226,793060.2363623217,70163.78117383861
2101,796603.5902368117,75175.99818891406,813841.3253008162,56391.83019563183,793271.5238008028,69630.45095506757
2102,796735.9867656908,75011.47832911297,814376.540292886,56892.71874211807,794062.3119412662,69960.2789244501
2103,797142.8656086875,75227.2559857481,814601.5262167456,57199.08785877116,794732.9942984694,69852.82346343792
2104,797419.5188191284,75228.6190171932,815009.2223922535,57184.02140927208,795323.291569332,69748.56925376803
2105,797535.4812506092,75110.49118211067,815974.4260791552,57587.779035723885,795057.2121071264,69955.1613857063
2106,798153.0917042395,75584.46311107105,816537.3293056674,57489.31388716118,795255.6543165246,69787.90432762017
2107,799015.8620954283,75761.13839324575,816499.5174933996,57416.93601506851,795621.2939697929,70089.47193129451
2108,799236.2138838468,75652.45727280831,817138.5754923659,57211.68708095561,796220.2417706631,70153.50565512372
2109,799169.5209942575,75492.94735467678,817684.2312045784,57081.270989318175,797409.7357901068,70324.24420290445
2110,799109.4152303223,75578.11657360474,818445.3880327323,57082.96540306629,797963.2223831466,70397.40165780541
2111,799277.1972714507,75836.62302880689,818860.388630594,56481.95745640389,798523.6877356855,70397.23539439826
2112,799029.0265305564,75861.75941680007,819007.2552488317,55900.772183356974,798789.175395365,70169.41584402916
2113,799785.176027692,75989.15795560382,819342.5174847955,55424.43283762004,799036.9302536432,69828.07651211317
2114,800167.9496844454,75893.5217498432,819642.6152730439,55419.53598126343,800009.9473265385,70090.71312286324
2115,800652.1393737356,76387.25907011163,819411.6557442199,55636.55121177319,800433.6472862102,69604.94595513961
2116,800115.8436857741,76201.79382090675,819736.2779036816,55550.32330033189,800830.3379100284,69604.52073815948
2117,800277.5022150422,76126.21339755438,819898.371194622,56066.67207340616,801204.3932872752,69836.55960823403
2118,800416.0277956531,76007.42233332455,820475.1028851602,55994.581702944684,801761.1042587797,69854.2465709397
2119,800698.6717624165,75637.47117410862,820793.9042211298,56028.64240935225,802712.1144286772,69948.56012190304
2120,800775.4658406377,75233.5919540683,821416.9996248567,56242.85634863364,803080.8726711285,69944.12337896496
2121,801374.4382920322,74936.92573931188,821650.3270062616,56351.99523954293,803941.2565123577,69942.51976079814
2122,801741.0230105321,75055.0364421477,822138.4361721032,55896.50798477555,804450.3439122096,70559.86333454352
2123,801705.7613784136,75220.47165795718,822707.1852610386,55348.02830598987,805054.9493595269,71560.89064979719
2124,802270.9363754655,74702.54794903788,823181.005626643,55211.146316666345,805327.9568963487,71588.00861004247
2125,802473.8589859438,74451.86723639462,823940.6954028555,55051.49846997113,805561.726390507,71340.55547546061
2126,802551.5904691691,74827.08729956475,823970.1461208923,55123.73370552776,806058.1816947589,71421.13208872132
2127,802719.2814962383,74578.9403364263,824627.2794165892,55669.24079948528,806234.8579343085,71365.8344320353
2128,803192.2462150032,74860.02233789027,824840.4856502373,55526.130119748224,807024.6494553228,71316.26998581871
2129,803916.9952923174,75337.55055458893,825618.2645320566,55368.43240684159,807387.389309273,71596.42077306764
2130,803825.315967229,75609.60380872534,825881.8352480475,55439.30108003943,807485.6839518358,71918.58914368774
2131,804479.5884594943,74978.35361860327,825857.837670733,55075.0612566987,807496.5938910304,71366.68082545181
2132,805161.2408745335,75053.66515713205,826224.8805355285,54733.62717815361,808129.9350359179,71651.46069060195
2133,805418.6429063343,75123.25668306375,826877.082358907,54819.37823998652,808878.541357192,71864.83104009854
2134,805790.0210310828,74631.7400776018,826933.6651357284,54170.34437211396,809320.1234888037,71705.5633392157
2135,806126.8114788833,74827.55302417387,826783.5453438198,53908.88862949029,809684.3425562925,71744.70137811176
2136,806739.7911994143,74419.54459386235,827522.2275196493,54056.15945632986,809906.820985099,71604.73513160944
2137,807309.9298408225,74636.99927791127,828020.4832841953,53866.22782716472,809934.091457987,71803.64393920232
2138,807478.9934689682,74698.4575239086,828544.6488560109,53530.75191526189,810468.7586446721,72052.23451471377
2139,807462.7086699537,74187.68138367555,828459.0725744589,53674.49525974655,811049.804684483,71843.99924859198
2140,807704.1656273475,74495.56553235886,828780.6746957499,53708.66111338697,811226.589347691,71783.67510792111
2141,807804.3192358173,74871.4344229227,829468.416018111,53410.245804905135,811771.749660369,71942.52289832778
2142,807970.8715351637,74900.68905395949,830178.4684121857,53755.94101717272,812100.1520543309,72150.56397141014
2143,808925.1962875995,74983.49955288011,830960.5173439442,53238.490991096645,812547.9314178899,72332.09008571893
2144,809144.2068293988,74670.57153310021,831178.8789660034,53928.8230872385,812657.9288487184,72199.5004194463
2145,809943.3387199078,74901.16298285301,831094.1081408246,54402.41026930155,812741.3684050229,72112.82449635478
2146,810180.36701879,74719.19483480237,831480.5307040538,54018.69729677278,813410.9115202987,72158.30879010852
2147,810817.855894369,74628.71186578681,831915.3220802593,54290.16638345282,813686.6866463311,72241.65836994429
2148,810647.1156364217,74204.31040540697,831756.0960549414,54056.649459242806,813721.568881521,72479.49213494873
2149,811293.6430810237,74193.0978008914,831942.7802474448,54401.5906251994,814089.8126554786,72835.7103177226
2150,811909.3355056439,73899.71860277865,832229.7259886048,53792.39063478359,814525.5495747181,72961.00927314999
2151,812232.9535171569,73577.84477712616,832431.1819415296,54002.87091270003,814915.9657036866,72321.27060222228
2152,812657.0422916944,73531.71370429502,832713.9843700432,54249.93387988896,815383.1500270267,72716.53022717279
2153,813100.2216314913,73719.85695135826,833691.4585748323,53840.94176620653,816125.8577320446,73208.30273294657
2154,813374.2237999871,73971.13863500397,834053.1160081448,53705.57607995012,816314.2920536055,73102.1818500648
2155,813505.6592200635,74024.22924465126,834506.009231758,53758.98711399716,816424.5414179517,73732.638794562
2156,814332.0996594649,74604.97734951228,835301.9375278634,54091.00672659752,816760.8610442261,74126.15772257379
2157,814610.8516016168,74813.1957063083,835540.805645922,54423.74131583602,817071.3342583511,73871.32170283259
2158,814380.2141884358,74592.25436320153,835916.8115114745,54080.13433789509,817979.8764610306,73750.82537804742
2159,814804.9660671448,75289.99193206885,835850.3955450223,54195.83617935398,818067.9737773596,73746.63928505003
2160,815121.9698020994,75286.88627255891,836129.6966145218,54531.27239981795,818648.013912005,74434.9236341047
2161,815462.0785828589,75554.44680530996,836767.6269525228,54898.35640166422,818919.0180753266,74638.91725481048
2162,816553.1207513189,75604.2884675172,836734.6921780034,55165.01192863252,819208.6972703051,74566.37414091258
2163,816944.9165017994,75604.6022529902,837075.7881759823,55322.60021769296,819713.4879732055,74566.18027087073
2164,817642.4548352369,75438.8770007616,837316.4509879763,54566.859934601096,820126.8787050422,75120.44412864967
2165,817945.3657291231,75542.21017989963,837447.4983741001,55102.24224924989,821277.2109119635,75256.41888411083
2166,818311.2041987234,75648.66089442068,837878.3217895698,55774.44243542354,821490.0222974528,74666.36251779828
2167,818962.1763492436,75149.25248481645,837742.8392865816,55716.86312278683,822233.9356784107,74466.60755338143
2168,819099.2735018848,75585.27441978383,838329.9357875744,55276.6217938295,822477.5032962301,74312.05905241186
2169,819275.3544794356,75567.09237534112,838727.3296799714,55705.54962915229,822704.0770809684,73738.22716275284
2170,819833.7345643458,75292.28504942932,839200.695982212,55940.10535180983,822647.433812051,73893.07808709997
2171,820028.8161094472,74882.17383542634,839351.787375715,55756.59620329154,823448.3470370577,74124.31305581836
2172,820445.4949004084,74575.70525979667,838983.9151044134,55452.03034653168,823864.8605077771,73718.62182985959
2173,820721.5676546854,75009.08828660817,839762.2521976173,55800.5064083357,824301.1631634571,73741.90842021286
2174,821127.1671692834,74982.29746365646,840251.8346135432,56035.82916022969,824188.5429894591,73666.12126960633
2175,821768.0954970566,74886.55963333804,840599.4674846114,56421.03220770725,824837.3588019264,73790.97831016453
2176,822355.700874171,75244.67732786154,840625.4531000273,56411.30830983062,825340.8559613728,73749.85809440956
2177,822932.37011391,75014.62948469931,841450.155172046,56855.19849749648,826044.2463435301,73558.19298983713
2178,823271.1496179884,74804.76175637079,841869.3324609628,56602.69399322965,826274.5519067671,73826.14537108447
2179,823534.9426975909,74329.94521706708,842070.0441441785,56986.43864578292,826591.5356438234,74049.39795746392
2180,824073.6309564218,74165.0255776275,842524.1488399042,57023.34999285034,827230.7002052848,73790.82116317995
2181,824817.900412415,73951.30708261902,842472.7301118834,57082.700020770746,827551.4851804923,73776.03188772468
2182,825104.4878600384,73601.8883473035,842541.8803735387,57147.91857763808,827864.6601331664,73613.96892634669
2183,825907.7216333632,73765.53188327697,842913.589441159,56747.261073007256,828175.9738308471,73094.54200831243
2184,826509.1624084382,73952.51256432378,843182.487524655,56672.47585095056,828561.5717777517,73104.67297923999
2185,826825.3477451715,74013.7654828592,843317.8407925938,56612.16817034484,829024.6719952939,73079.88900071719
2186,826928.712577949,73868.69328905402,843978.825644565,57041.66226971922,829651.362805431,73102.51843665596
2187,827215.2694243098,73530.19703267037,844432.9126036487,57062.23445676797,830021.4206053459,72886.43192679372
2188,827666.9317968661,73433.39156510272,844504.5593390188,56996.15235286142,830501.7553309563,73242.23561235672
2189,827709.675960437,73779.55257000931,844714.6901697014,56997.90210961859,830365.9638545446,73099.27364104718
2190,828034.6297646303,74312.09554824456,844894.6729188645,57266.69333514571,830494.0987434356,72968.57869852032
2191,828506.5648886446,74543.0668034998,845339.9293943582,56768.668217293554,831040.4068639341,72932.74319541398
2192,828917.451253735,74940.10668358312,845997.0124605962,56614.46887220903,831777.6790013547,73365.69305513884
2193,829003.2442420862,74747.04817668033,845891.7077108169,56281.58049936588,832267.3503059214,73132.9478748117
2194,829320.8764981373,74936.15453619072,846437.9331682075,56272.26815032692,832701.2348040857,73382.88058832606
2195,829979.2326474689,74688.1909361498,847101.2062153559,56294.739189530126,833151.7848487908,73579.17279546605
2196,829956.5885294953,74515.4595295643,847522.9479199338,56383.558261598046,833700.1023864881,73502.75709156788
2197,829956.5531404449,74341.52630087979,847662.7644200751,56629.85307914615,834401.1814557158,73657.0612853101
2198,830716.8528478023,74163.58131310434,848738.769824858,56999.555789802136,834948.2421032017,73818.73606052755
2199,831324.8410386592,74101.96780628926,849621.0088540707,56374.9242494642,835266.8472995558,73478.43815105119
2200,832041.4948041562,74661.83427081669,849915.4869296601,56464.675065826494,835987.2541168022,73489.62598163995
2201,832738.5553541379,74705.38915198349,850494.2549213644,56668.24198121018,836405.413842507,73350.32465881942
2202,832976.1824681709,74879.38151533349,850798.0665660007,57098.08809244764,836970.687171142,73402.89052925598
2203,833762.9104629522,74676.25473175189,851158.1909886308,56960.40251666032,836627.1497825006,72948.75933586693
2204,833985.7625735117,74459.35260254245,851820.1266840011,57282.01435367916,837433.6071381308,73392.94349264854
2205,834427.3898841786,74480.0632716961,852044.4433783579,58077.34454825675,837939.2604525094,73775.0379732696
2206,834408.2005036176,74822.97187944558,852776.8435926933,57689.49459187521,838475.993360068,73680.45481568974
2207,834660.4009252726,74443.4275067453,853307.8441377077,58047.63005395919,838947.3024464386,73589.19751275958
2208,834667.3269369603,74801.10696940121,853623.0743372412,58129.719782847846,839604.1195454986,73747.91806547796
2209,835262.1059961347,74454.35810505359,854008.2693592543,58319.72829980368,840151.9519062117,73478.09036404327
2210,835762.2886663324,74265.19988858605,854473.537017061,58296.4809243378,840109.9586942692,73576.7230149075
2211,836155.7179545836,74274.423559128,854593.0763730688,58794.39380120841,840561.2754525306,72969.171414578
2212,836770.4877337359,74318.07927259344,854986.7103663735,58591.55482195745,840674.3825281591,72597.89975745548
2213,836834.7633987272,73831.39070817702,855200.161782559,58881.72092898163,841098.9714377234,72471.56301104338
2214,837261.450496108,73642.9289156217,855419.4485168196,59234.549548248935,841667.1599123983,72197.32888419619
2215,838028.4231079189,73455.39745489703,855577.3449250094,59307.39937168038,842028.9564279203,72022.96212016561
2216,838805.0921248313,73743.82784516903,855868.6467483708,59633.626175231264,842274.563354961,72639.7189425467
2217,838934.8838663085,73290.1499417823,856278.1459578071,59452.72909143602,842744.3951687207,72821.27617684107
2218,839548.6517127488,73125.0403890047,856640.331544365,59169.519920741135,843510.2599662222,72813.131945814
2219,839518.317212247,73289.7084186594,857247.6225350114,59148.52890925063,843818.4116637043,72885.4197040779
2220,840027.7662217186,73256.38206456462,857547.8291853042,59187.50759377913,844052.4193768185,73052.92539394302
2221,840319.7644086394,73439.94309048628,857885.8531008888,59783.01212069122,844729.7722712951,73342.55687625278
2222,840743.598737382,73648.94005674051,858894.4386518616,59891.184598745145,845394.0184523448,72914.24210173757
2223,840774.6915974155,73496.00641219215,859562.9675967874,60101.2153240644,845536.8863913566,72945.55314719342
2224,841124.8680370521,73052.63192499478,859938.4993898917,60612.68987660332,845556.6770057634,72454.6023065727
2225,841654.4307435483,72532.17149263168,860638.7137148095,60718.24988307337,846298.7529635156,72313.46887204915
2226,841569.6541898055,72349.28523124047,861044.5951748965,60801.81982968508,846601.2556882628,72167.08426242974
2227,841890.5750761252,72187.71627221238,861101.5319064383,61233.98081182577,847335.6434254842,71839.96041082693
2228,842581.6368850612,72216.69241854496,860870.4976592378,60911.88706617273,847645.0511953415,71909.44354395542
2229,842890.443562551,72369.4404785127,861228.5492103627,60621.24001011866,848112.5425926925,71877.7955482952
2230,843204.5749731467,72578.55233199286,861403.5214919826,60678.096340288736,848651.7376145665,72026.94408037463
2231,844140.0206266172,72329.58114508423,861419.489770269,61010.66435682929,849279.6296242025,72331.74927844314
2232,844326.1596384965,72605.29224533733,861624.276199918,61207.96723764835,849466.7302307853,72155.62497130076
2233,844802.7765822044,72467.38165938611,861660.6695747565,61098.86723984756,849379.224449848,71450.93726615948
2234,845201.5553495906,72651.70045560488,862145.6345678857,61106.31982535522,850073.908288311,71701.39553111591
2235,845546.8560979614,73279.06613187956,862674.9705001179,60779.73685499422,850117.0358601024,71466.6207838838
2236,845770.024382531,73818.26794434519,863289.3314155226,60924.46657052806,850209.1667235825,71989.16479844876
2237,846103.0629946394,73648.30625562483,863617.9904358189,61262.29078983831,850777.5201298114,72178.14855225863
2238,846586.5840865452,73935.25107722922,864056.7984742144,61193.51218480538,851100.0302137578,71971.09268950987
2239,846870.6672095621,74041.35710480437,864325.295666033,60973.68589562541,851717.5271716404,71796.62162779493
2240,847585.861972387,74151.98190883806,864705.8288818197,60395.14017934649,852386.5687345758,72173.70473865009
2241,847966.3654988945,74420.20760901233,865459.7326616235,59934.10932126332,852525.5905036072,72382.7922569562
2242,848287.4300908787,74395.6088224399,865804.5421066147,59936.96646587382,853056.2598717479,71989.90346776482
2243,848351.3533492452,74587.94819486664,866164.5982064737,59762.03609444574,852937.9366725556,71713.21414946426
2244,849082.595288507,74599.69899802441,866644.8292705414,59465.25029439466,854003.5217698306,71539.13481270715
2245,849557.6661782067,74851.26394501449,867184.4742715852,59367.41564367345,854460.9101330513,71752.124265737
2246,850042.4727653798,74668.40012425715,867593.7095170624,59564.48168264509,855096.2629683915,71766.82216535365
2247,850666.5014069729,75049.2987893196,868436.2881818268,59581.19790211374,855288.8971871042,71942.68891995575
2248,851389.997945118,75591.05586317847,868937.1451531369,59522.66449541744,855741.2348293199,71593.31071955973
2249,851673.8521773687,75542.48782057546,869240.620680361,59363.097711249255,856435.4178019867,71716.40102800557
2250,852453.1979217317,75216.35913408028,869948.5168830879,59527.54652384888,856909.0220677409,71385.4123053859
2251,853148.7378670734,75571.71214770517,869989.216332828,59761.785407175805,857295.6951626843,71418.24692877951
2252,853800.5097050536,75288.05842518315,870464.5578748926,59679.6868351203,857265.8016244618,71575.52145163012
2253,853820.1468722683,75486.76000725135,870692.4914379492,59940.11507867828,857355.90986844,71666.24254148485
2254,854138.2214667697,75673.35063485694,870948.9615514675,59797.29976922709,857689.935781114,71432.33026254718
2255,854834.7640733145,76048.87274806069,871577.5926819539,59558.94861516135,857966.4421755588,71873.31413181192
2256,855624.3449140748,75940.89843605309,872421.9064330403,59669.183328480736,858228.2866085597,72194.54283692087
2257,856033.2888840556,75686.36948109121,872933.0262347944,59952.87196662743,858804.2135796256,71796.09714163566
2258,855760.4125157401,75588.39145973517,873255.1457103246,60726.28597620528,859450.7106299642,72072.3257111509
2259,855732.8787549569,75771.09336487827,873442.1478162061,60777.493471877744,859462.6465211486,72309.07990777372
2260,856177.5671698989,75805.38092149657,873973.3391179207,60843.07295010474,859910.3856572913,72527.14840494869
2261,856773.7898400153,75878.17869160094,874010.8328683451,60675.196661500624,860126.5189554192,72378.79262353329
2262,856917.6699463225,76008.1990417381,874378.1693962455,60367.01368762268,860384.3734581139,72474.18224859511
2263,857323.519322595,75934.16912353809,874405.7315047408,60665.82763709799,860658.0250683561,72056.81725538826
2264,857657.7459361216,75928.98267483608,875338.7604503504,60567.15595172921,860629.4517727187,72129.17796118146
2265,857921.3459546026,76036.83838287203,875469.8747750897,60295.465677426415,861388.5642798457,72205.7209757282
2266,858305.6121256246,75889.92013708969,875645.1953227794,60910.49171818944,861620.0261826565,72168.20360846432
2267,858958.5003522756,75886.53786230403,876076.4883303825,60533.23926133743,861211.7173753356,72552.78646004632
2268,859370.1854596008,75990.4233054885,876537.1006448464,60456.49211779349,861431.1495755108,72413.7845822892
2269,859880.879356234,75942.08814589618,877093.6042701092,60706.042622957466,862152.7536823365,72343.08535033984
2270,860610.9961996578,75980.18963224388,877765.6369881142,60149.19263943815,862169.3355318742,72107.80439984205
2271,860668.64321548,75756.8848818573,878776.7566806979,59772.18296953102,862732.3844861321,72408.38853594626
2272,860851.8462291384,75730.21395309581,878550.9397113298,59220.02866958646,863357.0759695169,72449.584544551
2273,860887.8494792994,75825.59971460006,879130.0371573992,59142.564970357314,864021.6326675254,72465.28418816846
2274,860902.6323428648,76022.91833009683,879198.9970601944,58791.0717281283,864200.6183289454,72736.61136646844
2275,861069.1786798656,75992.89445430323,879563.9111786608,58626.02277810237,864295.2350718009,72689.86415395263
2276,861188.0054823164,76497.07791313065,879991.7088580333,58951.28742043533,864826.8277205933,72352.93742936858
2277,861611.1517191946,76474.99822777843,880041.6585058471,59059.628770230986,865278.7987254094,72665.19574413048
2278,861564.7152517097,76411.63273727248,880511.6488117991,59336.00250761191,865595.6011081263,72636.9733038693
2279,861990.4948255395,76798.36192727809,880714.3166025995,58941.2353059127,865543.3138173753,72974.83932299254
2280,861582.3886151388,77232.09240513394,881182.4612439243,58866.31128112798,865693.5043142901,72817.51329848358
2281,862006.1958459767,77642.25314735869,881861.2141047623,59202.38676851647,866061.6742144289,73136.92371655429
2282,861958.1086358754,77836.32733855306,882243.1244482379,58749.3746570806,866599.4448542793,73138.90051654603
2283,861746.2195064183,78029.32869098717,882788.5943991144,58743.65768654822,866609.0927838103,73023.34500013514
2284,862292.8731709567,77747.28961273209,883590.6149200529,58757.03745577301,867131.9537942155,73244.76821166372
2285,862891.0627278236,78052.44267965219,884066.9673277938,59430.220576423424,867333.5160209251,72785.4591792593
2286,863241.9287044354,78212.6694483223,884086.8434309814,59481.2682810772,867634.5064483905,72696.73081319503
2287,863180.8238313254,78089.41450506731,884214.156333422,59553.19432390411,868060.6557036797,72853.00215445997
2288,863944.2098593323,77956.10581924001,884695.2380402952,59603.08174820077,868148.7344822902,72883.18600394945
2289,864451.4784152623,78015.14892518459,884771.8967140705,59704.413218859874,868277.293054864,72825.40090647152
2290,864850.9162242763,78082.85740676538,884890.2669037667,59831.71469854237,869002.2132687166,73132.15627076145
2291,865291.394612774,78151.42072414982,884920.8290573545,59642.17688836509,869080.996039009,73306.52270742769
2292,866021.3631795992,78492.5096803064,885583.9468606306,59729.26178768128,869123.7976631789,73393.7684615553
2293,866454.610945945,78656.26940741448,885777.099599056,59678.59500741467,869192.7332300727,73708.18438006483
2294,867384.9028176602,78443.78711728903,886162.5857858888,59422.56208632634,869808.5562749461,73540.07836367417
2295,867741.157974045,78706.6318418347,886655.6905756112,59450.44408840022,870316.0938418634,73593.8060489698
2296,868519.4136609167,78770.356901063,887117.2367663939,59593.18143760275,870811.2339341997,73434.06341935958
2297,868552.0646282196,79219.14996755369,887866.690725519,59364.44367756131,871184.4532086619,73576.59100028839
2298,869053.9906026168,79542.14292556072,888403.4698874967,59611.024172748606,871121.4485734465,73661.64718174904
2299,869308.6355855776,79337.90823942421,888552.4316237641,59394.16829835789,871542.7602068105,73880.81796229472
2300,869791.7766870173,79430.24479751133,888948.3688720561,59641.8348536776,871693.8375466972,73856.97754012673
2301,870308.3114109582,79546.09863880032,889369.4534008497,59350.91118395668,871665.5822387198,74251.79840636699
2302,870690.306579135,79813.121200129,889091.8442670498,59057.31341126087,872023.8550397232,74351.64281833381
2303,871297.4738043004,79764.23174178571,889387.4651261412,59749.28720589946,872549.2463933432,74269.56537639255
2304,871439.8219773183,79650.94829817029,889959.1907352321,60086.34803742806,872780.6983850657,73858.66833909352
2305,871557.0080765244,79760.55955877174,890269.1064897266,59929.030787184834,873442.0038923107,74201.46971541517
2306,872295.671597948,79820.77442737536,891268.5855617393,60018.6008677811,873547.6643220817,73967.37862416232
2307,872899.1047984299,80021.9481568579,891720.2158833577,60133.13392539741,873877.1185514145,74296.97266543611
2308,873447.7185185341,80091.97394149264,892061.2641961208,59267.01572454348,874087.1702027756,74399.46129358563
2309,873837.6869176512,79708.16499572396,892451.8937172027,59000.99981675024,874127.134290131,74573.49380323745
2310,874615.152912626,79953.79319274783,892555.8370447606,58942.21604362096,874135.1891009973,74323.31919322583
2311,875147.0691734708,79931.21290239529,892729.1281862343,59048.6823027028,874644.0523881072,74644.9978506198
2312,875919.719486276,80069.24586774665,893169.2778669305,58527.635133806725,875038.2015280209,74508.46505819926
2313,876116.6165697163,80157.22881882022,893809.7610910587,58076.86290410858,875452.9635214679,74540.12186198111
2314,876601.1875498093,80455.67436700388,893843.9593140524,57679.460871921045,875974.0185236117,74304.25850252154
2315,876708.7693123684,80070.99169151491,894434.0633368337,57684.46441770201,876042.2363479917,74099.74711332188
2316,877176.4241935443,80346.52784548515,894854.0926694811,57283.10611029456,876248.3456310114,73880.0402857624
2317,877406.1114657472,80190.19212876869,895622.6939825118,57508.8297555262,876281.0257511819,73688.11915788372
2318,877731.3252179169,80392.97536255051,895881.8192534974,57324.05973820944,876432.3420420677,73557.28625625005
2319,878014.7970930908,80504.87577929147,895865.8131277453,57226.46088785958,877311.4410612516,73046.98548654142
2320,878424.7903320981,80537.65409494462,896220.3752652105,57197.19902708104,877662.4025303725,73181.19236053847
2321,878861.5179810213,80632.16285032412,896770.9687145685,57402.79466959987,878145.3641062764,73541.13110925072
2322,879202.1632007569,80621.91114243017,896987.138786393,57849.47428187417,878504.8167937841,73961.10824853365
2323,879262.3196655393,80184.17916060262,896848.3632473681,58277.41960221528,879077.1140138919,74427.68137402923
2324,879424.6332348885,80638.00780945056,896993.1669008525,57981.38649288635,879501.7346589025,74283.90606348393
2325,879580.7994597995,80645.26324538662,897002.7159152757,57875.09999523396,879472.5483682189,74239.17501575156
2326,879742.3403485616,81271.96586081285,897475.7217811476,57620.6364485822,880013.0477976629,74278.66210908456
2327,879644.4795455039,81353.99354986374,897852.8292934459,57707.29944651205,880244.6951415942,74200.53262685283
2328,880314.6611358589,80969.52066169718,898109.822216959,57965.99394600105,881272.31729025,73942.41569208511
2329,880796.6474646814,80984.18226327955,899188.4798960797,57765.89397822345,881948.277923322,74178.27330813053
2330,880706.7515073193,80972.29182125605,899547.4759712273,57793.80126876511,882456.2184602527,74174.57705527756
2331,880965.2677349225,81089.49249136685,900136.900359441,57366.96282494694,882962.6920828851,73900.01132465753
2332,881196.7442923125,81419.8069756783,900872.9694329158,57927.99499027845,883206.152376264,74172.63076942285
2333,881914.3349475544,81104.12417203678,900987.675322251,58163.75302173853,883297.1674665253,74293.2098894064
2334,882156.1387186276,81287.21628013122,901360.627455376,58203.71562317949,883906.9930471627,74548.54328426934
2335,882290.5060657018,81315.39371003321,901567.0923268808,58087.29081003497,884548.3603784334,74514.14264336755
2336,882618.4122700731,81584.79196893885,901938.9624946686,58191.17175178414,884769.1827816364,74490.646385585
2337,882596.962931019,81380.19526195405,902178.1302527128,58340.38610509651,885020.2393723544,74328.05591493762
2338,882999.3300512045,82343.37328875388,902574.9111763632,58081.93894779468,885139.8792707317,74567.06221819072
2339,883420.7837152397,82187.06546291114,903349.8442698476,58097.20611587311,885757.9868427409,75360.89864166314
2340,883893.2163023856,82403.2489915249,904300.3605812128,58189.5021661654,886092.7573693751,75015.21186169925
2341,883906.3334736135,82378.24468853309,904470.1085721672,58269.28376664599,886050.3738321416,74856.11646611779
2342,884435.3055432283,82407.33287434337,904755.5109699684,57885.19240418496,886469.5143839425,74198.77899971127
2343,884859.8877542934,82603.2495123496,905189.6251262104,57565.68942531884,887006.3537605731,73714.75661092934
2344,884929.9700450599,82371.78767643282,905035.897229339,57410.604461650655,886973.7966523108,73670.58809468214
2345,885017.890223252,82477.3073799371,905689.8597204688,57483.922679082825,886786.3215437864,73779.67746779982
2346,885328.43832556,82531.56505757333,905817.0698453288,57923.01772608371,887159.9996067159,73951.64202441878
2347,885547.9702634888,82672.31278028015,905963.3157370331,57998.64285294059,887342.5606081735,74474.62381371635
2348,885743.3191583732,82743.63604798187,906134.3647121376,57501.02160221165,887738.8135675944,74455.01172610477
2349,885987.2567254417,82699.35853896276,906650.2461751712,57277.91771806433,888230.7965476783,74665.97832217388
2350,886183.9118078602,82625.13361539878,906901.2076305472,57005.23507756878,889011.5163355101,74882.00955247643
2351,886294.7402829577,82639.87533804408,907263.255672081,56838.223951486514,889331.3051966189,74989.74886094475
2352,886700.8946074555,82567.15118889544,907614.557480076,56960.44563220175,889648.6128000042,74485.82476904694
2353,886804.2529156457,82419.91424840016,908169.2763262562,56822.54733399425,889966.0542740586,74960.15978292077
2354,886900.4410987841,82701.79154267364,908398.226731946,57115.022617300514,890586.368731417,75158.43893069048
2355,887358.7349301286,82742.52224505549,908886.5438779176,56934.73898905802,891073.3527657816,75046.71404113322
2356,887823.440760859,82695.2626064927,909357.2884872884,57214.54052906993,891312.7432411577,75095.99150784979
2357,888107.3432497969,82474.51756964404,909927.1012408824,57559.659696576695,891957.2218939334,75312.87656031513
2358,888606.7781657947,82332.74577331849,910436.4573919338,57463.714002995,892048.1266433519,75201.04381465825
2359,888894.223575131,82238.94041313062,910731.063052226,57379.52507220431,892885.215378273,75743.02721905828
2360,888991.5176449062,82562.35838819249,911289.3715876448,57072.51074393292,892975.4803294817,75757.84739011644
2361,889237.4217249115,82861.64003103532,911636.4832741022,57627.077144678784,893745.8497168046,75783.78159636479
2362,889613.0602134861,82987.80974942209,912079.0153820072,57387.86369960052,893891.7575559344,75712.30594473932
2363,890473.8133943521,82871.85030428549,912394.592914758,57163.23806312873,894458.1213287674,75670.88539917735
2364,890943.7256240726,82907.17736854302,912215.653429243,57660.22273028729,895069.5287979437,75486.14522681302
2365,891640.466096607,82879.0975829759,912386.9944190964,57618.8533851947,895240.9816895546,75087.37028917756
2366,892108.4235719882,83146.94948327013,912982.8214499288,57099.3352875741,895512.4695837349,75356.94055336935
2367,891888.1944286004,83210.71671775848,912929.72960527,56789.13090571584,896050.1963812035,75073.93690199418
2368,892526.1146743677,83827.40819874546,913513.1862828628,56172.72882484995,896341.2798605347,75185.27653923647
2369,892792.4359873269,83700.28695210603,913816.5328097654,56078.699143029015,896599.5765823312,75343.91161013862
2370,893511.8631426652,83377.58869445811,914029.8451078064,56223.23711488382,896988.6020723898,75576.1987119612
2371,893783.5136461516,83092.06214778582,914142.5563273304,56674.95262868437,897345.2986609502,75113.4423282251
2372,894427.5103446597,82741.51061319835,914848.9225120704,57046.36503700301,897827.9264813866,75050.19241926794
2373,895202.7882933214,82776.70330633491,915464.7690925316,56941.17604090044,898646.9968263056,75124.22054833763
2374,895437.5865887325,82111.60617288719,915645.7847163972,56868.69340491742,898561.0473373311,74885.25753616208
2375,895631.8390885309,82044.83313511814,916346.0212410951,56864.224656456674,899558.4957948171,74657.05439042779
2376,896312.5873454551,82073.95723943016,917017.5144104984,56878.38067405144,900328.8013365365,74327.86172806243
2377,896946.5601807488,82184.76985091483,916877.3158916248,56451.20496117802,900390.8573466443,73924.78218670296
2378,896913.3276996657,82609.08492801874,917135.1139045764,56584.73993481255,900721.1757645252,73791.30277859178
2379,897760.6522248633,82630.24225130076,917687.5693338182,56731.333931257,900915.5364512686,73740.78950697488
2380,897895.0764270981,82362.28801046715,918279.4541093656,56424.55998486458,901146.106099081,73797.82601055394
2381,898276.8511786076,82182.66556634163,918612.1971616052,56480.89735082259,901405.5862848352,73703.27527285456
2382,898578.3616437627,81928.52434618553,919007.0051466702,56775.96598088631,901871.549958658,74110.96324760363
2383,899237.6834470127,81797.73919999565,918967.9335061456,56626.81498751698,902327.9907493468,73916.32443542557
2384,898999.3509657659,81693.02612992752,919193.576438475,56536.877994676135,902437.0647062388,74220.73294369703
2385,899382.6830950625,81292.10075735398,919352.631713408,56423.9240054124,902561.9236818834,73714.39187369782
2386,899622.8396845212,81540.96694516044,920038.5478505532,56810.45805476358,902703.2143112272,73827.73546022613
2387,900409.7296522802,81734.9146286358,920284.5139993366,56601.94788120713,902827.8252992758,73877.80452016588
2388,900562.4608199066,81918.28711471224,920292.246563904,56190.529027892015,902940.951257217,73609.73743147221
2389,900653.6755721752,82211.17274529567,920788.9414126928,56285.84267707493,902913.6274467182,73332.55000998138
2390,901244.9951037468,82711.00584998267,921351.8471718808,56196.356865204216,903091.8774158997,73464.03724208922
2391,901049.491527548,83141.1839486523,921761.7120756308,56158.66334906036,903566.3423688367,73094.47357077002
2392,900962.0563772776,82924.09745956768,922424.4970160688,56243.677575850335,904384.4249599528,72623.5545801567
2393,901583.1382595436,82979.71804973797,922344.4995443104,55643.41500795896,904526.4005524612,72532.2313424139
2394,901960.8612799651,82588.30590174807,922499.862762281,55230.4255702753,904959.3482015682,71754.19612084873
2395,902217.279508432,82296.36162313927,922811.4749220222,54951.39080279116,904961.2162892343,71686.3179581882
2396,902492.4254592042,82758.17706574638,923005.7326481938,55122.73634922249,905323.4300121772,72202.08104518808
2397,903080.2232052512,82523.43616493062,923550.3549116696,55219.28800308233,905202.2363629432,72397.14894950335
2398,902809.8516855068,82854.18866677227,924186.8513057284,55066.16503853911,905650.0651249762,71982.54816754191
2399,903365.7755242196,82513.99221789763,924780.4817906424,55180.89970134702,905782.2966259344,71617.31683998802
2400,904044.296722424,82601.21591118089,925232.314750468,54899.21150554294,906042.1874610402,72129.50552226414
2401,904142.725040929,82839.54600483854,925662.4912091698,54769.27603406733,906261.9677357462,72223.5572161255
2402,904266.036186904,82407.43115946735,926291.2861908562,54786.27806973885,906645.4605444327,71685.67565052796
2403,904826.387740238,82406.90928509098,926593.0355163916,55010.04642501646,907103.9623624769,71628.93964844079
2404,905217.4609038956,82071.33275571682,926840.7396768756,54830.29750807832,907350.4967178192,70838.92579452312
2405,905935.7257289182,82654.6968403623,927100.6038104004,54740.3051639426,907751.659388404,70989.26011343928
2406,906128.9616203696,83120.79297535571,927729.317729234,54554.6042593688,908046.326885076,70617.29977324915
2407,906403.6602343986,82836.2512492032,928248.8993291814,54684.64391924947,908238.443063534,70564.05433705759
2408,906459.1307958668,82877.24618459055,928834.8616825168,54751.6203000682,908519.3677017326,70290.27881489434
2409,906903.748948706,82933.0011492724,929237.6194915974,54687.72549074628,909103.5629263676,70382.44429476911
2410,907566.6928593054,82889.10929244333,929568.3970876083,54092.02518436962,909645.2097986283,70488.2860779336
2411,907814.5317809996,82963.07530541682,929524.3739383708,53570.243280371775,909922.3140504916,70780.1282810696
2412,908145.4320747432,82922.15159631515,930677.5071538956,52945.42293465337,910483.580935478,71039.83993723689
2413,908831.0998432924,83114.51825560986,931074.8105100058,52886.02729734956,910139.178502881,71176.9143333521
2414,909426.061104566,83306.63834500403,931502.2840601442,52884.2510486444,910666.829758258,71546.49344425777
2415,909729.9321377844,83387.96521340465,932220.2342880248,53113.71188170545,910953.4725215732,71405.04469392344
2416,910281.0131121696,83713.26296857606,931878.172691252,52995.41650751244,911568.752300955,71281.15067499944
2417,911046.4769606056,83394.74903561137,932496.3017321076,52961.59879576488,911961.0817729894,71174.90823185396
2418,911805.3108202151,83457.8043413857,932935.4802548768,53397.36049560226,912380.3526715247,70992.69869125538
2419,912500.241757756,83740.59043046371,933755.0499705768,53267.6734570515,912419.965682335,70950.34070295736
2420,912953.0666646336,83392.20017283714,934490.1781366086,52955.65887354976,913079.0199599866,71433.3746311602
2421,913432.9698331167,83268.6582164799,934366.2893055832,53298.64062843177,913600.9328747762,71693.81771165281
2422,913733.892280614,83361.39740080512,935325.8687191682,53146.08128063496,914115.3755536026,71807.26230852312
2423,914041.4259861392,83493.58967418174,935296.0892909516,53606.0601490607,914956.317979393,71662.52501778671
2424,914385.7159805832,83847.5225207248,935413.147018324,53605.02863663858,915260.627465421,71475.1801793627
2425,914612.9745303117,84477.10785582873,935357.1511182648,53679.94644376864,915468.9498817804,71994.27980801159
2426,914880.8708056743,84850.58843582672,935887.735801433,53303.86433854112,915282.811823387,72539.09274945899
2427,915152.0626489898,84750.87331504408,936074.3715031052,53563.33462039307,915425.425671625,72807.43033087326
2428,915015.9223933116,84786.70758367091,936329.531192254,53474.20694330525,916049.842134794,72710.30406443906
2429,915870.6765781004,84745.30633612354,936793.1751605032,53375.78067371622,916351.5013946184,73103.68683016617
2430,916493.4138080264,84418.71705013068,936702.5012607242,52866.5248895733,916898.6568345334,73469.05976352221
2431,916820.9096390962,84414.28221301462,937172.7606785506,53255.75998914544,917314.8886214736,73782.40243145222
2432,917160.9965359878,84385.10852355826,937525.32432443,53357.32503583269,917491.6426834734,73920.68196465557
2433,917849.4216225283,83914.9069918989,937622.9699247048,54048.13635513019,918136.9728608116,73626.42634526892
2434,918688.247493188,84112.5678186102,937971.0463240248,54180.02130835649,918677.95991093,73420.58102143
2435,919174.403727949,84104.09936630327,938001.5964919336,54170.32376117413,919130.7405263284,73361.44379584306
2436,919720.128948999,84269.907229831,938303.252488646,54059.48831801973,919673.3580092927,73286.1977513415
2437,920354.1315627254,84287.40672092077,938591.64774325,54828.7919111776,919840.2622403342,73319.9964569274
2438,920331.7204160944,84200.55945212388,939022.375697044,54766.67184683469,919700.4020656112,73417.039391737
2439,920488.6567623068,84157.00381284585,939378.7063259068,54785.413731976296,919919.8519924872,73626.34114613279
2440,920374.4434844062,84230.32616858915,939598.5890179574,54935.64191338458,920427.2294541284,74105.28349232688
2441,920508.4682627532,84240.66391019995,940260.1331008926,55278.98690174372,920858.1117747776,74157.14177980273
2442,920443.1792238994,84212.23221400157,941106.3457712268,55258.18794877467,921130.6360790364,74226.02854521204
2443,920674.9850406874,84533.985751597,941442.3653823066,54717.57775480556,921487.3807623596,73936.37447811094
2444,920791.4382060048,84554.7980251784,941817.2521605015,54494.25278792951,922040.0005095226,74112.38220940072
2445,921332.3541549623,84478.89124522022,942102.9517055168,54119.67354303533,922444.924601476,74011.88507079678
2446,922112.1884179816,84472.52069528161,942697.0292464014,53516.37914569763,922874.507234995,73871.84419839812
2447,922297.3692474047,83839.17576192782,942997.305687859,53628.97664033133,923606.4955709468,74330.26075978887
2448,923056.1853274736,83836.68657492218,943496.4003774764,53612.67205728374,924069.0800754102,74410.72445342506
2449,923406.450770834,84076.9478468586,943692.9298153188,53345.60438063983,924667.0088854482,73771.71267473744
2450,923280.2574886552,84203.30303017295,943844.8396157554,53128.48024569376,925215.9079883896,73566.65726245721
2451,923297.0767273108,84518.66456357964,944305.1066123638,52815.0769755122,925563.1184287056,73827.18508969118
2452,923753.3664819782,84625.68682608109,944654.732586712,53026.70281959431,926066.7388742858,74023.9058676873
2453,924176.2285895308,84731.08416728405,944922.517487802,53365.46807926712,926201.4659412716,74454.44584750551
2454,924540.1867732564,84471.37108381091,944973.7009023328,53126.48267920121,926911.0859961368,75146.5728893612
2455,924495.5546438243,84541.16623708747,945770.6669409,53148.78479482919,927054.666304114,75125.40917862074
2456,924697.5125315676,84709.94246030478,946236.196425866,53201.79050108004,927553.8369244984,75196.36139139261
2457,925472.9296812085,84488.80121588687,947082.4342361912,52809.77164569894,927632.9423177636,75712.88556433585
2458,925900.0908089984,84628.23079462575,947263.298640053,52449.83293581157,927660.3619550414,76000.81146119075
2459,926174.2432354696,84768.32892689588,947718.271041665,52585.69643293596,928384.8306405626,75975.90599372366
2460,926245.4346567548,85180.76544471577,948615.7435704792,52733.77335460122,928648.4319740434,75655.32265026002
2461,926759.1123313856,85629.23676316746,948928.9541253664,52706.77343184836,929604.3537726442,75471.06725181061
2462,927439.6238121314,85601.73309616261,949233.7352145952,53165.80183847809,929861.7758211546,75660.17438934362
2463,927548.2188499486,85187.36759449197,949388.7323080178,52993.777442587736,930474.6855376523,76111.60550737935
2464,927514.8993180564,85584.92853840716,949550.8193006528,52768.50046573131,930560.0240483964,75724.22474534393
2465,928005.4667873062,85679.81784945201,949377.1198394787,52413.83112200121,930571.0243315528,75756.58750464393
2466,928414.352393704,85710.75229406405,949827.5400884344,52660.02361325498,931217.68970258,76379.97251754387
2467,928647.6055230744,85786.43263784888,950336.144657141,52767.96491254309,931341.0026239028,76079.24397081521
2468,928806.3584832055,86251.2237274826,950724.1189216004,53084.90124324675,931819.6042771236,75946.38113624012
2469,928823.40883254,86627.91134333666,950664.1239970156,52908.80050124222,932281.7847496982,76244.3571795608
2470,929388.0759087916,87076.12273868202,951014.7440663384,52600.45696278552,932590.6410227348,76498.02770777191
2471,929540.2968208996,87237.14188824076,951465.97086673,52588.7993257958,932780.972477803,76147.69941665936
2472,929761.486409266,87041.38745680476,951923.4220977812,52596.13849818583,933212.6380190044,75904.77865108808
2473,929857.0202789296,86956.21318448291,952018.401401825,52617.242982113545,933336.0969816708,76604.12745688026
2474,930027.6086378292,86948.10725000364,952667.0112935408,52550.38309724264,933453.7452447816,76463.17900363234
2475,929972.3358146414,87184.50667915904,953188.1309262584,52675.70500291608,933865.191794405,76476.70583121156
2476,930281.7663064848,87316.89151937157,953465.034981028,52539.19285169195,934130.1888494184,76393.99087791574
2477,930950.2970727824,87369.93825703244,953049.60865973,52471.81666039371,934635.3635914102,76136.93025313025
2478,931073.7196973905,87427.37248959408,953661.2920928652,52655.94453165933,935233.2361234234,76260.43957823119
2479,931021.392387484,87655.51875909868,953883.3280527265,52820.309522132666,935531.7780231538,76395.79167957447
2480,930955.4316136172,88154.6236080501,954362.43363716,52705.36350881257,935430.99360483,76527.72748552686
2481,931041.1578458336,87862.40172777761,955043.370544703,52557.29685668359,935768.7861983984,76483.56535781475
2482,931245.7498802092,88301.27286018495,955481.185630942,52094.86733361638,935933.2501386084,76295.7146849666
2483,931396.85586994,88094.81273263862,955998.4995112336,52017.48794861873,936378.317791135,76216.79308584667
2484,931765.0192934476,88204.87883373801,955918.817220674,52111.040948549846,936574.5181778728,76350.04373237521
2485,931783.09361238,88107.58374635181,956668.0434423614,52481.48493113202,937246.6380972436,76254.01787546297
2486,932169.6334426048,88417.85167632825,957001.2096527492,52321.222131407376,937815.117069206,76501.48146659776
2487,932490.6236816898,88479.02363836103,957220.4309071924,52055.649169347205,938240.4452124584,76819.58012504387
2488,932658.6531830024,88762.08540046198,957639.9829296404,52012.99147773198,938615.0519653,76897.59353682751
2489,933386.1466391752,88966.72615922264,957771.6335616908,51942.89685066624,939033.5063478876,76808.0318384156
2490,933607.7773885288,88797.95546578491,957782.5569458622,52028.32921567444,939367.9385370212,76929.8845907265
2491,934248.1134378632,89246.72875950285,957697.2276824492,52193.103631862505,940031.9293618124,76604.21205514237
2492,934274.1936335104,88696.74091444215,957966.8644309202,52355.2205079909,940704.8172750522,76746.60645420772
2493,934678.3117180415,88666.89504702152,958403.328901422,52178.00398936727,940972.6070284488,77110.0189129651
2494,935236.5656694018,88645.55019154739,958420.0329341316,52012.49139790538,941432.1416383388,77767.36754667498
2495,935636.446458946,89179.28728030501,958871.964674139,51841.32596878731,941808.1765357133,77819.16710915822
2496,935961.5307893036,89337.49267098516,959822.6069054238,52162.98815771176,942160.0876574396,77908.8733100188
2497,936212.2175819114,89449.91046467477,959789.5271388828,51826.21623591116,942614.157550822,77829.02795443306
2498,936675.4906852564,89326.4812984331,960289.6997122432,51833.95042317868,943450.6772979297,77805.50338559378
2499,937008.1733929764,88918.02317714323,960746.031921048,52100.72316980532,943708.8330326396,77819.43951704557
2500,937746.4713530265,88956.83730714585,961380.4338530304,52265.36246839368,944309.5260211064,77821.33805394192
2501,938200.736905296,88729.42421522281,961395.6178064828,52505.687838860125,945019.682180108,78181.12727343228
2502,939074.9521092454,88949.111899857,961777.2697558574,52965.81011783476,945530.2812508828,77893.74705855022
2503,939290.8848610972,89052.66990364976,962146.45890079,53099.27470879626,946181.896069051,78040.52788918572
2504,939768.094143212,88875.11063403252,962602.2114731076,52899.52632282317,946660.3914099928,78159.37285228747
2505,939742.6033965108,88970.59577348256,962818.0513753236,52917.36296692745,947022.9897632046,78279.47003152901
2506,939787.2037456728,88818.39531204771,963169.1416317426,52814.94675651064,947334.7940008944,78333.38592117834
2507,940203.1759390852,88984.27683239832,963419.432499503,52814.99693504204,947688.083814104,78299.6678225845
2508,940712.1936890328,88756.37843655993,963482.517438894,53286.84112062286,948255.766443638,78533.82830535083
2509,940939.1447414588,88545.19274518876,963433.3838946072,53616.31454600861,948067.388686195,78594.87837562333
2510,941433.9292116394,88340.79581305965,964006.7776378068,53968.53813823568,948482.8229547928,78737.35000599775
2511,942166.252576439,88688.55280286419,964092.3095266249,53806.87663804777,948683.6783996036,78758.81967746148
2512,942621.5378524282,88568.94363299213,964648.6249942052,53868.267285123664,949123.3927355792,79112.51633077412
2513,942719.5068513472,88774.08081396634,964446.9767067336,54267.68710331298,949548.1564305658,79703.50127990328
2514,943181.81261117,88924.79999224309,964906.223405786,54445.26108354147,949938.7213807276,80048.69396787831
2515,943607.4966744812,88954.57113243971,965010.8311256784,54792.416730234,950106.8759922116,79936.7539687828
2516,944166.5990165432,88662.0087333337,965738.063419636,54839.46636661492,950248.5728650282,80055.15764221725
2517,944213.5244789536,88590.68049883927,965754.283973834,54814.82762736676,950375.9661054128,79911.75309967087
2518,944614.1511341264,89162.82502639083,966188.0693582932,54980.88098331861,950480.4957462684,79812.80864874486
2519,944837.0280241552,88910.83815474284,966833.7920842686,55451.30860408599,950735.8915434493,80296.57254146683
2520,945378.4602300564,89001.8337133805,966743.5792212448,56159.03258771919,951444.4861428316,80427.90749460366
2521,945519.3325658492,89045.02539979052,967013.6779740602,56068.172875851735,951318.65011506,80360.5993405619
2522,945807.0220401804,89124.93488532552,967563.077118497,55789.91526416069,951856.1838242403,80218.79355532235
2523,946278.3438887348,88902.85060364731,967459.8350850048,55372.83193133163,952605.5296283206,80587.26269629327
2524,946874.9486506156,89292.25550862597,968165.3930994692,55486.43915733248,953263.3069135476,80801.15913203849
2525,947364.3358377916,89514.23524473619,968554.4500639098,55031.88766988029,953389.7583559202,80679.02147660917
2526,947698.9227777811,89367.70762217848,968916.08243152,55201.95094550536,953555.6316157468,80603.98121015984
2527,948213.2727308146,89585.50474325322,968936.180880238,55132.43651039779,953823.2014182156,80209.16823507515
2528,948810.0350836108,89953.14488344644,969375.3029533952,55436.71227156968,954508.9253528066,80427.16187117282
2529,949348.7015350156,89878.40402051933,969834.775554016,55593.29783781296,954683.5004669412,80284.28259022596
2530,949845.4129053354,89706.81137776183,970245.8492179716,55235.64624619166,954795.1835817216,80570.86396403635
2531,950389.5106146662,89540.63318586131,970921.3304610885,54957.00490315881,955605.5203667136,81011.1984295826
2532,950861.3158149266,89654.40964362644,971268.5113972152,54673.92935775736,955685.7638208104,80726.93279394586
2533,951129.098267106,90425.82692428198,972120.6869661044,54693.42897546362,956001.7201431728,80600.10323071899
2534,951669.2670784869,90848.66694220944,972038.4954590754,54926.55029953423,956586.4484681978,80260.1769569677
2535,952117.9107099072,90914.32391758592,972482.556891846,54265.0080144119,956891.2717995312,80066.22440526019
2536,951966.7223655212,90857.98002123534,972874.0524334892,54548.638832837496,957086.9700208852,79863.73634296477
2537,952293.1690829792,90994.24619171982,972868.3893014746,54854.35559713561,957648.3922746612,79371.56638453867
2538,952602.4245896324,91448.43089977826,973414.0963242924,55472.16696648068,957636.8557523404,79342.87804999982
2539,952763.7533979896,91162.98451414325,973472.3243396572,55540.7894746578,957566.7483479244,79309.54119349884
2540,953133.6972133394,91236.0369572237,974212.8566441288,55201.71367970674,957495.3627617632,79526.75844846579
2541,953567.5124355472,90903.1683066791,974556.4022522456,55471.60846416851,958099.3508990192,79555.16959860567
2542,953775.2388934548,90648.0240347718,974415.091045294,55525.85530060535,958211.8205381596,79753.34003661355
2543,954272.9223193236,90968.64567103724,974649.8196402362,55093.57255948966,958573.4143651208,79720.89260415251
2544,954617.0393530749,91230.57965380471,974897.0869194322,55396.566726258825,958709.0136883945,79466.1161002501
2545,954991.7992453076,91373.84803684674,975624.8284916518,55444.36070783746,958920.310238521,79773.85383567784
2546,955133.0742145648,91419.21189301924,975752.315295554,55126.20342680336,959255.9622224594,80081.25776712515
2547,955141.6850783525,91445.95145133436,975588.4774676852,55343.74497016633,959664.1112611096,79616.16236558567
2548,955529.2511822808,90796.99030317907,976222.7396541056,55612.13187709406,959976.1954858884,79731.61464938175
2549,955625.2494836048,90693.08772669316,976747.7365634956,55343.65624048074,959872.2268210552,79970.55117955634
2550,955768.3106347772,90856.1557714234,976948.6888704472,55579.525236746296,960316.840338823,79967.16033434033
2551,956417.3508593588,90449.83886515646,976994.7338061637,55566.70525245447,961246.8710373464,79969.35534571705
2552,956993.4348539464,90320.7211213944,977344.971539212,55962.43596718319,961543.7017844006,80033.94856947992
2553,957297.539688519,89811.58798493321,977833.5054240196,55794.88458337765,962273.6427250064,80412.54321799225
2554,957392.9912943152,89795.82470427634,977219.7223578924,55910.492638931086,962631.3277891172,81141.80450645933
2555,957358.486942396,89974.0718839268,977519.6211378884,56365.80989316354,962929.2368891382,81438.08622490465
2556,957781.0145890762,89909.74478091765,977381.889355978,56246.87538117592,963215.1888352257,81430.52530909418
2557,957802.3436960414,90101.69421211407,977553.6262062276,56744.9051417582,963694.7468087304,81218.46261551723
2558,958002.11955786,90384.4727342121,977802.8793654914,56966.11937137,964434.9559742326,81150.87733975904
2559,957768.9105009602,90320.80111758628,977761.7332712734,57088.53010800714,964674.6722486734,81809.88829670327
2560,957987.6108543572,90353.33237381389,978052.5788442512,57461.3976124339,964984.6932761914,82377.22847696018
2561,958420.3643055628,90411.35616836422,978269.592959359,57055.41381928292,965428.8091000958,82398.87151947798
2562,958626.3835786716,90716.25351768146,978523.9349433972,57790.12183280005,965814.2525380292,82363.63142974649
2563,958606.2815728982,90926.82584363966,978937.3757058186,57540.0875514701,966222.3319310588,82162.60524656666
2564,958780.982539668,91076.35325645284,979208.9918767224,56668.63594520998,966689.389523739,81941.88956997187
2565,959330.0081830296,91293.33789684316,979367.802304351,57187.38112020785,967024.0008089292,81806.59697704595
2566,959578.3003608997,91463.57155485016,979523.9703277404,57594.682470982894,966917.2581217606,81685.60483351795
2567,959784.0124666252,91826.22363269968,980137.4601214196,57741.05543599524,967616.6147131234,82234.34549174365
2568,959802.2287306972,91776.01075738658,980495.280853046,57577.82712842857,968440.9697252698,82104.06269027575
2569,960428.5167141274,91504.03318500718,980802.5971629652,57551.892928128254,968721.6281990446,82172.22808916833
2570,960484.084546377,91468.2258286272,981016.0433149872,57507.71980175967,968946.3733755652,82153.88670578011
2571,960908.7866597116,91929.31102176692,981563.891321881,57376.001519575,969535.3423379764,82327.59248484712
2572,961009.6535007708,91772.13397741326,981900.2474930576,57401.19165971483,969699.1330087644,82332.00524113463
2573,961073.382264072,91912.89533755016,982346.9411910262,57204.00818906651,970044.9027968711,82515.03001050254
2574,961438.4505742,91299.1192945059,982665.0049681354,57826.3369360764,970378.8093200788,82183.56793087725
2575,961700.8897905828,91398.87362938876,982672.6115559776,57953.19546984581,971014.1273124,82306.63471433838
2576,962076.4715831748,91740.71786816286,982938.2217015366,57587.115046651845,971652.9125376632,82264.35103965794
2577,962713.4654531268,91761.14670923202,983212.6230874412,57694.14579962808,971878.6681317186,81968.41333402226
2578,962451.2391058576,92041.42697739556,983309.695931926,57918.31446014873,972241.8260691662,81842.08878305249
2579,962741.2513090272,92174.09795451743,983608.3486724492,57891.55883083122,972529.8627970128,81592.25547361834
2580,963041.591073093,92389.40359156436,983708.9236073566,58031.91340140849,973091.6871975708,82173.42867013633
2581,963265.5965969714,91989.56907316916,984073.3178287472,57847.10857903308,973248.6521153576,81833.6779430861
2582,963504.061617537,92019.1407987423,984740.0774072644,58045.68856863312,973711.6899315134,82127.20605575579
2583,964088.6949015,92060.82434186865,985516.4403070664,58807.401557754245,974003.821390706,82373.33497888094
2584,964279.4479132944,92269.3309248796,986273.3694675296,58663.27221074729,974578.6062542256,82472.3181526466
2585,964692.6374422804,92182.5140041285,986865.937536685,58608.49902193227,974685.40422505,82179.87681046555
2586,965535.6923887696,92700.45517072146,987367.6927938514,58701.39201868918,975301.6301667535,82495.41644108527
2587,966008.282943473,92607.03938860688,987838.769818328,58780.32086864188,975913.5125196528,82553.4580796288
2588,966006.278052844,92819.89960966197,988353.204337884,58685.86656423182,975842.0759611684,82744.63357120816
2589,966325.4798959404,93038.50416867544,988730.5035001548,59066.91506203976,976055.8779539592,82341.42450309853
2590,966571.7147652424,93430.6826873116,988939.2697097188,59286.1137377518,976072.2244758188,81840.04224472391
2591,967158.1116616352,93182.10824749866,989255.4793264794,59157.027699957216,976265.1190159034,81864.98509372854
2592,967851.7494947528,92888.12136428311,989457.2448144248,58656.850081845376,976230.0710798262,81734.59944503945
2593,968294.4662695004,92641.2238456036,990260.878897101,58453.38538255242,976932.3988794736,81923.85642606126
2594,968538.1763739024,93029.843541146,990785.4807128694,58615.84172817634,977047.9674303452,81697.26713913327
2595,969556.8025699948,92783.56332734627,991590.534821762,58379.48956144114,977634.9888022715,82066.07112950634
2596,970338.8139022132,92777.11004746152,991878.2638172756,58310.3544460794,978135.6158792764,82643.98377341972
2597,970319.5737406726,92704.17177436884,992289.56239799,58685.8069505551,978255.3520246044,82772.68223924596
2598,970683.688990714,93135.080197605,992454.643957124,58200.67256705544,978790.5734913282,82716.35293268497
2599,971182.4362138158,92804.4698377525,992811.6087685532,58540.44649309022,979232.7572635422,82445.1257372686
2600,971333.5493252842,92987.92704170212,993381.0904760052,58210.231429637046,979263.0787950654,82667.61483383732
2601,972169.85373732,93141.1421417153,993632.0571997792,58469.14598580191,979268.2622427671,82518.42928288797
2602,972546.2248402464,93527.65074363192,993703.3566715096,58045.7663586557,979504.258711678,82569.79767637743
2603,973041.4228793208,93224.89059098318,994167.5161573004,57942.386033031005,979904.9790953478,82837.41045748525
2604,973156.2472430628,93326.98769998272,994236.0511750808,57989.81235589895,980589.601623698,82725.59936554401
2605,973701.9775415298,93200.51258372972,994710.490511092,58238.142697393225,980746.6555485588,82550.97927958766
2606,974200.6385279782,93057.58295501528,995090.8565711636,58114.54422363909,981032.2002699076,82564.72046855625
2607,974407.7754254838,92883.6567506914,995477.3644808792,57649.11172894301,981264.3176998864,82430.23548587831
2608,974571.9472799208,92958.2994696968,995448.844472187,57751.36682854218,981568.5096871408,82761.40215284826
2609,975029.1530844409,93281.67525314107,995962.5383994504,57570.75620315957,981690.0375522044,82605.39836381418
2610,975396.099986636,93498.6934276834,996345.1552218344,57664.0805105153,982602.4103415798,82694.9011716922
2611,975673.686001348,93473.8572621674,996713.6316676124,57673.201555858985,983070.7689664428,82092.9153615615
2612,975805.868206347,93829.65112026392,997115.0694414272,57712.72257663885,983706.457156519,82416.21050698891
2613,975657.4251264626,93661.65228644371,997525.8224018916,58031.19526923842,984030.0290281976,82871.57232072864
2614,975971.7004222196,94029.8002184974,997729.2780306358,58056.84981609007,984749.099817558,83023.36874744395
2615,976522.689645346,94329.39802603336,997929.2495656108,58213.07467817729,985198.9842127004,83052.27356199024
2616,977088.1441305229,94568.56223831748,998726.8116802986,58231.84152393928,985490.3627600974,83134.68136570406
2617,977383.2783267226,94443.78404707678,999076.5931755212,58399.99166901127,985843.3098876016,83512.53241329626
2618,977723.805211876,94602.71830250572,999690.0841130248,58598.16790388814,986181.51712917,83700.23227802482
2619,977824.5795799976,94828.6470912884,999757.9968706158,58536.177327720725,986750.2480354168,83731.47294800144
2620,978342.5240209432,94826.9270993033,1000181.8821753816,58739.04491006781,987058.7768000088,83544.57352502653
2621,978809.8889287948,94947.40756927604,1000512.6495553494,58788.60983107891,987183.4344583942,83651.10520355437
2622,979394.487379492,95166.6507553933,1000982.1168628748,58764.95604671348,987458.9702759476,83573.62085526943
2623,979765.627671516,95411.98171974764,1001161.4479987886,58954.06536917985,987727.6631578852,83703.49278978731
2624,979570.5107365357,95496.87643690912,1001317.4923301951,58776.360496876485,988038.5149953451,83421.22360840009
2625,979923.3312668864,95409.56411681128,1001376.0837239686,58999.90000923842,988345.9629827128,83188.47872308412
2626,980423.104077642,95243.579217788,1001793.8223213234,58980.363527271766,988659.5231074512,83244.32639151417
2627,980846.4916735314,95368.44097267192,1001939.0109589515,59083.64732639692,988817.2516173072,83465.92759964436
2628,981143.35135133,95346.14203284368,1003049.9514559268,59137.6156131632,989395.987539925,83306.71935591797
2629,981493.4762341044,95240.56945864928,1003566.8557350386,59249.67579184174,989343.5618728908,83143.03973907862
2630,981761.6549928128,94938.83445488656,1004327.4321446524,59167.77187015553,988904.601464396,83335.14404987566
2631,982964.984837276,95134.58047491264,1004318.1946518432,59415.3691611947,989811.954248746,83256.71997857919
2632,983060.3083742738,95056.23483424544,1004742.0590012746,59204.1186791978,990385.683505568,82789.00921919759
2633,983845.3871176068,94942.365766808,1004908.4584737886,59158.23994434143,990569.453427318,82466.22456060561
2634,984125.073448368,94819.72784909367,1005097.2886159949,59241.27159279902,991045.7054699396,82529.87327233392
2635,984884.172032942,94791.8596617501,1005725.6110258454,59477.901881043086,990959.8154875798,82819.73033832133
2636,985267.7067566464,94781.64830602436,1005975.3760239702,59132.35198114113,991324.5048646803,82555.4923578289
2637,985641.8325115956,94900.45017338936,1006563.4648265702,59185.55688063461,991454.589590486,82060.29802025268
2638,985736.1144211964,94844.88579067764,1006955.5046316388,58932.15948654619,991532.5197015912,81988.01309053214
2639,986000.4366645984,94923.546488558,1007393.6847169412,58539.25817980959,991426.2131497836,81915.76703475686
2640,986630.6807729315,94597.20281185691,1007338.093494257,59295.99697203054,991945.88717233,82042.35316490462
2641,987481.9533667,94638.08104363084,1008389.4229237305,59272.06413487484,992747.376480508,82205.93636899316
2642,987800.8401250264,94663.65958173032,1008912.8111501664,59560.82369426585,993245.1966076368,82403.75451126079
2643,987630.02512919,94667.16435549398,1009527.7942356268,59565.91018529863,993448.8735685786,82741.11878280148
2644,988299.5425951936,95034.46550920232,1010298.3407450864,59600.29056800851,994079.945201513,82629.09664764394
2645,988666.1336100892,94864.71935240248,1010662.1115796916,59382.507388735925,994477.8698855832,82924.54884276529
2646,989460.0238440724,95044.60863147536,1011681.4664700688,59840.14668697801,995033.1010478158,83478.93094577704
2647,989562.6354766984,95425.93420598736,1012000.82071474,59826.66721418263,995203.862701549,83095.49551703523
2648,989674.2324912588,95110.68086161076,1012260.0992148068,60330.26306770667,995581.6906652398,82745.29155681176
2649,990367.0972390792,95024.39942593873,1012428.0552580572,60737.76965980378,995822.3503705516,82867.38989767128
2650,990876.9740971312,95156.6977340053,1012578.423964488,60746.52979349569,995611.9091194468,82663.20306709477
2651,991119.684882126,95386.39346141664,1012583.0283598944,60488.16831370095,995485.5975508268,82336.68763826322
2652,991680.8771962804,95731.12768960676,1012393.0801373158,60537.71026276457,995595.6293061236,82328.94639870309
2653,991897.0872245006,95270.74624370316,1012843.5476191596,60226.133207348656,995892.9032431795,81929.2770074459
2654,991968.8151280878,95798.92620845232,1013594.19754419,60101.21884482328,996412.1402234924,81866.99860234468
2655,992580.8202458698,95973.14668374528,1013815.8331414822,60294.405548236464,996947.297488344,81888.57296955006
2656,993026.0984940582,96012.05391721628,1013751.2365885616,60236.78342045584,997674.1655964504,81901.18792136146
2657,993243.537861503,95659.71957076696,1013789.8817181408,60352.60614542167,998297.948758738,82402.5977732089
2658,993315.9439222652,96060.20889251828,1014253.9105607056,60574.78912152218,998350.276614328,82408.14821623226
2659,993526.1609763158,96380.36413698133,1014780.2711749836,60559.57803407073,999042.5581744,82228.36230921037
2660,993279.0358503694,96090.2578763301,1015078.3312240362,60477.60774615438,999342.4489175756,82372.97168378232
2661,993061.8250370172,95807.33626209522,1014797.7838827808,60069.08774110016,1000036.1969697692,82132.61223914046
2662,993359.6724709724,96081.82230118373,1015531.2240258337,59848.36433153336,999941.8182064432,82173.56253125922
2663,993680.3697045596,95992.08860149366,1015712.35515714,60180.95480237303,999944.2750454784,82108.37693090268
2664,994112.5426382156,96059.66008228788,1016431.704028406,60419.85135281432,1000266.7253661111,81912.60152308455
2665,994519.2165233444,96362.77546622456,1016806.5844489248,60396.38973429538,1001062.8836504504,82151.03472527287
2666,994872.7548439214,96223.69254711128,1016640.1196694992,59945.83266221181,1001124.1963504872,82154.20802357566
2667,995261.7003876012,96422.2363938752,1017129.6305689532,60065.7549363415,1001505.3476373494,81842.54744690486
2668,995439.1267075632,96595.18869349248,1017294.8036216096,60296.15600117298,1001689.5449904928,82066.97725817388
2669,996474.0669266634,96916.02251891946,1017482.5148952449,60371.389899742186,1002270.2581563282,82136.00576362351
2670,996479.8238786485,96829.32410958433,1017967.672866161,60935.857163547495,1003238.3898874188,82096.63525151974
2671,997001.4350496156,97501.1865035592,1018035.2497273968,61090.57238560315,1003638.9321559648,81809.88082745296
2672,997399.3874727524,97831.57008360214,1018632.811675923,61252.95046610588,1003996.4598145029,81532.47237889598
2673,997366.7211591788,97676.91142437817,1019114.311232587,61459.91637793442,1004265.5733143712,81238.67758017841
2674,998038.109735126,97379.03613260924,1019615.3935479844,61736.33195693656,1004904.09337903,81054.97133127863
2675,998214.9804126298,97768.16376998188,1020230.7800769032,61453.55270272072,1005396.4228534749,81290.71910494285
2676,997969.4410449772,97300.06447577584,1020840.995033176,61326.47380178102,1005751.5081583752,81464.62608028477
2677,998924.7517042604,97588.47827462332,1021429.5370125792,61248.71500728898,1005863.970193499,81568.7698974843
2678,998755.1470848155,98020.68570084688,1021564.4339878324,60826.00589321378,1005942.3957234548,81638.92551159191
2679,999084.8831448224,98383.98568908389,1021742.557403205,60786.99675472031,1006393.20905038,82024.11874214422
2680,999813.0982479068,98814.99132347365,1022876.3025916948,60877.049622685015,1006663.3391878108,82115.98117619465
2681,1000206.0108406468,98784.24254047974,1023485.6073122364,61227.84166440179,1006823.0345240574,82043.87268066486
2682,1000464.1332365142,98186.43234970952,1023403.3992830266,61367.85120560479,1006800.603515231,82590.15710658918
2683,1001054.1096085408,98220.54885388656,1023928.2705008056,61724.32143370348,1007220.9132420074,82718.53548200142
2684,1001263.823968856,98779.3721727602,1024651.4751135552,61676.13356800844,1007540.139229306,82426.63433839822
2685,1001275.5748939136,98449.95078980652,1025292.1316693246,61649.61692222198,1008171.092149145,82479.71660982764
2686,1001775.3826679094,98626.80255979382,1025659.4810550336,61758.78722802168,1008078.4083221012,82563.69731766307
2687,1002280.4998972976,98242.32061633193,1025886.914865316,62086.25052732289,1008148.5779645684,82696.87219725769
2688,1002408.4496269675,97635.87372312591,1025866.8698525804,62470.032416398695,1008628.8858769778,82728.5249319737
2689,1002509.8429185182,98129.9373077069,1026419.8322760448,62802.65604309861,1008959.8795190314,82666.81069888045
2690,1003329.3578150984,98103.26687632702,1026710.3138079696,62483.73204961086,1009103.0090332808,83000.00950696485
2691,1003255.0227141132,97934.66937757318,1027113.791809442,62861.94628919861,1009522.6614487686,82723.54191088729
2692,1003527.1577456228,97802.34504865596,1027273.718280464,63140.16581980656,1009964.8128819256,82262.37257759876
2693,1003397.754407192,97654.2995444162,1027965.387545026,62955.09431180976,1010509.73916267,82067.02521046883
2694,1003290.2583205848,97292.3545429838,1028468.0781025758,63265.0121077091,1011177.085280446,82651.92428404876
2695,1003959.103431226,96862.46989936344,1028848.3649665972,63544.85642923134,1011843.5810453236,82483.21887179148
2696,1004301.4751123512,96676.77062419368,1029280.5263333176,63391.56635495459,1012451.9860499724,82998.6798642375
2697,1004790.9126681758,96723.801753143,1029672.6369008631,63726.850414702414,1012838.3480348588,83253.16378724454
2698,1005004.315009445,97023.3591394672,1030134.0519167756,63555.05480624462,1013479.74704347,83483.10404503964
2699,1005471.5640600784,97447.50512938364,1030999.0791902654,63984.62770669612,1013512.1810300562,83610.11053149456
2700,1005681.0276660612,97973.82763667524,1031164.2700322104,63787.80814686824,1013854.3459972272,83730.7076820331
2701,1005397.2105666696,97882.94977105485,1031553.2260498144,63962.97522736491,1014220.0881138056,83877.24348994579
2702,1005433.9807967946,97728.0229925654,1031904.132781048,64004.64571302408,1014612.7330775142,84066.18505662319
2703,1006197.7696518928,97418.9758858342,1032135.6012081212,63739.37509686741,1014481.9297407496,84325.86129753776
2704,1006448.4315956002,97537.61340359178,1032098.3716486068,63776.18915538618,1014740.3265700116,84513.0064698411
2705,1006227.688252894,97910.73154450604,1032202.9979985564,64220.730562948425,1015423.3815668788,84316.42249527572
2706,1006642.782277577,97667.88543467814,1032761.0422056982,64371.62041586605,1015588.0994830674,84642.51629669436
2707,1006967.1971545474,97821.05405261426,1033016.9363044808,64587.29453306775,1016159.189566322,84668.59380530466
2708,1007399.869552403,97926.33410368908,1033106.303924468,65033.09850598677,1016598.136279545,84614.73526842764
2709,1007598.6318041288,98340.59795026713,1033862.933812292,64820.87116227485,1017364.1548495753,84635.69376755686
2710,1007859.0488877136,98623.59450565948,1034004.0584688832,64714.903101394986,1017905.9258822524,84810.73029406431
2711,1008047.1560815278,98061.27583699043,1034136.063711634,64422.06071515271,1017719.6441490444,84861.90160651812
2712,1008514.4479581598,97810.35260842784,1034232.1531511324,64256.15008217278,1018430.7618399572,84712.41775370303
2713,1008728.0469958878,97933.90818002068,1033860.1387346569,64286.0935269327,1018451.1212395248,84579.25551723558
2714,1008801.711936317,98000.198103552,1034567.6584215836,64501.720417322045,1018699.1522775504,84923.16064733453
2715,1009088.2195661576,98136.12822652956,1035160.366630478,64196.92780128412,1019030.6520184549,84846.98667212109
2716,1009837.3873957994,97787.04536224196,1035284.8095635223,64171.471958633214,1019388.9815631134,85138.60405351622
2717,1009992.3552337358,97673.22933750771,1035908.0650240958,64198.0163935491,1020173.6658882486,85554.71876274775
2718,1009771.3529990755,98021.03909949854,1036316.7863488414,63834.45238654984,1020335.0452777536,85802.60691544219
2719,1010157.8546389758,97918.8551822103,1036561.5368485048,63862.89827455762,1020194.61577887,85440.71911080157
2720,1010589.732130098,97440.67321222193,1037116.0668344093,63918.93165709396,1020568.24674065,85554.53971916382
2721,1010649.9749675868,97682.17931816912,1037677.1980545352,64029.49723732828,1021055.34584826,85194.99723331843
2722,1011085.1410308904,97821.1300102623,1038298.6169029564,64198.28963924529,1021383.3393543724,84676.51823069666
2723,1011541.8996072276,98085.56412807376,1038815.0930376962,64594.66431235964,1021863.3208970068,84758.64556407886
2724,1011725.2774148588,98023.97921866638,1039502.4285466636,64631.37610559403,1022338.6531949278,84757.16671089077
2725,1011767.7005328822,98059.73303305768,1040163.2023110472,64465.76641966688,1022031.4177510046,84498.19748345621
2726,1012382.022296532,97524.46466863692,1040679.2174617364,64483.77379424848,1022300.549010116,84567.3994229338
2727,1012676.5990817324,97427.62227539047,1040486.2093736414,64398.90309182788,1022748.9239228352,83854.13605223894
2728,1012932.7679315114,97585.09407859368,1040843.7544528728,64411.30633509883,1023125.2416302704,83784.94314646495
2729,1013236.0301966782,97653.17111673918,1040963.3404259088,64443.49279545261,1023840.1620710444,83949.00090666387
2730,1013539.0981022334,97713.77281578007,1041110.7499378036,64799.5084062415,1024366.6898663674,84123.72960745031
2731,1013689.4388793362,97554.60458786692,1041449.9583481976,64635.26238475545,1024700.18939954,84641.33265021839
2732,1014180.0267886078,97552.27986188848,1041725.7163299064,64331.5504792581,1025150.6002796788,84692.60413556127
2733,1014477.915649344,97803.22353930648,1041334.7458224532,64504.84767912502,1025860.1627943716,84724.99708016476
2734,1015034.4308593032,97648.71410394098,1041643.671483273,64913.576423102895,1026146.1601683556,84849.97006155404
2735,1015658.3365954508,97883.83255155236,1041912.3432586096,64471.19832222165,1026654.7186136747,84908.04470668083
2736,1016206.705981873,97965.07337175628,1041775.0078404644,64610.8696690565,1027136.542188868,84828.69905969332
2737,1016892.7532914936,98052.81734498548,1042152.468657608,64125.292622109984,1027595.8085281705,84601.1980874734
2738,1017154.8450041529,97660.1117771288,1042496.0515199316,64017.223906046085,1027881.2530709704,84576.67347189355
2739,1017419.7864472468,97757.488800933,1043207.90725918,63981.0714023389,1028221.9774063788,84449.30959592527
2740,1017657.2609521856,97967.32952530587,1043337.567138117,63822.74580228201,1028761.0869566272,84531.12701056633
2741,1018027.3485772152,98215.9439437526,1043757.9158993867,63990.17303990025,1029259.1213894254,84726.32555375693
2742,1017971.6931033328,98312.5487286079,1044070.3769692304,63672.16016529317,1029845.2815233662,84893.17800053472
2743,1018345.7992696442,98701.94720068495,1044542.5420897972,63625.52756365334,1030421.4410839926,84372.54094762357
2744,1019026.3327851468,99099.0688699336,1045220.5350608252,63283.207062340734,1030395.4761570996,84732.26020212946
2745,1019554.9302884048,99309.93631090692,1045481.8035148784,63369.23906207414,1030661.988563414,84958.61439376259
2746,1019646.5434808736,99552.17675586972,1045906.8535838544,63464.26208579972,1031093.4698253728,85365.09038514085
2747,1020202.8831264644,99484.58709280031,1045980.9092281128,63519.83477470573,1031403.841883726,85275.80278854947
2748,1020268.8052916168,99225.52946046444,1046495.832763046,64183.03661368061,1031304.4347239564,85012.22516229383
2749,1020639.5529783524,99802.7609881851,1046852.0806091866,64680.48284372983,1032178.9902647042,85020.97805273674
2750,1021125.8129411448,99821.35483372712,1047376.2585457468,64913.37736226504,1032763.6105997828,85234.89985238212
2751,1021476.6154983467,99752.58318704629,1047981.0636285496,65311.9039089957,1033053.387535916,85174.04976236181
2752,1021881.80445961,99910.921844152,1048381.7025044368,65271.05251346112,1032808.1363355344,85264.726874056
2753,1022768.123206158,99826.36876432982,1048763.528648235,65604.61239306044,1033156.3326041882,85841.56713275585
2754,1023120.5413457731,100022.11008962154,1049136.747274156,65321.57500414136,1033441.2000445358,86043.56945500422
2755,1023544.0299936607,100467.09343502134,1049402.777802013,65066.348960275245,1033775.8135969496,86111.12431056936
2756,1023934.6146090456,100487.25328396272,1049844.2051786038,64904.96927150888,1033780.245987296,86328.99690664452
2757,1024321.1277013564,99929.881188063,1050077.2583230815,65136.109930029095,1033885.612032944,86074.61265694814
2758,1024322.055612853,99993.62249571273,1050343.1467921708,65029.187277192366,1034492.4697014814,86190.951007164
2759,1024444.80238708,100059.71800669275,1050395.5272759616,64631.03172049858,1035175.3336879396,86409.77079382593
2760,1025395.8788755904,99633.4868926705,1050176.8246839545,64502.05067006744,1035314.711155074,86595.45289975054
2761,1025578.8174691902,99801.4077488374,1050449.5963678008,64511.94217852708,1035059.7935869716,86372.26073197578
2762,1025690.4978910076,99550.27477765652,1050710.8622075734,64101.49419332842,1034856.6492582454,86016.61303992281
2763,1025917.8893526264,99303.0044921299,1051168.9135482856,64251.8339071077,1035269.65165475,85820.51322334484
2764,1026149.5020283132,99601.82342094352,1051414.376518889,64568.00889595679,1035579.9386067688,85813.43643412087
2765,1026231.2892798544,99678.17949181884,1052070.108167414,64747.4275111643,1035938.6317660172,85989.05551375744
2766,1026206.1632816478,99834.43983630848,1052584.0148974354,64916.635425936685,1036454.8760410236,85818.25745758844
2767,1026201.9985350816,99660.78512462947,1052653.117367566,65018.09357275722,1036884.2071682464,85916.31992613719
2768,1026597.8706412496,99940.20175050256,1053303.532497359,65052.666404528085,1037072.3906936873,85422.49498495116
2769,1027335.7682834524,99310.87520728778,1053556.9010261456,64833.28143383488,1037912.7286767552,85457.99238005292
2770,1027577.4904236367,99121.27904644652,1053864.5817759184,65045.64074465205,1038576.5127950292,85592.26007795618
2771,1028543.677961271,99450.0394560134,1054201.7816897342,65431.8796260524,1039137.5899708854,85614.11962229184
2772,1029309.210921536,99435.44319689664,1054099.3542933497,65659.04114084908,1039874.588430522,86106.8831119312
2773,1029321.6787805436,99823.65293040528,1054392.5096677155,65222.109084827454,1040538.1270490704,86337.9902305343
2774,1029293.0657313596,99632.29189976228,1054948.7717896611,65081.78008175328,1041152.0222278684,86680.0176662557
2775,1029208.384872654,99628.99232829748,1055506.9591992607,65063.52611198684,1041572.7568259146,86734.4333575184
2776,1029040.75117838,99906.11258921388,1055713.748106252,65384.617289086935,1041494.0252209444,86501.59237614949
2777,1029302.4458163272,99607.43640367364,1056109.667349347,65537.70068986442,1041783.9711861884,86239.95285363961
2778,1029623.1399911965,99713.56257571594,1056100.9112678582,65292.17735156324,1042513.8719879736,86521.97656269267
2779,1030258.3453484606,99474.15728806648,1056323.0632570898,65701.10154582388,1042849.9520898594,87176.21504033274
2780,1030819.9838596188,99259.889803755,1056474.749758976,66096.92839439733,1042738.8165930388,87137.2718509313
2781,1030897.4177812038,99350.12104944664,1056484.6189969145,66268.56347019607,1043196.6118175116,86913.74772116872
2782,1031397.00680678,99634.61122160772,1057275.6071584306,66586.80620803554,1043640.8986243532,86956.7212990317
2783,1031710.1066869536,99997.18136218864,1057338.687281984,67407.70868909027,1044066.5890279188,86906.34630697581
2784,1032691.803743545,100184.9288450756,1057569.2138029882,67470.11202135634,1044110.786335405,86951.33866935653
2785,1033220.2715188056,99958.65573304825,1057732.256549213,67832.05489511746,1044318.3473414036,87071.11731993177
2786,1033573.8039949796,100454.29919174878,1058190.2192027536,68066.05009439094,1044885.6658581432,86740.22561412748
2787,1034035.5988974234,100728.21574929151,1058572.4703390556,67883.30491643515,1045227.2947267918,86601.5486573613
2788,1033989.0421079156,100734.08843268696,1059160.594388603,68275.25221217661,1045685.5553655644,87072.22705640082
2789,1033918.0039774344,100715.64735607458,1059572.972557637,68650.06618143884,1046470.040424057,86941.04595525071
2790,1034323.8004502428,100495.93602066382,1059924.0280359138,68794.63780715532,1046895.3712297648,86856.58974975967
2791,1034226.5914148014,100308.21016607704,1060373.8470933395,68724.52059212905,1047064.8585671092,86837.72933348441
2792,1034290.8245198017,100715.6231405684,1060464.5745782375,68813.67041053384,1047458.781808492,86504.75364321069
2793,1034744.9152680764,100315.22177109597,1060848.396967084,68826.93297117307,1047640.2705236204,86086.63129418704
2794,1034986.4836093066,100001.94675355995,1061105.8916908645,68670.98611996503,1047560.9630127004,85950.08145234428
2795,1035834.406523953,99742.06890239878,1061658.6064337716,68717.97020967904,1048087.4203277793,85902.4455405129
2796,1036246.4758225104,99924.02041091642,1061750.2534364858,68892.85336741617,1048189.572238598,85618.02636581253
2797,1036769.773620175,100082.03050038562,1062530.664789729,68868.96266976833,1048428.7254991608,86029.62039829265
2798,1037178.162290168,99295.9224488698,1062850.6930649732,68586.80975894914,1048477.784069829,86008.67413160534
2799,1037805.625037628,98584.41280662264,1063440.0349472624,68454.66595968296,1048565.1115813424,86001.36195006619
2800,1038156.80325116,98521.10138356702,1064083.7219190705,67819.6346670359,1048848.8389429292,86323.12597233402
2801,1038523.1639135244,97842.7462885701,1064828.966181813,67501.89884402874,1049054.990521371,86563.98437561722
2802,1039085.773695992,97721.2643365951,1065204.0387619203,67703.59625299714,1049355.321250271,86763.84894735632
2803,1039836.5994041134,97954.11467251374,1065701.2636287052,67741.40173950091,1050010.6247640918,86751.23123372841
2804,1040962.1315831149,97632.22066663916,1065592.2629546714,67719.52545749724,1050565.7453882103,86659.12853994685
2805,1041683.8980096302,97418.31638364658,1065812.070630561,67857.75996058452,1051092.363871184,86406.95124005657
2806,1042129.5969011856,97607.02866989435,1065933.1865673943,67799.81338655454,1051735.0703577758,86637.88002112055
2807,1042236.7160830444,97628.33608207092,1066355.5987796956,67435.29822135514,1051725.8373572468,87188.34748760836
2808,1042610.528051589,97947.36987924315,1066900.8244067312,67037.41201531273,1052003.5926687906,87148.34255549805
2809,1043099.55812154,97803.59590355582,1067665.896584662,66812.94864954062,1052046.0712756726,86624.65880445886
2810,1043645.5690619895,97646.49709841971,1068091.892085655,66979.81062720709,1052649.2526962576,86981.49041413207
2811,1043846.780892764,97600.2016984805,1067754.0877891944,66966.83100063624,1053361.2082673914,87217.537688782
2812,1044294.3927830302,97722.5792027539,1068163.726715962,66416.71321052918,1053821.6083818765,87699.36216120954
2813,1044306.9317568656,97462.87658122784,1068198.600595299,66583.73157615119,1054491.2555715158,88333.52961387312
2814,1044695.062855136,97885.55598564446,1068777.2262239032,66360.8432319849,1054771.1994245388,88056.01072253003
2815,1045450.8007570507,98071.28075899016,1068943.0140696028,66345.33986820854,1055471.483806969,87834.38172955898
2816,1046069.2117942568,97703.6431354859,1069485.8113703695,66167.16089509681,1055801.316700102,87587.49667834527
2817,1046245.491455144,97639.73804511515,1069821.1112028733,66051.2509487238,1055927.8623587503,88046.59223547675
2818,1046555.7467059868,97446.2152695674,1070282.471105287,66078.66731466968,1056157.647455702,88592.44527164215
2819,1046885.6680193346,98063.49099890787,1070528.938460749,66101.91556026369,1056338.0132672782,88408.92817776678
2820,1047407.0129024684,98639.06032543402,1070749.1037028786,66550.59092810584,1056726.4527568289,88537.99907415255
2821,1047505.9257147292,98215.16973494232,1071072.231081514,65990.70882654884,1057116.102622556,88639.90034334129
2822,1047949.7861249784,98464.95936133996,1071231.1759775486,65671.55996380451,1057317.081494282,88788.12848253669
2823,1048232.9828848088,98449.713938284,1071859.4944050554,65674.14962598839,1057324.4885803428,88922.60168346588
2824,1048913.0262844623,98164.0584894869,1072167.8912962193,66169.20985059688,1057369.1608138557,89060.05294153422
2825,1049255.6408215652,98459.33014609409,1072404.050531099,65980.62514472484,1058274.6460074107,89252.30011232336
2826,1049536.2999158287,98302.70203437026,1072664.0361390505,66134.80592112622,1058606.5608236014,89384.07880892363
2827,1049502.976397064,99135.74803945894,1072927.2614727048,65903.9492847588,1059067.5643731789,89265.36160840341
2828,1049965.2859850382,99309.49551258211,1073583.66949517,66766.85513675342,1059896.4094350254,89692.64275827217
2829,1050373.5538725385,99309.26665541872,1073693.2794462736,66477.15301733052,1060418.59156736,89475.82683555294
2830,1050999.9811082135,99855.272779909,1073956.8399221392,66407.57092232136,1060504.9674588232,89286.33542170782
2831,1051331.5077248258,99967.48979559608,1074481.2724893882,66193.71099305106,1061036.347641165,89334.98233234273
2832,1051580.9252289557,100102.61630964254,1074952.2887643697,66201.29328333453,1060890.3176038028,89430.55443698523
2833,1051928.4652695546,100353.69587224048,1074929.696185663,66062.91398342224,1061416.1393379683,89249.90353400947
2834,1052116.6238194865,100689.38219001106,1075274.1230959543,66010.98720374041,1061801.9693023132,89685.59993549256
2835,1052474.450771138,100312.1652636894,1075883.4369893328,65948.34947518042,1062373.1648493817,90245.8870530456
2836,1052633.371552682,100107.10189322458,1076124.210142942,65879.83428335859,1062669.2344001608,90120.62855770029
2837,1052987.7780116568,100182.3477883459,1076421.1446663414,65391.31793744623,1062993.6647903551,90023.1230630018
2838,1053302.8667592243,100329.25952571038,1076785.2558642305,65544.217435166,1063383.0661154126,90319.22362305142
2839,1053778.316787758,100443.6142250958,1077248.365951948,65536.3057955065,1063511.5668251193,90329.89237647352
2840,1054007.6943396074,100196.99178736209,1078489.3478763737,65556.88441691609,1063871.4953352576,90470.1673460506
2841,1054351.8016839123,100353.0294159438,1079105.7755228034,65713.46131360416,1064347.9957588436,90316.81453499522
2842,1054546.3699374574,100723.13430559542,1079546.5992616718,65515.15280666925,1064532.3841370542,90634.41337244386
2843,1054190.1400461183,100972.0616127894,1080066.0982788694,65829.71664774777,1065141.8422974765,90596.4415857365
2844,1054416.5959057566,101279.756542187,1080807.403549906,65855.1556002399,1065253.1980916276,90641.64538007222
2845,1054595.574968804,101290.77166410528,1081189.599525611,65665.01184930468,1065389.6685887005,91101.75439379334
2846,1054661.71654728,101266.22264290642,1081134.6566541705,65592.33468170272,1065992.5795306824,91445.11398366975
2847,1054654.905939567,101066.4103199689,1081711.8863622253,65971.00980719895,1066620.6649508628,90938.3508549256
2848,1054875.9003321114,100907.00982760589,1082308.0829886398,66354.03164369492,1067029.2608195697,91256.689038083
2849,1055115.2163528646,101371.66110486133,1082614.9794915288,65919.77160437548,1067752.1184775862,91184.01503403788
2850,1055286.5152854754,101667.40904713132,1083014.3151903304,65597.54989985349,1067919.455558599,90897.98620545266
2851,1055378.2338206738,101882.201056711,1083259.6020066757,65239.01796542794,1068402.2944361889,90793.84339781968
2852,1055814.756260133,102412.38108389756,1083476.746506976,65670.14701914844,1068740.3247562223,90668.66764025578
2853,1056097.3022317044,102237.63947446166,1083718.0016229365,65836.15983898044,1068386.3916534623,90846.478651987
2854,1056247.2317275573,101912.01823419874,1084589.1633163495,65750.50227846518,1069045.106501168,91002.91635342196
2855,1056171.9476191795,101681.42854413828,1084559.2501235094,65810.44053306292,1069689.2383777988,91245.01161707228
2856,1056217.017243191,101732.96402587729,1084645.579073699,65632.86972503658,1070310.6521572494,91326.95931248604
2857,1056572.6066208363,101868.73945054968,1084313.4172598778,66029.24606572218,1070457.3773960322,91328.04789982468
2858,1057131.0481723673,101521.22234330038,1084995.5771380577,65998.65285485671,1070338.911929401,91194.45419424363
2859,1057780.4259805072,101694.44495045806,1085012.9223062005,65732.18445563056,1070969.1142146543,91736.8253943845
2860,1058278.4591188142,101603.1277323062,1085530.235710776,65585.58268114954,1071471.011759483,92271.24152617168
2861,1058642.3696027002,101258.56809999493,1086208.0602871133,65533.95374973896,1071407.2878884117,92478.26478852556
2862,1058795.9816826046,101552.88984031374,1086446.201661166,65171.54298866497,1072050.361265019,92654.07879076534
2863,1059225.8688403694,101624.353942691,1086775.7687839528,64784.29681387028,1071973.5385245758,92669.98026576873
2864,1059753.269009323,101719.58025050124,1087039.9916008536,65099.82707190452,1072647.6002912356,92727.52953266498
2865,1060478.8136941858,101504.59659870523,1087260.3263229197,64820.54438074322,1072869.1207540275,92795.6733784528
2866,1060329.0945015005,101439.6565023383,1087707.051914554,64977.80193505909,1073409.0871152838,93206.04648368426
2867,1060555.438783752,101953.51789007428,1087788.4689818178,65070.60970417864,1073369.230605017,93173.78208835512
2868,1061086.0356004382,102116.1559940722,1088034.225048264,65120.04771867743,1073400.0204497078,93862.15226895249
2869,1061270.684363607,102385.85959741952,1088264.0962158963,65133.99475427493,1073834.3617614117,93839.6426024316
2870,1061784.164183003,102245.67597402656,1088619.0858560477,65178.86489615789,1074146.8391756024,94213.37489136578
2871,1062582.677678477,102104.51586749492,1089425.038401159,64767.47073815785,1074704.9747187537,94295.93047961991
2872,1062760.3460080875,102204.2731200531,1089518.8009963229,64959.41817817401,1074994.1525712258,94337.51968470338
2873,1063258.577842115,102068.51019783143,1089768.0981729906,64995.62097979061,1075341.6651642236,94545.83060533072
2874,1063675.2374042815,101469.3999471306,1089867.3732290308,64785.15206475203,1075693.674182728,94988.00446965949
2875,1063899.217821769,101574.09428810116,1090367.5321143388,64582.241693103344,1075736.396323106,95536.4514141318
2876,1063802.1066390346,101247.7808139027,1090703.5817527752,64335.74772210574,1076148.8789680009,95340.694014197
2877,1064092.028424863,101535.63532265926,1091067.0999401878,64516.35275755268,1076178.6478566271,94931.27815304745
2878,1064900.0554755288,101860.00841368924,1091199.6608196043,64558.35050847361,1076864.3486346118,95243.27653317804
2879,1065507.2792276102,102000.69010158876,1091585.4240777874,64428.495614525295,1077323.2346285232,95703.4989309459
2880,1065861.7294812177,101896.05228763875,1092246.10068279,63881.71954213542,1077798.2257922576,95619.6213385957
2881,1066268.7241182008,102212.74997883868,1092579.938896282,64314.973421875686,1078285.249307361,96243.83426574676
2882,1066449.8281835988,102536.7161703388,1092559.8554820674,64281.46593276956,1078511.965264103,96064.98629274988
2883,1066271.8981184824,102867.35664899014,1093095.8765113617,64229.14708251713,1078653.314364776,96412.10272126515
2884,1066602.295845937,102863.47411877096,1093212.311316487,63964.25794919495,1078987.1399649624,96853.99460007572
2885,1067059.1013553764,103267.42652596126,1093317.918158161,63670.54853333991,1079110.8403099363,96713.88898072563
2886,1067469.0660824818,102954.3142253749,1093366.9199576343,63589.77552409553,1079483.3030616764,96629.6928826985
2887,1067740.0446650938,103007.44124971198,1093783.5954909546,63705.19695891769,1079859.23111386,96475.96925046713
2888,1067880.2620190908,103316.4603424933,1094243.682755263,64229.05162238989,1080271.7456876228,97056.8242045571
2889,1068321.6576955717,103185.86945921424,1094623.5432617732,64071.264197848366,1080549.9330183242,97245.89221393348
2890,1068495.4050423084,103199.5880618442,1095191.373578243,63871.556330855215,1080982.7645228268,97574.46633371669
2891,1068976.5996573495,102903.09199419324,1095364.8124188574,64171.9038788394,1081261.5555487566,97480.39745843192
2892,1069235.8696055692,102651.30595115662,1095709.6467155146,64340.41828612403,1081578.9421313035,98139.71832997618
2893,1069852.7986440891,102663.95352074895,1096251.7960027924,64464.63095533274,1082053.0104649272,98163.81315741286
2894,1070255.1708099493,102823.59316237396,1096871.6711673266,64129.33556768407,1082177.8254677455,97893.13501367754
2895,1071014.6196483208,103004.91154500128,1097086.8835471608,64518.36840263996,1082096.5157594192,97920.83850828442
2896,1070952.1203790638,103584.07808492548,1096933.198895427,64737.328294274,1082162.2667872135,97722.31536795248
2897,1071466.3250049448,103980.95759363062,1097189.8968542926,64484.6677766588,1082376.4075770932,97751.5064864784
2898,1071552.1199377703,104150.28534918209,1097846.3142341883,64028.86699256381,1082803.7598758596,97949.71932155309
2899,1071998.687111391,104215.34510752762,1097764.8521168455,63747.76722062565,1082809.5545080246,97817.58354851638
2900,1072142.9645793005,104174.4531900853,1098033.6893037693,63616.25589085958,1082840.595080808,97531.24404550785
2901,1072592.0303384017,103983.12889478532,1098594.8842524714,64244.6456442387,1083240.7604647928,97379.85010890964
2902,1072801.142066094,104226.2238010562,1098939.889172948,63712.24313600609,1083400.512196016,97631.16249247517
2903,1072991.0093787112,104466.83303993504,1099347.9466387942,63708.37746715586,1083476.136636885,97963.50673853142
2904,1073058.1361532756,104763.88664520936,1099547.4882346434,63918.53320682089,1084321.795763643,98201.16821031432
2905,1073607.3637053668,104671.49813349372,1099977.138364267,63662.306187005255,1085047.2453622478,97832.02961767228
2906,1073707.8492769606,104380.69116695812,1100361.91683957,63653.03885391034,1085355.6737915585,97701.0701560213
2907,1073702.4762447155,104271.85162984788,1100684.8142445628,63805.10714929074,1085516.795539769,97894.88642103972
2908,1074068.4748261955,104254.1464808478,1101023.3950394138,63569.78782227843,1085625.91017728,97757.64226536686
2909,1073989.8669149335,103815.8022332892,1101458.0081903862,63928.85186023103,1086239.3294987965,97751.72062862774
2910,1074266.7433112494,103960.3559341448,1102206.22505716,64403.0491834993,1086708.1504861664,98061.81971737098
2911,1074812.3894027856,103895.76003450093,1102645.887515191,64174.67924313163,1086856.8883237978,98191.28616231796
2912,1074866.026859977,103678.99689672326,1102946.5285635004,64124.70644698892,1086619.1648482326,97975.53416351498
2913,1074886.58403407,103876.95123734287,1103240.7427480472,64033.94922991002,1086985.9375169794,98179.47699289877
2914,1075357.8628526656,104084.2924150884,1103401.496951999,63997.035337856025,1087001.7257153727,98121.02560439576
2915,1075806.775160476,104146.4256048298,1104029.932030358,64135.22585245683,1087412.53477901,98294.30792950574
2916,1076118.431914243,104159.71818450432,1104161.168192348,63829.45767541858,1087758.307902142,98264.27388579932
2917,1076313.2798691832,103915.79093579172,1104708.045234907,64033.08938913645,1088186.8199548393,97685.9483974937
2918,1076084.3974181083,104087.6526393644,1105184.4757857588,64179.81348633078,1088944.9042763205,97844.16341514938
2919,1076179.263765938,104563.63305639615,1105270.5770008855,64438.54519227957,1088971.4023568055,98243.74801647718
2920,1076220.7845895535,104755.05718748445,1105290.8291168327,64321.43043156949,1089364.3291567708,98753.90682871125
2921,1076430.556522247,105463.38118515104,1105650.644080291,64311.31185574301,1089408.3454723973,98975.7139627898
2922,1076600.381394083,105241.00434822196,1106313.704166182,64449.49105719348,1089892.2944474933,99551.39468068408
2923,1076904.5074494302,105181.50052084857,1106876.2343490976,64165.394440411175,1089987.3867828234,99776.95713805396
2924,1077342.5166494916,106071.8454602792,1107195.4973740294,63960.923502690246,1090922.1064319748,100021.3451351384
2925,1078232.3787008491,105644.70832773457,1107669.7468101508,63856.923880558905,1090982.52767446,100093.14559832652
2926,1078725.6153091402,105736.13244011102,1107789.8509621297,63940.04269815575,1091066.4314407038,100366.63485170357
2927,1079039.6501016149,105999.48897666548,1107936.4185340083,63843.35891320418,1091417.6941870376,100205.5636433138
2928,1079414.7130569485,105869.1688327795,1108524.5775715313,64144.02761118241,1091742.815583762,99981.2786076442
2929,1079313.9536863067,105915.8579376454,1108462.2727823746,64531.120732629,1091875.694909484,99980.1529042858
2930,1079817.9419665306,106008.7828682988,1108324.597931271,64659.99230585917,1092139.150745283,99931.3926902824
2931,1080368.5996704,105919.44536262153,1108605.1786889634,64618.07397477896,1092463.6488562394,99603.6286555986
2932,1081177.2367582323,105559.50915952736,1109475.055661336,64609.32414643328,1093444.8537340644,99606.23485576564
2933,1081373.1533112312,105707.73241534168,1109622.4044277803,64992.75321587037,1093791.957366121,99920.39622477366
2934,1081754.9113286694,105680.52109541188,1109973.8004284324,64710.15157751388,1094466.7777992554,99821.66721813756
2935,1082328.0267421715,106023.07452671816,1109919.7785616762,64623.50462082077,1095210.0917236255,99826.68894653552
2936,1082657.7341487154,106075.44409709849,1110492.275956388,64281.946885685626,1095857.4984533794,99919.52889967443
2937,1082417.9957558806,105984.66958632087,1111137.9184672502,64438.01674307303,1095931.026220813,99979.46475761077
2938,1082909.7288196012,105747.08284138472,1111578.119778581,64549.90449458371,1096148.697456203,100462.42432565049
2939,1083200.2553150542,105584.28537345394,1111623.340748316,64616.30082429505,1096315.3160933317,100445.2902194094
2940,1083477.8240277765,106073.48368125508,1111765.298348652,64698.73660819265,1096704.5307959325,100546.18388693432
2941,1083843.018967,105666.24601874864,1112221.5970439953,64545.49351553928,1097032.885251021,100366.094996241
2942,1083741.769742718,105552.49086146912,1112465.920846126,64412.377559350425,1097637.8778692414,100648.6761441774
2943,1083991.6412356603,105455.31374266052,1112962.7128383298,64202.75151359304,1097927.7371887036,100616.74819595096
2944,1084256.2741599078,105522.1336499028,1113371.1411669282,64137.224637289946,1098688.992177498,100624.12858378474
2945,1084317.3754104937,105071.42726409122,1113698.6971574435,63844.95949488085,1098834.9329611314,100321.75934838931
2946,1084039.250129313,105191.1250096458,1114399.445453609,64004.35543852861,1098982.4979697135,100203.06347512976
2947,1084399.7158895566,105349.86908158168,1114661.6046231012,64146.10143874909,1099312.943091042,101003.56556844886
2948,1084898.3376979376,105433.46655361063,1114874.7181109316,64041.511972518485,1099555.6652606283,100937.81612345742
2949,1085375.0144799398,105170.29980307331,1115393.612190885,64394.97231395857,1099710.1619235426,101257.42639419917
2950,1086116.2498320756,104865.4096348386,1115571.691860736,64137.26439495067,1100182.173377975,101345.73159276824
2951,1086782.2543672454,105247.45429016474,1115939.2831807726,63922.489860659705,1100858.5817116853,101035.68462357196
2952,1087270.8902139068,105553.78781916737,1116312.6726097944,63898.56591472937,1101681.5812446258,100687.63845933236
2953,1087376.6148821055,105144.29905919894,1116861.5002280453,63738.07275841285,1102079.049622399,101155.13002882252
2954,1087992.4836399087,105373.22838915892,1116869.977924216,63831.13306899306,1102650.5275238878,101135.58101755966
2955,1088385.328421569,105404.31010569804,1116979.560995631,63904.35545471244,1102716.2514441332,101180.31823699146
2956,1088882.4979054243,105579.89150848788,1117169.3596398055,63611.70809526269,1102454.4451770177,101171.94178582104
2957,1088791.3907506657,105594.17631225762,1117258.07294762,63660.226853879336,1102653.8325394257,100484.49615500396
2958,1089046.4692068328,105917.5004810298,1117753.2897221134,63771.783179045175,1103002.8295550104,100343.61798051887
2959,1089719.515248779,105781.63223859185,1118198.8568075611,63784.75711066134,1103815.7643705397,100575.1195102582
2960,1089961.6820579737,105554.94428381568,1118518.0280335671,63515.75200918964,1104404.345678134,100960.2319196426
2961,1090185.547844664,105420.28061391134,1118483.917982392,63726.21781384236,1104717.0330156838,100912.64039332126
2962,1090644.9870652868,105357.58122418684,1119127.3389512848,64466.56225582628,1105220.8658814856,100728.16571971503
2963,1090782.7173712852,105389.84588863714,1119498.1101849151,64407.800089790784,1105176.8317080503,100827.36735584962
2964,1090976.7171053437,105791.3923698268,1120079.6238725188,64487.80625675417,1105313.747535848,100923.52961498512
2965,1091392.548396933,105331.62688450956,1119700.7579003945,64435.91534591363,1105496.232406718,100791.57647121376
2966,1091695.850408059,105492.02910128536,1120240.7719151697,64798.90621406088,1105850.316006343,101110.08589468246
2967,1092404.9908018066,105394.6939893864,1120355.965570826,64645.016121014,1106177.7999698329,101220.93623255596
2968,1092467.0903028068,104678.02895833962,1120742.7893373156,64904.62635976649,1106324.2453455843,101514.596370131
2969,1093018.0444669854,104797.68813893196,1121001.8891054,64988.65190664989,1106488.9334818418,101687.9516325928
2970,1093259.8647873015,105148.53798139154,1121358.9938210906,64510.86936568003,1106641.2351976747,101364.0595705934
2971,1093669.0956182382,105362.45539504268,1121568.1824270517,64199.764806829975,1107128.2196589415,101376.69228435226
2972,1094601.0001154237,105038.85778902809,1121862.0989168177,64591.973718777335,1107426.0942282202,101505.9623096037
2973,1095041.3574041813,104921.8652580964,1122492.2882291176,64166.90814873295,1108022.4503868786,101708.49136868869
2974,1095879.607905706,104809.04104683376,1122688.947694301,64087.42712504996,1108712.478280543,101641.6211110331
2975,1095827.598781605,104769.62402983745,1122558.4128568051,64195.90798100739,1108997.1971158157,101341.68845904316
2976,1096381.213035535,104712.7076139215,1122581.3926809025,63797.02969138212,1109620.321648229,101212.92004199052
2977,1096511.3644416449,104712.1124091624,1122744.813615648,63699.23968920798,1110183.161441024,101644.0899351474
2978,1096759.216047347,104398.86449078452,1122686.3523466797,63404.79743307915,1110945.0412235693,101743.60368244596
2979,1097107.6255338443,104102.5905974028,1123361.1500388654,63365.33530046524,1110980.9981630468,101880.34017886796
2980,1097781.4288622634,104146.14627015684,1123099.403905799,63272.90573254814,1111544.36399017,101961.27147052746
2981,1098253.4144766463,104184.6224705765,1123395.173233129,63498.68690179386,1111669.6429216776,101888.68089577864
2982,1098334.7502806203,104060.0530903804,1123561.824237666,63428.82107403378,1111522.4020598049,102101.66693746422
2983,1098600.3665782844,104302.7542325968,1124210.4620489627,63656.37262708746,1111346.9518020663,102138.04248990914
2984,1099242.4977333597,104133.3370777148,1124888.3189618788,63741.31825371915,1111118.2847585818,102121.13486870384
2985,1099522.2221553545,103928.50596690598,1125001.1440582178,63725.65632403349,1111985.1586068086,102360.78712251825
2986,1099788.3871528252,103828.61221776756,1125396.6693043746,63996.06847517634,1112471.2026973558,102526.2820111162
2987,1100180.8463889598,103705.92820098088,1126107.6359562932,63966.6932801614,1112726.1606435191,102382.0755583269
2988,1100058.4425821682,103863.52786295586,1126232.0005165755,64530.20289231099,1112805.3132938333,102558.7718454151
2989,1100190.3675478369,104045.36323103785,1126503.6748604272,64487.25349657632,1113356.020487993,102650.1677152736
2990,1100607.6156779297,104167.34138098982,1126853.67634319,64708.09106482005,1113630.0103806225,102994.27140982157
2991,1101364.046705369,103961.5879715597,1127770.9828396654,65156.665960506565,1114079.669550362,103119.90460973204
2992,1101923.2119172998,103521.0122682664,1128230.6366307004,65195.19024321264,1114987.65169726,103152.05719731963
2993,1102557.0730420914,103909.63519703396,1128300.7074157156,65350.33577458813,1115710.794353556,103433.1812023498
2994,1102871.4503093262,104184.56587270011,1128865.6842144704,65091.55549161175,1116076.091192232,103766.86361584788
2995,1103407.200391636,104257.53898518375,1129384.0841874431,64917.49178676357,1116506.2157730197,103858.84095178082
2996,1104239.9145340314,104420.55021537532,1129878.3612487635,65077.68873492687,1116915.9924362565,104221.92732993078
2997,1104336.725046064,104831.1807827297,1130290.6945425407,64969.12575653843,1117193.4120469536,104071.61314211144
2998,1104729.8417270435,105116.14374437704,1130774.6307833686,65515.96944055356,1117658.357290179,103795.66060962228
2999,1104672.139657812,105021.9842499157,1130931.8976652843,65249.16502637596,1117889.6367800743,104039.61467176146
3000,1105073.0929381787,105327.04309688168,1130981.8006630186,65406.08346104156,1118119.1003785636,104082.27674022976
