episode,mu_M_mean,mu_M_std,mu_F_mean,mu_F_std
1,61.500586209836,0.0234205381690464,48.54957136897395,0.0125540414509897
2,61.54528925573595,0.0515212502702152,48.79712575643609,0.020826179808519
3,61.59302659069215,0.0815405045834536,49.04778763275509,0.0276251935436202
4,61.64022907177188,0.1158415772745203,49.29623113514722,0.0392981552805061
5,61.68970394685268,0.1577750916450708,49.547142497815024,0.0482476363688481
6,61.74051935515005,0.2022253954096904,49.799641414531415,0.0574059330678337
7,61.79376417184828,0.2487599393641781,50.04469821392194,0.0671963209028318
8,61.84634717148085,0.2887687177586029,50.29810076178281,0.0696829290127294
9,61.89900362692468,0.3264922429215878,50.5485832608564,0.0811978191692923
10,61.95195019211173,0.3659589968111018,50.801442012951966,0.0891190929755319
11,62.002842676053525,0.4027905796037388,51.05538893771184,0.1013832658299599
12,62.05613764369709,0.4428036383013536,51.31009009899513,0.1138362359208801
13,62.11130118055515,0.4871538898850284,51.56626461144032,0.120904808018622
14,62.16690801967091,0.5324623763510098,51.83176867255283,0.134967466658985
15,62.22066145283513,0.5754168980622844,52.08791183185751,0.1472211834830197
16,62.27401575897667,0.6200534923139109,52.35324794308671,0.1581764725996469
17,62.32300594095407,0.6599778014826685,52.61697466115805,0.1816590743934852
18,62.37661793428409,0.7055645217881756,52.88155944681448,0.2030216704952335
19,62.43050565211407,0.7550221388577218,53.15023320153782,0.223726742747032
20,62.48446104907565,0.8073140045438719,53.40859017019197,0.2496776695209229
21,62.53926069224768,0.8668328191101133,53.67730472159669,0.2760246859898343
22,62.5918286275073,0.9316039680964098,53.95019177721461,0.3029063494057683
23,62.64768090386592,0.9998288131419628,54.223603300882914,0.3340758728101526
24,62.69973004047155,1.0679609550981746,54.49623557314307,0.3643445255281011
25,62.752489028007616,1.1331020566016086,54.7649642488927,0.3965311377703336
26,62.80680703541011,1.2053592011197098,55.0361301201273,0.4308450906603245
27,62.86226422261463,1.2786074021858262,55.30376958070241,0.4633620759377889
28,62.92149535351452,1.3640542447676454,55.57842647682912,0.5057013960830661
29,62.97801271150413,1.4454984392407833,55.84724976570101,0.5401574805453335
30,63.04156440715124,1.5470239738480949,56.12216475216872,0.578216547546195
31,63.09938702251234,1.6381312446607728,56.399757357252994,0.6196318264106977
32,63.15863227460828,1.7366283000832752,56.68343302922851,0.6585912040610451
33,63.216395011420346,1.8329920835232687,56.95394022301142,0.7004173558334297
34,63.27746265593173,1.9339463963072057,57.230257567319335,0.7378717073006498
35,63.33817762240443,2.03194956363969,57.51144182246081,0.7737975625702107
36,63.40013603633196,2.132633102661484,57.79999200363858,0.8190541814212231
37,63.46207145885533,2.238246044189541,58.0876606502335,0.8566316504866337
38,63.52302405372602,2.345726620102808,58.3724929118535,0.8970822861490704
39,63.586939578633306,2.45514113011956,58.6677901971902,0.9400821824241428
40,63.644399164665046,2.553075479953073,58.95350049774837,0.9795144491875056
41,63.70186189254992,2.651044106417769,59.24104590736406,1.028365799347359
42,63.7628560202793,2.753494068613538,59.531961303616505,1.077309612468351
43,63.82344687674868,2.854861742041612,59.82353489036334,1.1202865753525189
44,63.88007649135172,2.950242598092736,60.11196453476018,1.1636661046219972
45,63.93374580202881,3.044299303904239,60.408048976881766,1.2094546489234428
46,63.98574021382858,3.131693473394667,60.698165258375205,1.2547697971028111
47,64.03750500281369,3.219755770758711,60.99472440349787,1.2974149805933617
48,64.09021607084688,3.301523871714776,61.29248202579563,1.3401470607337171
49,64.13771334413957,3.3816441285194547,61.589884666724494,1.3838930842637671
50,64.18372811289692,3.4481386745428044,61.89202694651188,1.4266430806107118
51,64.2292886769738,3.5166831513949286,62.19130451591635,1.460465719940144
52,64.26842721698482,3.568681004771575,62.50358386292709,1.496503788449194
53,64.31196508965365,3.629665350622589,62.81907376386437,1.5369547628056983
54,64.35062936314438,3.676214910366743,63.13668389858748,1.577350044450913
55,64.38771238205238,3.721935468232089,63.44673120971535,1.614050641947731
56,64.42303048950836,3.7624148493901015,63.7629923801599,1.648194661610221
57,64.45718636824219,3.798841401796994,64.08400186826279,1.6881680036457831
58,64.49078132732653,3.835993477052688,64.40424550984756,1.7281563186271154
59,64.52473101189085,3.870118324309772,64.72095039859465,1.7649745732991042
60,64.56068641450636,3.902437217741467,65.05313000307606,1.807984064124578
61,64.59510964973632,3.9403704751516537,65.3753821867708,1.8462607987541488
62,64.62818000557849,3.9782867840326137,65.69844429658096,1.886336491330686
63,64.66043954432328,4.008462691381316,66.03181525221127,1.9250780483682468
64,64.69161348906007,4.034225016843548,66.35751066695397,1.972036879308499
65,64.72310511920809,4.067203375314912,66.68046220066122,2.0179727129343163
66,64.7535436606815,4.096301018189568,67.01458336415067,2.075173118037608
67,64.78427546855391,4.121807772225935,67.344080139815,2.1222135092828744
68,64.81200942453073,4.148814825156877,67.67309469486383,2.179862821739523
69,64.84041708595365,4.167636094051646,68.0105656273963,2.238365503039822
70,64.86667808309355,4.189848441486743,68.33796030488381,2.294839778455648
71,64.89498635123765,4.209877799968102,68.67022245110515,2.351400010397189
72,64.92166427265234,4.226188587623458,69.00156763317972,2.4154933153704934
73,64.94698485646254,4.244101185112549,69.33444771727473,2.47853527524649
74,64.97500995201717,4.260931568661561,69.66075110435347,2.5416155470356387
75,65.00349844861907,4.279875092566354,69.99261085450436,2.601013032903485
76,65.0289870326891,4.292937537248138,70.33266079944651,2.6735085054897088
77,65.05489308239012,4.305786382466436,70.66756648650119,2.742565264258072
78,65.08129697369634,4.317931585174804,71.01857675423574,2.8173187759379834
79,65.10762703466818,4.333322092137575,71.35499269070206,2.888064003402501
80,65.13313640290264,4.347310820117932,71.70219926267653,2.961850881633369
81,65.15835740504392,4.359084741641825,72.0551322831092,3.0496312594487973
82,65.18343012105588,4.36589317902854,72.40082316371999,3.1333018507121486
83,65.20779632975638,4.374919048447912,72.75569711185732,3.211332943345336
84,65.23268093212532,4.383933156952804,73.10303463969754,3.292837700295039
85,65.25882356292102,4.393715410115028,73.44612548599198,3.378576507523873
86,65.28476768823684,4.401371078581983,73.8005510268081,3.467957741808835
87,65.30978872570705,4.408550468247481,74.15385592619204,3.558675825582095
88,65.3353433193777,4.41710931881577,74.51030043376397,3.648780697674623
89,65.35791871959694,4.420215749273018,74.86619222786342,3.7373344371489536
90,65.38236851997809,4.425777755059893,75.21770302354888,3.8287854371815904
91,65.40671077098604,4.428859695397614,75.57105926298318,3.922335395658716
92,65.42853996633491,4.43221362312003,75.9227097639663,4.0162776837667975
93,65.45191223986555,4.435751930524017,76.28306804126073,4.113335629199599
94,65.4736924349937,4.438077408506515,76.64159554396363,4.207711177146067
95,65.49564946698756,4.439781288163286,77.01754222206421,4.309103810241656
96,65.5181582119865,4.442492816671507,77.38646863650416,4.410937029736323
97,65.5430901208876,4.445326929307337,77.75245174715141,4.511397997375662
98,65.56510513848619,4.449093415550599,78.12400804175817,4.610711006053061
99,65.58774845636214,4.451261597830037,78.50016176168833,4.706642006492748
100,65.61296588656084,4.454510925367573,78.8667757351477,4.798943267329108
101,65.63812672624827,4.457856894400502,79.2408563907818,4.896258437133373
102,65.66485866932108,4.460038794230719,79.61487143814912,4.991044442969967
103,65.69235310945147,4.46164777093601,79.98929739792553,5.079184631854819
104,65.71959614589268,4.462977181877868,80.36579802641361,5.165719549661477
105,65.7473965653249,4.46321948075802,80.74204518571962,5.257317485643448
106,65.77546472734942,4.46311434877307,81.1160412501159,5.356014394008962
107,65.80484500073415,4.464688393937128,81.50078323483983,5.45193346601131
108,65.83457124915715,4.46307305088278,81.88794046812095,5.544886446570094
109,65.86196327232973,4.46174807189515,82.27539813872866,5.642442882443628
110,65.89002625702588,4.4607255600562175,82.66025783660135,5.741219163990801
111,65.91905540689713,4.46017247345794,83.05510160221354,5.840108393877927
112,65.94823174726653,4.460280080975855,83.43140120034782,5.936282991782377
113,65.97682673345045,4.462054615174306,83.82251498614286,6.035523204237561
114,66.00445759147274,4.462942776609307,84.2178327999041,6.1372546363121705
115,66.03323751324449,4.466129253862734,84.6077592209642,6.237905113703564
116,66.06137437289826,4.469588958810699,85.0030272887096,6.341671991522178
117,66.09077912370745,4.473909341223815,85.39073397157371,6.441920464587463
118,66.1202253549472,4.4765119469216526,85.78986927858527,6.548691092228872
119,66.14883814297966,4.480311378940881,86.19129040677466,6.65907338609142
120,66.17821130949395,4.485333087777474,86.59664968991898,6.767538184361218
121,66.20619033760153,4.4878575219499455,86.99570798250319,6.876728756516664
122,66.23533179630753,4.493361178791934,87.39430524721955,6.988806171029053
123,66.26098014102017,4.497670076977242,87.79093034439923,7.101419206507791
124,66.28844618090919,4.502328127083149,88.19506318538053,7.218354837176557
125,66.3172537841049,4.50563395807062,88.60131046001482,7.33558202660218
126,66.34439924372312,4.509975847451891,89.01164483493578,7.447615242466312
127,66.37458563609897,4.515965537410166,89.41974168903545,7.566241532987831
128,66.40340209081857,4.522385298100767,89.82171961678648,7.688546376319524
129,66.43317773970503,4.528305441006007,90.2160636794713,7.807077337786543
130,66.46189896809896,4.534619282724361,90.6150228751186,7.9295305396267715
131,66.49065890775368,4.541885280521291,91.01934657824468,8.056626712554193
132,66.51932339406831,4.549166305590176,91.43181664578252,8.188799421988717
133,66.54759130769216,4.555772917870778,91.83664395378106,8.31312141596283
134,66.57726859020627,4.564365731294526,92.2434527930772,8.43508854217195
135,66.60611029347635,4.5726415983953,92.6517520229257,8.558589872012751
136,66.63362273098745,4.579290041908065,93.06006940141744,8.681768721556622
137,66.65997835967838,4.587975443552192,93.46931816882648,8.807036948321784
138,66.68599365621702,4.595301670314775,93.87714655166062,8.93406083359616
139,66.7120960984145,4.603616054231686,94.30185810773172,9.061539719566598
140,66.73879260144398,4.60950700170191,94.71907034494863,9.191865949670497
141,66.76489933645824,4.616825428984928,95.13405477874396,9.315811415720011
142,66.7909184690323,4.625468262794675,95.55966470325131,9.440294175292395
143,66.81530583248627,4.63490054840152,95.97816196804597,9.56549190805641
144,66.84273433923079,4.643365153085807,96.40205247768306,9.685790219850974
145,66.86619850770371,4.6506687092777925,96.82708238310958,9.806746899086308
146,66.89041294926223,4.659863091458744,97.24668834245628,9.934411561117276
147,66.91535192243371,4.668231328332933,97.67482579755529,10.060708392025273
148,66.9399818946931,4.678087160426458,98.10174610644236,10.180047163308124
149,66.96383178027384,4.687566398482971,98.52748221854904,10.305686482360228
150,66.98807137278175,4.6972665797935,98.95567163943024,10.4388739762454
151,67.01338945650716,4.705738745361976,99.38196286058412,10.563336913901422
152,67.03932136279914,4.718360187401236,99.80342389948716,10.69086552931452
153,67.06555990226222,4.729255175715352,100.23505933109996,10.824460612438772
154,67.08940303719037,4.739454798623853,100.66287240464028,10.958321807645936
155,67.11414499537652,4.750064007529571,101.0865579057462,11.088007479106102
156,67.13773901312558,4.760306552017711,101.50723533472114,11.217367829039867
157,67.161199659983,4.771892965473341,101.933013147118,11.356163865513262
158,67.18519978109425,4.785122273682534,102.3603372277872,11.48987151792312
159,67.20829513622373,4.795191240676745,102.78608132156982,11.629248153288442
160,67.23376137208976,4.807680919552731,103.2161679224868,11.770115125485145
161,67.25779595752167,4.8186526515357775,103.63733790546088,11.909030678259247
162,67.28217027667435,4.832834262109017,104.07191287835433,12.052709015335708
163,67.30767337307024,4.848576018965545,104.49708174716424,12.190903263271226
164,67.33299539060953,4.86432496085013,104.93828821919584,12.339086665591434
165,67.35773055893699,4.878031408493044,105.37298371168636,12.480291631748695
166,67.37974450986937,4.890907076660839,105.8087561871456,12.632007911927465
167,67.40626351071118,4.907785123179136,106.23676093150996,12.772834672061194
168,67.42938740241148,4.921393397103278,106.66606446865669,12.916949931632733
169,67.45291355093072,4.934654453252481,107.10473964685636,13.06826158790331
170,67.47597166405583,4.947908599427281,107.55025487226756,13.221474688067795
171,67.50092458527209,4.964659020153229,107.98457052973096,13.371266083346214
172,67.52571632382761,4.980571717078333,108.4203602831378,13.528175152490746
173,67.54936497973931,4.993534097571925,108.84824283672351,13.676639739319391
174,67.5718552503935,5.005769666753106,109.29111393001484,13.836434746667
175,67.59468596379628,5.020375658407337,109.72630613827748,13.987922970846828
176,67.6172395444942,5.032674925060908,110.1659329520268,14.14071205460641
177,67.63868880275618,5.047515409601079,110.60293262154156,14.29566592350334
178,67.65905246193995,5.0602403672867,111.05350886214424,14.45887749259446
179,67.67904077990839,5.073652835683271,111.51032163049496,14.623783106429984
180,67.69936973885878,5.085859777718104,111.95392031400348,14.781050520725636
181,67.72160700006847,5.098891151477695,112.40936957597062,14.948125590924926
182,67.74181405683379,5.110301427173857,112.85729429515624,15.10563139907416
183,67.76175632355702,5.121748152908575,113.30916612762496,15.27585827967096
184,67.78243405773583,5.134269863426894,113.77739804434684,15.4391224213206
185,67.80326484264731,5.147271489023012,114.23693882745997,15.60075166017293
186,67.82525131062724,5.15964571183239,114.70067001540342,15.76689320182162
187,67.8460659653478,5.172004446450682,115.15901147360684,15.92812863664412
188,67.86471688309786,5.182505661890962,115.62628156708544,16.097767737094404
189,67.88609079805777,5.195153890095599,116.09297966799906,16.266792823664336
190,67.90819494920306,5.207876452608948,116.55852536043716,16.42967548291853
191,67.9290551506024,5.219432985250459,117.03231835789624,16.603060257373485
192,67.95017731771819,5.229427878557745,117.50086278415084,16.772747107791186
193,67.97092047383163,5.2426015984228,117.97377637431568,16.946062798582616
194,67.99327062992288,5.255209329229515,118.445260229043,17.118217136103326
195,68.01606488505608,5.2685284387528055,118.91757523924198,17.287180694456882
196,68.03652383878071,5.27906246589301,119.3874603025675,17.46091055229043
197,68.05715454075411,5.289283980015483,119.86783674476536,17.641670364068624
198,68.0802309579466,5.300432667898151,120.34697937137382,17.828162144558238
199,68.10291296396886,5.3119945053175766,120.82270745655572,18.000304739290403
200,68.12532094397315,5.322002798200626,121.29203377299248,18.17853268716497
201,68.14906042996421,5.33202778511568,121.7655555910303,18.354816001418826
202,68.17182545046681,5.342185937280518,122.23732461248122,18.540407545255388
203,68.19333818847639,5.352589467885704,122.71547034521735,18.72297642201914
204,68.2158154196288,5.364762391834517,123.17900937066824,18.903439182026208
205,68.2374784278687,5.3736137917742495,123.6425833626352,19.08139331658001
206,68.25958579680929,5.382830599322023,124.11049109742144,19.256270228170383
207,68.28137912623507,5.393410170420141,124.58743493347654,19.43217282892415
208,68.30244652076233,5.401990643223037,125.05565988617332,19.606358864390163
209,68.32466139351507,5.409691244987869,125.52327883251836,19.792884739960765
210,68.348346917068,5.418475986535808,125.99631131443466,19.97584411136408
211,68.37154312672382,5.42566144162057,126.47330567790183,20.165522608942126
212,68.3959295670662,5.434728676934232,126.95423330717904,20.355560151966696
213,68.41855428853157,5.4421436946307615,127.43705293888786,20.549125054490386
214,68.4406883360626,5.450073596092636,127.91429880742405,20.74604243275865
215,68.4635372969378,5.457082069179836,128.40076725605647,20.931372499500625
216,68.48465373513235,5.462547545087129,128.883405267099,21.114574617242805
217,68.50748614046368,5.47286266166118,129.36827467281955,21.29976487121149
218,68.53028034313725,5.482697978261134,129.84738354200255,21.48198961416639
219,68.55376374496349,5.490505724898716,130.3419373665501,21.66857998093658
220,68.57630816183094,5.500146662839299,130.82566117322435,21.85325197464289
221,68.60135634369945,5.510160563743285,131.31820925554572,22.037850691920216
222,68.62617653880113,5.520957367699926,131.8070142274823,22.222314213617107
223,68.65081151476609,5.533011251831551,132.3049085105302,22.410166319369445
224,68.67412452969441,5.54411835442776,132.79251241910669,22.586894952428214
225,68.69763915722262,5.555143062044084,133.29363480039223,22.769739076371167
226,68.7240170154784,5.569165076537866,133.78798423407304,22.952238183159444
227,68.75118701062996,5.582914671245171,134.27181970505285,23.136815945699865
228,68.7793162385977,5.597125836186036,134.76663894808073,23.326161555026783
229,68.80790596240547,5.609885077927443,135.2593613623714,23.51217461924964
230,68.83612017587382,5.625433075796912,135.7370112371378,23.7087616006092
231,68.86444506828693,5.640405161083794,136.23027024410263,23.904142056112736
232,68.89451510115543,5.65186389003217,136.70925270179043,24.098931163126277
233,68.92276917102389,5.6639152997237066,137.18557836904245,24.304097766770777
234,68.95337663220917,5.677053458447261,137.6635063214783,24.507320490709528
235,68.9832796751965,5.692415997646751,138.14496793617892,24.714427906172133
236,69.01252104069584,5.704672494775834,138.63073120877473,24.925363279760614
237,69.04216109986203,5.718942846896812,139.1025811386265,25.134022550531697
238,69.07440458608437,5.732260016097383,139.5843205299603,25.35269192051836
239,69.10662608302184,5.746736256827052,140.0682549413201,25.56209337457092
240,69.13636768714275,5.758852727831797,140.54357315914822,25.77951783710061
241,69.16674254477404,5.772011252688261,141.0245380178609,26.00256857652698
242,69.19713183824551,5.786629408657849,141.50691473664062,26.226415261936587
243,69.22908067856085,5.79929822958794,141.98633645063836,26.45503541605204
244,69.25957175840944,5.81183769011481,142.46219121890596,26.68854455750512
245,69.29160493926693,5.827074073247816,142.9492755678969,26.934029192671016
246,69.32281809352787,5.839591525489283,143.43468484720765,27.170504756574346
247,69.35117470960385,5.850536033381049,143.91359493758904,27.41257879976765
248,69.3832613868562,5.86438376359626,144.3941080257682,27.65906547517813
249,69.41618848834794,5.876821475485326,144.86837371373852,27.91027956660097
250,69.44929268936184,5.892148059636187,145.3510622579201,28.166068651354923
251,69.48353873743255,5.905119597106342,145.84065626054547,28.429125851746782
252,69.51857564184859,5.920454281673355,146.31699219460853,28.69555216359198
253,69.55158854972494,5.931556870732972,146.79997390096858,28.96664581349659
254,69.58793165399409,5.94795954808456,147.279076475217,29.239473955750768
255,69.62271432950035,5.962613984257402,147.75317029976975,29.513968381249438
256,69.65761296701294,5.9789450238149815,148.23418296661083,29.794091145531112
257,69.69143385566856,5.991505147262,148.71760177669927,30.075144611489268
258,69.72830622046912,6.008263831685544,149.20343682719445,30.360477002049187
259,69.76273530102225,6.0195575197500295,149.69843653888825,30.64791768110294
260,69.79811202172536,6.034506954925877,150.17603878861487,30.932240431510056
261,69.83404350566009,6.048239917430819,150.66100777157342,31.212349383733144
262,69.86984658273582,6.063339095842779,151.15005519861947,31.500411740266905
263,69.90466481514625,6.079223551234922,151.6315163668767,31.7885867852626
264,69.93942895884656,6.090918530123747,152.12315520961477,32.08872542627101
265,69.97357784941047,6.102559290870147,152.61025190716148,32.39107784989444
266,70.00980667552737,6.118240963538111,153.1034528557132,32.69459190630101
267,70.04457248774253,6.130004424649046,153.59529113286206,33.00223714668533
268,70.07769562765256,6.145620057350242,154.06893960273555,33.2948394956663
269,70.11275094580078,6.1610422596801175,154.55273481846874,33.60398730077192
270,70.15047500442832,6.177506684759733,155.0252974975708,33.90959691572771
271,70.1852163108828,6.189308487567869,155.50436677904912,34.22165312751347
272,70.21977573926885,6.201587761561906,155.9802425159829,34.536566516435954
273,70.25324470391459,6.215046404130812,156.45657681112476,34.84946225765952
274,70.29061476113392,6.229547426312758,156.93409478172265,35.17028576294457
275,70.32440155721397,6.24308245178902,157.40940876653198,35.49811302743593
276,70.35803254528683,6.259826482132771,157.8861889756656,35.8240927019713
277,70.39345407857695,6.272772612353642,158.36810841688197,36.15232829070536
278,70.43042174362354,6.289643566191,158.84353367291172,36.48345976467357
279,70.46838789093249,6.30851945146864,159.31862893473004,36.81640890698686
280,70.50693619310385,6.326203003785573,159.80323061422988,37.15775322490743
281,70.5417797225492,6.341843033702343,160.28374223880294,37.497194732898144
282,70.57885122934779,6.36036416308829,160.76090942211684,37.832432714489386
283,70.61625872341895,6.377308072497549,161.23741075868875,38.17331963673356
284,70.65144122699553,6.39533150720004,161.7105566882397,38.51345248556347
285,70.68481963436899,6.410054273324594,162.19617782913073,38.862446905415
286,70.72247642954312,6.426408597341218,162.67418334904002,39.20657257069838
287,70.76064742016838,6.442254596023875,163.15377351768555,39.55314608436896
288,70.79663796081891,6.45891755321035,163.62799278125718,39.89981244838597
289,70.83337560656057,6.475751918319816,164.10400910460376,40.245643787137766
290,70.87023552114901,6.491959313901409,164.5840971853944,40.59439178055488
291,70.90396798745034,6.505971132129052,165.0635411903535,40.94520386299735
292,70.94134687197013,6.524469114662641,165.54165913482444,41.29310620996707
293,70.98114437367087,6.544552001268852,166.01599590572522,41.64644674993283
294,71.01792092533773,6.564282827662669,166.4871286123725,41.99923448387028
295,71.05255125156917,6.579927196806774,166.95727650415958,42.3536928561608
296,71.08764507297694,6.597232036973892,167.4279454263134,42.70358449353317
297,71.12347105890657,6.612887145850823,167.89610483015082,43.05685853582819
298,71.15851231780633,6.630884505620635,168.36914569571894,43.41201328862903
299,71.19538292616612,6.649729063154817,168.84009130343674,43.7707745126405
300,71.22980355159595,6.667152476861962,169.31168634052136,44.12873286537474
301,71.26585393701369,6.688135048998158,169.77118911020102,44.48250004656241
302,71.30188552601875,6.704480764644194,170.23546339941475,44.84463394211842
303,71.33851964408655,6.724989386165919,170.69954523464477,45.20325522736877
304,71.37223130590584,6.744157339430712,171.17497259485373,45.574192404620426
305,71.4085793884807,6.763938360696095,171.64643911576837,45.944143321114616
306,71.44208671066654,6.7829563114852585,172.11673559713648,46.31656642716925
307,71.47582835083122,6.801483089876776,172.58385106151158,46.690498081190185
308,71.51089098259396,6.821339610114273,173.06002008807053,47.07147870858664
309,71.54641254796174,6.839454352127892,173.5295505491458,47.44536826669765
310,71.58297031088614,6.861168899034862,174.0067291253252,47.83243731186578
311,71.61794936178478,6.883150475411815,174.4817795340309,48.21616691251948
312,71.65337157169972,6.903524580714136,174.94280275188055,48.59214921908686
313,71.68825573190631,6.922392333791209,175.4183467058895,48.980272422036535
314,71.72500553134276,6.942202159588319,175.878075291842,49.35061263411724
315,71.76050906194533,6.963498632835528,176.34720194303048,49.73440171761756
316,71.79619393017444,6.986657778063912,176.8230489467847,50.125365757583936
317,71.82876987861987,7.005172223830684,177.29517540015382,50.51291987429654
318,71.86285314999708,7.026814817545911,177.76995475584712,50.90198357083372
319,71.90261053150758,7.048916957091594,178.24110176791902,51.28765076304785
320,71.93697461595778,7.068421497093571,178.71047669617045,51.67182483011939
321,71.97322372840328,7.090452089941643,179.1929006395707,52.06670675573477
322,72.00909425870472,7.111663740290743,179.6729236346399,52.46434317239612
323,72.04215249475448,7.132521799399181,180.1559424884598,52.86090535505996
324,72.0790228147471,7.1578419517611485,180.63317068137343,53.25294435842105
325,72.11319255879673,7.180387232879066,181.1135919323025,53.64820434054314
326,72.15030013336265,7.202769711858248,181.59639381671457,54.04421906885868
327,72.18572332047937,7.225344834454039,182.06450243666163,54.43189905857833
328,72.22048870378423,7.246598172782368,182.54724805473276,54.83451638972732
329,72.25289409050183,7.265819304774356,183.0162383202691,55.22282336958447
330,72.28669825785323,7.289894064007316,183.48485654302843,55.61753600703812
331,72.32262454859008,7.3163097867219475,183.95893026771756,56.0172781374567
332,72.35832781035151,7.338027592142794,184.42053485246493,56.404614002512815
333,72.39154794280594,7.358809015328664,184.8738652759968,56.79169346780368
334,72.4279812754384,7.382259498026062,185.3361779939064,57.189355594747774
335,72.46239952277867,7.409932942098154,185.789040778186,57.58405574683516
336,72.49702140900283,7.434419098474764,186.24725749510196,57.98227420960111
337,72.53337639342622,7.458886264310498,186.70379904488848,58.38471461916111
338,72.56843411497773,7.482930375510254,187.147693638262,58.774984062296994
339,72.60326581601257,7.508571739485679,187.60195648964944,59.17497800132978
340,72.63840212616935,7.5334219577457615,188.0517425420418,59.57511052774726
341,72.67461996585722,7.5618476500023775,188.48903457073556,59.96481209742518
342,72.71015905794664,7.585484594362844,188.931079816102,60.36247399733121
343,72.74568796044325,7.610333601852854,189.37360201339212,60.76280317506384
344,72.77878532398984,7.634076926686863,189.8127052143719,61.16539701492342
345,72.81574900234858,7.660555574139136,190.24969676005352,61.56455250521761
346,72.85510398451609,7.688635173420913,190.68695479241563,61.96714389712589
347,72.89002418056853,7.71390406026584,191.1172203708812,62.362934102004814
348,72.92702961245729,7.739489398143919,191.54574784676427,62.760356718723166
349,72.96350825773513,7.76507158060823,191.97618145472637,63.163636806567226
350,72.99777353261558,7.78842541216524,192.40209016110623,63.564128918292525
351,73.03411089040996,7.813055632044565,192.8346672882536,63.97554370973653
352,73.0691804520828,7.839487139275896,193.2593453239169,64.37836005719822
353,73.1063990157308,7.865626150215467,193.68853136876143,64.78914376526174
354,73.14367430566385,7.889572925670109,194.12636622193617,65.20929443744923
355,73.18004698314346,7.918465002136807,194.55404792238951,65.61967517891155
356,73.21511529923967,7.943755988813379,194.97953680563108,66.03017487962609
357,73.25262648406559,7.972600917975265,195.41052749267837,66.44943045675807
358,73.2882476485983,8.001836874980311,195.83217021819348,66.86419687674011
359,73.32270749739114,8.029954520270369,196.251840961224,67.27411835649735
360,73.3598725227483,8.060626070223552,196.67318853190096,67.68699188307724
361,73.39582307866085,8.088561707502025,197.09358259916604,68.10021904360774
362,73.43329594702666,8.119063742057788,197.51884800378764,68.52333779943483
363,73.47096437499161,8.149419758639139,197.94147321978235,68.9429176647562
364,73.51016100780967,8.182727650120743,198.35829221710603,69.35859969694756
365,73.54564004144935,8.211045807046688,198.78154653111363,69.78281560971753
366,73.58109101648411,8.238099738505792,199.20614564556132,70.20775756864582
367,73.6181680555437,8.26985172823879,199.62802946962444,70.63469932857177
368,73.6528012878554,8.299771817672191,200.0503258814833,71.06478008364182
369,73.68900311021751,8.33081983235465,200.4702194457397,71.49337605775531
370,73.72633207068256,8.36254950607536,200.88761120197125,71.9184573482445
371,73.76445844772489,8.394255780519725,201.31974865955772,72.36198308027978
372,73.8008260064386,8.423865393218675,201.72981876036283,72.78171800046377
373,73.83624948693745,8.456767183403487,202.1512113934272,73.21879663350093
374,73.87421114681548,8.489536010373044,202.5691214095816,73.65117053868543
375,73.90888080796802,8.518765133210023,202.99031007056857,74.08972636288881
376,73.94750489005725,8.55184325014367,203.407438937862,74.5229482515675
377,73.98488726839587,8.582788403602937,203.8339920371169,74.96643364034661
378,74.02374931866791,8.615412517641513,204.25038188673156,75.40471439536799
379,74.06336029016269,8.649041993408831,204.67318906024337,75.85277647366708
380,74.09962106036231,8.681267471295333,205.0948418085117,76.29776900662543
381,74.13561867584932,8.714588599654965,205.5163872624189,76.74457653940998
382,74.17081259338838,8.745104409248635,205.93169414665917,77.1846899121512
383,74.2070227167906,8.777244879690189,206.35331690758056,77.63347710704222
384,74.24401154207817,8.80929745293133,206.7784399510453,78.08733357644594
385,74.28068425167606,8.842007481544117,207.2016133124681,78.54085782828099
386,74.3186733022562,8.874860377754898,207.62097345658415,78.98863577753886
387,74.35738029714749,8.91051662130838,208.0486200280676,79.4488499772866
388,74.39305080487892,8.941018911284367,208.4625904977278,79.89374383318753
389,74.43080934262385,8.97492337649512,208.882558751632,80.3496405849875
390,74.46822215824189,9.007229516135002,209.296903949086,80.79799651864191
391,74.50641114443788,9.04094027787529,209.7142708449835,81.24844414422866
392,74.54579512759437,9.077401382095418,210.13512522675904,81.70479881449884
393,74.58605645755316,9.11491039050608,210.55416084706783,82.16008321495147
394,74.62467807736138,9.150578286484029,210.9716946443349,82.61413688677854
395,74.66742238534142,9.190265991383376,211.3965626721318,83.08129146722716
396,74.70665786835757,9.227156314085716,211.82260064748655,83.54734438732771
397,74.74567957930032,9.260255700933628,212.24480801903525,84.01101763399008
398,74.78499816252464,9.295930466661057,212.66731328358603,84.47596719524522
399,74.82391648925038,9.332094632420244,213.08164253417692,84.93317188279889
400,74.86231269205157,9.367262756069971,213.503481026864,85.39883989752869
401,74.8992586489367,9.400860776470342,213.9198623367861,85.85970406478299
402,74.93862715353043,9.43842859696974,214.3437874805697,86.33025340404208
403,74.97808322336645,9.475977498701535,214.7691520666916,86.8012087911269
404,75.01647878262393,9.509667043580686,215.1902422933694,87.2692622803917
405,75.05578564695715,9.544491798628853,215.6159151353544,87.74540752187359
406,75.09303822782289,9.579679361368768,216.036655298442,88.21487960195934
407,75.13140779889734,9.61639352465717,216.45912771640616,88.68917256657798
408,75.17168651402898,9.654578518025676,216.87708952571137,89.15572408824195
409,75.20971502751041,9.69080073747186,217.29730549084616,89.6275026774283
410,75.24760588287612,9.727928944138316,217.7127578270293,90.09266859002064
411,75.28813190561381,9.764702651679302,218.13273876428337,90.56616560524172
412,75.32713067919651,9.801873496187229,218.5598088737237,91.0480661362884
413,75.36596048617403,9.838063196672488,218.9754118173977,91.516863249568
414,75.40516437113763,9.87353434561618,219.39458333794423,91.99198253390664
415,75.44580955814853,9.911898536652055,219.8147738188643,92.4690827755875
416,75.4873094675145,9.951636669828256,220.2328297547272,92.94394348876295
417,75.52545159954491,9.988083535797498,220.64757492033715,93.41359149410778
418,75.5688911983879,10.031172671140082,221.07199129741525,93.89361790058273
419,75.60727533018989,10.067824442344891,221.50214364715077,94.38057591015216
420,75.64793223280311,10.107827367384267,221.92327886043728,94.86103426249498
421,75.68728706179225,10.145480314725836,222.35034538410335,95.34834089726316
422,75.72650878814929,10.18496881908473,222.77796513552607,95.83851337927082
423,75.76472398638128,10.221935208027157,223.1981218418616,96.32033886604326
424,75.80291797745978,10.26044473448973,223.6259544107642,96.81042133591016
425,75.84027061005972,10.297034692910245,224.05837198602563,97.3057811191202
426,75.88080385702467,10.335059420220196,224.48436921583885,97.7959795707963
427,75.91761825653415,10.371311991700898,224.91227068070208,98.28970397388149
428,75.957107479613,10.410379763603537,225.33677005364976,98.77653983715182
429,75.99685236742796,10.451916399675005,225.7636432701332,99.26900332404416
430,76.0400141094639,10.496221581204054,226.19132060866613,99.76099717489376
431,76.08079698745809,10.53609645406102,226.61911890238048,100.2571099610132
432,76.11824857770596,10.575267339016472,227.04337697241252,100.74677359909636
433,76.15875800258193,10.615459412298849,227.46663263647864,101.23711140389524
434,76.19783980080135,10.65538749279529,227.8985363223307,101.73699684102624
435,76.2382516381364,10.696563046634571,228.3249916356314,102.23252930806258
436,76.28060344231383,10.73980725633671,228.75105737509057,102.72846130096002
437,76.32142712536695,10.782296804900245,229.18502157572144,103.23339858470555
438,76.35940310834378,10.8205491206382,229.6100248007329,103.72621207851896
439,76.39841521455335,10.860991080434,230.0422856924359,104.2291281577435
440,76.43992436882407,10.90492412253721,230.4782384692525,104.736427910496
441,76.47779209582944,10.942529283308383,230.91196271818484,105.2427924230483
442,76.5190120464095,10.983329834274096,231.3479256874236,105.75354524785983
443,76.5583831605314,11.02196179038899,231.78104494629775,106.2621559916614
444,76.59777771147203,11.061635863263366,232.20801555993532,106.76076849718096
445,76.63638525058141,11.102629911265138,232.63281911855495,107.25974072797582
446,76.67943647539872,11.14535555855221,233.0584508848987,107.76027636840168
447,76.7179924802717,11.18483649646943,233.49952592974068,108.28062328881208
448,76.7565188730469,11.225279399557758,233.9366211796784,108.7982398120716
449,76.79480717383319,11.265897651519571,234.36856360074825,109.3076759321368
450,76.83520400071087,11.305034464734694,234.80141980406887,109.81691336140372
451,76.87373971488175,11.343873115078392,235.22849851641175,110.32047468713972
452,76.91486741803747,11.386679065301797,235.66421266961785,110.83318438899846
453,76.9528011516575,11.4260977654951,236.09788529712085,111.34589738383087
454,76.99392282911688,11.468681994327987,236.5250460703306,111.8510289271576
455,77.03328886596391,11.508187545136822,236.95646536184728,112.36285224509156
456,77.07401017361158,11.550839552408515,237.3905867012911,112.87615035278414
457,77.11485380895887,11.593261355159422,237.8199725010389,113.38580006283097
458,77.15468379920648,11.63442003716782,238.248678319897,113.89484809745628
459,77.19511835497606,11.677410838723956,238.69039854458717,114.42087322466644
460,77.23513136541693,11.72010314494119,239.1139635614164,114.92430533582954
461,77.27495015310639,11.7620312589203,239.5464751567469,115.4406132055036
462,77.31580200701436,11.806629604575384,239.97675617274376,115.95370028100685
463,77.35694271470257,11.8504810927157,240.4149143826525,116.47349814678584
464,77.39627374525212,11.893597281497472,240.8515837455831,116.9965193565499
465,77.43895024194887,11.938627079932438,241.2968908073198,117.52772541887282
466,77.4793214800291,11.982169238702404,241.7244202604549,118.03693010645192
467,77.51591132463223,12.022374398493108,242.1572997713088,118.55518629599965
468,77.5552123667997,12.063275738523185,242.5917004757574,119.074514186581
469,77.59473780690271,12.106372302426305,243.02649545038176,119.5958799915049
470,77.63203872921802,12.14693416490164,243.45460082202112,120.10817732679448
471,77.6730748114875,12.19207540254245,243.8863627091553,120.62599304612164
472,77.71005157383372,12.22953243690167,244.31308630471912,121.13853080288672
473,77.74989314972672,12.27217201074758,244.7537545022772,121.66784172998314
474,77.78938464172262,12.314529448138767,245.18710817221023,122.18959804195502
475,77.830529927182,12.360008607535448,245.617955093154,122.7060733729724
476,77.86997027503202,12.403542277237772,246.04496944188205,123.21978947364764
477,77.91101176588043,12.448621599713617,246.47725220666663,123.73872011140934
478,77.9535333852056,12.494230839799936,246.92428924285625,124.2759918748074
479,77.99554063773549,12.539534507538267,247.35992158512784,124.79855557844834
480,78.0368444239251,12.583637721289294,247.8013387905543,125.33048246472408
481,78.0782554617123,12.629003121192138,248.2440349388893,125.86418993174482
482,78.11962454541299,12.674673065247733,248.6864173144688,126.3975669091586
483,78.15786561476007,12.717435333024534,249.1246449647172,126.92813411211738
484,78.19552062210182,12.759670975292412,249.572935930582,127.4688285526988
485,78.23350610229593,12.801393384403491,250.01764289913848,128.0070588913704
486,78.27391877045935,12.843505251258309,250.46419735310437,128.54592795714225
487,78.31574831400627,12.88904955778465,250.89421707840808,129.06581620135648
488,78.35634189066029,12.935505666508398,251.33536711224437,129.5982157731828
489,78.39696110308367,12.980143203412023,251.7784564853852,130.13529832354595
490,78.43708345410491,13.0254069113565,252.22142475842315,130.6726142860023
491,78.47784746048549,13.069700661754217,252.661101133007,131.2073746668562
492,78.5184740498046,13.114506976588933,253.0953169223755,131.73486727522132
493,78.5586095694197,13.156594582333062,253.53925936220085,132.27472788983752
494,78.59823558819966,13.20071385999203,253.9817358999786,132.81131319138433
495,78.64138480562755,13.247250664922465,254.417864717393,133.34149543982116
496,78.68008030426185,13.290316815700752,254.84905566833456,133.86871567550182
497,78.7201018073828,13.332337337501984,255.29273395745832,134.4073392730331
498,78.75929991339613,13.37426817912598,255.7316099134626,134.9401430908065
499,78.80087624137181,13.420695855161664,256.1758932385685,135.48043923211395
500,78.84022821887092,13.464623572930204,256.6074877218707,136.0074266179159
501,78.88406203330045,13.512576253337087,257.0508035615354,136.5464460424381
502,78.92223819515122,13.555163333257989,257.4925171594665,137.08674001384165
503,78.96258392895824,13.59961946400977,257.9320783057888,137.62128172270917
504,79.00472479992922,13.644683124800244,258.3760144529172,138.16321976951923
505,79.0439828402019,13.688801627565486,258.8131247652812,138.69581473061046
506,79.08480356722018,13.736902784002966,259.2562183685135,139.2370737961979
507,79.12698389423608,13.783638770236756,259.7061391844081,139.7873162911919
508,79.16731264188878,13.828132523891933,260.1474579323573,140.3277367620937
509,79.20566185448654,13.870286412366754,260.5905570474356,140.86992383038023
510,79.24492628592775,13.91358944563239,261.0306864365472,141.40813831387288
511,79.28124248566519,13.954810552016966,261.47866531656496,141.95591438879404
512,79.31936303433994,13.996597022872116,261.92403247594206,142.50310473310802
513,79.35762115778655,14.039489782749785,262.3734729159,143.05290274739238
514,79.396284602335,14.082941583248076,262.8180114996334,143.59639034872984
515,79.43602332069634,14.127137323160234,263.2693681235381,144.14778275307344
516,79.47635107469287,14.171160272173472,263.70669127446445,144.68204678959984
517,79.51761527639252,14.217519504929555,264.150855575235,145.22496013556656
518,79.55794649103876,14.262522554597597,264.58568624348175,145.75795000970783
519,79.597676070571,14.30885123433855,265.0342585599397,146.30539579261932
520,79.63740650485532,14.352006708426613,265.47140578627943,146.84114858788612
521,79.67735182402221,14.396454144097625,265.90460270115744,147.37106801178567
522,79.71645327898446,14.440856691838317,266.35082795774133,147.9189911681997
523,79.7576789502684,14.486946109824022,266.798551083737,148.46826278088747
524,79.79779820091844,14.53283572968119,267.2360126328518,149.00428531723367
525,79.83640838081945,14.577730311215344,267.6727396076475,149.54055426295895
526,79.87467267312994,14.62209728460371,268.1199010793697,150.0902667392006
527,79.91516153941075,14.66761948915344,268.5559912493273,150.62763112871352
528,79.95347897903238,14.70998138527643,269.00317447823767,151.17740212297034
529,79.99020099368866,14.751951745034374,269.4448747642938,151.7223009956293
530,80.03045169888391,14.797245517128475,269.8927325663384,152.27493466044183
531,80.07160552461352,14.843704422692255,270.3497735323986,152.83649997733872
532,80.1117543576656,14.889131324177448,270.79092282046497,153.37918830640794
533,80.15063216686528,14.932061761493085,271.23973150657446,153.9306910359988
534,80.1904187444575,14.976951119840082,271.6878876882279,154.4837013325253
535,80.23015876423568,15.020030773112254,272.14093475047764,155.04295959660337
536,80.26828621187,15.06206311378075,272.5911765268758,155.59748984473703
537,80.30748470642068,15.10585571260421,273.03584539308946,156.14359477904156
538,80.34574876467506,15.149253143906822,273.4824139545489,156.6940124823914
539,80.38387151981753,15.193390269142377,273.9280221470206,157.24270741634916
540,80.42090816805405,15.236665591135395,274.3709293553854,157.7878548325268
541,80.46139980280081,15.28346910555739,274.8230669388471,158.34542077692754
542,80.50019757214014,15.329591999459817,275.26543185475515,158.89125087714808
543,80.53886404425319,15.37364299541646,275.715337765414,159.4488682670718
544,80.5771040389768,15.41741668497679,276.1667863872728,160.0067988411009
545,80.6149873520213,15.46063011431072,276.6162787165629,160.56382295723364
546,80.65370413147882,15.505296116120102,277.066791893826,161.12068635603475
547,80.69358470364047,15.550538328375044,277.50876170555955,161.66713379046044
548,80.73231898723778,15.595216270610605,277.9519603455896,162.21530544270033
549,80.7737523858751,15.643702862754145,278.3923712532016,162.75890127831656
550,80.81292321092015,15.688034251238726,278.8442747728988,163.31804597012174
551,80.85150575864682,15.731790634755006,279.2991229073838,163.8816530829507
552,80.88814218493773,15.77395631477221,279.7455749691281,164.43436571809517
553,80.92801363284302,15.819435826000175,280.1916682379426,164.98648571996634
554,80.96787626722494,15.864182486036986,280.64156971464826,165.54503756089494
555,81.00499217974449,15.906743795277508,281.0867465888621,166.09700860310957
556,81.04303245906993,15.94893764326075,281.53671411759706,166.65334710914516
557,81.0817784403817,15.9936067601605,281.9881879796308,167.21194057451427
558,81.12098675788044,16.03954385950811,282.4422357269283,167.7744868223243
559,81.1606995433206,16.08558499953768,282.8978809588554,168.33975236858376
560,81.20031422422156,16.131162946538783,283.35351634509703,168.90494616501334
561,81.23907368025456,16.17542368104803,283.79300391859715,169.4486736404873
562,81.27856244035533,16.22111504677348,284.2426360955616,170.00788355992805
563,81.31794347324144,16.266869017632697,284.6952606409898,170.56742124786396
564,81.35770501121019,16.312497258698308,285.1394262931278,171.11790207766526
565,81.39764003684412,16.359755764678305,285.5882035752838,171.6739323039503
566,81.43785709529669,16.40544680294229,286.03906638241455,172.23324391989345
567,81.47749518651058,16.451047741744162,286.487624190836,172.7899364034774
568,81.51470432857896,16.494312528844254,286.9399377949227,173.35106763824962
569,81.55557780824793,16.540878386260818,287.3853724898946,173.90460648191936
570,81.59500027072565,16.585913151965094,287.8293796765297,174.45535546318516
571,81.63648858569144,16.632443144676017,288.28293025367344,175.0170102570285
572,81.6733768424271,16.676242474644226,288.7356520218605,175.58088354554206
573,81.71311003522439,16.721245484882942,289.18596542256967,176.1400452049593
574,81.75382373903365,16.76806926125982,289.62991216722594,176.69224461107908
575,81.79484754451782,16.815813773097037,290.07137489377646,177.24150104892755
576,81.83782801644178,16.86460914400989,290.52579642281546,177.80624642787572
577,81.87998182291813,16.912562500098655,290.9790229266121,178.3705652611968
578,81.9214852612612,16.959434746173372,291.42705692160115,178.92876898781992
579,81.95844603390864,17.000528455241973,291.86895248002617,179.47846897248425
580,82.00020571706281,17.050041364603555,292.31359977013534,180.02928895429653
581,82.03936414629769,17.094203908227268,292.76626479993126,180.59351801347825
582,82.0785845746662,17.140116251789248,293.2179305406602,181.15520147888108
583,82.11903297072912,17.186398077819966,293.6719646767771,181.71773056110865
584,82.15484527343602,17.227158533523433,294.1297575248622,182.28755108729027
585,82.19462632172922,17.271275308877506,294.588690878821,182.85937173408104
586,82.23246325257955,17.315680202536896,295.0430182496798,183.4244808538808
587,82.2690046413251,17.357211536064124,295.49026739295533,183.9792692477871
588,82.30823013435088,17.402263231268982,295.9420194153142,184.5410777586979
589,82.34554604013901,17.44587596202659,296.3920387664451,185.10171092019516
590,82.38361863170095,17.489200015931413,296.8492049815933,185.67247395650332
591,82.42372269951493,17.535831080454457,297.3049486557184,186.24075333700665
592,82.46286722325519,17.579154010534268,297.75897207470234,186.80586867887925
593,82.50477517391002,17.627597923876987,298.20987394107976,187.3680130940191
594,82.54347656796436,17.671550966056483,298.6652015817262,187.93616798000588
595,82.58263015609332,17.716378881093423,299.110867427309,188.4915981722743
596,82.62050599523789,17.758160427891053,299.56858797365555,189.06191697362783
597,82.65933705461283,17.799896667185386,300.0288567711581,189.63442365489968
598,82.70012325082806,17.84774423168445,300.48596565402244,190.2037060537196
599,82.74195742963718,17.89411683800514,300.9379961278889,190.76702091056129
600,82.77976594725676,17.937019724996258,301.40298801564023,191.34638589260808
601,82.82102751326491,17.98448782250967,301.8574828576001,191.9123003301901
602,82.86048059432846,18.027530002418644,302.31361506226074,192.48217550722225
603,82.89982081726599,18.071016110188868,302.76253237917274,193.04221603170436
604,82.93702015258873,18.113077174574254,303.20384867393966,193.5921236017444
605,82.97433304651186,18.156011436136847,303.65511088264736,194.15317515259727
606,83.01523141040764,18.20292105119105,304.1093790289159,194.72077788322693
607,83.05368515185343,18.24714362313139,304.5626113385801,195.2865232996954
608,83.09167238431938,18.290434480155355,305.01520106406014,195.8499652978188
609,83.13099483166391,18.33432720912833,305.4738605480969,196.42124070053757
610,83.17124479675225,18.38027144602194,305.9305030112742,196.99124754473604
611,83.20976152450064,18.42408490668779,306.37964205317985,197.5528673168793
612,83.24669169105267,18.466451373819293,306.83842395192704,198.12783693618303
613,83.2842302352345,18.507769459355,307.28570150837777,198.6858157198664
614,83.32349462486297,18.55265932025841,307.73323355195885,199.24564522733107
615,83.36229605668986,18.596645732988524,308.1816357549574,199.8051238275935
616,83.40154080258475,18.641867587638288,308.64117961814225,200.38052284741772
617,83.44103175152745,18.687133986908268,309.0947349625048,200.94702825688972
618,83.4778035073884,18.728900703139782,309.554143697978,201.52170459580063
619,83.51704485939251,18.77239394428704,310.0098301471757,202.09065373913768
620,83.55318719864196,18.81427842260031,310.4666192992981,202.6622706666225
621,83.58932081151777,18.852910499042,310.91689647873795,203.2264419739204
622,83.62679339571994,18.895775941478085,311.3708230128813,203.7950008268052
623,83.66352795837182,18.93825221970104,311.8204944083792,204.3582525567814
624,83.69968815675348,18.97836878378253,312.2681695663449,204.9181479938109
625,83.73764829182133,19.02084792191333,312.72754711647565,205.4923684801648
626,83.77425328494238,19.06288135784161,313.1692918626091,206.0454317049224
627,83.80972440223653,19.102298650158588,313.6266633814615,206.6174046092597
628,83.84636306091888,19.14246988501772,314.07991017078336,207.187199033916
629,83.88035591154271,19.17812532999873,314.53801265843646,207.75955449300025
630,83.91808896598675,19.218407657632916,314.9961672030919,208.33239316296505
631,83.95800839879281,19.26225970773305,315.45024770358776,208.90032091457212
632,83.99651309990779,19.301945408742377,315.8976134112062,209.45964152009455
633,84.03495180959595,19.341365898057965,316.35420625532873,210.0316976588052
634,84.07614318924645,19.383322155094877,316.8121673778161,210.6053584163776
635,84.11833167077756,19.426985268670265,317.2640256764952,211.1720085390067
636,84.15720225015961,19.46507045043849,317.7147127390924,211.73548114284847
637,84.19883201667079,19.506483842603767,318.17272925909725,212.30997685245887
638,84.23778228642439,19.544453641083862,318.6324165983891,212.88630462426025
639,84.2769869610978,19.581915726401043,319.0796894628308,213.44541564584935
640,84.3163604644992,19.619337025634263,319.52987355859284,214.00783288663936
641,84.35791318130077,19.657694264883897,319.9815564304645,214.57466793502837
642,84.39736116854564,19.693852741412723,320.4310845062216,215.1378142429467
643,84.44054745104532,19.733333553029446,320.8929306439176,215.71687380426008
644,84.48173824317857,19.770046499459585,321.33572332975376,216.2719273447396
645,84.52347264919771,19.8069386225885,321.7864172940609,216.8370069341268
646,84.5652364675806,19.84367096471731,322.2317196526977,217.39310712376457
647,84.60621349732051,19.87802656798247,322.6810093348928,217.95648169449555
648,84.65016203120692,19.915271120902258,323.1274433490785,218.51547345409196
649,84.69253238591068,19.94951265763591,323.5752194564751,219.07875082917383
650,84.7370562019253,19.988516478560108,324.0158916202685,219.6298035307798
651,84.77781090904708,20.02235156220558,324.46655376526456,220.1938839151173
652,84.8237699920338,20.0599453779381,324.9196010012641,220.75913509071177
653,84.86859825759548,20.098250773356405,325.3746922959083,221.3294760348764
654,84.91390100313104,20.13679899756749,325.81982923049736,221.8876236887476
655,84.95720730754681,20.171118232468856,326.27458111901115,222.4594489469231
656,85.00223033008136,20.206776417720587,326.724936929912,223.0242384709461
657,85.04322929831315,20.23887379445839,327.17717363287005,223.5897295548965
658,85.08886375879662,20.27559360927646,327.6259635433646,224.1512227812089
659,85.13179249209387,20.31072820474704,328.0885696352509,224.7312233241689
660,85.17503701410592,20.34425234362817,328.5399342048728,225.29605443896807
661,85.21948697934776,20.378493529054957,328.9938293385728,225.86496099815196
662,85.26675668704135,20.412026099077984,329.4497032050207,226.4367821235364
663,85.31296857300056,20.44367584102971,329.90822825272164,227.0119594535661
664,85.35699059375001,20.4791972608132,330.3639415070076,227.5836641795685
665,85.3984000686352,20.509548117102767,330.81430415814845,228.1490139490214
666,85.44528443580244,20.543997157084096,331.26172793027985,228.7110407363312
667,85.48853997099557,20.576123091549324,331.7173122892169,229.2844530147464
668,85.53448505242731,20.60923024626907,332.1617480166835,229.8417677559033
669,85.57883658603717,20.6422966863694,332.6154784890455,230.4111957867544
670,85.62252461645221,20.675284677008968,333.0550555779708,230.96397582332847
671,85.66827562592161,20.706336351739484,333.4988868845107,231.52040442540192
672,85.71224245357442,20.736681131191077,333.9466015821118,232.08162882483333
673,85.75789830126432,20.768562585276825,334.39491074891345,232.6432902874954
674,85.80177061538609,20.802556433491603,334.8447541505255,233.20676120901436
675,85.84649862398732,20.834217744048217,335.2938955675007,233.7701831977021
676,85.89434197516658,20.86884483114268,335.7532614239949,234.34735712261497
677,85.94322456743825,20.90136447979019,336.1946089191873,234.90110228718328
678,85.98997742681772,20.93413281809805,336.6475372367694,235.47104539416068
679,86.0363321005872,20.96672744844914,337.0968232671868,236.0347263911669
680,86.08333667341046,21.00026223525987,337.54770164290073,236.6001179858422
681,86.13079422006365,21.0342659008754,337.99350483235327,237.1590228422368
682,86.17727654864004,21.06338700346981,338.4332102123715,237.7107732097489
683,86.22502194356287,21.09718866715597,338.87319144084256,238.26321974445275
684,86.27083754096797,21.129850381616453,339.32411834942405,238.8291400419991
685,86.32267088796588,21.16600906033745,339.76882875528014,239.3867923603436
686,86.37043306796956,21.2009726026251,340.2164377934552,239.94923860359933
687,86.41735653473984,21.232382895997592,340.66339422652874,240.5105116416049
688,86.46591264959198,21.26402168457266,341.1077692801156,241.07032043529009
689,86.51825121326456,21.29870323215869,341.55663927055826,241.63381278886928
690,86.56812469180453,21.33449290721767,342.00765838629684,242.20072963493
691,86.6166119346825,21.367013925648862,342.453824299871,242.7608995596188
692,86.67111024284675,21.402681363454946,342.89728827112555,243.31716997172293
693,86.72452668441078,21.44123633514788,343.3490854769847,243.88451429491585
694,86.77642095556365,21.47805907063396,343.79152818579,244.44005853595235
695,86.82992959789695,21.51442609028368,344.2369965684394,245.0015435559918
696,86.88162125091549,21.548955177984407,344.68145238164414,245.55928002470296
697,86.93621113593137,21.586551438003035,345.1238901527619,246.11617005179363
698,86.98647030797653,21.62121738473403,345.560296346017,246.66360922060028
699,87.03988313339423,21.658486351675567,345.99281094873834,247.2060933161901
700,87.09245219033645,21.69567091596636,346.43172401794675,247.756501046562
701,87.14477172576609,21.730690615320103,346.873305443435,248.3116752149532
702,87.19780170845647,21.764794482546364,347.3086520156449,248.85792029726483
703,87.24925487825078,21.79831581726848,347.74425894615393,249.4032239880665
704,87.30263431858054,21.83347076131305,348.1741134550498,249.9440360962248
705,87.35758371700192,21.869576067126893,348.6053072920016,250.48390281549663
706,87.41024515687086,21.904109166429517,349.0193845375951,251.00202732020608
707,87.46131930005177,21.93688672814996,349.43787996662894,251.52776816975205
708,87.51547273444369,21.97119226962689,349.8512313302353,252.04610158638457
709,87.56688696129207,22.006337587297008,350.26897024468275,252.5729799986873
710,87.62029122478299,22.043437189759526,350.6745052410829,253.08214833975
711,87.67588438006202,22.08110825427532,351.0786253447076,253.5907599263933
712,87.72873925326765,22.118527042799723,351.48274268165943,254.09846849662924
713,87.78127015217125,22.15837229318837,351.887499729224,254.6072499529242
714,87.83179119881235,22.192701793767878,352.3074680806822,255.1342291196283
715,87.88417557657174,22.230563066855563,352.7189723757332,255.65296643074603
716,87.9393713494654,22.26771265817342,353.1345505575732,256.1770976642667
717,87.99229465436602,22.304852879292223,353.5544744499344,256.7035320686661
718,88.04840015407635,22.34459040396553,353.98008538170745,257.24070277476966
719,88.10161975460935,22.38248495377078,354.4052882524653,257.77659061526373
720,88.15670264498195,22.41945390344379,354.8345652728285,258.3176641181442
721,88.21191592787753,22.457719034078803,355.2578148099177,258.8506043128775
722,88.26709119176158,22.495826204638693,355.68832171664843,259.3940669395716
723,88.32443739950972,22.535347747070027,356.1197980570021,259.93886721642457
724,88.38216239284043,22.577760519015413,356.551017778586,260.4820778997605
725,88.44104611077724,22.61843214706292,356.9842723930665,261.02853251439376
726,88.49479870727659,22.65250591648856,357.4232912594648,261.5804154805548
727,88.5489385146606,22.687735358282847,357.86479816490856,262.1389596574445
728,88.60348606135797,22.72401352329119,358.3035346512261,262.6936765141425
729,88.66249396263932,22.765124717964397,358.74391739448924,263.2489973158114
730,88.7239505442196,22.807820284586896,359.1867209266444,263.80765250331376
731,88.78327905559254,22.84968313004501,359.62507179966013,264.3598920613663
732,88.84098740981456,22.890100991144635,360.0700013544003,264.91992316241425
733,88.89917901940292,22.926553731680627,360.5048890359043,265.4703095355216
734,88.95646907141756,22.965023880525894,360.9370595888042,266.01639894035645
735,89.01412176466626,23.004339928670955,361.36899812026167,266.5608897411616
736,89.07049713934398,23.042869067713177,361.8036652162807,267.10938834769627
737,89.13171447188574,23.084965088693423,362.2221056317003,267.6386802789575
738,89.18921978628234,23.12352837717343,362.6346091205476,268.1595984040463
739,89.25009561281931,23.167209068155845,363.0449958282391,268.67766721124724
740,89.306692015947,23.204117305305356,363.44454811184016,269.1845335628593
741,89.36552970523867,23.247928554157596,363.84785863193866,269.6952948033326
742,89.42296365705282,23.289409767308594,364.24732543468514,270.1982592754319
743,89.48276813484071,23.331280406823584,364.6556018255764,270.7158375762689
744,89.54250996918272,23.37266168802733,365.057834606088,271.2268609360295
745,89.60142005619008,23.412549840932357,365.4459157884599,271.7177352842769
746,89.66081823784519,23.45459763542856,365.8242943810432,272.19672397537164
747,89.7176097532591,23.495768596148203,366.2068545099909,272.68123874769515
748,89.7743949597034,23.53599812976193,366.5786560264575,273.15155271927034
749,89.83461980251718,23.581032196320532,366.9501438502788,273.62058860690627
750,89.89181545596789,23.622090099085696,367.3372779796169,274.1136689769115
751,89.95011153835563,23.66442782292312,367.7115658047161,274.58919097428395
752,90.00939944562649,23.7070419948198,368.08631314784793,275.065420672817
753,90.07253100269035,23.75464635777979,368.467067810548,275.55072344817484
754,90.13264983595477,23.796679665882348,368.8454823159027,276.03168751433657
755,90.19448944764936,23.841701716848227,369.2200479489762,276.50690502167754
756,90.25446211183376,23.88611245464052,369.6044075482912,276.99741945507054
757,90.3154581482702,23.93164801227326,369.9830924350847,277.4798056301412
758,90.37524090300448,23.976260133910056,370.3627922334314,277.9645088541812
759,90.43574185121346,24.022010584576744,370.7395008447476,278.44594752504474
760,90.49789570761732,24.069618738796663,371.12133687578273,278.9340707188878
761,90.5596034276694,24.115875342366216,371.49792029777535,279.4157922546714
762,90.62139146853856,24.16227591327445,371.8801702736031,279.90347811115214
763,90.68620079728863,24.212064987547347,372.2534211964074,280.3817379171392
764,90.74716581205902,24.260153976254063,372.6198838677452,280.85077708214675
765,90.8075964645277,24.3050083079691,372.9859613614239,281.3199236100839
766,90.86983981161734,24.351311064817164,373.35972510621207,281.79644035462616
767,90.93105275099444,24.39869607981884,373.7279980361776,282.2694469565464
768,90.99411295449316,24.447317521724404,374.08727126504897,282.73040468067813
769,91.05520402687122,24.492023238460494,374.4477139123376,283.194921275783
770,91.11727867105412,24.541861192640635,374.8098026048984,283.6611490827698
771,91.180581388864,24.58867459084307,375.1697466126124,284.1241553102091
772,91.23795961576062,24.6326370004701,375.5363611115837,284.59491382007525
773,91.2991698829326,24.68097650368139,375.898450150533,285.06357107729144
774,91.36154155473022,24.728166444540776,376.2615112482936,285.5320545599351
775,91.42200590224397,24.77613824923605,376.62082211281904,285.9981536651701
776,91.48863558217133,24.830469356600677,376.98601012067246,286.4708865746428
777,91.54952575082332,24.878692347919383,377.3441977340594,286.93572188221526
778,91.61339830007674,24.92985980600333,377.6990113086703,287.3965981283061
779,91.67686924922684,24.98085467975811,378.0501792465749,287.8530275590557
780,91.73921859177342,25.03210067229019,378.4074702060554,288.31790628049043
781,91.79965892882896,25.07673493427868,378.7663332189405,288.78371065140993
782,91.86481005574088,25.12992097963821,379.115163494264,289.2378303876784
783,91.926284793824,25.181922236589685,379.4771156554844,289.70858592871394
784,91.9868969208695,25.231452865772415,379.8364128496669,290.17734229226954
785,92.05170188648944,25.28531595331914,380.1932889680957,290.6420484600855
786,92.1194091074748,25.341620419303972,380.556498360669,291.115791190115
787,92.18345264145329,25.3933641268722,380.9192871874736,291.58987060725457
788,92.24466387545375,25.444878175728014,381.2745943656238,292.0540373763586
789,92.3079529317794,25.4978197352113,381.6316632988986,292.5204131709905
790,92.36943298801104,25.550908187199717,381.9867052109253,292.9850024341836
791,92.4263871382564,25.59991869064317,382.3476889499202,293.45676223744846
792,92.49073214376403,25.65590284114551,382.7001809714149,293.91789396166354
793,92.55407968703555,25.70962051999232,383.0545759650639,294.3831314721151
794,92.61685563706904,25.76352698079108,383.4158725543278,294.85771722690845
795,92.6813203443157,25.819040239568093,383.7805112022568,295.3363808362743
796,92.744015653989,25.87438387344327,384.13203656764233,295.79879799384094
797,92.8056064165196,25.92719902597625,384.4896080016216,296.26855861001576
798,92.8688234576642,25.980620879412676,384.8389840694338,296.72868914924504
799,92.9335728004055,26.036161934379543,385.1939156594714,297.1964991539487
800,92.99353295424903,26.08975974127625,385.55057986834726,297.66605914547586
801,93.06111262182404,26.149174555204308,385.89727316974165,298.1240240941657
802,93.12534533221717,26.206547228480225,386.2564379297481,298.5989542486122
803,93.18852427326104,26.26222007962911,386.60603109629847,299.0602108690965
804,93.2537952124844,26.3203768331349,386.9648315796695,299.53433249341725
805,93.31690301614812,26.37743855530004,387.3161296732411,299.9989073185417
806,93.3847183599822,26.44021183342533,387.6735661916099,300.47201070121173
807,93.4495218554628,26.498894675898004,388.0255469491412,300.93886732064226
808,93.51330343999103,26.55751534120845,388.3826335775492,301.4124693182351
809,93.58004492015422,26.619836168484557,388.74174772228446,301.8891771621102
810,93.64944385026986,26.683770304075143,389.0992396726448,302.36343428197154
811,93.71590144330403,26.744924374772904,389.4589065511317,302.8417632915835
812,93.7807240169599,26.805512332515928,389.8115745491804,303.30986479589166
813,93.85130236726546,26.871275464994905,390.1669705050234,303.78424071387
814,93.9183181148446,26.9331350486412,390.5278723998188,304.26335073816176
815,93.98694805591252,26.997800784639317,390.8797096862869,304.7311110338795
816,94.05689822481482,27.06488556736963,391.2263293539473,305.19322730947886
817,94.12221996636688,27.12674567035824,391.5836423505813,305.67047650264936
818,94.1890293917073,27.19130706175161,391.9371213075854,306.14076165552467
819,94.25343675053838,27.252321113544028,392.2907755712818,306.61201618406506
820,94.31978371172896,27.316796739703072,392.6381333086056,307.0759903364504
821,94.38926158866433,27.38470873268233,392.9926374940941,307.54922509704465
822,94.45830863559851,27.45183570638146,393.3380013733893,308.0109791727184
823,94.52646269290486,27.519210819144032,393.68701788282135,308.4795343241814
824,94.59448694989572,27.585937550338524,394.0387114953545,308.9501172217301
825,94.66068834109036,27.65135465402321,394.38993107850587,309.42064148546484
826,94.7257517585238,27.717377707967103,394.7369560311884,309.88656962723354
827,94.79261361479593,27.78300207651899,395.0844219368256,310.35315360455627
828,94.8596491424952,27.850336185198035,395.4468689884366,310.8408544184939
829,94.92887002366686,27.91980186451869,395.7839531265213,311.294047278929
830,94.99429805103652,27.98585245652525,396.12646039321874,311.7557886790684
831,95.06481976547828,28.05764026003735,396.4760211300344,312.22627116639194
832,95.13018641801035,28.12468523268781,396.82412019005966,312.69413302791315
833,95.1955833749968,28.19166885040752,397.172900851196,313.1632698763472
834,95.26358806530344,28.2610657356508,397.5212351560594,313.63371001093566
835,95.3333664251808,28.332994731285496,397.86804411855735,314.10184974621814
836,95.40461751568492,28.408307877313938,398.2132007157128,314.5662224098653
837,95.4767440913373,28.48292429844781,398.5604725747,315.0358146083793
838,95.5457873706512,28.555518721931048,398.9098622270516,315.5085032614991
839,95.61443635200608,28.62816463692068,399.2512306315887,315.9699876624917
840,95.68241710122696,28.69953874955436,399.5928007128885,316.4330253572299
841,95.74919474149677,28.771183726149328,399.9368291098898,316.8989094145851
842,95.82108825954197,28.84844620098159,400.28530855417824,317.37221671922686
843,95.89166735836235,28.9246463532338,400.6289368223592,317.8379637533976
844,95.96038222773814,28.99887318528539,400.9775898975731,318.3106482685629
845,96.03119609330076,29.075125785907236,401.32894292432,318.78672504853523
846,96.10016212636955,29.151017386257816,401.6784224908254,319.26264565454983
847,96.1711344591995,29.228801371742385,402.0309754213069,319.7410839393524
848,96.24170814382758,29.307273257575545,402.38001973167496,320.2168421276021
849,96.31113065599708,29.38280310455422,402.7236743083303,320.6846930353929
850,96.38259793600992,29.46140463049629,403.06461986444685,321.1503467116496
851,96.45388807700316,29.54052936184929,403.4077286483372,321.6183785507345
852,96.52479852491392,29.61974548190399,403.75014518532953,322.08599669216346
853,96.59429636411951,29.6981000406322,404.08526355462834,322.543448437059
854,96.66707796952636,29.779754912785823,404.4252140386435,323.0066885899504
855,96.7384280772046,29.85972456074292,404.76792824491713,323.4740501106143
856,96.81128185703622,29.942264332525276,405.1116351686181,323.9431872851339
857,96.88010401784682,30.01932220937903,405.460932507,324.4200416159102
858,96.9506871279972,30.09951295685577,405.8027524835693,324.88733128816034
859,97.0208722698491,30.180113219068684,406.1416427999712,325.3515706526288
860,97.09340345426295,30.26353382157523,406.487315945284,325.82374734373906
861,97.16433657094224,30.345881590717696,406.8292852877215,326.291706930162
862,97.23819141726035,30.43142443535346,407.15828865561343,326.74370071944674
863,97.3096283353996,30.514781732706997,407.5063291988423,327.22278394429566
864,97.38656490566628,30.605176099666068,407.84636033732994,327.6907482251301
865,97.4591824253606,30.689823346973352,408.1794257407722,328.14894925035287
866,97.53178578666515,30.77554848256778,408.5201671713536,328.61753810795454
867,97.60391517817628,30.860911136585457,408.8612578214684,329.0860941845784
868,97.67600217959762,30.946188263676493,409.1946668268798,329.5439420380705
869,97.75084349035647,31.035623350916712,409.52943866238206,330.0054616381793
870,97.82536494364862,31.12500393846204,409.8753872209224,330.4823368474009
871,97.89827459325984,31.212118504852278,410.2136799726492,330.94755819630166
872,97.96936655456436,31.297441645201427,410.55759063018667,331.42318485811086
873,98.04109134952776,31.384850504913423,410.8975980248225,331.8921342561139
874,98.11352549422944,31.47277101753555,411.2285340399988,332.34862198357035
875,98.1885707711274,31.564611486723905,411.5595129500797,332.80666058153224
876,98.26564738060196,31.659282179755127,411.89729822504506,333.2738446880048
877,98.33969093631389,31.750845308716897,412.22558707137966,333.72966322621977
878,98.41296954167888,31.84127908632463,412.55242766606415,334.1827666243972
879,98.48746739868672,31.933279215854554,412.8784203811956,334.6345470876
880,98.55831285152144,32.021956160870864,413.2041171742273,335.08608589150043
881,98.63254595185164,32.11485218343046,413.5332875063652,335.54348240294775
882,98.70387085801096,32.20465680036075,413.8662145091213,336.0045861329459
883,98.77868143451032,32.29874101910088,414.1933480515566,336.45845520529696
884,98.84933152164068,32.38832583467488,414.5247627037619,336.91756578202546
885,98.91920631616824,32.47728680280881,414.8539419990184,337.37435593941973
886,98.99456204302926,32.572505708825936,415.1925811983284,337.8448487209456
887,99.0669934149225,32.66550863815122,415.52919195274274,338.31371560000326
888,99.14249355281724,32.762222327033406,415.8623145417722,338.7770101664888
889,99.21685302307056,32.85747594077287,416.20323655403297,339.251704187627
890,99.2913318598639,32.95362952845054,416.5346384942045,339.71448260771274
891,99.36487850872322,33.04788489221613,416.8749832562088,340.1880518490279
892,99.4414018009424,33.147462434256504,417.2123296551275,340.6586936834162
893,99.51845799790814,33.247605227073706,417.550003439832,341.12806438543174
894,99.59280865710296,33.34471063237048,417.8830750800915,341.5919651292064
895,99.67257238650642,33.44835056908095,418.2091956309349,342.0470883996127
896,99.75054137490064,33.550674751672766,418.5380422010047,342.50615036827065
897,99.82763947594356,33.651778963635174,418.86986055192,342.9697207667567
898,99.90077697112052,33.74883238707598,419.1951235673131,343.4232935030529
899,99.97542236917448,33.84825618800863,419.5242943732388,343.8830255625679
900,100.04782457146317,33.94522785652506,419.8545680347367,344.3435371571131
901,100.11846869499382,34.04020773310452,420.179078571305,344.7973631007443
902,100.19261410366003,34.13966923143155,420.501361256648,345.2490895866039
903,100.26521814715184,34.23782614789396,420.8207843852391,345.6975243889247
904,100.34018657531377,34.33943805360047,421.1306424170865,346.1325887970502
905,100.4143047186231,34.43979547811939,421.44827051972914,346.5791883022729
906,100.48540899097664,34.5371554775677,421.7637462904932,347.0238995325845
907,100.55944862345775,34.63845909412976,422.0892723555535,347.4826704421817
908,100.63387650808144,34.73987531143216,422.4012245042461,347.9224589883318
909,100.7085932017323,34.84308638722382,422.7085348776672,348.35568900053363
910,100.78112019145902,34.942948055885665,423.02295505111033,348.7987735031363
911,100.8528961459821,35.04189756979642,423.33922317480057,349.2452261631188
912,100.92610025231882,35.143821906879616,423.6558694312915,349.6922000110887
913,101.00080765890952,35.248089594497706,423.97177293839087,350.1376663215661
914,101.07579705478612,35.352386780040405,424.2802799857329,350.5728729693124
915,101.14259434430672,35.44516889185395,424.59679056536095,351.0194097268079
916,101.21491339586916,35.546895941470524,424.8994335660683,351.4464540924286
917,101.28848677328736,35.649295010956806,425.2082883882811,351.8840468610995
918,101.36265973503524,35.75312952663976,425.5196704881432,352.3245098366572
919,101.43653381730148,35.85703389088843,425.8320163996223,352.76602950931266
920,101.50731257754182,35.95781680112531,426.1393927323911,353.20072446601824
921,101.57748590333196,36.05799826155565,426.4485257332952,353.63935967252297
922,101.64892193914496,36.15931736014877,426.7629119603978,354.08566782589594
923,101.71690470709888,36.255602510726966,427.0713643736061,354.5235092269363
924,101.78440521337949,36.3517034400537,427.3821352548159,354.963867053778
925,101.85144597143602,36.44720548701429,427.697752535469,355.4119143313309
926,101.91912481336196,36.54317262436393,428.01046065469353,355.8555238810145
927,101.98892468971316,36.64184612498285,428.3294006586231,356.3080220371564
928,102.0597142109087,36.74185625091991,428.6373305412621,356.7453960786888
929,102.1280768549263,36.83904073994123,428.949058128581,357.1898648560416
930,102.19350618309032,36.931441033862654,429.26336692363793,357.6388398796126
931,102.26126581276064,37.02888311598284,429.5753159487239,358.0830798445715
932,102.32866624077614,37.12511228186083,429.88806264447294,358.5273549147392
933,102.3966849446888,37.22147814015384,430.2068129943865,358.98185144507335
934,102.46218312266024,37.314979754231054,430.51886437249897,359.4271926705265
935,102.52684552955364,37.40766221090361,430.8275062547687,359.8676257687234
936,102.59652846039852,37.50804952913199,431.1409145023271,360.3155828395072
937,102.6606282399342,37.59833256137477,431.4538335938021,360.7628743681682
938,102.72693120388028,37.6930157411624,431.7586062746304,361.1989455406164
939,102.79026593738202,37.78247137363083,432.0608240156888,361.63068542105447
940,102.85388882052034,37.871152866228186,432.372228476596,362.07698791416334
941,102.9139528398151,37.95706915520756,432.6756750125917,362.5105448092308
942,102.9757815013386,38.043467619574834,432.9778541533125,362.9433557890735
943,103.03303219820654,38.123147462474336,433.2839235995258,363.3830934958259
944,103.09245176780512,38.20611234725106,433.5874756631245,363.81808334688833
945,103.15082436399376,38.28803228571594,433.88530551126297,364.246398658402
946,103.2041904167646,38.362587158730655,434.1851681002283,364.6773334586991
947,103.25980993604814,38.44032330939768,434.4813566946209,365.10382187719904
948,103.31306245213,38.51550666080983,434.7805266882895,365.5346212420633
949,103.36848766059674,38.59359355515012,435.0769543294946,365.9623063194158
950,103.42331798260268,38.67020849862774,435.383496043897,366.4039570267644
951,103.48251759637992,38.75258241188535,435.678067110263,366.828834226028
952,103.54113342382728,38.835095271519165,435.9752744345994,367.2579032288909
953,103.59532712865835,38.91260576877909,436.2791946504484,367.6949458491973
954,103.65338931825735,38.99523718845997,436.57226706337576,368.1173940932247
955,103.70998270711978,39.076255171986624,436.8683942341062,368.5448862310541
956,103.7710629467289,39.16374700200983,437.1647428215823,368.9749669199721
957,103.83081512212463,39.249837017045806,437.4537508277709,369.3923238309963
958,103.89307323050512,39.34110160396241,437.7625416916173,369.8384217520619
959,103.95620958355047,39.431701605938414,438.0594616324555,370.2662457429768
960,104.01937558413736,39.52413691399819,438.35623795644113,370.6952510729731
961,104.0840034343474,39.61771467020345,438.6485576038784,371.1196101120372
962,104.14507807453084,39.706991680911294,438.9461143698689,371.5522910846104
963,104.204746965345,39.79384697013839,439.237592101974,371.9748913185726
964,104.26603710147374,39.88188461163818,439.5335961995814,372.4052370469419
965,104.32416977558717,39.96538714661972,439.8302274749337,372.8369587722104
966,104.3811657558654,40.048158289492015,440.1257171868708,373.2657726725793
967,104.43819929962888,40.12925263697253,440.4095831770002,373.6786175537396
968,104.49163974698516,40.20526195538925,440.70071484998016,374.1029257498543
969,104.54599402447636,40.281532411657714,440.996505085611,374.5340000276722
970,104.59901311558664,40.35762005769063,441.2753952253015,374.94107248828135
971,104.65155223018571,40.43252762720142,441.5637617035512,375.361411525224
972,104.70393709571844,40.50494607129024,441.84694012157007,375.77520486019847
973,104.75668744784934,40.57909314268533,442.1368539391154,376.1983258013828
974,104.80793747087948,40.65058221753351,442.42347001567606,376.61575252800674
975,104.85758285025624,40.71963896353379,442.7072237560504,377.03156600172855
976,104.90981364354865,40.790397818234766,443.00556975236793,377.467449988316
977,104.9592856747784,40.85767965606602,443.29862412328873,377.89722020896346
978,105.00788218559197,40.92269227805832,443.5906756660999,378.3249426131081
979,105.05461100075485,40.986645907491415,443.8801083007289,378.7493189413648
980,105.10188598777238,41.04948707142258,444.1753617459007,379.18165865183954
981,105.14933398914393,41.11297737681971,444.4646814412277,379.6054916968321
982,105.19557733855189,41.1754389733796,444.756682814297,380.03442739596335
983,105.24209363409916,41.2381812911961,445.0426637045632,380.4529805779741
984,105.28887411974364,41.30076993653977,445.3279069138136,380.8711563414535
985,105.33678097782774,41.36601483843049,445.6172945350733,381.2975033184128
986,105.38358457185424,41.43010348865708,445.91417242429753,381.734021220105
987,105.4324137497828,41.49619853117089,446.202004838285,382.1584257338035
988,105.48260093765587,41.56461478349741,446.491220490792,382.5828554712118
989,105.53422788438677,41.63227929593902,446.77688633347833,383.0031810862396
990,105.58308854514983,41.69889667824543,447.0607582456363,383.4206433872519
991,105.6337664783092,41.76662320446496,447.3533699708184,383.8508853941919
992,105.68563248885012,41.835204822094425,447.6448365671787,384.2808087101552
993,105.73241867609605,41.89639630044356,447.9454022371683,384.7243397421472
994,105.7771211256488,41.95456097589276,448.2394467283255,385.1579716827498
995,105.82401252711745,42.01563342349242,448.52819628496616,385.58346273742256
996,105.86789598949716,42.07347913608806,448.81990130570136,386.01451565914175
997,105.91533594290766,42.13645195019841,449.09930343439567,386.4280161325993
998,105.96268171062306,42.199808273004,449.3818616292609,386.8453239719045
999,106.0077609448656,42.2598428957811,449.66597075106256,387.26472479101193
1000,106.05191516820378,42.31696441151912,449.9527393628444,387.6891667343927
1001,106.09514382837912,42.37346342330248,450.2374944933314,388.1114461861816
1002,106.14114380887062,42.43327236402369,450.5228568808645,388.5350489930103
1003,106.1873513262474,42.49550111361325,450.81716766599584,388.9722282286858
1004,106.22906272972789,42.55053832888437,451.0979615341231,389.3904064982515
1005,106.27499272352138,42.61064761543386,451.3809281726286,389.8110539218313
1006,106.32385511129596,42.673622317136406,451.6640617819329,390.2328717573965
1007,106.37008481286614,42.73446008657407,451.9516182717804,390.6628459998631
1008,106.41535222285256,42.79492640748458,452.23143517241954,391.0797758756555
1009,106.46092965857444,42.85697043410636,452.5101342881091,391.4968452096825
1010,106.50613357484085,42.91776360281769,452.795765340292,391.9232921668676
1011,106.55186068861444,42.97991266413892,453.0736092766814,392.3374301348395
1012,106.59880478053668,43.04059523298574,453.347289809812,392.7468603144112
1013,106.64240542610884,43.0982470650064,453.6314592600353,393.1718056877296
1014,106.68604432460845,43.15550825129488,453.9131949420156,393.59420388470375
1015,106.73081647420751,43.21417419385629,454.19613257885646,394.0176684127088
1016,106.7738082233884,43.26971538268501,454.4753885842805,394.4368563680332
1017,106.82072711886876,43.33008075892043,454.7589732616949,394.8616747577439
1018,106.86486702509606,43.387983257944704,455.0353054179483,395.27611361266105
1019,106.9090895018496,43.444596822050734,455.3201350515293,395.70309703313967
1020,106.95399863757348,43.50238231534921,455.5986704995398,396.1242058464517
1021,106.99798153305348,43.55984702687864,455.88111199880296,396.54923673240967
1022,107.04363964859084,43.61902982752317,456.1583995117568,396.9664163758492
1023,107.08805524757008,43.675513174502704,456.444896899094,397.396339845108
1024,107.13287787229864,43.73419001778736,456.7317890260448,397.8278859967112
1025,107.178272462787,43.79227623179117,457.01337773308495,398.2524764479096
1026,107.22337873618658,43.85109543227605,457.29043046458565,398.6704349619438
1027,107.2689597589262,43.909515409256585,457.569881399284,399.09155362580185
1028,107.31247612241,43.96557286561748,457.8457031229676,399.5082453682722
1029,107.35613660447608,44.01996183027909,458.1238792655946,399.92791411026894
1030,107.39831981420508,44.0726960548615,458.3963148588279,400.3402924752493
1031,107.44230967718458,44.12972770932527,458.67217422991854,400.75823372395297
1032,107.48502685879616,44.18412241425255,458.9443279521346,401.1701945588574
1033,107.5264773379346,44.2365647243198,459.22203693766994,401.59190928540056
1034,107.5709761490346,44.294037976864885,459.4957137951952,402.00873243197935
1035,107.61146981589856,44.34471157793782,459.76939045747423,402.4248881297659
1036,107.65406519403714,44.399532887755925,460.0454255324656,402.8450680723757
1037,107.69528068115252,44.45188637325064,460.3153201958223,403.2557236848666
1038,107.7379502738341,44.5059693715944,460.58907884813806,403.67175308498247
1039,107.7796491683981,44.55765099644374,460.8613272640511,404.08686984241655
1040,107.82194336798948,44.609696353441954,461.1355684703461,404.5060414209301
1041,107.86363734196736,44.66257233020615,461.40548017923766,404.9189960466039
1042,107.90295709329745,44.711422884728215,461.6742198829687,405.33015321383147
1043,107.94377340557716,44.76121066059039,461.9514812395206,405.7544732665396
1044,107.98305453582287,44.808863396456886,462.2148185409508,406.1565224871017
1045,108.02149206988202,44.85441030542322,462.4823828593094,406.5657608103831
1046,108.06263567488996,44.90278673902025,462.7523080804199,406.98073899383473
1047,108.10132385868032,44.95067585365085,463.0272299966902,407.4023171374295
1048,108.13941628478388,44.99660869550598,463.2970667240637,407.8167693434838
1049,108.17839030009206,45.04307961538281,463.5733457371324,408.2396500214232
1050,108.2163671496281,45.08837722248622,463.8418505200069,408.6521013545103
1051,108.25332964899624,45.133143927629085,464.1150143694764,409.07288218459166
1052,108.2893783554954,45.17581483777116,464.38860586651225,409.4951467946453
1053,108.32645008403571,45.21853183102678,464.66102771472725,409.9148808366458
1054,108.365190167245,45.26451159775235,464.928926387628,410.3268348275883
1055,108.40431100876349,45.31125561972724,465.20133885498336,410.7464330853543
1056,108.44015244724868,45.35460666329495,465.4741344762425,411.1672075539712
1057,108.47600232778392,45.39644611076029,465.7430719514962,411.5838653372999
1058,108.51416002698042,45.44210564547471,466.01163685240346,411.9972909894021
1059,108.5518096671084,45.48736599524,466.2768327498311,412.4070415266646
1060,108.5880272541996,45.53032348394604,466.5490893412667,412.8272307457841
1061,108.62241119313042,45.57084117015885,466.8231695682374,413.250614708858
1062,108.65720268740954,45.613105198176775,467.0892033166407,413.66315267314894
1063,108.69376197814331,45.657182683639206,467.365659009141,414.0903147877213
1064,108.73292886536936,45.704087277989096,467.6344035917426,414.5075994073503
1065,108.7716397549258,45.7505511555019,467.9069104768717,414.93063480076535
1066,108.80752497123171,45.79317934436492,468.1783893886644,415.3518521880836
1067,108.84879320282484,45.84274246862886,468.4485012961781,415.7721459275333
1068,108.8874115639578,45.88822791695572,468.71699036726193,416.1908046359802
1069,108.9243722484044,45.93169862084718,468.9904111416802,416.6159347277304
1070,108.96294131517593,45.97754693067724,469.2588880660848,417.0342059260931
1071,108.99962871204244,46.02171850834245,469.5235430945492,417.44589879364224
1072,109.03892270916974,46.06719493338799,469.7943237332818,417.86894797773135
1073,109.07681717265018,46.11256556682381,470.0564009221977,418.2772418902076
1074,109.11505541229792,46.15726087115364,470.3197137080506,418.6895674701372
1075,109.15266826235768,46.200868517367454,470.5842592386122,419.1041580348036
1076,109.1913652510555,46.24476715140888,470.8530736261205,419.5266167717515
1077,109.22323353382092,46.2819382244027,471.1230804678418,419.94795419902727
1078,109.26124005943366,46.32635854657924,471.3937013131987,420.371781704171
1079,109.2957523369682,46.36602033739207,471.65855269901056,420.786439858038
1080,109.33130098804648,46.40661047278369,471.92135467427886,421.2004908907342
1081,109.3659993434874,46.445940311661445,472.1909596050415,421.6246115663084
1082,109.40007449933935,46.48434780149287,472.4524714264661,422.0361520705064
1083,109.43389033356635,46.52283249658343,472.7141639220363,422.44697548351
1084,109.46753507184758,46.56146913271219,472.9791562620421,422.8651191230949
1085,109.50075071062165,46.59914849943102,473.2428936300983,423.2817717848352
1086,109.53456818831027,46.63761181590555,473.50496162398815,423.6935064692816
1087,109.56769521510162,46.67492371521037,473.771062631204,424.1128466958039
1088,109.599952462914,46.711171860208566,474.0390821739568,424.53637871330017
1089,109.6328072405678,46.74716034128072,474.3082528999988,424.96165377809945
1090,109.66675046081528,46.78486458320784,474.5646240356524,425.3678849612261
1091,109.70227401976696,46.82539467229043,474.81772980443145,425.7686643780001
1092,109.73936909434708,46.86601552013945,475.07941407837154,426.18332906736407
1093,109.77488874200364,46.90457710771342,475.34170502483096,426.59893391633153
1094,109.80711121835824,46.93989865613374,475.6076965924972,427.0207855937471
1095,109.8385147285021,46.97478375904248,475.8711602860541,427.439529553279
1096,109.8729478001954,47.01319579356819,476.1292950766955,427.849732523359
1097,109.90677829874524,47.05068703269202,476.391022277462,428.26594678885937
1098,109.94104824030282,47.0890905190105,476.65758065231176,428.68836790762606
1099,109.97672731761354,47.12805409887388,476.911834970245,429.09240391857634
1100,110.01007985976392,47.16496100247343,477.1713659912908,429.5062321650396
1101,110.04189131382128,47.20101975898443,477.42819362426354,429.9157538773218
1102,110.07572335739556,47.23804075942983,477.6910801683584,430.332925898554
1103,110.10900480840102,47.27487965308514,477.95489930226665,430.7530934554534
1104,110.14355142430308,47.31295569551592,478.2142490161147,431.1674411295191
1105,110.17891972289428,47.35168716959196,478.4809505275159,431.594340979603
1106,110.21202763059124,47.38658923236706,478.7430176948632,432.012124896644
1107,110.24634756341264,47.424224044734856,479.0080062308417,432.4374550901698
1108,110.28233994393956,47.46234758674751,479.26788365080455,432.8526057639079
1109,110.31816206512708,47.50087908239821,479.5369017911652,433.283897018128
1110,110.3543057487362,47.54048318836652,479.7920000686727,433.6911848470255
1111,110.3931113655071,47.58200702299386,480.05615312367553,434.1142242567839
1112,110.42630470072542,47.6174821599942,480.3243984634919,434.54339043279424
1113,110.45874376889822,47.65212330499727,480.5848128026073,434.9596521692584
1114,110.494426928646,47.69042968824395,480.85007118745546,435.3838407711558
1115,110.5319723449816,47.73093659941003,481.1126370772164,435.8050638317615
1116,110.5664719796921,47.76863549754984,481.3734568321194,436.2216809996599
1117,110.60099713585323,47.80548947973151,481.63787103271096,436.6462462618832
1118,110.6353846708592,47.84104648712809,481.90235637995454,437.06994076271
1119,110.6688261360651,47.87596628425832,482.1638484222968,437.48904971495824
1120,110.7044748829186,47.9147469364158,482.42716316421104,437.91222109916
1121,110.7412784329141,47.95482082643963,482.685464976004,438.327035550358
1122,110.77380396496812,47.98920277397294,482.9461304174515,438.7467463898765
1123,110.80866878532431,48.02657695621369,483.2103142010019,439.1716628099946
1124,110.84325102559605,48.064616161902585,483.4749263568984,439.5976678699403
1125,110.87910918213674,48.10303256887582,483.735591134538,440.01905276025786
1126,110.91418413045564,48.14015244477644,483.99662437048335,440.43958521952095
1127,110.94833415653773,48.17633708697075,484.2571608231718,440.860336699071
1128,110.97948129568866,48.20934409180268,484.5193964970258,441.28404863798295
1129,111.01400390230796,48.24688568682439,484.7800634015368,441.7060307214975
1130,111.04868956688269,48.2841616013994,485.03686263084336,442.1220812407816
1131,111.0840999399151,48.322309676520426,485.30181118551127,442.5509926025876
1132,111.1198165687587,48.360317684743,485.55877084403846,442.9654159533945
1133,111.15251764698648,48.3948340793223,485.8208916731048,443.3901750065136
1134,111.1861195000182,48.43107619802895,486.0806126957688,443.812116831524
1135,111.22160139300472,48.4681941557406,486.3410697457617,444.2341727626282
1136,111.2550687522717,48.50379036863363,486.59950079556967,444.65472597343455
1137,111.28737534607976,48.53898225093947,486.8601783959148,445.0783469765158
1138,111.32245378780092,48.576729896247336,487.12169711060096,445.50383478777263
1139,111.3552815934615,48.61219020533401,487.3805790080598,445.9240841001491
1140,111.38841711717512,48.64842034618332,487.64273570114426,446.3514600500469
1141,111.4244509060093,48.68752082203812,487.9009906163795,446.77260129498353
1142,111.45733214353316,48.72260016962774,488.1627103134352,447.200935331603
1143,111.4912453564344,48.759104954588615,488.4278980071822,447.6329267154962
1144,111.52178239045423,48.79151103716609,488.68328153238656,448.0495273457548
1145,111.55607599083528,48.82804760480526,488.9444424604966,448.47782136859627
1146,111.59209961199964,48.86675481177715,489.1973372462941,448.8906231915923
1147,111.62876035301728,48.90535935553928,489.4552157662473,449.3126920737422
1148,111.66282379209706,48.94298687766817,489.7137534403613,449.7368949610884
1149,111.69683665159866,48.978894940491074,489.9803049593068,450.1753280789467
1150,111.7286873349522,49.01250889041743,490.2367229464543,450.5956355503799
1151,111.76374169837456,49.05006400587053,490.4989185430677,451.0258686753054
1152,111.79522942987978,49.083363654157,490.75745641835175,451.4502640382083
1153,111.82800479944812,49.119149885024136,491.0146104883955,451.8721527199656
1154,111.8642518046095,49.1581395358658,491.2749492591947,452.3014122470706
1155,111.89620999328396,49.19219102161058,491.5343164436608,452.7279978656817
1156,111.9293902748254,49.22715716628893,491.78809312211496,453.1449163867965
1157,111.962456257104,49.26163465540529,492.0418984224584,453.5609250846828
1158,111.99617392724647,49.29797568788842,492.30072888085607,453.9866961218616
1159,112.03116959445757,49.33491904492095,492.5586290990847,454.4119628152531
1160,112.06563222395305,49.37240795669147,492.8163198586232,454.8367117149238
1161,112.09931092170144,49.40848181527209,493.076117819737,455.2667035036268
1162,112.1306561850054,49.44273504584044,493.338261377896,455.6996549812397
1163,112.16348757027616,49.47706208475165,493.5923265847241,456.1195283668355
1164,112.19564412866202,49.5106051030418,493.8505883565834,456.5455174102092
1165,112.2256906560692,49.54210340912552,494.1029969194617,456.962497187924
1166,112.25667294230524,49.57517429928782,494.36100358896,457.3881185212628
1167,112.28836438453968,49.60858556321028,494.61693092208463,457.8108902753179
1168,112.32204100390408,49.6439572352357,494.8771114811655,458.2413588834849
1169,112.35552457507306,49.680211879991134,495.1389415003993,458.6757488228373
1170,112.3879926830651,49.7149510296869,495.40139427436895,459.1117988642341
1171,112.42023761380658,49.74949058669299,495.6602870290849,459.5408665644295
1172,112.45098288527716,49.78349358289392,495.9217990540668,459.9758624164783
1173,112.48315039526058,49.8187579466127,496.1767667761536,460.40020456535257
1174,112.51465054828364,49.854174392483,496.4329344143501,460.8259869558372
1175,112.54597438922906,49.88641575602762,496.6971027759055,461.26695109248095
1176,112.57982089018678,49.92105062359236,496.9518120800316,461.6903561308712
1177,112.61324844597814,49.95708708034149,497.2056221311016,462.1136949697652
1178,112.64724357108688,49.992517174229526,497.46579478457886,462.5472536413344
1179,112.67989609582952,50.02759450285664,497.7241292354006,462.9768277755059
1180,112.7142923746546,50.0639957308111,497.9829050214142,463.40656003217526
1181,112.74938383497336,50.10081961012892,498.2488315195211,463.8503839851114
1182,112.78459070889978,50.13687940405055,498.507960118692,464.2818865014771
1183,112.82132556782696,50.17396630596809,498.7704244804128,464.71943706404426
1184,112.85615556593125,50.210566628040446,499.02839556211984,465.1492058929655
1185,112.88935482955073,50.24531224848939,499.28470880361147,465.5772108640382
1186,112.92395200729418,50.280898532447466,499.5414255840825,466.0054299419526
1187,112.95902235913968,50.317675608183976,499.7942162338573,466.4280281670907
1188,112.99312777103444,50.35315563668977,500.0489968048725,466.8532210936996
1189,113.02976873272776,50.39075704766815,500.2996669535111,467.2707974200356
1190,113.06447728927462,50.426501158389264,500.5515046575218,467.6909663653276
1191,113.09833444362604,50.46082070143776,500.8036675324664,468.1122282425119
1192,113.13407958376364,50.49785561145962,501.0617926017653,468.5431765641033
1193,113.17029374763725,50.53558995932314,501.3192471615242,468.9730074478181
1194,113.21047156889954,50.57606524885836,501.58205543254655,469.41291489353904
1195,113.24542693728172,50.61226313935689,501.842311848603,469.8484622576067
1196,113.28042882005252,50.64858131034966,502.1050872853468,470.2881852839095
1197,113.31664426345648,50.68525952572329,502.3610552665463,470.7177574518046
1198,113.35154619077876,50.72107116882984,502.6190054264716,471.1498481325692
1199,113.38629124320398,50.75601622029209,502.8747677965092,471.57880591695977
1200,113.42091840281655,50.79162056200845,503.1376151894754,472.01957490171776
1201,113.45661231372588,50.8276729240237,503.3950916789143,472.4521558679075
1202,113.49453555293462,50.8660760682213,503.65157022482106,472.8836333612012
1203,113.52958246203724,50.90010013314637,503.9102195911461,473.3191697699096
1204,113.5621788018166,50.93324043148241,504.1675526019877,473.7528066238151
1205,113.59908791930646,50.96920066005956,504.4251921011008,474.18685658875154
1206,113.63534621756948,51.00320664843291,504.67955276852007,474.614491890798
1207,113.67195380330156,51.03821009939328,504.93987537259846,475.0524186773821
1208,113.70708946297864,51.07241147819489,505.2024200095683,475.4936777056015
1209,113.74383539448554,51.10283894105385,505.46658545954654,475.9381105522588
1210,113.78317717842448,51.13893078186265,505.725345935239,476.3734616098723
1211,113.82489149236248,51.17648794218235,505.980450212401,476.8041090910105
1212,113.86242272437748,51.20700548359768,506.239805573992,477.2413507600696
1213,113.90179797070402,51.238249059529096,506.495778604247,477.6743471070288
1214,113.94208521763008,51.27138219075871,506.7556064111148,478.1127305038558
1215,113.9810892696194,51.30322693635228,507.01626983960585,478.5533773979759
1216,114.02163637294818,51.33432986356414,507.2737387196066,478.9888584154491
1217,114.06101291676922,51.36295712539504,507.53231616168085,479.4258526893529
1218,114.10180242748228,51.39352574931912,507.7809914108895,479.8467314093601
1219,114.14519006131172,51.4255762407785,508.0362679185828,480.2786875261265
1220,114.18649841553344,51.45581588103713,508.2911832916428,480.7096438498107
1221,114.22724568010165,51.4871680481002,508.5517641997395,481.1515143360492
1222,114.26889165769396,51.51956731315111,508.810393687252,481.5890103195848
1223,114.3107064574498,51.54833070735621,509.0731703377113,482.0344525200928
1224,114.35026838205005,51.57527583729753,509.3263363566815,482.4636054998949
1225,114.39245045755855,51.6044405667908,509.5788803028855,482.8916289811506
1226,114.43245653362604,51.634893196275726,509.83622594458063,483.32708789745897
1227,114.47448704517107,51.66660039355205,510.09307409596056,483.7659297283201
1228,114.51838275676089,51.69499857129649,510.3528523141716,484.207488617091
1229,114.55824082591776,51.72356391414364,510.6101040790991,484.6446707865389
1230,114.60357480607772,51.75275893266469,510.8692240790857,485.0858696999858
1231,114.6459522396779,51.77902083456367,511.1345279717869,485.5372797526464
1232,114.689214319284,51.80656833549139,511.3998751050916,485.9895194052297
1233,114.73370203079784,51.83674963709642,511.6553542785758,486.422994477446
1234,114.77779628589327,51.86495375766556,511.9148338439391,486.8640450633698
1235,114.8231602873778,51.895586795899625,512.1749761641732,487.3068503955174
1236,114.86530603768718,51.923431701355724,512.4393140433209,487.7569311972138
1237,114.90951303877678,51.95225097536253,512.701775412092,488.2047588575391
1238,114.9518702532806,51.98032327797531,512.9578938974773,488.6419294181404
1239,114.9958114599964,52.00773387738439,513.2195881864689,489.0885637426224
1240,115.04032412695148,52.03631889918639,513.47537727109,489.5243999512061
1241,115.0845712336812,52.06669499075841,513.7413021288224,489.97815388466864
1242,115.12929750948668,52.09466420329864,513.9953174127577,490.4112662074351
1243,115.1736930559596,52.11671685832409,514.2554742612829,490.8563095992441
1244,115.21749467793038,52.14327059569412,514.5157649484051,491.3024404316623
1245,115.2585633004964,52.16831599349508,514.777679550524,491.7498224904003
1246,115.3014953645108,52.19455451440984,515.0407106383228,492.19932612448025
1247,115.34689625235536,52.222820071739385,515.2995041204551,492.6439722960408
1248,115.39097938959664,52.2508244158425,515.5610039643855,493.0912529849543
1249,115.4348051988858,52.277241294417074,515.8173978651505,493.5310664165208
1250,115.48179993969968,52.302088370251326,516.073456614888,493.96966337916666
1251,115.52486825421327,52.326671084438345,516.3318667632473,494.4135826180209
1252,115.57022435751476,52.35560255208188,516.5884117284743,494.85289005985805
1253,115.6145901576302,52.378983481917686,516.8480887719257,495.2989780354597
1254,115.66132973471257,52.408441984294576,517.1058394057179,495.7420262035001
1255,115.70538416571053,52.43516781512977,517.3573840047644,496.1735996267043
1256,115.74983371164475,52.46312729460784,517.6120016209818,496.6112929919362
1257,115.79481076403724,52.48812787309598,517.8698172568483,497.0543110678635
1258,115.84284501596012,52.51295687454538,518.1338885589673,497.5089366020965
1259,115.88879225618057,52.53975133324771,518.3894045579729,497.94817585799456
1260,115.93842556573564,52.56606269811327,518.6467521586842,498.39138390321824
1261,115.98646450051912,52.59342921259738,518.9075010245647,498.8400299903534
1262,116.0296284771378,52.61686081010273,519.1599741125025,499.2755971149962
1263,116.07470145212672,52.64230910723775,519.4165396839095,499.7172342614335
1264,116.12237699255316,52.67028665169943,519.676726012001,500.16611604909735
1265,116.1687793627477,52.696397861972976,519.9327771363053,500.6077160928754
1266,116.21505749596682,52.725597319976735,520.1876033467458,501.0472637569521
1267,116.26528908474911,52.75279057043704,520.4467101342026,501.4955444971687
1268,116.3125953466196,52.77789001870479,520.7012718305066,501.93566131480776
1269,116.35762225877832,52.80271825184553,520.9596974264955,502.38434898863767
1270,116.40497309098672,52.828697711081865,521.2160255977767,502.8282004549969
1271,116.45306122502176,52.85212494790456,521.4775652806474,503.2809244063728
1272,116.501898855889,52.87715603884204,521.7323089314275,503.72126178374015
1273,116.55407125260145,52.90466323124599,521.991169550872,504.1688792876208
1274,116.60330761735165,52.92982428113211,522.2617576285578,504.6375111455811
1275,116.6487488186581,52.9544737131625,522.5217227131285,505.0891989584119
1276,116.69690776227044,52.98003838161311,522.7763491861053,505.5307798503691
1277,116.7442468935184,53.00267679114221,523.0331470798697,505.9749689512981
1278,116.78990172111143,53.027428223465535,523.2895276870024,506.4183710205724
1279,116.8381272079109,53.05039428280653,523.5457183965723,506.8649205029966
1280,116.8849054118273,53.07387907645169,523.805363787085,507.31606723985504
1281,116.9354576885498,53.10272906523256,524.0604749754641,507.75824205390535
1282,116.98653331860424,53.12936999563989,524.3252123342759,508.2173879205003
1283,117.0388832659605,53.1586176213494,524.5838539225864,508.66635114476486
1284,117.08610424440374,53.18171077036552,524.8409246841088,509.1123679827986
1285,117.13409619023903,53.20494529176887,525.1011927134131,509.5659639821593
1286,117.18361920901472,53.23123328558613,525.3612014547222,510.0188569948958
1287,117.23439338276876,53.26010049866114,525.6214108851607,510.4713416392879
1288,117.2864440068787,53.28723892739429,525.8819608629461,510.92668825966535
1289,117.33789590923324,53.31041717859891,526.1404514105959,511.37752868241
1290,117.38782869094436,53.3357105114921,526.396565449621,511.8230799992244
1291,117.44021934967644,53.36125209751979,526.658292367793,512.2812037580445
1292,117.4917734178579,53.38359664032716,526.9111628162146,512.7224949570309
1293,117.54335868022388,53.40783325583429,527.1665923655735,513.1669671848038
1294,117.5974217011548,53.435167233749,527.4249598848818,513.6172434264779
1295,117.64885217569297,53.45724202596738,527.6786423663726,514.0605724032405
1296,117.70520435287132,53.48479534650872,527.9360332101747,514.5110754477453
1297,117.75883267168088,53.50862968369317,528.1970146033798,514.9659242431476
1298,117.81280184143046,53.52580612092256,528.4529208286547,515.4119094747053
1299,117.86544558876425,53.54778861382155,528.7041707521342,515.8488638888471
1300,117.92275691407306,53.57335411511804,528.9569609963874,516.2909443891896
1301,117.98369549629498,53.59608335895146,529.2124815663076,516.7373442202856
1302,118.04170269118042,53.61333569097697,529.4697226027895,517.1880383790004
1303,118.10074547115904,53.63465096279067,529.7235967631157,517.6315690489504
1304,118.15781107109136,53.64860247282397,529.9834398807482,518.086967799389
1305,118.21478548642264,53.66441742030334,530.2375119446981,518.5315626378318
1306,118.27355356971316,53.68179615393441,530.4984229264401,518.9881098887955
1307,118.33311844034364,53.69854842456675,530.756511316489,519.4403645399443
1308,118.39373021689572,53.71571733439442,531.0079141859053,519.8806540498953
1309,118.45420542216516,53.73221120521818,531.2657248829627,520.3324105296973
1310,118.51310019640717,53.75040173738201,531.5228610483216,520.7824901375488
1311,118.57416519322256,53.76741694641875,531.7743043406538,521.2234140056362
1312,118.6352337127094,53.78294201861763,532.028833885842,521.6703132428448
1313,118.69549394010092,53.79786966966383,532.2904090273682,522.1295991501502
1314,118.75575182925652,53.81142870667018,532.5524037983433,522.5895792022222
1315,118.81522614874456,53.82573451097461,532.8110817467431,523.0455987177772
1316,118.87682160129502,53.84175622065695,533.0679314406336,523.4968800977288
1317,118.93876470499433,53.85815380051311,533.3315378071717,523.9611304930643
1318,119.00021540912776,53.86986754041242,533.586250763252,524.4095269796652
1319,119.06100359207876,53.88210296386462,533.843964203738,524.8625257669239
1320,119.1243980691283,53.895954976488966,534.0928280166536,525.3004569066533
1321,119.19166604967933,53.91036924142527,534.3487777905727,525.7512099843296
1322,119.25723945806912,53.92481882066039,534.6108318549532,526.2114279638419
1323,119.32546422328204,53.93670950514616,534.8707710453319,526.6702214943348
1324,119.38966905083164,53.95042016726019,535.1314324634143,527.1299657415408
1325,119.45422951930402,53.966166605535626,535.3937176343599,527.5928465339108
1326,119.52229419202448,53.984645974610025,535.643687661085,528.0335844852258
1327,119.58564775539077,53.99551027127491,535.8989044717591,528.4854011659545
1328,119.6489318264355,54.00810948117349,536.1540914014251,528.9357187733978
1329,119.71623150210092,54.02079837162569,536.4061093682074,529.3817096993354
1330,119.77816904179194,54.03359197538142,536.662444324477,529.8343128731799
1331,119.8454622702258,54.0452165320472,536.9217000522524,530.293161574461
1332,119.91342953696169,54.05746257152624,537.1779402004407,530.74587702251
1333,119.98354095623311,54.07247877014029,537.4343775247474,531.1989074464616
1334,120.0493359229458,54.084243368844106,537.6954932344157,531.6619186062129
1335,120.11739464423856,54.09863452575608,537.951413665693,532.1141267725495
1336,120.18404434334964,54.11265908878451,538.2102855576549,532.5731863560737
1337,120.24906605024836,54.12244207227112,538.4708659320293,533.0351630818748
1338,120.31659830019863,54.13681245970634,538.7250516824314,533.48562874745
1339,120.3844127651876,54.14841310302937,538.9800848756274,533.9380903093762
1340,120.45412130184356,54.1570130863765,539.238226756784,534.3952427460081
1341,120.52153008231625,54.16931620940869,539.4915069519633,534.8437160984158
1342,120.588156764312,54.17697290297846,539.756919352463,535.3145998386154
1343,120.66027338667908,54.18926333968864,540.0167476544705,535.7753016797981
1344,120.7302852700235,54.20394516432453,540.2811825364658,536.2446005820509
1345,120.80096828200531,54.212462498755336,540.5421890242544,536.7086433574763
1346,120.8761606374498,54.220575070460896,540.7978242966583,537.1618714655051
1347,120.94943983676144,54.23165118553763,541.0597721106853,537.6264273416256
1348,121.02040934837284,54.24214246095938,541.3169468676884,538.0839709673951
1349,121.08883650391952,54.25035910447739,541.5700550718551,538.5337598874745
1350,121.1603736600842,54.261977108183046,541.8339717303099,539.0019488105524
1351,121.23394548383006,54.27506897644498,542.0955869459659,539.4673916885282
1352,121.30709024821228,54.283466910727455,542.3482323513051,539.9170828608923
1353,121.37733965012184,54.29280243382706,542.6139302189739,540.3905850120865
1354,121.44750039612065,54.30325503182272,542.8710532633464,540.8495168287703
1355,121.52399494754556,54.31547076268862,543.1266282349849,541.304581059999
1356,121.5939387576776,54.32282662232832,543.3800017994946,541.7564812729146
1357,121.66973536270534,54.337655043323046,543.6364865985803,542.2133643095369
1358,121.7400227667508,54.34932103248102,543.8977525529178,542.6789886817636
1359,121.81512201077176,54.36006326790392,544.1552483441296,543.1375431686116
1360,121.88803419914557,54.3681381742642,544.4132603947803,543.598515109039
1361,121.96409532132476,54.37878840895833,544.6692494626711,544.0550529778878
1362,122.03759486894944,54.38977854925387,544.9274446659409,544.5152204186437
1363,122.11341887723827,54.40187650011316,545.1839201027054,544.9733331353066
1364,122.18913907624368,54.41091966972969,545.4413757349515,545.4343112161159
1365,122.26523719411188,54.414865300673625,545.6925786155172,545.8828263060055
1366,122.34050203712113,54.4271965527951,545.9499575712713,546.3444725191056
1367,122.41887768608112,54.436676197980766,546.2045202023584,546.8004670375316
1368,122.4945410828479,54.447249002753935,546.4559360643495,547.2484892437407
1369,122.57357169219064,54.45956894185814,546.7103723872772,547.7034249681872
1370,122.64638302450854,54.467223493847406,546.9629196231792,548.1550840795594
1371,122.72600883073795,54.47777523897966,547.2204380918072,548.6173050968839
1372,122.79866548252176,54.48576976611958,547.4730300573036,549.0684561186931
1373,122.87991887322804,54.49492211624686,547.7263629986141,549.521855473113
1374,122.96062032597872,54.50480076186485,547.9821588367811,549.9816469128248
1375,123.03517284771983,54.51602629478116,548.2383154845157,550.4407993554713
1376,123.10849967055928,54.52570616719559,548.488767047412,550.8896546509762
1377,123.18669217277656,54.53395660872844,548.7475700911397,551.3544513913387
1378,123.26317073083884,54.54322076410702,549.0012179839828,551.8091532065611
1379,123.34126146008006,54.55432154767972,549.252548239203,552.260467097985
1380,123.4172232138904,54.56230887532397,549.5082449912431,552.7200588120987
1381,123.49748138216118,54.5725257611953,549.7644033843243,553.1798047415098
1382,123.57329747329948,54.582360210834665,550.0214870252305,553.6403984470509
1383,123.65039840303416,54.59130646523633,550.2756800804106,554.0961026249346
1384,123.72816616317866,54.601075139493936,550.5337618578978,554.5577957531046
1385,123.80885273021752,54.61068387034905,550.784700344115,555.0086975425144
1386,123.88640323354215,54.61680015996248,551.0425016041223,555.472442608552
1387,123.9656259943448,54.62542450357387,551.2955037608862,555.9268018066364
1388,124.04769638744057,54.63256631746863,551.5552448020305,556.3944476771379
1389,124.1283857062636,54.64337135778739,551.8143669944319,556.8609125710325
1390,124.20925700021256,54.65124514193084,552.0684041077668,557.3169734641598
1391,124.28889042596144,54.66012021287155,552.3253844061481,557.7785383245139
1392,124.36701595093923,54.67300062140064,552.5793446100231,558.2342921116908
1393,124.44689365961032,54.680752861829134,552.8352419317149,558.6933701421765
1394,124.52787804461374,54.69137374852736,553.0937630579347,559.1586952670234
1395,124.61250001793512,54.70404270492406,553.3489376175464,559.6185888238576
1396,124.69502991421533,54.71147350071941,553.6030372025343,560.0766653561707
1397,124.77736782976334,54.72015033878455,553.8557247984972,560.5337100848262
1398,124.858104500629,54.7318943900467,554.1043437215851,560.9811991793581
1399,124.93924449400868,54.73901369465027,554.3676842483877,561.4551513329561
1400,125.01999210459252,54.74637806885054,554.6161509060819,561.9019814774143
1401,125.10096722616922,54.75833847901167,554.8750405353874,562.3684546343281
1402,125.18466215203068,54.767639331364016,555.1392442115498,562.8459850751929
1403,125.27068875455376,54.78017976485684,555.4004827005739,563.3184533711303
1404,125.35635862994756,54.78932262165831,555.6586724986016,563.7846288628339
1405,125.43748060837132,54.80077154822349,555.9255633741611,564.2658761334495
1406,125.5199864771392,54.81098436438437,556.1785793544027,564.7233988643032
1407,125.6056765932638,54.81883729613401,556.4390130650606,565.1938432236393
1408,125.6888075646701,54.82658608014405,556.6970822404265,565.6610616917771
1409,125.77306847632602,54.83829494306102,556.953490882385,566.1245978765968
1410,125.86052361189516,54.84889337025162,557.2119281795772,566.5937016783847
1411,125.94831303860684,54.85784849222663,557.466559434645,567.051355891025
1412,126.0362698748786,54.87006798118476,557.7249144605971,567.5181906275144
1413,126.1216136722986,54.88205929651146,557.979285130758,567.979668295091
1414,126.2070471987549,54.89566863622,558.2386469517658,568.4496560299544
1415,126.2962111182182,54.90708289771612,558.4927440070309,568.910247781353
1416,126.3800717108878,54.916320655044366,558.7487537323824,569.3744283277296
1417,126.4677912322352,54.92557683769521,559.0088833903343,569.8457482804375
1418,126.55653286776116,54.93645681899664,559.2639142588325,570.3099333002117
1419,126.64402968648558,54.946049350866616,559.5179059606401,570.7695123599154
1420,126.73363189916896,54.958411463785815,559.7754695198748,571.2357129233897
1421,126.82230167423845,54.97007723770131,560.0332560674887,571.7032648391594
1422,126.91055040522244,54.98108689219326,560.2867377141322,572.1631604466942
1423,127.00524055701352,54.99355563630774,560.5428863442188,572.628242397786
1424,127.0931604218824,55.00541324582654,560.8055983790634,573.1052891220404
1425,127.18382968174572,55.01674622707772,561.0612652603098,573.5695359272723
1426,127.27309529587342,55.02645905849359,561.315897174266,574.0319910936499
1427,127.3592753529968,55.03587321234653,561.5739048996231,574.501675992371
1428,127.45018674282832,55.04707155611107,561.830286147368,574.9673576278565
1429,127.53874156240428,55.06136455512065,562.0838412194212,575.428805307921
1430,127.63376333416171,55.072592597008445,562.3428167257445,575.8989186959202
1431,127.72492917161456,55.081910542956784,562.598594971636,576.3642232088166
1432,127.8140508583521,55.09474495811016,562.8573544127473,576.8333747465655
1433,127.91185324949632,55.108385143582375,563.1187132267771,577.3096615914137
1434,128.00584922692033,55.12355726505073,563.3814484853217,577.786841315216
1435,128.10151504031543,55.13517299771309,563.6360325377129,578.2492808965449
1436,128.1933604760598,55.1511943617965,563.8992426688383,578.7285434886134
1437,128.291945712668,55.16660792369104,564.1584757219287,579.2023036799952
1438,128.38681918826708,55.17664916298416,564.4176304813548,579.6743565264507
1439,128.48493355443102,55.191899518231125,564.6762765033881,580.1447683409759
1440,128.5820815473988,55.20661105763963,564.9377836551109,580.6212011357485
1441,128.6765483306291,55.21921773024942,565.1877333653931,581.0744113417276
1442,128.77377127283117,55.23566874255953,565.4414207248236,581.5383110892183
1443,128.86941671177243,55.24844624488148,565.7035322249517,582.0164174182006
1444,128.96619255361912,55.26290829868397,565.9610029349612,582.4855553332375
1445,129.06387693844675,55.27537056870003,566.2188003573424,582.9561783897185
1446,129.16247177234513,55.29388905458046,566.4743027361399,583.4232459587738
1447,129.2568951469747,55.30804628941231,566.727294735246,583.8867433847513
1448,129.35495684529218,55.32058672049549,566.9864759492446,584.3578235927639
1449,129.4546650784396,55.33749979715158,567.2416727818115,584.8239820731717
1450,129.55362301822925,55.35502017171559,567.5006645379059,585.297374293311
1451,129.64843111317288,55.370795085145495,567.7592351424408,585.7700149960859
1452,129.7478799104594,55.38762959004231,568.0141358197733,586.2348324833673
1453,129.84962415880392,55.40295007342856,568.2689257062459,586.700731725769
1454,129.94933826347255,55.41914436246304,568.5220120218908,587.1633875715657
1455,130.0520683889186,55.43287564498279,568.772735221037,587.6220433948968
1456,130.1541942862014,55.44987318205543,569.0352217098533,588.1037815422327
1457,130.2580079394679,55.46884225923516,569.2905182633201,588.5722693270852
1458,130.35748006982902,55.484601388808905,569.5472436729756,589.0401633438382
1459,130.4547787055821,55.50003244025678,569.8125909023696,589.5270398349369
1460,130.5593770497369,55.51812614772379,570.0707000787418,589.9994563953321
1461,130.66172543312817,55.53452302725368,570.3270462615545,590.4682674552869
1462,130.76320146365998,55.55443488319775,570.5894659214916,590.9477619099847
1463,130.86713467271605,55.57487464065039,570.8431971679314,591.4116154779003
1464,130.96645431120174,55.5904727399698,571.1059097217624,591.8933506877288
1465,131.06889150189008,55.6099564869281,571.3624344153753,592.3644732788772
1466,131.1730143446179,55.63003811200971,571.6249651469633,592.8459611065333
1467,131.27779145508254,55.6492822891242,571.8843501420267,593.3224203994401
1468,131.38149721712617,55.6686636345924,572.1353069073489,593.7825726063138
1469,131.48818786251542,55.6882348519268,572.3933963584276,594.2568781403997
1470,131.58938230074045,55.708122633403136,572.648810012818,594.7239995996963
1471,131.69765394729606,55.73142311511455,572.908160848681,595.2001957436854
1472,131.80326768233346,55.74902058514278,573.1711777490411,595.683483418432
1473,131.90877486761286,55.77287907078431,573.4258542813304,596.1496233497882
1474,132.01844793435907,55.79582789396927,573.681089049064,596.6172426777407
1475,132.12694326643768,55.81637277148767,573.9348759417915,597.0829089564763
1476,132.23394678745825,55.83542280335768,574.1957171189198,597.5622330219451
1477,132.33905487579867,55.85716846836128,574.4504300726319,598.0315224182699
1478,132.44476878343923,55.8817150869017,574.7092066092221,598.5084040401446
1479,132.55267390005682,55.90465628634628,574.9609498530135,598.9712482035055
1480,132.6613002509648,55.929515125655584,575.219224834698,599.4459506050579
1481,132.7702552782709,55.95144879977262,575.475203157615,599.916617255347
1482,132.8746081206081,55.974547889186326,575.7275154421197,600.381881279534
1483,132.98261976392772,55.99637562122561,575.9855170635643,600.8558617689704
1484,133.08706668411713,56.0183360118288,576.2363717117182,601.3174079201016
1485,133.1999207303111,56.0432293758737,576.490584280595,601.7854013162067
1486,133.30639166924334,56.06642373118707,576.7443562528349,602.2527494360662
1487,133.41834040533587,56.089967852549385,576.9973932799182,602.7193334688462
1488,133.5259412751823,56.11411101925645,577.2559918287614,603.1957415524895
1489,133.63516959441142,56.14206267680157,577.5078227725717,603.6588038710782
1490,133.74932139460188,56.16949803988061,577.7638392815027,604.1316485433957
1491,133.8653846155367,56.19433003220071,578.0158458300873,604.5947475216024
1492,133.97807720751354,56.22181073468144,578.269419806305,605.0643815247352
1493,134.09001854448,56.24751016686709,578.5194690172266,605.5241615576763
1494,134.20054871303844,56.27452686648788,578.7753301901317,605.9972191662557
1495,134.3126603780049,56.30253930893826,579.030593886111,606.4689676156903
1496,134.42500611501106,56.33067596985418,579.2855807783201,606.9401067385944
1497,134.5345976756629,56.35647003866179,579.5399908209853,607.4092371343759
1498,134.65337867040648,56.387528760472186,579.798877554788,607.8877913154856
1499,134.76623918280117,56.417112613625584,580.0602697209594,608.3691990237683
1500,134.87677383279464,56.445428422569,580.3233010514367,608.8549828048456
1501,134.99186356109638,56.47891415498546,580.5788075297878,609.3271171141519
1502,135.1087539803037,56.50903929960456,580.8282867379033,609.7878266434471
1503,135.22472959298187,56.53765366776256,581.0777288421506,610.2479077653734
1504,135.33969122270872,56.5691566081232,581.3317776994652,610.7161752811819
1505,135.45286836034825,56.59865650037469,581.5883053971418,611.1911205069121
1506,135.56645646451653,56.62968378685005,581.8414429107548,611.65935122036
1507,135.68259350286775,56.661245788661454,582.0933738806169,612.1258906952705
1508,135.79622075289166,56.69600147919255,582.3442679709777,612.5901592845374
1509,135.9080771331442,56.72616084131936,582.602369023189,613.0675750851535
1510,136.02569764535494,56.759531273315126,582.8538916449219,613.5332155551031
1511,136.14276709826123,56.79561446273336,583.1100780186467,614.0086638171751
1512,136.25688946134383,56.829350102241264,583.3744925122329,614.4981539538766
1513,136.37131800601782,56.86482100550421,583.6341283465134,614.9790536384288
1514,136.48745915404172,56.90218226489718,583.8927393493916,615.4590065198818
1515,136.60591898490236,56.93707842837776,584.1517303116618,615.9392941683221
1516,136.7219715554823,56.97529233412577,584.4136237539041,616.4247009878854
1517,136.8414555788372,57.01398173677485,584.6681532664929,616.8973602659042
1518,136.95817168395993,57.05073104191188,584.9247587626804,617.3724758917422
1519,137.07475705188364,57.08507169693703,585.1805251037823,617.8472407783413
1520,137.18917017182602,57.12245056530922,585.4447820308307,618.3375817954678
1521,137.30550606787102,57.16027475822769,585.7014756062296,618.8139997934111
1522,137.42673378369958,57.19834315783868,585.952310008892,619.2788335073341
1523,137.5442249500556,57.23753082315427,586.207709822504,619.7527732720448
1524,137.66399714735954,57.27638689922281,586.4618592346898,620.2231777930974
1525,137.78449566635678,57.3178369757319,586.7227326870408,620.7057811254275
1526,137.9057430350485,57.36033182997989,586.9686217227907,621.1623238617659
1527,138.02505954501828,57.40121849487607,587.225341121292,621.6387673054663
1528,138.1467046584733,57.44395613935541,587.4888676035722,622.128483293295
1529,138.2632776027888,57.48121657263592,587.7482691756996,622.6112358210411
1530,138.3822882415166,57.52219221472155,588.0126273529266,623.1020582853107
1531,138.50436377781134,57.56349925926764,588.2687563796766,623.5783296323148
1532,138.62502999106326,57.60674934203673,588.5277844035613,624.058901988725
1533,138.74676856994333,57.6496477019149,588.7797538334098,624.5268098308636
1534,138.86899710393865,57.6918806290433,589.0327001123303,624.9971965622412
1535,138.99484056534274,57.73732976102014,589.2836598345651,625.4636429538343
1536,139.1168923850525,57.782331283074924,589.5335545218052,625.9273232522594
1537,139.24559971038164,57.8342873989044,589.7902303195106,626.4048306548923
1538,139.37028626712362,57.88279074722049,590.0445495670721,626.8763007563631
1539,139.4918731455527,57.92897002210519,590.2999850217111,627.3509169503616
1540,139.61535500214387,57.977433463698006,590.5518303903668,627.8192960282387
1541,139.7407387082098,58.025982787637226,590.8066814038664,628.2927490108002
1542,139.86604695722156,58.0727751190815,591.0664375110945,628.7779032422239
1543,139.99319419688675,58.12225200145307,591.3309375491472,629.2699987659649
1544,140.1185889657,58.17023106848053,591.5888147763827,629.7506198448991
1545,140.24592441254737,58.22315415110137,591.8445878038088,630.2268574861611
1546,140.37054913641174,58.27540490281554,592.1040155179123,630.7097979154172
1547,140.50214510437513,58.3295052819674,592.3614365712364,631.1893102158817
1548,140.62713131828073,58.37992333842089,592.6122140269235,631.6571365744552
1549,140.75305238405275,58.430031616607295,592.8676776802514,632.131455322081
1550,140.88481858480625,58.48489915342016,593.1249782849648,632.6109842048575
1551,141.00911929914176,58.53823338233262,593.3805327072381,633.087073988686
1552,141.13603767366126,58.59515972345867,593.6383646291326,633.5676250196782
1553,141.26499143338734,58.64986177097646,593.9038740294627,634.0626915394845
1554,141.39466327054865,58.70755474584431,594.1625943183883,634.5440145521758
1555,141.52849943847622,58.76546123089631,594.4166946779338,635.0182722579436
1556,141.65759453836205,58.82307110743677,594.6694128054202,635.4904123362305
1557,141.79066218472855,58.88329914915484,594.930565830556,635.9778777706418
1558,141.91998209675293,58.9405281922385,595.1854975419758,636.4547955429314
1559,142.05201536394617,59.00150660676962,595.4398049800058,636.9295706324561
1560,142.1815328541365,59.05958758025381,595.6973480149195,637.4104833478865
1561,142.30925913742817,59.11871686890804,595.9523919587052,637.8856570229937
1562,142.43900665019197,59.17942161372155,596.2032510376184,638.3529881660426
1563,142.5729470536822,59.23982714992201,596.4580206593844,638.8284080794626
1564,142.70505885293585,59.30439285072288,596.7121239030282,639.3031095084284
1565,142.83279071325492,59.3639980793366,596.9686802913659,639.7809392842051
1566,142.96837842934457,59.42864989784664,597.2250636665974,640.2597474303485
1567,143.10048043504923,59.49242344008331,597.4837242702005,640.7439317036589
1568,143.2318763887135,59.55945783076061,597.7384247546312,641.2192434949703
1569,143.3690539655368,59.62410903034937,597.9982025273848,641.7044049991991
1570,143.5075873383759,59.69399711405279,598.2542174378137,642.1813529255548
1571,143.64537456057062,59.76259494346946,598.5110189160409,642.6596105055253
1572,143.77947424961408,59.829861644539,598.7662437729911,643.1355096518059
1573,143.9151055017182,59.90033593030884,599.0248422408232,643.6168192404012
1574,144.05091256295688,59.97085148174048,599.2833013127133,644.099091354178
1575,144.18172612259946,60.03944739918283,599.5411154159722,644.5773159816534
1576,144.32164707864712,60.1137126101545,599.8114153166164,645.0799884859249
1577,144.45699118704852,60.184235070747405,600.0731538041202,645.5635681065329
1578,144.58878133561603,60.25398837817998,600.3340790329014,646.0460325617929
1579,144.7241901230691,60.3279183086562,600.5988923685426,646.5366418369994
1580,144.86760690195842,60.404645826795615,600.8609960508929,647.020146597839
1581,145.0036261320171,60.47807285921374,601.1188742298958,647.4979644361024
1582,145.144619749811,60.55629546215727,601.3758012581278,647.971727325272
1583,145.2875186318436,60.63538138965519,601.6304182901557,648.4420350685376
1584,145.42433775138807,60.70919395114027,601.8938385794274,648.9284869722965
1585,145.5594178908174,60.785228071880944,602.1484306853835,649.4001398825137
1586,145.6931670112897,60.86171374234392,602.4120946272312,649.8845510160806
1587,145.82892394541318,60.93871379884666,602.6787400073192,650.3767168092794
1588,145.97013291597423,61.02033001596968,602.9406798546602,650.8591167212553
1589,146.11239829664905,61.10078847475216,603.2015061346772,651.3377286372902
1590,146.25204738269076,61.18353311056122,603.463312735776,651.8176635622218
1591,146.3931183912881,61.26648160533083,603.7277002398691,652.3049054821621
1592,146.53764669580158,61.35246316915319,603.9903646702925,652.7883387058688
1593,146.67574955488132,61.43570826900724,604.2503235844603,653.2654555182049
1594,146.8168103305631,61.52143029303885,604.5132707715345,653.7492764374902
1595,146.95519773258795,61.60737679400012,604.7746937275563,654.2326379987313
1596,147.09403524394415,61.69022422479343,605.0449750405853,654.7331839131559
1597,147.23748557626217,61.77941538964947,605.3045912624718,655.2144369684414
1598,147.38422136492,61.86946757152536,605.569830041668,655.7075922358903
1599,147.52323370588647,61.95605181424901,605.8313127246272,656.1929544069103
1600,147.66697651050757,62.04525754600003,606.0902008816441,656.6745282936408
1601,147.8109342407405,62.13503264037711,606.3494397730752,657.1591187235873
1602,147.95569021856744,62.22614047513096,606.6100459501126,657.6453128175431
1603,148.09711745466151,62.314949393834674,606.8767721180525,658.1438679897526
1604,148.24003601528548,62.405339168399,607.1418879336256,658.6393776257346
1605,148.38934655277413,62.50017315987273,607.3987829398063,659.1186702229702
1606,148.529217907784,62.59266028408803,607.6512437409817,659.5908858583581
1607,148.67103224978115,62.68489213239664,607.9148321707132,660.0831560598676
1608,148.81316769917348,62.78129415527631,608.1723926429485,660.5638020682474
1609,148.9596360620406,62.87820943076739,608.4322856518231,661.0501880220895
1610,149.1024160727114,62.97341649947998,608.6962819166162,661.5443691015363
1611,149.25043210055492,63.07446867018264,608.9484787452341,662.0169996120052
1612,149.39655748070658,63.17347509834133,609.2062185441188,662.5003557065336
1613,149.54007193114413,63.27425235826694,609.4623101816453,662.9804055335538
1614,149.68530691876285,63.3753082880028,609.7153671116612,663.455370346867
1615,149.83023361017922,63.47532871155595,609.9770896272553,663.9466637393505
1616,149.97676853371684,63.57799952245719,610.2361851144692,664.4331069778874
1617,150.11945556385973,63.67825835771868,610.4932869367065,664.9160701743803
1618,150.27009713837808,63.78151180766593,610.7489606167766,665.394883172726
1619,150.42091236814986,63.88663736270232,611.005241061918,665.8774308539728
1620,150.56882105719856,63.99307749124898,611.2617147443091,666.3596638215693
1621,150.71948299635778,64.09764301144374,611.5175372206364,666.84163742459
1622,150.86755126749867,64.20503315690513,611.7710333072097,667.3195910983994
1623,151.01554205767803,64.31153300551887,612.0288418946242,667.8045957379588
1624,151.16736088384968,64.42289789765861,612.2836586084362,668.2852591542813
1625,151.31438361186605,64.53092161341785,612.5437925762272,668.777085390591
1626,151.46555922170828,64.64193063941292,612.7948993574721,669.2500573771927
1627,151.60965738722456,64.74852243066908,613.0478094243074,669.7271135718513
1628,151.75915636935662,64.86033365162902,613.302862261273,670.2074758574751
1629,151.90639414539405,64.96893479266589,613.5577416516223,670.6866264261342
1630,152.05695102374196,65.08321772027341,613.8148457053203,671.1709755900426
1631,152.2074875104377,65.1953284053475,614.0650874590732,671.6428440965825
1632,152.35689059676594,65.31100917973005,614.327058272441,672.1381181628261
1633,152.50812481888758,65.42810311820223,614.5867458628599,672.6287174274145
1634,152.65976990640905,65.54627056716112,614.8489215886027,673.1239650876365
1635,152.81188262837605,65.66506992291251,615.114155165647,673.6246582290893
1636,152.95951955013362,65.78053925583839,615.3731148410043,674.1136294273616
1637,153.1031056674353,65.89269493115832,615.6262964061652,674.5918921648745
1638,153.25631390356105,66.01483029478871,615.880698844406,675.0727610938453
1639,153.4082954749094,66.13481402173674,616.1357192142565,675.5554278569834
1640,153.56053943479714,66.25624669881925,616.3999051382403,676.0544264519698
1641,153.71381286130054,66.37783403507291,616.6485863885246,676.5240041940301
1642,153.86702830347556,66.50331455556756,616.9008780500618,677.0016980469331
1643,154.01799197859685,66.62419916808466,617.1557316905024,677.48409185279
1644,154.16950835766795,66.74486387643026,617.4126646822558,677.9696051482008
1645,154.3217877912758,66.86695052874892,617.6716044964116,678.4598670674742
1646,154.47122728969842,66.99090697054065,617.933012126344,678.954455755814
1647,154.62100214687408,67.11319455683687,618.1883512059087,679.4370278779857
1648,154.7710509702421,67.23712744570395,618.4444589874213,679.9214930476253
1649,154.91962354865203,67.35762604259905,618.7023697964665,680.4100331238284
1650,155.066255093946,67.47817287525861,618.9589862640227,680.8958752323226
1651,155.2195572769942,67.60278557934555,619.2174217453305,681.3856006418728
1652,155.36893880307233,67.72710004049695,619.4756304743258,681.8745640074867
1653,155.5119816754788,67.84599335702698,619.7290807971254,682.3551101262409
1654,155.6595410031492,67.97003097421268,619.9836576915303,682.8374591318893
1655,155.8078579409495,68.09461550610372,620.2421195273662,683.3275546059615
1656,155.95938222221173,68.22204667563088,620.4925285732701,683.802134577844
1657,156.11359311561262,68.3503551497894,620.7481653883264,684.2868016474057
1658,156.26267695020414,68.47633245330307,621.0001143496892,684.765339661567
1659,156.40993815314698,68.60228634627241,621.2618349178027,685.2624267705
1660,156.5643491550906,68.7344786461655,621.5223492182287,685.7564241633547
1661,156.71092000597724,68.85952339455059,621.7843531306587,686.2537968225372
1662,156.8606759667938,68.98968586440354,622.0396344239363,686.7378393618199
1663,157.00959533850963,69.11815901805107,622.2927613299208,687.2196164859045
1664,157.16013851804615,69.25096369959145,622.5506940234823,687.7111193666092
1665,157.31038985474817,69.38240957760817,622.8077235373532,688.1995180354829
1666,157.46164846266743,69.51621118007017,623.0679774042238,688.6937048636843
1667,157.61063138236244,69.64790053822836,623.317424444964,689.1667303951828
1668,157.7645195569173,69.7860273326799,623.5791971735723,689.6640758576315
1669,157.9177163974745,69.924199822006,623.8328779255125,690.1469128429403
1670,158.07536078635286,70.06567436158898,624.0844888729436,690.6251561375205
1671,158.22943276417894,70.20698198766686,624.3385916882711,691.1089993368641
1672,158.38297897551573,70.34945973058963,624.5948463814865,691.5969287070857
1673,158.53889483763993,70.49231946325321,624.8493922910908,692.0812717756572
1674,158.6978018577214,70.63799179434312,625.1025974626788,692.5624876484327
1675,158.85224008500342,70.78020691163768,625.3600069468123,693.0505932503117
1676,159.00142172057568,70.92075701906121,625.6192403735997,693.5440549781783
1677,159.15710785931276,71.06589083726492,625.8745758564671,694.0294372409486
1678,159.31427080562415,71.21404395852943,626.1313741162696,694.5186844251255
1679,159.47149099613665,71.36251334122683,626.3830762562773,694.9980787717743
1680,159.62646457550224,71.51045606695187,626.633920683386,695.4747748197176
1681,159.7835339580313,71.65831465503673,626.896874986815,695.9758153648633
1682,159.93635734267292,71.80329198518206,627.1545628814546,696.4666968332311
1683,160.09198019577576,71.95123187659215,627.4150616477222,696.9628563645097
1684,160.2532462005741,72.10498792761516,627.6695623394542,697.4481782747306
1685,160.40847968832787,72.25384448272119,627.9274689304203,697.9403085738619
1686,160.5623428601836,72.40114404991502,628.1882201882661,698.4363754864811
1687,160.72480063362408,72.55693494117641,628.4455710105831,698.9267933726077
1688,160.8827045170333,72.7086701175162,628.6997394127272,699.4104753734712
1689,161.0409352694112,72.86210255048391,628.9538428753065,699.895540237376
1690,161.1957364651125,73.01238122434123,629.2094118375504,700.3830631553773
1691,161.34892926927034,73.16310354284154,629.4652652551588,700.8717335627098
1692,161.50393045622812,73.31846386273975,629.7288846684085,701.3747519117547
1693,161.6646774842819,73.48019120381048,629.9849545843497,701.862952079146
1694,161.81770790043512,73.63244418058615,630.2398428294093,702.349856709021
1695,161.97857556281457,73.79327003649162,630.493705372225,702.8340657366891
1696,162.13313701645615,73.9463542434985,630.7452971408799,703.3140540918721
1697,162.28650237312422,74.09945044940123,631.0005305130652,703.802225215471
1698,162.44430848185715,74.25646006142314,631.2546049235908,704.2869906649877
1699,162.60301251576175,74.41600824352642,631.5054605409644,704.7660698874046
1700,162.7559373208306,74.56921381722934,631.7647414386013,705.2623418542759
1701,162.90672490972906,74.71821233370733,632.0143536947776,705.7394493890571
1702,163.05850746422394,74.87146453669868,632.2646273395113,706.2176086785445
1703,163.21183690321124,75.02560419225992,632.5183019867355,706.7019141429927
1704,163.36502714277458,75.17959045567757,632.7778386718303,707.1981938496185
1705,163.51895132894197,75.33473252812527,633.0359266507271,707.6903794539347
1706,163.66826414029023,75.48450825389261,633.2909143468512,708.1767606057788
1707,163.8177916253331,75.63288595494151,633.5503322949615,708.6718813942135
1708,163.968332425003,75.7827828251486,633.8109039207781,709.1693650263107
1709,164.112385148167,75.92416062235488,634.0644343603527,709.6535027802879
1710,164.25858110125154,76.0708358348011,634.3199756820076,710.1420217900421
1711,164.4026802083032,76.21593812504163,634.5763869816772,710.632681885766
1712,164.54842803194794,76.36284447810114,634.8291204571038,711.115016132465
1713,164.6938435920196,76.50993416358445,635.0870317492361,711.6093554512737
1714,164.8420916538999,76.65813614697089,635.3440045438945,712.1004177521336
1715,164.98425301318076,76.8011654190705,635.5969604757236,712.5830498771203
1716,165.12688053047026,76.9455258379949,635.8597870989904,713.0876070555785
1717,165.27192780672,77.09368046110306,636.1155090799701,713.576546894625
1718,165.4163194585741,77.24322167209894,636.3670175767513,714.0572762527883
1719,165.56143638896438,77.3919340146185,636.6265662158287,714.5524538665759
1720,165.70553437543006,77.5410149769164,636.8830344115033,715.043279579352
1721,165.8538097648023,77.69421031553283,637.1358831590964,715.5281332541764
1722,166.00387011843597,77.85038199123065,637.3908186910023,716.0153383578997
1723,166.1531525368174,78.00557414856185,637.6487575508011,716.5106992433227
1724,166.30316065443728,78.16131661887957,637.9098303089768,717.0086551086308
1725,166.45568145245437,78.31884651792147,638.1635265239092,717.4954444814134
1726,166.60067105433245,78.47131336045551,638.4166198767144,717.9788079763129
1727,166.74179985709847,78.61682355946148,638.6702666213924,718.4650985108374
1728,166.8889335538961,78.7668672308527,638.9233311622378,718.9501723812114
1729,167.03243087353502,78.91309827115562,639.1827132624041,719.4464601280597
1730,167.17480243261383,79.05736598213416,639.4308805911542,719.9213525608485
1731,167.31014198098347,79.19556321412077,639.6902256606173,720.4190926458215
1732,167.4447595909566,79.32994030039232,639.9491732623285,720.9161370109325
1733,167.57243954206854,79.45618978141471,640.2074313357396,721.4118655211328
1734,167.70323114968463,79.58430339238434,640.4614376315583,721.8983941975591
1735,167.83145712846985,79.70893672805404,640.7173900979135,722.3894046212965
1736,167.95476744669574,79.8248486846254,640.9744612881198,722.8827160344932
1737,168.07523874339262,79.93909440533356,641.2278230460681,723.3676315821525
1738,168.1979454514846,80.05221945165907,641.482153926698,723.8545305408768
1739,168.31596233378465,80.15995349237784,641.7396394940833,724.3486040316787
1740,168.42148033663048,80.25618071030277,641.9927322904698,724.8344982083123
1741,168.53540475621224,80.35835378724504,642.2523056237967,725.332767704316
1742,168.64080170115784,80.45053994970297,642.5150752168107,725.8376043378712
1743,168.74574849996404,80.54315243520537,642.7682915782327,726.324104320722
1744,168.85321488067413,80.63906124529257,643.0253681365482,726.8171164040024
1745,168.96108605076745,80.73194179687196,643.2861658812454,727.3169514076742
1746,169.07145915273057,80.82899538498289,643.5416039173218,727.8066938450572
1747,169.1744147488223,80.9213105670183,643.7996385289579,728.3013904817496
1748,169.2786764944877,81.01507124699195,644.0480284994294,728.7771688237902
1749,169.3897240137263,81.11590488490458,644.3038760545129,729.2683464971858
1750,169.4986106180961,81.21587151555904,644.5625050214887,729.7655052443253
1751,169.61413777578457,81.32313207354412,644.8223908706694,730.2617786257282
1752,169.72811660679196,81.43030473933767,645.0820331354267,730.7601008599386
1753,169.84750584745598,81.5446672480167,645.3332560118228,731.2423895333667
1754,169.96980532083583,81.6647705093224,645.5901493653612,731.7356455266124
1755,170.0893010137142,81.78307925791668,645.8419810086349,732.2193174886344
1756,170.21596468500607,81.91207614839517,646.1047651692826,732.7226792984486
1757,170.3432996700928,82.04101365908816,646.3660398304388,733.2241535177586
1758,170.47058338571694,82.17236639811503,646.6210639402545,733.713985994023
1759,170.5996681167781,82.30616397489533,646.8785095117953,734.2073736668583
1760,170.73051650675666,82.44281151044032,647.1404040203199,734.7104131765748
1761,170.85929952602766,82.57764554844368,647.3977868622835,735.2036016804021
1762,170.99249092335063,82.71863796285481,647.6503404806949,735.6876743993085
1763,171.13114634973823,82.86520744444095,647.9127682598368,736.1916524296928
1764,171.26563508903934,83.00816069797249,648.1711990675504,736.6867185510906
1765,171.39868664604592,83.15104446120607,648.4274017330081,737.1790407695814
1766,171.5325125698012,83.29588504358385,648.6811708395708,737.6679713614029
1767,171.66835163504513,83.44500417653212,648.9367106794874,738.1587807477557
1768,171.80702160534366,83.59721655909765,649.1880600482622,738.642495812673
1769,171.94619300673833,83.74896889230632,649.4444009024438,739.1353570053633
1770,172.08361726316883,83.89847199761505,649.7014727237095,739.6299108409855
1771,172.2231703034095,84.05163528906108,649.9620250567978,740.130733469608
1772,172.35774532216294,84.20071142133804,650.21304267325,740.6154003605197
1773,172.4943258680271,84.35204003445712,650.4685061951761,741.1071224659781
1774,172.62916650257873,84.49870743680813,650.7251722975996,741.5996214856787
1775,172.77172552137242,84.6559156170504,650.9769966476896,742.0837382040943
1776,172.9068870865485,84.80257839920377,651.2275051375414,742.5649040789837
1777,173.03904210789614,84.94802751250073,651.4830906328178,743.0559223523069
1778,173.17813209683612,85.10249868987363,651.7413509518636,743.5541147532565
1779,173.3153999869342,85.25591128563912,652.0042849933309,744.0604292015316
1780,173.45016922308324,85.4042408797935,652.2613487317701,744.5553010177362
1781,173.58354928525188,85.55183807672395,652.5203001914667,745.0544952749486
1782,173.71472087668732,85.69488092346903,652.774801538985,745.5452039869994
1783,173.8439009481933,85.83470123679538,653.0352917514821,746.0473679269435
1784,173.9734545964396,85.97427553078168,653.2938462117985,746.5457207303854
1785,174.09869509007677,86.10735164918913,653.5529695257957,747.0436209059238
1786,174.22323991802608,86.23806558328688,653.8090219723689,747.5352739810814
1787,174.34322275593922,86.363270255248,654.057916076881,748.0142888364323
1788,174.46328547682566,86.4887835629631,654.3109877429227,748.5002722307098
1789,174.57767901996897,86.60824284175544,654.5698187856647,748.9979765805839
1790,174.69597994932423,86.73149564739315,654.832204301153,749.5015283195116
1791,174.8154643560874,86.85528602623961,655.0826887973706,749.982422256961
1792,174.93398042557985,86.9783996799987,655.3403159438775,750.4768391666182
1793,175.05062105519733,87.09936432574891,655.5976435073534,750.9707605715236
1794,175.1670547799186,87.22067681366089,655.8577522977885,751.4690169124747
1795,175.28462239026211,87.3438080743816,656.1129428104587,751.9587360319222
1796,175.40474633096866,87.46845998003448,656.3711487627445,752.4540566702059
1797,175.5241880649494,87.59480799581887,656.6350621682961,752.9617568937199
1798,175.6446717252498,87.72421380035419,656.8966839719373,753.4622667806443
1799,175.76794470719483,87.85597861189396,657.1571557673061,753.9628892542584
1800,175.8893038356815,87.98655538484373,657.4178923685926,754.4623213148172
1801,176.007251945108,88.11171577168368,657.6731093158878,754.9513259990186
1802,176.1218088639089,88.23432790018322,657.933898608258,755.4512557705252
1803,176.2440865986253,88.3628431191246,658.1990259870895,755.9589251925447
1804,176.3606391462694,88.48615128460237,658.4609480777622,756.4607113919247
1805,176.47295483577858,88.60477549712785,658.7266012049894,756.9660378843336
1806,176.58509018870478,88.7232442504215,658.9782831819745,757.4435113493552
1807,176.69790824442077,88.84083879085343,659.2401737444852,757.9430356071819
1808,176.81296005884855,88.95982632113407,659.5010962381663,758.4395131887071
1809,176.92232220350064,89.07329578392986,659.7689420214097,758.9493718523104
1810,177.0349170803001,89.18766176792525,660.0325066492926,759.450183263297
1811,177.14419917833854,89.29835395605406,660.2999893398047,759.9616272676735
1812,177.25331461170987,89.40888528826524,660.5629975358723,760.4631751859015
1813,177.35669981295732,89.51168756408302,660.8279891347931,760.9675880001811
1814,177.4575756607622,89.61225429397983,661.0896115542176,761.4656414732406
1815,177.56260485096283,89.71458762768735,661.3490209440531,761.9616599749123
1816,177.6660573303039,89.81614079070381,661.6051394918471,762.4523125179657
1817,177.76420419800075,89.91224695719727,661.8645692541324,762.9492933917936
1818,177.86007841244046,90.00491322347396,662.1240794388843,763.4455472239044
1819,177.9579339965117,90.09928713704272,662.3814763732603,763.940037329255
1820,178.0540685300792,90.19096653652936,662.6375974656397,764.4322035171531
1821,178.15114937353266,90.28424352313566,662.9007535659815,764.9382215535226
1822,178.24860616996733,90.3772937797988,663.1568416554952,765.4314762228163
1823,178.34127696605972,90.46711492681432,663.4212506042646,765.9397502165625
1824,178.43627189241303,90.55742084421058,663.6797011526171,766.4372967650183
1825,178.5314314393208,90.64813478321408,663.9359330573718,766.9300383729714
1826,178.62702856867062,90.740435064153,664.191181073145,767.4230984312381
1827,178.72224767321782,90.83170892232856,664.4523951947496,767.9258932801027
1828,178.8178301517666,90.92330281391884,664.7136791422863,768.4286966298661
1829,178.91545025967773,91.01804087758777,664.9729999766031,768.9269168804433
1830,179.01387473391847,91.11321398386008,665.2341332996048,769.4296409322733
1831,179.10848689859796,91.20629724097635,665.4954897487801,769.932908430798
1832,179.20517720954882,91.29970248506577,665.7546202005956,770.4296450382916
1833,179.3039054819509,91.39627442239316,666.0156984793616,770.930621055646
1834,179.39974820719254,91.48910253948536,666.2701654223181,771.4202313508226
1835,179.49436796120742,91.58115396459328,666.5348228025427,771.9276771991671
1836,179.58842063958383,91.67309477453526,666.7990689048895,772.4357395143942
1837,179.682748754159,91.76362849792515,667.0569064759271,772.9303287810772
1838,179.78020946410155,91.8591117095048,667.3185734155678,773.433456492522
1839,179.87467520159316,91.95120072319928,667.5763141704218,773.9292211558092
1840,179.97325874377543,92.0474249475356,667.836331301721,774.4300086949495
1841,180.06957760363662,92.1427739336292,668.0940673301909,774.9266121749721
1842,180.16515656013044,92.23766732911253,668.3567755949864,775.4332081574933
1843,180.26137608074345,92.3337347813884,668.6173539843666,775.9367933794701
1844,180.360519895296,92.43236423817996,668.882828743377,776.4486506868227
1845,180.4564830014578,92.52820879799668,669.1353012062713,776.9351471088241
1846,180.55519668773903,92.6274430840397,669.3899189501816,777.4272269103596
1847,180.6565750239861,92.72949716150448,669.6462272081873,777.9212216828878
1848,180.7524507712965,92.82676685219272,669.9061389545894,778.4241709501786
1849,180.84969096799128,92.92569547996284,670.1612504647048,778.9174861795651
1850,180.94718652689488,93.02280644761942,670.4214231790081,779.4212905785206
1851,181.04128398699805,93.1170578314273,670.6841459224509,779.9285811482848
1852,181.1337406316984,93.20799589431144,670.9470625946338,780.4368760336985
1853,181.2283105601942,93.30055678652543,671.214097528274,780.9544101907662
1854,181.3212560300242,93.39207265030667,671.4764706961689,781.4625502417742
1855,181.41055520156107,93.48036805991543,671.7341951412291,781.9607001890014
1856,181.50087421449285,93.56893894973696,671.9937100313639,782.4637522570479
1857,181.58694289495867,93.65320962206437,672.2468314863755,782.9535100629383
1858,181.6773524140797,93.74184275952928,672.5034653320266,783.4508814007366
1859,181.76889227925557,93.8323520662139,672.7615296469196,783.9503637788064
1860,181.86129714745093,93.92362812781332,673.0239349385381,784.4588314560748
1861,181.9517403858609,94.01199529766389,673.2820585712618,784.9582139026872
1862,182.0423172743045,94.09941090113864,673.5397322716858,785.4568088376434
1863,182.13309170448588,94.18888771242312,673.7990440334396,785.9588472855535
1864,182.2216289411876,94.27598971816684,674.058104792094,786.4611956392113
1865,182.3096750102968,94.36201279103204,674.3185937285386,786.9665079356273
1866,182.39989975689133,94.45072917909154,674.575240963577,787.4626449501861
1867,182.48777340825487,94.53604935977388,674.8417068100432,787.9785757774603
1868,182.5757425734826,94.62134890842276,675.0994963601664,788.4781121102192
1869,182.66175375877543,94.70514157834658,675.3499742992833,788.9635049202795
1870,182.7473921512532,94.78923003725689,675.6170026470082,789.480478577952
1871,182.83369766466615,94.87312935179182,675.8758413382715,789.9825886663687
1872,182.9196332270444,94.95742248503636,676.1337839455657,790.4827500154615
1873,183.00456787783008,95.0397389866669,676.389877104539,790.9776936136221
1874,183.0938150756599,95.12706855597712,676.6472768924104,791.4773782925935
1875,183.1788432556864,95.21118858702744,676.9044110582036,791.9764637952992
1876,183.2692374311469,95.30071995953892,677.163684052054,792.4778055125303
1877,183.35744010149227,95.38763045557006,677.4185108439867,792.9721932385406
1878,183.44355485899612,95.47364906533572,677.6758942610693,793.472826308105
1879,183.53295492103,95.56316856351089,677.9249957647235,793.9565390012884
1880,183.6188246955645,95.64948024579677,678.1788059413318,794.4491460283239
1881,183.70869030419044,95.74120777440922,678.4343993583445,794.9449280259837
1882,183.7960950771249,95.82828082747297,678.6916006946005,795.4442819969754
1883,183.88639167567231,95.91878518348702,678.9582621767793,795.9608730003907
1884,183.9734201499741,96.00544308390567,679.2113195860336,796.4533419076259
1885,184.06299503667137,96.09586009069936,679.4676975900343,796.9513051281716
1886,184.1456251215404,96.17871758027702,679.7294711095757,797.4606935298928
1887,184.23402318799992,96.26709957984706,679.9860075888607,797.9600073611883
1888,184.31959271687973,96.35356608528387,680.2359312822234,798.4472981423019
1889,184.40986329949112,96.44385942009896,680.5004239870832,798.9612362644402
1890,184.49896782351652,96.53360618805982,680.7642035825214,799.4738963189017
1891,184.5863422223651,96.62089252930669,681.018803089218,799.969203431453
1892,184.67114378816063,96.70682934107552,681.2769114246539,800.4703084193062
1893,184.7573286221748,96.79361058935784,681.5354115304269,800.9738602826823
1894,184.843430340654,96.87919411380165,681.7944304006104,801.4758095854252
1895,184.9303193935252,96.96688706702028,682.0581030982827,801.987650188778
1896,185.01470120193136,97.0503003187328,682.3256123120849,802.5061443331695
1897,185.0981241201977,97.13289034009348,682.593668777725,803.0272108512252
1898,185.1829043883173,97.21661902427164,682.8548703578615,803.5318793628916
1899,185.2688376752297,97.30211293330116,683.1040664237,804.0125515233675
1900,185.3532444159906,97.3856783933958,683.360490480871,804.5081236446457
1901,185.4362577673876,97.46869211105118,683.6183914440196,805.0057999135953
1902,185.5211539384623,97.55247207124458,683.8830951140164,805.5177802398979
1903,185.60268070342823,97.63317508593664,684.1456369709821,806.0245496856918
1904,185.68456741297936,97.71363260654566,684.4078077040901,806.5301613455887
1905,185.76795071582825,97.7952892749718,684.6652170010218,807.0257763383709
1906,185.84938369423352,97.87444824690871,684.9293129723267,807.5347991637772
1907,185.931537128824,97.95372335040526,685.1924201420663,808.0408834678727
1908,186.0118199847753,98.03325277660296,685.4533106326821,808.5433750774336
1909,186.09441453393464,98.11413501247132,685.709780167176,809.0352546727252
1910,186.17639144838176,98.19426348904072,685.9710684348356,809.5346686347561
1911,186.25950024625573,98.27571720215062,686.2366363456483,810.0468361182166
1912,186.3426217335288,98.35757110940376,686.5028749546478,810.5605968262383
1913,186.42644978055125,98.43962691981716,686.7687202986933,811.0702665678409
1914,186.50490100479905,98.51757498350764,687.0388350501297,811.5906411380984
1915,186.585123418176,98.59666790791944,687.3048906392423,812.1013724011374
1916,186.66428789238597,98.67483655317226,687.5627759433826,812.5971731595578
1917,186.7435538261089,98.75296131911308,687.8228464674156,813.0971155032756
1918,186.8229745210313,98.83174549669462,688.0808327547624,813.5907237744144
1919,186.90206167334185,98.90994441817551,688.345810534038,814.0990228959943
1920,186.9820911108181,98.98961623400754,688.6138279138673,814.6108745193802
1921,187.06143934160008,99.06824035769594,688.8755810094342,815.1127418105807
1922,187.14296473231747,99.15014294441812,689.1421605700209,815.6243328321317
1923,187.2252076413632,99.2325809231157,689.4000652764595,816.1171327517633
1924,187.3078724854986,99.31444524734084,689.662616371688,816.6211701227897
1925,187.390869008898,99.3977462968114,689.9243888569251,817.1237620515561
1926,187.4728629302525,99.4806681415454,690.1901244987469,817.632806332547
1927,187.5491612990871,99.5554617000678,690.4492439182324,818.1291940500131
1928,187.6308404870718,99.63616774277708,690.716546537498,818.6428311706471
1929,187.7109963555617,99.71662865558564,690.9826604668036,819.1527811877161
1930,187.7878197297441,99.79428151088064,691.2492360228341,819.6663897369929
1931,187.866879208094,99.87360461061496,691.5124756984252,820.1740711615638
1932,187.9438975037344,99.95242824152592,691.7760171860726,820.6829846229717
1933,188.0228845832008,100.03127275774992,692.0402050339269,821.192746968019
1934,188.10349507814945,100.11233070688156,692.2997286739306,821.6963749208119
1935,188.18264526504112,100.19232586943882,692.5619964241807,822.2055044857622
1936,188.25955763381103,100.2708619362831,692.82974696496,822.7246050751336
1937,188.33705135830277,100.3497864080796,693.0821710196058,823.2144255187646
1938,188.41977199868788,100.43155845435746,693.3411716272262,823.7177723524446
1939,188.49825620205544,100.51102216126176,693.5987400590159,824.2181804172551
1940,188.57336430519376,100.5865667757976,693.8548850392962,824.7162332726624
1941,188.65365640519724,100.66788866018172,694.1088899531477,825.2105742694923
1942,188.7353957210659,100.74949331365106,694.3636555839214,825.7060720800392
1943,188.81548211651835,100.83113608206152,694.6207760531395,826.205579765846
1944,188.89478095064504,100.9115798782179,694.8749411288203,826.7000412111357
1945,188.97441411862357,100.99209630171543,695.1365228756922,827.210157072665
1946,189.05821615784416,101.07707471608803,695.3881322041439,827.7007587870866
1947,189.1398125417672,101.15984748922476,695.6495864739367,828.2104911014125
1948,189.21842295734868,101.2398004322026,695.908860474394,828.716334665539
1949,189.29634334139743,101.3197212785764,696.170943616499,829.2262843197739
1950,189.37646464583764,101.4010020869862,696.4285767241024,829.7280021671583
1951,189.4532322757425,101.47890753246467,696.6834100888136,830.226666697298
1952,189.5298428780226,101.55719941717184,696.9368331329221,830.7228035883356
1953,189.6076581252577,101.63618290420324,697.1951265024961,831.2266184725547
1954,189.68263929693163,101.714001401847,697.4563645613173,831.7379158693236
1955,189.76222277537997,101.79656150602418,697.7201157923058,832.2529644569304
1956,189.83824091977232,101.8752191013319,697.973634347326,832.7489432696326
1957,189.91650375412704,101.95633903026253,698.2327579490576,833.2550202811261
1958,189.9997429066648,102.04133803564648,698.4921285969448,833.761018123401
1959,190.0805233828882,102.124175771548,698.7488154961934,834.2628365819792
1960,190.1603492373871,102.20633183654115,699.0067742643862,834.768903003731
1961,190.24037692975716,102.28854255460143,699.2664618120677,835.2773393396245
1962,190.32323131733784,102.37392563285412,699.5228446656812,835.7795289571168
1963,190.3972329458512,102.45052137442444,699.7804914205728,836.2839140081476
1964,190.47368763292317,102.52842564267844,700.0376378830504,836.7869511496461
1965,190.5480167403329,102.6029781085006,700.2982785417205,837.2980070930606
1966,190.6214259616721,102.67802372849718,700.5562250878417,837.8030270093892
1967,190.6914355414662,102.7484600381792,700.8088493248904,838.2963550234199
1968,190.7709380246932,102.83048435600128,701.0632862647643,838.7944268779014
1969,190.84195385882956,102.90338144106688,701.3214930938594,839.2985215404553
1970,190.91348842211997,102.9756563686278,701.5798211135844,839.8044189241986
1971,190.98069367095988,103.04303464663197,701.839995108626,840.3138737467956
1972,191.05054943639425,103.11300985937189,702.0938528343506,840.8120040138461
1973,191.12139897060348,103.18376841889976,702.3529518994443,841.3189083425973
1974,191.1881021750779,103.25004118702032,702.6124936584152,841.8272841870174
1975,191.25288490235343,103.31406086275884,702.8740669861712,842.3405694156611
1976,191.31815448739985,103.37833306533024,703.1311208060486,842.844768395345
1977,191.3815541314688,103.43972127124582,703.3862897786628,843.3447100267808
1978,191.4422235370492,103.4971541454911,703.6451297916508,843.8526360723571
1979,191.5034677019678,103.5553689672326,703.9001892771595,844.3519025627959
1980,191.56463429534284,103.6137487403563,704.1631319693508,844.8680281492989
1981,191.6228064269511,103.66793738146605,704.4187274084363,845.3694364240125
1982,191.6791912656392,103.7205863404428,704.6670311221903,845.8560426489631
1983,191.73214220756,103.76798184324576,704.9195641880387,846.3511170637012
1984,191.78575975739088,103.81659464991108,705.1705466703006,846.8421579767409
1985,191.8379244309401,103.86307972535448,705.4305241293547,847.3507258068896
1986,191.8867809504408,103.90648458709497,705.6867808020727,847.8544427367364
1987,191.9382294800684,103.95010514937955,705.9434496659594,848.3579260808175
1988,191.9888505172553,103.99187785235922,706.2002388619351,848.8622228527918
1989,192.0363300818432,104.03022255895108,706.4622153638758,849.3753662483575
1990,192.08341472984677,104.06786837895096,706.7171471619366,849.8741219205858
1991,192.13171297484752,104.10616056269764,706.9762385995457,850.3817204538685
1992,192.17597208362608,104.14136774151626,707.2341675740024,850.8885598922392
1993,192.2212521985856,104.17892001404108,707.4870769095303,851.3843889797037
1994,192.26559375297973,104.21517480916827,707.745830369905,851.8915855909031
1995,192.31259846054076,104.25535443620936,708.0080890643796,852.407410932631
1996,192.36059089492068,104.2954893795123,708.2706313614968,852.9225797763452
1997,192.412852665018,104.3404319948172,708.5302935747957,853.432092076917
1998,192.46530939757457,104.38709328277878,708.7852887638796,853.9323688413325
1999,192.51639682041213,104.43328361482286,709.0423834383303,854.4378538830599
2000,192.5707552416599,104.4824205662704,709.2930918683539,854.9309074021297
2001,192.62930115712965,104.53691633505618,709.5503184636367,855.4353164343519
2002,192.68612462048844,104.59097059726308,709.8144693309441,855.9553168052342
2003,192.748959618039,104.65049488098364,710.0740934916596,856.4647744650483
2004,192.8084419318232,104.7080546442114,710.3300573574086,856.9670481956352
2005,192.87192174045052,104.77005606629558,710.5893560539613,857.476580121026
2006,192.9374855892614,104.83424603525714,710.8520977679666,857.9930898803387
2007,192.99829381550367,104.89489185909598,711.1169602977745,858.5137651042988
2008,193.06474238285324,104.96199642462793,711.3773090093844,859.0253386179352
2009,193.13675112999084,105.03562762669505,711.6391265492339,859.5407519989461
2010,193.2072058530287,105.10737940105666,711.8957490285648,860.0461501032681
2011,193.27571995921352,105.1786652339677,712.150613372296,860.5460266652964
2012,193.34659595175185,105.25107636907453,712.4101957893993,861.0566959739432
2013,193.42121662306187,105.32756510019286,712.6715412387226,861.5691337970172
2014,193.49506194586883,105.40514896921758,712.92817223433,862.0740137962599
2015,193.57437224644096,105.48772824244962,713.1894608361504,862.5877733126264
2016,193.64822814397343,105.56558778251151,713.4445894228027,863.0902144885675
2017,193.72399868966215,105.64584091054049,713.7024654039687,863.5966916334019
2018,193.79935700600896,105.72578769395366,713.960486921532,864.103706071034
2019,193.8745561966786,105.80527682278988,714.2241326191895,864.6227038439044
2020,193.950528263466,105.88490021089316,714.481272461687,865.1278208718694
2021,194.02410890943707,105.9629062362472,714.7387589501545,865.6351130441245
2022,194.0999326539936,106.04356492015188,714.9907658834866,866.1303158924101
2023,194.1736370872838,106.12284595791522,715.2491293737081,866.6401479499426
2024,194.245510839181,106.197805355878,715.5127426954908,867.1577299028418
2025,194.3146039877208,106.26825231264682,715.7637101893081,867.6518709724701
2026,194.38072580300064,106.33531317476302,716.0153505189376,868.1454142130684
2027,194.4446688454288,106.39861614746005,716.2695503397299,868.6446985901415
2028,194.51082636442385,106.46404592032944,716.5307460733527,869.1589835081518
2029,194.57296770360665,106.52553084957712,716.7953792170539,869.6795788439609
2030,194.636630742066,106.58676084719175,717.0487692786055,870.1795696757678
2031,194.69848544623304,106.6469118018414,717.300337469269,870.6740379234847
2032,194.7563724556829,106.70397014386684,717.5625966269847,871.1911756474144
2033,194.81693847826145,106.76326973330744,717.8253165044395,871.7076043228725
2034,194.87782372802857,106.82313441614828,718.0858871263794,872.2210955319745
2035,194.93783774388623,106.8817933765174,718.3438738348498,872.7274074388604
2036,195.0002471056493,106.94338994032016,718.6041324583748,873.2407797247723
2037,195.06121914745955,107.00410197490235,718.8639979127572,873.7544964962168
2038,195.1226276423157,107.06530827515012,719.1291095365009,874.2771824805908
2039,195.18451632311883,107.12692801691232,719.38475718295,874.7818127515746
2040,195.24535170111503,107.1856992882049,719.6498440939117,875.3038539917028
2041,195.30542655447945,107.24481091230268,719.91104292767,875.817267505188
2042,195.3652701157245,107.30300742995476,720.1621827225732,876.3110782246978
2043,195.4251444902497,107.36065850175824,720.4162641588496,876.8109770539977
2044,195.47792997582417,107.41202807619192,720.6712730927052,877.3131787656425
2045,195.5301146889333,107.46113434708472,720.9298261995457,877.822194091799
2046,195.58157158880127,107.50783199465972,721.1812843658397,878.3180839487877
2047,195.63475001452863,107.55560571477542,721.4367528636914,878.8206659881009
2048,195.68320306979615,107.5987267090144,721.7015795138234,879.3425723435856
2049,195.72972469302164,107.63864094252862,721.9581383583835,879.8485979918615
2050,195.77452068238296,107.67543389593256,722.2139882492609,880.3527039332336
2051,195.81919642560516,107.71122384994058,722.4783896269931,880.8747639428439
2052,195.86239105135377,107.74494733837808,722.7336681293096,881.37745488941
2053,195.9036605952918,107.77693889393804,722.9913362650487,881.8855728645448
2054,195.9461058441712,107.81032592829985,723.2511468180498,882.3976104767286
2055,195.9867753119624,107.84120843644196,723.5115185931749,882.9098700345944
2056,196.02650230495615,107.87123218688276,723.767089297687,883.4129367701278
2057,196.0665285851423,107.90102247415864,724.0236927235413,883.9178710608425
2058,196.1044655816335,107.92918143196368,724.2867273135474,884.430822124559
2059,196.1444165076051,107.95791526779593,724.5465190751911,884.9372476390149
2060,196.1820879274645,107.98523270731792,724.8046999921428,885.4393170078795
2061,196.22235288802895,108.0153470131048,725.0650442635251,885.9424174519223
2062,196.2608144679104,108.04342608731729,725.3283441855417,886.4535266205386
2063,196.2997800436716,108.07207147413672,725.5925135890252,886.961471828807
2064,196.33788389765095,108.09992833552842,725.8581452846394,887.4708756253216
2065,196.3770314922453,108.1288932428058,726.1180763455103,887.9697547777777
2066,196.4126412976321,108.15562017432772,726.3864738885943,888.4843505493658
2067,196.45209706995948,108.184489533718,726.6491232197925,888.9857435167847
2068,196.48724333906728,108.21007007061624,726.912129303741,889.487572951097
2069,196.5242078885098,108.2367466312164,727.1722887016315,889.9845978321545
2070,196.562986452608,108.26514551367082,727.4305775426708,890.4739945655916
2071,196.60563016045205,108.29649915115333,727.6962056299208,890.9783701468343
2072,196.6470436340369,108.32772601873242,727.961767140263,891.4793613683787
2073,196.68498319351775,108.35520754643822,728.2239692918879,891.9742170563666
2074,196.7222851473977,108.38244020102664,728.4844920719368,892.4675837117026
2075,196.76289283764373,108.41148729054548,728.7491479321923,892.9626304666393
2076,196.7986951639409,108.43827927494428,729.0163732223857,893.4658420303911
2077,196.8386771362241,108.46738748679958,729.2781047280271,893.9591991938597
2078,196.88064166527172,108.49777031203207,729.5498229997503,894.4730852130701
2079,196.91790873807275,108.52548529910035,729.8170406374365,894.9775909903682
2080,196.9562494214244,108.55446245861154,730.0740899942759,895.4599574268408
2081,196.9954658596113,108.5838635288112,730.3363614528124,895.9551631961824
2082,197.0354013288801,108.61394338180423,730.6054575826664,896.4579641259974
2083,197.07485201475225,108.64396233621824,730.8764762630817,896.9693496550144
2084,197.1167001826205,108.67550880258126,731.1456755635074,897.476609952947
2085,197.15786643258235,108.70711833780544,731.4064225603126,897.9678019320405
2086,197.19627107512684,108.73633835636576,731.6772847005827,898.4785044809186
2087,197.23518573585952,108.76588664123273,731.9403371544411,898.9733312828146
2088,197.27331701628376,108.7949085470817,732.2086688549888,899.4794438053653
2089,197.31218593651224,108.82495260121794,732.4786121975893,899.9899736866518
2090,197.3540632194808,108.85666617063788,732.7429696952262,900.4898143982963
2091,197.39695765615463,108.88937599778106,733.0125996311087,900.9961363977056
2092,197.43854893183888,108.92088692461536,733.2798570999115,901.4994303146888
2093,197.47594294698584,108.94973192480634,733.5449262401669,901.9973539182672
2094,197.5166725225381,108.9802032208211,733.8102222398453,902.4952732113788
2095,197.55677250552196,109.01078344860456,734.07859285888,902.9991936313272
2096,197.5949600080378,109.03907489069098,734.3407125402857,903.4958215782948
2097,197.63243945468645,109.06669107824702,734.6098985105397,904.0035717563424
2098,197.67390298805185,109.09725834198927,734.8770524962694,904.5072622212732
2099,197.71023354889556,109.12420615450505,735.1414010922942,905.0016438798594
2100,197.75038897941923,109.15370846868692,735.411976600896,905.5131916710218
2101,197.78958976658765,109.18266822436208,735.6775361182375,906.0124111326264
2102,197.82588365365223,109.20938302682292,735.9420336135328,906.5100145479444
2103,197.8626445279664,109.23628550172238,736.216607261705,907.0258076080908
2104,197.89601246792492,109.2612057004607,736.4882850230312,907.5378425404664
2105,197.9328369869006,109.28813806289548,736.7562052322597,908.044105840232
2106,197.97242920460295,109.3161607257599,737.0188224836954,908.5355270927864
2107,198.01055588307744,109.34427403138233,737.2799888341162,909.0264676347856
2108,198.0474467879132,109.37106172735362,737.5415272484558,909.5169131189152
2109,198.08239352651677,109.39694839258074,737.8036797594614,910.0129140517907
2110,198.1198278983739,109.42382345130903,738.0675311660416,910.5090307187452
2111,198.15427746494532,109.4485685556274,738.3350725724933,911.0142123823392
2112,198.19173653263272,109.47577383851544,738.6088882682961,911.5303442827712
2113,198.22847797400456,109.50316880458745,738.8736704244839,912.0315482380556
2114,198.26618076530704,109.53059164325543,739.1369302016255,912.529820394996
2115,198.30342493625744,109.557813569442,739.3967957202167,913.0167660008216
2116,198.3409604763989,109.5855054451978,739.6673990122162,913.5292621745508
2117,198.3778335524811,109.6120246664996,739.9331744335052,914.0329436003246
2118,198.4151889902522,109.6388874315581,740.1962276091715,914.5300037399234
2119,198.4519606536674,109.66571661396014,740.4575787253272,915.022793450648
2120,198.48938063927795,109.69311966654284,740.7259749443471,915.5295316687924
2121,198.52489740981807,109.71894145645048,740.9941246450479,916.0366989548986
2122,198.5642987828409,109.74731219582289,741.2567956234675,916.5329160505374
2123,198.60181101737135,109.7746278960094,741.5196044528846,917.0285124405164
2124,198.638758680308,109.80178731025832,741.7805152519115,917.5218202904132
2125,198.67559743367624,109.82864353255778,742.0491985001089,918.0293838637284
2126,198.7134021968228,109.85687959468844,742.3152057573398,918.5308605784064
2127,198.75140512207292,109.88492873692935,742.5882924028282,919.0458203040728
2128,198.78803705990404,109.91195684593228,742.8544030874622,919.547971088596
2129,198.8251183585681,109.93973155606515,743.1202489996258,920.043014907078
2130,198.86209603703324,109.96715163849848,743.3878270640323,920.5452461411936
2131,198.90189995202812,109.99661671483584,743.6551779846716,921.0500182511964
2132,198.93768026731328,110.02303860370428,743.9243158977517,921.5567797162385
2133,198.9769029714296,110.05204624843316,744.1886629157433,922.0559587865886
2134,199.01280482258537,110.07888398944569,744.4606020358655,922.5684665455376
2135,199.04887451473985,110.10613302793448,744.722549449957,923.0600831929256
2136,199.08494516268436,110.13320487587656,744.9921470865344,923.5668060845044
2137,199.1231419454412,110.16150240847011,745.260871427737,924.0744279161815
2138,199.1592696049537,110.18848417795388,745.5305500306036,924.5817843514812
2139,199.19827827077447,110.21706059086011,745.7952678886119,925.0781770125748
2140,199.2347032929441,110.24384451657964,746.0638579846151,925.584658339518
2141,199.27181247019195,110.27080607417234,746.3298914698598,926.0855218464286
2142,199.3117781219436,110.30016075988644,746.5960134613666,926.5872387976
2143,199.3491746960111,110.3282058339638,746.8637420383438,927.0909444712412
2144,199.3860721527486,110.3554502036881,747.1305217376505,927.595093247724
2145,199.42589718264657,110.38550185782664,747.403334427918,928.1069494352012
2146,199.4619412024421,110.41221592143287,747.6751029516302,928.620338129866
2147,199.49946370769555,110.43983878500578,747.9442929385567,929.1256178539096
2148,199.53797120890795,110.4686083189868,748.2163789033744,929.6348845240057
2149,199.57635031016827,110.49737290901103,748.4883634743367,930.1484735560382
2150,199.6143821237577,110.52573327183605,748.7642080307544,930.6660633237082
2151,199.65089311236412,110.55279468100024,749.0313948732198,931.1689478223446
2152,199.68746657256733,110.57996425787752,749.3043402307492,931.6792194282156
2153,199.7246493664622,110.60781976446458,749.5652632995932,932.1706885749974
2154,199.7601997847377,110.6348410974078,749.8333510839407,932.676030822939
2155,199.79478201074693,110.66084049049527,750.0988050055355,933.1773808410592
2156,199.8296535685613,110.68725561598649,750.3653560967591,933.6768125422496
2157,199.8672015617671,110.71492871217072,750.6379342679277,934.190671609709
2158,199.90472581460017,110.7430998325082,750.9113958308419,934.7024369220932
2159,199.94113967587515,110.77083177103216,751.1751001466196,935.1973474488364
2160,199.97768241596896,110.7981278078073,751.4352614389283,935.6869688052476
2161,200.01656473667305,110.82701237789983,751.7022778806846,936.1908725680383
2162,200.05379871632047,110.85550952886445,751.9701073851722,936.6911521476125
2163,200.09125669599376,110.88400821064975,752.2326049219071,937.1864462761204
2164,200.12636008194323,110.9106539585017,752.5086814354811,937.7065685593684
2165,200.1658658926441,110.93977091050924,752.7803541182726,938.218383474185
2166,200.20310377564212,110.96728747812284,753.0516771582112,938.7289970848564
2167,200.2389007376611,110.99447421090508,753.3154015575108,939.2241330194493
2168,200.2737521711854,111.02042639122588,753.5780741555548,939.7186795029658
2169,200.31199823492165,111.04945046265614,753.8458582597979,940.2219059771556
2170,200.34617862004785,111.07498304769412,754.1113142661825,940.7225784794816
2171,200.382495286622,111.10227733902389,754.3820372055434,941.2347627795012
2172,200.4201327797636,111.13021354825985,754.6500160636651,941.7368773350664
2173,200.45712922051948,111.15827906866193,754.9229440817878,942.2518202673796
2174,200.4944664474655,111.18656037044336,755.1866702984455,942.7475912004406
2175,200.5304726033992,111.21389250809962,755.4573692255075,943.257244327713
2176,200.5681592375373,111.24263715969047,755.7242660580694,943.7580755188897
2177,200.6027543209654,111.26884149420954,755.9924387031635,944.261920744581
2178,200.6395825025383,111.29628289107428,756.2666817422343,944.7790866491924
2179,200.68064698514905,111.32691761870952,756.5411444660406,945.2955663537632
2180,200.718470268196,111.35549633214347,756.8102468518227,945.8026069778648
2181,200.753572361272,111.38267942081988,757.075382291252,946.29975587647
2182,200.7890503371857,111.4096263623952,757.3451182503479,946.8070856003468
2183,200.8246781605603,111.4368457233105,757.6119849103836,947.310039230426
2184,200.85817502387783,111.4626204008528,757.8805436668547,947.8164158058764
2185,200.8950847220033,111.49095573590202,758.1572865434675,948.3398250182264
2186,200.93165527892376,111.51882461830444,758.4188152267911,948.8343660020344
2187,200.96716664645743,111.54601324033416,758.6847133895801,949.3355137276408
2188,201.00396960055548,111.57397837738652,758.9492112177496,949.8336140378286
2189,201.04095498642752,111.60220539489688,759.2125980602402,950.3307916290614
2190,201.078348154018,111.63054239563064,759.4810799001457,950.8303470884312
2191,201.11566403194615,111.65917692931318,759.753977959868,951.3431307500692
2192,201.1520555610453,111.68697744755735,760.0266507434675,951.8604890405692
2193,201.1876438404342,111.71440927060851,760.2967481034168,952.369994135735
2194,201.2231257615776,111.74194414106418,760.5637185088627,952.8715631007424
2195,201.26046059078823,111.7705545563772,760.8294282140615,953.3692113968696
2196,201.29641135314347,111.79830360818102,761.0947659392241,953.8694111529696
2197,201.33099908698307,111.82519391723022,761.3651140947431,954.380079585586
2198,201.3662456343932,111.85227120815355,761.6271565632152,954.8666392759968
2199,201.4023503779081,111.87965271424204,761.8967073640749,955.3735019556648
2200,201.4371362885508,111.9066190257611,762.1683764386996,955.8850053472556
2201,201.4735717972262,111.93453725483796,762.4383421727216,956.3925059325524
2202,201.50800943935164,111.96139658401756,762.7053537551581,956.8938963586156
2203,201.5432203365333,111.9889957673314,762.9767478463808,957.4041893885048
2204,201.5788437460822,112.01651546856392,763.2421314618198,957.9021734935004
2205,201.61395318600296,112.0439848595582,763.5122182301444,958.411527901748
2206,201.6475970100273,112.07064744258224,763.7826912627673,958.9199800283354
2207,201.68182974613083,112.09794038135034,764.0562416322051,959.4341419178992
2208,201.715748168547,112.1249085791324,764.3277166063194,959.9453935911836
2209,201.74853716233144,112.15090316748498,764.6005956708915,960.4607532943776
2210,201.7783456718201,112.17438501334432,764.873513752236,960.9719459361568
2211,201.8113496054576,112.200356780248,765.1441438765647,961.4833396262565
2212,201.84485212910835,112.22751316055512,765.411148973364,961.980957173182
2213,201.87746579625573,112.253591140986,765.6871465773968,962.4978986365356
2214,201.90633570423708,112.27679966199668,765.9605960027376,963.0121427347624
2215,201.9377772960745,112.30182380569056,766.2306540263974,963.5145827983818
2216,201.97407515660825,112.33126068922796,766.5049298526139,964.0319712708716
2217,202.00564814938423,112.3565692954667,766.7747993982227,964.5371196632188
2218,202.03528559412996,112.38023768164848,767.0432788964138,965.0418764719982
2219,202.0626801726831,112.40217422036535,767.3153658378999,965.5505974752832
2220,202.0953768619609,112.42878732499769,767.5875373777027,966.065692756884
2221,202.1262466090316,112.45360830474024,767.8544019878043,966.5654728645987
2222,202.1561551412113,112.47798649368052,768.1276485083698,967.076710427098
2223,202.18828136405463,112.503837544832,768.3959266611712,967.5785946596754
2224,202.21970592924728,112.52942116928467,768.6662514891399,968.0857352148262
2225,202.25134943909256,112.5556166103061,768.92934623234,968.5774072342368
2226,202.2812937785373,112.58016589233756,769.1978674823708,969.0810916830616
2227,202.31294351253212,112.60570047899944,769.4697172502617,969.5877180587578
2228,202.3434347006404,112.63027946105468,769.7317447704137,970.0789337550856
2229,202.375147033198,112.65633668120464,769.9985622774545,970.5774864049678
2230,202.4065187008744,112.68201735428372,770.2649528422285,971.0761685027064
2231,202.4368249929064,112.7069341974938,770.5386090851975,971.5848905169074
2232,202.46904617768547,112.73364738757,770.8007058843867,972.0738499306516
2233,202.49713484811463,112.75657978212686,771.0718272856539,972.5835161614832
2234,202.5295200689424,112.78314301134932,771.3396913725076,973.0845368900984
2235,202.5602866452188,112.80863004640828,771.6039597278289,973.5829594362688
2236,202.59270985769072,112.8352972509362,771.8713670386489,974.0857084831828
2237,202.6249515130237,112.86186074842404,772.1342948362901,974.581411105909
2238,202.6561699023349,112.88739768263636,772.4125247414335,975.1005568574444
2239,202.6878306575134,112.9136400246018,772.6804966715835,975.6024364114796
2240,202.7160024029116,112.93669482793436,772.9471139075275,976.100522067492
2241,202.7487676301456,112.9636993417993,773.2234562825802,976.6239239127582
2242,202.7807378540861,112.98972535828044,773.4871969728686,977.1162916200636
2243,202.81268767043747,113.01592994780732,773.7491748554214,977.6113086540852
2244,202.8448528647685,113.04236907473356,774.0282320872218,978.1326731712412
2245,202.8759968694385,113.06814975921922,774.2983162801308,978.6420661911898
2246,202.90693598982637,113.09375265820104,774.5750547551224,979.1616914635722
2247,202.93770463067432,113.11900239746004,774.8456625780999,979.6688701890744
2248,202.96746336709708,113.14345450497632,775.1118083823978,980.165340290434
2249,203.00151791325288,113.17111689629046,775.3853683176608,980.679585930665
2250,203.0344217228637,113.1978976136332,775.6543434276921,981.188715243044
2251,203.0671245158873,113.22462523000914,775.9216631896968,981.691888934701
2252,203.1003274010897,113.25141568772403,776.1904401681445,982.1979443840504
2253,203.13403283583588,113.2784687000675,776.4605782651169,982.708534025026
2254,203.1687808947813,113.30680232072348,776.7279541553551,983.2109789300775
2255,203.19972825199795,113.33222502240454,776.9987898834721,983.7142799781184
2256,203.23314074838015,113.3591562955216,777.2714314206261,984.2244063208692
2257,203.2667386628996,113.38632060802384,777.5361245945278,984.7196998110516
2258,203.3005450249536,113.41336458799388,777.7995959079897,985.2181743409049
2259,203.3350067480864,113.4411309070449,778.0701119753646,985.720737720765
2260,203.36966897160093,113.46957025894623,778.3380073591097,986.223289338624
2261,203.40284234626236,113.49640446671256,778.6090166620534,986.731245734847
2262,203.4362142824841,113.52357488361486,778.8767955836217,987.2330619181162
2263,203.4706569472665,113.55101787044052,779.1486716836055,987.7432879544348
2264,203.5046242865288,113.57871019709432,779.416107701107,988.246617209589
2265,203.5401794233647,113.60736462063626,779.6927754808883,988.7704789433836
2266,203.57459745832227,113.63444815081849,779.9592522686629,989.2694800357044
2267,203.60899603197453,113.66198995526187,780.2300581877214,989.7799783203768
2268,203.6453664731702,113.69099048592103,780.5009000772277,990.2867272880236
2269,203.68120001497496,113.7204180137431,780.7677989337128,990.7877319985904
2270,203.71213930951137,113.74543172063832,781.0408031619697,991.2999544809404
2271,203.74799788552824,113.77398011565668,781.3136515006455,991.8092676991978
2272,203.78241924394632,113.80130760996424,781.5826993647918,992.3114261912632
2273,203.81761074621255,113.82930850078148,781.8484749815254,992.807154536433
2274,203.85493751892065,113.85942720047856,782.1133118536513,993.3012570857306
2275,203.88803124663812,113.88625896071436,782.3773365406439,993.7972660136838
2276,203.92345195264383,113.91495896220566,782.6530660784101,994.3199187715666
2277,203.95969603718828,113.94369940788144,782.9251866771092,994.8306627780946
2278,203.9971483740736,113.97375153050037,783.1979173494826,995.343010947738
2279,204.03234792235247,114.00226300331084,783.4711574193445,995.8546605773377
2280,204.07208337347467,114.03456884802613,783.7463579685013,996.368947634552
2281,204.11059633089448,114.06582339416958,784.0173748508248,996.8783967958472
2282,204.14783206385948,114.09614184136476,784.2841185162813,997.3769746534988
2283,204.18320660753815,114.12521626691972,784.5559880266394,997.8834851493716
2284,204.2214996375209,114.15630814834232,784.8315605729898,998.4000060770014
2285,204.2574274742668,114.18520196199252,785.1011688658102,998.9027976809596
2286,204.2944652988353,114.21535567983592,785.3680849583801,999.4035436462198
2287,204.33030992705065,114.24467074190332,785.6364702168831,999.9077276206804
2288,204.3688425784936,114.27604598766249,785.9041352420222,1000.4046759741271
2289,204.40829033657013,114.30792657754098,786.1726669225504,1000.9074159578564
2290,204.446463379659,114.33866524334688,786.4408130807443,1001.4093030174504
2291,204.4796247660533,114.3657610765753,786.7099304609299,1001.9129310163564
2292,204.5171185193123,114.3957399069619,786.9729780899622,1002.4023260400965
2293,204.55288325850276,114.42464075290412,787.2419891165403,1002.9043682980428
2294,204.58871464037512,114.45423357040684,787.5174996181942,1003.4179202706064
2295,204.6276125210663,114.48610837977832,787.7861511399134,1003.9224156229104
2296,204.66636723358872,114.51848905730162,788.0660216269468,1004.443484921512
2297,204.70214813213005,114.54834014730928,788.3330947769972,1004.9471298805978
2298,204.7388996061771,114.5782301867927,788.6035001189682,1005.4535003100192
2299,204.77461375807084,114.60738630798843,788.87663065844,1005.9670930074516
2300,204.81134711808855,114.6373310534584,789.1458150342185,1006.4672131969572
2301,204.84735077713253,114.66693430337276,789.4171925963057,1006.9774311458356
2302,204.88137644504664,114.69489900269882,789.6913373076184,1007.4873530209214
2303,204.91969070812556,114.72589679398985,789.9682539611069,1008.0030918927318
2304,204.9550883865716,114.75518895973411,790.2402070273777,1008.5075551674116
2305,204.99057351165257,114.784278796329,790.5056312836384,1009.0021751709204
2306,205.0260869199115,114.81356355950406,790.7796097387449,1009.5101574499238
2307,205.06161689470508,114.84300208875324,791.0522244743928,1010.0217277613182
2308,205.09702785637484,114.87221868317673,791.3268011545656,1010.532864816076
2309,205.133394860693,114.9021323161844,791.5933156685841,1011.0278983227146
2310,205.16896121633144,114.93100483146426,791.8644722187483,1011.532805842476
2311,205.205369251456,114.96096671812757,792.1366777075407,1012.0396819849484
2312,205.2416811735716,114.99065548150138,792.4071161823307,1012.5433138370828
2313,205.277561778755,115.02022440518972,792.6850892401437,1013.0638941220834
2314,205.31471915388929,115.0503865309752,792.9566377808,1013.5671432334796
2315,205.34952657727248,115.07908931768992,793.227618823474,1014.0705349524918
2316,205.38716422727248,115.11036273430187,793.4999115712063,1014.5738326127004
2317,205.42330184131575,115.14008772718576,793.7690561489183,1015.0781822647964
2318,205.45870710878356,115.1694448236556,794.0399805650221,1015.585240661564
2319,205.49325852574407,115.19775457803424,794.3156523115756,1016.1042943509336
2320,205.5298635810752,115.22827259839012,794.5893750400397,1016.6144961497688
2321,205.5660633779883,115.25854471922857,794.8539731300004,1017.107904793218
2322,205.60028304478277,115.28731474207927,795.1289961278031,1017.6209994226808
2323,205.636643384333,115.31782835837984,795.3974748978992,1018.1188269136178
2324,205.66864986728436,115.34420619041563,795.6720148298532,1018.6304387079608
2325,205.70674694563328,115.37627759960117,795.9498144703892,1019.15165413314
2326,205.74664310399132,115.40938746009624,796.2209891822132,1019.6605071633142
2327,205.7861223847687,115.44271009646936,796.4969755399147,1020.177968018105
2328,205.8214011993984,115.47198380823974,796.7701632602464,1020.6907966411708
2329,205.8552905450284,115.50025527959968,797.0396625971991,1021.1949665393788
2330,205.891625947356,115.53084116853316,797.3050982385828,1021.6927315211168
2331,205.92846357181392,115.56145704089394,797.582701888575,1022.209915364884
2332,205.96673449715357,115.59368041100328,797.8525113867643,1022.713311804462
2333,206.00304245658015,115.62382353911772,798.1201572003109,1023.2139889339608
2334,206.03726472434877,115.65254531153658,798.3908987988256,1023.7211371129756
2335,206.07246158201423,115.6821046958845,798.6629458799481,1024.2308042799243
2336,206.10766744529056,115.7120695801318,798.9346500327258,1024.7376331065047
2337,206.14595068654796,115.74386994885602,799.2045957765414,1025.2444856566028
2338,206.18128880626864,115.77352001732208,799.4806551025188,1025.760515506534
2339,206.21811392932,115.80396426031572,799.7510808473191,1026.2682557435962
2340,206.25435954230147,115.83453735742702,800.0292410466735,1026.786907867903
2341,206.28960145458373,115.86463215055376,800.3024094250738,1027.2936902911506
2342,206.3245320594433,115.89412679570393,800.569814856653,1027.7961906315809
2343,206.36096183907665,115.9249317247316,800.8460372352018,1028.3131871123198
2344,206.39633073299555,115.95444176193732,801.1076025205579,1028.804062722999
2345,206.4316329102174,115.98405942401368,801.3735852808493,1029.2958556429794
2346,206.46528892668024,116.0126117112396,801.6435307138352,1029.798570627975
2347,206.5011492325808,116.04305969124091,801.9169707534702,1030.3056977799351
2348,206.53898496598035,116.07518174105626,802.1883541704423,1030.8090699747115
2349,206.57355909738075,116.1043298367876,802.4654219665769,1031.3249846058595
2350,206.60925558651024,116.13407364689569,802.7434134820667,1031.8421394143456
2351,206.6442629069599,116.16400438352808,803.0121206962395,1032.343044698787
2352,206.68069479582317,116.19479720662858,803.2815499668243,1032.8448271671568
2353,206.71588489762695,116.22436336590634,803.556911616022,1033.3604749419094
2354,206.7528848628955,116.25563100823425,803.8294006462597,1033.865699434835
2355,206.7886248974076,116.2854729131778,804.1011978547133,1034.3751584037914
2356,206.82590489895384,116.31683460011084,804.3681271587236,1034.8693832106285
2357,206.86410445145103,116.34932511823884,804.6379074095126,1035.3699177337571
2358,206.89936604824385,116.37941323154438,804.910093789748,1035.8757627174298
2359,206.93639297548307,116.4110819089572,805.1773410349522,1036.3734859922977
2360,206.97164356465345,116.4405580615627,805.4514874011014,1036.8842136375326
2361,207.0071314067095,116.4710159222548,805.7288523513465,1037.399205874856
2362,207.04297263251777,116.5019953892492,806.0010409776618,1037.9074572187867
2363,207.0805893554084,116.53438531567542,806.2763850976727,1038.4167096293083
2364,207.11488968153657,116.56430400246144,806.5525727960913,1038.9324877127206
2365,207.15050800098024,116.59470041998668,806.825171156721,1039.4393389842128
2366,207.1845800046836,116.62353946923614,807.0951635562944,1039.945579793393
2367,207.2188096445608,116.6526249656031,807.3743284247538,1040.4641701975336
2368,207.25366421009,116.682041310439,807.643607443414,1040.9632521689575
2369,207.2913066263505,116.71453840566532,807.9155701450879,1041.4693996779592
2370,207.3283215806621,116.74586477636178,808.191378833357,1041.983775439481
2371,207.36485377802848,116.7775077452898,808.4568127466327,1042.4811755396922
2372,207.40008828091928,116.8077029213854,808.7265395876096,1042.9806377527707
2373,207.43489097279732,116.83742705887776,808.9981020177671,1043.4832739438316
2374,207.46957615445305,116.86689699747036,809.2657295352867,1043.9816898577794
2375,207.50660158027785,116.89888155206616,809.5339622453338,1044.479506729023
2376,207.5416272093024,116.92947987947764,809.8077049492142,1044.9870666293648
2377,207.5767369404235,116.95964724422018,810.0798745616167,1045.4889286453165
2378,207.6124562983577,116.99092033952462,810.345525701201,1045.98263306403
2379,207.64977328529372,117.02335852767546,810.6114832842876,1046.4776447545394
2380,207.68777368455176,117.05612799532744,810.88317049247,1046.9868465271888
2381,207.7242526464825,117.08748344487778,811.1552188702597,1047.4916703139895
2382,207.7594127067144,117.11786157543834,811.427292094865,1047.9985933213768
2383,207.7946703618731,117.14825612411136,811.7007916829563,1048.5046632208998
2384,207.8276732230235,117.17680402386983,811.978365650334,1049.0209182245048
2385,207.8612113796261,117.20596789335512,812.2433808858435,1049.5131813997195
2386,207.89913882971476,117.23859335110832,812.5160719387486,1050.0185294766206
2387,207.9363712922257,117.27105787402236,812.7890844769165,1050.52923342372
2388,207.97247923582327,117.3016774764826,813.0578612715115,1051.029491051752
2389,208.00840380556664,117.33251062482144,813.3340710891027,1051.5497331017973
2390,208.0436793539612,117.36317239891274,813.6070760089698,1052.0572582513164
2391,208.08117860266665,117.39602634073402,813.8816386398246,1052.5655576377617
2392,208.11688480236757,117.42736025082448,814.1510018958613,1053.0647189551846
2393,208.152947477815,117.4584030368959,814.4237020917146,1053.5721144532602
2394,208.18951715956592,117.4898454640265,814.6935816475009,1054.0754555690169
2395,208.2276531365277,117.52262294772312,814.9615140757451,1054.5711300891346
2396,208.26400737706663,117.55427709258976,815.237215645247,1055.0838299281334
2397,208.3007632700649,117.5864682114527,815.5049172950834,1055.5827545257414
2398,208.3346195204328,117.615629894997,815.770937688453,1056.0779559608566
2399,208.3692443279752,117.64554431559012,816.0409413054903,1056.5804306100174
2400,208.40646263703243,117.67734596259136,816.3167116709309,1057.094032969566
2401,208.44118139462813,117.70752319467157,816.588551177388,1057.600839226101
2402,208.4786396890235,117.74036273551634,816.8628150948141,1058.113038877991
2403,208.5133766529754,117.7706990279951,817.1333614063373,1058.615718894937
2404,208.54863673848723,117.8011678340117,817.399355443527,1059.102424388748
2405,208.58400777484627,117.83162979708842,817.6739941555094,1059.603816127485
2406,208.6206521510813,117.86312738954018,817.9465349055606,1060.0991867345797
2407,208.65673504499975,117.89443626800411,818.2231348221892,1060.6066982516045
2408,208.69220345748008,117.92513989236856,818.5017758535488,1061.1206573220893
2409,208.7304134007773,117.95870198472592,818.7820950906532,1061.6289416947875
2410,208.7664222028101,117.9898138167231,819.0600214238013,1062.1334394474147
2411,208.79952688969504,118.01877937692684,819.3438524779679,1062.6460214649333
2412,208.8353418384032,118.04991534262832,819.6205261138296,1063.153081309813
2413,208.8717160543918,118.08141990603406,819.8921621974662,1063.6526197901642
2414,208.90669786844435,118.11167257670304,820.1662604649448,1064.1524627307408
2415,208.9433822325243,118.14358877911444,820.4439668285089,1064.6607357582434
2416,208.98075859902025,118.1767288631011,820.721693926612,1065.1725133214186
2417,209.01672027071763,118.20878472833212,820.9979950221599,1065.6789240397716
2418,209.0546408660913,118.24180157831464,821.2763786873444,1066.189121245533
2419,209.09187415763745,118.27492853574442,821.5499400697969,1066.6927597444426
2420,209.12847819494124,118.30735222653468,821.825346768449,1067.1971123011413
2421,209.1663185934445,118.3404811154967,822.0992361631268,1067.7038891813345
2422,209.20198927306947,118.37213629351074,822.3728708165563,1068.2120526130398
2423,209.24002392166005,118.40622946102168,822.6466846050331,1068.7155243882269
2424,209.27749938978727,118.43950832741253,822.9271138458913,1069.2341030962568
2425,209.31398764051767,118.47186177813744,823.2009326102332,1069.7357942714652
2426,209.3499550059149,118.5036781804067,823.4801553844452,1070.2518670291545
2427,209.38699929743237,118.53644970038248,823.7527648165554,1070.756364548108
2428,209.4226435612104,118.56830336871424,824.0239780703889,1071.2555074210377
2429,209.4573181368673,118.59922703761012,824.2994582149829,1071.7640073074458
2430,209.4970329793573,118.63411734848296,824.56628479191,1072.2545111714317
2431,209.5340163727101,118.66680905227508,824.8399157658138,1072.756774280715
2432,209.56930359451607,118.69804672436187,825.1180093770521,1073.269560450093
2433,209.6061405431564,118.73098140719576,825.3896443197916,1073.768825270425
2434,209.64444053451885,118.76474563487147,825.6655382982921,1074.279415373456
2435,209.6817720711989,118.797988308483,825.9399644529674,1074.7830512370188
2436,209.72056842799665,118.83203433359844,826.2259670341491,1075.3082934884249
2437,209.7589743925842,118.86621963671922,826.504698680464,1075.8164024110604
2438,209.79508457649283,118.89825646901744,826.7804398657424,1076.3225570203476
2439,209.83000537743231,118.92881541112514,827.0592407696992,1076.8356482320055
2440,209.8699445189224,118.96413608976832,827.3347619855122,1077.341253453368
2441,209.9067424515904,118.9966618063651,827.6109528421224,1077.8448513718329
2442,209.94065529100465,119.02743509188808,827.887658561274,1078.339487190345
2443,209.9765409502884,119.05938167792615,828.1707120112035,1078.8572626091736
2444,210.0120413229648,119.09111136438982,828.4553001442879,1079.3750689725855
2445,210.0483597646709,119.1236738134676,828.7342741040729,1079.88285290951
2446,210.08703359462288,119.1585812710224,829.0181810728649,1080.3997695873686
2447,210.12659047304365,119.19407231448976,829.2985221896649,1080.9129904849626
2448,210.1642565539784,119.22759434861278,829.5791069203815,1081.4200528572403
2449,210.2021676506292,119.26166065570806,829.8641533843581,1081.9337698996924
2450,210.2400509111222,119.29571958737328,830.1450417720595,1082.4425447724968
2451,210.2744088703736,119.32696441293206,830.4210055275396,1082.9434608787878
2452,210.3117059738385,119.36077765511186,830.6975488744183,1083.437535932973
2453,210.347102534185,119.39239066702493,830.9779855264767,1083.941246346734
2454,210.3820379419413,119.42395538391136,831.2631000830163,1084.452690120955
2455,210.418691949647,119.45678878724412,831.550947785051,1084.9681924234374
2456,210.45547148629697,119.49002995616604,831.8385132857853,1085.4835602636576
2457,210.4919740907187,119.52259951350354,832.1167740463388,1085.9820062698072
2458,210.5270297212032,119.55397808465338,832.4010881796997,1086.496357696357
2459,210.5633848388817,119.58664214631568,832.6755299515656,1086.989859941148
2460,210.6000508739337,119.6197239306202,832.9692756663956,1087.5159276126858
2461,210.6356892664245,119.6524117020292,833.2516445955723,1088.0225304349738
2462,210.67299269703057,119.68596536219272,833.5322038808774,1088.528495914551
2463,210.7091022902665,119.7188903973577,833.8089218381107,1089.0311382337502
2464,210.74650102057475,119.75222431890182,834.0854470839598,1089.527439188579
2465,210.78229855919912,119.78471820620484,834.366092100549,1090.036339412384
2466,210.8138143918283,119.81320577012204,834.6465420143929,1090.5457544621688
2467,210.8488666266387,119.84511015898924,834.9294279956032,1091.0588484347368
2468,210.88578431293104,119.8786294840205,835.2079704032418,1091.5607296721737
2469,210.9221895342176,119.91187287864224,835.4830080555791,1092.0571220177014
2470,210.95541197885777,119.94179860031365,835.7642395308363,1092.5712353010772
2471,210.99067854765292,119.97379924796972,836.0415611123469,1093.0731003531887
2472,211.02575935937767,120.00550214748098,836.3200984631507,1093.5770611421972
2473,211.0637019999312,120.03988548289004,836.5932065910845,1094.0772704833507
2474,211.1010004178629,120.07391501550632,836.8710571480569,1094.5828288595085
2475,211.1366923194909,120.10668257150216,837.1520352722152,1095.0919894603512
2476,211.17217561305992,120.1391848186918,837.4299908306508,1095.5995150884426
2477,211.207548004971,120.17143725053944,837.709322804793,1096.1117516946697
2478,211.2409958103661,120.2020992322982,837.9821852938358,1096.607843791443
2479,211.2761182614971,120.23443627640708,838.2587401866588,1097.108612959553
2480,211.310907846604,120.26587638314436,838.5368470535228,1097.6207976006872
2481,211.34666463241928,120.29859516290072,838.8146819809454,1098.1291370429583
2482,211.38294934124752,120.33158901163756,839.0968392476328,1098.6441402875346
2483,211.4199600625619,120.36563574936528,839.3752305872958,1099.1491649153504
2484,211.45791620717827,120.40015646042178,839.650969949132,1099.6506777350066
2485,211.495819821657,120.43501243649516,839.930149129859,1100.1623614110674
2486,211.53176214740765,120.46824483012888,840.2053054600958,1100.6626031279256
2487,211.56889234154923,120.5026962551449,840.482034933883,1101.1658424650634
2488,211.6061863024032,120.53696526146295,840.7568286877752,1101.6657860545142
2489,211.6414267554478,120.56977421259997,841.0339205592776,1102.1707278271238
2490,211.67764178236445,120.60311085429512,841.3083548318133,1102.6699310846038
2491,211.7140016615864,120.63675008398565,841.5813186892198,1103.1676829180365
2492,211.74755735777973,120.667571875346,841.8573636774443,1103.6728862494256
2493,211.78401833796428,120.701356207269,842.1300924984549,1104.1669859886758
2494,211.8193694852398,120.73430992485962,842.4030948478073,1104.6579816827832
2495,211.85306584083915,120.76507558285212,842.6817973110963,1105.1685821441604
2496,211.8894868415577,120.79862937356488,842.9561781513379,1105.6681857395497
2497,211.9253854219692,120.83148327522144,843.2344884234362,1106.17853866032
2498,211.96093245788967,120.86427565326603,843.5176791568113,1106.7035040905969
2499,211.99822315582205,120.8983760757124,843.7907468862004,1107.204853886484
2500,212.0377774483912,120.93469136158662,844.0711370251527,1107.7205843815325
2501,212.0731379175708,120.96710249672788,844.35567360335,1108.2395887068287
2502,212.10986966720503,121.00062237976748,844.6316189570429,1108.7457116582511
2503,212.1466102073448,121.03413502084749,844.9066895489416,1109.2494699000074
2504,212.1840058037953,121.0684850918276,845.1829005279291,1109.7493052608895
2505,212.22136736468968,121.10341909949746,845.4698015124768,1110.2711278337536
2506,212.25645181186263,121.13593983648256,845.7411165341439,1110.7662574494404
2507,212.2932696139472,121.1697601148208,846.0260886841459,1111.286026930373
2508,212.32935874802277,121.20341353336124,846.3067033758889,1111.7986425652048
2509,212.3643237570448,121.23564738036193,846.584930285712,1112.301821678568
2510,212.3991891511323,121.26771068177467,846.8659833852975,1112.8159333047245
2511,212.436696484423,121.30205686594064,847.1442587166972,1113.3175284229023
2512,212.47087654799216,121.33412967994474,847.420071531869,1113.8198272857765
2513,212.50622144957924,121.3669561266457,847.6963615543515,1114.3211883777471
2514,212.53844549102865,121.39722059501042,847.9621761394408,1114.804392227588
2515,212.57382122463605,121.43054356713348,848.239329429601,1115.309460498419
2516,212.6082402921933,121.46280767610604,848.5211334041593,1115.8217523859282
2517,212.64533036769208,121.4974426043668,848.7989212571989,1116.3252591883606
2518,212.68132328364808,121.5306414468286,849.0717508770404,1116.8202147333714
2519,212.7174787241644,121.56457390182416,849.3479693670675,1117.32368520999
2520,212.7534450405204,121.5979756984075,849.6317434412034,1117.8333053856172
2521,212.79022316487672,121.6325456510384,849.9172182169377,1118.3483985254431
2522,212.8269151229501,121.66688239417503,850.201006262743,1118.858303833831
2523,212.86275939619424,121.70068363345624,850.4808646312498,1119.3649179877327
2524,212.8966001816379,121.73245583948456,850.7666640313982,1119.880026315732
2525,212.93114041822952,121.76480942793984,851.0501995989456,1120.3889289568967
2526,212.96874052544743,121.7999700441562,851.3324719934919,1120.8979861729565
2527,213.00478495195097,121.8335506839888,851.6110929610941,1121.4034962862006
2528,213.0412388127201,121.86696595407078,851.8925482342323,1121.908995018683
2529,213.07625922886936,121.89945204215115,852.1731888260808,1122.4141837158252
2530,213.1104115768684,121.93155197869356,852.4545767147838,1122.9173365661798
2531,213.1472633293089,121.96591140786455,852.7360316216591,1123.4305826850557
2532,213.18399920843595,121.99981811725372,853.0138415478307,1123.935972190165
2533,213.21684012563,122.03065285265528,853.2966864158356,1124.4447576551822
2534,213.2523487695944,122.06386904669615,853.5692093683825,1124.9362208514688
2535,213.2859125492233,122.09505721933536,853.8545741311639,1125.450280887887
2536,213.32222040715345,122.12918020648594,854.1359567795274,1125.9585596660456
2537,213.35682863626897,122.16143323485048,854.4196063673455,1126.466149789908
2538,213.3915245975466,122.19343928301546,854.7050077316031,1126.9796866458926
2539,213.42679484066903,122.22675841723392,854.988736011204,1127.4912330702823
2540,213.4645515567908,122.2623033067967,855.2721418869854,1128.0044990245992
2541,213.50222021037567,122.29730488898927,855.5544750327114,1128.516558388257
2542,213.5382946079644,122.33114260016764,855.8358063812299,1129.0241999696068
2543,213.57411525422265,122.36470706914328,856.1115875554212,1129.5249089348958
2544,213.61004656143965,122.39836429793743,856.3893851881973,1130.0308446031677
2545,213.64402346123887,122.43034777752334,856.6770698231097,1130.5566647138585
2546,213.6783860610812,122.46286276690611,856.9535999711086,1131.0564296199414
2547,213.71450312677183,122.4964346375712,857.2293271104929,1131.5571180584857
2548,213.74817306735767,122.52844171530026,857.5028893560966,1132.0560886588107
2549,213.78397493689872,122.5624695308125,857.7743204541263,1132.5501790239275
2550,213.8206248740327,122.59704332532996,858.0489027613146,1133.0437010773965
2551,213.8577268743292,122.63241420402768,858.335054000554,1133.5588056250406
2552,213.89570206045605,122.66850287531555,858.6169382704836,1134.0650444407268
2553,213.9325352805868,122.70385665514922,858.896047569353,1134.5668737449566
2554,213.96783605555248,122.73720562877196,859.173682098666,1135.0664386730607
2555,214.0033905235144,122.77062392327332,859.4605183056067,1135.5834014378636
2556,214.0410046873862,122.80611463793484,859.7374014736419,1136.0779030742565
2557,214.07929553248795,122.84267876172524,860.0247552786486,1136.6024897852287
2558,214.1133483326421,122.87475393193404,860.3093317433573,1137.11054681009
2559,214.1481390071587,122.90813901541637,860.5875312519141,1137.611171698906
2560,214.18292370005676,122.94115510499276,860.8681957540479,1138.11549172
2561,214.22282130667185,122.97898960003484,861.1471147208924,1138.6142290353437
2562,214.25906129111237,123.01312369663565,861.4287333527152,1139.1206432578708
2563,214.2926193647272,123.04498493833944,861.7093125261124,1139.6307956947896
2564,214.3290738005916,123.0796130662202,861.9928950021549,1140.1464193308127
2565,214.36690574002068,123.11544811368768,862.2726427725001,1140.6535233048728
2566,214.4017587126636,123.14895426820684,862.5551157729639,1141.1709032290698
2567,214.43950190196657,123.18503041848298,862.8329350556647,1141.6711085495333
2568,214.47479071129368,123.21893527721528,863.1173385650461,1142.1873077251405
2569,214.5093049215884,123.25208626477794,863.394996351107,1142.6885415856902
2570,214.54770839797575,123.28876449720708,863.6759848542091,1143.1995462864302
2571,214.58273543757775,123.3221032449648,863.9585356224485,1143.705210673661
2572,214.61967360654108,123.35719605614509,864.2397643668331,1144.2186308937044
2573,214.65455801604156,123.39067488139465,864.5237360819235,1144.7354374299086
2574,214.6942163722691,123.42822196239182,864.8019815095273,1145.2386440656712
2575,214.7299207547072,123.46204101728944,865.0847435192178,1145.7499798369583
2576,214.7661483498416,123.49661585160833,865.3641288109063,1146.2552520182146
2577,214.8027496349864,123.53160596350018,865.642272064771,1146.753297309015
2578,214.839252742785,123.5664391458238,865.9204965430056,1147.2536326324732
2579,214.87754051038945,123.60336128535812,866.2076822262306,1147.7687779246676
2580,214.9161107625672,123.64065633316692,866.4864341822315,1148.2720085800574
2581,214.954403589366,123.67680750155152,866.7671648274767,1148.778941040292
2582,214.9910657549616,123.71187895862698,867.0435582796035,1149.2743427633343
2583,215.02836013961252,123.7473652442336,867.3214158004278,1149.7769313247188
2584,215.06358412458,123.78122449438996,867.6038691256044,1150.290728138506
2585,215.09945259045892,123.81574201044194,867.8847201144856,1150.7970618750358
2586,215.1355118150704,123.85067954540568,868.1651986272545,1151.3014417013562
2587,215.1718563673108,123.88536094180635,868.4489200743374,1151.8152161775365
2588,215.20783586742763,123.91992349766996,868.7331572747378,1152.3288986755992
2589,215.24407880571667,123.95428594753248,869.0165300855391,1152.844430888451
2590,215.2827835672793,123.99196983216903,869.2938194056558,1153.3488596847894
2591,215.32016507541655,124.02808488017436,869.5744065532515,1153.8586130214085
2592,215.35731689902028,124.06335084563555,869.8530816331925,1154.3631413153123
2593,215.3939380481497,124.09872078115109,870.1261292292618,1154.8579495224767
2594,215.43115870194188,124.13489717467102,870.4072136645925,1155.3697944038304
2595,215.4673863641586,124.16957010828531,870.6957676698878,1155.8926338477706
2596,215.50518269214552,124.20561426966256,870.9770606901473,1156.4074194224322
2597,215.54088153628777,124.23954439543868,871.2581634461206,1156.9208933201494
2598,215.57846415454145,124.27535760293227,871.5374944032089,1157.4378778293503
2599,215.6153011130945,124.31095423940144,871.8149095441646,1157.9420768337156
2600,215.65229233453172,124.3458917060941,872.1011303707143,1158.4647035742482
2601,215.6905741272008,124.38275844530156,872.3820948342279,1158.9808440616262
2602,215.7296179125756,124.42017286020436,872.6651603698931,1159.4942082262053
2603,215.7692956670061,124.4577454226473,872.9351033052008,1159.9808891781886
2604,215.8038488488979,124.4909045301011,873.2115750364585,1160.488055324953
2605,215.84327765111192,124.52861622353528,873.493779199471,1160.9986577088316
2606,215.8787588631238,124.56114069759178,873.7751639212511,1161.5102919426988
2607,215.91687582969104,124.5963551926426,874.0629982021495,1162.03611735704
2608,215.9561800399299,124.63204191778796,874.3426916346704,1162.5485815187585
2609,215.9964018384433,124.66793242404414,874.6174881562741,1163.0508610188238
2610,216.04271407562584,124.70583817320215,874.8935667657306,1163.5567951549406
2611,216.0835883180305,124.73707919114874,875.1751029448899,1164.0712038976012
2612,216.1271576388969,124.7680389135225,875.4569470694192,1164.584890911993
2613,216.17654956593304,124.80243724079614,875.7326510177778,1165.0851056436431
2614,216.22334199565665,124.83560265609276,876.0110600364203,1165.589182452259
2615,216.27099715946687,124.86663137310435,876.29275718341,1166.1008109021277
2616,216.3183774849036,124.89755509515724,876.5711955117031,1166.6051052343118
2617,216.3727474162355,124.93230848351892,876.8438033090579,1167.1051198057658
2618,216.42305391838732,124.96388720625713,877.1211218200453,1167.6055398060107
2619,216.476889751174,124.99534122305212,877.3940138896536,1168.0991716059957
2620,216.526961559414,125.02523648017024,877.662430835642,1168.589631170752
2621,216.57584106566247,125.05505744848608,877.9411370240653,1169.0937614137033
2622,216.62871581004256,125.08397155748722,878.2252287006371,1169.612660950253
2623,216.68503280129383,125.11752575219306,878.5099515009779,1170.1265070238833
2624,216.73955139284664,125.14996717990678,878.7963177646182,1170.6511019719978
2625,216.79534383050083,125.18233925824784,879.0719237224569,1171.1502911914856
2626,216.85227584763325,125.21233581651688,879.3444670873332,1171.6430100994066
2627,216.90760299735604,125.24240107115656,879.6211065579528,1172.148521309928
2628,216.9652288237002,125.273398077164,879.9039069817663,1172.667424473069
2629,217.02224703544272,125.3050335869472,880.1871853903549,1173.1774958639785
2630,217.0808248275944,125.33676462606714,880.4645678144985,1173.6828635789302
2631,217.1406804055144,125.37172274374949,880.7368402570135,1174.17668536856
2632,217.200825871401,125.4050595583841,881.0162466959415,1174.6914165395096
2633,217.2591194148572,125.43592791038483,881.2920273447787,1175.1914593456963
2634,217.31925131702465,125.4685993340965,881.5742319185543,1175.708333499574
2635,217.37941032670696,125.50206671391749,881.8551946745098,1176.2231888411973
2636,217.43719090681972,125.53423863778656,882.1367259325605,1176.7353481108591
2637,217.49544910767816,125.56617183557478,882.4165722302996,1177.2426674045844
2638,217.55425000522652,125.59803746232728,882.6915431512755,1177.7390371148715
2639,217.61477978908115,125.62914178343938,882.9716353223466,1178.247217804537
2640,217.67502854467148,125.66292027884188,883.2556643065866,1178.7621636267886
2641,217.733022829473,125.6947396457951,883.5284304273031,1179.25986527444
2642,217.79173330214235,125.72814175937914,883.8036689694254,1179.7584336316957
2643,217.84916774083823,125.7594920594105,884.0756518248265,1180.2536389889428
2644,217.90749574617732,125.79184852730074,884.3619449898184,1180.777279648234
2645,217.96318677067129,125.82330392429787,884.6402461005275,1181.2831181543909
2646,218.02242948773164,125.85557142971686,884.92121632354,1181.8012669865282
2647,218.0824717058891,125.89157850885994,885.1998359592944,1182.3066862687572
2648,218.1436591478164,125.92627926413915,885.4804385916061,1182.8188739201205
2649,218.20573598875552,125.96247623864222,885.7521053588073,1183.310239245964
2650,218.26321699357197,125.99351414375818,886.0334972127287,1183.8248582010262
2651,218.32082118591129,126.02200158243276,886.3126702847692,1184.3378232872146
2652,218.3804655133245,126.05453519472049,886.5884779475306,1184.8400053309515
2653,218.4388616870652,126.0877915235302,886.8597138796744,1185.3314421451685
2654,218.49944819591,126.12161862571664,887.1374275422753,1185.8366410524502
2655,218.5560104234251,126.1521634811004,887.4119552437558,1186.337240045744
2656,218.613756657652,126.18430000931548,887.690607307963,1186.84850057865
2657,218.67367638607547,126.21674132465218,887.9725562664105,1187.358002476658
2658,218.73092383893905,126.2488686357752,888.2560018393712,1187.873045550233
2659,218.78488006528795,126.2774647414707,888.5326213582496,1188.3773610255769
2660,218.8430126186823,126.31025344893308,888.8125609747934,1188.883569149816
2661,218.89882239659565,126.34194012347896,889.0943951613474,1189.3903671012029
2662,218.95224710216348,126.3738809982709,889.3721645665225,1189.8939524592995
2663,219.0104302140984,126.40529404480576,889.6525260998211,1190.402891007027
2664,219.06884873110752,126.4383789076246,889.9308164459483,1190.9079635261612
2665,219.125230854284,126.47136089091155,890.2099015592403,1191.4168955471848
2666,219.18510485865312,126.50365485123318,890.4806625307247,1191.9093307934072
2667,219.24403317081828,126.53564955928978,890.7600847127633,1192.4152417144549
2668,219.30576721726456,126.57163737676667,891.0367564356823,1192.920789716385
2669,219.36383864097328,126.60512416709558,891.3120487924177,1193.419804847268
2670,219.42050233539416,126.63898142875853,891.5947739563851,1193.9352837565664
2671,219.4760066305893,126.66998921723362,891.8763998856664,1194.451856748707
2672,219.53638218172543,126.7043848290448,892.1583185221074,1194.9662485648962
2673,219.59575641952063,126.73685331286052,892.439389426432,1195.480032062174
2674,219.6550421642172,126.76939835918785,892.7204201046148,1195.99259164954
2675,219.71263048631243,126.80296610531616,892.9998677880797,1196.5028554983892
2676,219.7719211845928,126.83698530141557,893.2774338607702,1197.0057574725106
2677,219.83111996274337,126.87146489576612,893.5571310349651,1197.515818567256
2678,219.89064028469448,126.90514675214104,893.8302053632333,1198.0107744121344
2679,219.9500456452368,126.93799949097068,894.1121725237697,1198.526010580557
2680,220.00817785689577,126.97023993626986,894.3923879422236,1199.0348661496214
2681,220.0637896822679,127.0012417711457,894.6714309543686,1199.5471216118103
2682,220.1221064837895,127.03370723315332,894.9497183766485,1200.0554201521484
2683,220.17914240393105,127.06629679845074,895.227188441597,1200.562661836448
2684,220.2397600266252,127.0997686609946,895.4940603374762,1201.0540318538451
2685,220.29710271649137,127.13012201254487,895.7700742835161,1201.5554280556146
2686,220.35406973106427,127.16287745215514,896.0437637886838,1202.0581814576274
2687,220.4101757351185,127.19650356564568,896.3203389264443,1202.5624909313765
2688,220.46612380851383,127.22824971858311,896.5971102902407,1203.0661709432632
2689,220.5265577323593,127.26243234381806,896.8792319776054,1203.5821056449286
2690,220.5849177403531,127.29649095198604,897.1562918826723,1204.0911448772413
2691,220.64420637257183,127.33168444185031,897.4357129671974,1204.6032736263746
2692,220.70228405148228,127.36641891295544,897.7153678619816,1205.1144502803097
2693,220.76193225819657,127.40116196958184,897.9984712720795,1205.6308707637836
2694,220.82305571602032,127.43761607028551,898.2725708354343,1206.1338547913826
2695,220.88238401626683,127.47142743723332,898.5513538774139,1206.6409528338806
2696,220.9382947256197,127.50173516339576,898.8296461713804,1207.152073695891
2697,220.99190903189697,127.53387370686524,899.1040946693569,1207.6513564154395
2698,221.0489425646586,127.56777255304364,899.3837792821026,1208.1600333314366
2699,221.10739947013855,127.60188713826328,899.6659393747954,1208.6718010940565
2700,221.1645556161186,127.63414603616398,899.9447581993387,1209.1827683778004
2701,221.2225963212546,127.6679775789877,900.2219751793888,1209.6921865399538
2702,221.28246124133256,127.70332241199525,900.5080926081579,1210.2112031058502
2703,221.3384570035028,127.73586592548038,900.7874147656232,1210.7252065984662
2704,221.39436427870703,127.7678515938675,901.0622728289716,1211.2223703568184
2705,221.4514162821661,127.80300638167282,901.3421499358598,1211.733760653732
2706,221.51093787259236,127.83937148777748,901.6203173192714,1212.2392547247414
2707,221.56881211239389,127.87256775596532,901.8991162452083,1212.7470448640208
2708,221.62368358377017,127.90436496523144,902.1804047166906,1213.2580375504365
2709,221.6795400642474,127.93687768502087,902.4599462038634,1213.7681206831412
2710,221.73892101974332,127.97067138654836,902.7388285995758,1214.275694138994
2711,221.79537562549316,128.00454187734738,903.016625637574,1214.7855290986442
2712,221.8553122908669,128.0391619658327,903.2991976496124,1215.3026670778331
2713,221.91345045476425,128.07252817674188,903.5809005832482,1215.818673892844
2714,221.97346125636517,128.10638813536502,903.8569915180726,1216.3224022071663
2715,222.0306934386372,128.1393498746095,904.130347109752,1216.8272791474058
2716,222.08644752477,128.17194682753023,904.4108131410028,1217.3406920144052
2717,222.14602318721109,128.20752113334626,904.6872270416784,1217.8412217392688
2718,222.2048610745993,128.2431661866263,904.967588312088,1218.3522217523607
2719,222.2627492218836,128.27589621695853,905.248679777194,1218.8685347075982
2720,222.32119728191324,128.3110243238857,905.5271081149422,1219.3773578656435
2721,222.3776468606433,128.34368515300395,905.8080158126132,1219.8900285861746
2722,222.43610307253,128.37885974289847,906.0890666124264,1220.4023415792326
2723,222.4954777152935,128.41513684626128,906.3676759047792,1220.911121776295
2724,222.5521102592469,128.44876994728227,906.6401657121642,1221.4108359506483
2725,222.60788916633447,128.4820332857505,906.9164770072252,1221.9102561639882
2726,222.66636258208328,128.51823715248287,907.1911526382652,1222.414296842583
2727,222.72379238262525,128.55402623258078,907.4726117757048,1222.9261824666446
2728,222.782443227038,128.59018516602137,907.7444807440784,1223.4236808774783
2729,222.8389964332097,128.62390227233098,908.0248318109047,1223.941388878903
2730,222.89947206012303,128.6613063094962,908.3023600817176,1224.446637828954
2731,222.9575172902716,128.69765253302035,908.5855927508076,1224.959196749625
2732,223.0161413497538,128.73296903553694,908.8669565295074,1225.4684421125862
2733,223.07302723149823,128.7682099088727,909.142298030114,1225.971558941645
2734,223.1317933156105,128.80554892475374,909.4186901024788,1226.4782876340046
2735,223.19035309839504,128.84079122866723,909.6989844970096,1226.9895993429511
2736,223.24830942298053,128.87789047312697,909.9748710597804,1227.4950534817565
2737,223.3080351169421,128.9144131394279,910.2601596821656,1228.0161821253337
2738,223.37119043973576,128.95302026022156,910.5432640832817,1228.5352496800128
2739,223.42673714469717,128.98703598733837,910.8133285718976,1229.0278296400888
2740,223.48627068224232,129.02470168600593,911.0881804837268,1229.5287485311574
2741,223.54349735338525,129.0576810925485,911.3683187695852,1230.044563359813
2742,223.59973528295015,129.09366104432655,911.6415318910604,1230.5443414625404
2743,223.6587930870315,129.13042254457594,911.9188152227182,1231.0488049798246
2744,223.72124971534723,129.17005336571685,912.1994074749624,1231.566782053941
2745,223.7813118196017,129.2066824579435,912.4791688024146,1232.0774052133809
2746,223.84213871567573,129.2439892477487,912.7601188894656,1232.5947046837125
2747,223.8971488971253,129.27631440707677,913.040539614028,1233.101729261332
2748,223.9540387838668,129.31150511426014,913.3201740275632,1233.6117923725883
2749,224.00983058792468,129.3449328675144,913.5947078956126,1234.1142909301452
2750,224.06656326951935,129.38034988950875,913.8800516819164,1234.6365104477902
2751,224.1269748358697,129.41782270883056,914.1575369008908,1235.1459822353534
2752,224.1837181678872,129.45194659996014,914.4438618664676,1235.6709538362002
2753,224.24294752421883,129.49030197020016,914.715740302706,1236.1700979028556
2754,224.30110020566872,129.52696996676718,914.9966695450148,1236.6882088942064
2755,224.3586270129187,129.56197203370678,915.2663522585852,1237.1764976216682
2756,224.41763601542084,129.59838359899587,915.5416528024814,1237.675866485466
2757,224.47592587760025,129.63478758569084,915.823532536135,1238.1945593016253
2758,224.5360630548861,129.67271005028354,916.0993236086728,1238.703349960247
2759,224.5962274397651,129.7116648447435,916.3776250915276,1239.2114170571674
2760,224.6538227368305,129.74701040437824,916.6512365012948,1239.710319641054
2761,224.71299067282865,129.78438600394713,916.9310883157189,1240.2203160030367
2762,224.77449413245017,129.822406833412,917.2134646772614,1240.7366489682345
2763,224.83477507726656,129.858911827878,917.4921074545553,1241.2458606372168
2764,224.892459658052,129.89628290785794,917.7703883898266,1241.748829592702
2765,224.95094841338133,129.93385277313303,918.054322855668,1242.27087576592
2766,225.01104344096507,129.97181364848717,918.3340524285632,1242.7853996544789
2767,225.069142056084,130.0094248301047,918.6079557021852,1243.283050590025
2768,225.1281353730413,130.04785967173848,918.8925722470492,1243.8067466905677
2769,225.18747887624585,130.08573785255757,919.174550834312,1244.3241006280978
2770,225.2466645094372,130.12345114678993,919.4533683633084,1244.8342535937788
2771,225.3056447119205,130.16116163426895,919.7320391095848,1245.344932936863
2772,225.36564324978053,130.19887741312172,920.0117978543678,1245.8508928956333
2773,225.4249149834853,130.23640018302535,920.2897333785746,1246.355951009219
2774,225.4848758349355,130.27496443940822,920.57135794424,1246.8676421472785
2775,225.5466809136384,130.31241366185054,920.8487032002656,1247.373430266868
2776,225.6104657034021,130.35346369534983,921.1229321141648,1247.87898831617
2777,225.66648542055717,130.38875334792965,921.39905263747,1248.3836983035987
2778,225.7272730376657,130.4278256291507,921.6780874716908,1248.8939183383104
2779,225.7855614726881,130.464465400355,921.9616433783028,1249.411296066792
2780,225.8447872307297,130.50140925352838,922.2393358342696,1249.9172103383903
2781,225.8997042156232,130.53647889016054,922.5275656811224,1250.4464478923987
2782,225.95691417678267,130.5727309418072,922.8088750791176,1250.9603350983243
2783,226.01200422389235,130.60896341284337,923.0902828240594,1251.477195656553
2784,226.07042520928215,130.6465190914269,923.3709217620274,1251.9875674253824
2785,226.1276427455816,130.68372831647767,923.6492146264072,1252.4958234833116
2786,226.18790011558457,130.72328784774638,923.9296502590802,1253.0092881709534
2787,226.24562494336595,130.76080080845713,924.2093572483424,1253.5240063512283
2788,226.30328408901917,130.79978209566644,924.4849672089628,1254.0292116413125
2789,226.36206430226667,130.8382480508399,924.7564743638584,1254.5247919572116
2790,226.4209943564356,130.87641160330836,925.0389772926246,1255.0435210746316
2791,226.4784050511711,130.91392096068373,925.3191931895224,1255.5547752348305
2792,226.53695988881788,130.95069661475006,925.5915693549998,1256.0511476043523
2793,226.59171642973345,130.98722389872265,925.8717347443228,1256.5614649859788
2794,226.65413735592227,131.02776133823366,926.1537987909392,1257.0768144795177
2795,226.712100257608,131.06433948648518,926.4384428763382,1257.5947520519308
2796,226.7695697993191,131.1008260648474,926.7251630354222,1258.122514461755
2797,226.8279013518356,131.1398714239846,926.9961979566124,1258.619904686997
2798,226.8838301095042,131.17586314688353,927.2791934537928,1259.1408307010431
2799,226.9413571424747,131.21254687107302,927.5630583555194,1259.6545594476167
2800,226.99849837299416,131.25012068012953,927.8438370420092,1260.1671123309168
2801,227.0588927974125,131.28853842613813,928.1208101372316,1260.6708617877389
2802,227.1166680271093,131.3261962409779,928.3931126752476,1261.1653577647337
2803,227.17413477092367,131.36309949320875,928.681314574438,1261.6979164272434
2804,227.23380515900544,131.40285482347724,928.9602317857734,1262.216777833971
2805,227.2936652656028,131.442635505864,929.2417770835704,1262.737287563368
2806,227.3519838296595,131.48260254343805,929.5210645240684,1263.244135620479
2807,227.4088283463853,131.52024121586567,929.8006713823282,1263.7527658638253
2808,227.46678662005144,131.5577009937554,930.0800403577284,1264.263275399658
2809,227.523440042734,131.595588053324,930.3639659084872,1264.7836043946372
2810,227.58039473182075,131.63348216246712,930.6461235839964,1265.300060023403
2811,227.63793156532896,131.6707208686314,930.9160229971196,1265.7923025955183
2812,227.69461755699777,131.707608806425,931.1917750204132,1266.295183084674
2813,227.7524247030456,131.74509666128614,931.4744686247476,1266.8120987879497
2814,227.8121185345877,131.78404310992133,931.7478972379216,1267.304747925862
2815,227.87142298628987,131.82245475947445,932.0223700655506,1267.8040766205988
2816,227.9293983823704,131.86118923333717,932.2993216035028,1268.309586073001
2817,227.98750999934904,131.8994507302625,932.5866531524862,1268.8327563108596
2818,228.0444172991565,131.93588380867303,932.8628758952832,1269.3359715700412
2819,228.10264350903248,131.9748123935607,933.1396641252622,1269.8363731865702
2820,228.16357814000972,132.0171444592833,933.4171182979376,1270.343918396508
2821,228.2226206894215,132.05630702086515,933.7000219899596,1270.8574400419118
2822,228.28440910129888,132.09834941319673,933.977448937581,1271.3627097172898
2823,228.34361185468836,132.13766018613768,934.261264457655,1271.8775752647264
2824,228.4025902380228,132.17688431537118,934.5410991732084,1272.3850572515682
2825,228.46127806158853,132.21718356488446,934.8184627302256,1272.889745910901
2826,228.5204393810514,132.25694916542398,935.0997787301944,1273.4009454454103
2827,228.57872333332045,132.29661145857594,935.3805800798684,1273.9101949485475
2828,228.6358644793728,132.33738951754674,935.6674708113104,1274.4292875257795
2829,228.6956413967797,132.37624491307722,935.9398140846448,1274.9225139897344
2830,228.7571805379921,132.41765897743616,936.2203931926872,1275.4307618320277
2831,228.813948516806,132.45559606817932,936.508356828457,1275.9553499382732
2832,228.87225252554828,132.49611598716726,936.793546103158,1276.4750767001
2833,228.9330515482458,132.53698592147,937.0762896751036,1276.989074452772
2834,228.992850016799,132.57733038643838,937.3599669271408,1277.5075621940437
2835,229.0502784120964,132.61618310231225,937.6499625723648,1278.0348530437072
2836,229.10839344541415,132.6549096157346,937.9231384273996,1278.5359251930413
2837,229.1666415698452,132.69465673155418,938.201670392258,1279.0344833351185
2838,229.22697682488024,132.73333762925316,938.4809700107614,1279.5412720968404
2839,229.28629045744836,132.77414161933342,938.7537100309804,1280.035132733349
2840,229.34363992994832,132.81263758659765,939.035662258849,1280.5459508456074
2841,229.4035880651267,132.85458922660558,939.309812707096,1281.041792398311
2842,229.4612120792654,132.89379957839893,939.587983320896,1281.5482657313232
2843,229.5199732199624,132.93363176622233,939.8637753537128,1282.049362794627
2844,229.5747550467749,132.96991228921786,940.1503951777964,1282.570638828742
2845,229.63206392707065,133.0089786467788,940.4341933514588,1283.086311391705
2846,229.6891402011419,133.04779598259805,940.7153330578932,1283.5946528044371
2847,229.7482542257157,133.08864250047034,940.9961117124128,1284.1080514892967
2848,229.80434380854385,133.12774284707092,941.282543206524,1284.626692537497
2849,229.8647439905841,133.16864190638623,941.5674570261092,1285.1455457317395
2850,229.92360209626332,133.20779695605123,941.84492712397,1285.653718700206
2851,229.9837151382838,133.24886609744536,942.1241935795568,1286.1629518702998
2852,230.04257556444557,133.2887089457085,942.405702078938,1286.6858118009668
2853,230.1031530799009,133.33080335797158,942.672755865044,1287.167762039128
2854,230.1612426496561,133.37116052009563,942.952199933597,1287.6820398228658
2855,230.22099986796405,133.4106131274934,943.2346657861586,1288.1952975588322
2856,230.27973429082775,133.45116914692196,943.5148650308262,1288.710017495262
2857,230.3397516243774,133.49217666529154,943.7936277646174,1289.222690837648
2858,230.39995322678283,133.53306428223496,944.0740433806988,1289.7321665736167
2859,230.46055595808372,133.5741340321996,944.352732945993,1290.2385433565046
2860,230.52048590143383,133.6144447241337,944.6418131610078,1290.7693379994691
2861,230.5803555810794,133.65504118413082,944.919653929944,1291.27644712341
2862,230.64249265194084,133.69736045691684,945.1958243431758,1291.784178165581
2863,230.7039891810502,133.73951334946935,945.4769900219952,1292.2982816477163
2864,230.7658913106296,133.78359556385996,945.7560399548933,1292.8045239608043
2865,230.8239500256736,133.8241910890035,946.0370926479447,1293.3201054720223
2866,230.88212502993824,133.86344047286556,946.319966913812,1293.8392233746192
2867,230.94174891635095,133.90424413810797,946.599572952921,1294.3515793447225
2868,231.00011008477264,133.94512080187778,946.8748496489904,1294.8608513288598
2869,231.05724616737623,133.98356208430894,947.159045886905,1295.3811199507568
2870,231.118929426338,134.0266367149436,947.4376737980516,1295.892552326094
2871,231.17924595768216,134.0689741241364,947.7221481110524,1296.4096935235204
2872,231.2394895393962,134.11219931459186,948.0080983919552,1296.931528268375
2873,231.3009982286425,134.1559258379363,948.282740281541,1297.43908162685
2874,231.36043154711535,134.1987720944122,948.5649969755756,1297.949865985112
2875,231.4182126314168,134.24020682598425,948.846413358236,1298.462419952824
2876,231.4756623579364,134.2801889824529,949.1279446545144,1298.9783554839212
2877,231.5343444005648,134.3216642428156,949.4106153323994,1299.4913742623232
2878,231.5892142441804,134.35957282279824,949.6887868966074,1300.0001634374485
2879,231.6473534067765,134.40104680544022,949.9674212803228,1300.5087764047198
2880,231.70525923640332,134.44125825574045,950.2465767541478,1301.0201247749703
2881,231.76286195161504,134.48168100541793,950.5176474143256,1301.514616506404
2882,231.8222225997858,134.5234191557099,950.7905477382016,1302.013315496579
2883,231.8838829126533,134.5649020435901,951.0647240589276,1302.514449025876
2884,231.9432498401277,134.60715108568468,951.344721205316,1303.02703412091
2885,232.00150368414836,134.6482066607644,951.63492260083,1303.5614082602249
2886,232.0595420049441,134.69002971307282,951.9105897836016,1304.0672240113345
2887,232.11776953239,134.73132113652494,952.1896473187523,1304.5739577477716
2888,232.17804040491373,134.77314507210195,952.4647522914008,1305.075887119732
2889,232.2400106650435,134.81738819401167,952.7436031321334,1305.5880389716967
2890,232.2996479416659,134.85895398310936,953.0310264093728,1306.114638043978
2891,232.36001203980112,134.90295398517392,953.3147819058332,1306.63509489543
2892,232.42041936240616,134.94571724963183,953.594720105108,1307.149555131051
2893,232.47979597925652,134.98815163187567,953.87180386994,1307.6538230061103
2894,232.53890201927487,135.03062730987705,954.1563930047154,1308.1744017761162
2895,232.60007935337,135.07398122749396,954.4290653190526,1308.672945974322
2896,232.6625527979413,135.1197625276324,954.7074704779876,1309.1830093316014
2897,232.7201677958003,135.16217261885953,954.9837204641492,1309.6897930093226
2898,232.7798101454004,135.203233113178,955.2610068659084,1310.19906125826
2899,232.84007027558937,135.24690245114812,955.5376729140936,1310.703222001158
2900,232.89506721439952,135.28671452714684,955.8233194327324,1311.2262727362286
2901,232.95611664862128,135.33129628262583,956.104264204227,1311.7374219597268
2902,233.0139600976426,135.37386113690297,956.384368859568,1312.2525353563703
2903,233.0720387213483,135.41590162118553,956.6618956927769,1312.7642341697615
2904,233.13646744702427,135.46252050024373,956.940340106972,1313.2746295793752
2905,233.19650173845943,135.50563928035294,957.217233515516,1313.785105056927
2906,233.2548821280216,135.5487517768604,957.499141059434,1314.2997066174662
2907,233.3173155787234,135.59323587690383,957.7811761657728,1314.8169573267958
2908,233.38092504116332,135.63858423871062,958.0610094025956,1315.3267346804876
2909,233.44274560543704,135.68260548188255,958.3445683884972,1315.85546084518
2910,233.5006120467912,135.72416621074407,958.6253485446472,1316.37240736055
2911,233.559649767135,135.76677621999687,958.9066140853896,1316.8900454355555
2912,233.61953631465653,135.80997381823963,959.185284584704,1317.4006684903843
2913,233.6802320943232,135.85367642265658,959.4653287596356,1317.9122870712788
2914,233.7407095827716,135.89843396566508,959.7497576635644,1318.4271301993074
2915,233.79883212643816,135.9391712160549,960.026664747142,1318.9325209873448
2916,233.85775007582689,135.9818468523338,960.2990386716008,1319.4294853407669
2917,233.91732387726688,136.02491937797157,960.583311091502,1319.9507284163394
2918,233.97304122255505,136.06442804054936,960.8616418103068,1320.4619370718824
2919,234.03010457667688,136.1051299787373,961.1400725299866,1320.9681616168705
2920,234.09161582713543,136.14964680182484,961.4207853693129,1321.479664254261
2921,234.15403643298933,136.19644294255176,961.6972413620904,1321.987804643953
2922,234.2087202907529,136.2359783637097,961.9687646831668,1322.4832120065291
2923,234.27000153120275,136.28091378357414,962.2498968892088,1322.999977463238
2924,234.3268035187164,136.32301089218907,962.5327371208784,1323.5192747255587
2925,234.3867645802876,136.36691988501548,962.8128609799724,1324.0321106437798
2926,234.4493201530207,136.41311226104142,963.09736144071,1324.548495749068
2927,234.50650202810365,136.4550641207897,963.3708590368996,1325.0521192946312
2928,234.5664662620772,136.49946923265,963.655512796868,1325.5698049657888
2929,234.6255936426637,136.5425149594345,963.935518007532,1326.08154283537
2930,234.6846764522123,136.58648706165286,964.2242187064032,1326.6132951436844
2931,234.74648688575743,136.63220817749004,964.5119310563684,1327.1399851547912
2932,234.8065578979865,136.67604660765394,964.789152447654,1327.645555829428
2933,234.86280196576985,136.7168847993921,965.075142726076,1328.1675126426665
2934,234.9241377686336,136.7631269013515,965.350708866466,1328.6703690401416
2935,234.9859052455733,136.80792510742498,965.6257023951342,1329.177775866476
2936,235.04541431932776,136.853143775468,965.911407677418,1329.6970206698304
2937,235.10211865455548,136.89586650044586,966.1981406091412,1330.22492343737
2938,235.162910601276,136.94008569786897,966.4774132011048,1330.7370667679518
2939,235.22375652656424,136.9856497068244,966.7600858744652,1331.254057368645
2940,235.2831359994247,137.02977742202657,967.0431141708204,1331.7712993136424
2941,235.34324464466368,137.07493968298505,967.3160046615563,1332.271856717168
2942,235.40476561784445,137.11990568310742,967.5972567055098,1332.7873530706984
2943,235.4655563607248,137.16515804696314,967.8779930487676,1333.3062622929187
2944,235.52443869655397,137.20888856005067,968.1612774685702,1333.8277960218388
2945,235.5785023255346,137.24926928501893,968.4414260750808,1334.3426570613217
2946,235.6379026815832,137.29485071161483,968.7256741621188,1334.862389016201
2947,235.6937811451888,137.33711300411565,969.004471223034,1335.3737710864475
2948,235.75249059831,137.3818217128899,969.2757169444068,1335.8722833511144
2949,235.81262174036505,137.4278076183031,969.5558479024644,1336.3892305293932
2950,235.87154267510203,137.47212307107645,969.8398047623444,1336.9125367983795
2951,235.9299243843114,137.5144761813094,970.1177067883556,1337.4181747625685
2952,235.99102886463265,137.56104598222075,970.4068353351406,1337.9476494815965
2953,236.05017488498493,137.60395290397145,970.6824085432266,1338.4565208313352
2954,236.10796318505177,137.64904330325578,970.9671277377512,1338.9773412437487
2955,236.16796598476415,137.69437568445792,971.2458681096934,1339.488873763384
2956,236.22999927540323,137.7405926092785,971.5246571995664,1339.997919082159
2957,236.28870747574223,137.78478741497523,971.8002253648888,1340.5038492981976
2958,236.3486515675682,137.8303608973527,972.0775571003488,1341.0109899693048
2959,236.4076400119501,137.8751672772379,972.3578267118936,1341.5187875474694
2960,236.46548235392487,137.9179593195005,972.6432764571232,1342.046091438605
2961,236.5260459382564,137.9624933285477,972.9294637386568,1342.568656241128
2962,236.58630003465788,138.00709657713918,973.213511728548,1343.0864138676764
2963,236.6476383692443,138.05323249615338,973.4916331184172,1343.599215253713
2964,236.7105722665711,138.1005322765476,973.7731845115662,1344.1187249950715
2965,236.7707265429669,138.14578019634794,974.0476415642916,1344.6217751821307
2966,236.8295740046487,138.18986006346424,974.3277536670028,1345.1317905233734
2967,236.88954588743468,138.23515841856909,974.6070322708732,1345.648114254347
2968,236.9514129978233,138.28295977414103,974.884451016088,1346.152191182758
2969,237.0086053462938,138.3271637083224,975.1696981489832,1346.6725380158186
2970,237.06730720187025,138.3734714801469,975.4498038326648,1347.185839153501
2971,237.12649632358472,138.41846560879134,975.734000800284,1347.703832476609
2972,237.18304794944208,138.46147843940315,976.0172029905428,1348.2198662226783
2973,237.2438464099156,138.50612677666444,976.3009009284248,1348.7337013052577
2974,237.30258815663427,138.55061186483877,976.5872899014372,1349.254023394907
2975,237.36164183066347,138.59539356627948,976.8738110815144,1349.7742312899036
2976,237.4214963364117,138.64168172412852,977.1517735760716,1350.283400504877
2977,237.4812300943176,138.68824672644956,977.4288384194492,1350.787659213653
2978,237.5416255826366,138.7341420028673,977.7151815844744,1351.3095404876692
2979,237.6026266789136,138.78022432194078,977.9992825754448,1351.8292672095367
2980,237.66179666466533,138.8255770518926,978.2800903676,1352.3407004932528
2981,237.72109229883296,138.87022520451598,978.564733066988,1352.8554308627447
2982,237.78108885510815,138.91650871376658,978.8478721501712,1353.376226140458
2983,237.8448042640223,138.9656826870523,979.1253403122809,1353.8868585881962
2984,237.90327066925065,139.01111061631866,979.4075305814716,1354.3982315367575
2985,237.96663795865024,139.0595020656032,979.6826462841452,1354.9014120496863
2986,238.02578897015368,139.10562756051064,979.9619001887368,1355.412645616365
2987,238.08607349875297,139.15144695714176,980.2402957730555,1355.9219564898754
2988,238.14445423596263,139.19524793486212,980.517901510006,1356.4291969690614
2989,238.20400853258312,139.240431011119,980.799549543662,1356.9407009446809
2990,238.2616433819173,139.2848968294626,981.0793977817416,1357.450819715487
2991,238.31790346289807,139.32760153428077,981.364588097308,1357.9707039137031
2992,238.376131877533,139.37288569215983,981.6375562078114,1358.469831805554
2993,238.4347623405041,139.41651428340333,981.9186699232984,1358.9841278288163
2994,238.49195809245208,139.46199136182466,982.1946329241348,1359.490760266371
2995,238.5549928725166,139.51033396056363,982.4806617482436,1360.01311987582
2996,238.61233743912584,139.55527184440427,982.7571836249496,1360.5186845448384
2997,238.67330188798945,139.60270497245278,983.0401495209896,1361.0430372842727
2998,238.7337225661579,139.64968687750746,983.3187599374284,1361.5554746377131
2999,238.79408332185827,139.69732190107194,983.5975399773922,1362.068384743474
3000,238.85492927477415,139.74335317897155,983.8816140275418,1362.5906926282105
