episode,time_start,time_end,timesteps_in_episode,mu_M_start,mu_M_end,mu_F_start,mu_F_end,delta_mu_M,delta_mu_F,rho_episode,R_M,R_F,R_total,wealth_gap,loans_M_episode,loans_F_episode,applications_M_episode,applications_F_episode,defaults_M_episode,defaults_F_episode,profit_episode,approval_rate_M_episode,approval_rate_F_episode,success_prob_M_episode,success_prob_F_episode,total_loans_M,total_loans_F,total_applications_M,total_applications_F,total_defaults_M,total_defaults_F,cumulative_profit,approval_rate_M_cumulative,approval_rate_F_cumulative,success_prob_M_cumulative,success_prob_F_cumulative,actual_approvals_M_episode,actual_approvals_F_episode,true_approvals_M_episode,true_approvals_F_episode,true_positive_M,false_positive_M,true_negative_M,false_negative_M,true_positive_F,false_positive_F,true_negative_F,false_negative_F,accuracy_M,accuracy_F,precision_M,precision_F,recall_M,recall_F,hawkes_events_M,hawkes_events_F,total_profit,cumulative_time,approval_rate_M,approval_rate_F,success_prob_M,success_prob_F
1,0.0,99.5,1064,60.81565575819663,61.30886637877053,48.29054967454462,48.70119786536497,0.49321062057390463,0.4106481908203463,1.2010539230396327,0.004932106205739046,0.004106481908203463,0.004519294056971254,12.607668513405564,313,254,587,477,42,36,1096.7406534375825,0.5332197614991482,0.5324947589098532,0.865814696485623,0.8582677165354331,313,254,587,477,42,36,1096.7406534375825,0.5332197614991482,0.5324947589098532,0.865814696485623,0.8582677165354331,313,254,494,412,271,42,51,223,218,36,29,194,0.5485519591141397,0.5178197064989518,0.865814696485623,0.8582677165354331,0.548582995951417,0.529126213592233,313,254,1096.7406534375825,100.0,0.5332197614991482,0.5324947589098532,0.865814696485623,0.8582677165354331
2,0.0,199.0,1144,61.314686459765205,61.76379434144468,48.703186015449795,49.098657480289674,0.449107881679474,0.39547146483987916,1.1356265157115988,0.004740692916240264,0.004040539028725263,0.004390615972482763,12.665136861155005,264,246,616,528,41,39,1132.6362826396094,0.42857142857142855,0.4659090909090909,0.8446969696969697,0.8414634146341463,577,500,1203,1005,83,75,2229.376936077192,0.4796342477140482,0.4975124378109453,0.8561525129982669,0.85,264,246,526,452,223,41,49,303,207,39,37,245,0.44155844155844154,0.4621212121212121,0.8446969696969697,0.8414634146341463,0.42395437262357416,0.4579646017699115,264,246,1132.6362826396094,200.0,0.4796342477140482,0.4975124378109453,0.8561525129982669,0.85
3,0.0,298.5,1114,61.76691134261567,62.21407554122797,49.101143115732896,49.4015476165415,0.44716419861229895,0.3004045008086038,1.4885402762230913,0.004661399276771144,0.0037033264733229267,0.004182362875047035,12.81252792468647,250,176,646,468,33,38,1050.5288031184887,0.38699690402476783,0.37606837606837606,0.868,0.7840909090909091,827,676,1849,1473,116,113,3279.905739195681,0.4472687939426717,0.4589273591310251,0.8597339782345829,0.8328402366863905,250,176,548,380,217,33,65,331,138,38,50,242,0.43653250773993807,0.4017094017094017,0.868,0.7840909090909091,0.395985401459854,0.3631578947368421,250,176,1050.5288031184887,300.0,0.4472687939426717,0.4589273591310251,0.8597339782345829,0.8328402366863905
4,0.0,398.0,1099,62.217824931186485,62.67261780069301,49.4015476165415,49.70426520592026,0.45479286950652664,0.3027175893787586,1.5023668444237388,0.004642405106240961,0.0035342888284390916,0.004088346967340026,12.968352594772753,260,178,643,456,35,19,991.7874605361023,0.40435458786936235,0.39035087719298245,0.8653846153846154,0.8932584269662921,1087,854,2492,1929,151,132,4271.693199731783,0.43619582664526485,0.4427164333851737,0.8610855565777369,0.8454332552693209,260,178,555,398,225,35,53,330,159,19,39,239,0.432348367029549,0.4342105263157895,0.8653846153846154,0.8932584269662921,0.40540540540540543,0.39949748743718594,260,178,991.7874605361023,400.0,0.43619582664526485,0.4427164333851737,0.8610855565777369,0.8454332552693209
5,0.0,497.5,1166,62.67261780069301,63.12299179339347,49.70658606940537,50.064287572041096,0.45037399270045597,0.3577015026357273,1.2590777208982082,0.004614672070393681,0.0035474757949929482,0.004081073932693314,13.058704221352372,288,228,640,526,42,37,1038.8651156039116,0.45,0.43346007604562736,0.8541666666666666,0.8377192982456141,1375,1082,3132,2455,193,169,5310.558315335695,0.4390166028097063,0.44073319755600815,0.8596363636363636,0.8438077634011091,288,228,537,444,246,42,61,291,191,37,45,253,0.4796875,0.44866920152091255,0.8541666666666666,0.8377192982456141,0.4581005586592179,0.43018018018018017,288,228,1038.8651156039116,500.0,0.4390166028097063,0.44073319755600815,0.8596363636363636,0.8438077634011091
6,0.0,597.0,1110,63.1280602279934,63.57947755477178,50.064287572041096,50.41996941842716,0.4514173267783761,0.35568184638606226,1.2691604347116472,0.004606369660958585,0.003549032906470894,0.00407770128371474,13.15950813634462,295,237,620,490,62,45,992.7321192159051,0.47580645161290325,0.48367346938775513,0.7898305084745763,0.810126582278481,1670,1319,3752,2945,255,214,6303.2904345516,0.4450959488272921,0.4478777589134126,0.8473053892215568,0.8377558756633814,295,237,506,408,233,62,52,273,192,45,37,216,0.4596774193548387,0.4673469387755102,0.7898305084745763,0.810126582278481,0.46047430830039526,0.47058823529411764,295,237,992.7321192159051,600.0,0.4450959488272921,0.4478777589134126,0.8473053892215568,0.8377558756633814
7,0.0,696.5,1125,63.57947755477178,64.07441730058541,50.42149828029016,50.82673686794603,0.49493974581363176,0.40523858765587306,1.2213539403457119,0.004655373631983975,0.003623124562002015,0.004139249096992995,13.247680432639378,303,231,644,481,57,33,1016.4302608177242,0.4704968944099379,0.4802494802494803,0.8118811881188119,0.8571428571428572,1973,1550,4396,3426,312,247,7319.720695369324,0.44881710646041856,0.45242265032107415,0.8418651799290421,0.8406451612903225,303,231,541,408,246,57,46,295,198,33,40,210,0.453416149068323,0.49480249480249483,0.8118811881188119,0.8571428571428571,0.45471349353049906,0.4852941176470588,303,231,1016.4302608177242,700.0,0.44881710646041856,0.45242265032107415,0.8418651799290421,0.8406451612903225
8,0.0,796.0,1166,64.07617167635652,64.57540796699183,50.82673686794603,51.26276802742198,0.4992362906353094,0.4360311594759452,1.1449555376623286,0.004699690260994007,0.0037152729410966944,0.0042074816010453505,13.312639939569856,320,266,642,524,47,51,1069.4745601265715,0.4984423676012461,0.5076335877862596,0.853125,0.8082706766917294,2293,1816,5038,3950,359,298,8389.195255495895,0.4551409289400556,0.45974683544303796,0.8434365460095944,0.8359030837004405,320,266,544,431,273,47,51,271,215,51,42,216,0.5046728971962616,0.4904580152671756,0.853125,0.8082706766917294,0.5018382352941176,0.4988399071925754,320,266,1069.4745601265715,800.0,0.4551409289400556,0.45974683544303796,0.8434365460095944,0.8359030837004405
9,0.0,895.5,1170,64.57931671814589,65.17775102460595,51.26436914565255,51.6581188974282,0.5984343064600637,0.3937497517756512,1.5198341173838674,0.004846772518232585,0.003741743580981757,0.004294258049607171,13.51963212717775,372,255,688,482,68,42,1088.5615992596374,0.5406976744186046,0.529045643153527,0.8172043010752688,0.8352941176470589,2665,2071,5726,4432,427,340,9477.756854755533,0.4654208871812784,0.46728339350180503,0.8397748592870544,0.8358281023660068,372,255,558,402,304,68,62,254,213,42,38,189,0.5319767441860465,0.520746887966805,0.8172043010752689,0.8352941176470589,0.5448028673835126,0.5298507462686567,372,255,1088.5615992596374,900.0,0.4654208871812784,0.46728339350180503,0.8397748592870544,0.8358281023660068
10,0.0,995.0,1174,65.18284298350802,65.67651348287953,51.660682089778554,52.15100837473286,0.493670499371504,0.49032628495430686,1.0068203857713007,0.004860857724682901,0.003860458700188239,0.00436065821243557,13.525505108146668,294,288,620,554,56,47,1109.621851333533,0.47419354838709676,0.51985559566787,0.8095238095238095,0.8368055555555556,2959,2359,6346,4986,483,387,10587.378706089066,0.4662779703750394,0.4731247492980345,0.8367691787766137,0.8359474353539635,294,288,518,462,238,56,46,280,241,47,45,221,0.45806451612903226,0.516245487364621,0.8095238095238095,0.8368055555555556,0.4594594594594595,0.5216450216450217,294,288,1109.621851333533,1000.0,0.4662779703750394,0.4731247492980345,0.8367691787766137,0.8359474353539635
11,0.0,1094.5,1121,65.67815683145109,66.21337747697906,52.15100837473286,52.60697449927397,0.5352206455279713,0.4559661245411064,1.1738166866379125,0.004907019744347668,0.003924022567935769,0.004415521156141718,13.606402977705095,332,248,635,486,51,39,1069.4169259532164,0.5228346456692914,0.5102880658436214,0.8463855421686747,0.842741935483871,3291,2607,6981,5472,534,426,11656.795632042282,0.47142243231628705,0.4764254385964912,0.837739288969918,0.8365937859608745,332,248,538,419,281,51,46,257,209,39,28,210,0.5149606299212598,0.4876543209876543,0.8463855421686747,0.842741935483871,0.5223048327137546,0.4988066825775656,332,248,1069.4169259532164,1100.0,0.47142243231628705,0.4764254385964912,0.837739288969918,0.8365937859608745
12,0.0,1194.0,1133,66.22574586578165,66.74486938815498,52.60697449927397,53.063531010252674,0.5191235223733344,0.4565565109787073,1.1370411107718164,0.004941011358298629,0.003977484446423377,0.004459247902361003,13.681338377902307,333,261,623,510,39,34,1087.665029079505,0.5345104333868379,0.5117647058823529,0.8828828828828829,0.8697318007662835,3624,2868,7604,5982,573,460,12744.460661121786,0.4765912677538138,0.4794383149448345,0.8418874172185431,0.8396094839609484,333,261,529,449,294,39,55,235,227,34,27,222,0.5601926163723917,0.4980392156862745,0.8828828828828829,0.8697318007662835,0.555765595463138,0.5055679287305123,333,261,1087.665029079505,1200.0,0.4765912677538138,0.4794383149448345,0.8418874172185431,0.8396094839609484
13,0.0,1293.5,1284,66.75060739931585,67.3438129860812,53.069895780952606,53.574775910765155,0.5932055867653503,0.5048801298125483,1.1749434206998708,0.0050216594060650595,0.004064789412477334,0.004543224409271197,13.76903707531605,381,309,684,600,64,48,1241.4307079962534,0.5570175438596491,0.515,0.8320209973753281,0.8446601941747574,4005,3177,8288,6582,637,508,13985.891369118039,0.4832287644787645,0.4826800364630811,0.8409488139825219,0.8401007239534152,381,309,569,505,317,64,51,252,261,48,47,244,0.5380116959064327,0.5133333333333333,0.8320209973753281,0.8446601941747572,0.5571177504393673,0.5168316831683168,381,309,1241.4307079962534,1300.0,0.4832287644787645,0.4826800364630811,0.8409488139825219,0.8401007239534152
14,0.0,1393.0,1183,67.34638153926005,67.90000706469299,53.574775910765155,54.04984408082691,0.5536255254329348,0.4750681700617534,1.1653601742271427,0.005060250933211685,0.004113781718773062,0.004587016325992373,13.850162983866078,368,284,661,522,63,43,1156.291532302406,0.556732223903177,0.5440613026819924,0.8288043478260869,0.8485915492957746,4373,3461,8949,7104,700,551,15142.182901420445,0.4886579506090066,0.4871903153153153,0.8399268236908302,0.8407974573822594,368,284,548,445,305,63,50,243,241,43,34,204,0.5370650529500757,0.5268199233716475,0.8288043478260869,0.8485915492957746,0.5565693430656934,0.5415730337078651,368,284,1156.291532302406,1400.0,0.4886579506090066,0.4871903153153153,0.8399268236908302,0.8407974573822594
15,0.0,1492.5,1209,67.91264196723075,68.53023760784465,54.04984408082691,54.50650770463355,0.6175956406138994,0.45666362380664083,1.352408224385746,0.005143054566432019,0.004143972020059285,0.004643513293245652,14.023729903211105,387,277,675,534,65,45,1188.3302333469076,0.5733333333333334,0.5187265917602997,0.8320413436692506,0.8375451263537906,4760,3738,9624,7638,765,596,16330.513134767352,0.4945968412302577,0.48939512961508247,0.8392857142857143,0.8405564472980204,387,277,572,450,322,65,38,250,232,45,39,218,0.5333333333333333,0.5074906367041199,0.8320413436692506,0.8375451263537906,0.5629370629370629,0.5155555555555555,387,277,1188.3302333469076,1500.0,0.4945968412302577,0.48939512961508247,0.8392857142857143,0.8405564472980204
16,0.0,1592.0,1192,68.53326058343558,69.13057389905912,54.50838737963565,55.01416277487914,0.5973133156235377,0.5057753952434894,1.1809853172789877,0.005196823838039055,0.0042022581877090735,0.0046995410128740644,14.116411124179976,353,290,660,532,64,33,1181.833867160859,0.5348484848484848,0.5451127819548872,0.8186968838526912,0.8862068965517241,5113,4028,10284,8170,829,629,17512.34700192821,0.4971800855698172,0.4930232558139535,0.8378642675532955,0.8438430983118173,353,290,548,474,289,64,48,259,257,33,25,217,0.5106060606060606,0.5300751879699248,0.8186968838526912,0.8862068965517241,0.5273722627737226,0.5421940928270043,353,290,1181.833867160859,1600.0,0.4971800855698172,0.4930232558139535,0.8378642675532955,0.8438430983118173
17,0.0,1691.5,1242,69.13170965880028,69.81026432763265,55.01416277487914,55.515855980412354,0.6785546688323763,0.5016932055332148,1.3525291180915788,0.0052909462173153085,0.004250180179922195,0.004770563198618752,14.294408347220298,356,285,708,534,72,35,1239.4176310084422,0.5028248587570622,0.5337078651685393,0.797752808988764,0.8771929824561404,5469,4313,10992,8704,901,664,18751.764632936654,0.49754366812227074,0.49551930147058826,0.835253245565917,0.8460468351495478,356,285,591,463,284,72,45,307,250,35,36,213,0.4646892655367232,0.5355805243445693,0.797752808988764,0.8771929824561403,0.4805414551607445,0.5399568034557235,356,285,1239.4176310084422,1700.0,0.49754366812227074,0.49551930147058826,0.835253245565917,0.8460468351495478
18,0.0,1791.0,1201,69.81235411914088,70.39408718916336,55.52223625250796,55.9963537239116,0.5817330700224801,0.4741174714036376,1.2269808752253817,0.005321350794981517,0.004281002249648319,0.004801176522314918,14.397733465251761,357,285,659,542,56,52,1202.4604766262828,0.5417298937784522,0.525830258302583,0.8431372549019608,0.8175438596491228,5826,4598,11651,9246,957,716,19954.225109562936,0.5000429147712643,0.4972961280553753,0.8357363542739444,0.8442801217920834,357,285,552,450,301,56,51,251,233,52,40,217,0.5341426403641881,0.503690036900369,0.8431372549019608,0.8175438596491228,0.5452898550724637,0.5177777777777778,357,285,1202.4604766262828,1800.0,0.5000429147712643,0.4972961280553753,0.8357363542739444,0.8442801217920834
19,0.0,1890.5,1235,70.396245708919,71.06242129589289,55.99916628524607,56.519471293916226,0.6661755869738926,0.5203050086701566,1.2803558986998134,0.005393034493524349,0.004331011378616634,0.004862022936070491,14.542950001976664,395,304,694,541,59,45,1245.500181414922,0.569164265129683,0.5619223659889094,0.850632911392405,0.8519736842105263,6221,4902,12345,9787,1016,761,21199.725290977858,0.5039287160793844,0.5008684990293246,0.8366822054332101,0.8447572419420645,395,304,591,458,336,59,44,255,259,45,38,199,0.547550432276657,0.5489833641404805,0.850632911392405,0.8519736842105263,0.5685279187817259,0.5655021834061136,395,304,1245.500181414922,1900.0,0.5039287160793844,0.5008684990293246,0.8366822054332101,0.8447572419420645
20,0.0,1990.0,1255,71.06651776263837,71.66476100820849,56.52413606547841,57.06294921224266,0.5982432455701172,0.5388131467642481,1.1102981602486253,0.00542455262500593,0.004386199768849018,0.004905376196927474,14.60181179596583,386,326,694,561,67,49,1275.127279619324,0.5561959654178674,0.5811051693404634,0.8264248704663213,0.8496932515337423,6607,5228,13039,10348,1083,810,22474.85257059718,0.5067106373188128,0.5052183996907615,0.8360829423338882,0.8450650344299924,386,326,570,485,319,67,57,251,277,49,27,208,0.5417867435158501,0.5418894830659536,0.8264248704663213,0.8496932515337423,0.5596491228070175,0.5711340206185567,386,326,1275.127279619324,2000.0,0.5067106373188128,0.5052183996907615,0.8360829423338882,0.8450650344299924
21,0.0,2089.5,1295,71.66946686128207,72.4342715954609,57.06294921224266,57.635036646510095,0.7648047341788242,0.5720874342674378,1.336866863992848,0.005532674208221082,0.00444975570093594,0.004991214954578511,14.799234948950804,413,318,751,544,47,34,1324.2628527488819,0.5499334221038615,0.5845588235294118,0.8861985472154964,0.8930817610062893,7020,5546,13790,10892,1130,844,23799.115423346062,0.5090645395213923,0.5091810503121557,0.8390313390313391,0.847818247385503,413,318,656,475,366,47,48,290,284,34,35,191,0.5512649800266312,0.5863970588235294,0.8861985472154964,0.8930817610062893,0.5579268292682927,0.5978947368421053,413,318,1324.2628527488819,2100.0,0.5090645395213923,0.5091810503121557,0.8390313390313391,0.847818247385503
22,0.0,2189.0,1299,72.43568724089327,73.15099366103384,57.63921123894562,58.197164550579664,0.7153064201405641,0.5579533116340443,1.2820184148485279,0.005606971774016914,0.00450300676183411,0.005054989267925512,14.953829110454173,429,327,715,584,59,44,1336.6490129075296,0.6,0.559931506849315,0.8624708624708625,0.8654434250764527,7449,5873,14505,11476,1189,888,25135.76443625359,0.5135470527404343,0.5117636807249912,0.8403812592294267,0.8487995913502469,429,327,608,502,370,59,48,238,283,44,38,219,0.5846153846153846,0.5496575342465754,0.8624708624708625,0.8654434250764526,0.6085526315789473,0.5637450199203188,429,327,1336.6490129075296,2200.0,0.5135470527404343,0.5117636807249912,0.8403812592294267,0.8487995913502469
23,0.0,2288.5,1202,73.1570527202649,73.7677550402065,58.19977886206805,58.688307922665125,0.6107023199415949,0.4885290605970738,1.2500839135244124,0.005631347513917334,0.004520764455704567,0.005076055984810951,15.07944711754137,393,276,684,518,69,38,1243.5603172863784,0.5745614035087719,0.5328185328185329,0.8244274809160306,0.8623188405797102,7842,6149,15189,11994,1258,926,26379.324753539968,0.5162946869444993,0.5126730031682508,0.839581739352206,0.8494064075459424,393,276,575,443,324,69,40,251,238,38,37,205,0.5321637426900585,0.5308880308880309,0.8244274809160306,0.8623188405797102,0.5634782608695652,0.5372460496613995,393,276,1243.5603172863784,2300.0,0.5162946869444993,0.5126730031682508,0.839581739352206,0.8494064075459424
24,0.0,2388.0,1214,73.76894620531972,74.37414126019962,58.69025964353468,59.171870789835324,0.6051950548798999,0.4816111463006436,1.2566051669039022,0.0056493689591679145,0.004533883798037793,0.005091626378602854,15.202270470364297,383,306,692,522,65,53,1258.9204437497308,0.5534682080924855,0.5862068965517241,0.8302872062663186,0.826797385620915,8225,6455,15881,12516,1323,979,27638.2451972897,0.517914489012027,0.5157398529881752,0.8391489361702128,0.8483346243222308,383,306,579,436,318,65,48,261,253,53,33,183,0.5289017341040463,0.5478927203065134,0.8302872062663186,0.826797385620915,0.5492227979274611,0.5802752293577982,383,306,1258.9204437497308,2400.0,0.517914489012027,0.5157398529881752,0.8391489361702128,0.8483346243222308
25,0.0,2487.5,1323,74.37832855827759,75.04345453076245,59.171870789835324,59.71572183445903,0.6651259724848586,0.5438510446237075,1.2229929114966795,0.005691119509026328,0.004570068863965764,0.0051305941864960465,15.327732696303414,411,330,722,601,70,50,1378.227487430134,0.5692520775623269,0.5490848585690515,0.829683698296837,0.8484848484848485,8636,6785,16603,13117,1393,1029,29016.472684719833,0.5201469613925194,0.5172676679118701,0.8386984715145901,0.8483419307295504,411,330,609,514,341,70,43,268,280,50,37,234,0.5318559556786704,0.5274542429284526,0.829683698296837,0.8484848484848485,0.5599343185550082,0.5447470817120622,411,330,1378.227487430134,2500.0,0.5201469613925194,0.5172676679118701,0.8386984715145901,0.8483419307295504
26,0.0,2587.0,1318,75.05263768253474,75.74263810454237,59.72089053106703,60.28767980187911,0.6900004220076283,0.5667892708120803,1.2173844099395432,0.005741147056286823,0.004614280818205572,0.005177713937246198,15.454958302663258,423,310,749,569,75,35,1375.797606748489,0.5647530040053405,0.5448154657293497,0.8226950354609929,0.8870967741935484,9059,7095,17352,13686,1468,1064,30392.27029146832,0.5220723835869064,0.518412976764577,0.8379512087426868,0.8500352360817477,423,310,620,499,348,75,54,272,275,35,35,224,0.5367156208277704,0.5448154657293497,0.8226950354609929,0.8870967741935484,0.5612903225806452,0.5511022044088176,423,310,1375.797606748489,2600.0,0.5220723835869064,0.518412976764577,0.8379512087426868,0.8500352360817477
27,0.0,2686.5,1320,75.74392109478576,76.47885095920125,60.28767980187911,60.85344894834738,0.7349298644154914,0.5657691464682699,1.2989924760004714,0.005801183407779491,0.004652925656963984,0.005227054532371737,15.625402010853875,436,327,744,576,80,47,1383.970636055872,0.5860215053763441,0.5677083333333334,0.8165137614678899,0.8562691131498471,9495,7422,18096,14262,1548,1111,31776.240927524195,0.5247015915119363,0.5204038704249053,0.8369668246445497,0.8503098895176502,436,327,622,495,356,80,42,266,280,47,34,215,0.5349462365591398,0.5451388888888888,0.8165137614678899,0.8562691131498471,0.572347266881029,0.5656565656565656,436,327,1383.970636055872,2700.0,0.5247015915119363,0.5204038704249053,0.8369668246445497,0.8503098895176502
28,0.0,2786.0,1340,76.48758124673682,77.13734759910602,60.8593432683943,61.42900310601587,0.6497663523691983,0.5696598376215718,1.140621664820334,0.005829175657467641,0.004692304796954017,0.005260740227210829,15.708344493090152,408,335,725,615,80,52,1410.2483158664702,0.5627586206896552,0.5447154471544715,0.803921568627451,0.844776119402985,9903,7757,18821,14877,1628,1163,33186.489243390664,0.526167578768397,0.5214088862001748,0.8356053721094618,0.8500709036998839,408,335,592,529,328,80,53,264,283,52,34,246,0.5255172413793103,0.5154471544715448,0.803921568627451,0.844776119402985,0.5540540540540541,0.5349716446124764,408,335,1410.2483158664702,2800.0,0.526167578768397,0.5214088862001748,0.8356053721094618,0.8500709036998839
29,0.0,2885.5,1360,77.13734759910602,77.87809923698548,61.43252917671528,61.98063801463932,0.7407516378794554,0.5481088379240404,1.351468151261798,0.005883601199582362,0.004720720117274034,0.005302160658428198,15.897461222346159,436,345,751,609,60,57,1435.1111747622951,0.5805592543275633,0.5665024630541872,0.8623853211009174,0.8347826086956522,10339,8102,19572,15486,1688,1220,34621.60041815296,0.5282546494992847,0.523182229110164,0.8367346938775511,0.8494198963218959,436,345,634,516,376,60,57,258,288,57,36,228,0.5765645805592543,0.5320197044334976,0.8623853211009175,0.8347826086956521,0.5930599369085173,0.5581395348837209,436,345,1435.1111747622951,2900.0,0.5282546494992847,0.523182229110164,0.8367346938775511,0.8494198963218959
30,0.0,2985.0,1313,77.87980618128516,78.51268637355498,61.98063801463932,62.57594415994132,0.6328801922698233,0.5953061453020041,1.0631171830903199,0.005899010205119452,0.0047617981617989,0.005330404183459176,15.936742213613662,389,339,695,618,59,50,1389.9368433656362,0.5597122302158274,0.5485436893203883,0.8483290488431876,0.8525073746312685,10728,8441,20267,16104,1747,1270,36011.53726151859,0.529333399121725,0.5241554893194238,0.8371551081282624,0.8495438929036844,389,339,575,523,330,59,61,245,289,50,45,234,0.5625899280575539,0.540453074433657,0.8483290488431876,0.8525073746312685,0.5739130434782609,0.5525812619502868,389,339,1389.9368433656362,3000.0,0.529333399121725,0.5241554893194238,0.8371551081282624,0.8495438929036844
31,0.0,3084.5,1342,78.51268637355498,79.2356252437846,62.57594415994132,63.15344964270206,0.722938870229612,0.5775054827607349,1.2518303147073866,0.005941925640512248,0.004794483860695947,0.005368204750604098,16.08217560108254,444,345,756,586,74,51,1424.689220425343,0.5873015873015873,0.5887372013651877,0.8333333333333334,0.8521739130434782,11172,8786,21023,16690,1821,1321,37436.22648194394,0.5314179707938924,0.5264230077890952,0.8370032223415682,0.8496471659458229,444,345,641,499,370,74,41,271,294,51,36,205,0.5436507936507936,0.5631399317406144,0.8333333333333334,0.8521739130434782,0.5772230889235569,0.5891783567134269,444,345,1424.689220425343,3100.0,0.5314179707938924,0.5264230077890952,0.8370032223415682,0.8496471659458229
32,0.0,3184.0,1339,79.2406431362751,79.95019738472381,63.15344964270206,63.705070722023656,0.7095542484487112,0.551621079321599,1.286307349460509,0.005979544258289744,0.0048170378273371985,0.005398291042813471,16.24512666270015,426,338,756,583,60,50,1423.710568106582,0.5634920634920635,0.5797598627787307,0.8591549295774648,0.8520710059171598,11598,9124,21779,17273,1881,1371,38859.93705005052,0.5325313375269756,0.5282232385804435,0.8378168649767201,0.8497369574747917,426,338,636,501,366,60,60,270,288,50,32,213,0.5634920634920635,0.548885077186964,0.8591549295774648,0.8520710059171598,0.5754716981132075,0.5748502994011976,426,338,1423.710568106582,3200.0,0.5325313375269756,0.5282232385804435,0.8378168649767201,0.8497369574747917
33,0.0,3283.5,1399,79.95019738472381,80.60171232239006,63.71230665938302,64.31130495727442,0.6515149376662492,0.5989982978913986,1.0876741051848067,0.005995774716422251,0.004854774328099938,0.0054252745222610945,16.29040736511564,448,349,781,618,70,49,1490.0483337559676,0.5736235595390525,0.5647249190938511,0.84375,0.8595988538681949,12046,9473,22560,17891,1951,1420,40349.98538380649,0.5339539007092199,0.5294840981499078,0.8380375228291549,0.8501002850205848,448,349,642,524,378,70,69,264,300,49,45,224,0.5723431498079385,0.558252427184466,0.84375,0.8595988538681948,0.5887850467289719,0.5725190839694656,448,349,1490.0483337559676,3300.0,0.5339539007092199,0.5294840981499078,0.8380375228291549,0.8501002850205848
34,0.0,3383.0,1304,80.60550872666349,81.29640895400085,64.31381846012415,64.87711182299695,0.6909002273373659,0.5632933628727983,1.2265371347778218,0.0060237509399424195,0.004878400631897744,0.005451075785920082,16.4192971310039,403,338,717,587,54,56,1392.0352824033223,0.5620641562064156,0.575809199318569,0.8660049627791564,0.834319526627219,12449,9811,23277,18478,2005,1476,41742.02066620981,0.534819779181166,0.5309557311397337,0.8389428869788738,0.8495566201202731,403,338,605,498,349,54,58,256,282,56,33,216,0.5676429567642957,0.5366269165247018,0.8660049627791563,0.834319526627219,0.5768595041322314,0.5662650602409639,403,338,1392.0352824033223,3400.0,0.534819779181166,0.5309557311397337,0.8389428869788738,0.8495566201202731
35,0.0,3482.5,1455,81.30428592356711,82.06381781993296,64.88093572256003,65.47582734580945,0.759531896365857,0.5948916232494241,1.2767567514518574,0.006070903446210382,0.004910079334647093,0.005490491390428738,16.587990474123515,494,377,806,649,79,65,1556.0692660944671,0.6129032258064516,0.5808936825885979,0.840080971659919,0.8275862068965517,12943,10188,24083,19127,2084,1541,43298.08993230428,0.5374330440559731,0.5326501803732943,0.8389863246542533,0.8487436199450333,494,377,679,539,415,79,48,264,312,65,45,227,0.5744416873449132,0.5500770416024653,0.840080971659919,0.8275862068965517,0.6111929307805597,0.5788497217068646,494,377,1556.0692660944671,3500.0,0.5374330440559731,0.5326501803732943,0.8389863246542533,0.8487436199450333
36,0.0,3582.0,1400,82.07129596601597,82.86247943896187,65.48076693138553,66.04256995802577,0.7911834729459031,0.5618030266402343,1.4082933616029782,0.0061241176891014566,0.004931116745411429,0.005527617217256442,16.819909480936104,461,339,797,603,63,44,1502.507026858589,0.5784190715181933,0.5621890547263682,0.8633405639913232,0.8702064896755162,13404,10527,24880,19730,2147,1585,44800.596959162875,0.5387459807073955,0.5335529650278763,0.8398239331542823,0.849434786738862,461,339,679,518,398,63,55,281,295,44,41,223,0.5683814303638645,0.5572139303482587,0.8633405639913232,0.8702064896755162,0.5861561119293078,0.5694980694980695,461,339,1502.507026858589,3600.0,0.5387459807073955,0.5335529650278763,0.8398239331542823,0.849434786738862
37,0.0,3681.5,1405,82.8655531282438,83.60228688030905,66.04528497907009,66.68182416505435,0.7367337520652484,0.6365391859842617,1.157405181467436,0.006158548951922277,0.004970614727164792,0.005564581839543534,16.9204627152547,420,367,763,642,55,55,1510.8726007814055,0.5504587155963303,0.5716510903426791,0.8690476190476191,0.8501362397820164,13824,10894,25643,20372,2202,1640,46311.46955994428,0.5390944897242912,0.5347535833496957,0.8407118055555556,0.8494584174775106,420,367,652,553,365,55,56,287,312,55,34,241,0.5517693315858454,0.5389408099688473,0.8690476190476191,0.8501362397820164,0.5598159509202454,0.5641952983725136,420,367,1510.8726007814055,3700.0,0.5390944897242912,0.5347535833496957,0.8407118055555556,0.8494584174775106
38,0.0,3781.0,1381,83.60340969160973,84.33647182356867,66.68662634497937,67.2423807925937,0.7330621319589454,0.5557544476143335,1.3190396138181784,0.006189688438255801,0.00498732397843397,0.005588506208344886,17.094091030974965,459,329,770,611,85,45,1487.055538542135,0.5961038961038961,0.5384615384615384,0.8148148148148149,0.8632218844984803,14283,11223,26413,20983,2287,1685,47798.52509848641,0.5407564456896226,0.5348615545918124,0.8398795771196528,0.8498618907600464,459,329,634,518,374,85,51,260,284,45,48,234,0.551948051948052,0.5433715220949263,0.8148148148148148,0.8632218844984803,0.5899053627760252,0.5482625482625483,459,329,1487.055538542135,3800.0,0.5407564456896226,0.5348615545918124,0.8398795771196528,0.8498618907600464
39,0.0,3880.5,1438,84.33647182356867,85.10275858982673,67.2423807925937,67.91700084413588,0.7662867662580624,0.6746200515421776,1.1358790248026798,0.0062274622645205405,0.005032423376818272,0.005629942820669406,17.18575774569085,455,365,794,644,78,41,1551.6865338939638,0.5730478589420654,0.5667701863354038,0.8285714285714285,0.8876712328767123,14738,11588,27207,21627,2365,1726,49350.21163238037,0.5416988275076268,0.5358117168354372,0.8395304654634279,0.8510528132550914,455,365,676,573,377,78,40,299,324,41,30,249,0.5251889168765743,0.5496894409937888,0.8285714285714286,0.8876712328767123,0.5576923076923077,0.5654450261780105,455,365,1551.6865338939638,3900.0,0.5416988275076268,0.5358117168354372,0.8395304654634279,0.8510528132550914
40,0.0,3980.0,1396,85.11139472040009,85.87147298487663,67.92138431997898,68.57939793306171,0.7600782644765474,0.6580136130827299,1.1551102429563038,0.006263954306670001,0.005072212064629273,0.005668083185649637,17.29207505181492,416,383,750,646,45,50,1510.7993494652058,0.5546666666666666,0.5928792569659442,0.8918269230769231,0.8694516971279374,15154,11971,27957,22273,2410,1776,50861.010981845575,0.5420467145974175,0.5374668881605531,0.8409660815626238,0.8516414668782892,416,383,647,555,371,45,58,276,333,50,41,222,0.572,0.5789473684210527,0.8918269230769231,0.8694516971279374,0.5734157650695518,0.6,416,383,1510.7993494652058,4000.0,0.5420467145974175,0.5374668881605531,0.8409660815626238,0.8516414668782892
41,0.0,4079.5,1405,85.87291132187858,86.6364182224391,68.58352570657489,69.22415802722651,0.7635069005605288,0.6406323206516191,1.1918020305062471,0.006297746942498165,0.00510575813480046,0.005701752538649313,17.412260195212596,469,360,800,605,70,45,1524.5846498293042,0.58625,0.5950413223140496,0.8507462686567164,0.875,15623,12331,28757,22878,2480,1821,52385.59563167488,0.543276419654345,0.5389894221522861,0.8412596812391986,0.8523234125375071,469,360,675,523,399,70,55,276,315,45,37,208,0.5675,0.5818181818181818,0.8507462686567164,0.875,0.5911111111111111,0.6022944550669216,469,360,1524.5846498293042,4100.0,0.543276419654345,0.5389894221522861,0.8412596812391986,0.8523234125375071
42,0.0,4179.0,1447,86.64142996727786,87.473149899566,69.22826065777998,69.8771429560034,0.8317199322881379,0.6488822982234126,1.2817731883969097,0.0063470224146117546,0.005139665067013994,0.005743343740812874,17.5960069435626,470,375,804,643,69,57,1574.2410606292551,0.5845771144278606,0.583203732503888,0.8531914893617021,0.848,16093,12706,29561,23521,2549,1878,53959.83669230413,0.5443997158418186,0.5401981208281961,0.8416081526129373,0.8521958130017315,470,375,689,560,401,69,46,288,318,57,26,242,0.5559701492537313,0.5349922239502333,0.8531914893617021,0.848,0.5820029027576198,0.5678571428571428,470,375,1574.2410606292551,4200.0,0.5443997158418186,0.5401981208281961,0.8416081526129373,0.8521958130017315
43,0.0,4278.5,1398,87.4779554938697,88.1958821575779,69.88090457967851,70.51693832729948,0.717926663708198,0.6360337476209708,1.1287556146093516,0.006367494511484017,0.005168927593663922,0.00576821105257397,17.678943830278413,459,361,780,618,93,60,1525.3877618210201,0.5884615384615385,0.5841423948220065,0.7973856209150327,0.8337950138504155,16552,13067,30341,24139,2642,1938,55485.22445412515,0.5455324478428529,0.5413231699739012,0.8403818269695504,0.8516874569526287,459,361,634,529,366,93,53,268,301,60,29,228,0.5371794871794872,0.5339805825242718,0.7973856209150327,0.8337950138504155,0.5772870662460567,0.5689981096408318,459,361,1525.3877618210201,4300.0,0.5455324478428529,0.5413231699739012,0.8403818269695504,0.8516874569526287
44,0.0,4378.0,1442,88.19795458899438,89.01424171087649,70.51693832729948,71.15560042104184,0.8162871218821124,0.6386620937423544,1.2781205114255842,0.006408769534699969,0.005196602442385731,0.00580268598854285,17.85864128983465,491,391,811,631,80,62,1577.7613072754255,0.6054254007398274,0.6196513470681458,0.8370672097759674,0.8414322250639386,17043,13458,31152,24770,2722,2000,57062.985761400574,0.5470916795069337,0.5433185304804199,0.8402863345655107,0.8513895080992718,491,391,677,548,411,80,54,266,329,62,21,219,0.5733662145499383,0.554675118858954,0.8370672097759674,0.8414322250639387,0.6070901033973413,0.6003649635036497,491,391,1577.7613072754255,4400.0,0.5470916795069337,0.5433185304804199,0.8402863345655107,0.8513895080992718
45,0.0,4477.5,1442,89.02358915208656,89.82835503022257,71.16184125259176,71.74171392831613,0.8047658781360099,0.5798726757243742,1.3878320393881298,0.006447266504894653,0.005211369834171447,0.00582931816953305,18.086641101906437,504,363,833,609,71,49,1580.3555608044633,0.6050420168067226,0.5960591133004927,0.8591269841269842,0.8650137741046832,17547,13821,31985,25379,2793,2049,58643.34132220504,0.5486009066750039,0.5445841049686749,0.8408274918789537,0.8517473410028218,504,363,715,513,433,71,47,282,314,49,47,199,0.5762304921968787,0.5927750410509032,0.8591269841269841,0.8650137741046832,0.6055944055944056,0.6120857699805068,504,363,1580.3555608044633,4500.0,0.5486009066750039,0.5445841049686749,0.8408274918789537,0.8517473410028218
46,0.0,4577.0,1510,89.83658167081549,90.70220076194204,71.74553557107147,72.4000998081206,0.8656190911265469,0.6545642370491294,1.322435663501696,0.00649707500081422,0.005241206550777386,0.005869140775795803,18.302100953821437,523,386,857,653,83,52,1658.5283308519251,0.6102683780630105,0.5911179173047473,0.8413001912045889,0.8652849740932642,18070,14207,32842,26032,2876,2101,60301.869653056965,0.5502100968272334,0.5457513829133375,0.840841173215274,0.8521151545013022,523,386,723,570,440,83,51,283,334,52,31,236,0.572928821470245,0.55895865237366,0.8413001912045889,0.8652849740932642,0.6085753803596127,0.5859649122807018,523,386,1658.5283308519251,4600.0,0.5502100968272334,0.5457513829133375,0.840841173215274,0.8521151545013022
47,0.0,4676.5,1427,90.70634763985811,91.50792173945935,72.40183647183358,73.01698478002785,0.8015740996012397,0.6151483081942786,1.3030582851706118,0.006530269357715473,0.0052609436394645175,0.005895606498589995,18.490936959431494,480,360,794,633,73,50,1570.088539209659,0.6045340050377834,0.5687203791469194,0.8479166666666667,0.8611111111111112,18550,14567,33636,26665,2949,2151,61871.958192266626,0.5514924485670115,0.5462966435402212,0.8410242587601078,0.8523374751149859,480,360,667,545,407,73,54,260,310,50,38,235,0.5806045340050378,0.5497630331753555,0.8479166666666667,0.8611111111111112,0.6101949025487257,0.5688073394495413,480,360,1570.088539209659,4700.0,0.5514924485670115,0.5462966435402212,0.8410242587601078,0.8523374751149859
48,0.0,4776.0,1476,91.50792173945935,92.3595906333635,73.01698478002785,73.61480046425467,0.8516688939041472,0.5978156842268163,1.4246345761330292,0.006571653098993098,0.005275885581189594,0.005923769340091346,18.744790169108825,494,369,875,601,85,54,1626.6094932412207,0.5645714285714286,0.6139767054908486,0.8279352226720648,0.8536585365853658,19044,14936,34511,27266,3034,2205,63498.56768550785,0.5518240560980557,0.5477884544854398,0.8406847300987188,0.8523701124799143,494,369,728,500,409,85,62,319,315,54,47,185,0.5382857142857143,0.6023294509151415,0.8279352226720648,0.8536585365853658,0.5618131868131868,0.63,494,369,1626.6094932412207,4800.0,0.5518240560980557,0.5477884544854398,0.8406847300987188,0.8523701124799143
49,0.0,4875.5,1533,92.36361901673355,93.16174357335927,73.6197775798964,74.20821931561828,0.7981245566257229,0.5884417357218865,1.3563357392497024,0.0066012424112576835,0.005289320334912992,0.005945281373085337,18.953524257740995,500,352,899,634,100,51,1692.2451798318407,0.5561735261401557,0.555205047318612,0.8,0.8551136363636364,19544,15288,35410,27900,3134,2256,65190.81286533969,0.5519344817848065,0.5479569892473118,0.8396438804748261,0.8524332810047096,500,352,737,528,400,100,62,337,301,51,55,227,0.5139043381535039,0.5615141955835962,0.8,0.8551136363636364,0.5427408412483039,0.5700757575757576,500,352,1692.2451798318407,4900.0,0.5519344817848065,0.5479569892473118,0.8396438804748261,0.8524332810047096
50,0.0,4975.0,1616,93.16642772744751,94.0072458191792,74.21229077338904,74.89851228305727,0.8408180917316912,0.6862215096682291,1.2252867039073223,0.006638318012196515,0.00532159252170253,0.005979955266949523,19.10873353612193,499,405,901,715,75,60,1784.475433094938,0.5538290788013318,0.5664335664335665,0.8496993987975952,0.8518518518518519,20043,15693,36311,28615,3209,2316,66975.28829843464,0.5519814932114235,0.5484186615411497,0.8398942274110662,0.8524182756643089,499,405,765,599,424,75,61,341,345,60,56,254,0.5382907880133185,0.5608391608391609,0.8496993987975952,0.8518518518518519,0.5542483660130719,0.5759599332220368,499,405,1784.475433094938,5000.0,0.5519814932114235,0.5484186615411497,0.8398942274110662,0.8524182756643089
51,0.0,5074.5,1525,94.0099972555222,94.8157338294166,74.90238708712634,75.50126902927259,0.8057365738944071,0.5988819421462495,1.3454013507350717,0.006666681974749015,0.00533543516759372,0.006001058571171367,19.31446480014401,492,367,881,644,80,52,1684.8376567534424,0.5584562996594779,0.5698757763975155,0.8373983739837398,0.8583106267029973,20535,16060,37192,29259,3289,2368,68660.12595518808,0.5521348677134867,0.5488909395399706,0.8398344290236182,0.8525529265255293,492,367,737,551,412,80,64,325,315,52,41,236,0.5402951191827469,0.5527950310559007,0.8373983739837398,0.8583106267029973,0.5590230664857531,0.5716878402903811,492,367,1684.8376567534424,5100.0,0.5521348677134867,0.5488909395399706,0.8398344290236182,0.8525529265255293
52,0.0,5174.0,1530,94.82361841877861,95.57942922715249,75.50333464643955,76.1770450493892,0.7558108083738801,0.6737104029496521,1.1218630513419037,0.006685341051722281,0.005362787572085497,0.006024064311903889,19.40238417776328,476,369,862,668,70,61,1690.9384274214053,0.5522041763341067,0.5523952095808383,0.8529411764705882,0.8346883468834688,21011,16429,38054,29927,3359,2429,70351.06438260949,0.5521364376938035,0.5489691582851606,0.8401313597639332,0.8521516829995739,476,369,746,558,406,70,46,340,308,61,49,250,0.5243619489559165,0.5344311377245509,0.8529411764705882,0.8346883468834688,0.5442359249329759,0.5519713261648745,476,369,1690.9384274214053,5200.0,0.5521364376938035,0.5489691582851606,0.8401313597639332,0.8521516829995739
53,0.0,5273.5,1619,95.58009589381916,96.40192568942446,76.18087635297897,76.83046350021104,0.8218297956052965,0.6495871472320687,1.2651571064901215,0.006714390553061855,0.005384889401069136,0.006049639977065495,19.57146218921342,458,421,873,746,73,66,1789.034828414424,0.5246277205040092,0.564343163538874,0.8406113537117904,0.8432304038004751,21469,16850,38927,30673,3432,2495,72140.09921102392,0.5515195108793383,0.5493430704528413,0.8401415995155805,0.8519287833827893,458,421,757,632,385,73,43,372,355,66,48,277,0.49026345933562426,0.5402144772117963,0.8406113537117904,0.8432304038004751,0.5085865257595773,0.5617088607594937,458,421,1789.034828414424,5300.0,0.5515195108793383,0.5493430704528413,0.8401415995155805,0.8519287833827893
54,0.0,5373.0,1631,96.40290073101787,97.20037177383352,76.83208186979367,77.50082996750892,0.7974710428156584,0.6687480977152518,1.1924834560878497,0.006737910373266092,0.005409311165363759,0.006073610769314926,19.699541806324603,484,378,906,725,69,57,1800.4159140336255,0.5342163355408388,0.5213793103448275,0.8574380165289256,0.8492063492063492,21953,17228,39833,31398,3501,2552,73940.51512505754,0.5511259508447769,0.5486973692591884,0.8405229353619095,0.8518690503830972,484,378,757,617,415,69,80,342,321,57,51,296,0.5463576158940397,0.5131034482758621,0.8574380165289256,0.8492063492063492,0.5482166446499339,0.520259319286872,484,378,1800.4159140336255,5400.0,0.5511259508447769,0.5486973692591884,0.8405229353619095,0.8518690503830972
55,0.0,5472.5,1553,97.20037177383352,98.00949381260753,77.50260152059275,78.0523868217203,0.8091220387740066,0.5497853011275566,1.4717054768735638,0.006762516009892892,0.005411243117668306,0.0060868795637805985,19.957106990887226,448,368,886,667,70,66,1713.7332101118795,0.5056433408577878,0.5517241379310345,0.84375,0.8206521739130435,22401,17596,40719,32065,3571,2618,75654.24833516942,0.5501363000073676,0.5487603305785124,0.8405874737734922,0.8512161854967037,448,368,749,556,378,70,67,371,302,66,45,254,0.5022573363431151,0.52023988005997,0.84375,0.8206521739130435,0.5046728971962616,0.5431654676258992,448,368,1713.7332101118795,5500.0,0.5501363000073676,0.5487603305785124,0.8405874737734922,0.8512161854967037
56,0.0,5572.0,1510,98.01449384378155,98.79794324447454,78.05643890754958,78.61330206326603,0.7834494006929873,0.5568631557164565,1.406897534251492,0.006782551336835341,0.005414777212271681,0.006098664274553511,20.184641181208505,447,346,853,657,71,55,1663.7229384367213,0.5240328253223916,0.5266362252663622,0.8411633109619687,0.8410404624277457,22848,17942,41572,32722,3642,2673,77317.97127360615,0.5496006927739825,0.5483161175967239,0.8405987394957983,0.8510199531824769,447,346,719,551,376,71,63,343,291,55,51,260,0.5146541617819461,0.5205479452054794,0.8411633109619687,0.8410404624277457,0.5229485396383866,0.5281306715063521,447,346,1663.7229384367213,5600.0,0.5496006927739825,0.5483161175967239,0.8405987394957983,0.8510199531824769
57,0.0,5671.5,1558,98.8021562159179,99.53107024570613,78.61546456291015,79.19952233003949,0.7289140297882284,0.5840577671293374,1.2480170127192454,0.006792177980264826,0.005422626781665766,0.006107402380965295,20.331547915666647,445,345,892,666,63,43,1714.6533267478333,0.49887892376681614,0.5180180180180181,0.8584269662921349,0.8753623188405797,23293,18287,42464,33388,3705,2716,79032.62460035399,0.5485352298417483,0.5477117527255301,0.8409393379985404,0.8514791928692513,445,345,762,565,382,63,67,380,302,43,58,263,0.5033632286995515,0.5405405405405406,0.8584269662921349,0.8753623188405797,0.5013123359580053,0.5345132743362832,445,345,1714.6533267478333,5700.0,0.5485352298417483,0.5477117527255301,0.8409393379985404,0.8514791928692513
58,0.0,5771.0,1551,99.53408745428669,100.2962313726017,79.19952233003949,79.77657386579331,0.7621439183150045,0.5770515357538244,1.3207553764143212,0.006806995795587081,0.005428624860560119,0.0061178103280736,20.519657506808386,479,335,890,661,67,40,1704.5327175561397,0.5382022471910113,0.5068078668683812,0.860125260960334,0.8805970149253731,23772,18622,43354,34049,3772,2756,80737.15731791013,0.5483231074410666,0.5469176774648301,0.8413259296651523,0.8520030071957899,479,335,767,573,412,67,56,355,295,40,48,278,0.5258426966292135,0.518910741301059,0.860125260960334,0.8805970149253731,0.5371577574967406,0.5148342059336823,479,335,1704.5327175561397,5800.0,0.5483231074410666,0.5469176774648301,0.8413259296651523,0.8520030071957899
59,0.0,5870.5,1645,100.29924470828004,101.12788872271699,79.77657386579331,80.33467744437517,0.8286440144369465,0.5581035785818642,1.4847495092981178,0.006832581858393282,0.005431208096581449,0.006131894977487366,20.793211278341815,496,341,955,690,90,49,1805.0537246403753,0.5193717277486911,0.49420289855072463,0.8185483870967742,0.8563049853372434,24268,18963,44309,34739,3862,2805,82542.2110425505,0.5476991130470108,0.5458706353090187,0.8408603922861382,0.8520803670305331,496,341,789,586,406,90,76,383,292,49,55,294,0.5047120418848168,0.5028985507246376,0.8185483870967742,0.8563049853372434,0.514575411913815,0.49829351535836175,496,341,1805.0537246403753,5900.0,0.5476991130470108,0.5458706353090187,0.8408603922861382,0.8520803670305331
60,0.0,5970.0,1626,101.12788872271699,101.88562443352906,80.33467744437517,80.93907814000974,0.7577357108120708,0.6044006956345669,1.253697615315475,0.006844994779222072,0.005441421410910853,0.006143208095066462,20.94654629351932,458,383,901,725,66,53,1781.3034258104458,0.5083240843507214,0.5282758620689655,0.8558951965065502,0.8616187989556136,24726,19346,45210,35464,3928,2858,84323.51446836094,0.546914399469144,0.545510940672231,0.8411388821483459,0.8522692029360075,458,383,775,617,392,66,60,383,330,53,55,287,0.5016648168701443,0.5310344827586206,0.8558951965065502,0.8616187989556136,0.5058064516129033,0.5348460291734197,458,383,1781.3034258104458,6000.0,0.546914399469144,0.545510940672231,0.8411388821483459,0.8522692029360075
61,0.0,6069.5,1626,101.88629110019572,102.63850214033873,80.93907814000974,81.52264838766651,0.7522110401430098,0.5835702476567661,1.2889811349420126,0.0068562043249413285,0.005447885034938014,0.006152044679939671,21.115853752672223,454,355,938,688,66,41,1777.671318875164,0.4840085287846482,0.5159883720930233,0.8546255506607929,0.8845070422535212,25180,19701,46148,36152,3994,2899,86101.1857872361,0.5456357805322007,0.5449491037840231,0.8413820492454329,0.8528501091315162,454,355,812,601,388,66,60,424,314,41,46,287,0.47761194029850745,0.5232558139534884,0.8546255506607929,0.8845070422535212,0.47783251231527096,0.5224625623960066,454,355,1777.671318875164,6100.0,0.5456357805322007,0.5449491037840231,0.8413820492454329,0.8528501091315162
62,0.0,6169.0,1671,102.6435847315486,103.52617005069214,81.52515983353895,82.17358130673779,0.8825853191435442,0.6484214731988374,1.3611290736401953,0.006888792627821857,0.005465005101966639,0.006176898864894248,21.352588743954357,504,392,950,721,66,65,1823.3323858674846,0.5305263157894737,0.5436893203883495,0.8690476190476191,0.8341836734693877,25684,20093,47098,36873,4060,2964,87924.51817310358,0.5453310119325662,0.5449244704797548,0.8419249338109329,0.8524859403772458,504,392,827,609,438,66,57,389,327,65,47,282,0.5210526315789473,0.5187239944521498,0.8690476190476191,0.8341836734693877,0.5296251511487303,0.5369458128078818,504,392,1823.3323858674846,6200.0,0.5453310119325662,0.5449244704797548,0.8419249338109329,0.8524859403772458
63,0.0,6268.5,1731,103.53078682510134,104.3571422592303,82.17622547127266,82.84484336770491,0.8263554341289563,0.6686178964322522,1.235915817596855,0.0069113470636561385,0.005484808522723855,0.006198077793189997,21.51229889152539,503,390,984,747,84,53,1887.8036886851287,0.5111788617886179,0.5220883534136547,0.8330019880715706,0.8641025641025641,26187,20483,48082,37620,4144,3017,89812.32186178872,0.5446320868516284,0.5444710260499734,0.8417535418337343,0.8527071229800323,503,390,843,657,419,84,57,424,337,53,37,320,0.483739837398374,0.500669344042838,0.8330019880715706,0.8641025641025641,0.4970344009489917,0.512937595129376,503,390,1887.8036886851287,6300.0,0.5446320868516284,0.5444710260499734,0.8417535418337343,0.8527071229800323
64,0.0,6368.0,1707,104.35877283998528,105.16911532852578,82.8478037362729,83.50522290420707,0.8103424885404991,0.6574191679341794,1.2326115940410642,0.00693022805786393,0.005502292692134758,0.006216260374999344,21.663892424318703,440,380,938,769,71,55,1859.4070368724292,0.4690831556503198,0.494148244473342,0.8386363636363636,0.8552631578947368,26627,20863,49020,38389,4215,3072,91671.72889866115,0.5431864545083639,0.5434629711636145,0.8417020317722612,0.8527536787614437,440,380,795,658,369,71,72,426,325,55,56,333,0.4701492537313433,0.49544863459037713,0.8386363636363636,0.8552631578947368,0.4641509433962264,0.4939209726443769,440,380,1859.4070368724292,6400.0,0.5431864545083639,0.5434629711636145,0.8417020317722612,0.8527536787614437
65,0.0,6467.5,1682,105.17107492415106,106.0049300251734,83.50775121918448,84.1280155570048,0.833855101022337,0.6202643378203163,1.344354415010549,0.006952196041073349,0.005513456289609258,0.0062328261653413035,21.876914468168593,504,347,1008,674,72,38,1830.0959130615727,0.5,0.5148367952522255,0.8571428571428572,0.8904899135446686,27131,21210,50028,39063,4287,3110,93501.82481172272,0.5423163028703926,0.54296904999616,0.8419888688216431,0.8533710513908533,504,347,839,601,432,72,97,407,309,38,35,292,0.5248015873015873,0.5103857566765578,0.8571428571428571,0.8904899135446686,0.5148986889153755,0.5141430948419301,504,347,1830.0959130615727,6500.0,0.5423163028703926,0.54296904999616,0.8419888688216431,0.8533710513908533
66,0.0,6567.0,1689,106.00999901439327,106.87410566072407,84.1280155570048,84.78149035967374,0.8641066463307965,0.6534748026689385,1.3223258843364578,0.006978553015534461,0.005528930406837745,0.006253741711186103,22.09261530105033,488,375,957,732,68,47,1835.2828637446225,0.509926854754441,0.5122950819672131,0.860655737704918,0.8746666666666667,27619,21585,50985,39795,4355,3157,95337.10767546734,0.5417083455918408,0.5424048247267245,0.8423186936529201,0.8537410238591614,488,375,832,618,420,68,57,412,328,47,67,290,0.49843260188087773,0.5396174863387978,0.860655737704918,0.8746666666666667,0.5048076923076923,0.5307443365695793,488,375,1835.2828637446225,6600.0,0.5417083455918408,0.5424048247267245,0.8423186936529201,0.8537410238591614
67,0.0,6666.5,1666,106.87930127622808,107.63760675582596,84.78332308877293,85.4514023674917,0.7583054795978796,0.6680792787187642,1.1350531347898567,0.006988350895168556,0.005546395924320459,0.006267373409744507,22.18620438833426,496,385,948,718,84,47,1808.3892620134739,0.5232067510548524,0.5362116991643454,0.8306451612903226,0.8779220779220779,28115,21970,51933,40513,4439,3204,97145.49693748081,0.541370612134866,0.5422950657813541,0.8421127512004268,0.8541647701411015,496,385,796,627,412,84,68,384,338,47,44,289,0.5063291139240507,0.532033426183844,0.8306451612903226,0.8779220779220779,0.5175879396984925,0.5390749601275917,496,385,1808.3892620134739,6700.0,0.541370612134866,0.5422950657813541,0.8421127512004268,0.8541647701411015
68,0.0,6766.0,1695,107.64732149769846,108.49791209718309,85.46002752551729,86.07651247499764,0.850590599484633,0.6164849494803519,1.3797426850430228,0.0070120965204391855,0.005556759235360738,0.0062844278778999615,22.421399622185447,495,388,969,726,78,56,1837.9068261249117,0.5108359133126935,0.5344352617079889,0.8424242424242424,0.8556701030927836,28610,22358,52902,41239,4517,3260,98983.40376360572,0.5408113114816075,0.5421566963311428,0.8421181405103111,0.8541908936398604,495,388,824,627,417,78,67,407,332,56,43,295,0.49948400412796695,0.5165289256198347,0.8424242424242424,0.8556701030927835,0.5060679611650486,0.529505582137161,495,388,1837.9068261249117,6800.0,0.5408113114816075,0.5421566963311428,0.8421181405103111,0.8541908936398604
69,0.0,6865.5,1720,108.50198671596796,109.41614778824403,86.07651247499764,86.66668891655613,0.9141610722760731,0.5901764415584836,1.5489623236434866,0.007043549569572088,0.00556175931043645,0.006302654440004269,22.749458871687906,528,345,1014,706,76,51,1862.4679712043144,0.5207100591715976,0.4886685552407932,0.8560606060606061,0.8521739130434782,29138,22703,53916,41945,4593,3311,100845.87173481003,0.5404332665628014,0.5412564071999046,0.8423707872880775,0.8541602431396732,528,345,866,598,452,76,72,414,294,51,57,304,0.5167652859960552,0.4971671388101983,0.8560606060606061,0.8521739130434782,0.5219399538106235,0.4916387959866221,528,345,1862.4679712043144,6900.0,0.5404332665628014,0.5412564071999046,0.8423707872880775,0.8541602431396732
70,0.0,6965.0,1762,109.42000893765939,110.35959046209751,86.66858808063128,87.32616333238906,0.9395815244381254,0.6575752517577769,1.4288577952508283,0.0070777049577001264,0.00557651623683492,0.006327110597267523,23.033427129708457,526,377,1016,746,61,52,1906.2004653984782,0.5177165354330708,0.5053619302949062,0.8840304182509505,0.8620689655172413,29664,23080,54932,42691,4654,3363,102752.07220020851,0.5400131071142503,0.5406291724251013,0.8431094929881338,0.8542894280762565,526,377,879,652,465,61,76,414,325,52,42,327,0.53248031496063,0.49195710455764075,0.8840304182509505,0.8620689655172413,0.5290102389078498,0.49846625766871167,526,377,1906.2004653984782,7000.0,0.5400131071142503,0.5406291724251013,0.8431094929881338,0.8542894280762565
71,0.0,7064.5,1780,110.36097274229897,111.19829004462198,87.3344099863103,87.96040443633105,0.8373173023230152,0.6259944500207411,1.3375794342829594,0.007096145674144416,0.005587303487575553,0.006341724580859985,23.237885608290938,543,400,1010,770,78,51,1923.7832164817594,0.5376237623762377,0.5194805194805194,0.856353591160221,0.8725,30207,23480,55942,43461,4732,3414,104675.85541669028,0.539969968896357,0.5402544810289684,0.8433475684444003,0.8545996592844974,543,400,861,666,465,78,71,396,349,51,53,317,0.5306930693069307,0.522077922077922,0.856353591160221,0.8725,0.5400696864111498,0.524024024024024,543,400,1923.7832164817594,7100.0,0.539969968896357,0.5402544810289684,0.8433475684444003,0.8545996592844974
72,0.0,7164.0,1758,111.19829004462198,112.02176375325983,87.96500861496885,88.62648588637865,0.8234737086378487,0.6614772714097938,1.24490098787944,0.007111959443758779,0.0056022133627547255,0.006357086403256752,23.395277866881187,479,394,981,777,71,56,1897.2619599123636,0.48827726809378186,0.5070785070785071,0.8517745302713987,0.8578680203045685,30686,23874,56923,44238,4803,3470,106573.11737660263,0.5390791068636579,0.5396717753967177,0.8434791109952422,0.8546535980564631,479,394,824,668,408,71,86,416,338,56,53,330,0.5035677879714577,0.5032175032175032,0.8517745302713987,0.8578680203045685,0.49514563106796117,0.5059880239520959,479,394,1897.2619599123636,7200.0,0.5390791068636579,0.5396717753967177,0.8434791109952422,0.8546535980564631
73,0.0,7263.5,1882,112.02464428285056,112.96701785550287,88.62956494822159,89.28409705926812,0.9423735726523148,0.6545321110465352,1.4397667536059433,0.007144022205110445,0.005615554436263493,0.006379788320686969,23.682920796234754,555,395,1107,775,77,51,2028.9417148650202,0.5013550135501355,0.5096774193548387,0.8612612612612612,0.8708860759493671,31241,24269,58030,45013,4880,3521,108602.05909146766,0.5383594692400483,0.5391553551196321,0.8437950129637335,0.8549177963657341,555,395,966,680,478,77,64,488,344,51,44,336,0.4896115627822945,0.5006451612903225,0.8612612612612612,0.8708860759493671,0.494824016563147,0.5058823529411764,555,395,2028.9417148650202,7300.0,0.5383594692400483,0.5391553551196321,0.8437950129637335,0.8549177963657341
74,0.0,7363.0,1800,112.97112228597582,113.87975374631083,89.29003642170596,89.97271653745707,0.9086314603350019,0.6826801157511113,1.3309768944057936,0.007170824052447865,0.005632725251744926,0.006401774652096395,23.90703720885375,562,407,1017,783,90,56,1938.529481772634,0.5526057030481809,0.5197956577266922,0.8398576512455516,0.8624078624078624,31803,24676,59047,45796,4970,3577,110540.5885732403,0.5386048402120345,0.5388243514717442,0.8437254347074176,0.8550413357108121,562,407,862,671,472,90,65,390,351,56,56,320,0.528023598820059,0.5197956577266922,0.8398576512455516,0.8624078624078624,0.5475638051044084,0.5230998509687034,562,407,1938.529481772634,7400.0,0.5386048402120345,0.5388243514717442,0.8437254347074176,0.8550413357108121
75,0.0,7462.5,1779,113.8834968626056,114.6823898319503,89.97697536366692,90.68314622851652,0.7988929693447062,0.7061708648495966,1.131302647999869,0.007182231209833824,0.005652346207196253,0.0064172887085150385,23.999243603433783,460,393,971,808,72,47,1914.1675202504618,0.4737384140061792,0.4863861386138614,0.8434782608695652,0.8804071246819338,32263,25069,60018,46604,5042,3624,112454.75609349075,0.5375554000466527,0.5379152004119818,0.8437219105476862,0.8554389883920379,460,393,827,699,388,72,72,439,346,47,62,353,0.4737384140061792,0.504950495049505,0.8434782608695652,0.8804071246819338,0.46916565900846435,0.4949928469241774,460,393,1914.1675202504618,7500.0,0.5375554000466527,0.5379152004119818,0.8437219105476862,0.8554389883920379
76,0.0,7562.0,1801,114.68503037583312,115.57992926773474,90.6901776131114,91.3481665773399,0.8948988919016188,0.657988964228494,1.3600515214581246,0.007205825461781331,0.005665475908262536,0.0064356506850219335,24.231762690394845,495,388,1035,766,73,63,1936.1717943601052,0.4782608695652174,0.5065274151436031,0.8525252525252525,0.8376288659793815,32758,25457,61053,47370,5115,3687,114390.92788785086,0.5365502104728679,0.53740764196749,0.8438549361987912,0.8551675374160349,495,388,881,649,422,73,81,459,325,63,54,324,0.4859903381642512,0.49477806788511747,0.8525252525252526,0.8376288659793815,0.4790011350737798,0.5007704160246533,495,388,1936.1717943601052,7600.0,0.5365502104728679,0.53740764196749,0.8438549361987912,0.8551675374160349
77,0.0,7661.5,1908,115.57992926773474,116.51391882146103,91.3548244103738,92.07877507766693,0.9339895537262919,0.7239506672931384,1.2901287282716263,0.007233540657566806,0.005686782519886014,0.00646016158872641,24.4351437437941,524,453,1056,852,78,86,2049.1217400540104,0.4962121212121212,0.5316901408450704,0.851145038167939,0.8101545253863135,33282,25910,62109,48222,5193,3773,116440.04962790487,0.5358643674829735,0.5373066235328273,0.8439697133585722,0.8543805480509455,524,453,899,704,446,78,79,453,367,86,62,337,0.4971590909090909,0.5035211267605634,0.851145038167939,0.8101545253863135,0.4961067853170189,0.5213068181818182,524,453,2049.1217400540104,7700.0,0.5358643674829735,0.5373066235328273,0.8439697133585722,0.8543805480509455
78,0.0,7761.0,1896,116.51586445578549,117.45204683432755,92.08099079514436,92.7246097582745,0.9361823785420569,0.6436189631301374,1.454559968197774,0.007261075778991144,0.005696674369708958,0.006478875074350051,24.72743707605305,526,392,1085,811,72,52,2033.7614770669873,0.4847926267281106,0.4833538840937115,0.8631178707224334,0.8673469387755102,33808,26302,63194,49033,5265,3825,118473.81110497186,0.5349874988131784,0.5364142516264556,0.8442676289635589,0.8545737966694548,526,392,928,701,454,72,85,474,340,52,58,361,0.4967741935483871,0.4907521578298397,0.8631178707224335,0.8673469387755102,0.4892241379310345,0.48502139800285304,526,392,2033.7614770669873,7800.0,0.5349874988131784,0.5364142516264556,0.8442676289635589,0.8545737966694548
79,0.0,7860.5,1871,117.45204683432755,118.40123995963312,92.72650892234967,93.48276742613398,0.9491931253055697,0.7562585037843093,1.255117291978626,0.007289314455878037,0.0057205338926062475,0.006504924174242142,24.91847253349914,528,416,1057,814,78,49,2006.5646810200888,0.49952696310312206,0.5110565110565111,0.8522727272727273,0.8822115384615384,34336,26718,64251,49847,5343,3874,120480.37578599194,0.5344041337878009,0.5360001604911028,0.8443907269338304,0.8550041170746313,528,416,904,720,450,78,75,454,367,49,45,353,0.4966887417218543,0.5061425061425061,0.8522727272727273,0.8822115384615384,0.497787610619469,0.5097222222222222,528,416,2006.5646810200888,7900.0,0.5344041337878009,0.5360001604911028,0.8443907269338304,0.8550041170746313
80,0.0,7960.0,1775,118.40457705974144,119.3254987778673,93.48451483044158,94.16323865253916,0.9209217181258538,0.6787238220975809,1.3568430754054952,0.007313730377458833,0.005734086122249318,0.006523908249854075,25.16226012532813,519,378,1049,726,72,49,1901.683578383472,0.4947569113441373,0.5206611570247934,0.8612716763005781,0.8703703703703703,34855,27096,65300,50573,5415,3923,122382.05936437541,0.5337672281776417,0.5357799616396101,0.844642088652991,0.8552184824328314,519,378,905,623,447,72,72,458,329,49,54,294,0.4947569113441373,0.5275482093663911,0.861271676300578,0.8703703703703703,0.49392265193370166,0.5280898876404494,519,378,1901.683578383472,8000.0,0.5337672281776417,0.5357799616396101,0.844642088652991,0.8552184824328314
81,0.0,8059.5,1985,119.32879325185448,120.36619205095035,94.16670660456343,94.99405754386541,1.0373987990958682,0.8273509393019793,1.2538800040175242,0.007351918060833793,0.005765865169051949,0.006558891614942871,25.372134507084937,576,451,1099,886,80,63,2126.3080896696492,0.5241128298453139,0.5090293453724605,0.8611111111111112,0.8603104212860311,35431,27547,66399,51459,5495,3986,124508.36745404506,0.5336074338468952,0.5353193804776618,0.8449098247297564,0.8553018477511163,576,451,943,761,496,80,76,447,388,63,62,373,0.5204731574158326,0.5079006772009029,0.8611111111111112,0.8603104212860311,0.5259809119830329,0.5098554533508541,576,451,2126.3080896696492,8100.0,0.5336074338468952,0.5353193804776618,0.8449098247297564,0.8553018477511163
82,0.0,8159.0,1895,120.37222067203892,121.32485814001156,94.99958490381836,95.69724877852603,0.9526374679726359,0.697663874707672,1.3654676736297984,0.007379171022172552,0.005781304768778221,0.006580237895475387,25.627609361485526,544,396,1090,805,70,52,2029.1228914512926,0.4990825688073395,0.4919254658385093,0.8713235294117647,0.8686868686868687,35975,27943,67489,52264,5565,4038,126537.49034549635,0.5330498303427225,0.5346510026021736,0.8453092425295344,0.8554915363418387,544,396,936,705,474,70,84,462,344,52,48,361,0.5119266055045871,0.48695652173913045,0.8713235294117647,0.8686868686868687,0.5064102564102564,0.4879432624113475,544,396,2029.1228914512926,8200.0,0.5330498303427225,0.5346510026021736,0.8453092425295344,0.8554915363418387
83,0.0,8258.5,1922,121.33162617549746,122.35142932646652,95.69980877849032,96.32160845577309,1.0198031509690537,0.6217996772827661,1.6400831139468313,0.0074139486226831195,0.005786874551955237,0.006600411587319178,26.029820870693428,627,372,1129,793,96,60,2056.0770384523344,0.5553587245349867,0.4691046658259773,0.84688995215311,0.8387096774193549,36602,28315,68618,53057,5661,4098,128593.56738394868,0.5334168876971057,0.5336713346024087,0.8453363204196492,0.8552710577432456,627,372,969,663,531,96,64,438,312,60,70,351,0.5270150575730735,0.4817150063051702,0.84688995215311,0.8387096774193549,0.5479876160990712,0.47058823529411764,627,372,2056.0770384523344,8300.0,0.5334168876971057,0.5336713346024087,0.8453363204196492,0.8552710577432456
84,0.0,8358.0,1943,122.35859362191903,123.32823749205812,96.32343586592799,97.05011815016547,0.9696438701390946,0.7266822842374836,1.3343436205501467,0.007441974015935892,0.005804710532812007,0.00662334227437395,26.278119341892648,555,413,1141,802,70,44,2076.719440231661,0.4864154250657318,0.5149625935162094,0.8738738738738738,0.8934624697336562,37157,28728,69759,53859,5731,4142,130670.28682418035,0.5326481170888344,0.5333927477301844,0.8457625750195118,0.8558201058201058,555,413,990,705,485,70,81,505,369,44,53,336,0.49605609114811566,0.5261845386533666,0.8738738738738738,0.8934624697336562,0.4898989898989899,0.5234042553191489,555,413,2076.719440231661,8400.0,0.5326481170888344,0.5333927477301844,0.8457625750195118,0.8558201058201058
85,0.0,8457.5,1900,123.3303945726301,124.33560541926876,97.05133743161583,97.76739967298921,1.0052108466386613,0.716062241373379,1.4038037317967034,0.0074729352542437805,0.005820805882169952,0.006646870568206866,26.568205746279546,570,428,1083,817,80,72,2029.679891679522,0.5263157894736842,0.5238678090575275,0.8596491228070176,0.8317757009345794,37727,29156,70842,54676,5811,4214,132699.96671585986,0.5325513113689619,0.5332504206598874,0.8459723805232326,0.8554671422691728,570,428,941,693,490,80,62,451,356,72,52,337,0.5096952908587258,0.49938800489596086,0.8596491228070176,0.8317757009345794,0.5207226354941552,0.5137085137085137,570,428,2029.679891679522,8500.0,0.5325513113689619,0.5332504206598874,0.8459723805232326,0.8554671422691728
86,0.0,8557.0,2013,124.33776249984074,125.36610332661056,97.76937219119142,98.46506463158613,1.0283408267698206,0.6956924403947085,1.478154378372116,0.007505865996327201,0.005834245925237385,0.006670055960782293,26.901038695024425,610,406,1201,812,97,56,2149.0545196415987,0.507910074937552,0.5,0.840983606557377,0.8620689655172413,38337,29562,72043,55488,5908,4270,134849.02123550145,0.5321405271851533,0.5327638408304498,0.8458930015389832,0.8555578107029295,610,406,1008,704,513,97,96,495,350,56,52,354,0.5070774354704413,0.49507389162561577,0.840983606557377,0.8620689655172413,0.5089285714285714,0.4971590909090909,610,406,2149.0545196415987,8600.0,0.5321405271851533,0.5327638408304498,0.8458930015389832,0.8555578107029295
87,0.0,8656.5,2015,125.37114810212212,126.4061889781075,98.46879393273095,99.17107329179774,1.0350408759853735,0.7022793590667931,1.4738306951819893,0.007539141749415042,0.005848336047960129,0.006693738898687586,27.235115686309754,597,424,1189,826,90,63,2149.246264812863,0.5021026072329688,0.513317191283293,0.8492462311557789,0.8514150943396226,38934,29986,73232,56314,5998,4333,136998.2675003143,0.5316528293642123,0.5324786021238058,0.8459444187599527,0.8554992329753885,597,424,1012,711,507,90,87,505,361,63,52,350,0.49957947855340623,0.5,0.8492462311557789,0.8514150943396226,0.5009881422924901,0.5077355836849508,597,424,2149.246264812863,8700.0,0.5316528293642123,0.5324786021238058,0.8459444187599527,0.8554992329753885
88,0.0,8756.0,2015,126.41184766046055,127.42866558714087,99.17437290429045,99.99682365877962,1.016817926680318,0.8224507544891679,1.2363268209436726,0.007569660207834573,0.005875712952753977,0.006722686580294275,27.43184192836125,595,431,1165,850,88,48,2148.5099264851997,0.5107296137339056,0.5070588235294118,0.8521008403361344,0.888631090487239,39529,30417,74397,57164,6086,4381,139146.7774267995,0.5313251878435958,0.5321006227695753,0.8460370866958435,0.8559687017128579,595,431,993,733,507,88,84,486,383,48,69,350,0.5072961373390558,0.5317647058823529,0.8521008403361344,0.888631090487239,0.5105740181268882,0.5225102319236017,595,431,2148.5099264851997,8800.0,0.5313251878435958,0.5321006227695753,0.8460370866958435,0.8559687017128579
89,0.0,8855.5,2002,127.43029786934913,128.4273512583651,100.00204735950629,100.83092539786361,0.9970533890159601,0.8288780383573169,1.2028951701892545,0.007596819719120052,0.005903413002620111,0.006750116360870082,27.596425860501483,592,493,1125,877,88,64,2134.5738938412337,0.5262222222222223,0.5621436716077537,0.8513513513513513,0.8701825557809331,40121,30910,75522,58041,6174,4445,141281.35132064074,0.5312491724265777,0.5325545734911528,0.8461155006106528,0.8561954060174701,592,493,971,759,504,88,66,467,429,64,54,330,0.5066666666666667,0.5507411630558723,0.8513513513513513,0.8701825557809331,0.5190525231719877,0.5652173913043478,592,493,2134.5738938412337,8900.0,0.5312491724265777,0.5325545734911528,0.8461155006106528,0.8561954060174701
90,0.0,8955.0,2022,128.4316818425109,129.42650174042933,100.83092539786361,101.59038650122194,0.9948198979184326,0.7594611033583334,1.3099023682968671,0.0076234273313591895,0.005922204091853036,0.006772815711606112,27.836115239207388,571,473,1153,869,84,70,2155.5053994095642,0.49522983521248914,0.5443037974683544,0.8528896672504378,0.8520084566596194,40692,31383,76675,58910,6258,4515,143436.8567200503,0.5307075317900228,0.5327278900016975,0.8462105573577116,0.8561323009272537,571,473,982,744,487,84,87,495,403,70,55,341,0.4978317432784042,0.5270425776754891,0.8528896672504378,0.8520084566596194,0.4959266802443992,0.5416666666666666,571,473,2155.5053994095642,9000.0,0.5307075317900228,0.5327278900016975,0.8462105573577116,0.8561323009272537
91,0.0,9054.5,2037,129.43025838041515,130.48339604977147,101.59983603049152,102.38900632225918,1.0531376693563175,0.7891702917676611,1.3344872207459766,0.0076557956364367965,0.005944885345902698,0.0068003404911697474,28.094389727512294,624,460,1160,877,92,53,2170.3972376302477,0.5379310344827586,0.5245153933865451,0.8525641025641025,0.8847826086956522,41316,31843,77835,59787,6350,4568,145607.25395768054,0.5308151859703218,0.5326074230183819,0.8463065156355891,0.8565461796941243,624,460,988,764,532,92,80,456,407,53,60,357,0.5275862068965518,0.5324971493728621,0.8525641025641025,0.8847826086956522,0.5384615384615384,0.5327225130890052,624,460,2170.3972376302477,9100.0,0.5308151859703218,0.5326074230183819,0.8463065156355891,0.8565461796941243
92,0.0,9154.0,1980,130.48601212356866,131.53342040331995,102.39656260124299,103.17213564827935,1.047408279751295,0.7755730470363602,1.3504959768182747,0.00768671354838297,0.005965389779753775,0.006826051664068373,28.3612847550406,599,455,1137,843,90,62,2109.6013236005183,0.5268249780123131,0.5397390272835113,0.8497495826377295,0.8637362637362638,41915,32298,78972,60630,6440,4630,147716.85528128105,0.5307577369194145,0.5327065809005442,0.8463557199093403,0.8566474704316056,599,455,969,725,509,90,78,460,393,62,56,332,0.5162708883025505,0.5326215895610913,0.8497495826377296,0.8637362637362638,0.5252837977296182,0.5420689655172414,599,455,2109.6013236005183,9200.0,0.5307577369194145,0.5327065809005442,0.8463557199093403,0.8566474704316056
93,0.0,9253.5,2080,131.5352466358928,132.59114665679925,103.17213564827935,104.02098528629935,1.0559000209064493,0.848849638019999,1.2439187974084664,0.007717794720279852,0.005992519958253196,0.006855157339266524,28.570161370499903,633,493,1196,884,91,70,2216.230026798543,0.5292642140468228,0.5576923076923077,0.8562401263823065,0.8580121703853956,42548,32791,80168,61514,6531,4700,149933.0853080796,0.530735455543359,0.5330656435933283,0.8465027733383472,0.856667988167485,633,493,1017,756,542,91,88,475,423,70,58,333,0.5267558528428093,0.5441176470588235,0.8562401263823065,0.8580121703853956,0.5329400196656834,0.5595238095238095,633,493,2216.230026798543,9300.0,0.530735455543359,0.5330656435933283,0.8465027733383472,0.856667988167485
94,0.0,9353.0,2026,132.5924920570039,133.67877530054244,104.02537538096479,104.76615602042743,1.0862832435385315,0.7407806394626419,1.4664033934884086,0.007751395695994236,0.006008043228285406,0.006879719462139821,28.91261928011501,636,437,1189,837,84,77,2159.648166755218,0.5349032800672834,0.5221027479091995,0.8679245283018868,0.8237986270022883,43184,33228,81357,62351,6615,4777,152092.73347483482,0.5307963666310213,0.5329184776507193,0.8468182660244535,0.8562357048272541,636,437,1011,697,552,84,94,459,360,77,63,337,0.543313708999159,0.5053763440860215,0.8679245283018868,0.8237986270022883,0.5459940652818991,0.5164992826398852,636,437,2159.648166755218,9400.0,0.5307963666310213,0.5329184776507193,0.8468182660244535,0.8562357048272541
95,0.0,9452.5,2047,133.68332566731922,134.7534756934123,104.76615602042743,105.52122299172667,1.0701500260930743,0.755066971299243,1.4172915340895764,0.007782928414233228,0.006024281401808637,0.006903604908020933,29.232252701685624,586,496,1158,889,92,81,2181.958463342643,0.5060449050086355,0.5579302587176603,0.8430034129692833,0.8366935483870968,43770,33724,82515,63240,6707,4858,154274.69193817748,0.5304490092710417,0.533270082226439,0.8467671921407357,0.8559482860870596,586,496,996,754,494,92,70,502,415,81,54,339,0.48704663212435234,0.5275590551181102,0.8430034129692833,0.8366935483870968,0.4959839357429719,0.5503978779840849,586,496,2181.958463342643,9500.0,0.5304490092710417,0.533270082226439,0.8467671921407357,0.8559482860870596
96,0.0,9552.0,2066,134.7560164198634,135.82380611422408,105.52585982793616,106.31609102504675,1.0677896943606697,0.790231197110586,1.3512370788004233,0.007813348995419528,0.006044327224010638,0.006928838109715082,29.50771508917734,611,453,1206,860,88,63,2201.9903986312565,0.5066334991708126,0.5267441860465116,0.855973813420622,0.8609271523178808,44381,34177,83721,64100,6795,4921,156476.68233680874,0.530105947133933,0.5331825273010921,0.8468939411009215,0.8560142786084208,611,453,1031,742,523,88,87,508,390,63,55,352,0.5058043117744611,0.5174418604651163,0.855973813420622,0.8609271523178808,0.507274490785645,0.5256064690026954,611,453,2201.9903986312565,9600.0,0.530105947133933,0.5331825273010921,0.8468939411009215,0.8560142786084208
97,0.0,9651.5,2127,135.83041333917546,136.96605786719394,106.31830227222655,107.15565980513972,1.1356445280184744,0.8373575329131739,1.3562241735230558,0.00785055691845333,0.006068568054700525,0.006959562486576928,29.81039806205422,663,473,1244,883,97,76,2267.1360104412565,0.5329581993569131,0.535673839184598,0.8536953242835595,0.8393234672304439,45044,34650,84965,64983,6892,4997,158743.81834725,0.5301477078797152,0.5332163796685286,0.8469940502619661,0.8557864357864358,663,473,1052,742,566,97,95,486,397,76,65,345,0.5313504823151125,0.5232163080407701,0.8536953242835595,0.8393234672304439,0.5380228136882129,0.5350404312668463,663,473,2267.1360104412565,9700.0,0.5301477078797152,0.5332163796685286,0.8469940502619661,0.8557864357864358
98,0.0,9751.0,2220,136.96909043427522,138.17519841368636,107.15742251041594,108.02517761549478,1.2061079794111436,0.8677551050788423,1.389917469055465,0.007893830883213238,0.006095370198056139,0.006994600540634688,30.150020798191576,706,526,1300,920,112,76,2367.1519695252487,0.5430769230769231,0.5717391304347826,0.8413597733711048,0.8555133079847909,45750,35176,86265,65903,7004,5073,161110.97031677523,0.5303425491218918,0.5337541538321472,0.8469071038251366,0.8557823516033659,706,526,1110,799,594,112,78,516,450,76,45,349,0.5169230769230769,0.5380434782608695,0.8413597733711048,0.8555133079847909,0.5351351351351351,0.5632040050062578,706,526,2367.1519695252487,9800.0,0.5303425491218918,0.5337541538321472,0.8469071038251366,0.8557823516033659
99,0.0,9850.5,2131,138.18449875961622,139.31204687870485,108.02517761549478,108.7760878574957,1.1275481190886296,0.7509102420009128,1.5015750964910384,0.00792892839601093,0.006109650321510209,0.00701928935876057,30.535959021209152,668,444,1270,861,90,67,2272.1116995371945,0.525984251968504,0.5156794425087108,0.8652694610778443,0.8490990990990991,46418,35620,87535,66764,7094,5140,163383.08201631243,0.5302793168446907,0.5335210592534899,0.8471713559395062,0.8556990454800674,668,444,1087,735,578,90,93,509,377,67,59,358,0.5283464566929134,0.5063879210220673,0.8652694610778443,0.8490990990990991,0.531738730450782,0.5129251700680272,668,444,2272.1116995371945,9900.0,0.5302793168446907,0.5335210592534899,0.8471713559395062,0.8556990454800674
100,0.0,9950.0,2115,139.31347601015352,140.37704216557637,108.78127483884687,109.58425458803028,1.0635661554228477,0.8029797491834074,1.324524256688222,0.007956138640737975,0.0061293704913485654,0.00704275456604327,30.792787577546093,619,486,1213,902,78,71,2254.2808726236526,0.5103050288540808,0.5388026607538803,0.8739903069466882,0.8539094650205761,47037,36106,88748,67666,7172,5211,165637.36288893607,0.5300063100013521,0.5335914639553099,0.8475242893892042,0.855674957070847,619,486,1044,773,541,78,91,503,415,71,58,358,0.5210222588623248,0.524390243902439,0.8739903069466882,0.8539094650205762,0.5181992337164751,0.536869340232859,619,486,2254.2808726236526,10000.0,0.5300063100013521,0.5335914639553099,0.8475242893892042,0.855674957070847
101,0.0,10049.5,2174,140.3822527943301,141.53118075185017,109.58969082003284,110.47943148175546,1.1489279575200726,0.8897406617226125,1.2913065648766144,0.0079916361379855,0.006157315030416914,0.007074475584201207,31.051749270094717,640,497,1218,956,71,69,2317.2822096311584,0.5254515599343186,0.5198744769874477,0.8890625,0.8611670020120724,47677,36603,89966,68622,7243,5280,167954.64509856724,0.5299446457550631,0.5334003672291685,0.84808188434675,0.8557495287271535,640,497,1087,814,569,71,60,518,428,69,73,386,0.5164203612479474,0.5240585774058577,0.8890625,0.8611670020120724,0.5234590616375345,0.5257985257985258,640,497,2317.2822096311584,10100.0,0.5299446457550631,0.5334003672291685,0.84808188434675,0.8557495287271535
102,0.0,10149.0,2182,141.53983509814915,142.73690684598373,110.48090531505487,111.29542187548891,1.1970717478345705,0.8145165604340434,1.4696714664667705,0.00803149520468501,0.006176948254994538,0.0071042217298397745,31.441484970494813,694,483,1303,879,91,58,2326.237974312444,0.5326170376055257,0.5494880546075085,0.8688760806916427,0.8799171842650103,48371,37086,91269,69501,7334,5338,170280.8830728797,0.529982798102313,0.5336038330383736,0.8483802278224556,0.8560642830178504,694,483,1123,775,603,91,89,520,425,58,46,350,0.5310821181887951,0.5358361774744027,0.8688760806916427,0.8799171842650103,0.5369545859305432,0.5483870967741935,694,483,2326.237974312444,10200.0,0.529982798102313,0.5336038330383736,0.8483802278224556,0.8560642830178504
103,0.0,10248.5,2277,142.74581954035065,143.96308064504072,111.29841493333548,112.16585283572215,1.217261104690067,0.8674379023866692,1.4032832798069972,0.008072565522994572,0.006201485743803643,0.0071370256333991074,31.79722780931857,701,518,1308,969,81,66,2427.410716391425,0.5359327217125383,0.5345717234262126,0.884450784593438,0.8725868725868726,49072,37604,92577,70470,7415,5404,172708.29378927112,0.5300668632597729,0.5336171420462609,0.8488955004890772,0.8562918838421445,701,518,1153,837,620,81,74,533,452,66,66,385,0.5305810397553516,0.5345717234262126,0.884450784593438,0.8725868725868726,0.5377276669557676,0.5400238948626045,701,518,2427.410716391425,10300.0,0.5300668632597729,0.5336171420462609,0.8488955004890772,0.8562918838421445
104,0.0,10348.0,2299,143.9701505728164,145.20856656069472,112.16769303711463,113.08758114668034,1.2384159878783123,0.9198881095657043,1.3462680678229342,0.008114702961778663,0.006230483795397665,0.007172593378588164,32.120985414014385,670,521,1332,967,89,71,2450.728501256441,0.503003003003003,0.5387797311271976,0.8671641791044776,0.8637236084452975,49742,38125,93909,71437,7504,5475,175159.02229052756,0.5296829909806302,0.5336870249310581,0.8491415705037996,0.8563934426229508,670,521,1145,822,581,89,98,564,450,71,74,372,0.5097597597597597,0.5418821096173733,0.8671641791044776,0.8637236084452975,0.5074235807860262,0.5474452554744526,670,521,2450.728501256441,10400.0,0.5296829909806302,0.5336870249310581,0.8491415705037996,0.8563934426229508
105,0.0,10447.5,2254,145.21707266832468,146.35150354659228,113.08758114668034,113.95122722836733,1.134430878267608,0.8636460816869942,1.3135367627115022,0.008146271217942444,0.006253397862268829,0.007199834540105636,32.400276318224954,685,496,1320,934,89,68,2402.0328621035887,0.5189393939393939,0.5310492505353319,0.8700729927007299,0.8629032258064516,50427,38621,95229,72371,7593,5543,177561.05515263116,0.5295340705037331,0.5336529825482583,0.8494259027901719,0.8564770461665934,685,496,1141,808,596,89,90,545,428,68,58,380,0.5196969696969697,0.5203426124197003,0.8700729927007299,0.8629032258064516,0.5223488168273445,0.5297029702970297,685,496,2402.0328621035887,10500.0,0.5295340705037331,0.5336529825482583,0.8494259027901719,0.8564770461665934
106,0.0,10547.0,2173,146.35554878801673,147.43055750685917,113.95122722836733,114.87822634416857,1.0750087188424402,0.9269991158012374,1.1596653119925286,0.008171217146100241,0.006281856289587165,0.007226536717843703,32.55233116269061,658,530,1219,954,86,75,2315.591199749931,0.5397867104183757,0.5555555555555556,0.8693009118541033,0.8584905660377359,51085,39151,96448,73325,7679,5618,179876.6463523811,0.5296636529528865,0.5339379474940334,0.8496819027111677,0.8565043038491993,658,530,1055,829,572,86,78,483,455,75,50,374,0.5332239540607056,0.5293501048218029,0.8693009118541033,0.8584905660377359,0.5421800947867299,0.548854041013269,658,530,2315.591199749931,10600.0,0.5296636529528865,0.5339379474940334,0.8496819027111677,0.8565043038491993
107,0.0,10646.5,2313,147.4360197018691,148.54506757190418,114.88340903417203,115.71175385229687,1.1090478700350843,0.8283448181248332,1.3388722253924314,0.008199010449879212,0.006301047119416097,0.0072500287846476545,32.83331371960732,685,472,1337,976,104,62,2463.286046310239,0.512341062079282,0.48360655737704916,0.8481751824817518,0.8686440677966102,51770,39623,97785,74301,7783,5680,182339.93239869134,0.5294268037019992,0.5332768065032772,0.8496619663898011,0.8566489160336168,685,472,1112,848,581,104,121,531,410,62,66,438,0.525056095736724,0.48770491803278687,0.8481751824817518,0.8686440677966102,0.5224820143884892,0.4834905660377358,685,472,2463.286046310239,10700.0,0.5294268037019992,0.5332768065032772,0.8496619663898011,0.8566489160336168
108,0.0,10746.0,2260,148.5512600001856,149.73379805980255,115.71373296248082,116.54256131597036,1.1825380596169452,0.8288283534895413,1.4267586945333275,0.008233161324222771,0.00631963070753942,0.007276396015881096,33.19123674383219,659,487,1320,940,85,65,2405.9072315931503,0.49924242424242427,0.5180851063829788,0.8710166919575114,0.86652977412731,52429,40110,99105,75241,7868,5745,184745.8396302845,0.5290247717067756,0.5330870137292167,0.8499303820404738,0.8567688855646971,659,487,1151,813,574,85,84,577,422,65,62,391,0.4984848484848485,0.5148936170212766,0.8710166919575114,0.86652977412731,0.49869678540399653,0.5190651906519065,659,487,2405.9072315931503,10800.0,0.5290247717067756,0.5330870137292167,0.8499303820404738,0.8567688855646971
109,0.0,10845.5,2276,149.7374897650678,150.87937792365588,116.54256131597036,117.38607469186455,1.141888158588074,0.8435133758941902,1.353728572919882,0.008262726804170574,0.006339038992414672,0.0073008828982926224,33.49330323179133,687,479,1324,952,95,63,2421.441685458007,0.5188821752265861,0.5031512605042017,0.8617176128093158,0.8684759916492693,53116,40589,100429,76193,7963,5808,187167.2813157425,0.5288910573639088,0.5327129788825745,0.8500828375630696,0.8569070437803346,687,479,1150,834,592,95,79,558,416,63,55,418,0.506797583081571,0.4947478991596639,0.8617176128093159,0.8684759916492694,0.5147826086956522,0.4988009592326139,687,479,2421.441685458007,10900.0,0.5288910573639088,0.5327129788825745,0.8500828375630696,0.8569070437803346
110,0.0,10945.0,2408,150.88269986114028,152.11461234295038,117.38849222025144,118.3199204282326,1.2319124818100988,0.9314282079811704,1.32260594134272,0.008299905144068523,0.006366306432153453,0.007333105788110987,33.794691914717774,727,522,1390,1018,100,69,2560.4366869448804,0.5230215827338129,0.5127701375245579,0.8624484181568088,0.867816091954023,53843,41111,101819,77211,8063,5877,189727.71800268738,0.5288109291978904,0.5324500395021434,0.8502498003454488,0.8570455595825934,727,522,1192,895,627,100,98,565,453,69,54,442,0.5215827338129496,0.49803536345776034,0.8624484181568088,0.867816091954023,0.5260067114093959,0.506145251396648,727,522,2560.4366869448804,11000.0,0.5288109291978904,0.5324500395021434,0.8502498003454488,0.8570455595825934
111,0.0,11044.5,2372,152.12187873427322,153.40931294285804,118.32353351321343,119.2111802126813,1.2874342085848127,0.8876466994678651,1.45039035165299,0.008341770917537064,0.006389245994426728,0.007365508455981896,34.19813273017674,701,525,1380,992,89,71,2521.4952021909735,0.5079710144927536,0.5292338709677419,0.8730385164051355,0.8647619047619047,54544,41636,103199,78203,8152,5948,192249.21320487835,0.5285322532195079,0.532409242612176,0.8505426811381637,0.8571428571428572,701,525,1198,864,612,89,93,586,454,71,57,410,0.5108695652173914,0.5151209677419355,0.8730385164051355,0.8647619047619047,0.5108514190317195,0.5254629629629629,701,525,2521.4952021909735,11100.0,0.5285322532195079,0.532409242612176,0.8505426811381637,0.8571428571428572
112,0.0,11144.0,2476,153.41193145035226,154.69629408664062,119.21627607564484,120.13121295903841,1.284362636288364,0.9149368833935654,1.403771844375289,0.008382199850753927,0.0064143449361155165,0.0073982723934347214,34.56508112760221,731,512,1431,1045,91,78,2630.7126083399826,0.5108315863032844,0.48995215311004786,0.8755129958960328,0.84765625,55275,42148,104630,79248,8243,6026,194879.92581321835,0.5282901653445474,0.5318493842115889,0.850872908186341,0.8570276169687767,731,512,1245,898,640,91,95,605,434,78,69,464,0.5136268343815513,0.4813397129186603,0.8755129958960328,0.84765625,0.5140562248995983,0.48329621380846327,731,512,2630.7126083399826,11200.0,0.5282901653445474,0.5318493842115889,0.850872908186341,0.8570276169687767
113,0.0,11243.5,2283,154.70680209781645,155.84643732769203,120.13121295903841,120.98057892007489,1.13963522987558,0.849365961036483,1.3417481770577206,0.008409803678716408,0.006432745950931882,0.007421274814824145,34.86585840761714,673,497,1319,964,85,67,2423.7986513333585,0.510235026535254,0.5155601659751037,0.8736998514115899,0.8651911468812877,55948,42645,105949,80212,8328,6093,197303.7244645517,0.5280653899517692,0.5316536179125317,0.8511474941016658,0.8571227576503693,673,497,1156,831,588,85,78,568,430,67,66,401,0.5049279757391963,0.5145228215767634,0.8736998514115899,0.8651911468812877,0.5086505190311419,0.5174488567990373,673,497,2423.7986513333585,11300.0,0.5280653899517692,0.5316536179125317,0.8511474941016658,0.8571227576503693
114,0.0,11343.0,2357,155.85506863526558,156.92727956472373,120.99063697452102,121.91807292842788,1.0722109294581514,0.9274359539068513,1.1561023970889108,0.008430844193555009,0.006458554671393268,0.007444699432474139,35.00920663629586,669,476,1334,1023,90,59,2500.78043278428,0.5014992503748126,0.46529814271749753,0.8654708520179373,0.8760504201680672,56617,43121,107283,81235,8418,6152,199804.50489733598,0.5277350558802419,0.530817997168708,0.8513167423212109,0.8573316945339857,669,476,1146,893,579,90,98,567,417,59,71,476,0.507496251874063,0.47702834799608995,0.8654708520179372,0.8760504201680672,0.5052356020942408,0.4669652855543113,669,476,2500.78043278428,11400.0,0.5277350558802419,0.530817997168708,0.8513167423212109,0.8573316945339857
115,0.0,11442.5,2433,156.93024617459415,158.03950180849006,121.92022022368307,122.88532865197381,1.1092556338959128,0.9651084282907334,1.1493585605303156,0.008454247482634212,0.006486502519776451,0.007470375001205331,35.15417315651625,665,537,1342,1091,94,75,2578.434051044197,0.49552906110283157,0.4922089825847846,0.8586466165413533,0.8603351955307262,57282,43658,108625,82326,8512,6227,202382.93894838018,0.527337169159954,0.5303063430750917,0.8514018365280542,0.8573686380503001,665,537,1155,958,571,94,93,584,462,75,58,496,0.4947839046199702,0.4766269477543538,0.8586466165413534,0.8603351955307262,0.49437229437229435,0.4822546972860125,665,537,2578.434051044197,11500.0,0.527337169159954,0.5303063430750917,0.8514018365280542,0.8573686380503001
116,0.0,11542.0,2389,158.04448188279014,159.19198546259307,122.88532865197381,123.79568591050364,1.1475035798029296,0.9103572585298281,1.2604980836381516,0.00848071807796521,0.006509063468617156,0.007494890773291183,35.39629955208943,721,504,1368,1021,96,85,2530.290304645586,0.527046783625731,0.49363369245837413,0.8668515950069349,0.8313492063492063,58003,44162,109993,83347,8608,6312,204913.22925302575,0.5273335575900284,0.5298571034350367,0.8515938830750134,0.8570716905937231,721,504,1176,859,625,96,96,551,419,85,77,440,0.527046783625731,0.48579823702252695,0.8668515950069348,0.8313492063492064,0.5314625850340136,0.48777648428405124,721,504,2530.290304645586,11600.0,0.5273335575900284,0.5298571034350367,0.8515938830750134,0.8570716905937231
117,0.0,11641.5,2435,159.2042828984217,160.40004061560546,123.79568591050364,124.7157039313664,1.195757717183767,0.92001802086277,1.2997111905073504,0.008511485885248618,0.006532064466395024,0.007521775175821821,35.68433668423906,735,527,1403,1032,101,64,2578.0041138695788,0.5238774055595153,0.5106589147286822,0.8625850340136054,0.8785578747628083,58738,44689,111396,84379,8709,6376,207491.23336689532,0.5272900283672664,0.5296222993872883,0.8517314174810174,0.8573250688088792,735,527,1200,887,634,101,102,566,463,64,81,424,0.5245901639344263,0.5271317829457365,0.8625850340136054,0.8785578747628083,0.5283333333333333,0.5219842164599775,735,527,2578.0041138695788,11700.0,0.5272900283672664,0.5296222993872883,0.8517314174810174,0.8573250688088792
118,0.0,11741.0,2467,160.40343873179685,161.5745540947422,124.72499345131698,125.67621801969382,1.1711153629453577,0.9512245683768441,1.2311660168152847,0.008538889689537761,0.0065581074868770505,0.007548498588207405,35.89833607504839,690,535,1397,1070,83,63,2610.4504416648097,0.49391553328561205,0.5,0.8797101449275362,0.8822429906542056,59428,45224,112793,85449,8792,6439,210101.68380856013,0.5268766678783258,0.5292513663120691,0.8520562697718247,0.8576198478683885,690,535,1215,937,607,83,99,608,472,63,70,465,0.5053686471009305,0.5065420560747663,0.8797101449275362,0.8822429906542056,0.49958847736625517,0.503735325506937,690,535,2610.4504416648097,11800.0,0.5268766678783258,0.5292513663120691,0.8520562697718247,0.8576198478683885
119,0.0,11840.5,2429,161.57687995190398,162.7625397588844,125.68412934725197,126.60080415432768,1.185659806980425,0.916674807075708,1.293435575875384,0.008566965042074604,0.006580693653763282,0.007573829347918943,36.161735604556725,698,539,1402,1027,85,72,2568.4116028788817,0.4978601997146933,0.5248296007789679,0.8782234957020058,0.8664192949907236,60126,45763,114195,86476,8877,6511,212670.09541143902,0.5265204255878103,0.5291988528609094,0.8523600439077936,0.8577234884076655,698,539,1216,906,613,85,101,603,467,72,49,439,0.5092724679029957,0.5024342745861733,0.8782234957020058,0.8664192949907236,0.5041118421052632,0.5154525386313465,698,539,2568.4116028788817,11900.0,0.5265204255878103,0.5291988528609094,0.8523600439077936,0.8577234884076655
120,0.0,11940.0,2492,162.7737524834591,164.07612310391673,126.60778458706639,127.54381889665457,1.3023706204576229,0.9360343095881802,1.3913706016082004,0.008605038945476675,0.0066044391018424955,0.007604739023659586,36.53230420726216,740,546,1430,1062,112,80,2634.3763826621007,0.5174825174825175,0.5141242937853108,0.8486486486486486,0.8534798534798534,60866,46309,115625,87538,8989,6591,215304.47179410112,0.5264086486486487,0.5290159702072242,0.8523149213025334,0.8576734544041116,740,546,1226,907,628,112,92,598,466,80,75,441,0.5034965034965035,0.5094161958568738,0.8486486486486486,0.8534798534798534,0.5122349102773246,0.5137816979051819,740,546,2634.3763826621007,12000.0,0.5264086486486487,0.5290159702072242,0.8523149213025334,0.8576734544041116
121,0.0,12039.5,2410,164.08149304802973,165.33873170623602,127.54574236648197,128.4970519828745,1.2572386582062904,0.9513096163925212,1.3215872482966045,0.008638270739507388,0.006628636554407427,0.007633453646957408,36.84167972336152,716,511,1392,1018,102,51,2547.336830585304,0.514367816091954,0.5019646365422397,0.8575418994413408,0.9001956947162426,61582,46820,117017,88556,9091,6642,217851.8086246864,0.5262654144269636,0.5287050002258458,0.8523756941963561,0.8581375480563862,716,511,1192,908,614,102,98,578,460,51,59,448,0.5114942528735632,0.5098231827111984,0.8575418994413407,0.9001956947162426,0.5151006711409396,0.5066079295154186,716,511,2547.336830585304,12100.0,0.5262654144269636,0.5287050002258458,0.8523756941963561,0.8581375480563862
122,0.0,12139.0,2531,165.34011539315338,166.5528058588743,128.49904279501223,129.46319389582345,1.2126904657209252,0.9641511008112218,1.2577805125157107,0.00866697951644899,0.0066534954279736745,0.007660237472211332,37.08961196305086,734,574,1438,1093,99,72,2673.765183332913,0.5104311543810849,0.52516010978957,0.8651226158038148,0.8745644599303136,62316,47394,118455,89649,9190,6714,220525.5738080193,0.5260731923515259,0.5286617809456882,0.8525258360613647,0.858336498290923,734,574,1242,956,635,99,97,607,502,72,65,454,0.5090403337969402,0.5187557182067704,0.8651226158038147,0.8745644599303136,0.5112721417069244,0.5251046025104602,734,574,2673.765183332913,12200.0,0.5260731923515259,0.5286617809456882,0.8525258360613647,0.858336498290923
123,0.0,12238.5,2494,166.5638893486993,167.77770821847724,129.46750738251032,130.4061724025271,1.2138188697779526,0.9386650200167708,1.2931331666713923,0.008696101826039075,0.0066760668884538596,0.007686084357246468,37.37153581595015,719,557,1410,1084,95,67,2632.6937997213754,0.5099290780141844,0.5138376383763837,0.8678720445062587,0.8797127468581688,63035,47951,119865,90733,9285,6781,223158.26760774068,0.5258832853626997,0.5284846748151169,0.8527008804632348,0.8585848053220997,719,557,1211,931,624,95,104,587,490,67,86,441,0.5163120567375886,0.5313653136531366,0.8678720445062587,0.8797127468581688,0.5152766308835673,0.5263157894736842,719,557,2632.6937997213754,12300.0,0.5258832853626997,0.5284846748151169,0.8527008804632348,0.8585848053220997
124,0.0,12338.0,2544,167.7835584119585,169.07578319674295,130.41090661843927,131.35185960934962,1.2922247847844517,0.9409529909103469,1.3733149235587834,0.008730655438592446,0.006698492736677822,0.007714574087635134,37.72392358739333,715,528,1488,1056,104,58,2683.09333947874,0.48051075268817206,0.5,0.8545454545454545,0.8901515151515151,63750,48479,121353,91789,9389,6839,225841.36094721942,0.5253269387654199,0.5281569686999531,0.852721568627451,0.8589286082633718,715,528,1289,927,611,104,95,678,470,58,71,457,0.47446236559139787,0.5123106060606061,0.8545454545454545,0.8901515151515151,0.474010861132661,0.5070118662351673,715,528,2683.09333947874,12400.0,0.5253269387654199,0.5281569686999531,0.852721568627451,0.8589286082633718
125,0.0,12437.5,2601,169.0841140953969,170.3971723031962,131.35632637376594,132.31197424270184,1.313058207799287,0.9556478689358983,1.3739979447255615,0.008766521323599964,0.006721713965452577,0.007744117644526271,38.08519806049435,774,525,1538,1063,112,50,2741.789799654866,0.5032509752925878,0.49388523047977423,0.8552971576227391,0.9047619047619048,64524,49004,122891,92852,9501,6889,228583.15074687428,0.5250506546451734,0.5277646146555809,0.8527524641993677,0.8594196392131255,774,525,1319,950,662,112,107,657,475,50,63,475,0.5,0.5061147695202258,0.8552971576227391,0.9047619047619048,0.5018953752843063,0.5,774,525,2741.789799654866,12500.0,0.5250506546451734,0.5277646146555809,0.8527524641993677,0.8594196392131255
126,0.0,12537.0,2591,170.4041522390696,171.60825235003034,132.32242513573817,133.3520196371815,1.204100110960752,1.0295945014433414,1.1694896478883476,0.008793063221574105,0.006750910314494991,0.007771986768034548,38.25623271284883,740,575,1427,1164,114,68,2729.1501294048117,0.5185704274702172,0.49398625429553267,0.845945945945946,0.8817391304347826,65264,49579,124318,94016,9615,6957,231312.3008762791,0.5249762705320227,0.5273464091218516,0.8526752880607992,0.8596784929103047,740,575,1226,1030,626,114,87,600,507,68,66,523,0.49964961457603363,0.49226804123711343,0.845945945945946,0.8817391304347826,0.5106035889070146,0.49223300970873785,740,575,2729.1501294048117,12600.0,0.5249762705320227,0.5273464091218516,0.8526752880607992,0.8596784929103047
127,0.0,12636.5,2648,171.6091250181891,172.93899718868585,133.35535321690813,134.37202887200792,1.329872170496742,1.0166756550997889,1.308059422713542,0.008828609561455845,0.006778069228146716,0.0078033393948012805,38.56696831667793,779,597,1492,1156,108,77,2787.621326885952,0.5221179624664879,0.5164359861591695,0.8613607188703466,0.8710217755443886,66043,50176,125810,95172,9723,7034,234099.92220316504,0.5249423734202369,0.5272138864371874,0.8527777357176385,0.8598134566326531,779,597,1279,1004,671,108,105,608,520,77,75,484,0.5201072386058981,0.5147058823529411,0.8613607188703466,0.8710217755443886,0.524628616106333,0.5179282868525896,779,597,2787.621326885952,12700.0,0.5249423734202369,0.5272138864371874,0.8527777357176385,0.8598134566326531
128,0.0,12736.0,2681,172.9424508218488,174.2330663402746,134.3852351060559,135.42051643361745,1.2906155184257955,1.035281327561563,1.2466326630903608,0.008860735201724841,0.006807028653052565,0.007833881927388703,38.81254990665715,749,591,1508,1173,98,53,2821.147414163877,0.496684350132626,0.5038363171355499,0.8691588785046729,0.9103214890016921,66792,50767,127318,96345,9821,7087,236921.06961732893,0.5246076752697969,0.5269292646219316,0.852961432506887,0.8604014418815372,749,591,1318,1057,651,98,92,667,538,53,63,519,0.4927055702917772,0.5123614663256607,0.8691588785046729,0.9103214890016921,0.4939301972685888,0.5089877010406811,749,591,2821.147414163877,12800.0,0.5246076752697969,0.5269292646219316,0.852961432506887,0.8604014418815372
129,0.0,12835.5,2645,174.24114278296136,175.51099021134263,135.43355771804923,136.45343886943138,1.2698474283812686,1.019881151382151,1.2450935353206216,0.008891111197918295,0.006834332495727655,0.007862721846822976,39.05755134191125,748,578,1507,1138,97,65,2781.4316328262603,0.49635036496350365,0.507908611599297,0.8703208556149733,0.8875432525951557,67540,51345,128825,97483,9918,7152,239702.50125015518,0.5242771201241995,0.5267072207461814,0.8531536867041754,0.8607069821793748,748,578,1308,1008,651,97,102,657,513,65,65,495,0.4996682149966821,0.507908611599297,0.8703208556149733,0.8875432525951558,0.49770642201834864,0.5089285714285714,748,578,2781.4316328262603,12900.0,0.5242771201241995,0.5267072207461814,0.8531536867041754,0.8607069821793748
130,0.0,12935.0,2625,175.52342186664796,176.89871238512197,136.45343886943138,137.4561554719583,1.375290518474003,1.002716602526931,1.3715645228254465,0.008929465894378872,0.006858892753647207,0.00789417932401304,39.442556913163656,787,585,1506,1119,107,70,2759.2343026621393,0.5225763612217795,0.5227882037533512,0.8640406607369758,0.8803418803418803,68327,51930,130331,98602,10025,7222,242461.73555281732,0.524257467524994,0.5266627451775826,0.8532790844029446,0.8609281725399576,787,585,1315,976,680,107,84,635,515,70,73,461,0.5073041168658698,0.5254691689008043,0.8640406607369758,0.8803418803418803,0.5171102661596958,0.5276639344262295,787,585,2759.2343026621393,13000.0,0.524257467524994,0.5266627451775826,0.8532790844029446,0.8609281725399576
131,0.0,13034.5,2633,176.90892980642914,178.23202675073296,137.46061826087038,138.49528223690137,1.3230969443038134,1.0346639760309984,1.2787697020043671,0.008963081755155445,0.006885857447508149,0.007924469601331797,39.73674451383158,772,549,1518,1115,107,65,2766.5116395425675,0.5085638998682477,0.4923766816143498,0.8613989637305699,0.8816029143897997,69099,52479,131849,99717,10132,7287,245228.24719235988,0.5240767848068624,0.5262793706188513,0.8533698027467835,0.8611444577831132,772,549,1322,972,665,107,89,657,484,65,78,488,0.49670619235836627,0.5040358744394619,0.8613989637305699,0.8816029143897997,0.5030257186081695,0.49794238683127573,772,549,2766.5116395425675,13100.0,0.5240767848068624,0.5262793706188513,0.8533698027467835,0.8611444577831132
132,0.0,13134.0,2633,178.23570418278226,179.50920910986505,138.4982825142369,139.4843607521228,1.2735049270827972,0.9860782378858914,1.2914846694245439,0.00899193585997488,0.00690862205133168,0.00795027895565328,40.02484835774226,730,567,1516,1117,99,71,2765.1882709226666,0.4815303430079156,0.5076096687555953,0.8643835616438356,0.8747795414462081,69829,53046,133365,100834,10231,7358,247993.43546328254,0.523593146627676,0.5260725548921991,0.8534849417863638,0.8612902009576594,730,567,1317,981,631,99,100,686,496,71,65,485,0.4821899736147757,0.5022381378692927,0.8643835616438356,0.8747795414462081,0.4791192103264996,0.5056065239551478,730,567,2765.1882709226666,13200.0,0.523593146627676,0.5260725548921991,0.8534849417863638,0.8612902009576594
133,0.0,13233.5,2704,179.5229405176756,180.85253457791902,139.49127535483515,140.57285790037884,1.3295940602434086,1.0815825455436823,1.2293042872424107,0.009025329234565593,0.0069385194154762565,0.007981924325020925,40.27967667754018,760,608,1502,1202,88,70,2838.1025345302683,0.5059920106524634,0.5058236272878536,0.8842105263157894,0.8848684210526316,70589,53654,134867,102036,10319,7428,250831.53799781282,0.5233971245745809,0.5258340193657141,0.8538157503293714,0.86155738621538,760,608,1309,1054,672,88,105,637,538,70,78,516,0.5173102529960053,0.5124792013311148,0.8842105263157894,0.8848684210526315,0.5133689839572193,0.5104364326375711,760,608,2838.1025345302683,13300.0,0.5233971245745809,0.5258340193657141,0.8538157503293714,0.86155738621538
134,0.0,13333.0,2645,180.86347875675784,182.17345435964089,140.58153849430403,141.60799842122623,1.3099756028830427,1.0264599269222003,1.2762072522509018,0.009056552134436138,0.0069639887124389255,0.008010270423437531,40.56545593841466,762,583,1484,1161,103,64,2774.4525522240347,0.5134770889487871,0.5021533161068045,0.8648293963254593,0.8902229845626072,71351,54237,136351,103197,10422,7492,253605.99055003686,0.5232891581286533,0.5255676037094101,0.8539333716416028,0.8618655161605546,762,583,1279,1015,659,103,102,620,519,64,82,496,0.5128032345013477,0.5176571920757967,0.8648293963254593,0.8902229845626072,0.5152462861610634,0.5113300492610837,762,583,2774.4525522240347,13400.0,0.5232891581286533,0.5255676037094101,0.8539333716416028,0.8618655161605546
135,0.0,13432.5,2764,182.18162669282958,183.51786094576306,141.61320962659585,142.7296432622752,1.3362342529334796,1.116433635679357,1.1968774589278408,0.009089052236116031,0.006995488413905969,0.008042270325011,40.78821768348786,768,594,1568,1196,114,80,2897.936608415905,0.4897959183673469,0.49665551839464883,0.8515625,0.8653198653198653,72119,54831,137919,104393,10536,7572,256503.92715845277,0.5229083737556102,0.5252363664230361,0.8539081240727131,0.8619029381189474,768,594,1345,1035,654,114,109,691,514,80,81,521,0.48660714285714285,0.4974916387959866,0.8515625,0.8653198653198653,0.4862453531598513,0.4966183574879227,768,594,2897.936608415905,13500.0,0.5229083737556102,0.5252363664230361,0.8539081240727131,0.8619029381189474
136,0.0,13532.0,2735,183.528330870123,184.8247362707889,142.73686782786893,143.8714737097622,1.2964054006658898,1.1346058818932647,1.1426041600477495,0.00911831474357296,0.007028009120236586,0.008073161931904774,40.95326256102669,780,600,1549,1186,109,61,2866.9509593958696,0.5035506778566817,0.5059021922428331,0.8602564102564103,0.8983333333333333,72899,55431,139468,105579,10645,7633,259370.87811784865,0.5226933776923739,0.5250191799505584,0.8539760490541708,0.862297270480417,780,600,1332,1044,671,109,108,661,539,61,81,505,0.5029051000645578,0.5227655986509275,0.8602564102564103,0.8983333333333333,0.5037537537537538,0.5162835249042146,780,600,2866.9509593958696,13600.0,0.5226933776923739,0.5250191799505584,0.8539760490541708,0.862297270480417
137,0.0,13631.5,2768,184.82947760123838,186.27825548450622,143.87820784417096,144.93348223878886,1.4487778832678373,1.0552743946178964,1.3728921033779318,0.009157853994621138,0.007054228654324397,0.008106041324472768,41.34477324571736,796,625,1549,1219,100,81,2900.2502382937646,0.513879922530665,0.5127153404429861,0.8743718592964824,0.8704000000000001,73695,56056,141017,106798,10745,7714,262271.12835614244,0.5225965663714304,0.5248787430476226,0.8541963498202049,0.8623876123876124,796,625,1347,1066,696,100,102,651,544,81,72,522,0.5151710781149128,0.505332239540607,0.8743718592964824,0.8704,0.5167037861915368,0.5103189493433395,796,625,2900.2502382937646,13700.0,0.5225965663714304,0.5248787430476226,0.8541963498202049,0.8623876123876124
138,0.0,13731.0,2756,186.28152685506782,187.60024276453865,144.93537075946907,146.0432887889454,1.318715909470825,1.1079180294763376,1.1902648701313416,0.009187288913503046,0.007083531819884114,0.008135410366693581,41.556953975593245,798,621,1544,1212,126,73,2886.137229708542,0.5168393782383419,0.5123762376237624,0.8421052631578947,0.8824476650563607,74493,56677,142561,108010,10871,7787,265157.265585851,0.5225342134244289,0.5247384501435053,0.854066825070812,0.8626074068846269,798,621,1329,1072,672,126,89,657,548,73,67,524,0.49287564766839376,0.5074257425742574,0.8421052631578947,0.8824476650563607,0.5056433408577878,0.5111940298507462,798,621,2886.137229708542,13800.0,0.5225342134244289,0.5247384501435053,0.854066825070812,0.8626074068846269
139,0.0,13830.5,2833,187.60879872636545,188.97782140762808,146.0568525017688,147.14597601977542,1.369022681262635,1.0891235180066303,1.2569948758138016,0.00922029968700946,0.007111901175915885,0.008166100431462672,41.83184538785267,797,620,1574,1259,108,67,2965.4507137170576,0.5063532401524777,0.4924543288324067,0.8644918444165621,0.8919354838709678,75290,57297,144135,109269,10979,7854,268122.716299568,0.522357512054671,0.5243664717348928,0.8541771815646169,0.8629247604586627,797,620,1356,1109,689,108,110,667,553,67,83,556,0.5076238881829733,0.5051628276409849,0.8644918444165621,0.8919354838709678,0.5081120943952803,0.49864743011722273,797,620,2965.4507137170576,13900.0,0.522357512054671,0.5243664717348928,0.8541771815646169,0.8629247604586627
140,0.0,13930.0,2919,188.98384605481874,190.32738424851692,147.14749734672287,148.23260854929794,1.3435381936981798,1.0851112025750638,1.2381571497094916,0.009250837749308594,0.007138718491053808,0.008194778120181202,42.094775699218985,798,649,1620,1299,108,73,3052.62806635764,0.4925925925925926,0.4996150885296382,0.8646616541353384,0.8875192604006163,76088,57946,145755,110568,11087,7927,271175.34436592564,0.5220266886213166,0.5240756819332899,0.8542871412049207,0.8632002208953163,798,649,1402,1142,690,108,110,712,576,73,84,566,0.49382716049382713,0.5080831408775982,0.8646616541353384,0.8875192604006163,0.4921540656205421,0.5043782837127846,798,649,3052.62806635764,14000.0,0.5220266886213166,0.5240756819332899,0.8542871412049207,0.8632002208953163
141,0.0,14029.5,2834,190.3343395252945,191.68048707068218,148.2396996052545,149.25778873094805,1.3461475453876801,1.0180891256935638,1.3222295685268513,0.009281193710105357,0.007160797096198825,0.00822099540315209,42.422698339734126,836,572,1615,1219,113,82,2961.8016830304396,0.5176470588235295,0.4692370795734208,0.8648325358851674,0.8566433566433567,76924,58518,147370,111787,11200,8009,274137.1460489561,0.5219786930854312,0.523477685240681,0.8544017471790338,0.863136129054308,836,572,1397,1056,723,113,105,674,490,82,81,566,0.5126934984520124,0.46841673502871206,0.8648325358851675,0.8566433566433567,0.5175375805297066,0.4640151515151515,836,572,2961.8016830304396,14100.0,0.5219786930854312,0.523477685240681,0.8544017471790338,0.863136129054308
142,0.0,14129.0,2892,191.6880933670542,193.11822445511558,149.26384978372494,150.38199914318463,1.430131088061387,1.118149359459693,1.2790161492847865,0.009317082302599927,0.007189538694974649,0.008253310498787287,42.73622531193095,775,643,1583,1309,110,71,3020.7897061953563,0.4895767530006317,0.4912146676852559,0.8580645161290322,0.8895800933125972,77699,59161,148953,113096,11310,8080,277157.93575515144,0.521634341033749,0.5231042654028436,0.8544382810589582,0.8634235391558628,775,643,1399,1144,665,110,74,734,572,71,94,572,0.4668351231838282,0.5087853323147441,0.8580645161290322,0.8895800933125972,0.4753395282344532,0.5,775,643,3020.7897061953563,14200.0,0.521634341033749,0.5231042654028436,0.8544382810589582,0.8634235391558628
143,0.0,14228.5,2833,193.11822445511558,194.55530254250937,150.3872219211447,151.4461406711456,1.437078087393786,1.0589187500009132,1.3571183694618183,0.009352422852049843,0.0072136776920699985,0.00828305027205992,43.10916187136377,811,619,1601,1232,96,74,2957.191871814649,0.5065584009993754,0.502435064935065,0.8816276202219482,0.8804523424878836,78510,59780,150554,114328,11406,8154,280115.1276269661,0.5214740226098277,0.5228815338324819,0.8547191440580818,0.8635998661759786,811,619,1412,1071,715,96,93,697,545,74,87,526,0.504684572142411,0.512987012987013,0.8816276202219482,0.8804523424878837,0.5063739376770539,0.5088702147525677,811,619,2957.191871814649,14300.0,0.5214740226098277,0.5228815338324819,0.8547191440580818,0.8635998661759786
144,0.0,14328.0,2862,194.56319197519895,196.01069736453613,151.4461406711456,152.53979107430217,1.4475053893371808,1.0936504031565732,1.3235540216135664,0.009388544555995798,0.007239530652760941,0.00831403760437837,43.470906290233955,835,627,1615,1247,100,75,2986.10847501001,0.5170278637770898,0.5028067361668003,0.8802395209580838,0.8803827751196173,79345,60407,152169,115575,11506,8229,283101.23610197613,0.521426834637804,0.5226649361886221,0.8549877118911084,0.8637740659195127,835,627,1407,1101,735,100,108,672,552,75,71,549,0.5219814241486068,0.4995990376904571,0.8802395209580839,0.8803827751196173,0.5223880597014925,0.5013623978201635,835,627,2986.10847501001,14400.0,0.521426834637804,0.5226649361886221,0.8549877118911084,0.8637740659195127
145,0.0,14427.5,2877,196.02410217593604,197.53624871510806,152.54434922707435,153.70337068842525,1.5121465391720221,1.1590214613509033,1.3046751847110165,0.00942900641082148,0.007269849725095216,0.008349428067958348,43.832878026682806,824,653,1624,1253,111,81,3001.504983230548,0.5073891625615764,0.5211492418196328,0.8652912621359223,0.8759571209800919,80169,61060,153793,116828,11617,8310,286102.7410852067,0.521278601756907,0.5226486801109324,0.8550936147388641,0.8639043563707829,824,653,1395,1095,713,111,118,682,572,81,77,523,0.5116995073891626,0.5179569034317638,0.8652912621359223,0.8759571209800919,0.5111111111111111,0.5223744292237443,824,653,3001.504983230548,14500.0,0.521278601756907,0.5226486801109324,0.8550936147388641,0.8639043563707829
146,0.0,14527.0,2953,197.55143889391707,198.9082914031254,153.70602808330958,154.89607047881486,1.3568525092083235,1.1900423955052872,1.140171572317984,0.009458399701707448,0.0073017480002924825,0.008380073850999965,44.012220924310526,808,697,1606,1347,112,96,3080.020636740249,0.5031133250311333,0.5174461766889383,0.8613861386138614,0.8622668579626973,80977,61757,155399,118175,11729,8406,289182.76172194694,0.5210908693106133,0.5225893801565475,0.8551564024352594,0.8638858752853927,808,697,1404,1171,696,112,90,708,601,96,80,570,0.48941469489414696,0.5055679287305123,0.8613861386138614,0.8622668579626973,0.49572649572649574,0.5132365499573015,808,697,3080.020636740249,14600.0,0.5210908693106133,0.5225893801565475,0.8551564024352594,0.8638858752853927
147,0.0,14626.5,2909,198.9151214899791,200.2978645856947,154.90159696295478,156.00973277443677,1.3827430957155968,1.1081358114819864,1.2478101342707797,0.00948858563452368,0.007327835585026677,0.008408210609775178,44.28813181125793,809,637,1634,1275,110,74,3032.4531971920865,0.49510403916768664,0.4996078431372549,0.8640296662546354,0.8838304552590267,81786,62394,157033,119450,11839,8480,292215.21491913905,0.520820464488356,0.5223440770196736,0.8552441738194801,0.8640894957848511,809,637,1429,1108,699,110,95,730,563,74,93,545,0.48592411260709917,0.5145098039215686,0.8640296662546354,0.8838304552590267,0.48915325402379284,0.5081227436823105,809,637,3032.4531971920865,14700.0,0.520820464488356,0.5223440770196736,0.8552441738194801,0.8640894957848511
148,0.0,14726.0,2907,200.3013666350031,201.62565412799452,156.01414950731453,157.15104139695487,1.3242874929914308,1.1368918896403386,1.1648315068993726,0.009514189079040397,0.007355438629892584,0.00843481385446649,44.474612731039656,833,636,1638,1269,100,91,3028.880493238311,0.5085470085470085,0.5011820330969267,0.879951980792317,0.8569182389937107,82619,63030,158671,120719,11939,8571,295244.0954123774,0.5206937625653081,0.522121621285796,0.8554932884687542,0.864017134697763,833,636,1410,1107,733,100,128,677,545,91,71,562,0.5256410256410257,0.4854215918045705,0.879951980792317,0.8569182389937107,0.5198581560283688,0.49232158988256547,833,636,3028.880493238311,14800.0,0.5206937625653081,0.522121621285796,0.8554932884687542,0.864017134697763
149,0.0,14825.5,2914,201.63289767595404,202.96115307930324,157.15650646551,158.38868610316405,1.3282554033492033,1.232179637654042,1.0779722069406057,0.009539966263161519,0.007389136673061706,0.008464551468111613,44.5724669761392,802,645,1586,1328,103,77,3034.443390356037,0.5056746532156369,0.48569277108433734,0.8715710723192021,0.8806201550387597,83421,63675,160257,122047,12042,8648,298278.5388027334,0.5205451243939422,0.5217252369988611,0.8556478584529075,0.8641853160581076,802,645,1354,1173,699,103,129,655,568,77,78,605,0.5220680958385876,0.4864457831325301,0.871571072319202,0.8806201550387597,0.516248153618907,0.484228473998295,802,645,3034.443390356037,14900.0,0.5205451243939422,0.5217252369988611,0.8556478584529075,0.8641853160581076
150,0.0,14925.0,3013,202.97352100179876,204.38078324259394,158.39042206771194,159.53960430667456,1.407262240795177,1.1491822389626236,1.2245770888919447,0.00957100849895982,0.007416603642141996,0.008493806070550908,44.84117893591937,857,687,1639,1374,112,78,3136.3961938395787,0.5228798047589994,0.5,0.869311551925321,0.8864628820960698,84278,64362,161896,123421,12154,8726,301414.93499657296,0.520568760191728,0.5214833780312913,0.8557868008258382,0.8644231068021504,857,687,1423,1207,745,112,104,678,609,78,89,598,0.5179987797437462,0.5080058224163028,0.8693115519253208,0.8864628820960698,0.5235418130709768,0.5045567522783762,857,687,3136.3961938395787,15000.0,0.520568760191728,0.5214833780312913,0.8557868008258382,0.8644231068021504
151,0.0,15024.5,2963,204.38933481626233,205.80550096639035,159.54457475741003,160.71009571594416,1.4161661501280207,1.165520958534131,1.2150499223189644,0.00960197650385389,0.0074450030490993075,0.008523489776476599,45.09540525044619,833,654,1644,1319,116,83,3082.3928792003703,0.5066909975669099,0.49583017437452614,0.8607442977190877,0.8730886850152906,85111,65016,163540,124740,12270,8809,304497.3278757733,0.520429252782194,0.5212121212121212,0.8558353209338394,0.8645102743939953,833,654,1421,1160,717,116,107,704,571,83,76,589,0.5012165450121655,0.49052312357846856,0.8607442977190877,0.8730886850152905,0.5045742434904996,0.49224137931034484,833,654,3082.3928792003703,15100.0,0.520429252782194,0.5212121212121212,0.8558353209338394,0.8645102743939953
152,0.0,15124.0,3002,205.82057778244916,207.2359491286992,160.72616158552668,161.90755229272955,1.4153713462500264,1.1813907072028655,1.1980552560813247,0.009632914037533065,0.007474802803827956,0.00855385842068051,45.32839683596964,812,662,1633,1369,98,70,3121.38651436286,0.4972443355786895,0.4835646457268079,0.8793103448275862,0.8942598187311178,85923,65678,165173,126109,12368,8879,307618.7143901362,0.5202000326929946,0.5208034319517243,0.8560571674638922,0.8648101342915436,812,662,1422,1211,714,98,113,708,592,70,88,619,0.5064298836497244,0.4967129291453616,0.8793103448275862,0.8942598187311178,0.5021097046413502,0.4888521882741536,812,662,3121.38651436286,15200.0,0.5202000326929946,0.5208034319517243,0.8560571674638922,0.8648101342915436
153,0.0,15223.5,3064,207.24786717878126,208.7027849455793,161.9126780907325,163.22809977872961,1.4549177667980473,1.315421687997116,1.1060466617464173,0.009665825437083837,0.0075122581767441176,0.008589041806913977,45.474685166849696,799,731,1651,1413,108,96,3184.5688105794447,0.48394912174439736,0.5173389950460014,0.8648310387984981,0.8686730506155951,86722,66409,166824,127522,12476,8975,310803.2832007156,0.5198412698412699,0.5207650444629162,0.8561380041973201,0.8648526555135599,799,731,1423,1242,691,108,120,732,635,96,75,607,0.4912174439733495,0.502476999292286,0.8648310387984981,0.8686730506155951,0.48559381588193956,0.5112721417069244,799,731,3184.5688105794447,15300.0,0.5198412698412699,0.5207650444629162,0.8561380041973201,0.8648526555135599
154,0.0,15323.0,3049,208.7117324878461,210.24161979487076,163.240087024742,164.47313983304417,1.5298873070246657,1.2330528083021761,1.240731375593888,0.009702984677706113,0.007544324036266204,0.008623654356986159,45.768479961826586,890,698,1680,1369,99,74,3168.5880309481113,0.5297619047619048,0.5098612125639153,0.8887640449438202,0.8939828080229226,87612,67107,168504,128891,12575,9049,313971.87123166374,0.5199401794616152,0.5206492307453585,0.8564694334109483,0.8651556469518829,890,698,1485,1212,791,99,96,694,624,74,83,588,0.5279761904761905,0.5164353542731921,0.8887640449438202,0.8939828080229226,0.5326599326599326,0.5148514851485149,890,698,3168.5880309481113,15400.0,0.5199401794616152,0.5206492307453585,0.8564694334109483,0.8651556469518829
155,0.0,15422.5,3151,210.250581197884,211.7572203160779,164.48325782694653,165.78160345647132,1.5066391181939025,1.298345629524789,1.160429922458592,0.00973816545534718,0.007580067985930755,0.008659116720638967,45.97561685960659,872,716,1749,1402,111,88,3273.73745560946,0.4985706117781589,0.5106990014265336,0.8727064220183487,0.8770949720670391,88484,67823,170253,130293,12686,9137,317245.6086872732,0.5197206510311125,0.5205421626641492,0.8566294471316849,0.8652816891025168,872,716,1530,1237,761,111,108,769,628,88,77,609,0.4968553459119497,0.5028530670470756,0.8727064220183486,0.8770949720670391,0.4973856209150327,0.50767987065481,872,716,3273.73745560946,15500.0,0.5197206510311125,0.5205421626641492,0.8566294471316849,0.8652816891025168
156,0.0,15522.0,2996,211.76853436590727,213.308911913504,165.7870209818637,166.94318229154723,1.5403775475967336,1.1561613096835401,1.3323206153805298,0.00977520872790432,0.007605937988269398,0.008690573358086859,46.365729621956774,823,654,1657,1339,93,75,3112.1794914965003,0.4966807483403742,0.48842419716206126,0.8869987849331713,0.8853211009174312,89307,68477,171910,131632,12779,9212,320357.78817876976,0.5194985748356699,0.5202154491309104,0.8569093128198237,0.8654730785519226,823,654,1469,1180,730,93,95,739,579,75,84,601,0.4978877489438745,0.49514563106796117,0.8869987849331713,0.8853211009174312,0.49693669162695714,0.4906779661016949,823,654,3112.1794914965003,15600.0,0.5194985748356699,0.5202154491309104,0.8569093128198237,0.8654730785519226
157,0.0,15621.5,3088,213.31726091411085,214.86234705073332,166.9474166517111,168.1174922248649,1.5450861366224728,1.170075573153781,1.3205011471677008,0.009811891165129727,0.007632289334415304,0.008722090249772515,46.74485482586843,854,691,1740,1348,107,93,3206.6270175761874,0.4908045977011494,0.5126112759643917,0.8747072599531616,0.8654124457308249,90161,69168,173650,132980,12886,9305,323564.41519634594,0.5192110567232939,0.5201383666716799,0.8570778939896407,0.8654724728198011,854,691,1517,1175,747,107,116,770,598,93,80,577,0.4959770114942529,0.5029673590504451,0.8747072599531616,0.8654124457308249,0.4924192485168095,0.5089361702127659,854,691,3206.6270175761874,15700.0,0.5192110567232939,0.5201383666716799,0.8570778939896407,0.8654724728198011
158,0.0,15721.0,3035,214.86647086582593,216.3739430849088,168.12668249545152,169.33889641271395,1.5074722190828709,1.2122139172624316,1.2435694703845896,0.009845461223209631,0.007661287768238565,0.008753374495724098,47.03504667219485,869,679,1680,1355,109,90,3150.9156899391123,0.5172619047619048,0.5011070110701107,0.8745684695051783,0.8674521354933726,91030,69847,175330,134335,12995,9395,326715.33088628505,0.5191923800832715,0.5199464026500912,0.8572448643304404,0.8654917176113506,869,679,1461,1171,760,109,110,701,589,90,94,582,0.5178571428571429,0.5040590405904058,0.8745684695051784,0.8674521354933726,0.5201916495550992,0.5029888983774552,869,679,3150.9156899391123,15800.0,0.5191923800832715,0.5199464026500912,0.8572448643304404,0.8654917176113506
159,0.0,15820.5,2993,216.38310608786105,217.81362161464205,169.34230865563163,170.52019037578856,1.4305155267809937,1.1778817201569325,1.2144814732250044,0.009874085902921097,0.007687398786241757,0.008780742344581427,47.293431238853486,792,672,1651,1342,99,79,3106.098882688967,0.47970926711084194,0.5007451564828614,0.875,0.8824404761904762,91822,70519,176981,135677,13094,9474,329821.429768974,0.518824054559529,0.519756480464633,0.857398009191697,0.8656532282080007,792,672,1446,1205,693,99,106,753,593,79,58,612,0.48394912174439736,0.485096870342772,0.875,0.8824404761904762,0.47925311203319504,0.4921161825726141,792,672,3106.098882688967,15900.0,0.518824054559529,0.519756480464633,0.857398009191697,0.8656532282080007
160,0.0,15920.0,3069,217.8233749449891,219.25847869848502,170.5311692807054,171.76259969756325,1.4351037534959232,1.2314304168578474,1.1653957331651548,0.009902676433768026,0.007717003126438664,0.008809839780103345,47.495879000921775,833,673,1707,1362,118,78,3183.5395498494345,0.4879906268306971,0.49412628487518356,0.858343337334934,0.8841010401188707,92655,71192,178688,137039,13212,9552,333004.9693188235,0.5185295039398281,0.5195017476776684,0.8574065080135989,0.8658276210810203,833,673,1481,1195,715,118,108,766,595,78,89,600,0.48213239601640306,0.5022026431718062,0.858343337334934,0.8841010401188707,0.48278190411883865,0.497907949790795,833,673,3183.5395498494345,16000.0,0.5185295039398281,0.5195017476776684,0.8574065080135989,0.8658276210810203
161,0.0,16019.5,3051,219.259581693333,220.76265098099628,171.77135454100508,173.04057498809524,1.503069287663294,1.269220447090163,1.1842460394561536,0.009934595976571408,0.0077484487772391695,0.00884152237690529,47.72207599290104,822,674,1677,1374,106,68,3164.0723725341477,0.49016100178890876,0.49053857350800584,0.8710462287104623,0.8991097922848664,93477,71866,180365,138413,13318,9620,336169.0416913576,0.5182657389183045,0.5192142356570554,0.8575264503567722,0.8661397601090919,822,674,1462,1223,716,106,109,746,606,68,83,617,0.4919499105545617,0.5014556040756915,0.8710462287104623,0.8991097922848664,0.4897400820793434,0.49550286181520853,822,674,3164.0723725341477,16100.0,0.5182657389183045,0.5192142356570554,0.8575264503567722,0.8661397601090919
162,0.0,16119.0,3121,220.77030873621266,222.2063740576383,173.04679020772448,174.28473069548733,1.4360653214256445,1.2379404877628417,1.1600439081048608,0.009962390018484054,0.0077774185815396735,0.008869904300011864,47.921643362150974,884,692,1723,1398,116,87,3234.866357067133,0.5130586186883344,0.4949928469241774,0.8687782805429864,0.8742774566473989,94361,72558,182088,139811,13434,9707,339403.90804842475,0.5182164667633232,0.5189720408265444,0.8576318606203834,0.8662173709308415,884,692,1484,1223,768,116,123,716,605,87,88,618,0.5171213000580384,0.4957081545064378,0.8687782805429864,0.8742774566473989,0.5175202156334232,0.4946852003270646,884,692,3234.866357067133,16200.0,0.5182164667633232,0.5189720408265444,0.8576318606203834,0.8662173709308415
163,0.0,16218.5,3160,222.22044023693977,223.78806583197442,174.2899996461722,175.49755575045657,1.5676255950346558,1.2075561042843788,1.2981803408328272,0.009998307366489434,0.007804110802203187,0.008901209084346311,48.29051008151785,882,707,1753,1407,109,98,3274.18442625438,0.5031374786081004,0.5024875621890548,0.8764172335600907,0.8613861386138614,95243,73265,183841,141218,13543,9805,342678.0924746791,0.5180726823722673,0.5188078007052925,0.8578058230001155,0.8661707500170613,882,707,1524,1229,773,109,120,751,609,98,80,620,0.5094124358243012,0.4896943852167733,0.8764172335600907,0.8613861386138614,0.5072178477690289,0.4955248169243287,882,707,3274.18442625438,16300.0,0.5180726823722673,0.5188078007052925,0.8578058230001155,0.8661707500170613
164,0.0,16318.0,3229,223.7967937828023,225.34692278388655,175.50458049846682,176.78480617774775,1.550129001084258,1.2802256792809317,1.21082479922987,0.010032394330834752,0.007835015640439215,0.008933704985636982,48.5621166061388,902,727,1789,1440,114,93,3344.6380896156465,0.5041922861934042,0.5048611111111111,0.8736141906873615,0.8720770288858322,96145,73992,185630,142658,13657,9898,346022.73056429473,0.5179389107364112,0.5186670218284288,0.8579541317801238,0.8662287814898908,902,727,1560,1271,788,114,115,772,634,93,76,637,0.504751257685858,0.4930555555555556,0.8736141906873615,0.8720770288858322,0.5051282051282051,0.4988198269079465,902,727,3344.6380896156465,16400.0,0.5179389107364112,0.5186670218284288,0.8579541317801238,0.8662287814898908
165,0.0,16417.5,3266,225.35069756171708,226.9426421320485,176.79741331473807,178.07572031077734,1.5919445703314068,1.2783069960392766,1.245353874510512,0.010068302204475871,0.007865767917347437,0.008967035060911654,48.86692182127115,896,757,1789,1477,125,95,3381.9640470866343,0.5008384572386808,0.5125253893026405,0.8604910714285714,0.8745046235138705,97041,74749,187419,144135,13782,9993,349404.6946113814,0.5177756790933683,0.518604086446734,0.8579775558784432,0.8663125928106061,896,757,1560,1290,771,125,104,789,662,95,92,628,0.4891000558971492,0.5104942450914015,0.8604910714285714,0.8745046235138706,0.49423076923076925,0.5131782945736434,896,757,3381.9640470866343,16500.0,0.5177756790933683,0.518604086446734,0.8579775558784432,0.8663125928106061
166,0.0,16517.0,3249,226.9475642874719,228.5671300976727,178.0826455811517,179.3853094582963,1.619565810200811,1.302663877144596,1.2432722198076571,0.010105510502378078,0.007897274685768172,0.009001392594073124,49.18182063937641,912,737,1797,1452,121,99,3363.0446608288466,0.5075125208681135,0.5075757575757576,0.8673245614035088,0.8656716417910448,97953,75486,189216,145587,13903,10092,352767.7392722102,0.5176782090309487,0.5184940963135445,0.858064581993405,0.866306334949527,912,737,1541,1269,791,121,135,750,638,99,84,631,0.5153032832498609,0.4972451790633609,0.8673245614035088,0.8656716417910447,0.5133030499675535,0.5027580772261623,912,737,3363.0446608288466,16600.0,0.5176782090309487,0.5184940963135445,0.858064581993405,0.866306334949527
167,0.0,16616.5,3249,228.5703996155071,230.0901690887483,179.39257754287635,180.7781377911649,1.5197694732411833,1.3855602482885558,1.0968627853739328,0.010136198403027045,0.007933388509977263,0.009034793456502155,49.31203129758339,906,701,1772,1477,120,83,3362.9338281761,0.5112866817155757,0.4746106973595125,0.8675496688741722,0.8815977175463623,98859,76187,190988,147064,14023,10175,356130.67310038634,0.5176189079942195,0.5180533645215688,0.8581515087144317,0.8664470316458188,906,701,1535,1291,786,120,117,749,618,83,103,673,0.5095936794582393,0.4881516587677725,0.8675496688741722,0.8815977175463623,0.5120521172638437,0.4786986831913246,906,701,3362.9338281761,16700.0,0.5176189079942195,0.5180533645215688,0.8581515087144317,0.8664470316458188
168,0.0,16716.0,3200,230.09765403575076,231.53973419013596,180.78423218934253,182.09999504694687,1.442080154385195,1.3157628576043408,1.0960030875250917,0.010162147525710676,0.007964847938833468,0.009063497732272073,49.43973914318909,869,740,1731,1469,126,82,3311.28865961974,0.5020219526285384,0.5037440435670524,0.8550057537399309,0.8891891891891892,99728,76927,192719,148533,14149,10257,359441.9617600061,0.5174788163076811,0.5179118445059347,0.8581240975453233,0.8666658000441978,869,740,1481,1300,743,126,124,738,658,82,87,642,0.5008665511265165,0.5071477195371,0.8550057537399309,0.8891891891891892,0.5016880486158002,0.5061538461538462,869,740,3311.28865961974,16800.0,0.5174788163076811,0.5179118445059347,0.8581240975453233,0.8666658000441978
169,0.0,16815.5,3237,231.5454702541212,233.07204967817222,182.1027574664557,183.4229172484454,1.5265794240510218,1.3201597819897017,1.1563595898598056,0.010192686030767787,0.007995998081295905,0.009094342056031846,49.64913242972682,905,746,1756,1481,133,75,3348.504747031272,0.515375854214123,0.5037137069547603,0.8530386740331491,0.8994638069705094,100633,77673,194475,150014,14282,10332,362790.46650703734,0.5174598277413549,0.5177716746436999,0.8580783639561576,0.8669808041404349,905,746,1501,1316,772,133,122,729,671,75,90,645,0.5091116173120729,0.5138419986495611,0.8530386740331491,0.8994638069705094,0.5143237841439041,0.5098784194528876,905,746,3348.504747031272,16900.0,0.5174598277413549,0.5177716746436999,0.8580783639561576,0.8669808041404349
170,0.0,16915.0,3370,233.07322104863525,234.6688512623707,183.43162495592566,184.77793361703496,1.5956302137354612,1.3463086611093047,1.1851889985025614,0.010226658559069065,0.008028669643675903,0.009127664101372484,49.89091764533575,896,776,1803,1567,120,95,3485.0719997285332,0.49694952856350527,0.4952137843012125,0.8660714285714286,0.8775773195876289,101529,78449,196278,151581,14402,10427,366275.53850676585,0.517271421147556,0.5175384777775579,0.8581489032690167,0.8670856225063417,896,776,1553,1372,776,120,130,777,681,95,100,691,0.502495840266223,0.49840459476707083,0.8660714285714286,0.8775773195876289,0.4996780424983902,0.4963556851311953,896,776,3485.0719997285332,17000.0,0.517271421147556,0.5175384777775579,0.8581489032690167,0.8670856225063417
171,0.0,17014.5,3311,234.68204549299088,236.13664813074462,184.78526636506706,186.24685934712338,1.4546026377537373,1.4615929820563167,0.9952173112566916,0.010252689612429708,0.008067620448688816,0.009160155030559263,49.88978878362124,878,800,1757,1554,110,96,3423.5124817336346,0.49971542401821284,0.5148005148005148,0.8747152619589977,0.88,102407,79249,198035,153135,14512,10523,369699.0509884995,0.5171156613729896,0.5175106931792209,0.8582909371429688,0.8672159901071307,878,800,1527,1355,768,110,120,759,704,96,103,651,0.5054069436539556,0.5193050193050193,0.8747152619589977,0.88,0.5029469548133595,0.5195571955719557,878,800,3423.5124817336346,17100.0,0.5171156613729896,0.5175106931792209,0.8582909371429688,0.8672159901071307
172,0.0,17114.0,3290,236.14726120102986,237.73294637569538,186.25428658674585,187.63062671498434,1.5856851746655138,1.3763401282384962,1.152102697677606,0.010285888989389461,0.008101167269793007,0.009193528129591233,50.10231966071103,899,769,1806,1484,105,90,3401.2216354776524,0.49778516057585825,0.5181940700808625,0.8832035595105673,0.88296488946684,103306,80018,199841,154619,14617,10613,373100.27262397716,0.5169409680696153,0.5175172520841552,0.8585077343039127,0.8673673423479717,899,769,1580,1311,794,105,121,786,679,90,83,632,0.5066445182724253,0.5134770889487871,0.8832035595105673,0.88296488946684,0.5025316455696203,0.5179252479023646,899,769,3401.2216354776524,17200.0,0.5169409680696153,0.5175172520841552,0.8585077343039127,0.8673673423479717
173,0.0,17213.5,3312,237.74013843921853,239.27220251668803,187.6362498059744,189.09468478815253,1.5320640774694994,1.4584349821781473,1.050485003576497,0.010315407327080429,0.008138967347607393,0.009227187337343911,50.17751772853549,878,779,1775,1537,112,84,3424.030375040923,0.49464788732394366,0.5068314899154196,0.8724373576309795,0.8921694480102695,104184,80797,201616,156156,14729,10697,376524.3029990181,0.516744702801365,0.5174120751043828,0.8586251247792367,0.8676064705372724,878,779,1535,1355,766,112,128,769,695,84,98,660,0.5036619718309859,0.5159401431359791,0.8724373576309795,0.8921694480102695,0.4990228013029316,0.5129151291512916,878,779,3424.030375040923,17300.0,0.516744702801365,0.5174120751043828,0.8586251247792367,0.8676064705372724
174,0.0,17313.0,3245,239.27552435927973,240.7432324265154,189.09563302077373,190.44112992249651,1.4677080672356624,1.3454969017227825,1.0908297636036173,0.010340665325765445,0.0081695735774685,0.009255119451616972,50.302102504018876,893,759,1754,1491,131,71,3353.8705484371244,0.5091220068415051,0.5090543259557344,0.8533034714445689,0.9064558629776021,105077,81556,203370,157647,14860,10768,379878.1735474552,0.5166789595318877,0.5173330288556078,0.8585798985505867,0.8679680219726323,893,759,1523,1311,762,131,100,761,688,71,109,623,0.49144811858608894,0.5345405767940979,0.8533034714445689,0.9064558629776021,0.5003282994090611,0.524790236460717,893,759,3353.8705484371244,17400.0,0.5166789595318877,0.5173330288556078,0.8585798985505867,0.8679680219726323
175,0.0,17412.5,3309,240.75200030111327,242.24239337059734,190.44782217843598,191.88348877032408,1.490393069484071,1.4356665918880935,1.0381192108984056,0.01036724214928004,0.008205310805473112,0.009286276477376575,50.35890460027326,865,760,1798,1511,114,85,3418.5112425309194,0.4810901001112347,0.5029781601588352,0.8682080924855491,0.8881578947368421,105942,82316,205168,159158,14974,10853,383296.6847899861,0.5163670747874912,0.5171967478857488,0.8586585112608786,0.8681544292725594,865,760,1562,1340,751,114,122,811,675,85,86,665,0.4855394883203559,0.5036399735274653,0.8682080924855491,0.8881578947368421,0.48079385403329067,0.503731343283582,865,760,3418.5112425309194,17500.0,0.5163670747874912,0.5171967478857488,0.8586585112608786,0.8681544292725594
176,0.0,17512.0,3384,242.25271938445783,243.77742239228763,191.891196272743,193.3116168232306,1.5247030078297996,1.4204205504875915,1.0734166070086855,0.010395554922391536,0.008239833360720794,0.009317694141556164,50.46580556905704,893,786,1805,1579,113,106,3495.2703956082246,0.49473684210526314,0.49778340721975933,0.8734602463605823,0.8651399491094147,106835,83102,206973,160737,15087,10959,386791.9551855943,0.5161784387335546,0.5170060409239938,0.8587822342865166,0.8681259175471108,893,786,1556,1392,780,113,136,776,680,106,81,712,0.5074792243767313,0.4819506016466118,0.8734602463605823,0.8651399491094147,0.5012853470437018,0.4885057471264368,893,786,3495.2703956082246,17600.0,0.5161784387335546,0.5170060409239938,0.8587822342865166,0.8681259175471108
177,0.0,17611.5,3366,243.788692826788,245.29940231883666,193.31703724154383,194.74103166420804,1.5107094920486475,1.423994422664208,1.060895652401644,0.010422810540149156,0.008274038530489459,0.009348424535319307,50.55837065462862,885,779,1799,1567,118,90,3475.941376605017,0.4919399666481378,0.4971282705807275,0.8666666666666667,0.8844672657252888,107720,83881,208772,162304,15205,11049,390267.89656219934,0.5159695744640086,0.5168141265772871,0.8588470107686594,0.8682776790930008,885,779,1563,1379,767,118,118,796,689,90,98,690,0.4919399666481378,0.5022335673261008,0.8666666666666667,0.8844672657252889,0.490722968650032,0.49963741841914433,885,779,3475.941376605017,17700.0,0.5159695744640086,0.5168141265772871,0.8588470107686594,0.8682776790930008
178,0.0,17711.0,3343,245.31081836610232,246.89608757685303,194.74467866226584,196.16899260655873,1.5852692107507096,1.4243139442928907,1.1130054698283012,0.010453956843744741,0.008307777692809782,0.009380867268277263,50.7270949702943,886,759,1825,1518,116,95,3451.7571955559406,0.48547945205479454,0.5,0.8690744920993227,0.8748353096179183,108606,84640,210597,163822,15321,11144,393719.6537577553,0.5157053519280902,0.5166583242787904,0.858930445831722,0.8683364839319471,886,759,1571,1335,770,116,138,801,664,95,88,671,0.49753424657534245,0.49538866930171277,0.8690744920993227,0.8748353096179183,0.49013367281986,0.49737827715355803,886,759,3451.7571955559406,17800.0,0.5157053519280902,0.5166583242787904,0.858930445831722,0.8683364839319471
179,0.0,17810.5,3380,246.90117913305627,248.4893216233453,196.17137441115088,197.59438881181464,1.588142490289016,1.4230144006637602,1.116041053097026,0.010484562338835123,0.008340996599847487,0.009412779469341305,50.89493281153065,890,813,1790,1590,119,93,3489.7697234912525,0.4972067039106145,0.5113207547169811,0.8662921348314607,0.8856088560885609,109496,85453,212387,165412,15440,11237,397209.4234812466,0.5155494451166973,0.516607017628709,0.8589902827500548,0.8685008133125812,890,813,1568,1404,771,119,103,797,720,93,93,684,0.488268156424581,0.5113207547169811,0.8662921348314607,0.8856088560885609,0.4917091836734694,0.5128205128205128,890,813,3489.7697234912525,17900.0,0.5155494451166973,0.516607017628709,0.8589902827500548,0.8685008133125812
180,0.0,17910.0,3387,248.4950902351474,249.96984743132325,197.60164563196057,198.90961630076617,1.474757196175858,1.3079706688056092,1.1275154950703536,0.010508566204062588,0.008367725923678975,0.009438146063870782,51.06023113055707,892,782,1794,1593,129,93,3495.462002012967,0.4972129319955407,0.4908976773383553,0.8553811659192825,0.881074168797954,110388,86235,214181,167005,15569,11330,400704.88548325957,0.5153958567753442,0.5163617855752822,0.8589611189622061,0.8686148315649098,892,782,1543,1407,763,129,122,780,689,93,93,718,0.49331103678929766,0.4908976773383553,0.8553811659192825,0.881074168797954,0.4944912508101102,0.4896943852167733,892,782,3495.462002012967,18000.0,0.5153958567753442,0.5163617855752822,0.8589611189622061,0.8686148315649098
181,0.0,18009.5,3416,249.9805529075027,251.5002389492129,198.91796972623584,200.4039186832544,1.5196860417102016,1.4859489570185644,1.0227040670086864,0.010535059844807529,0.008404053536392805,0.009469556690600168,51.0963202659585,905,782,1824,1592,135,75,3524.1523203533147,0.4961622807017544,0.49120603015075376,0.850828729281768,0.9040920716112532,111293,87017,216005,168597,15704,11405,404229.0378036129,0.5152334436702855,0.5161242489486765,0.8588949889031655,0.8689336566418057,905,782,1559,1420,770,135,130,789,707,75,97,713,0.4934210526315789,0.5050251256281407,0.850828729281768,0.9040920716112532,0.4939063502245029,0.497887323943662,905,782,3524.1523203533147,18100.0,0.5152334436702855,0.5161242489486765,0.8588949889031655,0.8689336566418057
182,0.0,18109.0,3443,251.50285800948612,253.02091061952416,200.40747206152696,201.90529703492152,1.5180526100380405,1.4978249733945574,1.0135046731111985,0.01056072828908393,0.008440370734086643,0.009500549511585287,51.11561358460264,894,788,1812,1631,138,90,3551.3903045695156,0.49337748344370863,0.48313917841814835,0.8456375838926175,0.8857868020304569,112187,87805,217817,170228,15842,11495,407780.4281081824,0.5150516259061506,0.5158082101651902,0.8587893427937283,0.8690849040487444,894,788,1542,1438,756,138,132,786,698,90,103,740,0.4900662251655629,0.49110974862047824,0.8456375838926175,0.8857868020304569,0.490272373540856,0.4853963838664812,894,788,3551.3903045695156,18200.0,0.5150516259061506,0.5158082101651902,0.8587893427937283,0.8690849040487444
183,0.0,18208.5,3441,253.02447447311522,254.54207462168554,201.90624620309922,203.30917413027254,1.5176001485703239,1.402927927173323,1.0817377850821226,0.010586143107294476,0.008470963085012455,0.009528553096153466,51.232900491413005,924,818,1822,1619,107,100,3547.8260027599717,0.5071350164654226,0.5052501544163064,0.8841991341991342,0.8777506112469438,113111,88623,219639,171847,15949,11595,411328.25411094236,0.5149859542248872,0.5157087409148836,0.8589969145352795,0.8691648894756441,924,818,1604,1402,817,107,111,787,718,100,117,684,0.5093304061470911,0.515750463248919,0.8841991341991342,0.8777506112469438,0.5093516209476309,0.5121255349500713,924,818,3547.8260027599717,18300.0,0.5149859542248872,0.5157087409148836,0.8589969145352795,0.8691648894756441
184,0.0,18308.0,3451,254.55194676122534,256.19420474059234,203.31768209729015,204.77711030491915,1.6422579793670025,1.4594282076290028,1.1252749335543035,0.010618399401217159,0.008504704382085572,0.009561551891651365,51.41709443567319,909,839,1823,1628,130,108,3557.537103202573,0.4986286341195831,0.5153562653562653,0.856985698569857,0.8712753277711561,114020,89462,221462,173475,16079,11703,414885.79121414496,0.5148513063189171,0.5157054330595187,0.8589808805472724,0.8691846817643245,909,839,1570,1430,779,130,123,791,731,108,90,699,0.4947888096544158,0.5042997542997543,0.856985698569857,0.8712753277711561,0.4961783439490446,0.5111888111888112,909,839,3557.537103202573,18400.0,0.5148513063189171,0.5157054330595187,0.8589808805472724,0.8691846817643245
185,0.0,18407.5,3473,256.2007060798506,257.83380329500017,204.78550666539275,206.1908826621459,1.6330972151495757,1.4053759967531505,1.1620357960592262,0.010649629596583976,0.008535153134464934,0.009592391365524455,51.64292063285427,924,785,1861,1612,120,91,3579.586220664318,0.4965072541644277,0.4869727047146402,0.8701298701298701,0.8840764331210191,114944,90247,223323,175087,16199,11794,418465.3774348093,0.5146984412711633,0.5154408950978656,0.8590705038975501,0.8693142154309839,924,785,1631,1420,804,120,110,827,694,91,101,726,0.4911337990327781,0.49317617866004965,0.8701298701298701,0.8840764331210191,0.49294911097486205,0.4887323943661972,924,785,3579.586220664318,18500.0,0.5146984412711633,0.5154408950978656,0.8590705038975501,0.8693142154309839
186,0.0,18507.0,3502,257.8384640385082,259.4484060464895,206.1926576917443,207.63059918659482,1.6099420079812603,1.43794149485052,1.1196157936513407,0.010679180123026499,0.008566669328604849,0.009622924725815673,51.81780685989466,919,797,1849,1653,114,95,3608.473671171487,0.49702541914548404,0.4821536600120992,0.8759521218715995,0.8808030112923463,115863,91044,225172,176740,16313,11889,422073.85110598075,0.5145533192404029,0.5151295688582098,0.8592044052026963,0.8694147884539344,919,797,1618,1454,805,114,117,813,702,95,104,752,0.49864791779340184,0.48759830611010285,0.8759521218715995,0.8808030112923463,0.49752781211372066,0.4828060522696011,919,797,3608.473671171487,18600.0,0.5145533192404029,0.5151295688582098,0.8592044052026963,0.8694147884539344
187,0.0,18606.5,3510,259.45900257252833,261.0408405633145,207.64122007430896,209.10793056031372,1.5818379907861413,1.4667104860047573,1.0784936808456216,0.010707229133963521,0.00859985994041546,0.00965354453718949,51.93291000300076,923,808,1849,1661,130,80,3615.676273415544,0.4991887506760411,0.4864539434075858,0.8591549295774648,0.900990099009901,116786,91852,227021,178401,16443,11969,425689.5273793963,0.5144281806528911,0.5148625848509818,0.8592040141797819,0.8696925488829856,923,808,1584,1490,793,130,135,791,728,80,91,762,0.5018929150892374,0.49307645996387717,0.8591549295774648,0.900990099009901,0.5006313131313131,0.4885906040268456,923,808,3615.676273415544,18700.0,0.5144281806528911,0.5148625848509818,0.8592040141797819,0.8696925488829856
188,0.0,18706.0,3499,261.04748596492163,262.6572449188348,209.12470432495402,210.5578381252064,1.6097589539131718,1.4331338002523637,1.123244008081943,0.010736254742587138,0.008631238747375626,0.009683746744981382,52.09940679362842,971,786,1884,1615,122,74,3603.1407321461693,0.5153927813163482,0.486687306501548,0.874356333676622,0.905852417302799,117757,92638,228905,180016,16565,12043,429292.6681115425,0.5144361197876849,0.5146098124611146,0.8593289570895998,0.8699993523176235,971,786,1619,1458,849,122,143,770,712,74,83,746,0.5265392781316348,0.49226006191950467,0.874356333676622,0.905852417302799,0.5243977764051884,0.4883401920438957,971,786,3603.1407321461693,18800.0,0.5144361197876849,0.5146098124611146,0.8593289570895998,0.8699993523176235
189,0.0,18805.5,3521,262.6671993996557,264.2385844303697,210.56722280349462,212.02627824003125,1.5713850307139978,1.4590554365366302,1.0769878863849103,0.010763117919162598,0.008663266061665958,0.009713191990414278,52.21230619033847,925,843,1915,1606,115,111,3624.7836014610957,0.4830287206266319,0.524906600249066,0.8756756756756756,0.8683274021352313,118682,93481,230820,181622,16680,12154,432917.45171300357,0.5141755480460966,0.5147008622303465,0.8594563623801419,0.8699842748793872,925,843,1656,1404,810,115,144,846,732,111,91,672,0.49817232375979115,0.512453300124533,0.8756756756756757,0.8683274021352313,0.4891304347826087,0.5213675213675214,925,843,3624.7836014610957,18900.0,0.5141755480460966,0.5147008622303465,0.8594563623801419,0.8699842748793872
190,0.0,18905.0,3526,264.244808404747,265.8310544597969,212.0336415246741,213.61324465647402,1.5862460550499122,1.579603131799928,1.004205438135853,0.01079028414218949,0.008701194472733126,0.009745739307461308,52.21780980332289,933,869,1877,1649,104,97,3629.1554761180014,0.4970697922216303,0.5269860521528199,0.8885316184351554,0.8883774453394706,119615,94350,232697,183271,16784,12251,436546.60718912154,0.5140375681680469,0.5148113995121978,0.859683150106592,0.8701536830948595,933,869,1646,1454,829,104,127,817,772,97,98,682,0.5093233883857219,0.5275924802910855,0.8885316184351554,0.8883774453394706,0.5036452004860267,0.530949105914718,933,869,3629.1554761180014,19000.0,0.5140375681680469,0.5148113995121978,0.859683150106592,0.8701536830948595
191,0.0,19004.5,3558,265.83853331815243,267.5345005293666,213.63170771848633,215.193759233723,1.6959672112141675,1.562051515236675,1.0857306527161508,0.010822976166029842,0.008738387935035518,0.009780682050532681,52.340741295643596,936,841,1870,1688,119,98,3662.0047823641935,0.5005347593582887,0.4982227488151659,0.8728632478632479,0.8834720570749108,120551,95191,234567,184959,16903,12349,440208.6119714857,0.5139299219412791,0.5146600057309998,0.8597854849814601,0.8702713491821705,936,841,1620,1488,817,119,131,803,743,98,102,745,0.506951871657754,0.5005924170616114,0.8728632478632479,0.8834720570749108,0.504320987654321,0.4993279569892473,936,841,3662.0047823641935,19100.0,0.5139299219412791,0.5146600057309998,0.8597854849814601,0.8702713491821705
192,0.0,19104.0,3583,267.54860546933395,269.0327029514183,215.20735109408687,216.75215303030402,1.4840974820843371,1.5448019362171408,0.9607040535685405,0.010844637874646961,0.008774041841445802,0.00980933985804638,52.28054992111427,928,885,1880,1703,125,113,3686.9726632681763,0.49361702127659574,0.5196711685261304,0.865301724137931,0.8723163841807909,121479,96076,236447,186662,17028,12462,443895.5846347539,0.5137684132173383,0.5147057247859768,0.8598276245276961,0.8702901869353429,928,885,1616,1490,803,125,139,813,772,113,100,718,0.5010638297872341,0.5120375807398708,0.865301724137931,0.8723163841807909,0.4969059405940594,0.5181208053691275,928,885,3686.9726632681763,19200.0,0.5137684132173383,0.5147057247859768,0.8598276245276961,0.8702901869353429
193,0.0,19203.5,3579,269.03930816775437,270.7364810452439,216.76084477283706,218.27720262017306,1.6971728774895496,1.5163578473359962,1.1192429811150562,0.010876726698810742,0.00880759859821909,0.009842162648514917,52.45927842507086,920,838,1872,1707,123,100,3681.720003848828,0.49145299145299143,0.4909197422378442,0.866304347826087,0.8806682577565632,122399,96914,238319,188369,17151,12562,447577.3046386027,0.5135931251809549,0.5144901761967202,0.859876306178972,0.8703799244691169,920,838,1638,1514,797,123,111,841,738,100,93,776,0.48504273504273504,0.4868189806678383,0.866304347826087,0.8806682577565632,0.48656898656898656,0.48745046235138706,920,838,3681.720003848828,19300.0,0.5135931251809549,0.5144901761967202,0.859876306178972,0.8703799244691169
194,0.0,19303.0,3563,270.7403531737144,272.3162787993981,218.2831316128612,219.75562186073907,1.5759256256836807,1.4724902478778574,1.070245203969869,0.010902093971195953,0.008838405782793528,0.009870249876994742,52.56065693865904,960,834,1867,1696,141,106,3663.997727851362,0.5141938939475094,0.49174528301886794,0.853125,0.8729016786570744,123359,97748,240186,190065,17292,12668,451241.3023664541,0.5135977950421756,0.5142872175308447,0.8598237664053697,0.8704014404386791,960,834,1611,1500,819,141,115,792,728,106,90,772,0.5002678093197643,0.482311320754717,0.853125,0.8729016786570744,0.5083798882681564,0.48533333333333334,960,834,3663.997727851362,19400.0,0.5135977950421756,0.5142872175308447,0.8598237664053697,0.8704014404386791
195,0.0,19402.5,3552,272.32720434822687,273.9583061755412,219.764337352817,221.2520074562942,1.6311018273143532,1.4876701034771997,1.0964136628825865,0.010930392329094596,0.008869818347782029,0.009900105338438311,52.70629871924703,930,805,1874,1678,119,105,3652.0375695379134,0.49626467449306294,0.4797377830750894,0.8720430107526882,0.8695652173913043,124289,98553,242060,191743,17411,12773,454893.33993599203,0.5134636040651078,0.5139848651580501,0.8599151976442002,0.8703946100067984,930,805,1643,1474,811,119,112,832,700,105,99,774,0.49252934898612594,0.4761620977353993,0.8720430107526882,0.8695652173913043,0.4936092513694461,0.47489823609226595,930,805,3652.0375695379134,19500.0,0.5134636040651078,0.5139848651580501,0.8599151976442002,0.8703946100067984
196,0.0,19502.0,3560,273.9668789128188,275.58574431322194,221.2581604544267,222.7788254390155,1.6188654004031378,1.520664984588791,1.0645772848126056,0.010957657579338026,0.008902463049207698,0.009930060314272862,52.806918874206445,938,860,1869,1691,96,107,3659.126489465921,0.50187265917603,0.5085748078060319,0.8976545842217484,0.8755813953488372,125227,99413,243929,193434,17507,12880,458552.46642545797,0.5133747934849895,0.5139375704374619,0.8601978806487419,0.8704394797461097,938,860,1650,1466,842,96,123,808,753,107,118,713,0.516318887105404,0.5150798344175045,0.8976545842217484,0.8755813953488372,0.5103030303030303,0.5136425648021828,938,860,3659.126489465921,19600.0,0.5133747934849895,0.5139375704374619,0.8601978806487419,0.8704394797461097
197,0.0,19601.5,3630,275.5912691468021,277.2042592961384,222.78096351643913,224.3393296691195,1.6129901493362695,1.558366152680378,1.0350520938624974,0.010984193072991968,0.008936486294140858,0.009960339683566414,52.86492962701888,922,862,1888,1742,122,88,3730.4189205695434,0.4883474576271186,0.49483352468427094,0.8676789587852495,0.8979118329466358,126149,100275,245817,195176,17629,12968,462282.8853460275,0.5131825707741938,0.5137670615239579,0.8602525584824295,0.8706756419845425,922,862,1654,1548,800,122,112,854,774,88,106,774,0.4830508474576271,0.505166475315729,0.8676789587852495,0.8979118329466357,0.4836759371221282,0.5,922,862,3730.4189205695434,19700.0,0.5131825707741938,0.5137670615239579,0.8602525584824295,0.8706756419845425
198,0.0,19701.0,3567,277.21169131668483,278.88016538224525,224.34870208719127,225.84636112294555,1.6684740655604173,1.4976590357542818,1.1140546851641075,0.011013359071921648,0.008967465224666713,0.00999041214829418,53.0338042592997,960,816,1907,1660,129,91,3665.186257073661,0.5034084950183534,0.491566265060241,0.865625,0.8884803921568627,127109,101091,247724,196836,17758,13059,465948.07160310115,0.5131073291243481,0.5135798329573859,0.8602931342391176,0.8708193607739562,960,816,1647,1457,831,129,131,816,725,91,112,732,0.5044572627163083,0.5042168674698795,0.865625,0.8884803921568627,0.5045537340619308,0.49759780370624573,960,816,3665.186257073661,19800.0,0.5131073291243481,0.5135798329573859,0.8602931342391176,0.8708193607739562
199,0.0,19800.5,3622,278.8902030451695,280.51003664218297,225.85820998786463,227.37631722427128,1.6198335970134394,1.5181072364066495,1.0670086790756466,0.011039918637386249,0.008999284801493802,0.010019601719440024,53.13371941791169,911,865,1887,1735,124,102,3720.9075653610084,0.48277689454160044,0.49855907780979825,0.8638858397365532,0.8820809248554913,128020,101956,249611,198571,17882,13161,469668.97916846216,0.512878038227482,0.5134485901768133,0.8603187002030932,0.8709149044685943,911,865,1636,1539,787,124,127,849,763,102,94,776,0.48436671966083733,0.49394812680115274,0.8638858397365532,0.8820809248554913,0.48105134474327627,0.49577647823261856,911,865,3720.9075653610084,19900.0,0.512878038227482,0.5134485901768133,0.8603187002030932,0.8709149044685943
200,0.0,19900.0,3641,280.5181939971101,282.1666078645158,227.38448734242684,228.96885635965174,1.6484138674057363,1.5843690172249012,1.0404229377654788,0.01106754760531596,0.009033915334255356,0.010050731469785659,53.19775150486407,927,836,1895,1746,119,98,3739.635032402959,0.48918205804749343,0.47880870561282934,0.8716289104638619,0.8827751196172249,128947,102792,251506,200317,18001,13259,473408.6142008651,0.5126994982227064,0.5131466625398743,0.860400009306149,0.8710113627519651,927,836,1657,1539,808,119,119,849,738,98,109,801,0.48918205804749343,0.48510882016036655,0.8716289104638619,0.8827751196172249,0.4876282438141219,0.47953216374269003,927,836,3739.635032402959,20000.0,0.5126994982227064,0.5131466625398743,0.860400009306149,0.8710113627519651
201,0.0,19999.5,3654,282.1736975570278,283.8853420428035,228.9745934997346,230.50691893489443,1.7116444857756505,1.5323254351598337,1.1170241297972794,0.011097994342517754,0.009065491007977603,0.010081742675247678,53.37842310790904,938,870,1902,1752,117,102,3752.476574326628,0.4931650893796004,0.4965753424657534,0.8752665245202559,0.8827586206896552,129885,103662,253408,202069,18118,13361,477161.0907751917,0.512552879151408,0.5130029841291835,0.8605073719059168,0.87110995350273,938,870,1663,1558,821,117,122,842,768,102,92,790,0.4957939011566772,0.4908675799086758,0.8752665245202559,0.8827586206896552,0.4936861094407697,0.49293966623876767,938,870,3752.476574326628,20100.0,0.512552879151408,0.5130029841291835,0.8605073719059168,0.87110995350273
202,0.0,20099.0,3621,283.8882123408675,285.50015320937314,230.5168162597168,232.02803434714022,1.6119408685056555,1.5112180874234298,1.0666500632307507,0.011122994923325571,0.009095915082801762,0.010109455003063667,53.47211886223292,985,850,1893,1728,117,90,3717.7636316504318,0.520338087691495,0.49189814814814814,0.8812182741116751,0.8941176470588236,130870,104512,255301,203797,18235,13451,480878.85440684215,0.5126106047371534,0.5128240356825665,0.8606632536104531,0.8712970759338641,985,850,1675,1530,868,117,101,807,760,90,108,770,0.5118858954041204,0.5023148148148148,0.8812182741116751,0.8941176470588236,0.5182089552238806,0.49673202614379086,985,850,3717.7636316504318,20200.0,0.5126106047371534,0.5128240356825665,0.8606632536104531,0.8712970759338641
203,0.0,20198.5,3680,285.5091131308505,287.22874122189654,232.0396452215926,233.62521357115546,1.7196280910460473,1.5855683495628625,1.0845499605993931,0.011153353963729061,0.009129786398847824,0.010141570181288442,53.603527650741086,969,914,1902,1778,122,93,3777.7945102070785,0.5094637223974764,0.5140607424071991,0.8740970072239422,0.8982494529540481,131839,105426,257203,205575,18357,13544,484656.6489170492,0.5125873337402752,0.5128347318496899,0.8607619900029582,0.8715307419422154,969,914,1662,1589,847,122,118,815,821,93,96,768,0.5073606729758149,0.515748031496063,0.8740970072239422,0.8982494529540481,0.5096269554753309,0.5166771554436753,969,914,3777.7945102070785,20300.0,0.5125873337402752,0.5128347318496899,0.8607619900029582,0.8715307419422154
204,0.0,20298.0,3616,287.23941831696015,288.8418639545073,233.63242795266453,235.15876044054002,1.6024456375471345,1.526332487875493,1.0498666904336051,0.01117775530374072,0.009160206410097814,0.010168980856919266,53.68310351396727,916,857,1899,1717,111,82,3712.2706324477267,0.4823591363875724,0.49912638322655795,0.87882096069869,0.9043173862310385,132755,106283,259102,207292,18468,13626,488368.91954949696,0.5123657864470363,0.512721185573973,0.8608865956084517,0.8717951130472418,916,857,1664,1534,805,111,124,859,775,82,101,759,0.4892048446550816,0.5101921956901573,0.87882096069869,0.9043173862310385,0.48377403846153844,0.5052151238591917,916,857,3712.2706324477267,20400.0,0.5123657864470363,0.512721185573973,0.8608865956084517,0.8717951130472418
205,0.0,20397.5,3638,288.86101458283616,290.4467609061366,235.1663824574601,236.70173248888938,1.585746323300441,1.5353500314292887,1.0328239755362087,0.011201517324289756,0.009190789405577793,0.010196153364933774,53.74502841724723,928,878,1869,1769,123,101,3733.888414461676,0.49652220438737293,0.4963256076879593,0.8674568965517242,0.8849658314350797,133683,107161,260971,209061,18591,13727,492102.80796395865,0.5122523192232087,0.5125824520116138,0.8609322052916227,0.871903024421198,928,878,1621,1563,805,123,125,816,777,101,105,786,0.49759229534510435,0.49858677218767666,0.8674568965517241,0.8849658314350797,0.49660703269586676,0.4971209213051823,928,878,3733.888414461676,20500.0,0.5122523192232087,0.5125824520116138,0.8609322052916227,0.871903024421198
206,0.0,20497.0,3660,290.4543619769749,292.20230175721105,236.70934994598025,238.28292022380768,1.7479397802361518,1.5735702778274288,1.1108113853354353,0.011232361456262836,0.009222930609187528,0.010227646032725182,53.91938153340337,965,874,1938,1722,134,98,3756.172990959804,0.4979360165118679,0.5075493612078978,0.861139896373057,0.8878718535469108,134648,108035,262909,210783,18725,13825,495858.9809549184,0.5121467884324995,0.5125413339785466,0.8609336937793357,0.8720322117832184,965,874,1677,1546,831,134,127,846,776,98,78,770,0.49432404540763675,0.4959349593495935,0.861139896373057,0.8878718535469108,0.49552772808586765,0.5019404915912031,965,874,3756.172990959804,20600.0,0.5121467884324995,0.5125413339785466,0.8609336937793357,0.8720322117832184
207,0.0,20596.5,3652,292.210784943881,293.8691517700909,238.28889120256838,239.83521171227298,1.6583668262099422,1.5463205097046,1.0724599562653068,0.011258622995743687,0.009253365315832289,0.010255994155787988,54.033940057817944,936,885,1885,1767,123,108,3747.515100665815,0.496551724137931,0.5008488964346349,0.8685897435897436,0.8779661016949153,135584,108920,264794,212550,18848,13933,499606.4960555842,0.512035771203275,0.5124441307927546,0.8609865470852018,0.8720804260007344,936,885,1639,1569,813,123,123,826,777,108,90,792,0.496551724137931,0.4906621392190153,0.8685897435897436,0.8779661016949153,0.4960341671751068,0.49521988527724664,936,885,3747.515100665815,20700.0,0.512035771203275,0.5124441307927546,0.8609865470852018,0.8720804260007344
208,0.0,20696.0,3653,293.88187507583086,295.5395780580455,239.84423100843213,241.40592263295557,1.65770298221463,1.5616916245234336,1.06147907575575,0.011284803956723504,0.009284392930692834,0.01028459844370817,54.13365542508993,960,858,1910,1743,115,92,3747.8140375604803,0.5026178010471204,0.49225473321858865,0.8802083333333334,0.8927738927738927,136544,109778,266704,214293,18963,14025,503354.3100931447,0.5119683244345792,0.5122799158161956,0.8611216897117413,0.8722421614531145,960,858,1677,1555,845,115,118,832,766,92,96,789,0.5041884816753927,0.4945496270797476,0.8802083333333334,0.8927738927738927,0.5038759689922481,0.492604501607717,960,858,3747.8140375604803,20800.0,0.5119683244345792,0.5122799158161956,0.8611216897117413,0.8722421614531145
209,0.0,20795.5,3661,295.54303351915206,297.2058146168917,241.40871841328976,242.96096952696706,1.6627810977396393,1.5522511136773005,1.0712062520609131,0.011310533916683976,0.009314374155618298,0.010312454036151136,54.24484508992464,972,895,1906,1755,129,121,3755.615331416873,0.5099685204616999,0.50997150997151,0.8672839506172839,0.864804469273743,137516,110673,268610,216048,19092,14146,507109.9254245616,0.5119541342466774,0.5122611641857365,0.8611652462258937,0.87218201367994,972,895,1674,1534,843,129,103,831,774,121,100,760,0.4963273871983211,0.498005698005698,0.8672839506172839,0.864804469273743,0.503584229390681,0.5045632333767927,972,895,3755.615331416873,20900.0,0.5119541342466774,0.5122611641857365,0.8611652462258937,0.87218201367994
210,0.0,20895.0,3685,297.21294795012784,298.8314803292912,242.96761870599943,244.58620523171786,1.618532379163355,1.6185865257184275,0.9999665470123393,0.011334086884337837,0.009347412169389202,0.01034074952686352,54.24527509757334,975,866,1920,1765,130,103,3779.969487013709,0.5078125,0.4906515580736544,0.8666666666666667,0.8810623556581986,138491,111539,270530,217813,19222,14249,510889.8949115753,0.5119247403245482,0.5120860554696001,0.8612039771537501,0.8722509615470821,975,866,1667,1567,845,130,123,822,763,103,95,804,0.5041666666666667,0.4861189801699717,0.8666666666666667,0.8810623556581986,0.5068986202759448,0.48691767708998085,975,866,3779.969487013709,21000.0,0.5119247403245482,0.5120860554696001,0.8612039771537501,0.8722509615470821
211,0.0,20994.5,3749,298.8385393491783,300.5329173239336,244.59286860627753,246.19632332818688,1.694377974755298,1.603454721909344,1.056704596396514,0.011361007657143932,0.00937942055230532,0.010370214104724627,54.33659399574671,975,884,1939,1810,115,113,3844.835170768756,0.5028365136668386,0.48839779005524864,0.882051282051282,0.8721719457013575,139466,112423,272469,219623,19337,14362,514734.7300823441,0.5118600648147129,0.5118908311060317,0.8613497196449313,0.8722503402328705,975,884,1690,1589,860,115,134,830,771,113,108,818,0.5126353790613718,0.4856353591160221,0.882051282051282,0.8721719457013575,0.5088757396449705,0.4852108244178729,975,884,3844.835170768756,21100.0,0.5118600648147129,0.5118908311060317,0.8613497196449313,0.8722503402328705
212,0.0,21094.0,3715,300.54238819548704,302.18094386780194,246.21254678693995,247.8207317034384,1.638555672314908,1.608184916498459,1.018885114208493,0.011385155099509686,0.009411801039098763,0.010398478069304225,54.36021216436353,980,913,1921,1794,131,88,3809.4449631288885,0.5101509630400833,0.5089186176142698,0.866326530612245,0.9036144578313253,140446,113336,274390,221417,19468,14450,518544.175045473,0.5118480994205328,0.5118667491656016,0.861384446691255,0.8725029999294134,980,913,1665,1607,849,131,125,816,825,88,99,782,0.5070275897969807,0.5150501672240803,0.8663265306122448,0.9036144578313253,0.5099099099099099,0.5133789670192906,980,913,3809.4449631288885,21200.0,0.5118480994205328,0.5118667491656016,0.861384446691255,0.8725029999294134
213,0.0,21193.5,3730,302.19596797955546,303.8163133338768,247.82677829232182,249.46927844084186,1.62034535432133,1.6425001485200426,0.9865115420423707,0.011408481576323013,0.009445010740201749,0.010426746158262381,54.34703489303493,943,892,1915,1815,120,103,3824.538399988814,0.49242819843342034,0.4914600550964187,0.8727465535524921,0.8845291479820627,141389,114228,276305,223232,19588,14553,522368.71344546176,0.5117135050035287,0.5117008314220184,0.861460226750313,0.8725969114402774,943,892,1673,1604,823,120,122,850,789,103,108,815,0.4934725848563969,0.49421487603305786,0.8727465535524921,0.8845291479820628,0.4919306634787806,0.4918952618453865,943,892,3824.538399988814,21300.0,0.5117135050035287,0.5117008314220184,0.861460226750313,0.8725969114402774
214,0.0,21293.0,3738,303.8280549033745,305.43371764231443,249.48033664228993,251.00156706462428,1.605662738939941,1.5212304223343551,1.0555026479657321,0.011430750555332608,0.009472477448134564,0.010451614001733587,54.43215057769015,923,923,1925,1813,135,119,3831.6003813261145,0.4794805194805195,0.5091009376723662,0.8537378114842904,0.8710725893824485,142312,115151,278230,225045,19723,14672,526200.3138267879,0.51149049347662,0.5116798862449732,0.8614101410984316,0.8725846931420482,923,923,1664,1593,788,135,126,876,804,119,101,789,0.4748051948051948,0.4991726420297849,0.8537378114842904,0.8710725893824486,0.4735576923076923,0.504708097928437,923,923,3831.6003813261145,21400.0,0.51149049347662,0.5116798862449732,0.8614101410984316,0.8725846931420482
215,0.0,21392.5,3751,305.4490649801197,307.1690908089745,251.01117319093822,252.61672736652176,1.720025828854773,1.605554175583535,1.0712972847706204,0.011458299304687343,0.009503543148464053,0.010480921226575698,54.55236344245273,966,898,1937,1814,136,95,3843.953547715889,0.49870934434692826,0.49503858875413453,0.8592132505175983,0.8942093541202673,143278,116049,280167,226859,19859,14767,530044.2673745038,0.5114021280165044,0.5115468198308201,0.8613953293597063,0.8727520271609406,966,898,1689,1642,830,136,112,859,803,95,77,839,0.48631905007743936,0.48511576626240355,0.8592132505175983,0.8942093541202673,0.49141503848431023,0.4890377588306943,966,898,3843.953547715889,21500.0,0.5114021280165044,0.5115468198308201,0.8613953293597063,0.8727520271609406
216,0.0,21492.0,3761,307.1786182561164,308.81491022807165,252.62810672927296,254.2932028028314,1.6362919719552451,1.6650960735584306,0.9827012374477414,0.011481446966197918,0.009537159867050313,0.010509303416624115,54.521707425240265,998,948,1940,1821,144,96,3853.8619462152487,0.5144329896907216,0.5205930807248764,0.8557114228456913,0.8987341772151899,144276,116997,282107,228680,20003,14863,533898.129320719,0.5114229707167848,0.5116188560433794,0.8613560120879425,0.8729625545954169,998,948,1670,1626,854,144,126,816,852,96,99,774,0.5051546391752577,0.5222405271828665,0.8557114228456913,0.8987341772151899,0.511377245508982,0.5239852398523985,998,948,3853.8619462152487,21600.0,0.5114229707167848,0.5116188560433794,0.8613560120879425,0.8729625545954169
217,0.0,21591.5,3779,308.8187332080642,310.5793640556479,254.30200047470163,255.88619099281414,1.760630847583684,1.584190518112507,1.1113757009992697,0.011509848308638307,0.009566619415588456,0.010538233862113382,54.69317306283375,971,914,1929,1850,123,103,3871.988480705698,0.5033696215655781,0.49405405405405406,0.8733264675592173,0.887308533916849,145247,117911,284036,230530,20126,14966,537770.1178014247,0.511368277260629,0.5114778987550427,0.8614360365446446,0.873073759021635,971,914,1674,1636,848,123,132,826,811,103,111,825,0.5080352514256091,0.4983783783783784,0.8733264675592173,0.887308533916849,0.5065710872162486,0.495721271393643,971,914,3871.988480705698,21700.0,0.511368277260629,0.5114778987550427,0.8614360365446446,0.873073759021635
218,0.0,21691.0,3726,310.5880832333356,312.181150470825,255.89857838105968,257.5069654729685,1.5930672374893788,1.60838709190881,0.9904750202880267,0.011530527280395797,0.009597083293505683,0.01056380528695074,54.674184997856514,934,932,1912,1814,131,83,3816.6739116510485,0.4884937238493724,0.5137816979051819,0.8597430406852249,0.9109442060085837,146181,118843,285948,232344,20257,15049,541586.7917130757,0.5112153258634436,0.5114958854112868,0.8614252194197605,0.8733707496444889,934,932,1657,1633,803,131,124,854,849,83,98,784,0.4848326359832636,0.5220507166482911,0.8597430406852249,0.9109442060085837,0.48461074230537116,0.5199020208205756,934,932,3816.6739116510485,21800.0,0.5112153258634436,0.5114958854112868,0.8614252194197605,0.8733707496444889
219,0.0,21790.5,3735,312.18960705693075,313.79981566956576,257.51325884389786,259.0626014197461,1.610208612635006,1.549342575848243,1.0392850733824568,0.01155178812380681,0.009624294600237511,0.010588041362022162,54.73721424981966,928,886,1912,1823,125,105,3824.8924161991445,0.48535564853556484,0.48601206801974767,0.865301724137931,0.881489841986456,147109,119729,287860,234167,20382,15154,545411.6841292748,0.5110435628430487,0.5112974928149568,0.8614496733714456,0.8734308312940056,928,886,1638,1612,803,125,149,835,781,105,106,831,0.497907949790795,0.48656061437191445,0.865301724137931,0.881489841986456,0.4902319902319902,0.4844913151364764,928,886,3824.8924161991445,21900.0,0.5110435628430487,0.5112974928149568,0.8614496733714456,0.8734308312940056
220,0.0,21890.0,3715,313.81701293568966,315.5095731751142,259.07916968102114,260.6183971023588,1.6925602394245516,1.5392274213376709,1.0996167401654178,0.011576996246223527,0.009651265792173373,0.01061413101919845,54.8911760727554,996,859,1943,1772,140,88,3803.5319736398724,0.5126093669583119,0.4847629796839729,0.8594377510040161,0.8975552968568102,148105,120588,289803,235939,20522,15242,549215.2161029147,0.5110540608620339,0.5110982075875544,0.8614361432767293,0.8736026802003516,996,859,1677,1586,856,140,126,821,771,88,98,815,0.5054040144107051,0.4904063205417607,0.8594377510040161,0.8975552968568102,0.5104353011329755,0.48612862547288777,996,859,3803.5319736398724,22000.0,0.5110540608620339,0.5110982075875544,0.8614361432767293,0.8736026802003516
221,0.0,21989.5,3773,315.52107012088265,317.19045834637467,260.62850540673685,262.2313176094793,1.669388225492014,1.6028122027424274,1.0415370076642008,0.011600669800370047,0.009680577734612427,0.010640623767491237,54.95914073689539,974,929,1932,1841,113,106,3862.254557415966,0.5041407867494824,0.5046170559478544,0.8839835728952772,0.8858988159311088,149079,121517,291735,237780,20635,15348,553077.4706603306,0.5110082780605687,0.5110480275885272,0.8615834557516484,0.8736966844145264,974,929,1687,1648,861,113,132,826,823,106,87,825,0.5139751552795031,0.49429657794676807,0.8839835728952772,0.8858988159311088,0.5103734439834025,0.4993932038834951,974,929,3862.254557415966,22100.0,0.5110082780605687,0.5110480275885272,0.8615834557516484,0.8736966844145264
222,0.0,22089.0,3793,317.2034664741875,318.87720820503716,262.23872101580787,263.8540495185391,1.673741730849656,1.615328502731245,1.0361618259193992,0.011624394254362187,0.009710067560540292,0.010667230907451239,55.02315868649805,985,914,1945,1848,115,100,3881.6931083836207,0.506426735218509,0.4945887445887446,0.883248730964467,0.8905908096280087,150064,122431,293680,239628,20750,15448,556959.1637687142,0.5109779351675293,0.5109210943629292,0.8617256637168141,0.873822806315394,985,914,1689,1640,870,115,141,819,814,100,108,826,0.5197943444730078,0.4989177489177489,0.883248730964467,0.8905908096280087,0.5150976909413855,0.49634146341463414,985,914,3881.6931083836207,22200.0,0.5109779351675293,0.5109210943629292,0.8617256637168141,0.873822806315394
223,0.0,22188.5,3812,318.879812005881,320.5824380649653,263.86501616712644,265.531063726547,1.7026260590843094,1.6660475594205764,1.021955255392862,0.011648734632590524,0.00974172708753374,0.010695230860062133,55.05137433841827,960,928,1947,1865,110,93,3900.6860853351077,0.4930662557781202,0.4975871313672922,0.8854166666666666,0.8997844827586207,151024,123359,295627,241493,20860,15541,560859.8498540493,0.5108599688120503,0.510818118951688,0.8618762580781862,0.8740181097447288,960,928,1701,1673,850,110,136,851,835,93,99,838,0.5064201335387776,0.500804289544236,0.8854166666666666,0.8997844827586207,0.4997060552616108,0.49910340705319783,960,928,3900.6860853351077,22300.0,0.5108599688120503,0.510818118951688,0.8618762580781862,0.8740181097447288
224,0.0,22288.0,3754,320.58969800499824,322.2332450839468,265.53532971887097,267.23597697288307,1.6435470789485862,1.7006472540120967,0.9664244452053169,0.011670428094899564,0.009774349432961538,0.01072238876393055,54.99726811106376,965,877,1910,1844,129,88,3841.141506793153,0.5052356020942408,0.47559652928416485,0.8663212435233161,0.8996579247434435,151989,124236,297537,243337,20989,15629,564700.9913608425,0.5108238639228062,0.5105512108721649,0.8619044799294686,0.8741991049293281,965,877,1663,1664,836,129,118,827,789,88,92,875,0.49947643979057593,0.477765726681128,0.8663212435233161,0.8996579247434435,0.502705953096813,0.47415865384615385,965,877,3841.141506793153,22400.0,0.5108238639228062,0.5105512108721649,0.8619044799294686,0.8741991049293281
225,0.0,22387.5,3797,322.2332450839468,323.79838669874994,267.2470141690867,268.8232832160336,1.5651416148031103,1.5762690469468907,0.9929406517463922,0.011688121375135703,0.009801454824066176,0.01074478809960094,54.97510348271635,957,933,1946,1851,127,88,3883.947160281621,0.49177800616649536,0.5040518638573744,0.8672936259143156,0.9056806002143623,152946,125169,299483,245188,21116,15717,568584.9385211241,0.5107001065168975,0.5105021452925919,0.8619382004106024,0.8744337655489778,957,933,1682,1651,830,127,137,852,845,88,112,806,0.49691675231243576,0.5170178282009724,0.8672936259143156,0.9056806002143623,0.4934601664684899,0.5118110236220472,957,933,3883.947160281621,22500.0,0.5107001065168975,0.5105021452925919,0.8619382004106024,0.8744337655489778
226,0.0,22487.0,3809,323.81183098773397,325.4489983873645,268.83089252048745,270.47228406596673,1.6371673996305276,1.64139154547928,0.9974264849478562,0.011709439939343712,0.009831050194310713,0.010770245066827212,54.976714321397765,968,917,1963,1846,134,108,3895.054555928703,0.49312277126846665,0.4967497291440953,0.8615702479338843,0.8822246455834242,153914,126086,301446,247034,21250,15825,572479.9930770528,0.5105856438632458,0.5103993782232406,0.8619358862741531,0.8744904271687578,968,917,1697,1626,834,134,132,863,809,108,112,817,0.49210392256749874,0.4989165763813651,0.8615702479338843,0.8822246455834242,0.49145550972304064,0.497539975399754,968,917,3895.054555928703,22600.0,0.5105856438632458,0.5103993782232406,0.8619358862741531,0.8744904271687578
227,0.0,22586.5,3823,325.45883166073094,327.1318526425135,270.47748299756586,272.0589364361235,1.6730209817825425,1.5814534385576167,1.057900878389718,0.01173199105217255,0.009857638183329465,0.010794814617751006,55.072916206390005,957,906,1953,1870,117,107,3908.27884044665,0.49001536098310294,0.4844919786096257,0.877742946708464,0.8818984547461368,154871,126992,303399,248904,21367,15932,576388.2719174994,0.5104532315531692,0.5102047375695047,0.8620335634172956,0.8745432783167444,957,906,1711,1638,840,117,125,871,799,107,125,839,0.4941116231438812,0.49411764705882355,0.877742946708464,0.8818984547461368,0.49094097019286964,0.4877899877899878,957,906,3908.27884044665,22700.0,0.5104532315531692,0.5102047375695047,0.8620335634172956,0.8745432783167444
228,0.0,22686.0,3763,327.14463860890703,328.7985940613554,272.0620665301375,273.607371247969,1.653955452448372,1.5453047178315273,1.0703102329030034,0.011753637644875385,0.009882316735676508,0.010817977190275947,55.19122281338639,961,898,1940,1823,115,116,3845.734594871586,0.49536082474226806,0.4925946242457488,0.8803329864724245,0.8708240534521158,155832,127890,305339,250727,21482,16048,580234.006512371,0.5103573405297063,0.5100766969652252,0.8621464140869655,0.8745171631871139,961,898,1705,1608,846,115,120,859,782,116,99,826,0.4979381443298969,0.4832693362589139,0.8803329864724245,0.8708240534521158,0.4961876832844575,0.486318407960199,961,898,3845.734594871586,22800.0,0.5103573405297063,0.5100766969652252,0.8621464140869655,0.8745171631871139
229,0.0,22785.5,3838,328.81327632344517,330.4378689264734,273.6107672152541,275.29410511535656,1.6245926030282476,1.6833379001024582,0.9651018983944727,0.011773895771540472,0.009912819014882618,0.010843357393211545,55.143763811116855,982,957,1957,1881,132,110,3921.7009303377013,0.5017884517118038,0.5087719298245614,0.8655804480651731,0.8850574712643678,156814,128847,307296,252608,21614,16158,584155.7074427087,0.5103027699677184,0.5100669812515835,0.8621679186807301,0.8745954504179375,982,957,1702,1664,850,132,123,852,847,110,107,817,0.4971895758814512,0.507177033492823,0.8655804480651731,0.8850574712643678,0.4994124559341951,0.5090144230769231,982,957,3921.7009303377013,22900.0,0.5103027699677184,0.5100669812515835,0.8621679186807301,0.8745954504179375
230,0.0,22885.0,3862,330.4410818183643,332.17906151631905,275.30701270574116,276.9821286142825,1.7379796979547564,1.6751159085413292,1.0375280236387752,0.011798408946005324,0.00994311212781469,0.010870760536910006,55.196932902036565,1014,938,1975,1887,117,107,3945.626248936597,0.5134177215189873,0.4970853206147324,0.8846153846153846,0.8859275053304904,157828,129785,309271,254495,21731,16265,588101.3336916453,0.5103226620019335,0.5099707263403996,0.86231213726335,0.8746773510035828,1014,938,1725,1682,897,117,133,828,831,107,98,851,0.5215189873417722,0.4923158452570217,0.8846153846153846,0.8859275053304904,0.52,0.4940546967895363,1014,938,3945.626248936597,23000.0,0.5103226620019335,0.5099707263403996,0.86231213726335,0.8746773510035828
231,0.0,22984.5,3818,332.19395265987157,333.87478424645286,276.99020026791715,278.67351446634746,1.6808315865812915,1.6833141984303097,0.998525164314937,0.011820741492998107,0.009973288519125665,0.010897015006061887,55.201269780105406,961,953,1952,1866,130,93,3900.660488101663,0.4923155737704918,0.5107181136120043,0.8647242455775235,0.9024134312696748,158789,130738,311223,256361,21861,16358,592001.994179747,0.5102097210039104,0.5099761664215696,0.8623267354791578,0.8748795300524713,961,953,1706,1675,831,130,116,875,860,93,98,815,0.48514344262295084,0.5133976420150054,0.8647242455775234,0.9024134312696747,0.48710433763188743,0.5134328358208955,961,953,3900.660488101663,23100.0,0.5102097210039104,0.5099761664215696,0.8623267354791578,0.8748795300524713
232,0.0,23084.0,3852,333.89021406877623,335.55740942720655,278.67877340760145,280.35776103352885,1.6671953584303196,1.678987625927391,0.99297656080666,0.011842316968491808,0.010002897041335527,0.010922607004913668,55.199648393677705,1002,984,1963,1889,132,125,3934.821988847606,0.5104431991849211,0.5209105346744309,0.8682634730538922,0.8729674796747967,159791,131722,313186,258250,21993,16483,595936.8161685945,0.5102111844079876,0.5100561471442401,0.8623639629265728,0.8748652465040009,1002,984,1716,1678,870,132,115,846,859,125,86,819,0.5017829852266938,0.5002646903123346,0.8682634730538922,0.8729674796747967,0.506993006993007,0.5119189511323003,1002,984,3934.821988847606,23200.0,0.5102111844079876,0.5100561471442401,0.8623639629265728,0.8748652465040009
233,0.0,23183.5,3852,335.57256786096474,337.2907377164316,280.3613976576877,282.0180936264385,1.71816985546684,1.656695968750796,1.0371063175595203,0.011865883345846994,0.010031225062313041,0.010948554204080018,55.27264408999309,982,897,1960,1892,120,101,3934.1708834313695,0.5010204081632653,0.4741014799154334,0.8778004073319756,0.887402452619844,160773,132619,315146,260142,22113,16584,599870.9870520259,0.5101540238492636,0.5097946506138955,0.8624582485865164,0.8749500448653662,982,897,1720,1655,862,120,120,858,796,101,136,859,0.5010204081632653,0.492600422832981,0.8778004073319755,0.887402452619844,0.5011627906976744,0.4809667673716012,982,897,3934.1708834313695,23300.0,0.5101540238492636,0.5097946506138955,0.8624582485865164,0.8749500448653662
234,0.0,23283.0,3819,337.2981725133628,338.9701581562763,282.03303611183355,283.62889877105164,1.671985642913512,1.595862659218085,1.0477002098242745,0.011886944546926482,0.010057194405833633,0.010972069476380058,55.341259385224646,936,951,1962,1857,122,99,3900.0395930023315,0.47706422018348627,0.5121163166397416,0.8696581196581197,0.8958990536277602,161709,133570,317108,261999,22235,16683,603771.0266450281,0.5099492917239552,0.5098111061492601,0.8624999227006537,0.8750991989219136,936,951,1711,1646,814,122,129,897,852,99,112,794,0.48063200815494395,0.5191168551427033,0.8696581196581197,0.8958990536277602,0.47574517825832846,0.5176184690157959,936,951,3900.0395930023315,23400.0,0.5099492917239552,0.5098111061492601,0.8624999227006537,0.8750991989219136
235,0.0,23382.5,3817,338.97475796517716,340.6381425326048,283.63753295286944,285.33524245469306,1.663384567427613,1.6977095018236241,0.9797816208490674,0.011907339862740772,0.010087008203410571,0.010997174033075673,55.302900077911715,993,959,1963,1854,137,111,3897.68842217086,0.5058583800305655,0.517259978425027,0.8620342396777442,0.8842544316996872,162702,134529,319071,263853,22372,16794,607668.715067199,0.5099241234709516,0.509863446691908,0.8624970805521751,0.875164462680909,993,959,1707,1644,856,137,119,851,848,111,99,796,0.4966887417218543,0.5107874865156419,0.8620342396777442,0.8842544316996872,0.5014645577035736,0.5158150851581509,993,959,3897.68842217086,23500.0,0.5099241234709516,0.509863446691908,0.8624970805521751,0.875164462680909
236,0.0,23482.0,3850,340.6485767800023,342.36232678589573,285.3452496781169,287.02456624261066,1.7137500058934165,1.6793165644937744,1.0205044374167904,0.01192994368761437,0.010115848159663815,0.011022895923639094,55.33776054328507,985,972,1952,1898,126,123,3931.0489388413393,0.5046106557377049,0.512118018967334,0.8720812182741117,0.8734567901234568,163687,135501,321023,265751,22498,16917,611599.7640060403,0.5098918146051841,0.5098795489010389,0.8625547538900462,0.8751522128987979,985,972,1697,1672,859,126,129,838,849,123,103,823,0.5061475409836066,0.5015806111696522,0.8720812182741117,0.8734567901234568,0.5061873895109016,0.5077751196172249,985,972,3931.0489388413393,23600.0,0.5098918146051841,0.5098795489010389,0.8625547538900462,0.8751522128987979
237,0.0,23581.5,3854,342.3684441655487,344.02838508941556,287.0398041019229,288.65385407131527,1.659940923866884,1.6140499693923402,1.0284321770358948,0.011949904191190673,0.010141911577922812,0.011045907884556743,55.3745310181003,999,893,1970,1884,132,89,3934.850591798177,0.5071065989847716,0.4739915074309979,0.8678678678678678,0.9003359462486002,164686,136394,322993,267635,22630,17006,615534.6145978385,0.5098748270086348,0.5096269172567116,0.8625869837144626,0.875317096059944,999,893,1689,1694,867,132,149,822,804,89,101,890,0.515736040609137,0.48036093418259024,0.8678678678678678,0.9003359462486002,0.5133214920071048,0.47461629279811096,999,893,3934.850591798177,23700.0,0.5098748270086348,0.5096269172567116,0.8625869837144626,0.875317096059944
238,0.0,23681.0,3876,344.03697177367775,345.77619105486986,288.65845005382295,290.3442187056828,1.7392192811921063,1.6857686518598598,1.031706977866314,0.011973131735154338,0.010170322228199084,0.011071726981676711,55.43197234918705,983,970,1969,1907,135,122,3956.2903058651646,0.49923819197562214,0.508652333508128,0.8626653102746694,0.8742268041237113,165669,137364,324962,269542,22765,17128,619490.9049037036,0.5098103778287922,0.5096200221115819,0.8625874484665206,0.8753093969307825,983,970,1703,1695,848,135,131,855,848,122,90,847,0.4972067039106145,0.4918720503408495,0.8626653102746694,0.8742268041237113,0.49794480328831475,0.5002949852507375,983,970,3956.2903058651646,23800.0,0.5098103778287922,0.5096200221115819,0.8625874484665206,0.8753093969307825
239,0.0,23780.5,3895,345.78472674970476,347.4890330506865,290.3537410592385,292.0633887767316,1.7043063009817274,1.7096477174931124,0.9968757209706236,0.011994701978765267,0.010199700380844643,0.011097201179804955,55.4256442739549,991,950,1978,1917,135,109,3975.541103498839,0.5010111223458038,0.495565988523735,0.863773965691221,0.8852631578947369,166660,138314,326940,271459,22900,17237,623466.4460072025,0.5097571419832385,0.5095207747763014,0.8625945037801512,0.8753777636392556,991,950,1717,1704,856,135,126,861,841,109,104,863,0.49646107178968657,0.49295774647887325,0.863773965691221,0.8852631578947369,0.49854397204426326,0.4935446009389671,991,950,3975.541103498839,23900.0,0.5097571419832385,0.5095207747763014,0.8625945037801512,0.8753777636392556
240,0.0,23880.0,3874,347.4987064810018,349.1973317681847,292.0728848574664,293.77430724794044,1.6986252871828924,1.701422390474022,0.9983560206408532,0.012015903167082837,0.010228489898891493,0.011122196532987166,55.42302452024427,976,955,1955,1919,128,119,3953.8298537099413,0.49923273657289,0.49765502866076083,0.8688524590163934,0.875392670157068,167636,139269,328895,273378,23028,17356,627420.2758609124,0.5096945833776737,0.5094374821675483,0.8626309384619055,0.8753778658567233,976,955,1692,1693,848,128,135,844,836,119,107,857,0.5028132992327365,0.491401771756123,0.8688524590163934,0.875392670157068,0.5011820330969267,0.49379799173065564,976,955,3953.8298537099413,24000.0,0.5096945833776737,0.5094374821675483,0.8626309384619055,0.8753778658567233
241,0.0,23979.5,3852,349.20135599351676,350.8193176907203,293.7804441340074,295.4388451097626,1.6179616972035546,1.658400975755228,0.9756155000251024,0.01203334696815451,0.010255115993162572,0.011144231480658542,55.3804725809577,997,923,1950,1902,134,93,3931.072951913442,0.5112820512820513,0.4852786540483701,0.8655967903711134,0.8992416034669556,168633,140192,330845,275280,23162,17449,631351.3488128259,0.5097039399114389,0.5092705608834641,0.8626484733118666,0.875534980598037,997,923,1692,1705,863,134,124,829,830,93,104,875,0.5061538461538462,0.491062039957939,0.8655967903711134,0.8992416034669556,0.5100472813238771,0.4868035190615836,997,923,3931.072951913442,24100.0,0.5097039399114389,0.5092705608834641,0.8626484733118666,0.875534980598037
242,0.0,24079.0,3878,350.82159328073425,352.51965248759586,295.4475703017752,297.16648209116494,1.6980592068616147,1.718911789389722,0.9878687302880675,0.01205388416237187,0.01028412943870332,0.011169006800537595,55.353170396430926,1021,946,1977,1901,131,98,3956.7826424759787,0.5164390490642388,0.49763282482903737,0.8716944172380019,0.8964059196617337,169654,141138,332822,277181,23293,17547,635308.1314553019,0.5097439472150278,0.5091907453974118,0.86270291298761,0.8756748714024571,1021,946,1719,1694,890,131,127,829,848,98,109,846,0.5144157814871017,0.5034192530247238,0.871694417238002,0.8964059196617337,0.5177428737638162,0.500590318772137,1021,946,3956.7826424759787,24200.0,0.5097439472150278,0.5091907453974118,0.86270291298761,0.8756748714024571
243,0.0,24178.5,3857,352.53170120513727,354.3081084615872,297.175599239959,298.8084216307329,1.776407256449943,1.6328223907738675,1.0879366099383436,0.012077878712073687,0.010309377446756718,0.011193628079415202,55.49968683085433,1050,962,1975,1882,134,118,3935.4428503598706,0.5316455696202531,0.5111583421891605,0.8723809523809524,0.8773388773388773,170704,142100,334797,279063,23427,17665,639243.5743056617,0.5098731470114726,0.5092040148640271,0.8627624425906832,0.875686136523575,1050,962,1706,1675,916,134,135,790,844,118,89,831,0.5321518987341772,0.4957492029755579,0.8723809523809524,0.8773388773388774,0.536928487690504,0.5038805970149254,1050,962,3935.4428503598706,24300.0,0.5098731470114726,0.5092040148640271,0.8627624425906832,0.875686136523575
244,0.0,24278.0,3897,354.31763161183034,355.9145817232683,298.81450729531184,300.46335841676586,1.596950111437991,1.6488511214540154,0.9685229252412696,0.012094218277257037,0.010334951177959887,0.011214584727608463,55.45122330650247,1039,971,1980,1917,140,120,3975.917349261538,0.5247474747474747,0.5065206051121544,0.865255052935515,0.8764160659114315,171743,143071,336777,280980,23567,17785,643219.4916549233,0.5099605970716528,0.5091857071677699,0.8627775222279802,0.875691090437615,1039,971,1718,1712,899,140,122,819,851,120,85,861,0.5156565656565657,0.48826291079812206,0.865255052935515,0.8764160659114315,0.5232828870779976,0.49707943925233644,1039,971,3975.917349261538,24400.0,0.5099605970716528,0.5091857071677699,0.8627775222279802,0.875691090437615
245,0.0,24377.5,3901,355.92946650222177,357.70350728340316,300.4707591071847,302.126819602535,1.7740407811813839,1.6560604953503457,1.0712415314309391,0.012117871490824756,0.010360664078693486,0.011239267784759121,55.57668768086813,1038,980,1984,1917,135,129,3979.707256213075,0.5231854838709677,0.5112154407929056,0.869942196531792,0.8683673469387755,172781,144051,338761,282897,23702,17914,647199.1989111364,0.5100380504249309,0.5091994612880306,0.8628205647611716,0.8756412659405349,1038,980,1725,1690,903,135,124,822,851,129,98,839,0.5176411290322581,0.49504434011476267,0.869942196531792,0.8683673469387755,0.5234782608695652,0.5035502958579882,1038,980,3979.707256213075,24500.0,0.5100380504249309,0.5091994612880306,0.8628205647611716,0.8756412659405349
246,0.0,24477.0,3905,357.71688018277956,359.4559364900005,302.13692175593565,303.8408519053859,1.7390563072209488,1.7039301494502297,1.0206147873972724,0.01213984881023593,0.010388223667920376,0.011264036239078153,55.615084584614635,992,977,1966,1939,116,109,3983.6861685840017,0.5045778229908443,0.5038679731820526,0.8830645161290323,0.8884339815762539,173773,145028,340727,284836,23818,18023,651182.8850797204,0.5100065448291448,0.5091631675771321,0.8629361293181335,0.8757274457346168,992,977,1728,1711,876,116,122,852,868,109,119,843,0.5076297049847406,0.5090252707581228,0.8830645161290323,0.8884339815762539,0.5069444444444444,0.5073056691992986,992,977,3983.6861685840017,24600.0,0.5100065448291448,0.5091631675771321,0.8629361293181335,0.8757274457346168
247,0.0,24576.5,3920,359.46359907965706,361.1435173337506,303.84714398477496,305.54494164639516,1.6799182540935362,1.6977976616202,0.9894690586924231,0.012159022735852388,0.010415157569710547,0.011287090152781468,55.598575687355435,995,962,1984,1936,139,118,3998.293648441561,0.5015120967741935,0.496900826446281,0.8603015075376884,0.8773388773388773,174768,145990,342711,286772,23957,18141,655181.178728162,0.5099573693286763,0.5090803844168886,0.8629211297262657,0.8757380642509761,995,962,1723,1705,856,139,122,867,844,118,113,861,0.49294354838709675,0.4943181818181818,0.8603015075376884,0.8773388773388774,0.4968078932095183,0.4950146627565982,995,962,3998.293648441561,24700.0,0.5099573693286763,0.5090803844168886,0.8629211297262657,0.8757380642509761
248,0.0,24676.0,3913,361.149016189097,362.8886766284653,305.55569284164363,307.30846579821065,1.739660439368322,1.7527729565670143,0.9925189870430369,0.012180363744768899,0.010444270811438148,0.011312317278103523,55.58021083025466,996,982,1974,1939,127,106,3991.1942213365737,0.5045592705167173,0.5064466219700877,0.8724899598393574,0.8920570264765784,175764,146972,344685,288711,24084,18247,659172.3729494986,0.5099264545889726,0.509062695913907,0.862975353314672,0.8758471001279156,996,982,1720,1738,869,127,127,851,876,106,95,862,0.5045592705167173,0.5007735946364105,0.8724899598393574,0.8920570264765784,0.5052325581395349,0.5040276179516686,996,982,3991.1942213365737,24800.0,0.5099264545889726,0.509062695913907,0.862975353314672,0.8758471001279156
249,0.0,24775.5,3911,362.8908759167183,364.6017017628263,307.31452465131383,309.11701673046775,1.71082584610798,1.8024920791539216,0.9491447235158064,0.01220024281143091,0.010474958516302132,0.01133760066386652,55.48468503235853,998,979,1980,1931,143,110,3989.1317571159893,0.5040404040404041,0.506991196271362,0.8567134268537074,0.8876404494382022,176762,147951,346665,290642,24227,18357,663161.5047066145,0.5098928360232501,0.5090489330516581,0.8629399984159491,0.8759251373765639,998,979,1712,1720,855,143,125,857,869,110,101,851,0.494949494949495,0.5023303987571207,0.8567134268537074,0.8876404494382022,0.4994158878504673,0.5052325581395349,998,979,3989.1317571159893,24900.0,0.5098928360232501,0.5090489330516581,0.8629399984159491,0.8759251373765639
250,0.0,24875.0,3894,364.6101650573892,366.2897352341052,309.1252922855018,310.9045144537299,1.6795701767159699,1.7792221682281024,0.9439912601744535,0.012218963179036344,0.01050455859116741,0.011361760885101877,55.38522078037528,1045,966,1964,1930,139,118,3971.898815365899,0.5320773930753564,0.5005181347150259,0.8669856459330143,0.8778467908902692,177807,148917,348629,292572,24366,18475,667133.4035219804,0.5100178126317662,0.5089926582174644,0.8629637753294302,0.8759376028257352,1045,966,1715,1717,906,139,110,809,848,118,95,869,0.5173116089613035,0.4886010362694301,0.8669856459330143,0.8778467908902692,0.5282798833819242,0.4938846825859057,1045,966,3971.898815365899,25000.0,0.5100178126317662,0.5089926582174644,0.8629637753294302,0.8759376028257352
251,0.0,24974.5,3873,366.2994686295036,368.0087214750036,310.9136320381614,312.6099464341817,1.7092528454999751,1.696314396020341,1.007627388831922,0.012238767558438526,0.010530653257356061,0.011384710407897293,55.398775040821874,1030,1053,1971,1902,130,117,3950.608339277378,0.5225773718924404,0.5536277602523659,0.8737864077669903,0.8888888888888888,178837,149970,350600,294474,24496,18592,671084.0118612577,0.5100884198516829,0.5092809551946861,0.8630261075728177,0.8760285390411415,1030,1053,1724,1696,900,130,117,824,936,117,89,760,0.5159817351598174,0.538906414300736,0.8737864077669902,0.8888888888888888,0.5220417633410673,0.5518867924528302,1030,1053,3950.608339277378,25100.0,0.5100884198516829,0.5092809551946861,0.8630261075728177,0.8760285390411415
252,0.0,25074.0,3915,368.0130178863165,369.77108644590317,312.619098017181,314.28591081217155,1.7580685595866612,1.6668127949905625,1.0547486585598327,0.012260136138401054,0.010555371473715353,0.011407753806058202,55.485175633731615,1028,982,1979,1936,132,117,3993.3545529612616,0.5194542698332492,0.5072314049586777,0.8715953307392996,0.8808553971486761,179865,150952,352579,296410,24628,18709,675077.366414219,0.5101409896789089,0.5092675685705611,0.8630750840908459,0.8760599395834437,1028,982,1725,1706,896,132,122,829,865,117,113,841,0.5144012127337039,0.5051652892561983,0.8715953307392996,0.8808553971486762,0.5194202898550725,0.5070339976553341,1028,982,3993.3545529612616,25200.0,0.5101409896789089,0.5092675685705611,0.8630750840908459,0.8760599395834437
253,0.0,25173.5,3883,369.7788348865681,371.49357360728396,314.29342765861986,316.06719418306693,1.714738720715843,1.773766524447069,0.9667217737409796,0.012279759598778157,0.01058405709519851,0.011431908346988333,55.42637942421703,991,974,1972,1911,128,96,3961.043279140301,0.5025354969574036,0.5096807953950812,0.8708375378405651,0.9014373716632443,180856,151926,354551,298321,24756,18805,679038.4096933593,0.510098688200005,0.5092702156401997,0.8631176184367674,0.8762226347037374,991,974,1699,1711,863,128,145,836,878,96,104,833,0.5111561866125761,0.5138670852956567,0.8708375378405651,0.9014373716632443,0.5079458505002943,0.5131502045587376,991,974,3961.043279140301,25300.0,0.510098688200005,0.5092702156401997,0.8631176184367674,0.8762226347037374
254,0.0,25273.0,3911,371.49730437040796,373.2494092989559,316.0764792906704,317.80486719963216,1.7521049285479648,1.7283879089617358,1.0137220466905927,0.01230054147798265,0.010610799902562503,0.011455670690272576,55.44454209932377,1027,971,1983,1928,146,99,3990.3348816052403,0.5179021684316691,0.5036307053941909,0.857838364167478,0.898043254376931,181883,152897,356534,300249,24902,18904,683028.7445749645,0.5101420902354333,0.5092340024446376,0.8630878091960217,0.8763612104881063,1027,971,1701,1719,881,146,136,820,872,99,110,847,0.5128593040847201,0.5093360995850622,0.857838364167478,0.898043254376931,0.5179306290417401,0.5072716695753345,1027,971,3990.3348816052403,25400.0,0.5101420902354333,0.5092340024446376,0.8630878091960217,0.8763612104881063
255,0.0,25372.5,3907,373.26479093827135,374.99733015920236,317.8086910751607,319.6722146404173,1.7325392209310166,1.8635235652565711,0.9297114633978237,0.012320849976510029,0.010642418233955791,0.01148163410523291,55.32511551878508,1071,1008,1981,1926,172,94,3987.2759956239247,0.5406360424028268,0.5233644859813084,0.8394024276377218,0.9067460317460317,182954,153905,358515,302175,25074,18998,687016.0205705884,0.5103105867257994,0.5093240671796144,0.8629491566186036,0.8765602157174881,1071,1008,1692,1730,899,172,117,793,914,94,102,816,0.5128722867238769,0.5275181723779855,0.8394024276377218,0.9067460317460317,0.5313238770685579,0.5283236994219653,1071,1008,3987.2759956239247,25500.0,0.5103105867257994,0.5093240671796144,0.8629491566186036,0.8765602157174881
256,0.0,25472.0,3930,375.01202721768635,376.7510711095779,319.68538799928643,321.3921516741791,1.7390438918915265,1.7067636748926702,1.0189131146120076,0.012341227162163331,0.01066803132811072,0.011504629245137026,55.358919435398775,1050,1021,1982,1948,143,122,4011.2141191100795,0.5297679112008072,0.5241273100616016,0.8638095238095238,0.8805093046033301,184004,154926,360497,304123,25217,19120,691027.2346896984,0.5104175624207691,0.5094188864373954,0.8629540662159518,0.8765862411732053,1050,1021,1726,1730,907,143,113,819,899,122,96,831,0.5146316851664985,0.5107802874743327,0.8638095238095238,0.8805093046033301,0.5254924681344149,0.5196531791907515,1050,1021,4011.2141191100795,25600.0,0.5104175624207691,0.5094188864373954,0.8629540662159518,0.8765862411732053
257,0.0,25571.5,3931,376.763807714841,378.4971326848762,321.4022564632852,323.14744185423297,1.7333249700351985,1.7451853909477677,0.993203919208762,0.01236114696212761,0.010694820707380868,0.01152798383475424,55.349690830643226,1033,1039,1974,1957,141,113,4012.686571481659,0.5233029381965553,0.5309146653040367,0.8635043562439497,0.8912415784408084,185037,155965,362471,306080,25358,19233,695039.9212611801,0.5104877355705698,0.5095563251437533,0.8629571383020693,0.8766838713813997,1033,1039,1681,1732,892,141,152,789,926,113,112,806,0.5288753799392097,0.5304036791006643,0.8635043562439496,0.8912415784408084,0.5306365258774539,0.5346420323325635,1033,1039,4012.686571481659,25700.0,0.5104877355705698,0.5095563251437533,0.8629571383020693,0.8766838713813997
258,0.0,25671.0,3899,378.5081447582088,380.29741869560775,323.15739559327494,324.9007053414877,1.7892739373989457,1.7433097482127664,1.0263660483934662,0.012383014067341517,0.01072132386305981,0.011552168965200664,55.39671335412004,1039,991,1984,1915,130,123,3980.372435633528,0.5236895161290323,0.5174934725848565,0.8748796920115496,0.875882946518668,186076,156956,364455,307995,25488,19356,699020.2936968136,0.5105596026944341,0.5096056754168087,0.8630237107418475,0.8766788144448125,1039,991,1743,1697,909,130,111,834,868,123,95,829,0.5141129032258065,0.5028720626631854,0.8748796920115496,0.875882946518668,0.5215146299483648,0.5114908662345315,1039,991,3980.372435633528,25800.0,0.5105596026944341,0.5096056754168087,0.8630237107418475,0.8766788144448125
259,0.0,25770.5,3915,380.30108435245,382.14416784692895,324.90396875562783,326.65906674481016,1.8430834944789467,1.7550979891823317,1.0501313920014266,0.012406506258252214,0.010747819191902144,0.011577162725077179,55.48510110211879,1072,1058,1981,1934,139,105,3997.6152921629123,0.541140837960626,0.5470527404343329,0.8703358208955224,0.9007561436672968,187148,158014,366436,309929,25627,19461,703017.9089889765,0.5107249287733738,0.5098393503028112,0.8630655951439502,0.8768400268330654,1072,1058,1723,1738,933,139,119,790,953,105,91,785,0.5310449268046441,0.5398138572905895,0.8703358208955224,0.9007561436672968,0.5414973882762624,0.5483314154200231,1072,1058,3997.6152921629123,25900.0,0.5107249287733738,0.5098393503028112,0.8630655951439502,0.8768400268330654
260,0.0,25870.0,3939,382.15370101396644,383.8568852167495,326.66577224715,328.64587040200996,1.7031842027830635,1.9800981548599452,0.8601514013852166,0.012424662671482803,0.01078289695105636,0.01160377981126958,55.21101481473954,1068,1069,1974,1965,152,103,4023.6424675758217,0.541033434650456,0.5440203562340967,0.8576779026217228,0.9036482694106642,188216,159083,368410,311894,25779,19564,707041.5514565523,0.5108873266197986,0.5100546980704983,0.863035023589918,0.8770201718599725,1068,1069,1699,1774,916,152,123,783,966,103,88,808,0.5263424518743668,0.5363867684478372,0.8576779026217228,0.9036482694106641,0.5391406709829312,0.5445321307779031,1068,1069,4023.6424675758217,26000.0,0.5108873266197986,0.5100546980704983,0.863035023589918,0.8770201718599725
261,0.0,25969.5,3939,383.86700582845083,385.6918847264573,328.65420703694474,330.48741024233425,1.8248788980064887,1.833203205389509,0.9954591463954746,0.012447365094569375,0.010812140251639448,0.011629752673104413,55.20447448412307,1067,1055,1987,1952,146,119,4025.4170857025865,0.536990437845999,0.5404713114754098,0.8631677600749765,0.8872037914691944,189283,160138,370397,313846,25925,19683,711066.9685422549,0.5110273571330222,0.5102438775705282,0.8630357718337093,0.8770872622363212,1067,1055,1711,1739,921,146,130,790,936,119,94,803,0.5289380976346251,0.5276639344262295,0.8631677600749765,0.8872037914691943,0.538281706604325,0.5382403680276021,1067,1055,4025.4170857025865,26100.0,0.5110273571330222,0.5102438775705282,0.8630357718337093,0.8770872622363212
262,0.0,26069.0,3922,385.7009909320555,387.5690780919329,330.5005174761946,332.3737385146716,1.8680871598774047,1.87322103847697,0.9972593311231762,0.012471504669226577,0.01084286980305828,0.011657187236142428,55.195339577261336,1100,1070,1984,1938,156,125,4009.7063380525947,0.5544354838709677,0.5521155830753354,0.8581818181818182,0.883177570093458,190383,161208,372381,315784,26081,19808,715076.6748803075,0.5112586302738324,0.5105008486813771,0.863007726530205,0.8771276859709196,1100,1070,1727,1718,944,156,101,783,945,125,95,773,0.5267137096774194,0.5366357069143447,0.8581818181818182,0.883177570093458,0.5466126230457441,0.5500582072176949,1100,1070,4009.7063380525947,26200.0,0.5112586302738324,0.5105008486813771,0.863007726530205,0.8771276859709196
263,0.0,26168.5,3931,387.57622472385935,389.44226719570037,332.3824290577543,334.2655694852628,1.8660424718410127,1.883140427508522,0.9909205094756897,0.01249530841967695,0.010873574897745939,0.011684441658711443,55.176697710437566,1135,1097,1988,1943,152,119,4021.368148817336,0.5709255533199196,0.5645908389089037,0.866079295154185,0.8915223336371924,191518,162305,374369,317727,26233,19927,719098.0430291248,0.5115754776704268,0.5108316258926688,0.8630259296776281,0.8772249776655063,1135,1097,1737,1716,983,152,99,754,978,119,108,738,0.5442655935613682,0.5589294904786413,0.866079295154185,0.8915223336371924,0.5659182498560736,0.5699300699300699,1135,1097,4021.368148817336,26300.0,0.5115754776704268,0.5108316258926688,0.8630259296776281,0.8772249776655063
264,0.0,26268.0,3923,389.4541991359744,391.3284864797476,334.270174285763,336.0850142797588,1.874287343773176,1.814839993995804,1.0327562484704145,0.012519425406119356,0.010901305477470235,0.011710365441794796,55.24347219998879,1106,1081,1986,1937,159,124,4015.5800176832417,0.5568982880161127,0.5580795043882292,0.8562386980108498,0.8852913968547641,192624,163386,376355,319664,26392,20051,723113.6230468081,0.5118146430896361,0.511117923820011,0.862986959049755,0.8772783469819936,1106,1081,1700,1704,947,159,127,753,957,124,109,747,0.540785498489426,0.5503355704697986,0.85623869801085,0.8852913968547641,0.5570588235294117,0.5616197183098591,1106,1081,4015.5800176832417,26400.0,0.5118146430896361,0.511117923820011,0.862986959049755,0.8772783469819936
265,0.0,26367.5,3940,391.3388640310928,393.2230565885175,336.0983683055453,338.04297294700683,1.8841925574247398,1.944604641461524,0.9689334876875643,0.012543675503030977,0.010934053708394802,0.01173886460571289,55.18008364151069,1102,1137,1984,1956,146,120,4035.3396445505127,0.5554435483870968,0.5812883435582822,0.867513611615245,0.8944591029023746,193726,164523,378339,321620,26538,20171,727148.9626913585,0.5120434319485964,0.5115446800572103,0.8630127086710095,0.8773970812591553,1102,1137,1724,1747,956,146,114,768,1017,120,89,730,0.5393145161290323,0.565439672801636,0.867513611615245,0.8944591029023746,0.5545243619489559,0.5821408128219805,1102,1137,4035.3396445505127,26500.0,0.5120434319485964,0.5115446800572103,0.8630127086710095,0.8773970812591553
266,0.0,26467.0,3936,393.2280897619968,395.13380766648316,338.04753525289243,340.05743728971396,1.9057179044863801,2.0099020368215292,0.9481645719908287,0.012568351575499494,0.010968679985532684,0.01176851578051609,55.076370376769205,1135,1186,1972,1964,155,117,4034.0780158853954,0.5755578093306288,0.6038696537678208,0.8634361233480177,0.9013490725126475,194861,165709,380311,323584,26693,20288,731183.040707244,0.5123727686025384,0.5121050484572784,0.863015174919558,0.877568508650707,1135,1186,1706,1757,980,155,111,726,1069,117,90,688,0.5532454361054767,0.590122199592668,0.8634361233480177,0.9013490725126475,0.5744431418522861,0.6084234490608993,1135,1186,4034.0780158853954,26600.0,0.5123727686025384,0.5121050484572784,0.863015174919558,0.877568508650707
267,0.0,26566.5,3933,395.14098797533995,397.1666026508718,340.0673050596957,342.04334064865844,2.0256146755318696,1.976035588962759,1.0250901789654179,0.012597413741298698,0.011001977190041718,0.011799695465670208,55.12326200221338,1186,1164,1982,1951,137,132,4034.6414967500236,0.5983854692230071,0.5966171194259354,0.8844856661045531,0.8865979381443299,196047,166873,382293,325535,26830,20420,735217.682203994,0.5128187018857264,0.5126115471454682,0.8631450621534632,0.8776314922126407,1186,1164,1754,1719,1049,137,91,705,1032,132,100,687,0.5751765893037336,0.5802152742183496,0.8844856661045531,0.8865979381443299,0.5980615735461802,0.6003490401396161,1186,1164,4034.6414967500236,26700.0,0.5128187018857264,0.5126115471454682,0.8631450621534632,0.8776314922126407
268,0.0,26666.0,3953,397.173049366085,399.0651900401193,342.0521078162659,344.06391549079586,1.8921406740342945,2.011807674529962,0.9405176737266269,0.01262125127917622,0.011036319620009376,0.011828785449592798,55.001274549323455,1163,1150,1983,1970,149,130,4058.714380167728,0.5864851235501765,0.583756345177665,0.8718830610490111,0.8869565217391304,197210,168023,384276,327505,26979,20550,739276.3965841618,0.5131988466622948,0.5130394955802201,0.8631965924648851,0.8776953155222796,1163,1150,1713,1754,1014,149,121,699,1020,130,86,734,0.5723651033787192,0.5614213197969543,0.8718830610490111,0.8869565217391304,0.5919439579684763,0.5815279361459521,1163,1150,4058.714380167728,26800.0,0.5131988466622948,0.5130394955802201,0.8631965924648851,0.8776953155222796
269,0.0,26765.5,3950,399.0724238524302,401.0796623954764,344.07030154587676,346.2169744544461,2.007238543046242,2.1466729085693146,0.935046291884309,0.012649219577594045,0.011075331776204516,0.011862275676899282,54.862687941030345,1207,1204,1979,1971,136,124,4059.4868221650772,0.6099039919151087,0.610857432775241,0.8873239436619719,0.8970099667774086,198417,169227,386255,329476,27115,20674,743335.8834063269,0.5136943211091118,0.5136246646189707,0.8633433627158963,0.8778327335472472,1207,1204,1733,1775,1071,136,110,662,1080,124,72,695,0.596766043456291,0.5844748858447488,0.8873239436619719,0.8970099667774086,0.61800346220427,0.6084507042253521,1207,1204,4059.4868221650772,26900.0,0.5136943211091118,0.5136246646189707,0.8633433627158963,0.8778327335472472
270,0.0,26865.0,3948,401.08899014427226,403.08635022873216,346.2290344556653,348.2410094893092,1.997360084459899,2.011975033643864,0.992736018618732,0.012676692387797613,0.011109276289435727,0.01189298433861667,54.845340739422966,1198,1214,1988,1960,165,148,4061.8355147347247,0.60261569416499,0.6193877551020408,0.8622704507512521,0.8780889621087314,199615,170441,388243,331436,27280,20822,747397.7189210616,0.5141496433934417,0.5142501116354289,0.8633369235778874,0.8778345585862557,1198,1214,1710,1732,1033,165,113,677,1066,148,80,666,0.5764587525150905,0.5846938775510204,0.8622704507512521,0.8780889621087314,0.604093567251462,0.6154734411085451,1198,1214,4061.8355147347247,27000.0,0.5141496433934417,0.5142501116354289,0.8633369235778874,0.8778345585862557
271,0.0,26964.5,3967,403.0967413706874,405.27537017739286,348.2524050773566,350.3296333565408,2.178628806705433,2.077228279184169,1.048815302842444,0.012710690568974031,0.011145353641402074,0.011928022105188053,54.94573682085206,1279,1271,1987,1980,146,122,4085.9793397545573,0.6436839456467036,0.6419191919191919,0.8858483189992181,0.9040125885129819,200894,171712,390230,333416,27426,20944,751483.6982608162,0.5148092150782871,0.5150082779470692,0.8634802433123936,0.8780283265001864,1279,1271,1759,1777,1133,146,82,626,1149,122,81,628,0.6114745848012079,0.6212121212121212,0.8858483189992181,0.9040125885129819,0.6441159749857874,0.646595385481148,1279,1271,4085.9793397545573,27100.0,0.5148092150782871,0.5150082779470692,0.8634802433123936,0.8780283265001864
272,0.0,27064.0,3965,405.2863555744198,407.584429691996,350.3410460106288,352.64127687048136,2.2980741175761636,2.3002308598525474,0.9990623800793099,0.012748851982860271,0.011189364970438851,0.011969108476649561,54.943152821514616,1326,1321,1995,1970,164,123,4090.0349840221147,0.6646616541353384,0.6705583756345178,0.8763197586726998,0.906888720666162,202220,173033,392225,335386,27590,21067,755573.7332448383,0.5155714194658678,0.515921952615792,0.8635644347740086,0.8782486577704831,1326,1321,1756,1791,1162,164,75,594,1198,123,56,593,0.6200501253132832,0.6365482233502539,0.8763197586726998,0.906888720666162,0.6617312072892938,0.6689000558347292,1326,1321,4090.0349840221147,27200.0,0.5155714194658678,0.515921952615792,0.8635644347740086,0.8782486577704831
273,0.0,27163.5,3961,407.5925784976339,410.0559668874957,352.6492916060514,355.07171370018074,2.463388389861791,2.422422094129331,1.016911295447536,0.012792685389351615,0.011237405275664327,0.012015045332507971,54.98425318731495,1465,1409,1996,1965,166,153,4093.4380662479116,0.7339679358717435,0.7170483460559797,0.8866894197952219,0.8914123491838183,203685,174442,394221,337351,27756,21220,759667.1713110863,0.5166771937568014,0.5170934723774347,0.8637307607334855,0.8783549833182376,1465,1409,1767,1752,1299,166,63,468,1256,153,60,496,0.6823647294589178,0.6697201017811705,0.8866894197952219,0.8914123491838183,0.735144312393888,0.7168949771689498,1465,1409,4093.4380662479116,27300.0,0.5166771937568014,0.5170934723774347,0.8637307607334855,0.8783549833182376
274,0.0,27263.0,3953,410.0690165844335,412.50316006140457,355.0899384263451,357.5874509851473,2.4341434769710872,2.497512558802214,0.9746271218505833,0.012835310376029488,0.011288208077029297,0.012061759226529392,54.91570907625726,1456,1455,1992,1961,205,165,4094.401835671005,0.7309236947791165,0.7419683834778175,0.8592032967032968,0.8865979381443299,205141,175897,396213,339312,27961,21385,763761.5731467573,0.517754339206437,0.518393101334465,0.8636986267981535,0.8784231681040608,1456,1455,1707,1745,1251,205,80,456,1290,165,51,455,0.6681726907630522,0.6838347781744009,0.8592032967032966,0.8865979381443299,0.7328646748681898,0.7392550143266475,1456,1455,4094.401835671005,27400.0,0.517754339206437,0.518393101334465,0.8636986267981535,0.8784231681040608
275,0.0,27362.5,3967,412.5157655225058,415.0639339232028,357.60341978426464,360.2904066314095,2.5481684006970227,2.6869868471448513,0.9483367599676438,0.012881755569636588,0.011345449343885995,0.012113602456761291,54.7735272917933,1537,1543,1992,1975,192,165,4119.1437428087675,0.7715863453815262,0.7812658227848102,0.8750813272608978,0.8930654569021387,206678,177440,398205,341287,28153,21550,767880.716889566,0.5190241207418289,0.5199143243076941,0.8637832764009715,0.8785504959422904,1537,1543,1733,1751,1345,192,67,388,1378,165,59,373,0.7088353413654619,0.7275949367088608,0.8750813272608978,0.8930654569021387,0.7761107905366417,0.78697886921759,1537,1543,4119.1437428087675,27500.0,0.5190241207418289,0.5199143243076941,0.8637832764009715,0.8785504959422904
276,0.0,27462.0,3954,415.07801684642544,417.7168538860705,360.301425094279,362.9246723193198,2.638837039645068,2.6232472250408136,1.0059429452380386,0.012931202830720068,0.011399787052346927,0.012165494941533498,54.792181566750685,1555,1573,1991,1963,207,172,4116.452458299667,0.7810145655449523,0.8013245033112583,0.8668810289389067,0.8906547997457088,208233,179013,400196,343250,28360,21722,771997.1693478657,0.5203275395056423,0.521523670793882,0.8638064091666546,0.8786568573232112,1555,1573,1715,1761,1348,207,69,367,1401,172,30,360,0.7117026619789051,0.7289862455425369,0.8668810289389067,0.8906547997457088,0.7860058309037901,0.7955706984667802,1555,1573,4116.452458299667,27600.0,0.5203275395056423,0.521523670793882,0.8638064091666546,0.8786568573232112
277,0.0,27561.5,3963,417.73139894231326,420.3148285175287,362.936296006071,365.594392622487,2.5834295752154617,2.658096616416003,0.9719095834442552,0.012978309485896466,0.011455012380792143,0.012216660933344305,54.7204358950417,1583,1596,1989,1974,235,170,4136.937997587083,0.7958773252890899,0.8085106382978723,0.8515476942514213,0.893483709273183,209816,180609,402185,345224,28595,21892,776134.1073454528,0.5216902669169661,0.5231646698954882,0.8637139207686735,0.8787878787878788,1583,1596,1691,1767,1348,235,63,343,1426,170,37,341,0.7094017094017094,0.7411347517730497,0.8515476942514214,0.893483709273183,0.7971614429331756,0.8070175438596491,1583,1596,4136.937997587083,27700.0,0.5216902669169661,0.5231646698954882,0.8637139207686735,0.8787878787878788
278,0.0,27661.0,3980,420.32829488112156,423.05601633921816,365.6100411625953,368.356037320889,2.727721458096596,2.7459961582937353,0.993344965126064,0.013030228797878473,0.011513147037638288,0.01227168791775838,54.699979018329145,1611,1635,1998,1982,201,188,4165.940837832215,0.8063063063063063,0.8249243188698284,0.8752327746741154,0.8850152905198777,211427,182244,404183,347206,28796,22080,780300.0481832849,0.5230972109168371,0.5248872427319804,0.8638016904179693,0.8788437479423191,1611,1635,1744,1747,1410,201,53,334,1447,188,47,300,0.7322322322322322,0.7537840565085772,0.8752327746741154,0.8850152905198777,0.8084862385321101,0.8282770463651975,1611,1635,4165.940837832215,27800.0,0.5230972109168371,0.5248872427319804,0.8638016904179693,0.8788437479423191
279,0.0,27760.5,3973,423.0650955009849,425.8835836883569,368.37556289013764,371.1705326493573,2.8184881873719974,2.7949697592196685,1.0084145554973356,0.01308487196882295,0.011572759246409058,0.012328815607616004,54.713051038999595,1670,1623,1987,1986,197,189,4170.936739433041,0.840463009562154,0.8172205438066465,0.8820359281437126,0.8835489833641405,213097,183867,406170,349192,28993,22269,784470.984922718,0.5246497771868922,0.5265498636853078,0.8639445886145746,0.8788852812086998,1670,1623,1744,1755,1473,197,46,271,1434,189,42,321,0.7644690488173125,0.743202416918429,0.8820359281437126,0.8835489833641405,0.8446100917431193,0.8170940170940171,1670,1623,4170.936739433041,27900.0,0.5246497771868922,0.5265498636853078,0.8639445886145746,0.8788852812086998
280,0.0,27860.0,3975,425.89915560333156,428.7033616612918,371.1834266544864,374.12124673614994,2.8042060579602435,2.937820081663517,0.9545193306638384,0.013138846639396257,0.011636810609343046,0.012387828624369652,54.582114925141866,1665,1650,1998,1977,230,182,4185.949109879105,0.8333333333333334,0.834597875569044,0.8618618618618619,0.8896969696969697,214762,185517,408168,351169,29223,22451,788656.9340325971,0.5261607965347602,0.5282841025261341,0.8639284417168773,0.8789814410539196,1665,1650,1723,1766,1435,230,45,288,1468,182,29,298,0.7407407407407407,0.7572078907435509,0.8618618618618619,0.8896969696969697,0.832849680789321,0.8312570781426953,1665,1650,4185.949109879105,28000.0,0.5261607965347602,0.5282841025261341,0.8639284417168773,0.8789814410539196
281,0.0,27959.5,3976,428.7193347399959,431.5183070649082,374.1354193098564,377.1376361023222,2.798972324912313,3.002216792465788,0.9323018683848792,0.013192265171057352,0.011702743289244751,0.012447504230151053,54.38067096258601,1690,1669,1994,1982,222,172,4200.212973240148,0.847542627883651,0.8420787083753785,0.8686390532544379,0.8969442780107849,216452,187186,410162,353151,29445,22623,792857.1470058373,0.5277231922996279,0.5300452214491818,0.8639652209265796,0.8791416024702702,1690,1669,1731,1779,1468,222,41,263,1497,172,31,282,0.7567703109327983,0.7709384460141272,0.8686390532544379,0.8969442780107849,0.8480647024841133,0.8414839797639123,1690,1669,4200.212973240148,28100.0,0.5277231922996279,0.5300452214491818,0.8639652209265796,0.8791416024702702
282,0.0,28059.0,3981,431.53112320978755,434.459717828497,377.15478580288897,380.23376552413805,2.9285946187094396,3.078979721249084,0.9511574884687334,0.013249789435117034,0.011771036023035229,0.012510412729076131,54.22595230435894,1729,1721,1996,1985,240,163,4219.261728256798,0.8662324649298597,0.8670025188916877,0.8611914401388086,0.905287623474724,218181,188907,412158,355136,29685,22786,797076.4087340941,0.5293625260215743,0.5319286132636512,0.8639432397871492,0.8793798006426443,1729,1721,1723,1792,1489,240,33,234,1558,163,30,234,0.7625250501002004,0.8,0.8611914401388086,0.905287623474724,0.8641903656413232,0.8694196428571429,1729,1721,4219.261728256798,28200.0,0.5293625260215743,0.5319286132636512,0.8639432397871492,0.8793798006426443
283,0.0,28158.5,3990,434.47172571960357,437.36038044727337,380.2459197931923,383.2217896368302,2.8886547276698025,2.975869843637895,0.9706925636702326,0.013305467303500946,0.011835026147077227,0.012570246725289086,54.13859081044319,1730,1715,1998,1992,236,194,4242.777219181062,0.8658658658658659,0.8609437751004017,0.8635838150289017,0.8868804664723032,219911,190622,414156,357128,29921,22980,801319.1859532752,0.5309859086914109,0.5337638045742703,0.863940412257686,0.8794472831047833,1730,1715,1729,1764,1494,236,33,235,1521,194,34,243,0.7642642642642643,0.7806224899598394,0.8635838150289017,0.8868804664723032,0.8640832851359167,0.8622448979591837,1730,1715,4242.777219181062,28300.0,0.5309859086914109,0.5337638045742703,0.863940412257686,0.8794472831047833
284,0.0,28258.0,3978,437.3754293813938,440.37347134462897,383.2310968135017,386.1976255189851,2.9980419632351527,2.9665287054833698,1.0106229404399605,0.013364711816423675,0.01189813647339579,0.012631424144909732,54.175845825643876,1728,1714,1994,1984,236,187,4243.897237770011,0.8665997993981945,0.8639112903225806,0.8634259259259259,0.8908984830805134,221639,192336,416150,359112,30157,23167,805563.0831910452,0.5325940165805599,0.5355877831985565,0.8639364010846466,0.8795493303385742,1728,1714,1724,1762,1492,236,34,232,1527,187,35,235,0.765295887662989,0.7872983870967742,0.8634259259259259,0.8908984830805134,0.8654292343387471,0.8666288308740068,1728,1714,4243.897237770011,28400.0,0.5325940165805599,0.5355877831985565,0.8639364010846466,0.8795493303385742
285,0.0,28357.5,3979,440.39003165858264,443.3582272668793,386.2159741152654,389.2631242592588,2.9681956082966394,3.047150143993406,0.9740890563425623,0.013422546368725708,0.011963949985428567,0.012693248177077138,54.09510300762048,1752,1726,1999,1980,224,176,4258.887268568896,0.8764382191095548,0.8717171717171717,0.8721461187214612,0.8980301274623407,223391,194062,418149,361092,30381,23343,809821.9704596141,0.5342377956183083,0.5374309040355366,0.8640007878562699,0.8797136997454422,1752,1726,1742,1777,1528,224,33,214,1550,176,27,227,0.7808904452226113,0.7964646464646464,0.8721461187214612,0.8980301274623407,0.8771526980482205,0.8722566122678672,1752,1726,4258.887268568896,28500.0,0.5342377956183083,0.5374309040355366,0.8640007878562699,0.8797136997454422
286,0.0,28457.0,3975,443.37028752327205,446.3824920823862,389.28274836251,392.3368392500114,3.0122045591141386,3.0540908875013884,0.9862851729270187,0.013481357913433202,0.012029590544596739,0.01275547422901497,54.0456528323748,1757,1766,1993,1982,239,207,4268.430468646647,0.8815855494229804,0.8910191725529768,0.8639726807057484,0.8827859569648924,225148,195828,420142,363074,30620,23550,814090.4009282608,0.5358854863355723,0.5393611219751345,0.8640005685149323,0.8797414057233899,1757,1766,1719,1749,1518,239,35,201,1559,207,26,190,0.7792272955343703,0.7996972754793138,0.8639726807057484,0.8827859569648924,0.8830715532286213,0.89136649514008,1757,1766,4268.430468646647,28600.0,0.5358854863355723,0.5393611219751345,0.8640005685149323,0.8797414057233899
287,0.0,28556.5,3993,446.3967613428083,449.3930193625846,392.3498079255214,395.5204910812254,2.996258019776292,3.170683155703955,0.9449881532268911,0.013539280961825365,0.012098604230197934,0.01281894259601165,53.87252828135922,1813,1786,1999,1994,274,177,4302.010183558788,0.9069534767383692,0.8956870611835507,0.8488692774407061,0.9008958566629339,226961,197614,422141,365068,30894,23727,818392.4111118196,0.537642635991292,0.541307372872999,0.8638796973929441,0.8799325958687138,1813,1786,1695,1800,1539,274,30,156,1609,177,17,191,0.7848924462231116,0.8154463390170511,0.8488692774407061,0.9008958566629339,0.9079646017699115,0.8938888888888888,1813,1786,4302.010183558788,28700.0,0.537642635991292,0.541307372872999,0.8638796973929441,0.8799325958687138
288,0.0,28656.0,3982,449.4085149390071,452.4295427144707,395.53620856348124,398.63747152957694,3.021027775463608,3.101262966095703,0.9741282208218847,0.01359770440820396,0.012164823675521954,0.012881264041862957,53.79207118489376,1791,1812,1996,1986,251,199,4304.8239882598355,0.8972945891783567,0.9123867069486404,0.8598548297040759,0.890176600441501,228752,199426,424137,367054,31145,23926,822697.2351000794,0.539335167646303,0.5433151525388635,0.8638481849339023,0.8800256736834715,1791,1812,1718,1767,1540,251,27,178,1613,199,20,154,0.7850701402805611,0.8222557905337362,0.8598548297040759,0.8901766004415012,0.8963911525029103,0.9128466327108092,1791,1812,4304.8239882598355,28800.0,0.539335167646303,0.5433151525388635,0.8638481849339023,0.8800256736834715
289,0.0,28755.5,3986,452.44245019707625,455.58710840216247,398.6532722789719,401.8137191189664,3.144658205086216,3.1604468399945063,0.9950043029648562,0.013659911856192591,0.01223263562091425,0.012946273738553421,53.77338928319608,1807,1781,1996,1990,234,177,4323.7749499936535,0.905310621242485,0.8949748743718593,0.8705035971223022,0.9006176305446378,230559,201207,426133,369044,31379,24103,827021.0100500731,0.5410493906831905,0.5452114111054508,0.8639003465490396,0.8802079450516135,1807,1781,1734,1794,1573,234,28,161,1604,177,19,190,0.8021042084168337,0.8155778894472362,0.8705035971223022,0.9006176305446378,0.9071510957324106,0.8940914158305463,1807,1781,4323.7749499936535,28900.0,0.5410493906831905,0.5452114111054508,0.8639003465490396,0.8802079450516135
290,0.0,28855.0,3986,455.6045969353341,458.7095217204687,401.8308239176604,405.0340279065203,3.1049247851345854,3.2032039888599115,0.9693184686123265,0.013720478136630071,0.012301499249378473,0.013010988693004273,53.67549381394838,1815,1794,1999,1987,248,189,4338.40360903654,0.9079539769884942,0.9028686462003019,0.8633608815426997,0.8946488294314381,232374,203001,428132,371031,31627,24292,831359.4136591097,0.542762512496146,0.5471267899447755,0.8638961329580762,0.8803355648494342,1815,1794,1732,1780,1567,248,19,165,1605,189,18,175,0.7933966983491746,0.8168092601912431,0.8633608815426997,0.8946488294314381,0.9047344110854504,0.901685393258427,1815,1794,4338.40360903654,29000.0,0.542762512496146,0.5471267899447755,0.8638961329580762,0.8803355648494342
291,0.0,28954.5,3979,458.7266270598704,461.7870106961617,405.0488535219884,408.32620678494624,3.0603836362913057,3.2773532629578312,0.9337973025005217,0.013779084362129384,0.012372359350872908,0.013075721856501146,53.460803911215464,1825,1814,1994,1985,249,182,4345.417935628086,0.9152457372116349,0.9138539042821159,0.8635616438356164,0.8996692392502756,234199,204815,430126,373016,31876,24474,835704.8315947378,0.5444892891850295,0.5490783237180175,0.8638935264454588,0.880506798818446,1825,1814,1714,1793,1576,249,31,138,1632,182,10,161,0.8059177532597793,0.8272040302267003,0.8635616438356164,0.8996692392502756,0.9194865810968494,0.9102063580591188,1825,1814,4345.417935628086,29100.0,0.5444892891850295,0.5490783237180175,0.8638935264454588,0.880506798818446
292,0.0,29054.0,3980,461.8048903833181,464.9617571714255,408.34005332337085,411.47269135405867,3.156866788107436,3.132638030687815,1.0077342984354631,0.01384061991141195,0.01243774457806555,0.01313918224473875,53.48906581736685,1820,1839,2000,1980,237,199,4360.85832038427,0.91,0.9287878787878788,0.8697802197802198,0.8917890157694399,236019,206654,432126,374996,32113,24673,840065.6899151221,0.5461809749934047,0.5510832115542565,0.8639389201716811,0.8806071985057149,1820,1839,1748,1764,1583,237,15,165,1640,199,17,124,0.799,0.8368686868686869,0.8697802197802198,0.8917890157694399,0.9056064073226545,0.9297052154195011,1820,1839,4360.85832038427,29200.0,0.5461809749934047,0.5510832115542565,0.8639389201716811,0.8806071985057149
293,0.0,29153.5,3986,464.98065799979895,468.04046513825034,411.48845650108944,414.78415045603145,3.05980713845139,3.29569395494201,0.9284257519916559,0.013898457658022311,0.012508314019845968,0.013203385838934139,53.256314682218886,1825,1827,1998,1988,273,210,4382.194254663927,0.9134134134134134,0.9190140845070423,0.8504109589041096,0.8850574712643678,237844,208481,434124,376984,32386,24883,844447.884169786,0.5478711151652523,0.5530234704921164,0.8638351188173761,0.8806461979748754,1825,1827,1699,1761,1552,273,26,147,1617,210,17,144,0.7897897897897898,0.8219315895372233,0.8504109589041096,0.8850574712643678,0.9134785167745733,0.9182282793867121,1825,1827,4382.194254663927,29300.0,0.5478711151652523,0.5530234704921164,0.8638351188173761,0.8806461979748754
294,0.0,29253.0,3986,468.05995025036,471.27411590613207,414.79923127853027,418.1246914159657,3.214165655772092,3.325460137435414,0.9665326068983789,0.013961172113875356,0.01257939257623881,0.013270282345057083,53.14942449016638,1843,1847,1997,1989,213,204,4397.105250591935,0.9228843264897346,0.9286073403720463,0.8844275637547477,0.889550622631294,239687,210328,436121,378973,32599,25087,848844.9894203779,0.5495883023289408,0.554994682998525,0.8639934581349844,0.8807243923776197,1843,1847,1761,1771,1630,213,23,131,1643,204,14,128,0.827741612418628,0.8330819507290096,0.8844275637547477,0.889550622631294,0.9256104486087451,0.9277244494635799,1843,1847,4397.105250591935,29400.0,0.5495883023289408,0.554994682998525,0.8639934581349844,0.8807243923776197
295,0.0,29352.5,3998,471.2940983356901,474.4493924433854,418.13640784911223,421.49894545876236,3.1552941076953402,3.3625376096501327,0.9383669341392569,0.014021482599497925,0.012651132060481957,0.01333630732998994,52.950446984623056,1860,1842,1998,2000,247,193,4425.387848705282,0.9309309309309309,0.921,0.8672043010752688,0.8952225841476655,241547,212170,438119,380973,32846,25280,853270.3772690832,0.5513273790910689,0.5569161069157131,0.8640181827967228,0.8808502615826931,1860,1842,1729,1791,1613,247,22,116,1649,193,16,142,0.8183183183183184,0.8325,0.8672043010752688,0.8952225841476655,0.9329091960670908,0.92071468453378,1860,1842,4425.387848705282,29500.0,0.5513273790910689,0.5569161069157131,0.8640181827967228,0.8808502615826931
296,0.0,29452.0,3996,474.4618960386023,477.6858321228319,421.5102917939337,424.79964635868237,3.223936084229649,3.2893545647486917,0.9801120617338981,0.014083451904210653,0.012719901915004652,0.013401676909607653,52.88618576414956,1876,1879,1999,1997,234,207,4438.1165370417075,0.9384692346173087,0.9409113670505759,0.8752665245202559,0.8898350186269293,243423,214049,440118,382970,33080,25487,857708.4938061249,0.5530857633634616,0.5589184531425438,0.8641048709448163,0.8809291330489748,1876,1879,1747,1781,1642,234,18,105,1672,207,9,109,0.8304152076038019,0.8417626439659489,0.8752665245202559,0.8898350186269293,0.9398969662278192,0.9387984278495227,1876,1879,4438.1165370417075,29600.0,0.5530857633634616,0.5589184531425438,0.8641048709448163,0.8809291330489748
297,0.0,29551.5,3991,477.6962080060236,480.95624392320923,424.8159795469051,428.0921569521958,3.2600359171856326,3.276177405290696,0.9950730726367271,0.014146147749663725,0.01278793290497142,0.013467040327317572,52.86408697101342,1864,1872,1999,1992,240,207,4447.443234001356,0.9324662331165583,0.9397590361445783,0.8712446351931331,0.8894230769230769,245287,215921,442117,384962,33320,25694,862155.9370401263,0.5548011046849589,0.5608891267190008,0.8641591278787706,0.8810027741627725,1864,1872,1746,1771,1624,240,13,122,1665,207,14,106,0.8189094547273637,0.8428714859437751,0.871244635193133,0.8894230769230769,0.9301260022909508,0.9401468097120271,1864,1872,4447.443234001356,29700.0,0.5548011046849589,0.5608891267190008,0.8641591278787706,0.8810027741627725
298,0.0,29651.0,3993,480.9698501919072,484.1844533022538,428.11051780717435,431.4535081424204,3.2146031103466157,3.342990335246043,0.9615950954013219,0.014207006628995208,0.012857817398250865,0.013532412013623037,52.730945159833425,1861,1889,1998,1995,243,201,4464.4312930012065,0.9314314314314315,0.9468671679197995,0.8694250403009135,0.8935944944415034,247148,217810,444115,386957,33563,25895,866620.3683331275,0.5564955022910733,0.5628790795876545,0.8641987796785732,0.881111978329737,1861,1889,1732,1786,1618,243,23,114,1688,201,8,98,0.8213213213213213,0.8501253132832081,0.8694250403009135,0.8935944944415034,0.9341801385681293,0.9451287793952967,1861,1889,4464.4312930012065,29800.0,0.5564955022910733,0.5628790795876545,0.8641987796785732,0.881111978329737
299,0.0,29750.5,3991,484.2032832627017,487.3400795594681,431.46923207298556,434.8343263700499,3.13679629676642,3.3650942970643314,0.9321570273685715,0.014265030896363596,0.012927885508210878,0.013596458202287238,52.505753189418215,1891,1862,1999,1992,282,187,4476.84523367979,0.9459729864932466,0.9347389558232931,0.8508725542041248,0.8995703544575725,249039,219672,446114,388949,33845,26082,871097.2135668072,0.558240718740053,0.5647835577415034,0.8640975911403435,0.8812684365781711,1891,1862,1702,1795,1609,282,15,93,1675,187,10,120,0.8124062031015508,0.8458835341365462,0.8508725542041248,0.8995703544575725,0.945358401880141,0.9331476323119777,1891,1862,4476.84523367979,29900.0,0.558240718740053,0.5647835577415034,0.8640975911403435,0.8812684365781711
300,0.0,29850.0,3991,487.3551726577216,490.54970615833867,434.84766275951546,438.18408052604536,3.1945335006170694,3.3364177665299053,0.9574740707425243,0.014324468346671402,0.012996451028383357,0.013660459687527379,52.3656256322933,1861,1882,1998,1993,259,196,4491.516130958772,0.9314314314314315,0.9443050677370798,0.8608275120902741,0.895855472901169,250900,221554,448112,390942,34104,26278,875588.729697766,0.5599046666904702,0.5667183367353725,0.8640733359904345,0.8813923467867879,1861,1882,1720,1790,1602,259,19,118,1686,196,7,104,0.8113113113113113,0.8494731560461616,0.8608275120902741,0.895855472901169,0.9313953488372093,0.9418994413407821,1861,1882,4491.516130958772,30000.0,0.5599046666904702,0.5667183367353725,0.8640733359904345,0.8813923467867879
301,0.0,29949.5,3996,490.5638003562801,493.8234681660319,438.2029214478085,441.46489158589674,3.259667809751761,3.261970138088259,0.9992941908604206,0.01438564160823373,0.013062270495393758,0.013723956051813743,52.35857658013515,1882,1886,2000,1996,232,214,4511.693817243234,0.941,0.9448897795591182,0.8767268862911796,0.8865323435843054,252782,223440,450112,392938,34336,26492,880100.4235150092,0.5615980022749893,0.5686393273239035,0.8641675435750964,0.8814357321876118,1882,1886,1755,1761,1650,232,13,105,1672,214,21,89,0.8315,0.8481963927855711,0.8767268862911796,0.8865323435843054,0.9401709401709402,0.9494605337876206,1882,1886,4511.693817243234,30100.0,0.5615980022749893,0.5686393273239035,0.8641675435750964,0.8814357321876118
302,0.0,30049.0,3995,493.8400194671818,497.0834726774634,441.48495157403374,444.8483119936225,3.2434532102816434,3.36336041958873,0.9643489860293507,0.014445954202624728,0.013131051732419796,0.013788502967522261,52.235160683840945,1893,1882,1999,1996,244,182,4525.113731631419,0.9469734867433717,0.9428857715430862,0.8711040676175383,0.9032943676939427,254675,225322,452111,394934,34580,26674,884625.5372466407,0.5633019324900301,0.5705307722302967,0.8642191027780505,0.8816183062461721,1893,1882,1747,1797,1649,244,8,98,1700,182,17,97,0.8289144572286143,0.8602204408817635,0.8711040676175383,0.9032943676939427,0.9439038351459645,0.9460211463550362,1893,1882,4525.113731631419,30200.0,0.5633019324900301,0.5705307722302967,0.8642191027780505,0.8816183062461721
303,0.0,30148.5,3995,497.10104353285664,500.2902846904572,444.8660049753723,448.19749810641423,3.189241157600577,3.3314931310419524,0.9573008354374469,0.014504113166081209,0.013198249123164014,0.013851181144622611,52.09278658404298,1897,1875,1997,1998,280,199,4539.179749737698,0.9499248873309964,0.9384384384384384,0.8523985239852399,0.8938666666666667,256572,227197,454108,396932,34860,26873,889164.7169963784,0.5650021580769332,0.5723826751181562,0.8641317057200318,0.8817193889003816,1897,1875,1707,1790,1617,280,10,90,1676,199,9,114,0.8147220831246871,0.8433433433433434,0.8523985239852399,0.8938666666666667,0.9472759226713533,0.9363128491620112,1897,1875,4539.179749737698,30300.0,0.5650021580769332,0.5723826751181562,0.8641317057200318,0.8817193889003816
304,0.0,30248.0,3997,500.3059839967935,503.50143959832485,448.214933493913,451.46871834969755,3.195455601531364,3.253784855784545,0.9820734139353179,0.014562032363162112,0.013262439759051085,0.013912236061106599,52.0327212486273,1877,1875,1998,1999,245,213,4555.533980041442,0.9394394394394394,0.9379689844922461,0.8694725625998935,0.8864,258449,229072,456106,398931,35105,27086,893720.2509764198,0.566642403300987,0.5742145884877334,0.8641704939852737,0.881757700635608,1877,1875,1739,1776,1632,245,14,107,1662,213,10,114,0.8238238238238238,0.8364182091045522,0.8694725625998935,0.8864,0.9384703852788959,0.9358108108108109,1877,1875,4555.533980041442,30400.0,0.566642403300987,0.5742145884877334,0.8641704939852737,0.881757700635608
305,0.0,30347.5,3990,503.5181468152314,506.7332317347515,451.4860346159451,454.76153017831183,3.215084919520109,3.275495562366757,0.9815567929504391,0.01462024839267393,0.013326917393566139,0.013973582893120035,51.971701556439655,1892,1864,1999,1991,253,185,4561.357949971275,0.9464732366183092,0.9362129583124058,0.8662790697674418,0.9007510729613734,260341,230936,458105,400922,35358,27271,898281.608926391,0.5682998439222449,0.576012291667706,0.864185817831229,0.8819110056465861,1892,1864,1727,1793,1639,253,19,88,1679,185,13,114,0.8294147073536768,0.849824208940231,0.8662790697674418,0.9007510729613734,0.9490445859872612,0.9364194088120469,1892,1864,4561.357949971275,30500.0,0.5682998439222449,0.576012291667706,0.864185817831229,0.8819110056465861
306,0.0,30447.0,3995,506.75184753703434,509.9092523024809,454.78119622600997,458.04549245967024,3.1574047654465858,3.264296233660275,0.9672543603391561,0.014676261324976611,0.013390684404742668,0.01403347286485964,51.86375984281068,1880,1895,2000,1995,272,214,4580.698310118608,0.94,0.949874686716792,0.8553191489361702,0.887071240105541,262221,232831,460105,402917,35630,27485,902862.3072365096,0.5699155627519805,0.5778634309299434,0.8641222480274272,0.8819530045397734,1880,1895,1711,1768,1608,272,17,103,1681,214,13,87,0.8125,0.8491228070175438,0.8553191489361702,0.887071240105541,0.9398012857977791,0.9507918552036199,1880,1895,4580.698310118608,30600.0,0.5699155627519805,0.5778634309299434,0.8641222480274272,0.8819530045397734
307,0.0,30546.5,3996,509.9232275302188,513.1234005895234,458.06351612996576,461.3578665648249,3.200173059304575,3.2943504348591546,0.9714124597802218,0.014733151297437354,0.013454961462224113,0.014094056379830733,51.76553402469847,1864,1872,1997,1999,233,210,4595.358906387276,0.9334001001502253,0.9364682341170585,0.875,0.8878205128205128,264085,234703,462102,404916,35863,27695,907457.6661428969,0.5714863817944956,0.5796338005907398,0.8641990268284833,0.8819998040076181,1864,1872,1746,1775,1631,233,18,115,1662,210,14,113,0.8257386079118678,0.8384192096048024,0.875,0.8878205128205128,0.934135166093929,0.9363380281690141,1864,1872,4595.358906387276,30700.0,0.5714863817944956,0.5796338005907398,0.8641990268284833,0.8819998040076181
308,0.0,30646.0,3999,513.1408721245476,516.3862665451788,461.37400214729024,464.6471044206271,3.2453944206312144,3.2731022733368604,0.9915346816592449,0.014791253596979942,0.01351806995928839,0.014154661778134167,51.73916212455174,1886,1859,2000,1999,238,220,4612.179064295183,0.943,0.9299649824912456,0.8738069989395546,0.8816568047337279,265971,236562,464102,406915,36101,27915,912069.845207192,0.5730873816531711,0.5813548284039665,0.864267156945682,0.8819971085804145,1886,1859,1748,1767,1648,238,14,100,1639,220,12,128,0.831,0.8259129564782391,0.8738069989395546,0.8816568047337278,0.9427917620137299,0.9275608375778155,1886,1859,4612.179064295183,30800.0,0.5730873816531711,0.5813548284039665,0.864267156945682,0.8819971085804145
309,0.0,30745.5,3990,516.3971728911224,519.544819995823,464.6582766343004,467.83626577605366,3.1476471047005816,3.177989141753244,0.9904524415599724,0.014845604020635159,0.013577531265421003,0.01421156764302808,51.708554219769326,1866,1847,1999,1991,242,231,4614.895114195927,0.9334667333666833,0.9276745354093421,0.8703108252947481,0.8749323226854359,267837,238409,466101,408906,36343,28146,916684.7403213879,0.5746329658164218,0.5830410901282935,0.8643092627232234,0.8819423763364638,1866,1847,1726,1746,1624,242,31,102,1616,231,14,130,0.8279139569784892,0.8186840783525866,0.8703108252947481,0.8749323226854359,0.9409038238702202,0.9255441008018328,1866,1847,4614.895114195927,30900.0,0.5746329658164218,0.5830410901282935,0.8643092627232234,0.8819423763364638
310,0.0,30845.0,3997,519.5630187295176,522.7037763875501,467.85210323134737,471.1446273868422,3.1407576580324985,3.2925241554948457,0.9539057299825526,0.014899616794495273,0.013640454119751535,0.014270035457123404,51.55914900070786,1851,1863,2000,1997,244,206,4635.693826946667,0.9255,0.9328993490235353,0.8681793625067531,0.8894256575415995,269688,240272,468101,410903,36587,28352,921320.4341483345,0.5761320740609398,0.5847414109899417,0.8643358251015989,0.8820003995471799,1851,1863,1734,1781,1607,244,22,127,1657,206,10,124,0.8145,0.8347521281922884,0.8681793625067531,0.8894256575415995,0.9267589388696655,0.9303761931499158,1851,1863,4635.693826946667,31000.0,0.5761320740609398,0.5847414109899417,0.8643358251015989,0.8820003995471799
311,0.0,30944.5,4000,522.72291439324,525.950665942884,471.15934654332665,474.45209292480195,3.22775154964404,3.292746381475297,0.9802612092455976,0.014956109652240753,0.013702943512870009,0.014329526582555381,51.498573018082084,1864,1873,2000,2000,242,189,4652.042231565281,0.932,0.9365,0.8701716738197425,0.8990923651895355,271552,242145,470101,412903,36829,28541,925972.4763798998,0.5776460803104014,0.5864452425872421,0.864375883808626,0.8821326064961077,1864,1873,1742,1789,1622,242,16,120,1684,189,22,105,0.819,0.853,0.8701716738197425,0.8990923651895355,0.931113662456946,0.941307993292342,1864,1873,4652.042231565281,31100.0,0.5776460803104014,0.5864452425872421,0.864375883808626,0.8821326064961077
312,0.0,31044.0,4000,525.9645026345127,529.2048202472931,474.4648317860868,477.71611603757447,3.2403176127804727,3.251284251487675,0.996626982490939,0.015012473220804375,0.013763639947533006,0.01438805658416869,51.48870420971866,1853,1839,2000,2000,235,208,4664.639499669453,0.9265,0.9195,0.8731786292498651,0.88689505165851,273405,243984,472101,414903,37064,28749,930637.1158795692,0.5791239586444427,0.5880507010072233,0.8644355443389843,0.882168502852646,1853,1839,1746,1773,1618,235,19,128,1631,208,19,142,0.8185,0.825,0.8731786292498651,0.88689505165851,0.9266895761741123,0.9199097574732092,1853,1839,4664.639499669453,31200.0,0.5791239586444427,0.5880507010072233,0.8644355443389843,0.882168502852646
313,0.0,31143.5,3999,529.2215243709306,532.3903548237641,477.73138119679356,480.9935101718901,3.168830452833504,3.262128975096516,0.9713994992303295,0.015066284315193851,0.01382437573473947,0.01444533002496666,51.39684465187406,1836,1862,1999,2000,250,187,4675.898545294815,0.9184592296148074,0.931,0.8638344226579521,0.8995703544575725,275241,245846,474100,416903,37314,28936,935313.014424864,0.5805547352879139,0.5896959244716397,0.8644315345460887,0.8823003018149573,1836,1862,1728,1801,1586,250,21,142,1675,187,12,126,0.8039019509754878,0.8435,0.8638344226579521,0.8995703544575725,0.9178240740740741,0.9300388672959466,1836,1862,4675.898545294815,31300.0,0.5805547352879139,0.5896959244716397,0.8644315345460887,0.8823003018149573
314,0.0,31243.0,3999,532.402005891166,535.5594293607388,481.01331292889205,484.25122448147357,3.157423469572791,3.2379115525815223,0.9751419760232303,0.015119228458679688,0.013884097923787546,0.014501663191233617,51.30820487926525,1858,1843,2000,1999,258,195,4688.177974343645,0.929,0.9219609804902451,0.8611410118406889,0.8941942485078676,277099,247689,476100,418902,37572,29131,940001.1923992076,0.5820184835118672,0.5912814930461062,0.8644094709832948,0.8823888020864875,1858,1843,1726,1791,1600,258,16,126,1648,195,13,143,0.808,0.8309154577288644,0.8611410118406889,0.8941942485078677,0.9269988412514485,0.9201563372417644,1858,1843,4688.177974343645,31400.0,0.5820184835118672,0.5912814930461062,0.8644094709832948,0.8823888020864875
315,0.0,31342.5,3996,535.5766645342628,538.7184944108471,484.2667933049405,487.53613164382904,3.1418298765843247,3.269338338888531,0.9609986948161643,0.015171518687385732,0.013944304189501093,0.014557911438443413,51.182362767018105,1868,1861,1999,1997,243,188,4696.734876530019,0.9344672336168084,0.9318978467701552,0.869914346895075,0.8989790435249866,278967,249550,478099,420899,37815,29319,944697.9272757376,0.5834921219245386,0.5928975835057817,0.8644463323618923,0.882512522540573,1868,1861,1740,1794,1625,243,16,115,1673,188,15,121,0.8209104552276139,0.8452679018527791,0.869914346895075,0.8989790435249866,0.9339080459770115,0.9325529542920847,1868,1861,4696.734876530019,31500.0,0.5834921219245386,0.5928975835057817,0.8644463323618923,0.882512522540573
316,0.0,31442.0,3999,538.73870097827,541.8015923551528,487.5548523127983,490.883178990617,3.062891376882817,3.3283266778187226,0.9202496249226764,0.015221073942941652,0.01400609586443267,0.01461358490368716,50.91841336453581,1835,1861,2000,1999,258,186,4712.321264344624,0.9175,0.9309654827413707,0.8594005449591281,0.9000537345513165,280802,251411,480099,422898,38073,29505,949410.2485400822,0.5848835344376889,0.5944955994116785,0.8644133588792102,0.8826423664835668,1835,1861,1713,1803,1577,258,29,136,1675,186,10,128,0.803,0.8429214607303652,0.8594005449591281,0.9000537345513165,0.9206071220081729,0.9290072102052135,1835,1861,4712.321264344624,31600.0,0.5848835344376889,0.5944955994116785,0.8644133588792102,0.8826423664835668
317,0.0,31541.5,4000,541.8202188032212,544.9601756136918,490.8991481455726,494.1480897763658,3.1399568104706077,3.2489416307931833,0.9664552852259249,0.015272697787239596,0.014064906627817703,0.014668802207528649,50.81208583732604,1858,1855,2000,2000,259,189,4725.266727992173,0.929,0.9275,0.8606027987082885,0.8981132075471698,282660,253266,482099,424898,38332,29694,954135.5152680745,0.5863111103735955,0.596063055133232,0.8643883110450719,0.8827556797991045,1858,1855,1725,1798,1599,259,16,126,1666,189,13,132,0.8075,0.8395,0.8606027987082885,0.8981132075471698,0.9269565217391305,0.9265850945494994,1858,1855,4725.266727992173,31700.0,0.5863111103735955,0.596063055133232,0.8643883110450719,0.8827556797991045
318,0.0,31641.0,3996,544.9802799009502,548.0831677932218,494.163559739007,497.38902453661336,3.1028878922716103,3.225464797606378,0.9619971343585172,0.015322877736950478,0.014122593549121659,0.01472273564303607,50.69414325660847,1845,1840,2000,1996,246,199,4732.406007050284,0.9225,0.9218436873747495,0.8666666666666667,0.8918478260869566,284505,255106,484099,426894,38578,29893,958867.9212751248,0.5877000365627691,0.5975862860569603,0.8644030860617564,0.8828212586140664,1845,1840,1730,1779,1599,246,24,131,1641,199,18,138,0.8115,0.8311623246492986,0.8666666666666667,0.8918478260869566,0.9242774566473988,0.9224283305227656,1845,1840,4732.406007050284,31800.0,0.5877000365627691,0.5975862860569603,0.8644030860617564,0.8828212586140664
319,0.0,31740.5,3999,548.1030432527749,551.2749451196228,497.4058945967527,500.60862106824874,3.171901866847861,3.202726471496021,0.9903755113268348,0.015374899353022763,0.014179249886949973,0.014777074619986369,50.66632405137403,1832,1847,2000,1999,240,187,4747.763443379906,0.916,0.9239619809904952,0.868995633187773,0.8987547374120195,286337,256953,486099,428893,38818,30080,963615.6847185047,0.5890507900653982,0.5991074696952386,0.8644324694328711,0.8829357898137014,1832,1847,1738,1783,1592,240,22,146,1660,187,29,123,0.807,0.8449224612306153,0.868995633187773,0.8987547374120195,0.9159953970080552,0.9310151430173864,1832,1847,4747.763443379906,31900.0,0.5890507900653982,0.5991074696952386,0.8644324694328711,0.8829357898137014
320,0.0,31840.0,3999,551.2907494047415,554.4331292547441,500.6312119355994,503.8580248457714,3.1423798500026123,3.2268129101719865,0.9738339152222885,0.01542554604676711,0.014236483599100836,0.014831014822933973,50.57510440897272,1851,1846,1999,2000,251,192,4759.320813307053,0.9259629814907454,0.923,0.864397622906537,0.8959913326110509,288188,258799,488098,430893,39069,30272,968375.0055318117,0.590430610246303,0.600610824497033,0.8644322456174441,0.8830289143311991,1851,1846,1724,1794,1600,251,24,124,1654,192,14,140,0.8124062031015508,0.834,0.864397622906537,0.8959913326110509,0.9280742459396751,0.9219620958751393,1851,1846,4759.320813307053,32000.0,0.590430610246303,0.600610824497033,0.8644322456174441,0.8830289143311991
321,0.0,31939.5,3998,554.447424409759,557.5508915131265,503.8752879398169,507.10254885622686,3.1034671033675068,3.227260916409989,0.9616412133233433,0.015474617936290652,0.014293208697248668,0.014883913316769661,50.44834265689968,1877,1841,2000,1998,279,208,4769.573549059341,0.9385,0.9214214214214215,0.8513585508790623,0.8870179250407387,290065,260640,490098,432891,39348,30480,973144.5790808711,0.5918510175515918,0.6020915195742115,0.8643476462172272,0.8830570902394107,1877,1841,1708,1768,1598,279,13,110,1633,208,22,135,0.8055,0.8283283283283284,0.8513585508790623,0.8870179250407387,0.9355971896955504,0.9236425339366516,1877,1841,4769.573549059341,32100.0,0.5918510175515918,0.6020915195742115,0.8643476462172272,0.8830570902394107
322,0.0,32039.0,3998,557.5645266738255,560.7161857685078,507.1200878421071,510.38156437629044,3.151659094682259,3.2614765341833163,0.9663289193253215,0.015524861180444447,0.014350652630489001,0.014937756905466724,50.33462139221734,1855,1840,1999,1999,239,195,4781.142945282153,0.9279639819909955,0.9204602301150575,0.8711590296495957,0.8940217391304348,291920,262480,492097,434890,39587,30675,977925.7220261532,0.5932163780718029,0.6035549219342823,0.8643909290216498,0.8831339530630905,1855,1840,1743,1791,1616,239,17,127,1645,195,13,146,0.8169084542271136,0.8294147073536768,0.8711590296495957,0.8940217391304348,0.9271371199082042,0.9184812953657174,1855,1840,4781.142945282153,32200.0,0.5932163780718029,0.6035549219342823,0.8643909290216498,0.8831339530630905
323,0.0,32138.5,3999,560.7291606525306,563.9572067938361,510.39920134327,513.6380405003432,3.2280461413055264,3.238839157073187,0.996667628355644,0.015577137802960975,0.014407043059622246,0.01499209043129161,50.31916629349291,1851,1861,2000,1999,243,216,4793.723386172044,0.9255,0.9309654827413707,0.8687196110210698,0.8839333691563676,293771,264341,494097,436889,39830,30891,982719.4454123253,0.5945613917914904,0.6050529997321974,0.8644182032944028,0.8831395810714191,1851,1861,1741,1766,1608,243,16,133,1645,216,17,121,0.812,0.8314157078539269,0.8687196110210696,0.8839333691563676,0.9236071223434807,0.9314835787089468,1851,1861,4793.723386172044,32300.0,0.5945613917914904,0.6050529997321974,0.8644182032944028,0.8831395810714191
324,0.0,32238.0,3997,563.9742517311772,567.1543832216363,513.6502464777315,516.9140454882336,3.1801314904590754,3.2637990105021117,0.9743649900702174,0.015627738501958015,0.014463688142397806,0.015045713322177912,50.240337733402725,1866,1846,2000,1997,264,187,4802.701871007054,0.933,0.9243865798698047,0.8585209003215434,0.8986998916576381,295637,266187,496097,438886,40094,31078,987522.1472833324,0.5959257967695833,0.6065060175079633,0.8643809807297462,0.8832474914252011,1866,1846,1718,1794,1602,264,18,116,1659,187,16,135,0.81,0.8387581372058087,0.8585209003215434,0.8986998916576381,0.9324796274738067,0.9247491638795987,1866,1846,4802.701871007054,32400.0,0.5959257967695833,0.6065060175079633,0.8643809807297462,0.8832474914252011
325,0.0,32337.5,4000,567.1697025539393,570.3878307363523,516.9271496887587,520.1740711335748,3.218128182413011,3.246921444816053,0.9911321345796609,0.015679143845481712,0.014519492967970157,0.015099318406725935,50.213759602777486,1868,1844,2000,2000,240,203,4817.544310486509,0.934,0.922,0.8715203426124197,0.8899132321041214,297505,268031,498097,440886,40334,31281,992339.691593819,0.5972832600878946,0.6079371991852769,0.864425807969614,0.8832933503960363,1868,1844,1749,1780,1628,240,11,121,1641,203,17,139,0.8195,0.829,0.8715203426124197,0.8899132321041214,0.9308176100628931,0.9219101123595506,1868,1844,4817.544310486509,32500.0,0.5972832600878946,0.6079371991852769,0.864425807969614,0.8832933503960363
326,0.0,32437.0,4000,570.4056507155992,573.5687543628203,520.191351540852,523.4698104261807,3.163103647221078,3.278458885328746,0.9648141879637754,0.01572862265658355,0.01457605094330172,0.015152336799942635,50.09894393663956,1863,1879,2000,2000,244,201,4828.627231657005,0.9315,0.9395,0.8690284487385936,0.8930282064928153,299368,269910,500097,442886,40578,31482,997168.318825476,0.5986198677456573,0.6094344820111722,0.8644544507094947,0.8833611203734578,1863,1879,1736,1786,1619,244,20,117,1678,201,13,108,0.8195,0.8455,0.8690284487385936,0.8930282064928153,0.9326036866359447,0.9395296752519597,1863,1879,4828.627231657005,32600.0,0.5986198677456573,0.6094344820111722,0.8644544507094947,0.8833611203734578
327,0.0,32536.5,3996,573.5900512247474,576.6645370481949,523.4909039797277,526.7385012188736,3.074485823447503,3.2475972391458754,0.9466955404408766,0.01577519514648313,0.014631435827043697,0.015203315486763413,49.926035829321336,1866,1882,2000,1996,269,221,4834.863741782929,0.933,0.9428857715430862,0.8558413719185424,0.8825717321997875,301234,271792,502097,444882,40847,31703,1002003.182567259,0.5999518021418172,0.6109305388844682,0.8644010968217399,0.8833556543238947,1866,1882,1705,1761,1597,269,26,108,1661,221,14,100,0.8115,0.8391783567134269,0.8558413719185424,0.8825717321997875,0.9366568914956012,0.9432140829074389,1866,1882,4834.863741782929,32700.0,0.5999518021418172,0.6109305388844682,0.8644010968217399,0.8833556543238947
328,0.0,32636.0,4000,576.6848423157638,579.8521788695919,526.7537210232684,530.0219734999714,3.1673365538280223,3.268252476702969,0.9691223601621037,0.015824284241201074,0.01468693365321423,0.015255608947207653,49.830205369620444,1856,1871,2000,2000,270,210,4850.642599031885,0.928,0.9355,0.8545258620689655,0.8877605558524853,303090,273663,504097,446882,41117,31913,1006853.8251662909,0.6012533302122409,0.6123831346977502,0.8643406248968953,0.8833857700894896,1856,1871,1719,1780,1586,270,11,133,1661,210,10,119,0.7985,0.8355,0.8545258620689655,0.8877605558524853,0.9226294357184409,0.9331460674157304,1856,1871,4850.642599031885,32800.0,0.6012533302122409,0.6123831346977502,0.8643406248968953,0.8833857700894896
329,0.0,32735.5,4000,579.8710134964514,583.036019389696,530.0395783495565,533.2899769531574,3.1650058932445972,3.2503986036009564,0.9737285420127375,0.015872959380896636,0.014741623929441117,0.015307291655168876,49.74604243653857,1843,1862,2000,2000,261,209,4861.53661561948,0.9215,0.931,0.8583830710797613,0.8877551020408163,304933,275525,506097,448882,41378,32122,1011715.3617819103,0.6025188847197276,0.6138027365766504,0.8643046177356993,0.883415298067326,1843,1862,1725,1782,1582,261,14,143,1653,209,9,129,0.798,0.831,0.8583830710797613,0.8877551020408163,0.9171014492753623,0.9276094276094277,1843,1862,4861.53661561948,32900.0,0.6025188847197276,0.6138027365766504,0.8643046177356993,0.883415298067326
330,0.0,32835.0,3999,583.0535971120524,586.2005531569758,533.3074251167984,536.5305121915334,3.1469560449233995,3.2230870747349627,0.9763794684889723,0.015920754466629675,0.014795150379302688,0.01535795242296618,49.67004096544247,1867,1868,2000,1999,251,206,4871.017248976636,0.9335,0.9344672336168084,0.8655597214783075,0.8897216274089936,306800,277393,508097,450881,41629,32328,1016586.3790308869,0.6038217112086866,0.6152244161985091,0.8643122555410692,0.8834577656970435,1867,1868,1729,1776,1616,251,20,113,1662,206,17,114,0.818,0.83991995997999,0.8655597214783074,0.8897216274089935,0.9346443030653557,0.9358108108108109,1867,1868,4871.017248976636,33000.0,0.6038217112086866,0.6152244161985091,0.8643122555410692,0.8834577656970435
331,0.0,32934.5,3999,586.2119480344553,589.359148623075,536.545309124584,539.8445424165379,3.1472005886197394,3.2992332919538967,0.9539187775217559,0.015968081355434392,0.014850573798851761,0.015409327577143077,49.51460620653711,1857,1868,1999,2000,235,180,4881.5071894967905,0.9289644822411206,0.934,0.873451803984922,0.9036402569593147,308657,279261,510096,452881,41864,32508,1021467.8862203837,0.6050959035162009,0.6166321837303839,0.8643672426026301,0.8835927680556899,1857,1868,1739,1803,1622,235,25,117,1688,180,17,115,0.8239119559779889,0.8525,0.873451803984922,0.9036402569593148,0.9327199539965497,0.9362174154187465,1857,1868,4881.5071894967905,33100.0,0.6050959035162009,0.6166321837303839,0.8643672426026301,0.8835927680556899
332,0.0,33034.0,3998,589.3777616478696,592.5245954874321,539.8634689714413,543.1297182689875,3.1468338395624187,3.26624929754621,0.963439576374803,0.016015329509916732,0.014904794234772376,0.015460061872344555,49.39487721844455,1853,1842,1999,1999,253,192,4890.821567232325,0.9269634817408704,0.9214607303651826,0.8634646519158122,0.8957654723127035,310510,281103,512095,454880,42117,32700,1026358.7077876161,0.6063523369687265,0.6179717727752374,0.8643618563009243,0.8836725328438331,1853,1842,1728,1793,1600,253,18,128,1650,192,14,143,0.8094047023511756,0.832416208104052,0.8634646519158122,0.8957654723127035,0.9259259259259259,0.9202453987730062,1853,1842,4890.821567232325,33200.0,0.6063523369687265,0.6179717727752374,0.8643618563009243,0.8836725328438331
333,0.0,33133.5,4000,592.539793462599,595.7318954768772,543.1444479547642,546.3506535197382,3.1921020142781344,3.2062055649739705,0.9956011707889508,0.01606355074230272,0.014956759875231039,0.015510155308766878,49.38124195713897,1863,1863,2000,2000,229,220,4903.783320630119,0.9315,0.9315,0.8770799785292539,0.8819108964036501,312373,282966,514095,456880,42346,32920,1031262.4911082461,0.6076172691817661,0.6193442479425669,0.8644377074843217,0.8836609345292368,1863,1863,1754,1760,1634,229,17,120,1643,220,20,117,0.8255,0.8315,0.8770799785292539,0.8819108964036501,0.9315849486887116,0.9335227272727272,1863,1863,4903.783320630119,33300.0,0.6076172691817661,0.6193442479425669,0.8644377074843217,0.8836609345292368
334,0.0,33233.0,4000,595.7418916818099,598.9260055263795,546.3651854606728,549.6163366418316,3.1841138445696515,3.251151181158775,0.979380430852425,0.016111088316412663,0.015009754100816975,0.015560421208614818,49.30966888454793,1832,1839,2000,2000,246,187,4914.1651424761385,0.916,0.9195,0.8657205240174672,0.8983143012506797,314205,284805,516095,458880,42592,33107,1036176.6562507222,0.6088123310630795,0.6206524581589958,0.8644451870594039,0.8837555520443813,1832,1839,1731,1796,1586,246,23,145,1652,187,17,144,0.8045,0.8345,0.8657205240174672,0.8983143012506797,0.9162333911034084,0.9198218262806236,1832,1839,4914.1651424761385,33400.0,0.6088123310630795,0.6206524581589958,0.8644451870594039,0.8837555520443813
335,0.0,33332.5,4000,598.9412633342951,602.0299934282701,549.6353778974673,552.8797409667194,3.088730093975073,3.244363069252131,0.952029729116312,0.016155651870748463,0.015062363919169396,0.01560900789495893,49.150252461550735,1853,1865,2000,2000,283,214,4924.445196147217,0.9265,0.9325,0.8472746896923907,0.885254691689008,316058,286670,518095,460880,42875,33321,1041101.1014468694,0.6100386994663141,0.6220057281721924,0.8643445190439729,0.8837653050545924,1853,1865,1689,1771,1570,283,28,119,1651,214,15,120,0.799,0.833,0.8472746896923907,0.885254691689008,0.9295441089402013,0.9322416713721061,1853,1865,4924.445196147217,33500.0,0.6100386994663141,0.6220057281721924,0.8643445190439729,0.8837653050545924
336,0.0,33432.0,4000,602.0498322917252,605.1715123021121,552.8951515822943,556.1213050307332,3.1216800103868536,3.226153448438936,0.9676167176416749,0.016201067159045103,0.015114010576077041,0.01565753886756107,49.050207271378895,1869,1860,2000,2000,268,215,4934.743794729791,0.9345,0.93,0.8566078116639915,0.8844086021505376,317927,288530,520095,462880,43143,33536,1046035.8452415993,0.611286399600073,0.6233365019011406,0.8642990372003636,0.8837694520500468,1869,1860,1704,1770,1601,268,28,103,1645,215,15,125,0.8145,0.83,0.8566078116639915,0.8844086021505376,0.9395539906103286,0.9293785310734464,1869,1860,4934.743794729791,33600.0,0.611286399600073,0.6233365019011406,0.8642990372003636,0.8837694520500468
337,0.0,33531.5,4000,605.1877588051924,608.3474690872295,556.1332078762733,559.3980705499804,3.1597102820370537,3.264862673707057,0.9677927061015987,0.016247234816885246,0.01516639527820284,0.015706815047544044,48.94939853724907,1855,1849,2000,2000,253,181,4944.7077094435945,0.9275,0.9245,0.8636118598382749,0.9021092482422931,319782,290379,522095,464880,43396,33717,1050980.5529510428,0.6124977255097253,0.6246321631388746,0.8642950510034961,0.8838862314423563,1855,1849,1731,1809,1602,253,16,129,1668,181,10,141,0.809,0.839,0.8636118598382749,0.9021092482422931,0.925476603119584,0.9220563847429519,1855,1849,4944.7077094435945,33700.0,0.6124977255097253,0.6246321631388746,0.8642950510034961,0.8838862314423563
338,0.0,33631.0,3996,608.3551610317696,611.4817486319837,559.4157038627387,562.6976374585602,3.126587600214066,3.2819335958214424,0.95266631969484,0.016291896238869442,0.015219144608994543,0.015755520423931992,48.784111173423526,1828,1841,1998,1998,239,198,4949.544919355505,0.914914914914915,0.9214214214214215,0.8692560175054704,0.8924497555676263,321610,292220,524093,466878,43635,33915,1055930.0978703983,0.613650630708672,0.6259022699720269,0.8643232486552035,0.8839401820546164,1828,1841,1735,1785,1589,239,24,146,1643,198,15,142,0.8073073073073073,0.8298298298298298,0.8692560175054704,0.8924497555676263,0.915850144092219,0.9204481792717086,1828,1841,4949.544919355505,33800.0,0.613650630708672,0.6259022699720269,0.8643232486552035,0.8839401820546164
339,0.0,33730.5,4000,611.4945413215873,614.6573466567804,562.7120488506399,566.0043992547079,3.1628053351930703,3.2923504040679745,0.960652709166424,0.01633751300585793,0.015271794972866173,0.015804653989362052,48.65294740207253,1849,1855,2000,2000,236,204,4964.380459527685,0.9245,0.9275,0.8723634396971336,0.8900269541778976,323459,294075,526093,468878,43871,34119,1060894.478329926,0.6148323585373688,0.6271887356625817,0.8643692090805944,0.8839785768936496,1849,1855,1748,1780,1613,236,16,135,1651,204,16,129,0.8145,0.8335,0.8723634396971336,0.8900269541778976,0.9227688787185355,0.9275280898876405,1849,1855,4964.380459527685,33900.0,0.6148323585373688,0.6271887356625817,0.8643692090805944,0.8839785768936496
340,0.0,33830.0,3999,614.6750398538334,617.7881804569664,566.0281248627645,569.2958010403812,3.113140603133047,3.2676761776167496,0.9527078063786566,0.016381544844081466,0.015323683863701075,0.01585261435389127,48.49237941658521,1854,1842,1999,2000,257,202,4973.034836886708,0.927463731865933,0.921,0.8613807982740022,0.8903365906623235,325313,295917,528092,470878,44128,34321,1065867.5131668127,0.6160157699794733,0.6284366651234502,0.8643521777488142,0.8840181537390552,1854,1842,1728,1781,1597,257,14,131,1640,202,17,141,0.8059029514757379,0.8285,0.8613807982740022,0.8903365906623235,0.9241898148148148,0.9208309938236946,1854,1842,4973.034836886708,34000.0,0.6160157699794733,0.6284366651234502,0.8643521777488142,0.8840181537390552
341,0.0,33929.5,3999,617.8064160736068,620.9686468172956,569.308078104025,572.5038181956065,3.1622307436888377,3.1957400915815697,0.9895143700887927,0.016426773931351876,0.015372823123784806,0.015899798527568343,48.464828621689094,1846,1857,2000,1999,250,221,4982.824051747702,0.923,0.9289644822411206,0.8645720476706392,0.88099084544965,327159,297774,530092,472877,44378,34542,1070850.3372185605,0.6171739999849083,0.6297070908502634,0.8643534183684386,0.883999274617663,1846,1857,1732,1767,1596,250,18,136,1636,221,11,131,0.807,0.8239119559779889,0.8645720476706392,0.88099084544965,0.9214780600461894,0.9258630447085455,1846,1857,4982.824051747702,34100.0,0.6171739999849083,0.6297070908502634,0.8643534183684386,0.883999274617663
342,0.0,34029.0,4000,620.983559182394,624.1383432136258,572.5170083150435,575.6960032671583,3.154784031231884,3.178994952114749,0.9923840958392339,0.016471423609807873,0.015421212093351276,0.015946317851579576,48.44233994646754,1820,1854,2000,2000,254,223,4993.698534535707,0.91,0.927,0.8604395604395605,0.8797195253505933,328979,299628,532092,474877,44632,34765,1075844.0357530962,0.6182746592694497,0.6309591746915517,0.8643317658573951,0.8839727929298997,1820,1854,1728,1763,1566,254,18,162,1631,223,14,132,0.792,0.8225,0.8604395604395605,0.8797195253505933,0.90625,0.9251276233692569,1820,1854,4993.698534535707,34200.0,0.6182746592694497,0.6309591746915517,0.8643317658573951,0.8839727929298997
343,0.0,34128.5,3998,624.1591663165862,627.2977395923076,575.7126193353988,578.8918833174872,3.1385732757214555,3.1792639820884006,0.9872012180818606,0.01651551264822481,0.015469426636820483,0.01599246964252265,48.405856274820394,1860,1836,2000,1998,251,219,5000.827565094714,0.93,0.918918918918919,0.8650537634408602,0.880718954248366,330839,301464,534092,476875,44883,34984,1080844.863318191,0.6194419687993828,0.6321656618610747,0.8643358249783127,0.8839529761430884,1860,1836,1727,1764,1609,251,22,118,1617,219,15,147,0.8155,0.8168168168168168,0.8650537634408603,0.880718954248366,0.931673422119282,0.9166666666666666,1860,1836,5000.827565094714,34300.0,0.6194419687993828,0.6321656618610747,0.8643358249783127,0.8839529761430884
344,0.0,34228.0,4000,627.311245470541,630.5230927106132,578.9083577574257,582.1983733168574,3.2118472400721885,3.2900155594317084,0.9762407447784162,0.016561262702105135,0.015520576268671883,0.016040919485388508,48.3247193937558,1864,1859,2000,2000,248,197,5012.845124778921,0.932,0.9295,0.8669527896995708,0.8940290478752018,332703,303323,536092,478875,45131,35181,1085857.70844297,0.620608029965006,0.63340746541373,0.864350486770483,0.8840147301721267,1864,1859,1737,1788,1616,248,15,121,1662,197,15,126,0.8155,0.8385,0.8669527896995708,0.8940290478752018,0.9303396660909614,0.9295302013422819,1864,1859,5012.845124778921,34400.0,0.620608029965006,0.63340746541373,0.864350486770483,0.8840147301721267
345,0.0,34327.5,4000,630.54190539796,633.7004462966079,582.2130905192586,585.4277318211938,3.158540898647857,3.2146413019352167,0.9825484718143865,0.016605356247490183,0.01556919368541012,0.01608727496645015,48.27271447541409,1861,1862,2000,2000,279,204,5022.48996464538,0.9305,0.931,0.8500806018269748,0.8904403866809882,334564,305185,538092,480875,45410,35385,1090880.1984076153,0.6217598477583759,0.6346451780608267,0.8642711110579739,0.8840539344987467,1861,1862,1699,1779,1582,279,22,117,1658,204,17,121,0.802,0.8375,0.8500806018269748,0.8904403866809882,0.9311359623307828,0.9319842608206858,1861,1862,5022.48996464538,34500.0,0.6217598477583759,0.6346451780608267,0.8642711110579739,0.8840539344987467
346,0.0,34427.0,4000,633.7118870658477,636.8291284161087,585.439820984543,588.6712763226558,3.117241350260997,3.2314553381128235,0.9646555573568509,0.016647788227107285,0.015617940076535004,0.016132864151821143,48.1578520934529,1877,1860,2000,2000,254,199,5031.859572933554,0.9385,0.93,0.8646776771443794,0.8930107526881721,336441,307045,540092,482875,45664,35584,1095912.0579805488,0.6229327596039194,0.6358684959875744,0.8642733792849266,0.8841081926102037,1877,1860,1727,1782,1623,254,19,104,1661,199,19,121,0.821,0.84,0.8646776771443794,0.8930107526881721,0.9397799652576723,0.9320987654320988,1877,1860,5031.859572933554,34600.0,0.6229327596039194,0.6358684959875744,0.8642733792849266,0.8841081926102037
347,0.0,34526.5,4000,636.8432999991809,640.0790755924979,588.6824692840781,591.9760978889254,3.235775593317044,3.2936286048472994,0.9824348709368409,0.016693470312227704,0.015668171418281866,0.016180820865254783,48.10297770357249,1831,1872,2000,2000,213,196,5041.191759836369,0.9155,0.936,0.8836701256144184,0.8952991452991453,338272,308917,542092,484875,45877,35780,1100953.2497403852,0.624012160297514,0.6371064707398814,0.8643783700690568,0.8841760084423972,1831,1872,1764,1784,1618,213,23,146,1676,196,20,108,0.8205,0.848,0.8836701256144184,0.8952991452991453,0.9172335600907029,0.9394618834080718,1831,1872,5041.191759836369,34700.0,0.624012160297514,0.6371064707398814,0.8643783700690568,0.8841760084423972
348,0.0,34626.0,4000,640.0963193774094,643.2593459164966,591.9906840623422,595.215971659899,3.163026539087241,3.2252875975567576,0.9806959669219324,0.016736887648227013,0.015716247758199835,0.016226567703213422,48.043374256597644,1859,1877,2000,2000,272,223,5050.632083751076,0.9295,0.9385,0.8536847767616998,0.8811933937133725,340131,310794,544092,486875,46149,36003,1106003.8818241362,0.6251350874484463,0.6383445442875482,0.8643199237940675,0.8841579953280951,1859,1877,1710,1760,1587,272,18,123,1654,223,17,106,0.8025,0.8355,0.8536847767616998,0.8811933937133724,0.9280701754385965,0.9397727272727273,1859,1877,5050.632083751076,34800.0,0.6251350874484463,0.6383445442875482,0.8643199237940675,0.8841579953280951
349,0.0,34725.5,4000,643.2727585302598,646.3710209967433,595.227495660059,598.4911992195556,3.0982624664834475,3.2637035594965482,0.9493087867825161,0.01677809069451423,0.015765061591547593,0.01627157614303091,47.87982177718766,1873,1869,2000,2000,273,229,5060.033370909617,0.9365,0.9345,0.8542445274959958,0.8774745853397539,342004,312663,546092,488875,46422,36232,1111063.9151950458,0.6262754261186759,0.6395561237535157,0.8642647454415737,0.8841180440282349,1873,1869,1717,1762,1600,273,10,117,1640,229,9,122,0.805,0.8245,0.8542445274959958,0.8774745853397539,0.9318578916715201,0.9307604994324631,1873,1869,5060.033370909617,34900.0,0.6262754261186759,0.6395561237535157,0.8642647454415737,0.8841180440282349
350,0.0,34825.0,4000,646.3923580720801,649.5240172404764,598.5017443045845,601.8517770867759,3.1316591683962542,3.3500327821914198,0.9348144845160838,0.016820238899493706,0.015816035068920892,0.0163181369842073,47.6722401537005,1883,1879,2000,2000,252,199,5069.457073347791,0.9415,0.9395,0.8661710037174721,0.8940926024481107,343887,314542,548092,490875,46674,36431,1116133.3722683936,0.6274256876582763,0.640778202189967,0.8642751834178087,0.8841776296965111,1883,1879,1735,1794,1631,252,13,104,1680,199,7,114,0.822,0.8435,0.8661710037174721,0.8940926024481107,0.940057636887608,0.9364548494983278,1883,1879,5069.457073347791,35000.0,0.6274256876582763,0.640778202189967,0.8642751834178087,0.8841776296965111
351,0.0,34924.5,3999,649.5377031686129,652.7541675557285,601.8645605192396,605.1662368919096,3.216464387115593,3.3016763726700447,0.9741912968031021,0.016864345065456747,0.015865404194226922,0.016364874629841833,47.58793066381884,1890,1882,2000,1999,253,212,5077.708172653672,0.945,0.9414707353676839,0.8661375661375661,0.8873538788522848,345777,316424,550092,492874,46927,36643,1121211.0804410472,0.628580310202657,0.6419977519609474,0.8642853631097499,0.8841965211235557,1890,1882,1734,1778,1637,253,13,97,1670,212,9,108,0.825,0.83991995997999,0.8661375661375661,0.8873538788522848,0.9440599769319492,0.9392575928008999,1890,1882,5077.708172653672,35100.0,0.628580310202657,0.6419977519609474,0.8642853631097499,0.8841965211235557
352,0.0,35024.0,4000,652.7694428868622,656.0178438465502,605.1792714197705,608.4906841419568,3.2484009596880696,3.311412722186219,0.980971335262447,0.016909153070691865,0.015914776547369662,0.016411964809030764,47.52715970459349,1885,1885,2000,2000,225,219,5088.499971690755,0.9425,0.9425,0.8806366047745358,0.8838196286472149,347662,318309,552092,494874,47152,36862,1126299.580412738,0.629717510849641,0.643212211593254,0.8643740184432006,0.8841942891969753,1885,1885,1754,1769,1660,225,21,94,1666,219,12,103,0.8405,0.839,0.8806366047745358,0.8838196286472149,0.9464082098061574,0.9417750141322782,1885,1885,5088.499971690755,35200.0,0.629717510849641,0.643212211593254,0.8643740184432006,0.8841942891969753
353,0.0,35123.5,4000,656.0373124522946,659.2624113180343,608.5096430293643,611.8102854610064,3.22509886573971,3.3006424316421317,0.9771124659920107,0.016953165879882087,0.015963731891967755,0.01645844888592492,47.45212585702791,1899,1896,2000,2000,241,200,5097.809650620139,0.9495,0.948,0.8730911005792522,0.8945147679324894,349561,320205,554092,496874,47393,37062,1131397.3900633582,0.630871768587166,0.6444390328332736,0.8644213742379727,0.8842553988850892,1899,1896,1748,1793,1658,241,11,90,1696,200,7,97,0.8345,0.8515,0.8730911005792522,0.8945147679324894,0.948512585812357,0.9459007250418293,1899,1896,5097.809650620139,35300.0,0.630871768587166,0.6444390328332736,0.8644213742379727,0.8842553988850892
354,0.0,35223.0,4000,659.278432723316,662.4950573289428,611.8331057552524,615.1804892080054,3.216624605626862,3.347383452752979,0.9609369978158381,0.016996593264710345,0.016013840099815276,0.016505216682262812,47.31456812093745,1895,1880,2000,2000,250,202,5107.103907058996,0.9475,0.94,0.8680738786279684,0.8925531914893617,351456,322085,556092,498874,47643,37264,1136504.4939704172,0.6320105306316222,0.6456239451244202,0.8644410680142037,0.8843038328391574,1895,1880,1736,1788,1645,250,14,91,1678,202,10,110,0.8295,0.844,0.8680738786279684,0.8925531914893617,0.9475806451612904,0.9384787472035794,1895,1880,5107.103907058996,35400.0,0.6320105306316222,0.6456239451244202,0.8644410680142037,0.8843038328391574
355,0.0,35322.5,4000,662.5130212969513,665.7302868125116,615.1986539854263,618.5310453092203,3.2172655155603707,3.3323913237940133,0.9654524943059302,0.01703984876209338,0.016063112553089454,0.01655148065759142,47.19924150329132,1890,1899,2000,2000,249,208,5116.506928798989,0.945,0.9495,0.8682539682539683,0.8904686677198526,353346,323984,558092,500874,47892,37472,1141621.0008992162,0.633132171756628,0.6468373283500441,0.8644614627022805,0.8843399674057978,1890,1899,1738,1775,1641,249,13,97,1691,208,17,84,0.827,0.854,0.8682539682539683,0.8904686677198526,0.9441887226697353,0.9526760563380282,1890,1899,5116.506928798989,35500.0,0.633132171756628,0.6468373283500441,0.8644614627022805,0.8843399674057978
356,0.0,35422.0,4000,665.7415167773656,668.9870547473108,618.5434737896304,621.8649777177753,3.2455379699451896,3.321503928144921,0.9771290476112251,0.017083466263739164,0.0161116412371694,0.016597553750454283,47.12207702953549,1892,1884,2000,2000,260,197,5125.735647191645,0.946,0.942,0.8625792811839323,0.8954352441613588,355238,325868,560092,502874,48152,37669,1146746.736546408,0.6342493733172407,0.6480112314416733,0.8644514381907341,0.8844041145494494,1892,1884,1725,1792,1632,260,15,93,1687,197,11,105,0.8235,0.849,0.8625792811839323,0.8954352441613588,0.9460869565217391,0.94140625,1892,1884,5125.735647191645,35600.0,0.6342493733172407,0.6480112314416733,0.8644514381907341,0.8844041145494494
357,0.0,35521.5,4000,669.0047535809413,672.2326939371188,621.8806085998486,625.1995265951107,3.2279403561775553,3.3189179952620407,0.9725881630054248,0.017126527680081854,0.016159915319903812,0.01664322149999283,47.03316734200814,1877,1897,2000,2000,241,215,5134.965080219343,0.9385,0.9485,0.8716036228023442,0.8866631523458092,357115,327765,562092,504874,48393,37884,1151881.7016266272,0.6353319385438683,0.649201582969216,0.8644890301443513,0.8844171891446616,1877,1897,1741,1776,1636,241,18,105,1682,215,9,94,0.827,0.8455,0.8716036228023442,0.8866631523458092,0.9396898334290638,0.9470720720720721,1877,1897,5134.965080219343,35700.0,0.6353319385438683,0.649201582969216,0.8644890301443513,0.8844171891446616
358,0.0,35621.0,4000,672.2536138605147,675.4527338580986,625.2155610874364,628.5141814798164,3.199119997583807,3.2986203923800304,0.9698357546609262,0.017168633466477706,0.016207364016907033,0.01668799874169237,46.93855237828211,1884,1875,2000,2000,253,213,5144.0698651676685,0.942,0.9375,0.8657112526539278,0.8864,358999,329640,564092,506874,48646,38097,1157025.7714917948,0.6364192365784305,0.6503391375371395,0.8644954442770035,0.8844284674190026,1884,1875,1732,1774,1631,253,15,101,1662,213,13,112,0.823,0.8375,0.8657112526539278,0.8864,0.9416859122401847,0.9368658399098083,1884,1875,5144.0698651676685,35800.0,0.6364192365784305,0.6503391375371395,0.8644954442770035,0.8844284674190026
359,0.0,35720.5,4000,675.4680570198459,678.649673276048,628.5296135240039,631.7667935657952,3.181616256202119,3.237180041791248,0.9828357444220546,0.017209861212196417,0.016252820164101685,0.01673134068814905,46.88287971025284,1925,1892,2000,2000,275,209,5153.147615002508,0.9625,0.946,0.8571428571428572,0.8895348837209303,360924,331532,566092,508874,48921,38306,1162178.9191067973,0.6375712781667997,0.6515011574574453,0.864456229012202,0.884457608918596,1925,1892,1714,1781,1650,275,11,64,1683,209,10,98,0.8305,0.8465,0.8571428571428571,0.8895348837209303,0.9626604434072346,0.9449747332959012,1925,1892,5153.147615002508,35900.0,0.6375712781667997,0.6515011574574453,0.864456229012202,0.884457608918596
360,0.0,35820.0,4000,678.6639982810423,681.9359492570376,631.7824317869866,635.1710111214998,3.27195097599531,3.3885793345131106,0.965581930654559,0.017253341486078915,0.016302235040193198,0.016777788263136056,46.76493813553782,1907,1899,2000,2000,235,188,5162.302166149032,0.9535,0.9495,0.8767697954902989,0.9010005265929436,362831,333431,568092,510874,49156,38494,1167341.2212729463,0.6386835230913303,0.6526677810967088,0.8645209477690715,0.8845518263148897,1907,1899,1759,1805,1672,235,6,87,1711,188,7,94,0.839,0.859,0.8767697954902989,0.9010005265929436,0.9505400795906765,0.9479224376731302,1907,1899,5162.302166149032,36000.0,0.6386835230913303,0.6526677810967088,0.8645209477690715,0.8845518263148897
361,0.0,35919.5,4000,681.9526284473559,685.275064417033,635.1907789320351,638.5329603949975,3.3224359696771444,3.3421814629624578,0.9940920343481855,0.017298044561186606,0.016350205283115038,0.016824124922150824,46.742104022035505,1913,1914,2000,2000,237,208,5171.54990017325,0.9565,0.957,0.8761108207004704,0.8913270637408568,364744,335345,570092,512874,49393,38702,1172512.7711731195,0.6397984886649875,0.6538545529701252,0.8645817340381199,0.8845904963545006,1913,1914,1750,1785,1676,237,13,74,1706,208,7,79,0.8445,0.8565,0.8761108207004704,0.8913270637408568,0.9577142857142857,0.9557422969187676,1913,1914,5171.54990017325,36100.0,0.6397984886649875,0.6538545529701252,0.8645817340381199,0.8845904963545006
362,0.0,36019.0,4000,685.2927804830165,688.4960061324044,638.5480106394551,641.8924181707923,3.203225649387946,3.344407531337197,0.9577856823289708,0.017339236198182537,0.016397841671167063,0.016868538934674798,46.60358796161211,1895,1899,2000,2000,269,212,5180.594696641453,0.9475,0.9495,0.8580474934036939,0.8883622959452343,366639,337244,572092,514874,49662,38914,1177693.365869761,0.6408741950595359,0.6550029716008189,0.8645479613461743,0.8846117351235308,1895,1899,1716,1774,1626,269,15,90,1687,212,14,87,0.8205,0.8505,0.8580474934036939,0.8883622959452343,0.9475524475524476,0.9509582863585119,1895,1899,5180.594696641453,36200.0,0.6408741950595359,0.6550029716008189,0.8645479613461743,0.8846117351235308
363,0.0,36118.5,4000,688.5096870303537,691.7655939061475,641.9110233249139,645.2034801461303,3.255906875793812,3.292456821216433,0.9888988839011965,0.01738154099581132,0.016443882382137346,0.016912711688974333,46.562113760017155,1924,1898,2000,2000,243,223,5189.522153682053,0.962,0.949,0.8737006237006237,0.8825079030558483,368563,339142,574092,516874,49905,39137,1182882.888023443,0.6419929209952412,0.6561405681075079,0.8645957407553119,0.8845999610782505,1924,1898,1748,1759,1681,243,9,67,1675,223,18,84,0.845,0.8465,0.8737006237006237,0.8825079030558483,0.9616704805491991,0.9522455940875497,1924,1898,5189.522153682053,36300.0,0.6419929209952412,0.6561405681075079,0.8645957407553119,0.8845999610782505
364,0.0,36218.0,4000,691.786752743577,695.0289140445359,645.2188656684104,648.5371261928951,3.2421613009588555,3.3182605244846854,0.9770665314057437,0.017423441161712617,0.016490290563690946,0.01695686586270178,46.491787851640765,1905,1915,2000,2000,242,205,5198.515110329862,0.9525,0.9575,0.8729658792650918,0.8929503916449086,370468,341057,576092,518874,50147,39342,1188081.403133773,0.6430708983981726,0.6573021581347303,0.8646387812172711,0.8846468478875965,1905,1915,1750,1788,1663,242,8,87,1710,205,7,78,0.8355,0.8585,0.8729658792650918,0.8929503916449086,0.9502857142857143,0.9563758389261745,1905,1915,5198.515110329862,36400.0,0.6430708983981726,0.6573021581347303,0.8646387812172711,0.8846468478875965
365,0.0,36317.5,4000,695.0425933099448,698.1823296539784,648.5508926515535,651.8876128336912,3.139736344033622,3.3367201821376966,0.9409648315257064,0.017462100654678955,0.016536905839976617,0.016999503247327786,46.29471682028725,1900,1919,2000,2000,267,209,5207.248030914685,0.95,0.9595,0.8594736842105263,0.8910891089108911,372368,342976,578092,520874,50414,39551,1193288.6511646877,0.6441327677947455,0.6584625072474342,0.864612426416878,0.8846828932636686,1900,1919,1724,1779,1633,267,9,91,1710,209,12,69,0.821,0.861,0.8594736842105263,0.8910891089108911,0.947215777262181,0.9612141652613828,1900,1919,5207.248030914685,36500.0,0.6441327677947455,0.6584625072474342,0.864612426416878,0.8846828932636686
366,0.0,36417.0,4000,698.200419300696,701.4552229929395,651.9053797417852,655.2218725763619,3.254803692243513,3.3164928345767066,0.9813992836981157,0.01750381331242467,0.016582823030104294,0.017043318171264484,46.23335041657765,1907,1910,2000,2000,244,188,5216.059928632161,0.9535,0.955,0.8720503408495018,0.9015706806282723,374275,344886,580092,522874,50658,39739,1198504.7110933198,0.6451993821669666,0.6595967670987657,0.8646503239596554,0.8847764188746426,1907,1910,1743,1804,1663,244,13,80,1722,188,8,82,0.838,0.865,0.8720503408495018,0.9015706806282723,0.9541021227768216,0.9545454545454546,1907,1910,5216.059928632161,36600.0,0.6451993821669666,0.6595967670987657,0.8646503239596554,0.8847764188746426
367,0.0,36516.5,4000,701.47539247147,704.7596132535725,655.234343592759,658.5910038556253,3.2842207821025795,3.356660262866285,0.9784191800507542,0.017546156879982996,0.016629440168421817,0.017087798524202405,46.16860939794719,1919,1913,2000,2000,256,197,5224.877316014385,0.9595,0.9565,0.866597186034393,0.8970203868269734,376194,346799,582092,524874,50914,39936,1203729.5884093342,0.6462792823127615,0.6607280985531766,0.864660255081155,0.8848439586042636,1919,1913,1733,1793,1663,256,11,70,1716,197,10,77,0.837,0.863,0.866597186034393,0.8970203868269734,0.9596076168493941,0.9570552147239264,1919,1913,5224.877316014385,36700.0,0.6462792823127615,0.6607280985531766,0.864660255081155,0.8848439586042636
368,0.0,36616.0,4000,704.7749492797408,708.0220217211682,658.6082279751306,661.9014175772492,3.2470724414274628,3.2931896021185594,0.9859962023864558,0.01758712950986336,0.01667420836692132,0.017130668938392338,46.12060414391908,1892,1911,2000,2000,230,211,5233.648133934796,0.946,0.9555,0.8784355179704016,0.8895866038723181,378086,348710,584092,526874,51144,40147,1208963.236543269,0.6473055614526478,0.6618470450240475,0.8647291885973033,0.8848699492414901,1892,1911,1763,1776,1662,230,7,101,1700,211,13,76,0.8345,0.8565,0.8784355179704016,0.8895866038723181,0.942711287577992,0.9572072072072072,1892,1911,5233.648133934796,36800.0,0.6473055614526478,0.6618470450240475,0.8647291885973033,0.8848699492414901
369,0.0,36715.5,4000,708.0395802441483,711.2439925425615,661.9206199031302,665.1645313290934,3.2044122984132173,3.2439114259632333,0.9878236109550101,0.017626784194698236,0.016717452077359043,0.01717211813602864,46.07946121346811,1898,1916,2000,2000,267,229,5242.238715542093,0.949,0.958,0.8593256059009484,0.8804801670146137,379984,350626,586092,528874,51411,40376,1214205.475258811,0.6483350736744402,0.6629669826839664,0.8647021979872836,0.88484596122364,1898,1916,1715,1758,1631,267,18,84,1687,229,13,71,0.8245,0.85,0.8593256059009484,0.8804801670146137,0.9510204081632653,0.959613196814562,1898,1916,5242.238715542093,36900.0,0.6483350736744402,0.6629669826839664,0.8647021979872836,0.88484596122364
370,0.0,36815.0,4000,711.2564616210196,714.5252994494066,665.1780837224686,668.4876475598752,3.2688378283869497,3.3095638374065857,0.9876944482655607,0.01766782820787054,0.016762083726630555,0.017214955967250548,46.03765188953139,1914,1914,2000,2000,256,202,5250.813726838329,0.957,0.957,0.8662486938349008,0.8944618599791013,381898,352540,588092,530874,51667,40578,1219456.2889856491,0.6493847901348768,0.6640747145273643,0.8647099487297656,0.8848981675838202,1914,1914,1735,1789,1658,256,9,77,1712,202,9,77,0.8335,0.8605,0.8662486938349008,0.8944618599791013,0.9556195965417867,0.9569591950810509,1914,1914,5250.813726838329,37000.0,0.6493847901348768,0.6640747145273643,0.8647099487297656,0.8848981675838202
371,0.0,36914.5,4000,714.5419515722145,717.7889269102147,668.5064480856373,671.8791051566453,3.2469753380001976,3.372657071008007,0.9627350986590979,0.0177081744245827,0.016808316859355812,0.017258245641969254,45.90982175356942,1904,1925,2000,2000,252,222,5259.342469390953,0.952,0.9625,0.8676470588235294,0.8846753246753247,383802,354465,590092,532874,51919,40800,1224715.63145504,0.6504104444730652,0.6651947739991068,0.864724519413656,0.8848969573864839,1904,1925,1741,1772,1652,252,7,89,1703,222,6,69,0.8295,0.8545,0.8676470588235294,0.8846753246753247,0.9488799540493968,0.9610609480812641,1904,1925,5259.342469390953,37100.0,0.6504104444730652,0.6651947739991068,0.864724519413656,0.8848969573864839
372,0.0,37014.0,4000,717.8097955167602,721.0561619078129,671.8967970782592,675.2998787828858,3.2463663910526748,3.4030817046266293,0.9539490005894088,0.017748400702946674,0.01685508949215971,0.01730174509755319,45.75628312492711,1910,1907,2000,2000,236,205,5267.953801520322,0.955,0.9535,0.8764397905759163,0.8925013109596225,385712,356372,592092,534874,52155,41005,1229983.5852565605,0.6514393033515062,0.666272804436185,0.8647825320446343,0.8849376494225135,1910,1907,1747,1784,1674,236,17,73,1702,205,11,82,0.8455,0.8565,0.8764397905759163,0.8925013109596225,0.9582140812821981,0.9540358744394619,1910,1907,5267.953801520322,37200.0,0.6514393033515062,0.666272804436185,0.8647825320446343,0.8849376494225135
373,0.0,37113.5,4000,721.0743777489398,724.3962757630859,675.3225704301904,678.6733549000672,3.321898014146086,3.350784469876885,0.9913791961284039,0.017790365147584163,0.016900343303633315,0.01734535422560874,45.72292086301866,1916,1894,2000,2000,235,206,5276.463199322909,0.958,0.947,0.877348643006263,0.8912354804646251,387628,358266,594092,536874,52390,41211,1235260.0484558833,0.6524713344061189,0.6673185887191408,0.864844644865696,0.8849709433772672,1916,1894,1755,1786,1681,235,10,74,1688,206,8,98,0.8455,0.848,0.877348643006263,0.8912354804646251,0.9578347578347578,0.9451287793952967,1916,1894,5276.463199322909,37300.0,0.6524713344061189,0.6673185887191408,0.864844644865696,0.8849709433772672
374,0.0,37213.0,4000,724.4130463788315,727.7236674066457,678.6909570019811,682.1050792072023,3.31062102781425,3.4141222052211333,0.9696843958167046,0.017831765017338214,0.016946912554349134,0.017389338785843672,45.61858819944348,1908,1915,2000,2000,252,195,5284.809075047776,0.954,0.9575,0.8679245283018868,0.8981723237597912,389536,360181,596092,538874,52642,41406,1240544.857530931,0.65348301939969,0.6683955804139743,0.8648597305512199,0.8850411320974733,1908,1915,1738,1795,1656,252,10,82,1720,195,10,75,0.833,0.865,0.8679245283018868,0.8981723237597912,0.952819332566168,0.958217270194986,1908,1915,5284.809075047776,37400.0,0.65348301939969,0.6683955804139743,0.8648597305512199,0.8850411320974733
375,0.0,37312.5,4000,727.7408239130551,731.0364267182634,682.1235061664431,685.5236637968925,3.2956028052083184,3.400157630449371,0.9692500064394854,0.01787255389226845,0.01699288304326261,0.017432718467765528,45.51276292137095,1922,1922,2000,2000,243,201,5293.182729287725,0.961,0.961,0.8735691987513008,0.8954214360041624,391458,362103,598092,540874,52885,41607,1245838.0402602188,0.6545113460805361,0.6694775492998369,0.8649024927322982,0.8850962295258531,1922,1922,1750,1793,1679,243,7,71,1721,201,6,72,0.843,0.8635,0.8735691987513007,0.8954214360041624,0.9594285714285714,0.9598438371444507,1922,1922,5293.182729287725,37500.0,0.6545113460805361,0.6694775492998369,0.8649024927322982,0.8850962295258531
376,0.0,37412.0,4000,731.0474734318547,734.3712736569082,685.5377125767307,688.9105912615348,3.32380022505356,3.3728786848041636,0.9854490883494516,0.01791371324198701,0.01703776706348378,0.017475740152735397,45.4606823953734,1927,1917,2000,2000,243,209,5301.474788034944,0.9635,0.9585,0.873897249610794,0.8909754825247783,393385,364020,600092,542874,53128,41816,1251139.5150482538,0.6555411503569453,0.6705423357906255,0.8649465536306672,0.8851271908136915,1927,1917,1748,1783,1684,243,9,64,1708,209,8,75,0.8465,0.858,0.873897249610794,0.8909754825247783,0.9633867276887872,0.9579360628154795,1927,1917,5301.474788034944,37600.0,0.6555411503569453,0.6705423357906255,0.8649465536306672,0.8851271908136915
377,0.0,37511.5,4000,734.3873981881361,737.6031978321452,688.9285897781982,692.2727303268468,3.215799644009053,3.3441405486486246,0.9616221558955007,0.017951924192942934,0.017081755454968227,0.01751683982395558,45.330467505298316,1913,1925,2000,2000,259,210,5309.720276667395,0.9565,0.9625,0.8646105593308939,0.8909090909090909,395298,365945,602092,544874,53387,42026,1256449.2353249213,0.656540860865117,0.6716139878210375,0.8649449276242227,0.8851576056511224,1913,1925,1724,1779,1654,259,17,70,1715,210,11,64,0.8355,0.863,0.8646105593308939,0.8909090909090909,0.9593967517401392,0.9640247329960652,1913,1925,5309.720276667395,37700.0,0.656540860865117,0.6716139878210375,0.8649449276242227,0.8851576056511224
378,0.0,37611.0,4000,737.6198373254066,740.805003849133,692.2840425082952,695.6114145187876,3.185166523726366,3.327372010492354,0.9572619213248278,0.017989136192881915,0.01712489060434505,0.017557013398613482,45.19358933034539,1914,1917,2000,2000,263,216,5317.792505441816,0.957,0.9585,0.8625914315569487,0.8873239436619719,397212,367862,604092,546874,53650,42242,1261767.0278303633,0.6575356071591745,0.6726631728698018,0.8649335871021017,0.8851688948573107,1914,1917,1718,1778,1651,263,19,67,1701,216,6,77,0.835,0.8535,0.8625914315569488,0.8873239436619719,0.9610011641443539,0.9566929133858267,1914,1917,5317.792505441816,37800.0,0.6575356071591745,0.6726631728698018,0.8649335871021017,0.8851688948573107
379,0.0,37710.5,4000,740.8189399585647,744.107017062958,695.6282130269076,699.0893261763472,3.2880771043933237,3.4611131494395977,0.9500056665081028,0.018028795812790537,0.017171471675509302,0.01760013374414992,45.01769088661081,1912,1909,2000,2000,251,188,5326.010681527069,0.956,0.9545,0.868723849372385,0.9015191199580932,399124,369771,606092,548874,53901,42430,1267093.0385118902,0.6585204886386885,0.673690136534068,0.864951744320061,0.8852533054241679,1912,1909,1738,1808,1661,251,11,77,1721,188,4,87,0.836,0.8625,0.8687238493723849,0.9015191199580932,0.9556962025316456,0.9518805309734514,1912,1909,5326.010681527069,37900.0,0.6585204886386885,0.673690136534068,0.864951744320061,0.8852533054241679
380,0.0,37810.0,4000,744.1181789223159,747.3892026554561,699.1063200096463,702.4442298769467,3.2710237331401686,3.337909867300368,0.9799616715791383,0.018067724918348932,0.01721457053164216,0.017641147724995546,44.944972778509396,1918,1919,2000,2000,249,206,5334.135658191639,0.959,0.9595,0.870177267987487,0.8926524231370505,401042,371690,608092,550874,54150,42636,1272427.174170082,0.6595087585431152,0.6747277961929589,0.8649767356037522,0.8852915063628293,1918,1919,1737,1783,1669,249,14,68,1713,206,11,70,0.8415,0.862,0.870177267987487,0.8926524231370505,0.9608520437535981,0.9607403252944475,1918,1919,5334.135658191639,38000.0,0.6595087585431152,0.6747277961929589,0.8649767356037522,0.8852915063628293
381,0.0,37909.5,4000,747.4026559712421,750.6585359137498,702.4614312559053,705.8498945349228,3.255879942507704,3.3884632790175147,0.9608721341822382,0.018106112340040767,0.01725877545565297,0.01768244389784687,44.80864137882702,1918,1911,2000,2000,258,235,5342.084323509802,0.959,0.9555,0.8654848800834203,0.8770277341705913,402960,373601,610092,552874,54408,42871,1277769.2584935918,0.6604905489663854,0.6757434786226156,0.8649791542584873,0.885249236484913,1918,1911,1734,1761,1660,258,8,74,1676,235,4,85,0.834,0.84,0.8654848800834203,0.8770277341705913,0.9573241061130334,0.9517319704713231,1918,1911,5342.084323509802,38100.0,0.6604905489663854,0.6757434786226156,0.8649791542584873,0.885249236484913
382,0.0,38009.0,4000,750.6722737429777,753.8678318617558,705.8691742604317,709.2227768931292,3.195558118778081,3.353602632697516,0.9528732139048001,0.018142727123129823,0.017301890764884413,0.017722308944007118,44.645054968626596,1924,1923,2000,2000,285,218,5350.22681431367,0.962,0.9615,0.8518711018711018,0.8866354654186167,404884,375524,612092,554874,54693,43089,1283119.4853079054,0.6614757258712742,0.6767734656877057,0.8649168650774048,0.885256335147687,1924,1923,1710,1775,1639,285,5,71,1705,218,7,70,0.822,0.856,0.8518711018711018,0.8866354654186167,0.9584795321637427,0.9605633802816902,1924,1923,5350.22681431367,38200.0,0.6614757258712742,0.6767734656877057,0.8649168650774048,0.885256335147687
383,0.0,38108.5,4000,753.881922556655,757.1083656853972,709.2398338332135,712.5549347812965,3.2264431287421758,3.315100948083,0.9732563741710214,0.01817996631663709,0.01734371762680814,0.017761841971722616,44.55343090410065,1904,1924,2000,2000,251,231,5358.078372675608,0.952,0.962,0.868172268907563,0.8799376299376299,406788,377448,614092,556874,54944,43320,1288477.563680581,0.6624219172371566,0.6777978501420429,0.8649321022252378,0.8852292236281554,1904,1924,1737,1757,1653,251,12,84,1693,231,12,64,0.8325,0.8525,0.868172268907563,0.8799376299376299,0.9516407599309153,0.9635742743312464,1904,1924,5358.078372675608,38300.0,0.6624219172371566,0.6777978501420429,0.8649321022252378,0.8852292236281554
384,0.0,38208.0,4000,757.1248683637157,760.3500765539361,712.5718649852856,715.930386470853,3.225208190220428,3.358521485567394,0.9603059572732066,0.018217042208222383,0.017386454083237197,0.01780174814572979,44.41969008308308,1923,1909,2000,2000,258,228,5365.936108248695,0.9615,0.9545,0.8658346333853354,0.8805657412257727,408711,379357,616092,558874,55202,43548,1293843.4997888298,0.6633928049706862,0.6787880631412447,0.8649363486669064,0.8852057560556416,1923,1909,1737,1762,1665,258,5,72,1681,228,10,81,0.835,0.8455,0.8658346333853354,0.8805657412257727,0.9585492227979274,0.9540295119182747,1923,1909,5365.936108248695,38400.0,0.6633928049706862,0.6787880631412447,0.8649363486669064,0.8852057560556416
385,0.0,38307.5,4000,760.3622165794147,763.6169560346544,715.9468051852895,719.2930205007987,3.254739455239701,3.3462153155091983,0.9726628887730204,0.018254579227959943,0.01742863560587673,0.017841607416918336,44.323935533855774,1899,1918,2000,2000,242,234,5373.718423565014,0.9495,0.959,0.8725645076355977,0.8779979144942649,410610,381275,618092,560874,55444,43782,1299217.2182123947,0.664318580405506,0.6797872605968542,0.8649716275784808,0.8851694970821585,1899,1918,1741,1762,1657,242,17,84,1684,234,4,78,0.837,0.844,0.8725645076355977,0.8779979144942649,0.951751866743251,0.9557321225879682,1899,1918,5373.718423565014,38500.0,0.664318580405506,0.6797872605968542,0.8649716275784808,0.8851694970821585
386,0.0,38407.0,4000,763.6335692302268,766.8925868461336,719.3087738533305,722.6436951414998,3.259017615906714,3.334921288169312,0.9772397410002247,0.01829214847378075,0.017470288742667234,0.01788121860822399,44.24889170463371,1924,1905,2000,2000,265,202,5381.481344172247,0.962,0.9525,0.8622661122661123,0.8939632545931758,412534,383180,620092,562874,55709,43984,1304598.699556567,0.6652787005799139,0.6807562616144999,0.864959009439222,0.885213215721071,1924,1905,1725,1792,1659,265,10,66,1703,202,6,89,0.8345,0.8545,0.8622661122661123,0.8939632545931758,0.9617391304347827,0.9503348214285714,1924,1905,5381.481344172247,38600.0,0.6652787005799139,0.6807562616144999,0.864959009439222,0.885213215721071
387,0.0,38506.5,4000,766.9110899046863,770.1461432531717,722.6621615279807,726.0121521270536,3.235053348485394,3.3499905990728394,0.9656902766774164,0.018328953165244834,0.01751218610988395,0.017920569637564394,44.133991126118076,1904,1919,2000,2000,267,213,5389.176369579022,0.952,0.9595,0.8597689075630253,0.8890046899426784,414438,385099,622092,564874,55976,44197,1309987.875926146,0.666200497675585,0.6817431852059044,0.8649351652116842,0.8852321091459598,1904,1919,1725,1774,1637,267,8,88,1706,213,13,68,0.8225,0.8595,0.8597689075630253,0.8890046899426784,0.9489855072463768,0.9616685456595265,1904,1919,5389.176369579022,38700.0,0.666200497675585,0.6817431852059044,0.8649351652116842,0.8852321091459598
388,0.0,38606.0,4000,770.1626216860825,773.3759899881883,726.0307998493587,729.4073482262983,3.2133683021057777,3.3765483769395814,0.951672519799137,0.01836495706778329,0.01755455666370499,0.01795975686574414,43.96864176189001,1918,1906,2000,2000,278,207,5396.79027015729,0.959,0.953,0.8550573514077164,0.891395592864638,416356,387005,624092,566874,56254,44404,1315384.6661963034,0.6671388192766451,0.6827002120400654,0.8648896617317872,0.8852624643092466,1918,1906,1717,1783,1640,278,5,77,1699,207,10,84,0.8225,0.8545,0.8550573514077163,0.891395592864638,0.9551543389633081,0.9528883903533371,1918,1906,5396.79027015729,38800.0,0.6671388192766451,0.6827002120400654,0.8648896617317872,0.8852624643092466
389,0.0,38705.5,4000,773.3887185459342,776.6562712202109,729.4249530007687,732.7484116403019,3.267552674276658,3.3234586395332144,0.9831783779128334,0.018402072376915535,0.01759531778832281,0.01799869508261917,43.90785957990897,1918,1916,2000,2000,253,208,5404.376447375189,0.959,0.958,0.8680917622523462,0.8914405010438413,418274,388921,626092,568874,56507,44612,1320789.0426436786,0.6680711460935453,0.6836680881882455,0.8649043449987329,0.8852929001005345,1918,1916,1734,1787,1665,253,13,69,1708,208,5,79,0.839,0.8565,0.8680917622523462,0.8914405010438413,0.9602076124567474,0.9557918298824846,1918,1916,5404.376447375189,38900.0,0.6680711460935453,0.6836680881882455,0.8649043449987329,0.8852929001005345
390,0.0,38805.0,4000,776.6690278504494,779.9012157317179,732.7624530412501,736.1838948517463,3.232187881268487,3.421441810496276,0.9446859132172885,0.018438091281372342,0.01763829090197953,0.018038191091675936,43.71732087997157,1906,1910,2000,2000,270,195,5411.842460011602,0.953,0.955,0.8583420776495279,0.8979057591623036,420180,390831,628092,570874,56777,44807,1326200.8851036902,0.6689784299115417,0.6846186724215851,0.8648745775619973,0.8853545394300861,1906,1910,1719,1795,1636,270,11,83,1715,195,10,80,0.8235,0.8625,0.8583420776495279,0.8979057591623036,0.951716114019779,0.9554317548746518,1906,1910,5411.842460011602,39000.0,0.6689784299115417,0.6846186724215851,0.8648745775619973,0.8853545394300861
391,0.0,38904.5,4000,779.9160519419912,783.2166751457028,736.1992574071305,739.5616229004295,3.3006232037115524,3.3623654932989666,0.9816372462451023,0.018475729396099903,0.017679567090176082,0.01807764824313799,43.65505224527328,1913,1917,2000,2000,232,210,5419.4049506354995,0.9565,0.9585,0.8787245164662834,0.8904538341158059,422093,392748,630092,572874,57009,45017,1331620.2900543257,0.6698910635272309,0.6855748384461504,0.8649373479304324,0.8853794290486521,1913,1917,1751,1783,1681,232,17,70,1707,210,7,76,0.849,0.857,0.8787245164662834,0.8904538341158059,0.960022844089092,0.957375210319686,1913,1917,5419.4049506354995,39100.0,0.6698910635272309,0.6855748384461504,0.8649373479304324,0.8853794290486521
392,0.0,39004.0,4000,783.2344531405851,786.4684830657809,739.5804359531392,742.8908688565533,3.2340299251958413,3.310432903414153,0.9769205477206577,0.01851155171703021,0.017719395897500222,0.018115473807265216,43.57761420922759,1908,1901,2000,2000,258,218,5426.923833646335,0.954,0.9505,0.8647798742138365,0.8853235139400315,424001,394649,632092,574874,57267,45235,1337047.213887972,0.6707900115805927,0.686496519237259,0.864936639300379,0.8853791597090073,1908,1901,1734,1781,1650,258,8,84,1683,218,1,98,0.829,0.842,0.8647798742138365,0.8853235139400316,0.9515570934256056,0.9449747332959012,1908,1901,5426.923833646335,39200.0,0.6707900115805927,0.686496519237259,0.864936639300379,0.8853791597090073
393,0.0,39103.5,4000,786.4887757269914,789.6581144285798,742.9110251778029,746.3022009032726,3.1693387015883445,3.3911757254696795,0.9345840375610113,0.018545609635378706,0.01776111071828824,0.018153360176833472,43.35591352530719,1920,1924,2000,2000,254,209,5434.329859391549,0.96,0.962,0.8677083333333333,0.8913721413721414,425921,396573,634092,576874,57521,45444,1342481.5437473636,0.6717022135589158,0.6874516792228459,0.864949133759547,0.8854082350538236,1920,1924,1731,1783,1666,254,15,65,1715,209,8,68,0.8405,0.8615,0.8677083333333333,0.8913721413721414,0.9624494511842865,0.9618620302860348,1920,1924,5434.329859391549,39300.0,0.6717022135589158,0.6874516792228459,0.864949133759547,0.8854082350538236
394,0.0,39203.0,4000,789.675949109758,793.0066074726029,746.3180587367323,749.6493136283178,3.330658362844929,3.3312548915855587,0.9998209297216684,0.018583526693259043,0.01780098385669475,0.018192255274976896,43.357293844285095,1905,1916,2000,2000,238,222,5441.679671952427,0.9525,0.958,0.8750656167979003,0.884133611691023,427826,398489,636092,578874,57759,45666,1347923.223419316,0.6725850977531552,0.6883864191516634,0.8649941798768659,0.8854021064571418,1905,1916,1744,1771,1667,238,18,77,1694,222,7,77,0.8425,0.8505,0.8750656167979003,0.884133611691023,0.955848623853211,0.9565217391304348,1905,1916,5441.679671952427,39400.0,0.6725850977531552,0.6883864191516634,0.8649941798768659,0.8854021064571418
395,0.0,39302.5,4000,793.0234967437895,796.2801830067788,749.666736884434,753.0425218187223,3.2566862629893194,3.3757849342882764,0.9647197100475043,0.01861935512021727,0.017841822079599435,0.01823058859990835,43.23766118805645,1927,1927,2000,2000,256,194,5448.897299782347,0.9635,0.9635,0.8671510119356513,0.8993253762324858,429753,400416,638092,580874,58015,45860,1353372.1207190985,0.6734969252082772,0.6893336592789486,0.8650038510493236,0.8854691121233916,1927,1927,1736,1795,1671,256,8,65,1733,194,11,62,0.8395,0.872,0.8671510119356513,0.8993253762324858,0.9625576036866359,0.9654596100278552,1927,1927,5448.897299782347,39500.0,0.6734969252082772,0.6893336592789486,0.8650038510493236,0.8854691121233916
396,0.0,39402.0,4000,796.2973385212429,799.5156362040372,753.0603876971663,756.4585313058275,3.2182976827942866,3.398143608661144,0.9470752426682415,0.0186540399102485,0.01788302983917381,0.018268534874711154,43.05710489820967,1907,1915,2000,2000,257,209,5456.140470214928,0.9535,0.9575,0.865233350812795,0.8908616187989556,431660,402331,640092,582874,58272,46069,1358828.2611893134,0.6743718090524488,0.6902538112868304,0.8650048649399991,0.8854947791743614,1907,1915,1726,1782,1650,257,17,76,1706,209,9,76,0.8335,0.8575,0.865233350812795,0.8908616187989556,0.9559675550405562,0.957351290684624,1907,1915,5456.140470214928,39600.0,0.6743718090524488,0.6902538112868304,0.8650048649399991,0.8854947791743614
397,0.0,39501.5,4000,799.5305558037273,802.8452657630579,756.4769440628976,759.8766453724488,3.314709959330571,3.399701309551233,0.9750003478300037,0.018690922166369302,0.017924083015060557,0.01830750259071493,42.96862039060909,1924,1921,2000,2000,229,197,5463.398691425782,0.962,0.9605,0.8809771309771309,0.8974492451847996,433584,404252,642092,584874,58501,46266,1364291.6598807392,0.6752677186446802,0.6911779289214429,0.8650757408022436,0.8855515866340797,1924,1921,1762,1790,1695,229,9,67,1724,197,13,66,0.852,0.8685,0.8809771309771309,0.8974492451847996,0.9619750283768445,0.9631284916201117,1924,1921,5463.398691425782,39700.0,0.6752677186446802,0.6911779289214429,0.8650757408022436,0.8855515866340797
398,0.0,39601.0,4000,802.859783071384,806.0615112076748,759.8948257819094,763.293620627408,3.2017281362908534,3.398794845498628,0.9420186512672954,0.018724770237424075,0.017964901280222698,0.018344835758823386,42.767890580266794,1914,1905,2000,2000,254,192,5470.561396793949,0.957,0.9525,0.8672936259143156,0.8992125984251969,435498,406157,644092,586874,58755,46458,1369762.221277533,0.6761425386435478,0.6920684848877272,0.8650854883374894,0.8856156609389965,1914,1905,1733,1801,1660,254,13,73,1713,192,7,88,0.8365,0.86,0.8672936259143156,0.8992125984251969,0.9578765147143682,0.9511382565241533,1914,1905,5470.561396793949,39800.0,0.6761425386435478,0.6920684848877272,0.8650854883374894,0.8856156609389965
399,0.0,39700.5,4000,806.0780577421766,809.3262919021702,763.3098224767014,766.6976570303807,3.248234159993558,3.3878345536793404,0.9587936212722755,0.018759665066265002,0.01800519066054727,0.018382427863406138,42.62863487178947,1924,1919,2000,2000,264,209,5477.721116695018,0.962,0.9595,0.8627858627858628,0.8910891089108911,437422,408076,646092,588874,59019,46667,1375239.9423942282,0.6770274202435567,0.6929767658276643,0.8650753734380072,0.8856414001313481,1924,1919,1727,1774,1660,264,9,67,1710,209,17,64,0.8345,0.8635,0.8627858627858628,0.8910891089108911,0.9612044006948466,0.963923337091319,1924,1919,5477.721116695018,39900.0,0.6770274202435567,0.6929767658276643,0.8650753734380072,0.8856414001313481
400,0.0,39800.0,4000,809.3409590882505,812.5873957873407,766.7181100260805,770.0278875730694,3.246436699090168,3.3097775469889257,0.980862506014526,0.0187942935007286,0.01804343344746312,0.01841886347409586,42.55950821427132,1912,1906,2000,2000,258,223,5484.923376838426,0.956,0.953,0.8650627615062761,0.8830010493179433,439334,409982,648092,590874,59277,46890,1380724.8657710666,0.6778883244971393,0.6938568967326367,0.8650753185503512,0.8856291251811055,1912,1906,1727,1769,1654,258,15,73,1683,223,8,86,0.8345,0.8455,0.8650627615062761,0.8830010493179433,0.9577301679212508,0.9513849632560769,1912,1906,5484.923376838426,40000.0,0.6778883244971393,0.6938568967326367,0.8650753185503512,0.8856291251811055
401,0.0,39899.5,4000,812.60359859727,815.8811948552203,770.0455019364309,773.4081734906626,3.2775962579503357,3.3626715542317243,0.9747000874425793,0.018829564566010565,0.01808273376100045,0.018456149163505506,42.47302136455767,1921,1915,2000,2000,253,197,5492.049012298886,0.9605,0.9575,0.8682977615825092,0.8971279373368146,441255,411897,650092,592874,59530,47087,1386216.9147833656,0.678757775822499,0.6947462698650978,0.865089347429491,0.8856825856949674,1921,1915,1739,1793,1668,253,8,71,1718,197,10,75,0.838,0.864,0.8682977615825092,0.8971279373368146,0.9591719378953422,0.9581706636921361,1921,1915,5492.049012298886,40100.0,0.678757775822499,0.6947462698650978,0.865089347429491,0.8856825856949674
402,0.0,39999.0,4000,815.8956461905261,819.1542516359668,773.4240145976277,776.7945975027264,3.2586054454407076,3.370582905098786,0.9667780135333012,0.018864144176063937,0.01812199123950701,0.01849306770778547,42.35965413324038,1922,1922,2000,2000,264,207,5499.086596424633,0.961,0.961,0.8626430801248699,0.8922996878251821,443177,413819,652092,594874,59794,47294,1391716.0013797903,0.6796234273691443,0.6956414299498718,0.865078738291924,0.8857133191081125,1922,1922,1728,1787,1658,264,8,70,1715,207,6,72,0.833,0.8605,0.8626430801248699,0.8922996878251821,0.9594907407407407,0.9597090095131505,1922,1922,5499.086596424633,40200.0,0.6796234273691443,0.6956414299498718,0.865078738291924,0.8857133191081125
403,0.0,40098.5,4000,819.1639219064776,822.484760112831,776.80937873825,780.1451263076176,3.3208382063534145,3.3357475693676406,0.9955304282760663,0.01889997777554924,0.018160163191887665,0.018530070483718453,42.33963380521345,1922,1919,2000,2000,245,232,5506.140983992891,0.961,0.9595,0.872528616024974,0.8791036998436685,445099,415738,654092,596874,60039,47526,1397222.1423637832,0.680483785155605,0.6965255648595851,0.8651109079103749,0.8856828098465861,1922,1919,1746,1758,1677,245,9,69,1687,232,10,71,0.843,0.8485,0.872528616024974,0.8791036998436685,0.9604810996563574,0.959613196814562,1922,1919,5506.140983992891,40300.0,0.680483785155605,0.6965255648595851,0.8651109079103749,0.8856828098465861
404,0.0,40198.0,4000,822.4971526664494,825.6918971195134,780.1654487395108,783.4959774775267,3.194744453064004,3.3305287380159143,0.9592304118556261,0.018932580231715762,0.018198154153539158,0.018565367192627462,42.195919641986734,1898,1928,2000,2000,257,226,5513.204253999308,0.949,0.964,0.8645943097997892,0.8827800829875518,446997,417666,656092,598874,60296,47752,1402735.3466177825,0.6813023173579316,0.6974188226571867,0.8651087143761591,0.8856694104858907,1898,1928,1735,1765,1641,257,8,94,1702,226,9,63,0.8245,0.8555,0.8645943097997892,0.8827800829875518,0.945821325648415,0.9643059490084985,1898,1928,5513.204253999308,40400.0,0.6813023173579316,0.6974188226571867,0.8651087143761591,0.8856694104858907
405,0.0,40297.5,4000,825.7063201158668,829.0405592007577,783.5163320841906,786.8815414374928,3.3342390848908963,3.365209353302248,0.9907969266812595,0.018968516134384224,0.01823681461143082,0.01860266537290752,42.15901776326484,1932,1929,2000,2000,254,217,5520.15311244656,0.966,0.9645,0.8685300207039337,0.8875064800414723,448929,419595,658092,600874,60550,47969,1408255.4997302291,0.6821675388851407,0.6983077983071326,0.8651234382274258,0.8856778560278363,1932,1929,1736,1774,1678,254,10,58,1712,217,9,62,0.844,0.8605,0.8685300207039337,0.8875064800414723,0.966589861751152,0.9650507328072153,1932,1929,5520.15311244656,40500.0,0.6821675388851407,0.6983077983071326,0.8651234382274258,0.8856778560278363
406,0.0,40397.0,4000,829.0594094114919,832.3310928232538,786.9008050232925,790.2806477010685,3.2716834117619555,3.3798426777759687,0.9679987276552218,0.019002843277464463,0.018275618177993197,0.01863923072772883,42.05044512218535,1914,1916,2000,2000,253,214,5527.075834181982,0.957,0.958,0.867816091954023,0.8883089770354906,450843,421511,660092,602874,60803,48183,1413782.5755644112,0.683000248450216,0.6991693123272856,0.8651348695665675,0.8856898159241395,1914,1916,1741,1775,1661,253,6,80,1702,214,11,73,0.8335,0.8565,0.867816091954023,0.8883089770354906,0.9540493968983343,0.9588732394366197,1914,1916,5527.075834181982,40600.0,0.683000248450216,0.6991693123272856,0.8651348695665675,0.8856898159241395
407,0.0,40496.5,4000,832.3502441999522,835.6230810035239,790.300585104462,793.6159741496392,3.2728368035717494,3.3153890451771986,0.987165234298114,0.019037037475315165,0.018312663992017066,0.018674850733666114,42.00710685388469,1932,1895,2000,2000,237,235,5533.985090811965,0.966,0.9475,0.8773291925465838,0.8759894459102903,452775,423406,662092,604874,61040,48418,1419316.5606552232,0.6838551137908327,0.6999904112261397,0.8651869029871349,0.8856464008540266,1932,1895,1753,1751,1695,237,10,58,1660,235,14,91,0.8525,0.837,0.8773291925465838,0.8759894459102903,0.9669138619509412,0.9480296973158195,1932,1895,5533.985090811965,40700.0,0.6838551137908327,0.6999904112261397,0.8651869029871349,0.8856464008540266
408,0.0,40596.0,4000,835.6398827832758,838.891256668557,793.6338503978114,797.054809783877,3.251373885281282,3.420959386065533,0.9504275024500386,0.01907048041446962,0.018352065198758146,0.01871127280661388,41.83644688468007,1928,1913,2000,2000,264,202,5540.8546658639925,0.964,0.9565,0.8630705394190872,0.8944066910611604,454703,425319,664092,606874,61304,48620,1424857.4153210872,0.68469880679183,0.700835758328747,0.8651779293296944,0.8856858028914767,1928,1913,1726,1789,1664,264,10,62,1711,202,9,78,0.837,0.86,0.8630705394190872,0.8944066910611604,0.9640787949015064,0.956400223588597,1928,1913,5540.8546658639925,40800.0,0.68469880679183,0.700835758328747,0.8651779293296944,0.8856858028914767
409,0.0,40695.5,4000,838.9121363930396,842.1290178460762,797.0726369869689,800.3930513343389,3.2168814530365353,3.320414347370047,0.968819284733089,0.019103016187967715,0.01838881422151086,0.01874591520473929,41.735966511737274,1923,1930,2000,2000,261,230,5547.694024940243,0.9615,0.965,0.8642745709828393,0.8808290155440415,456626,427249,666092,608874,61565,48850,1430405.1093460275,0.685529926796899,0.7017034723111842,0.8651741249950725,0.885663863461354,1923,1930,1728,1764,1662,261,11,66,1700,230,6,64,0.8365,0.853,0.8642745709828393,0.8808290155440415,0.9618055555555556,0.963718820861678,1923,1930,5547.694024940243,40900.0,0.685529926796899,0.7017034723111842,0.8651741249950725,0.885663863461354
410,0.0,40795.0,4000,842.1455788718476,845.4676627215501,800.4096559547344,803.7699088244202,3.3220838497024943,3.360252869685837,0.988641027487044,0.019137853828374476,0.018426325832923793,0.018782089830649135,41.69775389712993,1933,1918,2000,2000,242,205,5554.368569026251,0.9665,0.959,0.8748060010346611,0.8931178310740354,458559,429167,668092,610874,61807,49055,1435959.4779150537,0.6863710387192183,0.702545860521155,0.8652147270035044,0.8856971761575331,1933,1918,1756,1787,1691,242,2,65,1713,205,8,74,0.8465,0.8605,0.8748060010346611,0.8931178310740354,0.9629840546697038,0.9585898153329603,1933,1918,5554.368569026251,41000.0,0.6863710387192183,0.702545860521155,0.8652147270035044,0.8856971761575331
411,0.0,40894.5,4000,845.4914447435215,848.821170028288,803.784437942811,807.1843260864966,3.329725284766482,3.3998881436856436,0.9793631860949692,0.019172883558883,0.01846456876914725,0.018818726164015125,41.63684394179131,1906,1919,2000,2000,242,211,5561.127625726115,0.953,0.9595,0.8730325288562435,0.8900468994267848,460465,431086,670092,612874,62049,49266,1441520.60554078,0.6871668367925599,0.7033843824342361,0.8652470871836079,0.8857165391592396,1906,1919,1742,1775,1664,242,16,78,1708,211,14,67,0.84,0.861,0.8730325288562435,0.8900468994267848,0.9552238805970149,0.9622535211267605,1906,1919,5561.127625726115,41100.0,0.6871668367925599,0.7033843824342361,0.8652470871836079,0.8857165391592396
412,0.0,40994.0,4000,848.8369383408384,852.18025203622,807.2028600267341,810.6089516228838,3.343313695381653,3.406091596149622,0.9815689334840743,0.01920787855043746,0.01850287383369755,0.018855376192067508,41.5713004133363,1924,1917,2000,2000,252,215,5567.955610431127,0.962,0.9585,0.869022869022869,0.8878455920709442,462389,433003,672092,614874,62301,49481,1447088.561151211,0.687984680668718,0.7042141967297365,0.8652627982067047,0.8857259649471251,1924,1917,1740,1774,1672,252,8,68,1702,215,11,72,0.84,0.8565,0.8690228690228691,0.8878455920709442,0.960919540229885,0.9594137542277339,1924,1917,5567.955610431127,41200.0,0.687984680668718,0.7042141967297365,0.8652627982067047,0.8857259649471251
413,0.0,41093.5,4000,852.1959506949966,855.4691477780544,810.623507485132,813.949322647086,3.2731970830578803,3.325815161953983,0.984178892592098,0.01924100464939123,0.0185389533407395,0.018889978995065365,41.51982513096846,1930,1926,2000,2000,250,228,5574.746238561366,0.965,0.963,0.8704663212435233,0.881619937694704,464319,434929,674092,616874,62551,49709,1452663.3073897723,0.6888065723966461,0.7050532199444295,0.8652844273010581,0.8857077821897367,1930,1926,1741,1764,1680,250,9,61,1698,228,8,66,0.8445,0.853,0.8704663212435233,0.881619937694704,0.9649626651349799,0.9625850340136054,1930,1926,5574.746238561366,41300.0,0.6888065723966461,0.7050532199444295,0.8652844273010581,0.8857077821897367
414,0.0,41193.0,4000,855.4862244937038,858.749272655733,813.9636452198265,817.3010961726384,3.263048162029122,3.337450952811878,0.9777067013613878,0.019273758862259332,0.018575133973383905,0.01892444641782162,41.448176483094585,1926,1927,2000,2000,248,241,5581.434927089688,0.963,0.9635,0.8712357217030114,0.8749351323300467,466245,436856,676092,618874,62799,49950,1458244.7423168619,0.6896176851671074,0.705888436095231,0.8653090113566901,0.8856602633362023,1926,1927,1739,1750,1678,248,13,61,1686,241,9,64,0.8455,0.8475,0.8712357217030114,0.8749351323300467,0.9649223691776884,0.9634285714285714,1926,1927,5581.434927089688,41400.0,0.6896176851671074,0.705888436095231,0.8653090113566901,0.8856602633362023
415,0.0,41292.5,4000,858.7692049552851,862.0967355157595,817.3163208497359,820.7198416052164,3.327530560474429,3.4035207554804856,0.9776730625533298,0.019307977825483442,0.018612754022425824,0.018960365923954635,41.37689391054312,1941,1948,2000,2000,230,228,5588.113711877148,0.9705,0.974,0.8815043791859866,0.8829568788501027,468186,438804,678092,620874,63029,50178,1463832.8560287391,0.6904461341528878,0.7067520946278956,0.865376153921732,0.885648262094238,1941,1948,1764,1768,1711,230,6,53,1720,228,4,48,0.8585,0.862,0.8815043791859866,0.8829568788501027,0.969954648526077,0.9728506787330317,1941,1948,5588.113711877148,41500.0,0.6904461341528878,0.7067520946278956,0.865376153921732,0.885648262094238
416,0.0,41392.0,4000,862.1165735479891,865.3703763478103,820.7378145069616,824.0831116096268,3.2538027998211874,3.3452971026651994,0.9726498723323801,0.0193402577064811,0.018648859661901013,0.018994558684191056,41.28726473818347,1932,1947,2000,2000,243,243,5594.766341751628,0.966,0.9735,0.8742236024844721,0.8751926040061633,470118,440751,680092,622874,63272,50421,1469427.6223704908,0.6912564770648677,0.7076086014185855,0.865412513454069,0.8856020746407836,1932,1947,1745,1749,1689,243,12,56,1704,243,8,45,0.8505,0.856,0.8742236024844721,0.8751926040061633,0.9679083094555874,0.9742710120068611,1932,1947,5594.766341751628,41600.0,0.6912564770648677,0.7076086014185855,0.865412513454069,0.8856020746407836
417,0.0,41491.5,4000,865.3834967856803,868.6271299159062,824.0941201274768,827.495935289901,3.243633130225817,3.4018151624242137,0.953500697525943,0.019371977797546992,0.01868598047039224,0.019028979133969615,41.13119462600514,1939,1919,2000,2000,270,217,5601.409211500288,0.9695,0.9595,0.8607529654461062,0.8869202709744659,472057,442670,682092,624874,63542,50638,1475029.0315819911,0.6920723304187705,0.7084148164269917,0.8653933741052457,0.8856077890979737,1939,1919,1723,1773,1669,270,7,54,1702,217,10,71,0.838,0.856,0.8607529654461062,0.8869202709744659,0.9686593151479976,0.9599548787366047,1939,1919,5601.409211500288,41700.0,0.6920723304187705,0.7084148164269917,0.8653933741052457,0.8856077890979737
418,0.0,41591.0,4000,868.6440049385521,871.9882748645654,827.5132092261819,830.9054524761822,3.344269926013226,3.3922432500003197,0.9858579351622,0.01940604351929112,0.018722844564632475,0.019064444041961795,41.08282238838319,1932,1943,2000,2000,246,218,5608.007606566396,0.966,0.9715,0.8726708074534162,0.8878023674729799,473989,444613,684092,626874,63788,50856,1480637.0391885575,0.6928731808002433,0.7092541722898063,0.8654230372434804,0.8856173796087834,1932,1943,1742,1777,1686,246,12,56,1725,218,5,52,0.849,0.865,0.8726708074534162,0.8878023674729799,0.9678530424799081,0.9707371975239167,1932,1943,5608.007606566396,41800.0,0.6928731808002433,0.7092541722898063,0.8654230372434804,0.8856173796087834
419,0.0,41690.5,4000,872.0016420539079,875.3401336688615,830.9233741762258,834.2734739809741,3.338491614953682,3.350099804748311,0.9965349719497384,0.01943972500980107,0.0187585423462155,0.019099133678008286,41.06665968788741,1947,1942,2000,2000,256,233,5614.5894677771275,0.9735,0.971,0.8685156651258346,0.880020597322348,475936,446555,686092,628874,64044,51089,1486251.6286563347,0.6936912250835165,0.7100865992233738,0.8654356888321119,0.8855930400510575,1947,1942,1741,1761,1691,256,3,50,1709,233,6,52,0.847,0.8575,0.8685156651258347,0.880020597322348,0.9712808730614589,0.9704713231118682,1947,1942,5614.5894677771275,41900.0,0.6936912250835165,0.7100865992233738,0.8654356888321119,0.8855930400510575
420,0.0,41790.0,4000,875.3546575980796,878.7006233655817,834.2910977861283,837.694032849149,3.3459657675020935,3.4029350630207773,0.98325877677251,0.019473451609699644,0.01879532102796677,0.019134386318833206,41.00659051643265,1942,1938,2000,2000,240,206,5621.118364002322,0.971,0.969,0.8764160659114315,0.8937048503611971,477878,448493,688092,630874,64284,51295,1491872.747020337,0.6944972474610953,0.7109074078183599,0.8654803108743235,0.8856280923002142,1942,1938,1754,1786,1702,240,6,52,1732,206,8,54,0.854,0.87,0.8764160659114315,0.8937048503611971,0.9703534777651083,0.9697648376259799,1942,1938,5621.118364002322,42000.0,0.6944972474610953,0.7109074078183599,0.8654803108743235,0.8856280923002142
421,0.0,41889.5,4000,878.7211787340007,882.0826556624545,837.712634202128,841.1033590849145,3.3614769284538397,3.390724882786458,0.9913741293252366,0.019507529688937243,0.01883165818076888,0.01916959393485306,40.979296577540026,1946,1936,2000,2000,264,232,5627.68596404348,0.973,0.968,0.8643371017471737,0.8801652892561983,479824,450429,690092,632874,64548,51527,1497500.4329843805,0.6953043941967157,0.7117198684098257,0.8654756744139518,0.8856046124916468,1946,1936,1728,1764,1682,264,8,46,1704,232,4,60,0.845,0.854,0.8643371017471737,0.8801652892561983,0.9733796296296297,0.9659863945578231,1946,1936,5627.68596404348,42100.0,0.6953043941967157,0.7117198684098257,0.8654756744139518,0.8856046124916468
422,0.0,41989.0,4000,882.0951554236477,885.4192506883995,841.1269424064799,844.4238771674146,3.3240952647518043,3.2969347609347324,1.0082381077535703,0.019540369548109074,0.01886571866096848,0.019203044104538776,40.99537352098491,1947,1943,2000,2000,222,236,5634.168224717652,0.9735,0.9715,0.8859784283513097,0.8785383427689141,481771,452372,692092,634874,64770,51763,1503134.6012090982,0.6961083208590766,0.7125382359334294,0.865558532995967,0.8855742618906564,1947,1943,1772,1761,1725,222,6,47,1707,236,3,54,0.8655,0.855,0.8859784283513097,0.8785383427689141,0.9734762979683973,0.969335604770017,1947,1943,5634.168224717652,42200.0,0.6961083208590766,0.7125382359334294,0.865558532995967,0.8855742618906564
423,0.0,42088.5,4000,885.4386191563489,888.6922003929279,844.439397930216,847.87227132407,3.253581236579066,3.4328733938539244,0.9477719866989981,0.019571549518551567,0.018902641173747643,0.019237095346149605,40.81992906885796,1939,1925,2000,2000,259,200,5640.510262952552,0.9695,0.9625,0.8664259927797834,0.8961038961038961,483710,454297,694092,636874,65029,51963,1508775.111472051,0.6968960887029385,0.7133232005074788,0.8655620102954249,0.8856188792794142,1939,1925,1731,1797,1680,259,10,51,1725,200,3,72,0.845,0.864,0.8664259927797834,0.8961038961038961,0.9705372616984402,0.9599332220367279,1939,1925,5640.510262952552,42300.0,0.6968960887029385,0.7133232005074788,0.8655620102954249,0.8856188792794142
424,0.0,42188.0,4000,888.7062040233587,891.9934357924456,847.8869867883346,851.3067655720903,3.287231769086816,3.419778783755646,0.9612410559131941,0.019603249529109645,0.01893906169569683,0.019271155612403237,40.68667022035527,1938,1937,2000,2000,267,200,5646.856170070498,0.969,0.9685,0.8622291021671826,0.8967475477542591,485648,456234,696092,638874,65296,52163,1514421.9676421215,0.6976778931520546,0.7141220334526057,0.8655487101769183,0.8856661274696757,1938,1937,1726,1792,1671,267,7,55,1737,200,8,55,0.839,0.8725,0.8622291021671826,0.8967475477542591,0.9681344148319815,0.9693080357142857,1938,1937,5646.856170070498,42400.0,0.6976778931520546,0.7141220334526057,0.8655487101769183,0.8856661274696757
425,0.0,42287.5,4000,892.0111653028016,895.3622343815877,851.3236023553437,854.7291601145066,3.351069078786054,3.405557759162889,0.9840000715799844,0.01963639008525626,0.018975026127999103,0.019305708106627684,40.63307426708104,1937,1934,2000,2000,248,229,5653.198522754033,0.9685,0.967,0.8719669592152813,0.8815925542916235,487585,458168,698092,640874,65544,52392,1520075.1661648755,0.6984537854609421,0.7149111993933285,0.865574207574064,0.8856489322693859,1937,1934,1745,1766,1689,248,7,56,1705,229,5,61,0.848,0.855,0.8719669592152813,0.8815925542916235,0.9679083094555874,0.9654586636466591,1937,1934,5653.198522754033,42500.0,0.6984537854609421,0.7149111993933285,0.865574207574064,0.8856489322693859
426,0.0,42387.0,4000,895.3768215082189,898.6984155691358,854.7481079148737,858.1455873094081,3.3215940609169365,3.3974793945344572,0.9776642255021185,0.019668609385233314,0.019010681634621208,0.019339645509927263,40.552828259727676,1957,1937,2000,2000,250,222,5659.495471638316,0.9785,0.9685,0.8722534491568728,0.8853897780072276,489542,460105,700092,642874,65794,52614,1525734.661636514,0.6992538123560903,0.7157001216412547,0.865600908604369,0.8856478412536268,1957,1937,1742,1774,1707,250,8,35,1715,222,4,59,0.8575,0.8595,0.8722534491568728,0.8853897780072276,0.9799081515499426,0.9667418263810598,1957,1937,5659.495471638316,42600.0,0.6992538123560903,0.7157001216412547,0.865600908604369,0.8856478412536268
427,0.0,42486.5,4000,898.7168969963308,901.9733015347819,858.1661085639665,861.4792039233822,3.256404538451079,3.3130953594156836,0.9828888653012986,0.01969924228984977,0.0190442307786613,0.019371736534255536,40.49409761139964,1938,1944,2000,2000,262,247,5665.749757400216,0.969,0.972,0.8648090815273478,0.8729423868312758,491480,462049,702092,644874,66056,52861,1531400.4113939141,0.7000222193102899,0.7164950052258271,0.8655977862781802,0.8855943850111135,1938,1944,1726,1748,1676,262,12,50,1697,247,5,51,0.844,0.851,0.8648090815273478,0.8729423868312757,0.9710312862108922,0.9708237986270023,1938,1944,5665.749757400216,42700.0,0.7000222193102899,0.7164950052258271,0.8655977862781802,0.8855943850111135
428,0.0,42586.0,4000,901.9863940866596,905.2859470104639,861.4952544046062,864.8946231935151,3.299552923804299,3.399368788908987,0.9706369413550087,0.01973061428159503,0.01907953442801333,0.01940507435480418,40.391323816948784,1948,1933,2000,2000,247,203,5671.979851910775,0.974,0.9665,0.8732032854209446,0.8949818934299018,493428,463982,704092,646874,66303,53064,1537072.391245825,0.7008004635757827,0.7172679687234299,0.8656278119604076,0.8856334944028001,1948,1933,1750,1787,1701,247,3,49,1730,203,10,57,0.852,0.87,0.8732032854209446,0.8949818934299018,0.972,0.9681029658645776,1948,1933,5671.979851910775,42800.0,0.7008004635757827,0.7172679687234299,0.8656278119604076,0.8856334944028001
429,0.0,42685.5,4000,905.2989965034865,908.6223201252479,864.9146719599838,868.248565795155,3.3233236217614603,3.333893835171125,0.9968294691036189,0.019762393108789075,0.019113240469011895,0.019437816788900483,40.37375433009299,1935,1936,2000,2000,244,234,5678.082026984987,0.9675,0.968,0.8739018087855297,0.8791322314049587,495363,465918,706092,648874,66547,53298,1542750.47327281,0.7015558879012933,0.7180407906619776,0.8656601320647687,0.885606480110234,1935,1936,1744,1756,1691,244,12,53,1702,234,10,54,0.8515,0.856,0.8739018087855297,0.8791322314049587,0.9696100917431193,0.969248291571754,1935,1936,5678.082026984987,42900.0,0.7015558879012933,0.7180407906619776,0.8656601320647687,0.885606480110234
430,0.0,42785.0,4000,908.6365685470523,911.9063322406491,868.264914961363,871.6844208848346,3.269763693596815,3.4195059234715472,0.9562093959694881,0.019792806429824478,0.019148694679309068,0.019470750554566773,40.22191135581454,1933,1950,2000,2000,251,238,5684.205943564837,0.9665,0.975,0.8701500258665287,0.877948717948718,497296,467868,708092,650874,66798,53536,1548434.6792163749,0.7023042203555471,0.7188303726988634,0.865677584376307,0.8855745637658485,1933,1950,1736,1757,1682,251,13,54,1712,238,5,45,0.8475,0.8585,0.8701500258665287,0.877948717948718,0.9688940092165899,0.9743881616391576,1933,1950,5684.205943564837,43000.0,0.7023042203555471,0.7188303726988634,0.865677584376307,0.8855745637658485
431,0.0,42884.5,4000,911.9260211290757,915.1774321288137,871.7022293226669,875.1104438029423,3.2514109997380274,3.408214480275433,0.9539924844974154,0.01982277903412105,0.019183756244278368,0.01950326763919971,40.06698832587142,1937,1936,2000,2000,272,238,5690.31912252403,0.9685,0.968,0.8595766649457924,0.8770661157024793,499233,469804,710092,652874,67070,53774,1554124.9983388989,0.7030539704714319,0.7195936735112748,0.8656539131026996,0.885539501579382,1937,1936,1721,1757,1665,272,7,56,1698,238,5,59,0.836,0.8515,0.8595766649457924,0.8770661157024794,0.9674607786170831,0.9664200341491178,1937,1936,5690.31912252403,43100.0,0.7030539704714319,0.7195936735112748,0.8656539131026996,0.885539501579382
432,0.0,42984.0,4000,915.1947247592183,918.5538698458945,875.132097538344,878.525144733822,3.3591450866762216,3.3930471954779478,0.9900083591979183,0.019855051252030045,0.01921839340414994,0.019536722328089992,40.02872511207249,1933,1948,2000,2000,231,212,5696.322214267293,0.9665,0.974,0.8804966373512675,0.891170431211499,501166,471752,712092,654874,67301,53986,1559821.320553166,0.7037938918004977,0.720370636183449,0.8657111615712159,0.8855627533110617,1933,1948,1766,1781,1702,231,3,64,1736,212,7,45,0.8525,0.8715,0.8804966373512675,0.891170431211499,0.9637599093997735,0.9747332959011791,1933,1948,5696.322214267293,43200.0,0.7037938918004977,0.720370636183449,0.8657111615712159,0.8855627533110617
433,0.0,43083.5,4000,918.5699592177268,921.9438926273094,878.5392100235789,881.9511302372015,3.3739334095826052,3.4119202136225795,0.9888664442127614,0.019887488149402142,0.01925313119082348,0.019570309670112813,39.99276239010794,1924,1944,2000,2000,246,231,5702.289159451475,0.962,0.972,0.8721413721413721,0.8811728395061729,503090,473696,714092,656874,67547,54217,1565523.6097126175,0.7045170650280356,0.7211367781340104,0.8657357530461747,0.8855447375531986,1924,1944,1747,1762,1678,246,7,69,1713,231,7,49,0.8425,0.86,0.8721413721413721,0.8811728395061729,0.9605037206639955,0.9721906923950057,1924,1944,5702.289159451475,43300.0,0.7045170650280356,0.7211367781340104,0.8657357530461747,0.8855447375531986
434,0.0,43183.0,4000,921.9596582460205,925.2673517070732,881.970041823233,885.4211308973829,3.307693461052736,3.451089074149877,0.9584491706773856,0.019918241842140014,0.01928872306965065,0.019603482455895334,39.846220809690294,1932,1945,2000,2000,262,210,5708.309441625278,0.966,0.9725,0.8643892339544513,0.8920308483290489,505022,475641,716092,658874,67809,54427,1571231.9191542428,0.7052473704496071,0.7218997866056333,0.8657306018351676,0.885571260677696,1932,1945,1731,1783,1670,262,7,61,1735,210,7,48,0.8385,0.871,0.8643892339544513,0.8920308483290489,0.9647602541883304,0.9730790802019069,1932,1945,5708.309441625278,43400.0,0.7052473704496071,0.7218997866056333,0.8657306018351676,0.885571260677696
435,0.0,43282.5,4000,925.2820140550836,928.6156984114447,885.4339602109185,888.822319284255,3.3336843563611183,3.38835907333646,0.983863954264592,0.01994942626789076,0.019322569416315178,0.01963599784210297,39.79337912718972,1934,1922,2000,2000,246,227,5714.3547188498915,0.967,0.961,0.8728024819027922,0.8818938605619147,506956,477563,718092,660874,68055,54654,1576946.2738730928,0.7059763929969975,0.7226233745010395,0.865757580539534,0.8855564606135735,1934,1922,1748,1764,1688,246,6,60,1695,227,9,69,0.847,0.852,0.8728024819027922,0.8818938605619147,0.965675057208238,0.9608843537414966,1934,1922,5714.3547188498915,43500.0,0.7059763929969975,0.7226233745010395,0.865757580539534,0.8855564606135735
436,0.0,43382.0,4000,928.635354205541,931.9577510589108,888.8428086409373,892.1948836407664,3.32239685336981,3.352074999829142,0.9911463357887741,0.01998032328671363,0.019355603990050957,0.019667963638382295,39.762867418144424,1939,1931,2000,2000,250,252,5720.269149293668,0.9695,0.9655,0.8710675605982465,0.8694976696012429,508895,479494,720092,662874,68305,54906,1582666.5430223865,0.7067083094937869,0.7233561732697315,0.865777812711856,0.8854917892611796,1939,1931,1744,1742,1689,250,6,55,1679,252,6,63,0.8475,0.8425,0.8710675605982465,0.8694976696012429,0.9684633027522935,0.9638346727898967,1939,1931,5720.269149293668,43600.0,0.7067083094937869,0.7233561732697315,0.865777812711856,0.8854917892611796
437,0.0,43481.5,4000,931.9720778175819,935.2472765951879,892.2140649925896,895.6114014253856,3.2751987776060787,3.39733643279601,0.9640489961456623,0.020009876907024972,0.01938949317507645,0.019699685041050713,39.635875169802375,1946,1935,2000,2000,241,205,5726.113478110559,0.973,0.9675,0.8761562178828366,0.8940568475452196,510841,481429,722092,664874,68546,55111,1588392.6565004971,0.707445865623771,0.7240905795684596,0.8658173482551322,0.8855262146650908,1946,1935,1753,1785,1705,241,6,48,1730,205,10,55,0.8555,0.87,0.8761562178828366,0.8940568475452196,0.9726183685111238,0.969187675070028,1946,1935,5726.113478110559,43700.0,0.707445865623771,0.7240905795684596,0.8658173482551322,0.8855262146650908
438,0.0,43581.0,4000,935.2613129961487,938.5449223508518,895.6254028511563,899.0771303898332,3.283609354703117,3.4517275386768915,0.9512944802015812,0.02003948097243505,0.0194243511578833,0.019731916065159175,39.467791961018634,1920,1948,2000,2000,262,202,5731.9535018061515,0.96,0.974,0.8635416666666667,0.8963039014373717,512761,483377,724092,666874,68808,55313,1594124.6100023033,0.7081434403363108,0.7248400747367568,0.8658088271143867,0.8855696485352013,1920,1948,1727,1794,1658,262,11,69,1746,202,4,48,0.8345,0.875,0.8635416666666667,0.8963039014373717,0.9600463231036479,0.9732441471571907,1920,1948,5731.9535018061515,43800.0,0.7081434403363108,0.7248400747367568,0.8658088271143867,0.8855696485352013
439,0.0,43680.5,4000,938.563117713619,941.8977094874012,899.094654848741,902.4829939065443,3.334591773782222,3.3883390578032504,0.9841375720953162,0.0200702062352894,0.019457686656765366,0.019763946446027383,39.41471558085698,1927,1940,2000,2000,224,215,5737.772717652731,0.9635,0.97,0.8837571354436948,0.8891752577319587,514688,485317,726092,668874,69032,55528,1599862.382719956,0.7088468128005817,0.7255731273752605,0.8658760258642129,0.885584061551522,1927,1940,1768,1776,1703,224,8,65,1725,215,9,51,0.8555,0.867,0.8837571354436948,0.8891752577319587,0.9632352941176471,0.9712837837837838,1927,1940,5737.772717652731,43900.0,0.7088468128005817,0.7255731273752605,0.8658760258642129,0.885584061551522
440,0.0,43780.0,4000,941.9131453384533,945.2330884779816,902.4984628172421,905.8373326798809,3.3199431395282772,3.3388698626388305,0.9943313983805302,0.020100396198176933,0.01948969961375764,0.019795047905967287,39.39575579810071,1948,1943,2000,2000,243,244,5743.560457437067,0.974,0.9715,0.8752566735112937,0.8744209984559959,516636,487260,728092,670874,69275,55772,1605605.9431773932,0.7095751635782291,0.7263062810602289,0.8659113960312483,0.8855395476747527,1948,1943,1751,1750,1705,243,6,46,1699,244,6,51,0.8555,0.8525,0.8752566735112937,0.8744209984559959,0.9737292975442604,0.9708571428571429,1948,1943,5743.560457437067,44000.0,0.7095751635782291,0.7263062810602289,0.8659113960312483,0.8855395476747527
441,0.0,43879.5,4000,945.2518856070504,948.5333708157515,905.8515875935111,909.2430780559198,3.281485208701042,3.391490462408683,0.9675643334613674,0.020129653402665645,0.019522733069872452,0.01982619323626905,39.29029275983169,1948,1929,2000,2000,244,220,5749.310352502976,0.974,0.9645,0.8747433264887063,0.8859512700881286,518584,489189,730092,672874,69519,55992,1611355.2535298963,0.7102995238956187,0.727014270130812,0.8659445721426037,0.8855411712037679,1948,1929,1747,1773,1704,244,9,43,1709,220,7,64,0.8565,0.858,0.8747433264887063,0.8859512700881286,0.9753863766456783,0.9639029892837,1948,1929,5749.310352502976,44100.0,0.7102995238956187,0.727014270130812,0.8659445721426037,0.8855411712037679
442,0.0,43979.0,4000,948.5477030534898,951.747664645715,909.2605605516251,912.5814355166525,3.1999615922251223,3.3208749650274285,0.9635899050474165,0.020156832780260595,0.019554092439866694,0.019855462610063643,39.16622912906246,1928,1936,2000,2000,259,223,5754.888450854216,0.964,0.968,0.8656639004149378,0.8848140495867769,520512,491125,732092,674874,69778,56215,1617110.1419807505,0.7109926074864907,0.7277284352338362,0.8659435325218247,0.8855383049121914,1928,1936,1731,1772,1669,259,10,62,1713,223,5,59,0.8395,0.859,0.8656639004149378,0.8848140495867769,0.9641825534373195,0.9667042889390519,1928,1936,5754.888450854216,44200.0,0.7109926074864907,0.7277284352338362,0.8659435325218247,0.8855383049121914
443,0.0,44078.5,4000,951.7647195267981,955.0512120023179,912.602329685132,915.9961281304816,3.2864924755198217,3.393798445349603,0.9683817493708802,0.020185904204156238,0.01958703337372318,0.01988646878893971,39.05508387183636,1946,1927,2000,2000,260,205,5760.49822064035,0.973,0.9635,0.8663926002055499,0.8936170212765957,522458,493052,734092,676874,70038,56420,1622870.6402013907,0.7117064346158247,0.7284250835458298,0.8659452051648171,0.8855698790391278,1946,1927,1733,1785,1686,260,7,47,1722,205,10,63,0.8465,0.866,0.8663926002055499,0.8936170212765957,0.9728793998845932,0.9647058823529412,1946,1927,5760.49822064035,44300.0,0.7117064346158247,0.7284250835458298,0.8659452051648171,0.8855698790391278
444,0.0,44178.0,4000,955.0663112413183,958.355076224499,916.0130550993138,919.4201239293744,3.2887649831807266,3.407068830060666,0.9652769425037319,0.02021485181230411,0.01962003545618986,0.019917443634246985,38.93495229512462,1925,1943,2000,2000,243,222,5766.172146228548,0.9625,0.9715,0.8737662337662337,0.8857436953165209,524383,494995,736092,678874,70281,56642,1628636.8123476193,0.7123878536922015,0.7291411955679552,0.86597391601177,0.8855705613188012,1925,1943,1744,1774,1682,243,13,62,1721,222,4,53,0.8475,0.8625,0.8737662337662337,0.8857436953165209,0.9644495412844036,0.9701240135287486,1925,1943,5766.172146228548,44400.0,0.7123878536922015,0.7291411955679552,0.86597391601177,0.8855705613188012
445,0.0,44277.5,4000,958.3712740200634,961.6522844970043,919.4355908428553,922.8115484133846,3.281010476940878,3.3759575705292946,0.9718755074360931,0.020243519746939498,0.01965215727503011,0.019947838510984806,38.84073608361973,1933,1927,2000,2000,266,214,5771.752428791477,0.9665,0.9635,0.8623900672529746,0.8889465490399585,526316,496922,738092,680874,70547,56856,1634408.5647764108,0.7130764186578367,0.7298296013653041,0.8659607536156986,0.8855836529676689,1933,1927,1723,1777,1667,266,11,56,1713,214,9,64,0.839,0.861,0.8623900672529746,0.8889465490399585,0.967498549042368,0.963984243106359,1933,1927,5771.752428791477,44500.0,0.7130764186578367,0.7298296013653041,0.8659607536156986,0.8855836529676689
446,0.0,44377.0,4000,961.6629371110076,964.991383947979,922.8260328940336,926.1480313755623,3.3284468369713522,3.3219984815286807,1.0019411072818143,0.020272998389905435,0.01968290317715286,0.019977950783529146,38.843352572416734,1947,1943,2000,2000,243,230,5777.285466627418,0.9735,0.9715,0.8751926040061633,0.8816263510036026,528263,498865,740092,682874,70790,57086,1640185.8502430383,0.7137801786804884,0.730537405143555,0.8659947791157057,0.8855682399045834,1947,1943,1752,1763,1704,243,5,48,1713,230,7,50,0.8545,0.86,0.8751926040061633,0.8816263510036026,0.9726027397260274,0.9716392512762337,1947,1943,5777.285466627418,44600.0,0.7137801786804884,0.730537405143555,0.8659947791157057,0.8855682399045834
447,0.0,44476.5,4000,965.0117626181568,968.2625558582765,926.1699103514164,929.5538048505173,3.2507932401197195,3.3838944991008475,0.9606662503761583,0.02030082550559463,0.019715061637046366,0.020007943571320498,38.70875100775925,1934,1911,2000,2000,241,206,5782.813202034609,0.967,0.9555,0.875387797311272,0.892203035060178,530197,500776,742092,684874,71031,57292,1645968.663445073,0.7144626272753244,0.7311943510777165,0.8660290420353189,0.8855935587967474,1934,1911,1751,1782,1693,241,8,58,1705,206,12,77,0.8505,0.8585,0.8753877973112719,0.892203035060178,0.9668760708166761,0.9567901234567902,1934,1911,5782.813202034609,44700.0,0.7144626272753244,0.7311943510777165,0.8660290420353189,0.8855935587967474
448,0.0,44576.0,4000,968.277444950281,971.6205495246188,929.5707039205043,932.954644156116,3.343104574337758,3.3839402356117034,0.987932511087459,0.02033046637871478,0.019746966394677934,0.020038716386696357,38.66590536850276,1940,1935,2000,2000,230,215,5788.238742464038,0.97,0.9675,0.8814432989690721,0.8888888888888888,532137,502711,744092,686874,71261,57507,1651756.902187537,0.7151494707643679,0.7318824122036939,0.866085237448251,0.8856062429507212,1940,1935,1762,1777,1710,230,8,52,1720,215,8,57,0.859,0.864,0.8814432989690721,0.8888888888888888,0.9704880817253121,0.967923466516601,1940,1935,5788.238742464038,44800.0,0.7151494707643679,0.7318824122036939,0.866085237448251,0.8856062429507212
449,0.0,44675.5,4000,971.6395844025766,975.001173310206,932.9682660096582,936.354008991295,3.361588907629425,3.3857429816367812,0.992865945779594,0.020360479232784175,0.019778696198591322,0.02006958771568775,38.647164318910995,1934,1938,2000,2000,236,220,5793.640634404816,0.967,0.969,0.8779731127197519,0.8864809081527347,534071,504649,746092,688874,71497,57727,1657550.5428219417,0.7158245899969441,0.7325708329825193,0.866128286313992,0.8856096019213354,1934,1938,1751,1769,1698,236,13,53,1718,220,11,51,0.8555,0.8645,0.8779731127197518,0.8864809081527347,0.9697315819531697,0.9711701526286037,1934,1938,5793.640634404816,44900.0,0.7158245899969441,0.7325708329825193,0.866128286313992,0.8856096019213354
450,0.0,44775.0,4000,975.0147023161552,978.2725251560456,936.3728245178295,939.7712369630349,3.257822839890423,3.3984124452053948,0.9586307996507838,0.020387930431063312,0.019810681939744227,0.02009930618540377,38.50128819301074,1937,1920,2000,2000,252,233,5799.07105199744,0.9685,0.96,0.8699019101703666,0.8786458333333333,536008,506569,748092,690874,71749,57960,1663349.613873939,0.7165001096121867,0.73322921401008,0.8661419232548768,0.8855832078157171,1937,1920,1740,1758,1685,252,8,55,1687,233,9,71,0.8465,0.848,0.8699019101703666,0.8786458333333333,0.9683908045977011,0.959613196814562,1937,1920,5799.07105199744,45000.0,0.7165001096121867,0.73322921401008,0.8661419232548768,0.8855832078157171
451,0.0,44874.5,4000,978.291558084504,981.5609110949356,939.7872490710977,943.162873368723,3.269353010431587,3.375624297625336,0.9685180346436929,0.020415637590615054,0.019841958396766703,0.020128797993690876,38.39803772621258,1939,1921,2000,2000,274,223,5804.508321797313,0.9695,0.9605,0.8586900464156781,0.8839146277980219,537947,508490,750092,692874,72023,58183,1669154.1221957363,0.7171746932376295,0.7338852374313367,0.8661150633798497,0.8855769041672402,1939,1921,1720,1768,1665,274,6,55,1698,223,9,70,0.8355,0.8535,0.8586900464156781,0.8839146277980219,0.9680232558139535,0.9604072398190046,1939,1921,5804.508321797313,45100.0,0.7171746932376295,0.7338852374313367,0.8661150633798497,0.8855769041672402
452,0.0,44974.0,4000,981.57185520059,984.881508767835,943.1780231621728,946.5688299122055,3.30965356724505,3.3908067500326524,0.976066703657818,0.020443934801098195,0.019873413279594267,0.02015867404034623,38.31267885562954,1945,1926,2000,2000,232,233,5809.85784205845,0.9725,0.963,0.880719794344473,0.8790238836967809,539892,510416,752092,694874,72255,58416,1674963.9800377947,0.7178536668386315,0.7345446800427128,0.8661676779800405,0.8855521770477415,1945,1926,1758,1761,1713,232,10,45,1693,233,6,68,0.8615,0.8495,0.880719794344473,0.8790238836967809,0.9744027303754266,0.9613855763770585,1945,1926,5809.85784205845,45200.0,0.7178536668386315,0.7345446800427128,0.8661676779800405,0.8855521770477415
453,0.0,45073.5,4000,984.8985050975924,988.1634774507206,946.58417352762,949.8899458898893,3.2649723531282007,3.3057723622692947,0.9876579495894006,0.020471254341998323,0.019902856428594805,0.020187055385296564,38.273531560831316,1941,1933,2000,2000,259,232,5815.14162817363,0.9705,0.9665,0.8665636269963937,0.8799793067770305,541833,512349,754092,696874,72514,58648,1680779.1216659683,0.7185237345045432,0.7352103823646743,0.8661690963820956,0.8855311516173545,1941,1933,1730,1762,1682,259,11,48,1701,232,6,61,0.8465,0.8535,0.8665636269963937,0.8799793067770305,0.9722543352601156,0.9653802497162316,1941,1933,5815.14162817363,45300.0,0.7185237345045432,0.7352103823646743,0.8661690963820956,0.8855311516173545
454,0.0,45173.0,4000,988.1780516559522,991.4671871180445,949.906003292355,953.2739978788309,3.289135462092304,3.367994586475902,0.9765857330352445,0.02049893240880722,0.019933556127847713,0.020216244268327466,38.193189239213666,1929,1942,2000,2000,259,240,5820.473314456682,0.9645,0.971,0.8657335406946605,0.8764160659114315,543762,514291,756092,698874,72773,58888,1686599.594980425,0.7191743861858081,0.7358851524022928,0.8661675512448461,0.8854967323946948,1929,1942,1733,1752,1670,259,8,63,1702,240,8,50,0.839,0.855,0.8657335406946605,0.8764160659114315,0.9636468551644547,0.9714611872146118,1929,1942,5820.473314456682,45400.0,0.7191743861858081,0.7358851524022928,0.8661675512448461,0.8854967323946948
455,0.0,45272.5,4000,991.4852424400635,994.8167876299411,953.2861747415932,956.7240936449962,3.331545189877602,3.437918903402988,0.969058690296594,0.020527497403774606,0.01996557239495498,0.020246534899364795,38.09269398494496,1931,1937,2000,2000,237,197,5825.75087815638,0.9655,0.9685,0.8772656654583117,0.8982963345379453,545693,516228,758092,700874,73010,59085,1692425.3458585814,0.719824242967872,0.7365489374695023,0.8662068232504356,0.8855447592924057,1931,1937,1757,1797,1694,237,6,63,1740,197,6,57,0.85,0.873,0.8772656654583117,0.8982963345379453,0.9641434262948207,0.9682804674457429,1931,1937,5825.75087815638,45500.0,0.719824242967872,0.7365489374695023,0.8662068232504356,0.8855447592924057
456,0.0,45372.0,4000,994.8278919312407,998.1417614578805,956.7374512327661,960.1429678206304,3.3138695266397917,3.405516587864213,0.9730886463595533,0.02055539705481763,0.019996763555835212,0.02027608030532642,37.998793637250174,1947,1948,2000,2000,226,204,5830.9039758772105,0.9735,0.974,0.8839239856189008,0.8952772073921971,547640,518176,760092,702874,73236,59289,1698256.2498344586,0.7204917299484799,0.7372245950198756,0.866269812285443,0.8855813468782807,1947,1948,1768,1790,1721,226,6,47,1744,204,6,46,0.8635,0.875,0.8839239856189008,0.8952772073921971,0.9734162895927602,0.9743016759776536,1947,1948,5830.9039758772105,45600.0,0.7204917299484799,0.7372245950198756,0.866269812285443,0.8855813468782807
457,0.0,45471.5,4000,998.1627318964597,1001.3952267406617,960.1589510660125,963.5154222313345,3.2324948442019377,3.3564711653219774,0.9630634928728348,0.020581609868325274,0.02002680246294945,0.020304206165637363,37.87980450932719,1940,1948,2000,2000,261,213,5836.0416512539605,0.97,0.974,0.8654639175257732,0.8906570841889117,549580,520124,762092,704874,73497,59502,1704092.2914857126,0.7211465282406848,0.7378964183669705,0.8662669675024564,0.8856003568379848,1940,1948,1734,1782,1679,261,5,55,1735,213,5,47,0.842,0.87,0.8654639175257732,0.8906570841889117,0.9682814302191465,0.9736251402918069,1940,1948,5836.0416512539605,45700.0,0.7211465282406848,0.7378964183669705,0.8662669675024564,0.8856003568379848
458,0.0,45571.0,4000,1001.4165539351947,1004.7157285691909,963.5322610456536,967.0453302687858,3.2991746339962447,3.51306922313222,0.9391146101740435,0.020609171895436557,0.020060148047909197,0.02033465997167288,37.670398300405054,1939,1941,2000,2000,263,194,5841.30915742405,0.9695,0.9705,0.8643630737493553,0.9000515198351365,551519,522065,764092,706874,73760,59696,1709933.6006431368,0.7217965899394314,0.7385545373008485,0.8662602738980887,0.8856540852192735,1939,1941,1732,1801,1676,263,5,56,1747,194,5,54,0.8405,0.876,0.8643630737493554,0.9000515198351365,0.9676674364896074,0.9700166574125486,1939,1941,5841.30915742405,45800.0,0.7217965899394314,0.7385545373008485,0.8662602738980887,0.8856540852192735
459,0.0,45670.5,4000,1004.7349949776223,1008.0999120937173,967.0630753316901,970.4474805997635,3.3649171160950573,3.384405268073351,0.9942417794458204,0.020638001227353393,0.02009056494390455,0.020364283085628973,37.65243149395383,1950,1940,2000,2000,228,227,5846.571543484188,0.975,0.97,0.8830769230769231,0.8829896907216495,553469,524005,766092,708874,73988,59923,1715780.172186621,0.7224576160565572,0.7392075319450283,0.8663195228639725,0.8856442209520902,1950,1940,1763,1765,1722,228,9,41,1713,227,8,52,0.8655,0.8605,0.8830769230769231,0.8829896907216495,0.9767441860465116,0.9705382436260623,1950,1940,5846.571543484188,45900.0,0.7224576160565572,0.7392075319450283,0.8663195228639725,0.8856442209520902
460,0.0,45770.0,4000,1008.1187108818251,1011.4472951240957,970.4649671556238,973.8472768397493,3.3285842422706082,3.3823096841255165,0.9841157531768713,0.0206659052036065,0.02012079841663488,0.02039335181012069,37.60001828434645,1939,1953,2000,2000,236,234,5851.721389235008,0.9695,0.9765,0.8782877772047447,0.880184331797235,555408,525958,768092,710874,74224,60157,1721631.893575856,0.7231008785405915,0.739875139616866,0.8663613055627575,0.8856239471592788,1939,1953,1755,1762,1703,236,9,52,1719,234,4,43,0.856,0.8615,0.8782877772047447,0.880184331797235,0.9703703703703703,0.9755959137343927,1939,1953,5851.721389235008,46000.0,0.7231008785405915,0.739875139616866,0.8663613055627575,0.8856239471592788
461,0.0,45869.5,4000,1011.4693832399223,1014.7861472551045,973.8637085527834,977.2503297459316,3.3167640151822297,3.386621193148244,0.979372603553256,0.020693503069347245,0.020150971368142884,0.020422237218745067,37.535817509172944,1952,1952,2000,2000,249,259,5856.956459253378,0.976,0.976,0.8724385245901639,0.8673155737704918,557360,527910,770092,712874,74473,60416,1727488.8500351093,0.7237576809004639,0.7405375985096946,0.8663825893497918,0.8855562501183913,1952,1952,1747,1735,1703,249,4,44,1693,259,6,42,0.8535,0.8495,0.8724385245901639,0.8673155737704918,0.9748139668002289,0.975792507204611,1952,1952,5856.956459253378,46100.0,0.7237576809004639,0.7405375985096946,0.8663825893497918,0.8855562501183913
462,0.0,45969.0,4000,1014.8075545125328,1018.0744698823919,977.2651774098806,980.6407660683238,3.2669153698591344,3.3755886584432346,0.9678061222559569,0.020719887751605957,0.020180740614583966,0.02045031418309496,37.43370381406805,1939,1958,2000,2000,250,222,5862.100306977658,0.9695,0.979,0.8710675605982465,0.8866189989785496,559299,529868,772092,714874,74723,60638,1733350.950342087,0.7243942431730933,0.7412047437730286,0.866398831394299,0.8855601772516929,1939,1958,1743,1772,1689,250,7,54,1736,222,6,36,0.848,0.871,0.8710675605982465,0.8866189989785496,0.9690189328743546,0.9796839729119639,1939,1958,5862.100306977658,46200.0,0.7243942431730933,0.7412047437730286,0.866398831394299,0.8855601772516929
463,0.0,46068.5,4000,1018.0864307406965,1021.3434120559831,980.6582380968239,984.0530775546794,3.2569813152865663,3.3948394578554826,0.9593918521684671,0.02074573987684204,0.020210853733912196,0.02047829680537712,37.29033450130373,1940,1942,2000,2000,252,218,5867.213839712885,0.97,0.971,0.8701030927835052,0.8877445932028836,561239,531810,774092,716874,74975,60856,1739218.1641817999,0.7250288079453088,0.741845847387407,0.8664116356846192,0.8855681540399767,1940,1942,1739,1773,1688,252,9,51,1724,218,9,49,0.8485,0.8665,0.8701030927835052,0.8877445932028837,0.9706728004600345,0.9723632261703328,1940,1942,5867.213839712885,46300.0,0.7250288079453088,0.741845847387407,0.8664116356846192,0.8855681540399767
464,0.0,46168.0,4000,1021.3600762033682,1024.6935368689094,984.073643150547,987.4312369708872,3.3334606655412244,3.3575938203401847,0.9928123662091697,0.020773230196351567,0.020240101019317728,0.020506665607834648,37.262299898022206,1941,1940,2000,2000,256,236,5872.3580032906975,0.9705,0.97,0.8681092220504895,0.8783505154639175,563180,533750,776092,718874,75231,61092,1745090.5221850905,0.7256613906598702,0.742480601607514,0.866417486416421,0.8855419203747072,1941,1940,1736,1752,1685,256,8,51,1704,236,12,48,0.8465,0.858,0.8681092220504895,0.8783505154639175,0.9706221198156681,0.9726027397260274,1941,1940,5872.3580032906975,46400.0,0.7256613906598702,0.742480601607514,0.866417486416421,0.8855419203747072
465,0.0,46267.5,4000,1024.7089495917064,1027.9803354917426,987.4493329628982,990.8851647906793,3.2713859000361936,3.435831827781044,0.9521379578548657,0.020799240424377332,0.02027085193798139,0.02053504618117936,37.09517070106335,1941,1957,2000,2000,259,208,5877.39752369118,0.9705,0.9785,0.8665636269963937,0.8937148696985181,565121,535707,778092,720874,75490,61300,1750967.9197087816,0.726290721405695,0.7431354161753649,0.8664179883600149,0.885571777109502,1941,1957,1735,1785,1682,259,6,53,1749,208,7,36,0.844,0.878,0.8665636269963937,0.8937148696985181,0.9694524495677234,0.9798319327731092,1941,1957,5877.39752369118,46500.0,0.726290721405695,0.7431354161753649,0.8664179883600149,0.885571777109502
466,0.0,46367.0,4000,1027.9917862043055,1031.2829937660372,990.9028524097216,994.2308750362429,3.291207561731653,3.3280226265212605,0.9889378562224231,0.020825479356391428,0.020299148612911978,0.020562313984651703,37.0521187297943,1964,1944,2000,2000,256,265,5882.471053779412,0.982,0.972,0.869653767820774,0.8636831275720165,567085,537651,780092,722874,75746,61565,1756850.390762561,0.7269463088968994,0.7437686235775529,0.8664291949178695,0.8854926336973241,1964,1944,1741,1730,1708,256,3,33,1679,265,5,51,0.8555,0.842,0.869653767820774,0.8636831275720165,0.9810453762205629,0.9705202312138729,1964,1944,5882.471053779412,46600.0,0.7269463088968994,0.7437686235775529,0.8664291949178695,0.8854926336973241
467,0.0,46466.5,4000,1031.2962786921958,1034.5401992060235,994.2460014700251,997.6335177426886,3.2439205138277885,3.387516272663447,0.957610311721763,0.020850632622009143,0.02032854321345062,0.02058958791772988,36.90668146333496,1955,1949,2000,2000,279,218,5887.419568626167,0.9775,0.9745,0.8572890025575448,0.888147768086198,569040,539600,782092,724874,76025,61783,1762737.8103311872,0.7275870357963001,0.7444052345649037,0.8663977927737945,0.885502223869533,1955,1949,1716,1775,1676,279,5,40,1731,218,7,44,0.8405,0.869,0.8572890025575448,0.888147768086198,0.9766899766899767,0.9752112676056338,1955,1949,5887.419568626167,46700.0,0.7275870357963001,0.7444052345649037,0.8663977927737945,0.885502223869533
468,0.0,46566.0,4000,1034.5622588947233,1037.886328703315,997.6490670569451,1001.0295773865082,3.32406980859173,3.3805103295630943,0.9833041418398332,0.0208775784817333,0.020357671532306915,0.020617625007020107,36.85675131680682,1948,1948,2000,2000,254,241,5892.502847409498,0.974,0.974,0.8696098562628337,0.8762833675564682,570988,541548,784092,726874,76279,62024,1768630.3131785968,0.728215566540661,0.7450369665168929,0.8664087511471344,0.8854690627608264,1948,1948,1740,1754,1694,254,6,46,1707,241,5,47,0.85,0.856,0.8696098562628337,0.8762833675564682,0.9735632183908046,0.9732041049030786,1948,1948,5892.502847409498,46800.0,0.728215566540661,0.7450369665168929,0.8664087511471344,0.8854690627608264
469,0.0,46665.5,4000,1037.9031506888434,1041.262974613405,1001.0420473456965,1004.3837903942565,3.359823924561624,3.3417430485600335,1.0054106122879143,0.02090506010352257,0.020385783384215605,0.02064542174386909,36.879184219148556,1961,1951,2000,2000,244,233,5897.568768679667,0.9805,0.9755,0.8755736868944416,0.8805740645822655,572949,543499,786092,728874,76523,62257,1774527.8819472764,0.7288574365341461,0.7456693475141108,0.8664401194521676,0.8854514911710969,1961,1951,1753,1762,1717,244,3,36,1718,233,5,44,0.86,0.8615,0.8755736868944416,0.8805740645822655,0.9794637763833428,0.9750283768444948,1961,1951,5897.568768679667,46900.0,0.7288574365341461,0.7456693475141108,0.8664401194521676,0.8854514911710969
470,0.0,46765.0,4000,1041.2782042625363,1044.550757954981,1004.4059412806683,1007.8093873221712,3.272553692444717,3.403446041502889,0.9615412298411604,0.020930534089293285,0.020415294418034607,0.020672914253663945,36.741370632809776,1945,1956,2000,2000,263,237,5902.664908959675,0.9725,0.978,0.8647814910025707,0.8788343558282209,574894,545455,788092,730874,76786,62494,1780430.5468562362,0.7294757464864509,0.7463051086781032,0.8664345079266786,0.8854277621435316,1945,1956,1730,1759,1682,263,7,48,1719,237,4,40,0.8445,0.8615,0.8647814910025707,0.8788343558282209,0.9722543352601156,0.977259806708357,1945,1956,5902.664908959675,47000.0,0.7294757464864509,0.7463051086781032,0.8664345079266786,0.8854277621435316
471,0.0,46864.5,4000,1044.5669220832326,1047.899059782811,1007.828386324998,1011.2513160552743,3.332137699578425,3.422929730276337,0.9734753448501023,0.020957184798824087,0.020445026887064323,0.020701105842944205,36.64774372753675,1945,1955,2000,2000,262,216,5907.753110859679,0.9725,0.9775,0.8652956298200514,0.8895140664961637,576839,547410,790092,732874,77048,62710,1786338.299967096,0.7300909261199962,0.7469360353894394,0.866430667829325,0.8854423558210482,1945,1955,1734,1779,1683,262,4,51,1739,216,5,40,0.8435,0.872,0.8652956298200514,0.8895140664961637,0.9705882352941176,0.9775154581225407,1945,1955,5907.753110859679,47100.0,0.7300909261199962,0.7469360353894394,0.866430667829325,0.8854423558210482
472,0.0,46964.0,4000,1047.9142735248934,1051.296062387947,1011.2757419882976,1014.6580447713338,3.3817888630535435,3.382302783036266,0.9998480561866607,0.020984754377748948,0.02047388760798282,0.020729320992865882,36.63801761661307,1948,1935,2000,2000,236,225,5912.735446585586,0.974,0.9675,0.8788501026694046,0.8837209302325582,578787,549345,792092,734874,77284,62935,1792251.0354136815,0.7307067865853967,0.7475363123474228,0.8664724674189296,0.8854362923117531,1948,1935,1758,1773,1712,236,6,46,1710,225,2,63,0.859,0.856,0.8788501026694046,0.8837209302325582,0.9738339021615472,0.9644670050761421,1948,1935,5912.735446585586,47200.0,0.7307067865853967,0.7475363123474228,0.8664724674189296,0.8854362923117531
473,0.0,47063.5,4000,1051.310521863102,1054.6422917768348,1014.6742918448261,1018.0492772387288,3.331769913732842,3.374985393902648,0.9871953578679539,0.021011133953882415,0.020502298680003892,0.020756716316943154,36.59301453810599,1938,1954,2000,2000,247,229,5917.676355478336,0.969,0.977,0.8725490196078431,0.882804503582395,580725,551299,794092,736874,77531,63164,1798168.7117691599,0.7313069518393335,0.7481591153982906,0.8664927461362951,0.8854269643151901,1938,1954,1743,1769,1691,247,10,52,1725,229,2,44,0.8505,0.8635,0.8725490196078431,0.882804503582395,0.970166379804934,0.9751271905031091,1938,1954,5917.676355478336,47300.0,0.7313069518393335,0.7481591153982906,0.8664927461362951,0.8854269643151901
474,0.0,47163.0,4000,1054.6580523301482,1057.9559731546788,1018.0626240344309,1021.4814326949306,3.2979208245305927,3.418808660499735,0.9646403621922871,0.021036715556887808,0.020531453228278186,0.020784084392582995,36.47454045974814,1958,1956,2000,2000,261,228,5922.572913900295,0.979,0.978,0.8667007150153218,0.8834355828220859,582683,553255,796092,738874,77792,63392,1804091.2846830601,0.7319292242605127,0.7487812536372913,0.866493444977801,0.8854199239048901,1958,1956,1732,1765,1697,261,7,35,1728,228,7,37,0.852,0.8675,0.8667007150153218,0.8834355828220859,0.9797921478060047,0.9790368271954675,1958,1956,5922.572913900295,47400.0,0.7319292242605127,0.7487812536372913,0.866493444977801,0.8854199239048901
475,0.0,47262.5,4000,1057.9721302621958,1061.2719085873523,1021.4930116508566,1024.9499882623948,3.299778325156467,3.4569766115381526,0.9545272346196922,0.021062236901666434,0.02056125133869158,0.020811744120179006,36.321920324957546,1962,1963,2000,2000,262,214,5927.457320291191,0.981,0.9815,0.8664627930682977,0.890983188996434,584645,555218,798092,740874,78054,63606,1810018.7420033512,0.7325533898347559,0.7494094812343259,0.8664933421135903,0.8854395930967656,1962,1963,1732,1781,1700,262,6,32,1749,214,5,32,0.853,0.877,0.8664627930682977,0.890983188996434,0.9815242494226328,0.9820325659741718,1962,1963,5927.457320291191,47500.0,0.7325533898347559,0.7494094812343259,0.8664933421135903,0.8854395930967656
476,0.0,47362.0,4000,1061.2923255028277,1064.6298840519567,1024.9669612947787,1028.3548719577634,3.337558549128971,3.387910662984723,0.9851377090884115,0.021088534207852103,0.02058958660258863,0.020839060405220364,36.275012094193244,1960,1953,2000,2000,245,234,5932.266566566585,0.98,0.9765,0.875,0.880184331797235,586605,557171,800092,742874,78299,63840,1815951.0085699179,0.7331719352274488,0.7500208649111424,0.8665217650718968,0.8854211723151421,1960,1953,1748,1761,1715,245,7,33,1719,234,5,42,0.861,0.862,0.875,0.880184331797235,0.9811212814645309,0.9761499148211243,1960,1953,5932.266566566585,47600.0,0.7331719352274488,0.7500208649111424,0.8665217650718968,0.8854211723151421
477,0.0,47461.5,4000,1064.646383175684,1067.9211841019396,1028.3732618678048,1031.844960760365,3.2748009262556934,3.471698892560198,0.943284837655001,0.021113323445361487,0.02061958933093963,0.02086645638815056,36.07622334157463,1948,1959,2000,2000,277,214,5937.088596667715,0.974,0.9795,0.8578028747433265,0.8907605921388464,588553,559130,802092,744874,78576,64054,1821888.0971665855,0.7337724350822599,0.7506370204893713,0.8664929071808316,0.8854398798132813,1948,1959,1715,1782,1671,277,8,44,1745,214,4,37,0.8395,0.8745,0.8578028747433265,0.8907605921388464,0.9743440233236151,0.9792368125701459,1948,1959,5937.088596667715,47700.0,0.7337724350822599,0.7506370204893713,0.8664929071808316,0.8854398798132813
478,0.0,47561.0,4000,1067.9349696847546,1071.334486313408,1031.8596889423309,1035.314222794067,3.399516628653373,3.454533851736187,0.9840739082480946,0.02114056130868643,0.02064903081840005,0.02089479606354324,36.020263519340915,1958,1958,2000,2000,243,229,5941.953811388911,0.979,0.979,0.8758937691521961,0.883043922369765,590511,561088,804092,746874,78819,64283,1827830.0509779744,0.7343823841053014,0.7512485372365352,0.8665240782982875,0.8854315187635451,1958,1958,1750,1765,1715,243,7,35,1729,229,6,36,0.861,0.8675,0.8758937691521961,0.883043922369765,0.98,0.9796033994334278,1958,1958,5941.953811388911,47800.0,0.7343823841053014,0.7512485372365352,0.8665240782982875,0.8854315187635451
479,0.0,47660.5,4000,1071.3505522669018,1074.636137796888,1035.3361474070339,1038.7961786270996,3.2855855299862924,3.46003122006573,0.949582625420321,0.021165354531079154,0.02067861438314311,0.02092198445711113,35.83995916978847,1948,1952,2000,2000,251,218,5946.863058263308,0.974,0.976,0.8711498973305954,0.8883196721311475,592459,563040,806092,748874,79070,64501,1833776.9140362376,0.7349769008996492,0.7518487756284769,0.8665392879507274,0.8854415316851378,1948,1952,1738,1775,1697,251,11,41,1734,218,7,41,0.854,0.8705,0.8711498973305954,0.8883196721311475,0.976409666283084,0.9769014084507043,1948,1952,5946.863058263308,47900.0,0.7349769008996492,0.7518487756284769,0.8665392879507274,0.8854415316851378
480,0.0,47760.0,4000,1074.6592730403702,1077.9871350904145,1038.8181815158887,1042.188786583876,3.3278620500443594,3.3706050679872988,0.9873188887215248,0.021191072486087873,0.020706213268944403,0.02094864287751614,35.79834850653856,1956,1968,2000,2000,272,249,5951.720909400651,0.978,0.984,0.8609406952965235,0.8734756097560976,594415,565008,808092,750874,79342,64750,1839728.6349456382,0.7355783747395098,0.7524671249770267,0.8665208650521942,0.8853998527454479,1956,1968,1723,1747,1684,272,5,39,1719,249,4,28,0.8445,0.8615,0.8609406952965235,0.8734756097560976,0.9773650609402206,0.9839725243274184,1956,1968,5951.720909400651,48000.0,0.7355783747395098,0.7524671249770267,0.8665208650521942,0.8853998527454479
481,0.0,47859.5,4000,1078.0022013025525,1081.367321100454,1042.2074026553962,1045.574014944345,3.3651197979015706,3.3666122889487724,0.9995566786671275,0.021217290339755873,0.020733543976503125,0.0209754171581295,35.79330615610911,1954,1964,2000,2000,265,238,5956.541385356665,0.977,0.982,0.8643807574206755,0.8788187372708758,596369,566972,810092,752874,79607,64988,1845685.1763309948,0.7361744098201192,0.7530768760775376,0.8665138530004075,0.8853770556570695,1954,1964,1731,1758,1689,265,4,42,1726,238,4,32,0.8465,0.865,0.8643807574206755,0.8788187372708758,0.975736568457539,0.981797497155859,1954,1964,5956.541385356665,48100.0,0.7361744098201192,0.7530768760775376,0.8665138530004075,0.8853770556570695
482,0.0,47959.0,4000,1081.3853005890905,1084.6708710315568,1045.5864931154522,1049.0301460757628,3.2855704424662235,3.443652960310601,0.954094527042551,0.021241809445505397,0.020762232290481703,0.02100202086799355,35.640724955793985,1966,1960,2000,2000,267,223,5961.380892566481,0.983,0.98,0.8641912512716174,0.8862244897959184,598335,568932,812092,754874,79874,65211,1851646.5572235612,0.7367822857508756,0.7536780972718626,0.8665062214311381,0.8853799751112611,1966,1960,1727,1773,1699,267,6,28,1737,223,4,36,0.8525,0.8705,0.8641912512716174,0.8862244897959184,0.9837869137232195,0.9796954314720813,1966,1960,5961.380892566481,48200.0,0.7367822857508756,0.7536780972718626,0.8665062214311381,0.8853799751112611
483,0.0,48058.5,4000,1084.6863681149744,1088.0541702164794,1049.0476623535014,1052.5556984096513,3.367802101505049,3.5080360561498765,0.9600249391966807,0.021267878146134216,0.020792239104246515,0.021030058625190366,35.49847180682809,1966,1959,2000,2000,265,212,5966.246177672234,0.983,0.9795,0.8652085452695829,0.8917815211842777,600301,570891,814092,756874,80139,65423,1857612.8034012334,0.7373871749138918,0.7542748198511245,0.8665019715109586,0.8854019418768206,1966,1959,1730,1786,1701,265,5,29,1747,212,2,39,0.853,0.8745,0.8652085452695829,0.8917815211842777,0.9832369942196532,0.9781634938409854,1966,1959,5966.246177672234,48300.0,0.7373871749138918,0.7542748198511245,0.8665019715109586,0.8854019418768206
484,0.0,48158.0,4000,1088.0715473654084,1091.4192694827648,1052.5752219502153,1056.052496382104,3.3477221173563976,3.4772744318886453,0.9627431434964762,0.02129346309348281,0.02082152782453635,0.02105749545900958,35.366773100660794,1966,1974,2000,2000,252,220,5971.104357890019,0.983,0.987,0.8718209562563581,0.8885511651469098,602267,572865,816092,758874,80391,65643,1863583.9077591235,0.7379890992682198,0.7548881632523976,0.8665193344480107,0.8854127935901128,1966,1974,1744,1780,1714,252,4,30,1754,220,0,26,0.859,0.877,0.8718209562563581,0.8885511651469098,0.9827981651376146,0.9853932584269663,1966,1974,5971.104357890019,48400.0,0.7379890992682198,0.7548881632523976,0.8665193344480107,0.8854127935901128
485,0.0,48257.5,4000,1091.4385277216375,1094.784238033817,1056.0679737978926,1059.494324703166,3.3457103121795626,3.426350905273466,0.9764645842403968,0.02131893984073444,0.020849562371724153,0.021084251106229294,35.28991333065096,1963,1962,2000,2000,258,235,5975.956128797686,0.9815,0.981,0.8685685175751401,0.8802242609582059,604230,574827,818092,760874,80649,65878,1869559.8638879212,0.7385844134889474,0.7554825109019364,0.8665259917581054,0.8853950840861685,1963,1962,1739,1759,1705,258,3,34,1727,235,6,32,0.854,0.8665,0.8685685175751401,0.8802242609582059,0.980448533640023,0.9818078453666856,1963,1962,5975.956128797686,48500.0,0.7385844134889474,0.7554825109019364,0.8665259917581054,0.8853950840861685
486,0.0,48357.0,4000,1094.7972960718337,1098.1465751260675,1059.5093396745724,1062.9996285153393,3.3492790542338753,3.4902888407668797,0.959599393355072,0.02134425760016195,0.020878787630469027,0.021111522615315487,35.146946610728264,1963,1966,2000,2000,261,216,5980.800737310237,0.9815,0.983,0.8670402445236882,0.8901322482197355,606193,576793,820092,762874,80910,66094,1875540.6646252314,0.7391768240636416,0.7560789855205446,0.8665276570333211,0.8854112307188194,1963,1966,1730,1782,1702,261,9,28,1750,216,2,32,0.8555,0.876,0.8670402445236882,0.8901322482197355,0.9838150289017341,0.9820426487093153,1963,1966,5980.800737310237,48600.0,0.7391768240636416,0.7560789855205446,0.8665276570333211,0.8854112307188194
487,0.0,48456.5,4000,1098.1638617627807,1101.4818089785717,1063.0196898849088,1066.459296925379,3.317947215791037,3.439607040470264,0.9646297314641518,0.02136891485052105,0.020906955795705017,0.021137935323113033,35.02251205319271,1977,1974,2000,2000,287,246,5985.598772836269,0.9885,0.987,0.8548305513404147,0.8753799392097265,608170,578767,822092,764874,81197,66340,1881526.2633980678,0.7397833819085942,0.7566828000428829,0.866489632832925,0.8853770170033882,1977,1974,1711,1749,1690,287,2,21,1728,246,5,21,0.846,0.8665,0.8548305513404147,0.8753799392097265,0.9877264757451782,0.9879931389365352,1977,1974,5985.598772836269,48700.0,0.7397833819085942,0.7566828000428829,0.866489632832925,0.8853770170033882
488,0.0,48556.0,4000,1101.4973152857858,1104.8884859159605,1066.4748398785114,1069.959399714239,3.3911706301746563,3.484559835727623,0.9731991384979429,0.02139493504421647,0.020935837090977343,0.02116538606759691,34.929086201721475,1958,1969,2000,2000,255,242,5990.45237422662,0.979,0.9845,0.8697650663942799,0.8770949720670391,610128,580736,824092,766874,81452,66582,1887516.7157722944,0.7403639399484524,0.7572769451044109,0.86650014423203,0.8853489365219308,1958,1969,1738,1753,1703,255,7,35,1727,242,5,26,0.855,0.866,0.8697650663942799,0.8770949720670391,0.979861910241657,0.9851682829435254,1958,1969,5990.45237422662,48800.0,0.7403639399484524,0.7572769451044109,0.86650014423203,0.8853489365219308
489,0.0,48655.5,4000,1104.9071169407014,1108.2858495326093,1069.9819097926543,1073.476894745119,3.3787325919079194,3.4949849524646197,0.9667373788048156,0.02142065835939494,0.020964955931913585,0.02119280714565426,34.80895478749039,1972,1976,2000,2000,253,231,5995.208706359038,0.986,0.988,0.8717038539553752,0.8830971659919028,612100,582712,826092,768874,81705,66813,1893511.9244786536,0.7409586341472862,0.7578771034005571,0.8665169090017971,0.8853413006768353,1972,1976,1742,1765,1719,253,5,23,1745,231,4,20,0.862,0.8745,0.8717038539553753,0.8830971659919028,0.986796785304248,0.9886685552407932,1972,1976,5995.208706359038,48900.0,0.7409586341472862,0.7578771034005571,0.8665169090017971,0.8853413006768353
490,0.0,48755.0,4000,1108.3040940584249,1111.6796404233678,1073.4916733267069,1076.9334989073839,3.3755463649429203,3.441825580677005,0.980743005657757,0.02144620376867696,0.020992713249649783,0.02121945850916337,34.746141515983936,1970,1979,2000,2000,255,222,5999.968130726784,0.985,0.9895,0.8705583756345178,0.887822132390096,614070,584691,828092,770874,81960,67035,1899511.8926093804,0.7415480405558803,0.758478039212634,0.8665298744442815,0.8853496975325428,1970,1979,1741,1775,1715,255,4,26,1757,222,3,18,0.8595,0.88,0.8705583756345178,0.887822132390096,0.9850660539919587,0.9898591549295774,1970,1979,5999.968130726784,49000.0,0.7415480405558803,0.758478039212634,0.8665298744442815,0.8853496975325428
491,0.0,48854.5,4000,1111.695308718339,1115.0283450527222,1076.9483941307371,1080.4021324008734,3.333036334383223,3.4537382701362276,0.9650518000171903,0.02147072686954227,0.0210206024995179,0.021245664684530083,34.626212651848846,1978,1964,2000,2000,265,238,6004.682675550722,0.989,0.982,0.8660262891809909,0.8788187372708758,616048,586655,830092,772874,82225,67273,1905516.575284931,0.7421442442524443,0.75905645680926,0.8665282575383736,0.8853278332239561,1978,1964,1730,1758,1713,265,5,17,1726,238,4,32,0.859,0.865,0.8660262891809909,0.8788187372708758,0.9901734104046243,0.981797497155859,1978,1964,6004.682675550722,49100.0,0.7421442442524443,0.75905645680926,0.8665282575383736,0.8853278332239561
492,0.0,48954.0,4000,1115.0499707213576,1118.426971268318,1080.4241210783607,1083.8923592470292,3.3770005469605167,3.4682381686684494,0.9736933805376574,0.021496164949392712,0.021048817267733427,0.02127249110856307,34.53461202128892,1973,1978,2000,2000,269,222,6009.402509055186,0.9865,0.989,0.863659401926001,0.8877654196157735,618021,588633,832092,774874,82494,67495,1911525.9777939862,0.742731572951068,0.7596499559928452,0.8665190988655725,0.8853360243139613,1973,1978,1729,1776,1704,269,2,25,1756,222,2,20,0.853,0.879,0.863659401926001,0.8877654196157735,0.9855407750144592,0.9887387387387387,1973,1978,6009.402509055186,49200.0,0.742731572951068,0.7596499559928452,0.8665190988655725,0.8853360243139613
493,0.0,49053.5,4000,1118.4457718084536,1121.8061786009675,1083.9098844040425,1087.3654030593893,3.3604067925139134,3.45551865534685,0.9724753727820955,0.021521105940015633,0.02107656903417535,0.02129883748709549,34.440775541578205,1972,1973,2000,2000,229,230,6014.083415337458,0.986,0.9865,0.8838742393509128,0.8834262544348708,619993,590606,834092,776874,82723,67725,1917540.0612093236,0.7433148861276694,0.760233963293919,0.8665743000324198,0.8853296444668697,1972,1973,1768,1764,1743,229,3,25,1743,230,6,21,0.873,0.8745,0.8838742393509128,0.8834262544348708,0.9858597285067874,0.9880952380952381,1972,1973,6014.083415337458,49300.0,0.7433148861276694,0.760233963293919,0.8665743000324198,0.8853296444668697
494,0.0,49153.0,4000,1121.825247202863,1125.1888145628632,1087.3825915515197,1090.8373328524917,3.363567360000161,3.454741300972046,0.9736090395694081,0.02154601536041835,0.021104185894290427,0.02132510062735439,34.351481710371445,1982,1974,2000,2000,240,221,6018.803177997308,0.991,0.987,0.8789101917255298,0.8880445795339412,621975,592580,836092,778874,82963,67946,1923558.8643873208,0.7439073690455117,0.7608162552607995,0.8666136098717794,0.8853386884471295,1982,1974,1754,1774,1742,240,6,12,1753,221,5,21,0.874,0.879,0.8789101917255298,0.8880445795339412,0.9931584948688712,0.9881623449830891,1982,1974,6018.803177997308,49400.0,0.7439073690455117,0.7608162552607995,0.8666136098717794,0.8853386884471295
495,0.0,49252.5,4000,1125.2071499461774,1128.5955028639582,1090.8551030485742,1094.306671486719,3.3883529177808214,3.451568438144932,0.9816849871306373,0.021571310042540637,0.021131638824488375,0.021351474433514504,34.28883137723915,1975,1973,2000,2000,238,218,6023.444495066409,0.9875,0.9865,0.879493670886076,0.8895083628991384,623950,594553,838092,780874,83201,68164,1929582.3088823871,0.7444886718880505,0.761394283840927,0.8666543793573203,0.8853525253425683,1975,1973,1761,1780,1737,238,1,24,1755,218,2,25,0.869,0.8785,0.879493670886076,0.8895083628991384,0.9863713798977853,0.9859550561797753,1975,1973,6023.444495066409,49500.0,0.7444886718880505,0.761394283840927,0.8666543793573203,0.8853525253425683
496,0.0,49352.0,4000,1128.6177515714294,1131.941122828286,1094.3227682619527,1097.7870393416279,3.323371256856717,3.4642710796752,0.9593277143797612,0.021595271513509866,0.021159203420707325,0.021377237467108595,34.15408348665824,1975,1972,2000,2000,260,214,6028.044708528076,0.9875,0.986,0.8683544303797468,0.8914807302231237,625925,596525,840092,782874,83461,68378,1935610.3535909152,0.7450672069249559,0.7619680817091895,0.8666597435795024,0.8853727840409036,1975,1972,1736,1784,1715,260,4,21,1758,214,2,26,0.8595,0.88,0.8683544303797468,0.8914807302231237,0.9879032258064516,0.9854260089686099,1975,1972,6028.044708528076,49600.0,0.7450672069249559,0.7619680817091895,0.8666597435795024,0.8853727840409036
497,0.0,49451.5,4000,1131.95873962542,1135.3289604227314,1097.804071518015,1101.3034427137109,3.3702207973112763,3.4993711956958578,0.9630932555701912,0.021619986009346774,0.02118738215370556,0.021403684081526167,34.025517709020505,1979,1975,2000,2000,257,215,6032.679975573339,0.9895,0.9875,0.8701364325416877,0.8911392405063291,627904,598500,842092,784874,83718,68593,1941643.0335664887,0.7456477439519672,0.7625427775668451,0.8666707012536948,0.8853918128654971,1979,1975,1742,1783,1722,257,1,20,1760,215,2,23,0.8615,0.881,0.8701364325416877,0.8911392405063291,0.9885189437428243,0.9871003925967471,1979,1975,6032.679975573339,49700.0,0.7456477439519672,0.7625427775668451,0.8666707012536948,0.8853918128654971
498,0.0,49551.0,4000,1135.348615547159,1138.7433992067893,1101.3198719379316,1104.8609621383778,3.3947836596303205,3.541090200446206,0.9586831928773095,0.02164513541061431,0.021216273342647255,0.021430704376630784,33.88243706841149,1976,1983,2000,2000,243,211,6037.330632690947,0.988,0.9915,0.8770242914979757,0.8935955622793746,629880,600483,844092,786874,83961,68804,1947680.3641991797,0.7462219758035854,0.7631247188241065,0.8667031815583921,0.8854189044485855,1976,1983,1755,1786,1733,243,2,22,1772,211,3,14,0.8675,0.8875,0.8770242914979757,0.8935955622793746,0.9874643874643875,0.9921612541993281,1976,1983,6037.330632690947,49800.0,0.7462219758035854,0.7631247188241065,0.8667031815583921,0.8854189044485855
499,0.0,49650.5,4000,1138.7597086295948,1142.088985014368,1104.8779888945974,1108.2801120786994,3.329276384773266,3.402123184102038,0.9785878419484686,0.021668804193510447,0.02124227579968246,0.021455539996596454,33.80887293566866,1967,1974,2000,2000,247,236,6041.861025187999,0.9835,0.987,0.8744280630401626,0.8804457953394124,631847,602457,846092,788874,84208,69040,1953722.2252243676,0.7467828557650941,0.7636923006715901,0.8667272298515305,0.8854026096468296,1967,1974,1748,1760,1720,247,5,28,1738,236,4,22,0.8625,0.871,0.8744280630401627,0.8804457953394124,0.9839816933638444,0.9875,1967,1974,6041.861025187999,49900.0,0.7467828557650941,0.7636923006715901,0.8667272298515305,0.8854026096468296
500,0.0,49750.0,4000,1142.103126307851,1145.4735705221585,1108.2927288673723,1111.7498692282925,3.370444214307554,3.4571403609202207,0.9749225841123819,0.021693158295279236,0.02126918639107496,0.021481172343177098,33.72370129386604,1977,1966,2000,2000,263,221,6046.320324235947,0.9885,0.983,0.8669701568032372,0.887589013224822,633824,604423,848092,790874,84471,69261,1959768.5455486036,0.7473528815270042,0.7642468964714986,0.8667279875801485,0.8854097213375401,1977,1966,1734,1775,1714,263,3,20,1745,221,4,30,0.8585,0.8745,0.8669701568032372,0.887589013224822,0.9884659746251442,0.9830985915492958,1977,1966,6046.320324235947,50000.0,0.7473528815270042,0.7642468964714986,0.8667279875801485,0.8854097213375401
501,0.0,49849.5,4000,1145.4896643016868,1148.8539204320368,1111.7649677636646,1115.1381372986236,3.364256130349986,3.373169534959061,0.9973575580721047,0.021717330632212376,0.021294363026428724,0.021505846829320552,33.7157831334132,1971,1976,2000,2000,248,252,6050.82840395863,0.9855,0.988,0.8741755454084221,0.8724696356275303,635795,606399,850092,792874,84719,69513,1965819.3739525622,0.7479131670454492,0.76481130671456,0.866751075425255,0.8853675550256515,1971,1976,1746,1746,1723,248,6,23,1724,252,2,22,0.8645,0.863,0.8741755454084221,0.8724696356275303,0.9868270332187858,0.9873997709049256,1971,1976,6050.82840395863,50100.0,0.7479131670454492,0.76481130671456,0.866751075425255,0.8853675550256515
502,0.0,49949.0,4000,1148.8734107376083,1152.31479332438,1115.1490443768803,1118.620167900175,3.441382586771624,3.4711235232946365,0.9914318991175561,0.021743010708489705,0.021321307135968734,0.02153215892222922,33.694625424205014,1978,1969,2000,2000,224,230,6055.320882923714,0.989,0.9845,0.8867542972699697,0.8831894362620619,637773,608368,852092,794874,84943,69743,1971874.694835486,0.7484790374748267,0.7653640702803212,0.8668131137567755,0.8853605054835232,1978,1969,1772,1764,1754,224,4,18,1739,230,6,25,0.879,0.8725,0.8867542972699697,0.8831894362620619,0.989841986455982,0.985827664399093,1978,1969,6055.320882923714,50200.0,0.7484790374748267,0.7653640702803212,0.8668131137567755,0.8853605054835232
503,0.0,50048.5,4000,1152.3313300190052,1155.652834321173,1118.6325587947604,1122.051080246917,3.3215043021677957,3.4185214521567104,0.9716201429926065,0.021766146691112848,0.021347127844381163,0.021556637267747005,33.60175407425595,1978,1985,2000,2000,269,237,6059.799939078213,0.989,0.9925,0.8640040444893833,0.8806045340050378,639751,610353,854092,796874,85212,69980,1977934.4947745642,0.7490422577427256,0.7659341376428394,0.8668044285980014,0.8853450380353665,1978,1985,1729,1761,1709,269,2,20,1748,237,2,13,0.8555,0.875,0.8640040444893832,0.8806045340050378,0.9884326200115674,0.9926178307779671,1978,1985,6059.799939078213,50300.0,0.7490422577427256,0.7659341376428394,0.8668044285980014,0.8853450380353665
504,0.0,50148.0,4000,1155.6716796269397,1159.0005942305809,1122.0648602112649,1125.540149277726,3.328914603641124,3.475289066461073,0.9578813560481736,0.021789383699848893,0.021373999992126615,0.021581691845987752,33.460444952854914,1980,1974,2000,2000,265,211,6064.271116557958,0.99,0.987,0.8661616161616161,0.8931104356636271,641731,612327,856092,798874,85477,70191,1983998.7658911222,0.7496051826205594,0.7664875812706384,0.8668024452613322,0.8853700718733618,1980,1974,1732,1788,1715,265,3,17,1763,211,1,25,0.859,0.882,0.8661616161616161,0.8931104356636271,0.9901847575057737,0.9860178970917226,1980,1974,6064.271116557958,50400.0,0.7496051826205594,0.7664875812706384,0.8668024452613322,0.8853700718733618
505,0.0,50247.5,4000,1159.018055716166,1162.395435290205,1125.5612085774007,1128.9672088492175,3.3773795740389687,3.4060002718167652,0.991596977247882,0.021813460980831846,0.02139953780543907,0.021606499393135456,33.42822644098737,1980,1979,2000,2000,252,233,6068.721837501875,0.99,0.9895,0.8727272727272728,0.8822637695805963,643711,614306,858092,800874,85729,70424,1990067.4877286241,0.7501654834213581,0.7670445038795116,0.8668206695240566,0.8853600648536722,1980,1979,1747,1762,1728,252,1,19,1746,233,5,16,0.8645,0.8755,0.8727272727272727,0.8822637695805963,0.9891242129364625,0.9909194097616345,1980,1979,6068.721837501875,50500.0,0.7501654834213581,0.7670445038795116,0.8668206695240566,0.8853600648536722
506,0.0,50347.0,4000,1162.4114749776352,1165.7805725588557,1128.9842441469814,1132.3916981081588,3.369097581220558,3.4074539611774526,0.98874339011065,0.021837251320171128,0.02142492388208724,0.02163108760112918,33.3888744506969,1970,1973,2000,2000,241,245,6073.1443404179745,0.985,0.9865,0.8776649746192894,0.8758236188545363,645681,616279,860092,802874,85970,70669,1996140.6320690422,0.7507115517874832,0.7675911786905542,0.866853755956889,0.8853295341882491,1970,1973,1755,1751,1729,241,4,26,1728,245,4,23,0.8665,0.866,0.8776649746192894,0.8758236188545362,0.9851851851851852,0.9868646487721302,1970,1973,6073.1443404179745,50600.0,0.7507115517874832,0.7675911786905542,0.866853755956889,0.8853295341882491
507,0.0,50446.5,4000,1165.7973627507315,1169.2094641517726,1132.408809295814,1135.8303122357886,3.4121014010411272,3.4215029399745163,0.9972522195367575,0.02186181081644134,0.021450488413436768,0.021656149614939054,33.37915191598404,1971,1970,2000,2000,249,240,6077.4976003504835,0.9855,0.985,0.873668188736682,0.8781725888324873,647652,618249,862092,804874,86219,70909,2002218.1296693927,0.7512562464330953,0.7681314093883018,0.8668744943272004,0.8853067291657568,1971,1970,1745,1754,1722,249,6,23,1730,240,6,24,0.864,0.868,0.8736681887366818,0.8781725888324873,0.9868194842406877,0.9863169897377423,1971,1970,6077.4976003504835,50700.0,0.7512562464330953,0.7681314093883018,0.8668744943272004,0.8853067291657568
508,0.0,50546.0,4000,1169.225966997395,1172.6172151704568,1135.849177060759,1139.3178398274342,3.39124817306174,3.468662766675152,0.9776817180507816,0.021885857468745277,0.021476915160489954,0.021681386314617614,33.299375343022575,1974,1975,2000,2000,260,229,6081.898348189719,0.987,0.9875,0.8682877406281662,0.8840506329113924,649626,620224,864092,806874,86479,71138,2008300.0280175824,0.7518018914652607,0.7686751586988799,0.8668787887184318,0.8853027293364978,1974,1975,1735,1767,1714,260,5,21,1746,229,4,21,0.8595,0.875,0.8682877406281662,0.8840506329113924,0.9878962536023055,0.9881154499151104,1974,1975,6081.898348189719,50800.0,0.7518018914652607,0.7686751586988799,0.8668787887184318,0.8853027293364978
509,0.0,50645.5,4000,1172.635911365018,1176.020977632289,1139.33699930715,1142.869855315501,3.385066267270986,3.532856008350791,0.9581670634946721,0.021909731274540125,0.021504505022415646,0.021707118148477887,33.15112231678813,1975,1964,2000,2000,264,211,6086.287391001411,0.9875,0.982,0.8663291139240507,0.8925661914460286,651601,622188,866092,808874,86743,71349,2014386.3154085837,0.7523461710765138,0.769202619938334,0.8668771226563495,0.8853256571968601,1975,1964,1734,1786,1711,264,2,23,1753,211,3,33,0.8565,0.878,0.8663291139240507,0.8925661914460286,0.9867358708189158,0.9815229563269877,1975,1964,6086.287391001411,50900.0,0.7523461710765138,0.769202619938334,0.8668771226563495,0.8853256571968601
510,0.0,50745.0,4000,1176.035636329294,1179.3818340520124,1142.889039398008,1146.340457159725,3.3461977227184434,3.451417761717039,0.9695139660675994,0.021932670162623836,0.021530390342846675,0.021731530252735255,33.04137689228742,1982,1973,2000,2000,253,211,6090.601813229507,0.991,0.9865,0.872351160443996,0.8930562595032945,653583,624161,868092,810874,86996,71560,2020476.9172218132,0.7528960064140667,0.7697385783734587,0.8668937227559468,0.8853500939661402,1982,1973,1745,1786,1729,253,2,16,1762,211,3,24,0.8655,0.8825,0.872351160443996,0.8930562595032945,0.9908309455587393,0.986562150055991,1982,1973,6090.601813229507,51000.0,0.7528960064140667,0.7697385783734587,0.8668937227559468,0.8853500939661402
511,0.0,50844.5,4000,1179.3964511223514,1182.8204605595688,1146.3552176113758,1149.8069045822508,3.4240094372173644,3.4516869708750164,0.991981447364378,0.021957041189850725,0.021556093051031434,0.021756567120441078,33.01355597731799,1972,1966,2000,2000,247,227,6094.9289025686885,0.986,0.983,0.8747464503042597,0.8845371312309257,655555,626127,870092,812874,87243,71787,2026571.846124382,0.7534318210028365,0.7702632880372604,0.8669173448452074,0.8853475413135035,1972,1966,1749,1770,1725,247,4,24,1739,227,3,31,0.8645,0.871,0.8747464503042597,0.8845371312309257,0.9862778730703259,0.9824858757062147,1972,1966,6094.9289025686885,51100.0,0.7534318210028365,0.7702632880372604,0.8669173448452074,0.8853475413135035
512,0.0,50944.0,4000,1182.8340778394572,1186.1898154369132,1149.8242111843513,1153.3120351717112,3.3557375974560273,3.4878239873598886,0.9621292845101842,0.021979964056224932,0.021582450888616534,0.02178120747242073,32.87778026520209,1979,1978,2000,2000,263,224,6099.261540393645,0.9895,0.989,0.8671045982819606,0.8867542972699697,657534,628105,872092,814874,87506,72011,2032671.1076647756,0.7539732046618934,0.7708001482437775,0.866917908427549,0.8853519714060547,1979,1978,1735,1774,1716,263,2,19,1754,224,2,20,0.859,0.878,0.8671045982819606,0.8867542972699697,0.9890489913544669,0.9887260428410372,1979,1978,6099.261540393645,51200.0,0.7539732046618934,0.7708001482437775,0.866917908427549,0.8853519714060547
513,0.0,51043.5,4000,1186.2072676715372,1189.6131043999146,1153.3308747065132,1156.8176553575252,3.4058367283773805,3.486780651011941,0.9767854847390333,0.02200384890139801,0.021608715510389485,0.02180628220589375,32.795449042389464,1976,1981,2000,2000,262,202,6103.572730581657,0.988,0.9905,0.8674089068825911,0.8980312973245835,659510,630086,874092,816874,87768,72213,2038774.6803953573,0.7545086787203178,0.7713380521353355,0.8669193795393549,0.8853918354002469,1976,1981,1736,1798,1714,262,2,22,1779,202,0,19,0.858,0.8895,0.8674089068825911,0.8980312973245835,0.9873271889400922,0.9894327030033371,1976,1981,6103.572730581657,51300.0,0.7545086787203178,0.7713380521353355,0.8669193795393549,0.8853918354002469
514,0.0,51143.0,4000,1189.6224561898277,1192.971734897704,1156.8397750392007,1160.3755373256035,3.3492787078762376,3.5357622864028144,0.9472578857340831,0.022026382862636328,0.021635894701382472,0.0218311387820094,32.596197572100436,1982,1971,2000,2000,254,212,6107.885245946734,0.991,0.9855,0.8718466195761857,0.8924403855910705,661492,632057,876092,818874,88022,72425,2044882.565641304,0.7550485565442898,0.7718611166064621,0.866934142816542,0.8854138155261313,1982,1971,1742,1787,1728,254,4,14,1759,212,1,28,0.866,0.88,0.8718466195761857,0.8924403855910705,0.9919632606199771,0.9843312814773363,1982,1971,6107.885245946734,51400.0,0.7550485565442898,0.7718611166064621,0.866934142816542,0.8854138155261313
515,0.0,51242.5,4000,1192.988723070431,1196.386046988464,1160.396944089541,1163.8241204001952,3.397323918032953,3.427176310654204,0.9912895077710336,0.022049910509325577,0.02166084603350778,0.02185537827141668,32.56192658826876,1980,1977,2000,2000,247,235,6112.143149011191,0.99,0.9885,0.8752525252525253,0.8811330298431967,663472,634034,878092,820874,88269,72660,2050994.7087903153,0.7555836973802289,0.7723889415427946,0.8669589673716449,0.8854004674828164,1980,1977,1750,1762,1733,247,3,17,1742,235,3,20,0.868,0.8725,0.8752525252525253,0.8811330298431967,0.9902857142857143,0.9886492622020431,1980,1977,6112.143149011191,51500.0,0.7555836973802289,0.7723889415427946,0.8669589673716449,0.8854004674828164
516,0.0,51342.0,4000,1196.4037746490433,1199.8182140634449,1163.843226502388,1167.3019436255179,3.4144394144016132,3.4587171231298726,0.9871982277960357,0.022073692990411786,0.021686267324631265,0.021879980157521524,32.516270437927005,1972,1979,2000,2000,241,219,6116.392995273436,0.986,0.9895,0.8777890466531441,0.8893380495199595,665444,636013,880092,822874,88510,72879,2057111.1017855888,0.7561073160533217,0.772916631221791,0.8669910616069872,0.8854127195513299,1972,1979,1755,1781,1731,241,4,24,1760,219,0,21,0.8675,0.88,0.8777890466531441,0.8893380495199595,0.9863247863247864,0.9882088714205502,1972,1979,6116.392995273436,51600.0,0.7561073160533217,0.772916631221791,0.8669910616069872,0.8854127195513299
517,0.0,51441.5,4000,1199.8306291590427,1203.2527021542408,1167.3185028453197,1170.7576798966206,3.42207299519805,3.4391770513009305,0.9950267009090414,0.022097428363559844,0.021711163060388318,0.02190429571197408,32.49502225762012,1973,1985,2000,2000,237,245,6120.6255965791925,0.9865,0.9925,0.8798783578307147,0.8765743073047859,667417,637998,882092,824874,88747,73124,2063231.727382168,0.7566296939548256,0.7734490358527484,0.8670291586819036,0.8853852206433249,1973,1985,1759,1754,1736,237,4,23,1740,245,1,14,0.87,0.8705,0.8798783578307147,0.8765743073047859,0.9869243888573053,0.992018244013683,1973,1985,6120.6255965791925,51700.0,0.7566296939548256,0.7734490358527484,0.8670291586819036,0.8853852206433249
518,0.0,51541.0,4000,1203.2651582767392,1206.7336764299102,1170.7763613224624,1174.3461644444105,3.4685181531710896,3.569803121948098,0.9716272955910981,0.02212196951103694,0.021738525381657645,0.021930247446347292,32.387511985499714,1978,1976,2000,2000,236,212,6124.8806000474115,0.989,0.988,0.8806875631951466,0.8927125506072875,669395,639974,884092,826874,88983,73336,2069356.6079822152,0.7571553639214018,0.7739679806113144,0.8670695179975949,0.8854078446936907,1978,1976,1762,1785,1742,236,2,20,1764,212,3,21,0.872,0.8835,0.8806875631951466,0.8927125506072875,0.9886492622020431,0.9882352941176471,1978,1976,6124.8806000474115,51800.0,0.7571553639214018,0.7739679806113144,0.8670695179975949,0.8854078446936907
519,0.0,51640.5,4000,1206.750350534995,1210.0776611804838,1174.3624543696542,1177.7517008141538,3.327310645488751,3.3892464444995767,0.9817257906661401,0.022143776597731927,0.021762257247391316,0.021953016922561623,32.32596036633004,1981,1970,2000,2000,256,247,6129.1092966917595,0.9905,0.985,0.8707723372034326,0.8746192893401015,671376,641944,886092,828874,89239,73583,2075485.717278907,0.7576820465594994,0.7744771822979126,0.8670804437453826,0.8853747367371608,1981,1970,1739,1748,1725,256,5,14,1723,247,5,25,0.865,0.864,0.8707723372034326,0.8746192893401015,0.9919493962047153,0.9856979405034325,1981,1970,6129.1092966917595,51900.0,0.7576820465594994,0.7744771822979126,0.8670804437453826,0.8853747367371608
520,0.0,51740.0,4000,1210.099098302697,1213.541991035194,1177.769924863784,1181.3001879209562,3.4428927324970573,3.5302630571723057,0.9752510441119278,0.022167814139942257,0.02178864688935407,0.021978230514648166,32.24180311423788,1988,1983,2000,2000,235,211,6133.280114857222,0.994,0.9915,0.8817907444668008,0.8935955622793746,673364,643927,888092,830874,89474,73794,2081618.9973937643,0.758214239065322,0.7749995787568271,0.8671238735661544,0.8854000531116105,1988,1983,1763,1786,1753,235,2,10,1772,211,3,14,0.8775,0.8875,0.8817907444668008,0.8935955622793746,0.9943278502552467,0.9921612541993281,1988,1983,6133.280114857222,52000.0,0.758214239065322,0.7749995787568271,0.8671238735661544,0.8854000531116105
521,0.0,51839.5,4000,1213.5574767535218,1216.91356973574,1181.3169012114174,1184.7249601231877,3.3560929822183425,3.4080589117702402,0.9847520448157673,0.02218997915503922,0.021812560661202362,0.02200126990812079,32.188609612552455,1981,1972,2000,2000,264,242,6137.413266136349,0.9905,0.986,0.8667339727410399,0.8772819472616633,675345,645899,890092,832874,89738,74036,2087756.4106599006,0.7587361755863439,0.7755062590499884,0.8671227298639954,0.8853752676502054,1981,1972,1734,1757,1717,264,2,17,1730,242,1,27,0.8595,0.8655,0.8667339727410399,0.8772819472616633,0.9901960784313726,0.9846328969834945,1981,1972,6137.413266136349,52100.0,0.7587361755863439,0.7755062590499884,0.8671227298639954,0.8853752676502054
522,0.0,51939.0,4000,1216.929122545297,1220.391626181529,1184.741968559327,1188.2109626297265,3.462503636231986,3.4689940703995035,0.9981290154910037,0.02221409905025541,0.02183755580373912,0.022025827426997262,32.18066355180258,1976,1982,2000,2000,227,238,6141.569379643608,0.988,0.991,0.8851214574898786,0.8799192734611504,677321,647881,892092,834874,89965,74274,2093897.9800395442,0.7592501670231322,0.7760224896211884,0.8671752389192127,0.8853585766521939,1976,1982,1770,1756,1749,227,3,21,1744,238,6,12,0.876,0.875,0.8851214574898786,0.8799192734611504,0.988135593220339,0.9931662870159453,1976,1982,6141.569379643608,52200.0,0.7592501670231322,0.7760224896211884,0.8671752389192127,0.8853585766521939
523,0.0,52038.5,4000,1220.4145442039633,1223.8366700399577,1188.2284074285244,1191.6603473726618,3.422125835994393,3.4319399441374117,0.9971403613400102,0.0222374954929591,0.02186175521411314,0.02204962535353612,32.176322667295835,1975,1980,2000,2000,240,224,6145.69071293066,0.9875,0.99,0.8784810126582279,0.8868686868686868,679296,649861,894092,836874,90205,74498,2100043.670752475,0.7597607405054514,0.7765338629232118,0.867208109572263,0.8853631776641466,1975,1980,1757,1770,1735,240,3,22,1756,224,6,14,0.869,0.881,0.8784810126582279,0.8868686868686869,0.9874786568013659,0.992090395480226,1975,1980,6145.69071293066,52300.0,0.7597607405054514,0.7765338629232118,0.867208109572263,0.8853631776641466
524,0.0,52138.0,4000,1223.8556169687556,1227.203276996219,1191.6776957541472,1195.1394920761506,3.347660027463462,3.4617963220034653,0.9670297487421361,0.02225930574881722,0.021886430198503934,0.02207286797366058,32.06378492006843,1983,1975,2000,2000,251,221,6149.775617481418,0.9915,0.9875,0.8734241048915784,0.8881012658227848,681279,651836,896092,838874,90456,74719,2106193.4463699562,0.7602779625306331,0.7770368374749963,0.8672262024809219,0.8853714738062948,1983,1975,1744,1776,1732,251,5,12,1754,221,3,22,0.8685,0.8785,0.8734241048915784,0.8881012658227848,0.9931192660550459,0.9876126126126126,1983,1975,6149.775617481418,52400.0,0.7602779625306331,0.7770368374749963,0.8672262024809219,0.8853714738062948
525,0.0,52237.5,4000,1227.2236392436312,1230.6346469893003,1195.1579934404904,1198.523614693039,3.411007745669167,3.3656212525486353,1.0134853240203907,0.022282266499640067,0.021909201238447515,0.02209573386904379,32.11103229626133,1977,1979,2000,2000,248,238,6153.835710889781,0.9885,0.9895,0.8745574102175013,0.8797372410308236,683256,653815,898092,840874,90704,74957,2112347.282080846,0.7607862000774976,0.7775421763546024,0.8672474153172457,0.8853544198282388,1977,1979,1750,1758,1729,248,2,21,1741,238,4,17,0.8655,0.8725,0.8745574102175012,0.8797372410308236,0.988,0.9903299203640501,1977,1979,6153.835710889781,52500.0,0.7607862000774976,0.7775421763546024,0.8672474153172457,0.8853544198282388
526,0.0,52337.0,4000,1230.6524129965971,1234.0485433759209,1198.5444191925505,1201.9968262822335,3.396130379323722,3.4524070896829926,0.9836992831675485,0.02230480774938639,0.021933579403188005,0.022119193576287197,32.05171709368733,1979,1982,2000,2000,249,245,6157.899928812594,0.9895,0.991,0.8741788782213239,0.8763874873864783,685235,655797,900092,842874,90953,75202,2118505.1820096583,0.7612944010167849,0.7780486763146093,0.8672674338000832,0.8853273192771544,1979,1982,1750,1753,1730,249,1,20,1737,245,2,16,0.8655,0.8695,0.8741788782213239,0.8763874873864783,0.9885714285714285,0.9908727895037079,1979,1982,6157.899928812594,52600.0,0.7612944010167849,0.7780486763146093,0.8672674338000832,0.8853273192771544
527,0.0,52436.5,4000,1234.065904285627,1237.5001892804316,1202.0161082893264,1205.4921414002963,3.434284994804557,3.4760331109698654,0.9879897242539039,0.022327979763230265,0.021958284472974418,0.022143132118102343,32.00804788013534,1978,1980,2000,2000,239,243,6161.963501374611,0.989,0.99,0.8791708796764408,0.8772727272727273,687213,657777,902092,844874,91192,75445,2124667.145511033,0.7617992399888259,0.7785504110672123,0.867301695398661,0.885303073838094,1978,1980,1755,1755,1739,239,6,16,1737,243,2,18,0.8725,0.8695,0.8791708796764408,0.8772727272727273,0.9908831908831909,0.9897435897435898,1978,1980,6161.963501374611,52700.0,0.7617992399888259,0.7785504110672123,0.867301695398661,0.885303073838094
528,0.0,52536.0,4000,1237.5129612578692,1240.8489708117484,1205.5113643718576,1208.9847844872995,3.336009553879194,3.473420115441968,0.9604394064075691,0.022349115815408174,0.021982845356302176,0.022165980585855175,31.864186324448838,1979,1983,2000,2000,267,230,6166.000834306869,0.9895,0.9915,0.8650833754421425,0.8840141200201714,689192,659760,904092,846874,91459,75675,2130833.1463453397,0.7623029514695407,0.7790533184393428,0.867295325540633,0.8852991997089851,1979,1983,1729,1767,1712,267,4,17,1753,230,3,14,0.858,0.878,0.8650833754421425,0.8840141200201714,0.9901677270098322,0.9920769666100736,1979,1983,6166.000834306869,52800.0,0.7623029514695407,0.7790533184393428,0.867295325540633,0.8852991997089851
529,0.0,52635.5,4000,1240.8630378892028,1244.195583173281,1209.0050139622213,1212.5336222827104,3.332545284078151,3.528608320489184,0.9444361576566673,0.022370130953026167,0.02200837566367043,0.022189253308348297,31.661960890570526,1974,1981,2000,2000,276,217,6170.042168665344,0.987,0.9905,0.8601823708206687,0.8904593639575972,691166,661741,906092,848874,91735,75892,2137003.188514005,0.7627989210808616,0.7795514999870417,0.8672750106342036,0.8853146472713644,1974,1981,1719,1779,1698,276,5,21,1764,217,4,15,0.8515,0.884,0.8601823708206687,0.8904593639575972,0.987783595113438,0.9915682967959528,1974,1981,6170.042168665344,52900.0,0.7627989210808616,0.7795514999870417,0.8672750106342036,0.8853146472713644
530,0.0,52735.0,4000,1244.2091447202488,1247.5577617634438,1212.5525525844512,1216.0511494297014,3.348617043194963,3.4985968452501766,0.9571314419211143,0.02239136049066504,0.022033218863304845,0.022212289676984943,31.506612333742396,1982,1980,2000,2000,261,223,6174.06964851879,0.991,0.99,0.8683148335015136,0.8873737373737374,693148,663721,908092,850874,91996,76115,2143177.2581625236,0.7633015157054571,0.7800461642969464,0.8672779839226255,0.8853207899102183,1982,1980,1737,1775,1721,261,2,16,1757,223,2,18,0.8615,0.8795,0.8683148335015136,0.8873737373737374,0.9907887161773172,0.9898591549295774,1982,1980,6174.06964851879,53000.0,0.7633015157054571,0.7800461642969464,0.8672779839226255,0.8853207899102183
531,0.0,52834.5,4000,1247.571626837804,1250.9543504314263,1216.069932760515,1219.5255121730208,3.3827235936223587,3.455579412505813,0.9789164680690632,0.02241315809177457,0.02205715560260784,0.022235156847191205,31.42883825840545,1980,1983,2000,2000,258,239,6178.056873932719,0.99,0.9915,0.8696969696969696,0.8794755421079173,695128,665704,910092,852874,92254,76354,2149355.3150364566,0.7637997037662126,0.7805420261375068,0.8672848741526741,0.8853033780779446,1980,1983,1741,1760,1722,258,1,19,1744,239,1,16,0.8615,0.8725,0.8696969696969697,0.8794755421079173,0.9890867317633544,0.990909090909091,1980,1983,6178.056873932719,53100.0,0.7637997037662126,0.7805420261375068,0.8672848741526741,0.8853033780779446
532,0.0,52934.0,4000,1250.9708152066532,1254.354458725719,1219.5438443458631,1223.0608060862198,3.3836435190657994,3.5169617403566917,0.9620927860087067,0.022434939905404554,0.02208214767691119,0.022258543791157874,31.293652639499214,1988,1988,2000,2000,262,224,6182.00189863582,0.994,0.994,0.8682092555331992,0.8873239436619719,697116,667692,912092,854874,92516,76578,2155537.316935092,0.764304478057038,0.7810414166298192,0.8672875102565427,0.8853093941517945,1988,1988,1736,1773,1726,262,2,10,1764,224,3,9,0.864,0.8835,0.8682092555331992,0.8873239436619719,0.9942396313364056,0.9949238578680203,1988,1988,6182.00189863582,53200.0,0.764304478057038,0.7810414166298192,0.8672875102565427,0.8853093941517945
533,0.0,53033.5,4000,1254.3674197832097,1257.7327319712888,1223.0785218722526,1226.5490876769816,3.3653121880790877,3.470565804728949,0.9696724907199731,0.02245623032294732,0.022106163940008198,0.02228119713147776,31.183644294307214,1981,1982,2000,2000,255,231,6185.936645935042,0.9905,0.991,0.8712771327612316,0.8834510595358224,699097,669674,914092,856874,92771,76809,2161723.253581027,0.7647993856198282,0.7815314737055856,0.8672988154719589,0.8853038941335635,1981,1982,1743,1766,1726,255,2,17,1751,231,3,15,0.864,0.877,0.8712771327612318,0.8834510595358224,0.9902467010900746,0.9915062287655719,1981,1982,6185.936645935042,53300.0,0.7647993856198282,0.7815314737055856,0.8672988154719589,0.8853038941335635
534,0.0,53133.0,4000,1257.7517630518178,1261.1224588289963,1226.5726774575046,1230.061379774429,3.3706957771785255,3.4887023169244458,0.9661746606543513,0.02247765548821722,0.022130539889510945,0.022304097688864082,31.061079054567244,1981,1981,2000,2000,248,218,6189.904190824868,0.9905,0.9905,0.8748107016658253,0.889954568399798,701078,671655,916092,858874,93019,77027,2167913.157771852,0.7652921322312606,0.7820180841427264,0.8673200414219245,0.885317610975873,1981,1981,1747,1780,1733,248,5,14,1763,218,2,17,0.869,0.8825,0.8748107016658253,0.889954568399798,0.9919862621637092,0.9904494382022472,1981,1981,6189.904190824868,53400.0,0.7652921322312606,0.7820180841427264,0.8673200414219245,0.885317610975873
535,0.0,53232.5,4000,1261.1362278033898,1264.5612520854067,1230.081162946044,1233.608630526605,3.4250242820169206,3.5274675805610514,0.9709584011179383,0.022499917688359065,0.022155478146767486,0.022327697917563276,30.95262155880164,1979,1972,2000,2000,227,213,6193.818223131798,0.9895,0.986,0.8852956038403234,0.8919878296146044,703057,673627,918092,860874,93246,77240,2174106.9759949837,0.7657805535828653,0.782491979081724,0.8673706399338887,0.8853371376147334,1979,1972,1770,1786,1752,227,3,18,1759,213,1,27,0.8775,0.88,0.8852956038403234,0.8919878296146044,0.9898305084745763,0.9848824188129899,1979,1972,6193.818223131798,53500.0,0.7657805535828653,0.782491979081724,0.8673706399338887,0.8853371376147334
536,0.0,53332.0,4000,1264.5826969257403,1267.9876474100784,1233.6326192036934,1237.1453191174637,3.4049504843380873,3.512699913770348,0.9693257516789676,0.022521865515893313,0.02218012629557685,0.022350995905735083,30.84232829261464,1984,1981,2000,2000,230,210,6197.639570503837,0.992,0.9905,0.8840725806451613,0.8939929328621908,705041,675608,920092,862874,93476,77450,2180304.6155654876,0.7662722858148968,0.78297410745949,0.8674176395415302,0.8853625179097938,1984,1981,1767,1788,1754,230,3,13,1771,210,2,17,0.8785,0.8865,0.8840725806451613,0.8939929328621908,0.9926428975664969,0.9904921700223713,1984,1981,6197.639570503837,53600.0,0.7662722858148968,0.78297410745949,0.8674176395415302,0.8853625179097938
537,0.0,53431.5,4000,1268.0059351459176,1271.39860221895,1237.1619752043555,1240.6162870702804,3.392667073032271,3.454311865924865,0.9821542479992353,0.02254344406817045,0.022203458796941078,0.022373451432555765,30.782315148669568,1973,1976,2000,2000,267,226,6201.453442381933,0.9865,0.988,0.8646730866700456,0.8856275303643725,707014,677584,922092,864874,93743,77676,2186506.06900787,0.7667499555358901,0.7834482248281253,0.8674099805661557,0.8853632907506671,1973,1976,1730,1771,1706,267,3,24,1750,226,3,21,0.8545,0.8765,0.8646730866700456,0.8856275303643725,0.9861271676300578,0.9881422924901185,1973,1976,6201.453442381933,53700.0,0.7667499555358901,0.7834482248281253,0.8674099805661557,0.8853632907506671
538,0.0,53531.0,4000,1271.419355813575,1274.8067669392792,1240.6291231803793,1244.1738326423872,3.3874111257041477,3.5447094620078587,0.9556244769875691,0.022564890542399303,0.0222283138098112,0.02239660217610525,30.632934296892017,1987,1981,2000,2000,245,206,6205.307344426351,0.9935,0.9905,0.8766985405133367,0.8960121150933872,709001,679565,924092,866874,93988,77882,2192711.376352296,0.7672407076351705,0.783925922337041,0.8674360120789675,0.8853943331395819,1987,1981,1751,1792,1742,245,4,9,1775,206,2,17,0.873,0.8885,0.8766985405133367,0.8960121150933872,0.9948600799543118,0.9905133928571429,1987,1981,6205.307344426351,53800.0,0.7672407076351705,0.783925922337041,0.8674360120789675,0.8853943331395819
539,0.0,53630.5,4000,1274.8251404537568,1278.2051132142424,1244.1897393217034,1247.7024544707638,3.3799727604855434,3.512715149060341,0.9622108873216474,0.022586075277477656,0.022252539977666404,0.02241930762757203,30.502658743478605,1986,1978,2000,2000,272,211,6209.123352008106,0.993,0.989,0.8630412890231621,0.8933265925176946,710987,681543,926092,868874,94260,78093,2198920.499704304,0.7677282602592399,0.7843979679447193,0.867423736298976,0.8854173544442537,1986,1978,1724,1787,1714,272,4,10,1767,211,2,20,0.859,0.8845,0.8630412890231621,0.8933265925176946,0.994199535962877,0.9888080581980974,1986,1978,6209.123352008106,53900.0,0.7677282602592399,0.7843979679447193,0.867423736298976,0.8854173544442537
540,0.0,53730.0,4000,1278.2207664149423,1281.6332519345278,1247.715976616501,1251.1635612063978,3.412485519585516,3.4475845898969055,0.9898192286813653,0.02260773326252465,0.022275426139478766,0.022441579701001708,30.46969072812999,1975,1974,2000,2000,226,225,6212.971869388751,0.9875,0.987,0.8855696202531645,0.8860182370820668,712962,683517,928092,870874,94486,78318,2205133.4715736927,0.7682018592984317,0.7848632523189347,0.8674740028220298,0.8854190897958646,1975,1974,1770,1772,1749,226,4,21,1749,225,3,23,0.8765,0.876,0.8855696202531645,0.8860182370820668,0.988135593220339,0.9870203160270881,1975,1974,6212.971869388751,54000.0,0.7682018592984317,0.7848632523189347,0.8674740028220298,0.8854190897958646
541,0.0,53829.5,4000,1281.6486237454333,1285.0188418323144,1251.1776672847498,1254.6872263876,3.3702180868810956,3.5095591028502895,0.9602967176543549,0.022628524696379253,0.022299384042755187,0.02246395436956722,30.331615444714316,1978,1979,2000,2000,252,237,6216.765098923524,0.989,0.9895,0.8725985844287159,0.8802425467407782,714940,685496,930092,872874,94738,78555,2211350.236672616,0.768676647041368,0.7853321327018562,0.867488180826363,0.8854041453195934,1978,1979,1744,1761,1726,252,4,18,1742,237,2,19,0.865,0.872,0.8725985844287159,0.8802425467407782,0.9896788990825688,0.9892106757524134,1978,1979,6216.765098923524,54100.0,0.768676647041368,0.7853321327018562,0.867488180826363,0.8854041453195934
542,0.0,53929.0,4000,1285.0417497007218,1288.398424159317,1254.7035286810014,1258.2273157518641,3.3566744585953074,3.5237870708626815,0.9525758483964066,0.022649128568286353,0.022323556569692243,0.0224863425689893,30.171108407452948,1981,1981,2000,2000,253,225,6220.562959585198,0.9905,0.9905,0.8722867238768299,0.8864209994952045,716921,687477,932092,874874,94991,78780,2217570.7996322014,0.769152615836205,0.7858011553663727,0.8675014401865757,0.8854070754367055,1981,1981,1743,1773,1728,253,4,15,1756,225,2,17,0.866,0.879,0.8722867238768299,0.8864209994952045,0.9913941480206541,0.9904117315284828,1981,1981,6220.562959585198,54200.0,0.769152615836205,0.7858011553663727,0.8675014401865757,0.8854070754367055
543,0.0,54028.5,4000,1288.41659924556,1291.8282172571842,1258.2397516821345,1261.6136355824165,3.411618011624114,3.373883900281953,1.01118417599936,0.022670581243075274,0.022344808211931345,0.02250769472750331,30.214581674767715,1981,1980,2000,2000,261,238,6224.367528281837,0.9905,0.99,0.8682483594144371,0.8797979797979798,718902,689457,934092,876874,95252,79018,2223795.167160483,0.7696265464215516,0.7862668980948232,0.8675034983906013,0.8853909670943946,1981,1980,1735,1758,1720,261,4,15,1742,238,4,16,0.862,0.873,0.8682483594144371,0.8797979797979798,0.9913544668587896,0.9908987485779295,1981,1980,6224.367528281837,54300.0,0.7696265464215516,0.7862668980948232,0.8675034983906013,0.8853909670943946
544,0.0,54128.0,4000,1291.8443620206733,1295.2633172123096,1261.626609771297,1265.0598171746508,3.4189551916363143,3.43320740335389,0.9958487181101693,0.02269205260025943,0.02236708212316372,0.022529567361711574,30.20350003765884,1977,1980,2000,2000,242,225,6228.131193993845,0.9885,0.99,0.8775923115832069,0.8863636363636364,720879,691437,936092,878874,95494,79243,2230023.2983544767,0.7700941787772997,0.7867305210985875,0.8675311668116286,0.8853937524315303,1977,1980,1755,1771,1735,242,3,20,1755,225,4,16,0.869,0.8795,0.8775923115832068,0.8863636363636364,0.9886039886039886,0.9909655561829475,1977,1980,6228.131193993845,54400.0,0.7700941787772997,0.7867305210985875,0.8675311668116286,0.8853937524315303
545,0.0,54227.5,4000,1295.2778657106614,1298.7107937955882,1265.078909031139,1268.5669073406823,3.4329280849267434,3.4879983095434,0.9842115105199505,0.022713672257566816,0.022390391883782345,0.02255203207067458,30.143886454905896,1979,1986,2000,2000,245,218,6231.871316946574,0.9895,0.993,0.876200101061142,0.8902316213494461,722858,693423,938092,880874,95739,79461,2236255.1696714233,0.7705619491478448,0.787198850232837,0.8675549001325294,0.8854076083429595,1979,1986,1751,1780,1734,245,4,17,1768,218,2,12,0.869,0.885,0.876200101061142,0.8902316213494461,0.9902912621359223,0.9932584269662922,1979,1986,6231.871316946574,54500.0,0.7705619491478448,0.787198850232837,0.8675549001325294,0.8854076083429595
546,0.0,54327.0,4000,1298.725636165449,1302.1599888232224,1268.589874094734,1271.9641936357864,3.4343526577733883,3.3743195410525004,1.0177911771515755,0.022735244195330143,0.022411605200755344,0.022573424698042743,30.195795187436033,1984,1986,2000,2000,247,246,6235.593283199898,0.992,0.993,0.8755040322580645,0.8761329305135952,724842,695409,940092,882874,95986,79707,2242490.762954623,0.7710330478293613,0.7876650575280277,0.8675766580854862,0.8853811210381228,1984,1986,1751,1753,1737,247,2,14,1740,246,1,13,0.8695,0.8705,0.8755040322580645,0.8761329305135952,0.9920045688178184,0.9925841414717627,1984,1986,6235.593283199898,54600.0,0.7710330478293613,0.7876650575280277,0.8675766580854862,0.8853811210381228
547,0.0,54426.5,4000,1302.1744436597676,1305.589009719046,1271.9856800643263,1275.4470768896722,3.4145660592785134,3.4613968253459007,0.9864705584391621,0.022756368445353736,0.022434305799179665,0.0225953371222667,30.1419328293739,1983,1977,2000,2000,268,239,6239.336160517976,0.9915,0.9885,0.864851235501765,0.8791097622660597,726825,697386,942092,884874,96254,79946,2248730.0991151407,0.7715010848197416,0.7881189864319665,0.86756922230248,0.885363342539139,1983,1977,1729,1755,1715,268,3,14,1738,239,6,17,0.859,0.872,0.864851235501765,0.8791097622660596,0.9919028340080972,0.9903133903133903,1983,1977,6239.336160517976,54700.0,0.7715010848197416,0.7881189864319665,0.86756922230248,0.885363342539139
548,0.0,54526.0,4000,1305.6082225831703,1309.03692448642,1275.4667048787808,1278.9317451685988,3.428701903249703,3.4650402898180346,0.989512853090017,0.02277776037825225,0.022456956122154276,0.022617358250203265,30.10517931782124,1982,1978,2000,2000,235,246,6243.035951755366,0.991,0.989,0.8814328960645812,0.8756319514661274,728807,699364,944092,886874,96489,80192,2254973.135066896,0.7719660795769904,0.7885719955709605,0.8676069247413924,0.8853358194016278,1982,1978,1759,1751,1747,235,6,12,1732,246,3,19,0.8765,0.8675,0.8814328960645812,0.8756319514661274,0.9931779420125071,0.989149057681325,1982,1978,6243.035951755366,54800.0,0.7719660795769904,0.7885719955709605,0.8676069247413924,0.8853358194016278
549,0.0,54625.5,4000,1309.0570512353495,1312.440585629696,1278.9513538706587,1282.3207885251873,3.3835343943464977,3.3694346545285043,1.0041846010573445,0.022798268303670297,0.022477782128427007,0.02263802521604865,30.119797104508734,1990,1980,2000,2000,251,250,6246.7485480505475,0.995,0.99,0.8738693467336683,0.8737373737373737,730797,701344,946092,888874,96740,80442,2261219.8836149466,0.7724375642115143,0.7890252161723709,0.8676239776572701,0.8853030752383995,1990,1980,1749,1750,1739,251,0,10,1730,250,0,20,0.8695,0.865,0.8738693467336683,0.8737373737373737,0.9942824471126358,0.9885714285714285,1990,1980,6246.7485480505475,54900.0,0.7724375642115143,0.7890252161723709,0.8676239776572701,0.8853030752383995
550,0.0,54725.0,4000,1312.4630649398637,1315.8504237128054,1282.3413563053107,1285.810634331393,3.3873587729417522,3.469278026082293,0.9763872331578313,0.022818813962811067,0.022500365175579063,0.022659589569195067,30.039789381412447,1981,1987,2000,2000,248,234,6250.419819787009,0.9905,0.9935,0.8748107016658253,0.8822345244086562,732778,703331,948092,890874,96988,80676,2267470.3034347338,0.77289756690279,0.7894842592779675,0.8676434063249716,0.8852944061899731,1981,1987,1751,1764,1733,248,1,18,1753,234,2,11,0.867,0.8775,0.8748107016658253,0.8822345244086562,0.9897201599086236,0.9937641723356009,1981,1987,6250.419819787009,55000.0,0.77289756690279,0.7894842592779675,0.8676434063249716,0.8852944061899731
551,0.0,54824.5,4000,1315.8659832442227,1319.2576019351852,1285.8292279767816,1289.3476179820998,3.3916186909625594,3.518390005318224,0.9639689419978901,0.022839236772722114,0.022523721747868517,0.022681479260295317,29.90998395308543,1987,1980,2000,2000,259,218,6254.062771780874,0.9935,0.99,0.8696527428283845,0.8898989898989899,734765,705311,950092,892874,97247,80894,2273724.3662065146,0.7733619481060782,0.7899334060572937,0.8676488401053398,0.8853073325100559,1987,1980,1739,1782,1728,259,2,11,1762,218,0,20,0.865,0.881,0.8696527428283845,0.8898989898989899,0.9936745255894192,0.9887766554433222,1987,1980,6254.062771780874,55100.0,0.7733619481060782,0.7899334060572937,0.8676488401053398,0.8853073325100559
552,0.0,54924.0,4000,1319.2763804077715,1322.6771726404756,1289.3681275511883,1292.8544653499227,3.400792232704134,3.4863377987344393,0.9754626284173156,0.02285981008844708,0.02254644774774236,0.02270312891809472,29.8227072905529,1975,1985,2000,2000,242,225,6257.699731802727,0.9875,0.9925,0.8774683544303797,0.8866498740554156,736740,707296,952092,894874,97489,81119,2279982.065938317,0.773811774492381,0.7903861325728538,0.8676751635583788,0.8853111003031263,1975,1985,1755,1772,1733,242,3,22,1760,225,3,12,0.868,0.8815,0.8774683544303797,0.8866498740554156,0.9874643874643875,0.9932279909706546,1975,1985,6257.699731802727,55200.0,0.773811774492381,0.7903861325728538,0.8676751635583788,0.8853111003031263
553,0.0,55023.5,4000,1322.6941042909618,1326.1072790408227,1292.8675118222106,1296.2802998254551,3.4131747498609,3.4127880032444864,1.000113322777754,0.022880499516864848,0.022567626585007425,0.022724063050936136,29.8269792153676,1986,1982,2000,2000,244,255,6261.350627301699,0.993,0.991,0.8771399798590132,0.8713420787083754,738726,709278,954092,896874,97733,81374,2286243.416565619,0.774271244282522,0.7908334950059874,0.8677006088861093,0.8852720653960788,1986,1982,1755,1745,1742,244,1,13,1727,255,0,18,0.8715,0.8635,0.877139979859013,0.8713420787083754,0.9925925925925926,0.9896848137535816,1986,1982,6261.350627301699,55300.0,0.774271244282522,0.7908334950059874,0.8677006088861093,0.8852720653960788
554,0.0,55123.0,4000,1326.1281577700006,1329.5041334531993,1296.296196381437,1299.7949410262497,3.3759756831987033,3.498744644812632,0.9649105681959527,0.02290051403781593,0.022590331973857493,0.022745423005836714,29.709192426949585,1979,1976,2000,2000,246,230,6264.954964869306,0.9895,0.988,0.8756947953511874,0.8836032388663968,740705,711254,956092,898874,97979,81604,2292508.371530488,0.7747214703187559,0.7912721916531127,0.8677219675849359,0.88526742907597,1979,1976,1752,1769,1733,246,2,19,1746,230,1,23,0.8675,0.8735,0.8756947953511874,0.8836032388663968,0.9891552511415526,0.9869983041266253,1979,1976,6264.954964869306,55400.0,0.7747214703187559,0.7912721916531127,0.8677219675849359,0.88526742907597
555,0.0,55222.5,4000,1329.51944330347,1332.9909192020586,1299.8153102450706,1303.2872048757226,3.471475898588551,3.4718946306520593,0.9998793937869509,0.022922076818808323,0.022612552345967173,0.022767314582387746,29.703714326336012,1987,1994,2000,2000,251,231,6268.536136589406,0.9935,0.997,0.8736789129340714,0.8841524573721163,742692,713248,958092,900874,98230,81835,2298776.9076670776,0.7751781666061297,0.7917289210255818,0.8677379048111464,0.8852643119924627,1987,1994,1749,1768,1736,251,0,13,1763,231,1,5,0.868,0.882,0.8736789129340715,0.8841524573721163,0.9925671812464265,0.9971719457013575,1987,1994,6268.536136589406,55500.0,0.7751781666061297,0.7917289210255818,0.8677379048111464,0.8852643119924627
556,0.0,55322.0,4000,1333.0097716910736,1336.3662687345795,1303.3025753037948,1306.7814231812883,3.3564970435058967,3.4788478774935356,0.9648300706739178,0.022941557787345013,0.022634727940768772,0.022788142864056893,29.58484555329119,1988,1977,2000,2000,270,227,6272.092439320635,0.994,0.9885,0.864185110663984,0.885179564997471,744680,715225,960092,902874,98500,82062,2305049.000106398,0.7756340017414998,0.7921647981888946,0.8677284202610518,0.8852640777377748,1988,1977,1728,1771,1718,270,2,10,1750,227,2,21,0.86,0.876,0.864185110663984,0.885179564997471,0.9942129629629629,0.9881422924901185,1988,1977,6272.092439320635,55600.0,0.7756340017414998,0.7921647981888946,0.8677284202610518,0.8852640777377748
557,0.0,55421.5,4000,1336.3842821788846,1339.7673864660708,1306.8035259366254,1310.1907011910664,3.3831042871861428,3.38717525444099,0.9987981232298182,0.022961431431021077,0.02265529895002732,0.022808365190524198,29.576685275004365,1978,1986,2000,2000,240,236,6275.587649806923,0.989,0.993,0.8786653185035389,0.8811681772406847,746658,717211,962092,904874,98740,82298,2311324.587756205,0.7760775476773532,0.7926086946911945,0.8677573936126044,0.88525273594521,1978,1986,1759,1763,1738,240,1,21,1750,236,1,13,0.8695,0.8755,0.8786653185035389,0.8811681772406847,0.9880613985218875,0.9926262053318208,1978,1986,6275.587649806923,55700.0,0.7760775476773532,0.7926086946911945,0.8677573936126044,0.88525273594521
558,0.0,55521.0,4000,1339.7809433472576,1343.212342772157,1310.207201808302,1313.6417295497447,3.431399424899382,3.4345277414427073,0.9990891567112482,0.022982019480536922,0.022676544442207888,0.022829281961372405,29.57061322241225,1977,1984,2000,2000,243,265,6279.09619620252,0.9885,0.992,0.8770864946889226,0.8664314516129032,748635,719195,964092,906874,98983,82563,2317603.6839524074,0.7765182161038573,0.7930484278962678,0.867782029961196,0.8852008147998804,1977,1984,1754,1731,1734,243,3,20,1719,265,4,12,0.8685,0.8615,0.8770864946889226,0.8664314516129032,0.9885974914481186,0.9930675909878682,1977,1984,6279.09619620252,55800.0,0.7765182161038573,0.7930484278962678,0.867782029961196,0.8852008147998804
559,0.0,55620.5,4000,1343.2272812547963,1346.5644356919688,1313.6612477768372,1317.079373537425,3.3371544371725577,3.4181257605878272,0.9763111924233752,0.023000872628511127,0.022697474487708057,0.022849173558109594,29.48506215454381,1981,1984,2000,2000,288,230,6282.655034085184,0.9905,0.992,0.8546188793538617,0.8840725806451613,750616,721179,966092,908874,99271,82793,2323886.3389864927,0.7769612003825722,0.793486225813479,0.867747290225628,0.885197710970508,1981,1984,1711,1768,1693,288,1,18,1754,230,2,14,0.847,0.878,0.8546188793538617,0.8840725806451613,0.98947983635301,0.9920814479638009,1981,1984,6282.655034085184,55900.0,0.7769612003825722,0.793486225813479,0.867747290225628,0.885197710970508
560,0.0,55720.0,4000,1346.5834815623084,1349.934815968261,1317.0998752793942,1320.631814443747,3.3513344059526844,3.5319391643529343,0.948865269191765,0.02301998500375115,0.022720379728021475,0.02287018236588631,29.303001524514002,1979,1986,2000,2000,244,217,6286.207391419556,0.9895,0.993,0.8767054067710965,0.8907351460221551,752595,723165,968092,910874,99515,83010,2330172.546377912,0.7774002884023419,0.7939242968840915,0.8677708462054624,0.8852129182136856,1979,1986,1753,1782,1735,244,3,18,1769,217,1,13,0.869,0.885,0.8767054067710965,0.8907351460221551,0.9897318881916715,0.9927048260381593,1979,1986,6286.207391419556,56000.0,0.7774002884023419,0.7939242968840915,0.8677708462054624,0.8852129182136856
561,0.0,55819.5,4000,1349.9521847692797,1353.3550246731083,1320.6496611580512,1324.147100475886,3.402839903828635,3.4974393178347327,0.972951806905212,0.023039917449463664,0.02274254101250163,0.02289122923098265,29.207924197222383,1984,1985,2000,2000,244,228,6289.716675974671,0.992,0.9925,0.877016129032258,0.8851385390428211,754579,725150,970092,912874,99759,83238,2336462.263053887,0.7778427200719107,0.7943593529884737,0.8677951546491487,0.8852127146107702,1984,1985,1754,1770,1740,244,2,14,1757,228,2,13,0.871,0.8795,0.8770161290322581,0.8851385390428211,0.992018244013683,0.9926553672316384,1984,1985,6289.716675974671,56100.0,0.7778427200719107,0.7943593529884737,0.8677951546491487,0.8852127146107702
562,0.0,55919.0,4000,1353.3678700761295,1356.7119392502557,1324.1651798673156,1327.556350106982,3.3440691741261617,3.3911702396665078,0.9861106750143638,0.023058652731175425,0.022762736662498888,0.022910694696837156,29.155589143273573,1982,1984,2000,2000,252,260,6293.204435137711,0.991,0.992,0.8728557013118062,0.8689516129032258,756561,727134,972092,914874,100011,83498,2342755.4674890246,0.7782812737889007,0.7947914138996189,0.8678084120117214,0.8851683458619731,1982,1984,1745,1739,1730,252,3,15,1724,260,1,15,0.8665,0.8625,0.8728557013118062,0.8689516129032258,0.9914040114613181,0.9913743530764807,1982,1984,6293.204435137711,56200.0,0.7782812737889007,0.7947914138996189,0.8678084120117214,0.8851683458619731
563,0.0,56018.5,4000,1356.7294055949474,1360.1375323782445,1327.5803364322283,1331.0856966387646,3.4081267832971207,3.505360206536352,0.9722615030951961,0.023078541325400492,0.02278499372938224,0.022931767527391365,29.051835739479884,1992,1986,2000,2000,244,215,6296.67375929906,0.996,0.993,0.8775100401606426,0.891742195367573,758553,729120,974092,916874,100255,83713,2349052.1412483235,0.7787282926048053,0.7952237712052038,0.86783388899655,0.8851862519201229,1992,1986,1754,1783,1748,244,2,6,1771,215,2,12,0.875,0.8865,0.8775100401606426,0.891742195367573,0.9965792474344356,0.9932697700504767,1992,1986,6296.67375929906,56300.0,0.7787282926048053,0.7952237712052038,0.86783388899655,0.8851862519201229
564,0.0,56118.0,4000,1360.1599854608653,1363.586592006547,1331.102179675901,1334.6162087834025,3.426606545681807,3.5140291075015284,0.9751218447129258,0.023098775465396282,0.022807192537391097,0.02295298400139369,28.97038322314461,1981,1987,2000,2000,250,224,6300.161796336314,0.9905,0.9935,0.8738011105502271,0.8872672370407649,760534,731107,976092,918874,100505,83937,2355352.30304466,0.7791622101195379,0.79565533468136,0.867849432109544,0.8851919076140702,1981,1987,1749,1774,1731,250,1,18,1763,224,2,11,0.866,0.8825,0.8738011105502271,0.8872672370407649,0.9897084048027445,0.9937993235625705,1981,1987,6300.161796336314,56400.0,0.7791622101195379,0.79565533468136,0.867849432109544,0.8851919076140702
565,0.0,56217.5,4000,1363.6063843937134,1366.9555880259618,1334.6334122757307,1338.0488565544583,3.349203632248418,3.415444278727591,0.9806055549224623,0.02311752092509319,0.022827580652741836,0.022972550788917512,28.906731471503463,1987,1980,2000,2000,263,229,6303.601521681885,0.9935,0.99,0.867639657775541,0.8843434343434343,762521,733087,978092,920874,100768,84166,2361655.904566342,0.7796004874797053,0.7960774221011778,0.8678488854733182,0.8851896159664542,1987,1980,1736,1768,1724,263,1,12,1751,229,3,17,0.8625,0.877,0.867639657775541,0.8843434343434343,0.9930875576036866,0.9903846153846154,1987,1980,6303.601521681885,56500.0,0.7796004874797053,0.7960774221011778,0.8678488854733182,0.8851896159664542
566,0.0,56317.0,4000,1366.9761093795735,1370.420216255252,1338.0668178811395,1341.6007931556435,3.4441068756784716,3.533975274503973,0.974570167631375,0.023137889761432072,0.0228500043017862,0.022993947031609136,28.819423099608457,1987,1979,2000,2000,221,215,6307.032897223579,0.9935,0.9895,0.8887770508303976,0.8913592723597776,764508,735066,980092,922874,100989,84381,2367962.9374635657,0.7800369761206091,0.7964965965017976,0.8679032789715739,0.8852062263796721,1987,1979,1777,1781,1766,221,2,11,1764,215,4,17,0.884,0.884,0.8887770508303976,0.8913592723597776,0.9938097917839055,0.9904548006737788,1987,1979,6307.032897223579,56600.0,0.7800369761206091,0.7964965965017976,0.8679032789715739,0.8852062263796721
567,0.0,56416.5,4000,1370.4399332930548,1373.8601990555962,1341.6195094592497,1345.0955457414975,3.420265762541476,3.476036282247833,0.9839557141589178,0.023157752086373887,0.022871340318641145,0.023014546202507515,28.764653314098723,1983,1986,2000,2000,226,221,6310.47085346216,0.9915,0.993,0.8860312657589511,0.8887210473313192,766491,737052,982092,924874,101215,84602,2374273.408317028,0.7804676140320866,0.7969215266079488,0.8679501781495151,0.8852156971285609,1983,1986,1771,1779,1757,226,3,14,1765,221,0,14,0.88,0.8825,0.8860312657589511,0.8887210473313192,0.9920948616600791,0.9921304103428893,1983,1986,6310.47085346216,56700.0,0.7804676140320866,0.7969215266079488,0.8679501781495151,0.8852156971285609
568,0.0,56516.0,4000,1373.8806639157708,1377.2281379229653,1345.1129154283442,1348.6324412526762,3.347474007194478,3.5195258243320495,0.9511150576171084,0.02317627609445015,0.022893343161586827,0.023034809628018488,28.595696670289044,1989,1981,2000,2000,265,220,6313.878862421478,0.9945,0.9905,0.8667672197083962,0.8889449772841999,768480,739033,984092,926874,101480,84822,2380587.2871794496,0.7809025985375351,0.797339228417239,0.8679471163855923,0.885225693575253,1989,1981,1731,1779,1724,265,4,7,1761,220,1,18,0.864,0.881,0.8667672197083962,0.8889449772841999,0.9959560947429231,0.9898819561551433,1989,1981,6313.878862421478,56800.0,0.7809025985375351,0.797339228417239,0.8679471163855923,0.885225693575253
569,0.0,56615.5,4000,1377.2443245005375,1380.6070457040194,1348.6513620582812,1352.1581652785185,3.3627212034818967,3.506803220237316,0.9589135723601654,0.023194927767061908,0.02291507233047406,0.023055000048767982,28.448880425500874,1982,1984,2000,2000,261,216,6317.314552370197,0.991,0.992,0.8683148335015136,0.8911290322580645,770462,741017,986092,928874,101741,85038,2386904.6017318196,0.7813287198354717,0.7977583611986125,0.8679480623314323,0.8852414991828798,1982,1984,1735,1781,1721,261,4,14,1768,216,3,13,0.8625,0.8855,0.8683148335015136,0.8911290322580645,0.9919308357348703,0.9927007299270073,1982,1984,6317.314552370197,56900.0,0.7813287198354717,0.7977583611986125,0.8679480623314323,0.8852414991828798
570,0.0,56715.0,4000,1380.6257282633328,1384.0388307889932,1352.1731975694363,1355.6454110147786,3.413102525660406,3.472213445342277,0.9829760120993818,0.023214441667206955,0.022936050198951473,0.023075245933079212,28.393419774214635,1984,1989,2000,2000,236,225,6320.721573445364,0.992,0.9945,0.8810483870967742,0.8868778280542986,772446,743006,988092,930874,101977,85263,2393225.323305265,0.7817551402096161,0.7981810642471484,0.86798171004834,0.8852458795756697,1984,1989,1760,1774,1748,236,4,12,1764,225,1,10,0.876,0.8825,0.8810483870967742,0.8868778280542986,0.9931818181818182,0.9943630214205186,1984,1989,6320.721573445364,57000.0,0.7817551402096161,0.7981810642471484,0.86798171004834,0.8852458795756697
571,0.0,56814.5,4000,1384.0532944583588,1387.4856780826178,1355.668031287685,1359.1329808426754,3.432383624259046,3.464949554990426,0.990601326162317,0.023234151003930316,0.02295696026564152,0.02309555563478592,28.352697239942472,1984,1989,2000,2000,254,233,6324.1216999227845,0.992,0.9945,0.8719758064516129,0.8828557063851181,774430,744995,990092,932874,102231,85496,2399549.4450051878,0.7821798378332518,0.7986019548191932,0.8679919424609067,0.8852394982516661,1984,1989,1746,1766,1730,254,0,16,1756,233,1,10,0.865,0.8785,0.8719758064516129,0.8828557063851181,0.9908361970217641,0.9943374858437146,1984,1989,6324.1216999227845,57100.0,0.7821798378332518,0.7986019548191932,0.8679919424609067,0.8852394982516661
572,0.0,56914.0,4000,1387.5014524638932,1390.939504509384,1359.147614455775,1362.6311594909005,3.438052045490849,3.4835450351254167,0.9869406052811573,0.02325391343970607,0.02297798268909713,0.0231159480644016,28.30834501848358,1990,1989,2000,2000,228,220,6327.517380421477,0.995,0.9945,0.8854271356783919,0.8893916540975364,776420,746984,992092,934874,102459,85716,2405876.9623856093,0.7826088709514843,0.7990210445471796,0.868036629659205,0.8852505542287386,1990,1989,1770,1779,1762,228,2,8,1769,220,1,10,0.882,0.885,0.8854271356783919,0.8893916540975364,0.9954802259887006,0.9943788645306352,1990,1989,6327.517380421477,57200.0,0.7826088709514843,0.7990210445471796,0.868036629659205,0.8852505542287386
573,0.0,57013.5,4000,1390.9543704676862,1394.337784196602,1362.6436657451893,1366.1338619953337,3.3834137289156843,3.490196250144436,0.9694050094677821,0.023272637494562046,0.022999010686226687,0.023135824090394365,28.203922201268142,1982,1978,2000,2000,252,215,6330.889737013018,0.991,0.989,0.8728557013118062,0.8913043478260869,778402,748962,994092,936874,102711,85931,2412207.852122622,0.7830281301931813,0.7994266037909047,0.868048900182682,0.8852665422277766,1982,1978,1742,1781,1730,252,6,12,1763,215,4,18,0.868,0.8835,0.8728557013118062,0.8913043478260869,0.9931113662456946,0.9898933183604717,1982,1978,6330.889737013018,57300.0,0.7830281301931813,0.7994266037909047,0.868048900182682,0.8852665422277766
574,0.0,57113.0,4000,1394.361948759822,1397.7405330818942,1366.152702517213,1369.6406448473833,3.378584322072129,3.4879423301704264,0.9686468416772952,0.023291374169402395,0.023020036501268968,0.02315570533533568,28.0998882345109,1992,1985,2000,2000,265,224,6334.230141233898,0.996,0.9925,0.8669678714859438,0.8871536523929471,780394,750947,996092,938874,102976,86155,2418542.082263856,0.7834557450516619,0.7998378909204004,0.8680461407955469,0.8852715304808462,1992,1985,1732,1773,1727,265,3,5,1761,224,3,12,0.865,0.882,0.8669678714859438,0.8871536523929471,0.9971131639722863,0.9932318104906938,1992,1985,6334.230141233898,57400.0,0.7834557450516619,0.7998378909204004,0.8680461407955469,0.8852715304808462
575,0.0,57212.5,4000,1397.7567666538157,1401.1646648187382,1369.659708164431,1373.1668857210454,3.4078981649224716,3.5071775566143515,0.9716925105475073,0.02331041754887898,0.02304132758341741,0.023175872566148194,27.997779097692728,1985,1983,2000,2000,244,224,6337.550961207578,0.9925,0.9915,0.8770780856423174,0.8870398386283409,782379,752930,998092,940874,103220,86379,2424879.633225064,0.7838746327993812,0.8002453038345199,0.8680690560457271,0.8852761876934111,1985,1983,1755,1774,1741,244,1,14,1759,224,2,15,0.871,0.8805,0.8770780856423174,0.8870398386283409,0.992022792022792,0.9915445321307779,1985,1983,6337.550961207578,57500.0,0.7838746327993812,0.8002453038345199,0.8680690560457271,0.8852761876934111
576,0.0,57312.0,4000,1401.1858698870515,1404.5401330219383,1373.180826390299,1376.6406731327902,3.354263134886878,3.4598467424912087,0.9694831547572229,0.023328549952495514,0.023061634087816765,0.02319509202015614,27.899459889148147,1987,1985,2000,2000,258,243,6340.869012639016,0.9935,0.9925,0.8701560140915954,0.8775818639798488,784366,754915,1000092,942874,103478,86622,2431220.5022377027,0.7842938449662631,0.8006531095353143,0.8680743428450494,0.8852559559685528,1987,1985,1741,1753,1729,258,1,12,1742,243,4,11,0.865,0.873,0.8701560140915954,0.8775818639798488,0.9931074095347502,0.9937250427837993,1987,1985,6340.869012639016,57600.0,0.7842938449662631,0.8006531095353143,0.8680743428450494,0.8852559559685528
577,0.0,57411.5,4000,1404.5574002908359,1407.9723725874107,1376.658000010577,1380.0697613756283,3.414972296574888,3.411761365051234,1.0009411360233296,0.02334760341125154,0.023081095523415664,0.023214349467333605,27.902611211782414,1984,1987,2000,2000,239,245,6344.14861996959,0.992,0.9935,0.8795362903225806,0.8766985405133367,786350,756902,1002092,944874,103717,86867,2437564.650857672,0.7847083900480195,0.8010613055285678,0.8681032619062758,0.885233491257785,1984,1987,1760,1755,1745,239,1,15,1742,245,0,13,0.873,0.871,0.8795362903225806,0.8766985405133367,0.9914772727272727,0.9925925925925926,1984,1987,6344.14861996959,57700.0,0.7847083900480195,0.8010613055285678,0.8681032619062758,0.885233491257785
578,0.0,57511.0,4000,1407.989147276067,1411.3520609000916,1380.0896733904085,1383.543053529675,3.3629136240247135,3.453380139266528,0.9738034877153636,0.023365681749859774,0.023101254391957274,0.023233468070908522,27.809007370416566,1986,1986,2000,2000,254,236,6347.4550538097465,0.993,0.993,0.8721047331319235,0.8811681772406847,788336,758888,1004092,946874,103971,87103,2443912.1059114817,0.7851232755564231,0.8014667210209595,0.8681133425341478,0.8852228523840145,1986,1986,1745,1763,1732,254,1,13,1750,236,1,13,0.8665,0.8755,0.8721047331319235,0.8811681772406847,0.9925501432664756,0.9926262053318208,1986,1986,6347.4550538097465,57800.0,0.7851232755564231,0.8014667210209595,0.8681133425341478,0.8852228523840145
579,0.0,57610.5,4000,1411.3696934597945,1414.7751277733507,1383.5594600228856,1387.0215048515818,3.4054343135562704,3.4620448286962073,0.9836482431796655,0.023384446839639965,0.02312143273190047,0.02325293978577022,27.753622921768965,1985,1980,2000,2000,251,225,6350.755761497928,0.9925,0.99,0.873551637279597,0.8863636363636364,790321,760868,1006092,948874,104222,87328,2450262.86167298,0.7855355176266187,0.801864104190862,0.8681270015601256,0.8852258210359747,1985,1980,1744,1773,1734,251,5,10,1755,225,2,18,0.8695,0.8785,0.873551637279597,0.8863636363636364,0.9942660550458715,0.9898477157360406,1985,1980,6350.755761497928,57900.0,0.7855355176266187,0.801864104190862,0.8681270015601256,0.8852258210359747
580,0.0,57710.0,4000,1414.7931878053973,1418.2385439553336,1387.0405483641846,1390.535195276132,3.4453561499362877,3.494646911947484,0.9858953527342973,0.023403842899950636,0.023142149062096336,0.023272995981023486,27.703348679201554,1990,1986,2000,2000,229,226,6354.026201190261,0.995,0.993,0.8849246231155778,0.8862034239677744,792311,762854,1008092,950874,104451,87554,2456616.88787417,0.7859510838296505,0.8022661256906803,0.8681691911383282,0.8852283661093735,1990,1986,1768,1774,1761,229,3,7,1760,226,0,14,0.882,0.88,0.8849246231155778,0.8862034239677744,0.9960407239819005,0.992108229988726,1990,1986,6354.026201190261,58000.0,0.7859510838296505,0.8022661256906803,0.8681691911383282,0.8852283661093735
581,0.0,57809.5,4000,1418.2610201274845,1421.6747545728017,1390.552903270553,1394.0945660659816,3.413734445317232,3.541662795428465,0.9638790146039986,0.02342270393828924,0.023163580316547968,0.023293142127418606,27.58018850682015,1985,1987,2000,2000,243,212,6357.26488530649,0.9925,0.9935,0.8775818639798488,0.8933064921992955,794296,764841,1010092,952874,104694,87766,2462974.1527594766,0.7863600543316847,0.8026675090305748,0.8681927140511849,0.8852493524797964,1985,1987,1753,1785,1742,243,4,11,1775,212,3,10,0.873,0.889,0.8775818639798488,0.8933064921992954,0.9937250427837993,0.9943977591036415,1985,1987,6357.26488530649,58100.0,0.7863600543316847,0.8026675090305748,0.8681927140511849,0.8852493524797964
582,0.0,57909.0,4000,1421.6941425287187,1425.082027746521,1394.1132572815657,1397.5219275284803,3.38788521780225,3.408670246914653,0.9939023057066853,0.023441002955125845,0.023182669722576217,0.023311836338851033,27.56010021804059,1993,1982,2000,2000,244,249,6360.486795056411,0.9965,0.991,0.877571500250878,0.8743693239152371,796289,766823,1012092,954874,104938,88015,2469334.639554533,0.786775312916217,0.8030619746689092,0.868216187841349,0.8852212309750751,1993,1982,1755,1750,1749,244,1,6,1733,249,1,17,0.875,0.867,0.877571500250878,0.8743693239152371,0.9965811965811966,0.9902857142857143,1993,1982,6360.486795056411,58200.0,0.786775312916217,0.8030619746689092,0.868216187841349,0.8852212309750751
583,0.0,58008.5,4000,1425.1061792566757,1428.5177288341213,1397.5413455116588,1401.013383448874,3.411549577445612,3.472037937215191,0.9825784277524068,0.023459726810907796,0.023202793032149734,0.023331259921528763,27.504345385247234,1983,1993,2000,2000,260,230,6363.714947245958,0.9915,0.9965,0.8688855269793243,0.8845960863020572,798272,768816,1014092,956874,105198,88245,2475698.354501779,0.7871790725101865,0.8034662870973608,0.8682178505572036,0.8852196104139352,1983,1993,1735,1767,1723,260,5,12,1763,230,3,4,0.864,0.883,0.8688855269793243,0.8845960863020572,0.9930835734870317,0.9977362761743067,1983,1993,6363.714947245958,58300.0,0.7871790725101865,0.8034662870973608,0.8682178505572036,0.8852196104139352
584,0.0,58108.0,4000,1428.5326744672311,1431.9168136444682,1401.0286072441922,1404.5206882762525,3.3841391772371026,3.4920810320602413,0.9690895331946362,0.023477759552847116,0.02322311881167308,0.023350439182260097,27.396125368215735,1987,1994,2000,2000,247,234,6366.935095580427,0.9935,0.997,0.875691997986915,0.8826479438314945,800259,770810,1016092,958874,105445,88479,2482065.2895973595,0.7875851792947882,0.8038699558023265,0.8682364084627602,0.8852129577976414,1987,1994,1750,1766,1740,247,3,10,1760,234,0,6,0.8715,0.88,0.875691997986915,0.8826479438314945,0.9942857142857143,0.9966024915062288,1987,1994,6366.935095580427,58400.0,0.7875851792947882,0.8038699558023265,0.8682364084627602,0.8852129577976414
585,0.0,58207.5,4000,1431.9370638494945,1435.3524418905856,1404.5357715740756,1408.0062389283373,3.4153780410911168,3.4704673542617,0.9841262551849295,0.023496355318502374,0.02324300323510757,0.023369679276804972,27.3462029622483,1988,1992,2000,2000,232,231,6370.1180978063285,0.994,0.996,0.8832997987927566,0.8840361445783133,802247,772802,1018092,960874,105677,88710,2488435.407695166,0.7879906727486318,0.8042698626458828,0.8682737361436066,0.8852099244049576,1988,1992,1767,1768,1756,232,1,11,1761,231,1,7,0.8785,0.881,0.8832997987927566,0.8840361445783133,0.9937747594793436,0.9960407239819005,1988,1992,6370.1180978063285,58500.0,0.7879906727486318,0.8042698626458828,0.8682737361436066,0.8852099244049576
586,0.0,58307.0,4000,1435.36658175386,1438.7692829633927,1408.0252702850967,1411.5111605706227,3.402701209532779,3.485890285526011,0.9761354864383865,0.023514567017153515,0.023263150356588363,0.02338885868687094,27.25812239277002,1987,1986,2000,2000,241,235,6373.324286549148,0.9935,0.993,0.8787116255661802,0.8816717019133937,804234,774788,1020092,962874,105918,88945,2494808.731981715,0.788393595871745,0.8046618768395449,0.8682995247651802,0.8852008549435458,1987,1986,1758,1764,1746,241,1,12,1751,235,1,13,0.8735,0.876,0.8787116255661802,0.8816717019133937,0.9931740614334471,0.9926303854875284,1987,1986,6373.324286549148,58600.0,0.788393595871745,0.8046618768395449,0.8682995247651802,0.8852008549435458
587,0.0,58406.5,4000,1438.7878867633988,1442.2482773960846,1411.5234137324499,1414.9859852675345,3.460390632685858,3.462571535084635,0.999370149504009,0.023533775496386505,0.02328271610890954,0.023408245802648022,27.262292128550143,1988,1982,2000,2000,213,231,6376.511797935991,0.994,0.991,0.8928571428571429,0.8834510595358224,806222,776770,1022092,964874,106131,89176,2501185.2437796514,0.7887959205237884,0.8050481202726988,0.86836007948183,0.8851963901798473,1988,1982,1787,1768,1775,213,0,12,1751,231,1,17,0.8875,0.876,0.8928571428571429,0.8834510595358224,0.9932848349188584,0.9903846153846154,1988,1982,6376.511797935991,58700.0,0.7887959205237884,0.8050481202726988,0.86836007948183,0.8851963901798473
588,0.0,58506.0,4000,1442.2676593481815,1445.6899100995915,1415.0050075119398,1418.4643779426353,3.422250751410047,3.4593704306955715,0.9892698165665766,0.023552283237098553,0.023302275990953924,0.02342727961402624,27.225532156956206,1987,1990,2000,2000,232,232,6379.676126090021,0.9935,0.995,0.883241066935078,0.8834170854271357,808209,778760,1024092,966874,106363,89408,2507564.9199057412,0.7891956972615741,0.805441039887307,0.8683966647240998,0.8851918434434228,1987,1990,1767,1768,1755,232,1,12,1758,232,0,10,0.878,0.879,0.883241066935078,0.8834170854271357,0.9932088285229203,0.994343891402715,1987,1990,6379.676126090021,58800.0,0.7891956972615741,0.805441039887307,0.8683966647240998,0.8851918434434228
589,0.0,58605.5,4000,1445.7028933354238,1449.1571744531257,1418.4799329354694,1421.9833473804015,3.4542811177018393,3.5034144449321047,0.9859755881005344,0.02357116330551662,0.023322458365124907,0.023446810835320762,27.17382707272418,1991,1988,2000,2000,224,232,6382.83506447223,0.9955,0.994,0.8874937217478653,0.8832997987927566,810200,780748,1026092,968874,106587,89640,2513947.7549702134,0.789597813841254,0.8058302730798845,0.868443594174278,0.8851870257752822,1991,1988,1774,1768,1767,224,2,7,1756,232,0,12,0.8845,0.878,0.8874937217478654,0.8832997987927566,0.996054114994363,0.9932126696832579,1991,1988,6382.83506447223,58900.0,0.789597813841254,0.8058302730798845,0.868443594174278,0.8851870257752822
590,0.0,58705.0,4000,1449.1757248900465,1452.6262005684034,1422.0002010198632,1425.4265712140736,3.450475678356952,3.426370194210449,1.007035283048876,0.0235900092340713,0.023341288500669986,0.023465648867370643,27.199629354329772,1990,1986,2000,2000,251,230,6385.964137286865,0.995,0.993,0.8738693467336683,0.8841893252769386,812190,782734,1028092,970874,106838,89870,2520333.7191075003,0.7899973932293997,0.8062158426325147,0.868456888166562,0.8851844943492936,1990,1986,1749,1770,1739,251,0,10,1756,230,0,14,0.8695,0.878,0.8738693467336683,0.8841893252769386,0.9942824471126358,0.992090395480226,1990,1986,6385.964137286865,59000.0,0.7899973932293997,0.8062158426325147,0.868456888166562,0.8851844943492936
591,0.0,58804.5,4000,1452.6432442228365,1456.0204227644515,1425.4425524963892,1429.0104785951223,3.377178541614967,3.5679260987330963,0.9465382544818234,0.02360752566846455,0.023362435345525852,0.0234849805069952,27.009944169329174,1988,1991,2000,2000,269,199,6389.104106901516,0.994,0.9955,0.8646881287726358,0.9000502260170768,814178,784725,1030092,972874,107107,90069,2526722.823214402,0.7903934794173725,0.8066049663162959,0.8684476858868699,0.8852222116027908,1988,1991,1730,1800,1719,269,1,11,1792,199,1,8,0.86,0.8965,0.8646881287726358,0.9000502260170768,0.9936416184971099,0.9955555555555555,1988,1991,6389.104106901516,59100.0,0.7903934794173725,0.8066049663162959,0.8684476858868699,0.8852222116027908
592,0.0,58904.0,4000,1456.0408939748897,1459.4854658750673,1429.0285896008431,1432.4838747949252,3.444571900177607,3.45528519408208,0.9968994472806986,0.023626179224947138,0.023381644005411834,0.023503911615179486,27.001591080142134,1988,1991,2000,2000,239,247,6392.211803146382,0.994,0.9955,0.8797786720321932,0.8759417378201908,816166,786716,1032092,974874,107346,90316,2533115.035017548,0.7907880305244106,0.8069924933888892,0.868475285664926,0.8851987248257313,1988,1991,1758,1751,1749,239,3,9,1744,247,2,7,0.876,0.873,0.8797786720321932,0.8759417378201909,0.9948805460750854,0.9960022844089091,1988,1991,6392.211803146382,59200.0,0.7907880305244106,0.8069924933888892,0.868475285664926,0.8851987248257313
593,0.0,59003.5,4000,1459.5040103883384,1462.964366834417,1432.5029375423724,1435.9549493818588,3.460356446078549,3.452011839486431,1.0024173169097124,0.023645003559464084,0.02340074873030884,0.023522876144886462,27.009417452558182,1993,1987,2000,2000,237,253,6395.334933507911,0.9965,0.9935,0.8810837932764677,0.8726723704076498,818159,788703,1034092,976874,107583,90569,2539510.369951056,0.7911858906170824,0.8073743389628549,0.8685059994450957,0.8851671668549504,1993,1987,1761,1746,1756,237,2,5,1734,253,1,12,0.879,0.8675,0.8810837932764677,0.8726723704076498,0.997160704145372,0.993127147766323,1993,1987,6395.334933507911,59300.0,0.7911858906170824,0.8073743389628549,0.8685059994450957,0.8851671668549504
594,0.0,59103.0,4000,1462.9780420695058,1466.4447793924994,1435.972785292649,1439.5424874300809,3.4667373229935947,3.569702137431932,0.9711559086797055,0.023663789960173445,0.023421749793864247,0.023542769877018845,26.90229196241853,1991,1990,2000,2000,236,216,6398.458535299425,0.9955,0.995,0.8814665996986439,0.8914572864321608,820150,790693,1036092,978874,107819,90785,2545908.8284863555,0.7915802843762909,0.8077576889364719,0.8685374626592697,0.8851829976994864,1991,1990,1762,1783,1755,236,2,7,1774,216,1,9,0.8785,0.8875,0.8814665996986439,0.8914572864321608,0.9960272417707151,0.9949523275378576,1991,1990,6398.458535299425,59400.0,0.7915802843762909,0.8077576889364719,0.8685374626592697,0.8851829976994864
595,0.0,59202.5,4000,1466.457068236267,1469.8729270910148,1439.5583315000283,1443.0612447994451,3.4158588547477393,3.502913299416832,0.9751479876240198,0.02368163481231627,0.023441524287813455,0.02356157955006486,26.811682291569696,1989,1992,2000,2000,243,222,6401.542579315784,0.9945,0.996,0.8778280542986425,0.8885542168674698,822139,792685,1038092,980874,108062,91007,2552310.371065671,0.7919712318368699,0.8081415146084002,0.8685599393776477,0.8851914694992337,1989,1992,1757,1776,1746,243,0,11,1770,222,2,6,0.873,0.886,0.8778280542986425,0.8885542168674698,0.993739328400683,0.9966216216216216,1989,1992,6401.542579315784,59500.0,0.7919712318368699,0.8081415146084002,0.8685599393776477,0.8851914694992337
596,0.0,59302.0,4000,1469.8930591809892,1473.3018958724203,1443.0768399951905,1446.5082633168536,3.4088366914311337,3.4314233216630328,0.9934177080136669,0.023699433558963482,0.023460028752387736,0.02357973115567561,26.793632555566774,1987,1991,2000,2000,259,232,6404.618180908874,0.9935,0.9955,0.8696527428283845,0.8834756403817178,824126,794676,1040092,982874,108321,91239,2558714.98924658,0.7923587528795529,0.8085227608014862,0.8685625741694838,0.8851871706204792,1987,1991,1741,1767,1728,259,0,13,1759,232,1,8,0.864,0.88,0.8696527428283845,0.8834756403817178,0.9925330269959793,0.9954725523486134,1987,1991,6404.618180908874,59600.0,0.7923587528795529,0.8085227608014862,0.8685625741694838,0.8851871706204792
597,0.0,59401.5,4000,1473.3209335581182,1476.7506099641926,1446.524108015436,1449.9076149143602,3.42967640607435,3.3835068989242245,1.013645459734338,0.023717503420535944,0.02347767278458653,0.023597588102561236,26.842995049832325,1991,1991,2000,2000,248,259,6407.700080767748,0.9955,0.9955,0.8754394776494224,0.8699146157709694,826117,796667,1042092,984874,108569,91498,2565122.6893273476,0.7927486248814883,0.8089024585886113,0.8685791479899336,0.8851490020297063,1991,1991,1748,1740,1743,248,4,5,1732,259,1,8,0.8735,0.8665,0.8754394776494224,0.8699146157709694,0.9971395881006865,0.9954022988505747,1991,1991,6407.700080767748,59700.0,0.7927486248814883,0.8089024585886113,0.8685791479899336,0.8851490020297063
598,0.0,59501.0,4000,1476.7665718118901,1480.228066673793,1449.9263189926924,1453.4316911542248,3.4614948619027928,3.5053721615324775,0.9874828413053572,0.023735993493571843,0.023497343503004687,0.023616668498288265,26.796375519568073,1991,1992,2000,2000,241,216,6410.795099739571,0.9955,0.996,0.8789552988448016,0.891566265060241,828108,798659,1044092,986874,108810,91714,2571533.484427087,0.793137003252587,0.809281630684363,0.868604095118028,0.8851650078443992,1991,1992,1759,1783,1750,241,0,9,1776,216,1,7,0.875,0.8885,0.8789552988448016,0.891566265060241,0.9948834565093804,0.9960740325294447,1991,1992,6410.795099739571,59800.0,0.793137003252587,0.809281630684363,0.868604095118028,0.8851650078443992
599,0.0,59600.5,4000,1480.251942194247,1483.644632427359,1453.4500351610754,1456.903770966934,3.3926902331120345,3.453735805858514,0.9823247705736701,0.023753405286630423,0.023516080489021526,0.023634742887825973,26.740861460425094,1993,1990,2000,2000,241,243,6413.877279650372,0.9965,0.995,0.8790767686904164,0.8778894472361809,830101,800649,1046092,988874,109051,91957,2577947.3617067374,0.7935258084374988,0.8096572465248353,0.8686292390925924,0.8851469245574528,1993,1990,1758,1757,1752,241,1,6,1747,243,0,10,0.8765,0.8735,0.8790767686904165,0.8778894472361809,0.9965870307167235,0.9943084803642572,1993,1990,6413.877279650372,59900.0,0.7935258084374988,0.8096572465248353,0.8686292390925924,0.8851469245574528
600,0.0,59700.0,4000,1483.660789833912,1487.1063052702987,1456.9232097666809,1460.4350144724367,3.445515436386586,3.5118047057558215,0.9811238736423503,0.023771510825201698,0.02353574107996487,0.023653625952583284,26.671290797861957,1991,1989,2000,2000,238,219,6416.90330524379,0.9955,0.9945,0.880462079357107,0.889894419306184,832092,802638,1048092,990874,109289,92176,2584364.265011981,0.7939112215339875,0.8100303368541308,0.868657552289891,0.8851586892222895,1991,1989,1758,1780,1753,238,4,5,1770,219,1,10,0.8785,0.8855,0.880462079357107,0.889894419306184,0.997155858930603,0.9943820224719101,1991,1989,6416.90330524379,60000.0,0.7939112215339875,0.8100303368541308,0.868657552289891,0.8851586892222895
601,0.0,59799.5,4000,1487.1209295082056,1490.559710104008,1460.449214711178,1463.9130261552368,3.4387805958024273,3.4638114440588197,0.9927736111908384,0.023789418541527642,0.023554450523805195,0.023671934532666417,26.64668394877117,1987,1991,2000,2000,233,241,6419.93481814822,0.9935,0.9955,0.8827377956718672,0.8789552988448016,834079,804629,1050092,992874,109522,92417,2590784.1998301293,0.7942913573286912,0.8104039384655052,0.8686910952080079,0.8851433393526706,1987,1991,1767,1757,1754,233,0,13,1750,241,2,7,0.877,0.876,0.8827377956718672,0.8789552988448016,0.9926428975664969,0.9960159362549801,1987,1991,6419.93481814822,60100.0,0.7942913573286912,0.8104039384655052,0.8686910952080079,0.8851433393526706
602,0.0,59899.0,4000,1490.5759716984521,1493.940619282927,1463.9307044505824,1467.3869880202278,3.364647584474824,3.456283569645393,0.9734871334125021,0.023806062517022098,0.02357303053730371,0.023689546527162902,26.553631262699128,1993,1991,2000,2000,264,235,6422.96924549474,0.9965,0.9955,0.8675363773206222,0.8819688598694123,836072,806620,1052092,994874,109786,92652,2597207.169075624,0.7946757507898549,0.8107760379706375,0.8686883426307782,0.885135503706826,1993,1991,1736,1765,1729,264,0,7,1756,235,0,9,0.8645,0.878,0.8675363773206222,0.8819688598694123,0.9959677419354839,0.9949008498583569,1993,1991,6422.96924549474,60200.0,0.7946757507898549,0.8107760379706375,0.8686883426307782,0.885135503706826
603,0.0,59998.5,4000,1493.9589772474415,1497.3397124022556,1467.4023224331872,1470.8676370054043,3.380735154814147,3.4653145722170393,0.9755925715717115,0.023822952846501804,0.02359165982306567,0.023707306334783736,26.472075396851324,1994,1988,2000,2000,263,233,6425.992400089077,0.997,0.994,0.8681043129388164,0.8827967806841046,838066,808608,1054092,996874,110049,92885,2603633.1614757134,0.795059634263423,0.8111436350030194,0.8686869530562032,0.8851297538485892,1994,1988,1736,1763,1731,263,1,5,1755,233,4,8,0.866,0.8795,0.8681043129388164,0.8827967806841046,0.9971198156682027,0.9954622802041974,1994,1988,6425.992400089077,60300.0,0.795059634263423,0.8111436350030194,0.8686869530562032,0.8851297538485892
604,0.0,60098.0,4000,1497.3553449293076,1500.7076622657937,1470.8834860139273,1474.3962192304368,3.352317336486067,3.5127332165095595,0.954333030681194,0.02383927163092048,0.02361102101913729,0.023725146325028885,26.311443035356888,1989,1986,2000,2000,263,239,6428.980622898509,0.9945,0.993,0.8677727501256913,0.8796576032225579,840055,810594,1056092,998874,110312,93124,2610062.1420986117,0.7954373293235817,0.8115077577352099,0.8686847884959914,0.885116346777795,1989,1986,1737,1758,1726,263,0,11,1747,239,3,11,0.863,0.875,0.8677727501256913,0.8796576032225579,0.9936672423719056,0.9937428896473265,1989,1986,6428.980622898509,60400.0,0.7954373293235817,0.8115077577352099,0.8686847884959914,0.885116346777795
605,0.0,60197.5,4000,1500.7239992632053,1504.0930189147734,1474.4163203296457,1477.8682387070808,3.3690196515681237,3.4519183774350495,0.9759847375277385,0.023855824184406228,0.023629383289793988,0.023742603737100108,26.224780207692675,1991,1997,2000,2000,243,251,6431.988542797472,0.9955,0.9985,0.8779507785032648,0.8743114672008012,842046,812591,1058092,1000874,110555,93375,2616494.130641409,0.7958154867440639,0.8118814156427283,0.868706697733853,0.8850897930201048,1991,1997,1755,1749,1748,243,2,7,1746,251,0,3,0.875,0.873,0.8779507785032646,0.8743114672008012,0.996011396011396,0.9982847341337907,1991,1997,6431.988542797472,60500.0,0.7958154867440639,0.8118814156427283,0.868706697733853,0.8850897930201048
606,0.0,60297.0,4000,1504.117105821219,1507.4896860389342,1477.8824408180353,1481.3416267846583,3.3725802177152673,3.459185966622954,0.9749635464114016,0.02387250875050722,0.023647707543071182,0.0237601081467892,26.14805925427595,1992,1989,2000,2000,245,249,6434.962070685668,0.996,0.9945,0.8770080321285141,0.8748114630467572,844038,814580,1060092,1002874,110800,93624,2622929.092712095,0.7961931605936089,0.8122456061279881,0.86872628957464,0.8850646959169143,1992,1989,1753,1749,1747,245,2,6,1740,249,2,9,0.8745,0.871,0.8770080321285141,0.8748114630467572,0.9965772960638904,0.9948542024013722,1992,1989,6434.962070685668,60600.0,0.7961931605936089,0.8122456061279881,0.86872628957464,0.8850646959169143
607,0.0,60396.5,4000,1507.504805060337,1510.972755010896,1481.3601154122266,1484.851695687956,3.467949950558932,3.4915802757293477,0.9932321976571254,0.023890561766930794,0.023666575716860157,0.023778568741895476,26.121059322940027,1989,1988,2000,2000,232,230,6437.947331953861,0.9945,0.994,0.8833584715937657,0.8843058350100603,846027,816568,1062092,1004874,111032,93854,2629367.040044049,0.7965665874519345,0.8126073517674853,0.8687606896706607,0.8850628484094405,1989,1988,1767,1768,1757,232,1,10,1758,230,2,10,0.879,0.88,0.8833584715937657,0.8843058350100603,0.9943406904357668,0.994343891402715,1989,1988,6437.947331953861,60700.0,0.7965665874519345,0.8126073517674853,0.8687606896706607,0.8850628484094405
608,0.0,60496.0,4000,1510.9944137230527,1514.4464811812659,1484.8763603111772,1488.4192343550399,3.4520674582131505,3.542874043862639,0.9743692311594329,0.023908401733932057,0.02368632705066604,0.02379736439229905,26.02724682622602,1992,1992,2000,2000,238,216,6440.937202990093,0.996,0.996,0.8805220883534136,0.891566265060241,848019,818560,1064092,1006874,111270,94070,2635807.977247039,0.7969414298763641,0.8129716329947938,0.868788317242892,0.8850786747458952,1992,1992,1761,1784,1754,238,1,7,1776,216,0,8,0.8775,0.888,0.8805220883534136,0.891566265060241,0.9960249858035207,0.9955156950672646,1992,1992,6440.937202990093,60800.0,0.7969414298763641,0.8129716329947938,0.868788317242892,0.8850786747458952
609,0.0,60595.5,4000,1514.4659471502882,1517.9035410288454,1488.4317036362656,1491.9464165387371,3.437593878557209,3.5147129024715014,0.9780582294900777,0.023925909446151868,0.023705350851628778,0.02381563014889032,25.9571244901083,1993,1991,2000,2000,237,223,6443.898277958808,0.9965,0.9955,0.8810837932764677,0.8879959819186338,850012,820551,1066092,1008874,111507,94293,2642251.8755249977,0.7973158038893454,0.8133334787099281,0.8688171461108785,0.8850857533535392,1993,1991,1762,1776,1756,237,1,6,1768,223,1,8,0.8785,0.8845,0.8810837932764677,0.8879959819186338,0.996594778660613,0.9954954954954955,1993,1991,6443.898277958808,60900.0,0.7973158038893454,0.8133334787099281,0.8688171461108785,0.8850857533535392
610,0.0,60695.0,4000,1517.9225892974423,1521.3699253741731,1491.9619757995717,1495.390784842886,3.447336076730835,3.4288090433142315,1.0054033436048966,0.023943512616655352,0.023722954674890842,0.023833233645773097,25.979140531287158,1994,1995,2000,2000,235,250,6446.831536033581,0.997,0.9975,0.8821464393179539,0.87468671679198,852006,822546,1068092,1010874,111742,94543,2648698.7070610314,0.7976897121221768,0.8136978495836277,0.8688483414436048,0.8850605315690551,1994,1995,1764,1750,1759,235,1,5,1745,250,0,5,0.88,0.8725,0.8821464393179539,0.87468671679198,0.9971655328798186,0.9971428571428571,1994,1995,6446.831536033581,61000.0,0.7976897121221768,0.8136978495836277,0.8688483414436048,0.8850605315690551
611,0.0,60794.5,4000,1521.385689341917,1524.7666269341905,1495.409265508111,1498.953453982858,3.38093759227354,3.5441884747469885,0.953938430860367,0.023959917695188116,0.023742437059055866,0.02385117737712199,25.81317295133249,1992,1995,2000,2000,251,218,6449.778535446514,0.996,0.9975,0.873995983935743,0.8907268170426065,853998,824541,1070092,1012874,111993,94761,2655148.485596478,0.7980603536892155,0.8140607814989821,0.8688603486190835,0.8850742413051625,1992,1995,1749,1782,1741,251,0,8,1777,218,0,5,0.8705,0.8885,0.873995983935743,0.8907268170426065,0.9954259576901087,0.9971941638608305,1992,1995,6449.778535446514,61100.0,0.7980603536892155,0.8140607814989821,0.8688603486190835,0.8850742413051625
612,0.0,60894.0,4000,1524.7785603819477,1528.2237224047444,1498.974546118563,1502.4486712292519,3.445162022796694,3.474125110688874,0.9916631995194793,0.023977255990956663,0.023760753620174956,0.023869004805565808,25.775051175492536,1994,1994,2000,2000,249,235,6452.7163035129,0.997,0.997,0.8751253761283851,0.8821464393179539,855992,826535,1072092,1014874,112242,94996,2661601.201899991,0.7984314778955537,0.8144212976192119,0.8688749427564744,0.8850671780384376,1994,1994,1750,1763,1745,249,1,5,1759,235,2,4,0.873,0.8805,0.8751253761283851,0.8821464393179539,0.9971428571428571,0.9977311401020987,1994,1994,6452.7163035129,61200.0,0.7984314778955537,0.8144212976192119,0.8688749427564744,0.8850671780384376
613,0.0,60993.5,4000,1528.239419210411,1531.6578635664248,1502.4621487018267,1505.9508725554595,3.418444356013879,3.4887238536327914,0.9798552420405156,0.023994163259514326,0.0237791243536854,0.023886643806599862,25.70699101096534,1994,1991,2000,2000,265,230,6455.6467238276,0.997,0.9955,0.8671013039117352,0.8844801607232546,857986,828526,1074092,1016874,112507,95226,2668056.8486238187,0.7988012200072248,0.8147774453865474,0.8688708207360027,0.8850657673989711,1994,1991,1733,1769,1729,265,2,4,1761,230,1,8,0.8655,0.881,0.8671013039117352,0.8844801607232546,0.9976918638199653,0.9954776710005653,1994,1991,6455.6467238276,61300.0,0.7988012200072248,0.8147774453865474,0.8688708207360027,0.8850657673989711
614,0.0,61093.0,4000,1531.6775103938164,1535.0379818955014,1505.9679639368137,1509.4801869628163,3.3604715016849696,3.51222302600263,0.9567933120436337,0.024010135604842095,0.023797876828799216,0.023904006216820657,25.557794932685056,1993,1997,2000,2000,282,221,6458.5470174794,0.9965,0.9985,0.8585047666833918,0.8893340010015023,859979,830523,1076092,1018874,112789,95447,2674515.395641298,0.7991686584418433,0.815138083806241,0.8688467974217975,0.8850760304049377,1993,1997,1718,1778,1711,282,0,7,1776,221,1,2,0.8555,0.8885,0.8585047666833918,0.8893340010015023,0.9959254947613504,0.9988751406074241,1993,1997,6458.5470174794,61400.0,0.7991686584418433,0.815138083806241,0.8688467974217975,0.8850760304049377
615,0.0,61192.5,4000,1535.0565712485673,1538.457482052125,1509.4942048418395,1512.9800699098303,3.4009108035577356,3.485865067990744,0.975628929182283,0.0240266963625029,0.023816089759923345,0.023921393061213124,25.477412142294725,1994,1993,2000,2000,245,224,6461.418932189253,0.997,0.9965,0.8771313941825476,0.8876066231811339,861973,832516,1078092,1020874,113034,95671,2680976.8145734873,0.7995356611495122,0.8154933909571602,0.8688659621589075,0.885082088512413,1994,1993,1755,1776,1749,245,0,6,1769,224,0,7,0.8745,0.8845,0.8771313941825476,0.8876066231811339,0.9965811965811966,0.9960585585585585,1994,1993,6461.418932189253,61500.0,0.7995356611495122,0.8154933909571602,0.8688659621589075,0.885082088512413
616,0.0,61292.0,4000,1538.4705721628477,1541.9522247009452,1512.9908850848078,1516.5084505951324,3.481652538097478,3.51756551032463,0.9897903899382282,0.024044424820499163,0.023834706183775776,0.02393956550213747,25.443774105812736,1989,1994,2000,2000,225,214,6464.290938999795,0.9945,0.997,0.8868778280542986,0.892678034102307,863962,834510,1080092,1022874,113259,95885,2687441.1055124872,0.799896675468386,0.8158482862991923,0.8689074287989518,0.8851002384632898,1989,1994,1773,1785,1764,225,2,9,1780,214,1,5,0.883,0.8905,0.8868778280542986,0.892678034102307,0.9949238578680203,0.9971988795518207,1989,1994,6464.290938999795,61600.0,0.799896675468386,0.8158482862991923,0.8689074287989518,0.8851002384632898
617,0.0,61391.5,4000,1541.9710791329724,1545.3541053221654,1516.5263765227664,1519.9400112179344,3.3830261891930604,3.413634695167957,0.9910334559177573,0.024060590754683447,0.023851693055808587,0.023956141905246017,25.414094104231026,1994,1994,2000,2000,270,245,6467.1657167668745,0.997,0.997,0.8645937813440321,0.8771313941825476,865956,836504,1082092,1024874,113529,96130,2693908.271229254,0.8002609759613785,0.8162017965135226,0.8688974959466763,0.8850812428870634,1994,1994,1729,1755,1724,270,1,5,1749,245,0,6,0.8625,0.8745,0.8645937813440321,0.8771313941825476,0.9971081550028918,0.9965811965811966,1994,1994,6467.1657167668745,61700.0,0.8002609759613785,0.8162017965135226,0.8688974959466763,0.8850812428870634
618,0.0,61491.0,4000,1545.3711596978378,1548.810137099975,1519.9618716907066,1523.472065863136,3.4389774021371977,3.5101941724294647,0.9797114442125073,0.024077580604235895,0.02387025107101281,0.02397391583762435,25.338071236838914,1995,1992,2000,2000,243,246,6470.030770880096,0.9975,0.996,0.8781954887218045,0.8765060240963856,867951,838496,1084092,1026874,113772,96376,2700378.3020001343,0.8006248547171273,0.8165519820347968,0.8689188675397574,0.8850608708926458,1995,1992,1757,1754,1752,243,0,5,1746,246,0,8,0.876,0.873,0.8781954887218045,0.8765060240963856,0.9971542401821286,0.9954389965792474,1995,1992,6470.030770880096,61800.0,0.8006248547171273,0.8165519820347968,0.8689188675397574,0.8850608708926458
619,0.0,61590.5,4000,1548.8246694421794,1552.3147368028483,1523.4929160953648,1526.9898397077427,3.490067360668945,3.496923612377941,0.9980393475897709,0.02409530017842733,0.023888518417337613,0.02399190929788247,25.324897095105598,1997,1996,2000,2000,226,238,6472.8724780293405,0.9985,0.998,0.8868302453680521,0.8807615230460922,869948,840492,1086092,1028874,113998,96614,2706851.1744781635,0.8009892347977887,0.8169046938692202,0.8689599838151245,0.8850506608034342,1997,1996,1773,1762,1771,226,1,2,1758,238,0,4,0.886,0.879,0.8868302453680521,0.8807615230460922,0.9988719684151156,0.9977298524404086,1997,1996,6472.8724780293405,61900.0,0.8009892347977887,0.8169046938692202,0.8689599838151245,0.8850506608034342
620,0.0,61690.0,4000,1552.3320806290383,1555.7830417720836,1527.0072715778847,1530.4697514851066,3.4509611430453333,3.462479907221905,0.9966732617992826,0.02411237719377237,0.02390611615823487,0.02400924667600362,25.313290286977008,1996,1995,2000,2000,253,244,6475.716391709314,0.998,0.9975,0.873246492985972,0.8776942355889724,871944,842487,1088092,1030874,114251,96858,2713326.8908698726,0.8013513563191348,0.8172550670596018,0.8689697962254457,0.8850332408689986,1996,1995,1747,1755,1743,253,0,4,1751,244,1,4,0.8715,0.876,0.8732464929859719,0.8776942355889724,0.9977103606182026,0.9977207977207977,1996,1995,6475.716391709314,62000.0,0.8013513563191348,0.8172550670596018,0.8689697962254457,0.8850332408689986
621,0.0,61789.5,4000,1555.794407865607,1559.2347720270132,1530.4907750298514,1534.0104572012685,3.440364161406251,3.5196821714171165,0.9774644396431595,0.024129132307066287,0.023924636192056748,0.024026884249561516,25.224314825744614,1996,1997,2000,2000,241,220,6478.551193370935,0.998,0.9985,0.8792585170340681,0.8898347521281923,873940,844484,1090092,1032874,114492,97078,2719805.4420632436,0.8017121490663174,0.8176060197081154,0.8689932947341923,0.8850445952794843,1996,1997,1757,1780,1755,241,2,2,1777,220,0,3,0.8785,0.8885,0.8792585170340681,0.8898347521281923,0.9988616960728515,0.998314606741573,1996,1997,6478.551193370935,62100.0,0.8017121490663174,0.8176060197081154,0.8689932947341923,0.8850445952794843
622,0.0,61889.0,4000,1559.2454003450212,1562.675625803994,1534.0269922989917,1537.5396861249221,3.4302254589729273,3.512693825930455,0.9765227568799899,0.024145658682408318,0.023942912161581634,0.024044285421994976,25.135939679071953,1992,1996,2000,2000,250,227,6481.385831071686,0.996,0.998,0.8744979919678715,0.8862725450901804,875932,846480,1092092,1034874,114742,97305,2726286.827894315,0.802067957644594,0.8179546495515396,0.8690058132366439,0.88504749078537,1992,1996,1750,1773,1742,250,0,8,1769,227,0,4,0.871,0.8845,0.8744979919678715,0.8862725450901804,0.9954285714285714,0.9977439368302312,1992,1996,6481.385831071686,62200.0,0.802067957644594,0.8179546495515396,0.8690058132366439,0.88504749078537
623,0.0,61988.5,4000,1562.6919778232034,1566.1109219396592,1537.5582351887326,1541.0116445794206,3.4189441164558048,3.453409390687966,0.9900199280383333,0.02416204279585012,0.023960210191089504,0.024061126493469812,25.099277360238602,1991,1990,2000,2000,246,238,6484.199209449669,0.9955,0.995,0.8764439979909593,0.8804020100502512,877923,848470,1094092,1036874,114988,97543,2732771.027103765,0.8024215513869035,0.8182961478443861,0.8690226819436329,0.8850365952832746,1991,1990,1753,1760,1745,246,1,8,1752,238,2,8,0.873,0.877,0.8764439979909593,0.8804020100502512,0.995436394751854,0.9954545454545455,1991,1990,6484.199209449669,62300.0,0.8024215513869035,0.8182961478443861,0.8690226819436329,0.8850365952832746
624,0.0,62088.0,4000,1566.1218458830342,1569.5723434983995,1541.0324845718728,1544.574235145482,3.4504976153652933,3.541750573609079,0.9742350692553717,0.02417879307275966,0.023978905215880406,0.024078849144320034,24.998108352917598,1994,1994,2000,2000,221,209,6487.007013460234,0.997,0.997,0.8891675025075225,0.89518555667001,879917,850464,1096092,1038874,115209,97752,2739258.034117225,0.8027765917459483,0.818640181581212,0.8690683325813685,0.885060390563269,1994,1994,1779,1790,1773,221,0,6,1785,209,1,5,0.8865,0.893,0.8891675025075225,0.89518555667001,0.9966273187183811,0.9972067039106145,1994,1994,6487.007013460234,62400.0,0.8027765917459483,0.818640181581212,0.8690683325813685,0.885060390563269
625,0.0,62187.5,4000,1569.5926786867728,1572.977471305918,1544.5871527270165,1548.119526417197,3.3847926191451734,3.5323736901805205,0.9582204251363323,0.02419458904876354,0.02399726362788244,0.02409592633832299,24.857944888721022,1992,1991,2000,2000,267,231,6489.787435400368,0.996,0.9955,0.8659638554216867,0.8839779005524862,881909,852455,1098092,1040874,115476,97983,2745747.8215526254,0.803128517464839,0.8189800110291928,0.8690613203856634,0.8850578622918512,1992,1991,1732,1767,1725,267,1,7,1760,231,2,7,0.863,0.881,0.8659638554216867,0.8839779005524862,0.995958429561201,0.9960384833050367,1992,1991,6489.787435400368,62500.0,0.803128517464839,0.8189800110291928,0.8690613203856634,0.8850578622918512
626,0.0,62287.0,4000,1572.9956227407815,1576.385438747535,1548.1299716003866,1551.6826642106462,3.3898160067535628,3.5526926102595553,0.9541540399426527,0.024210379919957482,0.024015848475017598,0.024113114197487538,24.70277453688891,1992,1996,2000,2000,260,225,6492.565734133879,0.996,0.998,0.8694779116465863,0.8872745490981964,883901,854451,1100092,1042874,115736,98208,2752240.3872867594,0.8034791635608658,0.8193233314858747,0.8690622592349143,0.8850630404786232,1992,1996,1737,1774,1732,260,3,5,1771,225,1,3,0.8675,0.886,0.8694779116465864,0.8872745490981964,0.9971214738054116,0.9983089064261556,1992,1996,6492.565734133879,62600.0,0.8034791635608658,0.8193233314858747,0.8690622592349143,0.8850630404786232
627,0.0,62386.5,4000,1576.4015432040276,1579.8148803478916,1551.703742207937,1555.1968006611833,3.413337143864055,3.493058453246249,0.9771772186325409,0.024226462912116345,0.024033592519723104,0.024130027715919725,24.61807968670837,1994,1994,2000,2000,258,227,6495.328008510401,0.997,0.997,0.8706118355065195,0.8861584754262788,885895,856445,1102092,1044874,115994,98435,2758735.7152952696,0.8038303517310714,0.8196634235324067,0.8690657470693479,0.885065590901926,1994,1994,1742,1772,1736,258,0,6,1767,227,1,5,0.868,0.884,0.8706118355065195,0.8861584754262788,0.9965556831228473,0.9971783295711061,1994,1994,6495.328008510401,62700.0,0.8038303517310714,0.8196634235324067,0.8690657470693479,0.885065590901926
628,0.0,62486.0,4000,1579.828944613882,1583.1686615081571,1555.214154820321,1558.7683279550113,3.3397168942751705,3.554173134690245,0.9396607221179266,0.024241289900477078,0.024052193921663485,0.02414674191107028,24.400333553145856,1993,1991,2000,2000,270,215,6498.07786201301,0.9965,0.9955,0.8645258404415455,0.8920140632847815,887888,858436,1104092,1046874,116264,98650,2765233.7931572828,0.8041793618647721,0.8199993504471407,0.8690555565566829,0.8850817067317773,1993,1991,1729,1784,1723,270,1,6,1776,215,1,8,0.862,0.8885,0.8645258404415455,0.8920140632847815,0.9965297860034702,0.9955156950672646,1993,1991,6498.07786201301,62800.0,0.8041793618647721,0.8199993504471407,0.8690555565566829,0.8850817067317773
629,0.0,62585.5,4000,1583.1882048080704,1586.5284933674081,1558.781205727699,1562.333254461769,3.3402885593377505,3.552048734070013,0.940383651637115,0.02425616593973309,0.024070631236680833,0.02416339858820696,24.195238905639144,1992,1994,2000,2000,269,208,6500.814490362055,0.996,0.997,0.8649598393574297,0.8956870611835507,889880,860430,1106092,1048874,116533,98858,2771734.607647645,0.8045262057767346,0.8203368564765644,0.869046388277071,0.8851062840672687,1992,1994,1730,1791,1723,269,1,7,1786,208,1,5,0.862,0.8935,0.8649598393574297,0.8956870611835507,0.9959537572254336,0.9972082635399219,1992,1994,6500.814490362055,62900.0,0.8045262057767346,0.8203368564765644,0.869046388277071,0.8851062840672687
630,0.0,62685.0,4000,1586.5490735059207,1590.0020449066242,1562.350029094126,1565.825412775917,3.452971400703518,3.475383681790845,0.9935511347409625,0.024272799827752815,0.024087854969863053,0.024180327398807933,24.176632130707276,1995,1995,2000,2000,244,249,6503.552988596651,0.9975,0.9975,0.8776942355889724,0.8751879699248121,891875,862425,1108092,1050874,116777,99107,2778238.1606362415,0.8048745050049996,0.8206740294269341,0.8690657323055361,0.8850833405803403,1995,1995,1756,1749,1751,244,0,5,1746,249,2,3,0.8755,0.874,0.8776942355889724,0.8751879699248121,0.9971526195899773,0.9982847341337907,1995,1995,6503.552988596651,63000.0,0.8048745050049996,0.8206740294269341,0.8690657323055361,0.8850833405803403
631,0.0,62784.5,4000,1590.0170946361875,1593.3919388546674,1565.8396129275438,1569.3493708150665,3.3748442184798932,3.50975788752271,0.9615604057697431,0.02428805519962711,0.024105528068787987,0.02419679163420755,24.042568039600837,1994,1991,2000,2000,265,228,6506.262400869871,0.997,0.9955,0.8671013039117352,0.8854846810647916,893869,864416,1110092,1052874,117042,99335,2784744.4230371113,0.8052206483786929,0.8210061222900366,0.8690613501530985,0.8850842649835264,1994,1991,1734,1770,1729,265,1,5,1763,228,2,7,0.865,0.8825,0.8671013039117352,0.8854846810647916,0.9971164936562861,0.996045197740113,1994,1991,6506.262400869871,63100.0,0.8052206483786929,0.8210061222900366,0.8690613501530985,0.8850842649835264
632,0.0,62884.0,4000,1593.4101878888846,1596.7925851642117,1569.3708198594588,1572.9443224056351,3.3823972753270937,3.5735025461763144,0.9465215797722866,0.024303432427310364,0.024124268555871686,0.024213850491591027,23.84826275857654,1996,1993,2000,2000,260,215,6508.975286714643,0.998,0.9965,0.8697394789579158,0.8921224284997491,895865,866409,1112092,1054874,117302,99550,2791253.398323826,0.8055673451477036,0.8213388518439169,0.8690628610337495,0.8851004548660044,1996,1993,1739,1784,1736,260,1,3,1778,215,1,6,0.8685,0.8895,0.8697394789579158,0.8921224284997491,0.9982748706152962,0.9966367713004485,1996,1993,6508.975286714643,63200.0,0.8055673451477036,0.8213388518439169,0.8690628610337495,0.8851004548660044
633,0.0,62983.5,4000,1596.8114210760252,1600.160918856681,1572.960022679633,1576.4717260221273,3.349497780655838,3.511703342494229,0.9538100044284542,0.02431825060187179,0.024141882722710627,0.02423006666229121,23.68919283455375,1998,1994,2000,2000,299,221,6511.702221280341,0.999,0.997,0.8503503503503503,0.8891675025075225,897863,868403,1114092,1056874,117601,99771,2797765.1005451065,0.8059145923316925,0.8216712682874212,0.8690212203866291,0.885109793494495,1998,1994,1701,1778,1699,299,0,2,1773,221,1,5,0.8495,0.887,0.8503503503503503,0.8891675025075225,0.9988242210464433,0.9971878515185602,1998,1994,6511.702221280341,63300.0,0.8059145923316925,0.8216712682874212,0.8690212203866291,0.885109793494495
634,0.0,63083.0,4000,1600.1769734712093,1603.6589673905137,1576.4902088296917,1579.9850129792007,3.4819939193043865,3.4948041495090365,0.996334492676378,0.02433506800681888,0.024159218664111297,0.02424714333546509,23.673954411312934,1992,1995,2000,2000,221,219,6514.399958654916,0.996,0.9975,0.8890562248995983,0.8902255639097745,899855,870398,1116092,1058874,117822,99990,2804279.500503761,0.8062552191038015,0.822003373394757,0.8690655716754366,0.8851215191211377,1992,1995,1779,1780,1771,221,0,8,1776,219,1,4,0.8855,0.8885,0.8890562248995983,0.8902255639097745,0.9955030916245081,0.9977528089887641,1992,1995,6514.399958654916,63400.0,0.8062552191038015,0.822003373394757,0.8690655716754366,0.8851215191211377
635,0.0,63182.5,4000,1603.6781389260595,1607.1588262408009,1580.0038621074098,1583.5165218244574,3.480687314741317,3.5126597170476543,0.9908979505896434,0.024351860952481954,0.024176786962990755,0.024264323957736353,23.64230441634345,1992,1992,2000,2000,216,216,6517.082083705854,0.996,0.996,0.891566265060241,0.891566265060241,901847,872390,1118092,1060874,118038,100206,2810796.582587467,0.8065946272757519,0.8223313984507113,0.8691152712156275,0.8851362349407949,1992,1992,1781,1782,1776,216,3,5,1776,216,2,6,0.8895,0.889,0.891566265060241,0.891566265060241,0.9971925884334644,0.9966329966329966,1992,1992,6517.082083705854,63500.0,0.8065946272757519,0.8223313984507113,0.8691152712156275,0.8851362349407949
636,0.0,63282.0,4000,1607.176274368994,1610.5080637131475,1583.533400346225,1587.0596794843498,3.331789344153549,3.5262791381246643,0.9448456045727145,0.024366232829480357,0.024194483173110144,0.02428035800129525,23.44838422879775,1995,1997,2000,2000,249,239,6519.762136290763,0.9975,0.9985,0.8751879699248121,0.8803204807210816,903842,874387,1120092,1062874,118287,100445,2817316.344723758,0.8069355017266439,0.8226628932498113,0.8691286751445496,0.8851252363084081,1995,1997,1750,1761,1746,249,1,4,1758,239,0,3,0.8735,0.879,0.8751879699248121,0.8803204807210816,0.9977142857142857,0.9982964224872232,1995,1997,6519.762136290763,63600.0,0.8069355017266439,0.8226628932498113,0.8691286751445496,0.8851252363084081
637,0.0,63381.5,4000,1610.5246167895334,1613.9786626855446,1587.0795623600047,1590.6509086757214,3.4540458960111664,3.57134631571671,0.9671551260124704,0.02438246478692854,0.024212878477255523,0.02429767163209203,23.32775400982314,1999,1994,2000,2000,245,208,6522.427995889206,0.9995,0.997,0.8774387193596799,0.8956870611835507,905841,876381,1122092,1064874,118532,100653,2823838.772719647,0.807278725808579,0.8229903256159884,0.86914701365913,0.8851492672707418,1999,1994,1754,1791,1754,245,1,0,1786,208,1,5,0.8775,0.8935,0.8774387193596799,0.8956870611835507,1.0,0.9972082635399219,1999,1994,6522.427995889206,63700.0,0.807278725808579,0.8229903256159884,0.86914701365913,0.8851492672707418
638,0.0,63481.0,4000,1613.9947544610245,1617.3473825342526,1590.671461441369,1594.1048355654145,3.352628073228061,3.4333741240454856,0.9764820121838972,0.024397049009029087,0.024229064042176646,0.024313056525602866,23.24254696883804,1996,1993,2000,2000,258,256,6525.087780282106,0.998,0.9965,0.8707414829659319,0.8715504264927245,907837,878374,1124092,1066874,118790,100909,2830363.8604999287,0.8076180597317657,0.8233155930316045,0.8691505193112861,0.8851184119748535,1996,1993,1740,1740,1738,258,2,2,1737,256,4,3,0.87,0.8705,0.8707414829659319,0.8715504264927245,0.9988505747126437,0.9982758620689656,1996,1993,6525.087780282106,63800.0,0.8076180597317657,0.8233155930316045,0.8691505193112861,0.8851184119748535
639,0.0,63580.5,4000,1617.3663457032355,1620.767798931406,1594.1241067415658,1597.6475745958844,3.401453228170567,3.5234678543185964,0.9653708700652738,0.02441239660677949,0.02424658880941064,0.024329492708095063,23.120224335521698,1992,1997,2000,2000,242,210,6527.737345690033,0.996,0.9985,0.8785140562248996,0.8948422633950927,909829,880371,1126092,1068874,119032,101119,2836891.5978456186,0.8079526361966873,0.8236433854691947,0.8691710200488223,0.885140469188558,1992,1997,1756,1790,1750,242,2,6,1787,210,0,3,0.876,0.8935,0.8785140562248996,0.8948422633950927,0.9965831435079726,0.9983240223463687,1992,1997,6527.737345690033,63900.0,0.8079526361966873,0.8236433854691947,0.8691710200488223,0.885140469188558
640,0.0,63680.0,4000,1620.7835131252295,1624.1777250699326,1597.66983907374,1601.161431727575,3.394211944703102,3.4915926538351414,0.9721099455788242,0.024427532332995872,0.024263607532078603,0.02434556993253724,23.016293342357585,1999,1994,2000,2000,255,227,6530.387105725741,0.9995,0.997,0.8724362181090546,0.8861584754262788,911828,882365,1128092,1070874,119287,101346,2843421.9849513443,0.8082922314846661,0.8239671520645753,0.869178178340652,0.8851427697154806,1999,1994,1745,1772,1744,255,0,1,1767,227,1,5,0.872,0.884,0.8724362181090545,0.8861584754262788,0.9994269340974212,0.9971783295711061,1999,1994,6530.387105725741,64000.0,0.8082922314846661,0.8239671520645753,0.869178178340652,0.8851427697154806
641,0.0,63779.5,4000,1624.19721666053,1627.6578325409603,1601.1784745817854,1604.6730066170637,3.4606158804301685,3.4945320352783256,0.9902945073887538,0.02444371570643937,0.024280537549805293,0.02436212662812233,22.98482592389655,1998,1996,2000,2000,251,244,6533.034341020945,0.999,0.998,0.8743743743743744,0.8777555110220441,913826,884361,1130092,1072874,119538,101590,2849955.0192923653,0.808629739879585,0.8242915757115934,0.8691895393652621,0.8851260966958063,1998,1996,1749,1755,1747,251,0,2,1752,244,1,3,0.8735,0.8765,0.8743743743743744,0.8777555110220441,0.9988564894225271,0.9982905982905983,1998,1996,6533.034341020945,64100.0,0.808629739879585,0.8242915757115934,0.8691895393652621,0.8851260966958063
642,0.0,63879.0,4000,1627.6777853334788,1631.091446184169,1604.688730869895,1608.1679670449564,3.413660850690121,3.4792361750614873,0.9811523791223494,0.02445912446146374,0.024297156033807037,0.02437814024763539,22.92347913921253,1995,1993,2000,2000,256,238,6535.672657462513,0.9975,0.9965,0.8716791979949875,0.8805820371299549,915821,886354,1132092,1074874,119794,101828,2856490.6919498276,0.808963405800942,0.8246120010345399,0.8691949627711092,0.885115879208533,1995,1993,1742,1761,1739,256,2,3,1755,238,1,6,0.8705,0.878,0.8716791979949875,0.8805820371299549,0.9982778415614236,0.9965928449744463,1995,1993,6535.672657462513,64200.0,0.808963405800942,0.8246120010345399,0.8691949627711092,0.885115879208533
643,0.0,63978.5,4000,1631.113185627,1634.5078699051141,1608.1844135938845,1611.7716195308958,3.394684278114255,3.5872059370112765,0.9463310269113171,0.024474217949407736,0.024315413217050563,0.02439481558322915,22.736250374218343,1989,1996,2000,2000,268,201,6538.28740625397,0.9945,0.998,0.8652589240824535,0.8992985971943888,917810,888350,1134092,1076874,120062,102029,2863028.9793560817,0.8092906042895991,0.824934021993288,0.8691864329218466,0.8851477458209039,1989,1996,1730,1799,1721,268,2,9,1795,201,0,4,0.8615,0.8975,0.8652589240824535,0.8992985971943888,0.9947976878612717,0.9977765425236242,1989,1996,6538.28740625397,64300.0,0.8092906042895991,0.824934021993288,0.8691864329218466,0.8851477458209039
644,0.0,64078.0,4000,1634.5227074943539,1637.972934813548,1611.791994552763,1615.3217981357705,3.4502273191940276,3.5298035830073786,0.9774558946575853,0.024490019861107937,0.02433278336119916,0.02441140161115355,22.65113667777746,1996,1993,2000,2000,232,240,6540.899249320738,0.998,0.9965,0.8837675350701403,0.8795785248369292,919806,890343,1136092,1078874,120294,102269,2869569.8786054025,0.8096228122370371,0.8252520683601607,0.869218074246091,0.8851352793249343,1996,1993,1768,1760,1764,232,0,4,1753,240,0,7,0.882,0.8765,0.8837675350701403,0.8795785248369292,0.997737556561086,0.9960227272727272,1996,1993,6540.899249320738,64400.0,0.8096228122370371,0.8252520683601607,0.869218074246091,0.8851352793249343
645,0.0,64177.5,4000,1637.9940099039165,1641.4041991431466,1615.343874793222,1618.8367155682674,3.4101892392300215,3.4928407750453516,0.9763368727238197,0.024505248734650386,0.024349552959592603,0.024427400847121493,22.567483574879134,1992,1995,2000,2000,244,225,6543.510869151353,0.996,0.9975,0.8775100401606426,0.887218045112782,921798,892338,1138092,1080874,120538,102494,2876113.389474554,0.8099503379340158,0.8255707880844576,0.8692359931351554,0.8851399357642508,1992,1995,1755,1774,1748,244,1,7,1770,225,1,4,0.8745,0.8855,0.8775100401606426,0.8872180451127819,0.996011396011396,0.9977452085682075,1992,1995,6543.510869151353,64500.0,0.8099503379340158,0.8255707880844576,0.8692359931351554,0.8851399357642508
646,0.0,64277.0,4000,1641.4178413698903,1644.8875200432174,1618.8528244734202,1622.3458866434676,3.469678673327053,3.493062170047324,0.9933057313091126,0.024521236289241806,0.024366181686825434,0.02444370898803362,22.5416333997498,1992,1992,2000,2000,230,229,6546.084646079458,0.996,0.996,0.8845381526104418,0.8850401606425703,923790,894330,1140092,1082874,120768,102723,2882659.4741206337,0.8102767145107588,0.825885560092864,0.8692689897054525,0.8851397135285632,1992,1992,1769,1770,1762,230,1,7,1763,229,1,7,0.8815,0.882,0.8845381526104418,0.8850401606425703,0.9960429621254946,0.996045197740113,1992,1992,6546.084646079458,64600.0,0.8102767145107588,0.825885560092864,0.8692689897054525,0.8851397135285632
647,0.0,64376.5,4000,1644.9058081234507,1648.290677742198,1622.3632264647422,1625.8613932960052,3.384869618747416,3.4981668312630063,0.9676124044447919,0.024535935424791367,0.024382856933871107,0.02445939617933124,22.429284446192923,1994,1997,2000,2000,256,227,6548.66953909086,0.997,0.9985,0.8716148445336008,0.886329494241362,925784,896327,1142092,1084874,121024,102950,2889208.1436597244,0.8106036991765987,0.8262037803468422,0.8692740423252077,0.8851423643380151,1994,1997,1742,1773,1738,256,2,4,1770,227,0,3,0.87,0.885,0.8716148445336008,0.8863294942413621,0.9977037887485649,0.9983079526226735,1994,1997,6548.66953909086,64700.0,0.8106036991765987,0.8262037803468422,0.8692740423252077,0.8851423643380151
648,0.0,64476.0,4000,1648.3064530120362,1651.6889426353332,1625.8844492587552,1629.3946469904402,3.382489623297033,3.5101977316849116,0.9636179730745317,0.024550513686375564,0.024399754588208266,0.024475134137291917,22.294295644893054,1993,1993,2000,2000,245,245,6551.229531620771,0.9965,0.9965,0.8770697441043653,0.8770697441043653,927777,898320,1144092,1086874,121269,103195,2895759.373191345,0.8109286665757649,0.826517149181966,0.8692907886270085,0.8851244545373587,1993,1993,1755,1754,1748,245,0,7,1748,245,1,6,0.874,0.8745,0.8770697441043652,0.8770697441043652,0.996011396011396,0.9965792474344356,1993,1993,6551.229531620771,64800.0,0.8109286665757649,0.826517149181966,0.8692907886270085,0.8851244545373587
649,0.0,64575.5,4000,1651.7055915866072,1655.1894291615126,1629.40500870707,1632.9296213490659,3.483837574905465,3.5246126419958728,0.9884313338139427,0.024566622086337687,0.024416626682196015,0.02449162438426685,22.259807812446752,1995,1990,2000,2000,251,220,6553.782684065709,0.9975,0.995,0.8741854636591478,0.8894472361809045,929772,900310,1146092,1088874,121520,103415,2902313.155875411,0.811254244859924,0.8268266117108132,0.8693012910692084,0.8851340093967633,1995,1990,1748,1780,1744,251,1,4,1770,220,0,10,0.8725,0.885,0.8741854636591478,0.8894472361809045,0.9977116704805492,0.9943820224719101,1995,1990,6553.782684065709,64900.0,0.811254244859924,0.8268266117108132,0.8693012910692084,0.8851340093967633
650,0.0,64675.0,4000,1655.2050020418894,1658.680221076224,1632.9499401371243,1636.4323463722822,3.4752190343344864,3.482406235157896,0.9979361394570087,0.024582531774123496,0.024432950718426733,0.024507741246275114,22.24787470394176,1995,1989,2000,2000,228,240,6556.329792750312,0.9975,0.9945,0.8857142857142857,0.8793363499245852,931767,902299,1148092,1090874,121748,103655,2908869.4856681614,0.8115786888158789,0.8271340228110671,0.8693364328206515,0.8851212292155926,1995,1989,1771,1759,1767,228,1,4,1749,240,1,10,0.884,0.875,0.8857142857142857,0.8793363499245852,0.9977413890457368,0.9943149516770893,1995,1989,6556.329792750312,65000.0,0.8115786888158789,0.8271340228110671,0.8693364328206515,0.8851212292155926
651,0.0,64774.5,4000,1658.7033141241602,1662.147466534342,1636.4521010179774,1640.0257717920417,3.4441524101816867,3.5736707740643396,0.9637576116908633,0.02459803088749839,0.024450617851267238,0.024524324369382816,22.12169474230018,1994,1994,2000,2000,255,213,6558.855758597059,0.997,0.997,0.8721163490471414,0.8931795386158475,933761,904293,1150092,1092874,122003,103868,2915428.3414267586,0.8119011348657325,0.8274448838566935,0.8693423691929734,0.8851389980902208,1994,1994,1745,1785,1739,255,0,6,1781,213,2,4,0.8695,0.8915,0.8721163490471414,0.8931795386158475,0.9965616045845272,0.9977591036414566,1994,1994,6558.855758597059,65100.0,0.8119011348657325,0.8274448838566935,0.8693423691929734,0.8851389980902208
652,0.0,64874.0,4000,1662.1665247791075,1665.526505567169,1640.0450709079157,1643.5335917017105,3.3599807880614208,3.4885207937948053,0.9631534357020246,0.02461212959829712,0.024466917822502546,0.024539523710399833,21.992913865458377,1992,1995,2000,2000,282,226,6561.3783853156,0.996,0.9975,0.858433734939759,0.8867167919799499,935753,906288,1152092,1094874,122285,104094,2921989.719812074,0.8122207254281776,0.8277555225532801,0.8693191472536022,0.8851424712674116,1992,1995,1718,1773,1710,282,0,8,1769,226,1,4,0.855,0.885,0.858433734939759,0.8867167919799499,0.9953434225844005,0.9977439368302312,1992,1995,6561.3783853156,65200.0,0.8122207254281776,0.8277555225532801,0.8693191472536022,0.8851424712674116
653,0.0,64973.5,4000,1665.5417538647514,1668.962099376283,1643.5523755450665,1647.0565522294908,3.42034551153165,3.5041766844242375,0.9760767848079095,0.024627051203952317,0.02448339973284757,0.024555225468399944,21.905547146792287,1994,1993,2000,2000,239,219,6563.89055373403,0.997,0.9965,0.8801404212637913,0.8901154039136979,937747,908281,1154092,1096874,122524,104313,2928553.610365808,0.8125409412767787,0.8280632050718679,0.8693421573196182,0.8851533831490475,1994,1993,1760,1779,1755,239,1,5,1774,219,2,5,0.878,0.888,0.8801404212637913,0.8901154039136979,0.9971590909090909,0.9971894322653176,1994,1993,6563.89055373403,65300.0,0.8125409412767787,0.8280632050718679,0.8693421573196182,0.8851533831490475
654,0.0,65073.0,4000,1668.978529337621,1672.337226991659,1647.0733962035372,1650.57264977071,3.3586976540379965,3.4992535671729,0.9598326013143251,0.02464100261824866,0.02449972630116461,0.024570364459706635,21.764577220948922,1992,1995,2000,2000,263,231,6566.405098802723,0.996,0.9975,0.8679718875502008,0.8842105263157894,939739,910276,1156092,1098874,122787,104544,2935120.015464611,0.8128583192341094,0.8283715876433513,0.8693392527074006,0.8851513167434932,1992,1995,1736,1769,1729,263,1,7,1764,231,0,5,0.865,0.882,0.8679718875502008,0.8842105263157894,0.9959677419354839,0.9971735443753533,1992,1995,6566.405098802723,65400.0,0.8128583192341094,0.8283715876433513,0.8693392527074006,0.8851513167434932
655,0.0,65172.5,4000,1672.3601460287603,1675.798509235934,1650.5943818678793,1654.1119721109699,3.4383632071737793,3.5175902430905808,0.9774769002522613,0.02465622677065248,0.024516357594449242,0.02458629218255086,21.68653712496416,1994,1987,2000,2000,259,218,6568.882647756128,0.997,0.9935,0.870110330992979,0.8902868646200301,941733,912263,1158092,1100874,123046,104762,2941688.898112367,0.8131763279601275,0.8286715827606066,0.869340885367721,0.8851625024800962,1994,1987,1738,1781,1735,259,3,3,1769,218,1,12,0.869,0.885,0.870110330992979,0.8902868646200301,0.9982738780207134,0.9932622122403144,1994,1987,6568.882647756128,65500.0,0.8131763279601275,0.8286715827606066,0.869340885367721,0.8851625024800962
656,0.0,65272.0,4000,1675.8132503521617,1679.2351791870308,1654.1331025437682,1657.729129567574,3.4219288348690498,3.5960270238058456,0.9515859620118929,0.024671029320561495,0.024534124693491303,0.0246025770070264,21.50604961945669,1996,1990,2000,2000,240,206,6571.38214875978,0.998,0.995,0.8797595190380761,0.8964824120603015,943729,914253,1160092,1102874,123286,104968,2948260.280261127,0.8134949641924951,0.8289732099949768,0.8693629209232735,0.8851871418524194,1996,1990,1759,1793,1756,240,1,3,1784,206,1,9,0.8785,0.8925,0.8797595190380761,0.8964824120603015,0.9982944855031268,0.9949804796430564,1996,1990,6571.38214875978,65600.0,0.8134949641924951,0.8289732099949768,0.8693629209232735,0.8851871418524194
657,0.0,65371.5,4000,1679.2542561531136,1682.6946097791051,1657.7472869529363,1661.2917114871052,3.44035362599152,3.544424534168911,0.9706381368331789,0.024686133242327372,0.024551007029110512,0.024618570135718942,21.402898291999918,1995,1992,2000,2000,248,223,6573.870687948872,0.9975,0.996,0.8756892230576441,0.8880522088353413,945724,916245,1162092,1104874,123534,105191,2954834.150949076,0.81381164314013,0.8292755554026975,0.8693762662256641,0.8851933707687354,1995,1992,1752,1777,1747,248,0,5,1769,223,0,8,0.8735,0.8845,0.8756892230576441,0.8880522088353414,0.9971461187214612,0.9954980303882949,1995,1992,6573.870687948872,65700.0,0.81381164314013,0.8292755554026975,0.8693762662256641,0.8851933707687354
658,0.0,65471.0,4000,1682.7093763717382,1686.0350947963577,1661.3118571236307,1664.78127920624,3.325718424619481,3.4694220826092987,0.958579943700093,0.024699383572008526,0.024566728412335797,0.02463305599217216,21.25381559011771,1994,1994,2000,2000,276,235,6576.343087273595,0.997,0.997,0.8615847542627884,0.8821464393179539,947718,918239,1164092,1106874,123810,105426,2961410.4940363495,0.8141263748913317,0.8295786150907872,0.8693598728735763,0.8851867542110496,1994,1994,1724,1764,1718,276,0,6,1759,235,1,5,0.859,0.88,0.8615847542627884,0.8821464393179539,0.9965197215777262,0.9971655328798186,1994,1994,6576.343087273595,65800.0,0.8141263748913317,0.8295786150907872,0.8693598728735763,0.8851867542110496
659,0.0,65570.5,4000,1686.0504539681097,1689.4338463154895,1664.8014383441575,1668.277100540549,3.3833923473798677,3.4756621963915677,0.973452584342778,0.024713477853676672,0.024582496978239825,0.02464798741595825,21.15674577494042,1998,1994,2000,2000,255,236,6578.796691181373,0.999,0.997,0.8723723723723724,0.8816449348044132,949716,920233,1166092,1108874,124065,105662,2967989.290727531,0.8144434572915344,0.8298805815629188,0.8693662105303059,0.8851790796461331,1998,1994,1744,1762,1743,255,1,1,1758,236,2,4,0.872,0.88,0.8723723723723724,0.8816449348044132,0.9994266055045872,0.9977298524404086,1998,1994,6578.796691181373,65900.0,0.8144434572915344,0.8298805815629188,0.8693662105303059,0.8851790796461331
660,0.0,65670.0,4000,1689.4532962801904,1692.9289861550574,1668.2957888271771,1671.7945134618749,3.47568987486693,3.498724634697737,0.9934162409918272,0.02472898985449789,0.02459854490586864,0.024663767380183263,21.134472693182488,1994,1995,2000,2000,223,253,6581.240411617777,0.997,0.9975,0.8881644934804414,0.8731829573934837,951710,922228,1168092,1110874,124288,105915,2974570.531139149,0.8147560294908278,0.8301823609158194,0.8694055962425529,0.8851531291611185,1994,1995,1775,1746,1771,223,2,4,1742,253,1,4,0.8865,0.8715,0.8881644934804414,0.8731829573934837,0.9977464788732394,0.997709049255441,1994,1995,6581.240411617777,66000.0,0.8147560294908278,0.8301823609158194,0.8694055962425529,0.8851531291611185
661,0.0,65769.5,4000,1692.9461448894112,1696.3839070107676,1671.8147827033065,1675.3519095874174,3.4377621213564,3.537126884110876,0.9719080581471837,0.02474384646373027,0.02461514916660927,0.02467949781516977,21.031997423350276,1994,1993,2000,2000,253,206,6583.689512477554,0.997,0.9965,0.8731193580742227,0.8966382338183643,953704,924221,1170092,1112874,124541,106121,2981154.2206516266,0.8150675331512394,0.8304812584353665,0.8694133609589558,0.8851778957630264,1994,1993,1746,1793,1741,253,1,5,1787,206,1,6,0.871,0.894,0.8731193580742227,0.8966382338183643,0.9971363115693013,0.9966536530953709,1994,1993,6583.689512477554,66100.0,0.8150675331512394,0.8304812584353665,0.8694133609589558,0.8851778957630264
662,0.0,65869.0,4000,1696.4010520638067,1699.8572698514363,1675.3724724237204,1678.8590363999444,3.456217787629612,3.4865639762240335,0.9912962478814782,0.024758936768780052,0.02463094390823867,0.02469494033850936,20.998233451491842,1996,1997,2000,2000,231,217,6586.126819309821,0.998,0.9985,0.8842685370741483,0.8913370055082623,955700,926218,1172092,1114874,124772,106338,2987740.3474709364,0.8153796800933715,0.8307826714050197,0.8694443863136968,0.8851911752956647,1996,1997,1769,1782,1765,231,0,4,1780,217,1,2,0.8825,0.8905,0.8842685370741483,0.8913370055082624,0.9977388355002826,0.9988776655443322,1996,1997,6586.126819309821,66200.0,0.8153796800933715,0.8307826714050197,0.8694443863136968,0.8851911752956647
663,0.0,65968.5,4000,1699.8755630917872,1703.289613857928,1678.8779551204827,1682.46283370593,3.4140507661409174,3.5848785854473135,0.9523476694580771,0.024773362867265933,0.024648149080413056,0.024710755973839496,20.826780151998037,1995,1995,2000,2000,234,201,6588.54100034873,0.9975,0.9975,0.8827067669172932,0.8992481203007519,957695,928213,1174092,1116874,125006,106539,2994328.888471285,0.8156899118638062,0.8310812141745623,0.869472013532492,0.885221387763369,1995,1995,1765,1799,1761,234,1,4,1794,201,0,5,0.881,0.897,0.8827067669172932,0.8992481203007519,0.9977337110481587,0.9972206781545303,1995,1995,6588.54100034873,66300.0,0.8156899118638062,0.8310812141745623,0.869472013532492,0.885221387763369
664,0.0,66068.0,4000,1703.3049432122652,1706.7621818788405,1682.4824605035185,1685.9892440081207,3.457238666575222,3.5067835046022537,0.9858717146461965,0.024788351296997645,0.024664136962855063,0.024726244129926356,20.772937870719716,1996,1990,2000,2000,241,221,6590.9510134895445,0.998,0.995,0.8792585170340681,0.8889447236180904,959691,930203,1176092,1118874,125247,106760,3000919.8394847745,0.8159999387802995,0.8313742208684802,0.8694923678559037,0.8852293531626967,1996,1990,1759,1778,1755,241,0,4,1769,221,1,9,0.8775,0.885,0.8792585170340681,0.8889447236180904,0.9977259806708357,0.9949381327334084,1996,1990,6590.9510134895445,66400.0,0.8159999387802995,0.8313742208684802,0.8694923678559037,0.8852293531626967
665,0.0,66167.5,4000,1706.7757431862758,1710.1874614697074,1686.0054069138691,1689.5655413190095,3.4117182834315827,3.5601344051403885,0.9583116520841147,0.024802583544533994,0.02468082694202203,0.02474170524327801,20.62192015069786,1999,1995,2000,2000,251,212,6593.355651189521,0.9995,0.9975,0.8744372186093047,0.893734335839599,961690,932198,1178092,1120874,125498,106972,3007513.195135964,0.8163114595464531,0.8316706427305834,0.8695026463829301,0.8852475547040436,1999,1995,1749,1787,1748,251,0,1,1783,212,1,4,0.874,0.892,0.8744372186093047,0.893734335839599,0.9994282447112636,0.9977616116396195,1999,1995,6593.355651189521,66500.0,0.8163114595464531,0.8316706427305834,0.8695026463829301,0.8852475547040436
666,0.0,66267.0,4000,1710.203531192615,1713.6297193696394,1689.5796291911763,1693.1352011939007,3.4261881770244145,3.555572002724375,0.9636109673490445,0.024817027982153794,0.024697367139930274,0.024757197561042034,20.494518175738676,1995,1993,2000,2000,253,235,6595.768452936942,0.9975,0.9965,0.8731829573934837,0.8820873055694932,963685,934191,1180092,1122874,125751,107207,3014108.963588901,0.8166185348260983,0.8319642275090526,0.8695102652837805,0.8852408126389572,1995,1993,1747,1764,1742,253,0,5,1758,235,1,6,0.871,0.8795,0.8731829573934837,0.8820873055694932,0.9971379507727532,0.9965986394557823,1995,1993,6595.768452936942,66600.0,0.8166185348260983,0.8319642275090526,0.8695102652837805,0.8852408126389572
667,0.0,66366.5,4000,1713.6521767338652,1717.0589787043798,1693.1532750129843,1696.6810189266496,3.406801970514607,3.52774391366529,0.9657169153684328,0.024831234227079207,0.024713500288637256,0.02477236725785823,20.37795977773021,1991,1989,2000,2000,234,233,6598.146731488837,0.9955,0.9945,0.8824711200401808,0.8828557063851181,965676,936180,1182092,1124874,125985,107440,3020707.1103203897,0.8169211871834002,0.8322532123597843,0.8695369875610454,0.8852357452626631,1991,1989,1765,1767,1757,234,1,8,1756,233,0,11,0.879,0.878,0.8824711200401808,0.8828557063851181,0.9954674220963173,0.9937747594793436,1991,1989,6598.146731488837,66700.0,0.8169211871834002,0.8322532123597843,0.8695369875610454,0.8852357452626631
668,0.0,66466.0,4000,1717.0785698260504,1720.4929815087983,1696.6986508980797,1700.2280194284226,3.4144116827478683,3.5293685303429356,0.9674284941890449,0.024845468948362297,0.02472960284062692,0.02478753589449461,20.264962080375653,1993,1992,2000,2000,251,206,6600.527647835244,0.9965,0.996,0.8740592072252885,0.8965863453815262,967669,938172,1184092,1126874,126236,107646,3027307.637968225,0.8172245062039099,0.8325438336495473,0.869546301472921,0.8852598457425718,1993,1992,1749,1794,1742,251,0,7,1786,206,0,8,0.871,0.893,0.8740592072252885,0.8965863453815262,0.9959977129788451,0.9955406911928651,1993,1992,6600.527647835244,66800.0,0.8172245062039099,0.8325438336495473,0.869546301472921,0.8852598457425718
669,0.0,66565.5,4000,1720.5126958137657,1723.9002980298771,1700.2462110565925,1703.7771715852743,3.387602216111418,3.530960528681817,0.9593996275500939,0.024859262216318092,0.024745689415705978,0.024802475816012033,20.123126444602804,1993,1986,2000,2000,244,226,6602.898219783282,0.9965,0.993,0.877571500250878,0.8862034239677744,969662,940158,1186092,1128874,126480,107872,3033910.5361880083,0.8175268023053861,0.8328281101345234,0.8695627961083346,0.8852618389674927,1993,1986,1755,1771,1749,244,1,6,1760,226,3,11,0.875,0.8815,0.877571500250878,0.8862034239677744,0.9965811965811966,0.9937888198757764,1993,1986,6602.898219783282,66900.0,0.8175268023053861,0.8328281101345234,0.8695627961083346,0.8852618389674927
670,0.0,66665.0,4000,1723.917285141337,1727.3580019117899,1703.796392037337,1707.2982975677357,3.440716770452809,3.5019055303987443,0.9825270101049906,0.02487376636050139,0.02476130967004763,0.02481753801527451,20.059704344054126,1996,1995,2000,2000,263,246,6605.259822783072,0.998,0.9975,0.8682364729458918,0.8766917293233083,971658,942153,1188092,1130874,126743,108118,3040515.7960107913,0.8178306057106689,0.8331193395550698,0.869560071547808,0.8852436918419833,1996,1995,1737,1754,1733,263,0,4,1749,246,0,5,0.8665,0.8745,0.8682364729458918,0.8766917293233083,0.9976971790443293,0.9971493728620296,1996,1995,6605.259822783072,67000.0,0.8178306057106689,0.8331193395550698,0.869560071547808,0.8852436918419833
671,0.0,66764.5,4000,1727.3772788207618,1730.7929051128544,1707.3198009360533,1710.862753351679,3.415626292092611,3.5429524156256775,0.9640621412324046,0.024887887471753467,0.024777529115903644,0.024832708293828554,19.930151761175466,1991,1995,2000,2000,256,232,6607.639069475603,0.9955,0.9975,0.8714213962832748,0.8837092731829574,973649,944148,1190092,1132874,126999,108350,3047123.435080267,0.818129186651116,0.833409540690315,0.8695638777423897,0.8852404495905303,1991,1995,1743,1767,1735,256,1,8,1763,232,1,4,0.868,0.882,0.8714213962832748,0.8837092731829574,0.9954102122776821,0.9977362761743067,1991,1995,6607.639069475603,67100.0,0.818129186651116,0.833409540690315,0.8695638777423897,0.8852404495905303
672,0.0,66864.0,4000,1730.8098675254882,1734.2926018912638,1710.880641721536,1714.3635777590039,3.4827343657755137,3.48293603746788,0.9999420972162001,0.024902930746027785,0.02479275339411398,0.02484784207007088,19.929024132259883,1991,1989,2000,2000,256,224,6609.987756575934,0.9955,0.9945,0.8714213962832748,0.8873805932629462,975640,946137,1192092,1134874,127255,108574,3053733.422836843,0.8184267657194243,0.8336934320462007,0.8695676684022795,0.8852449486702243,1991,1989,1742,1776,1735,256,2,7,1765,224,0,11,0.8685,0.8825,0.8714213962832748,0.8873805932629462,0.9959816303099885,0.9938063063063063,1991,1989,6609.987756575934,67200.0,0.8184267657194243,0.8336934320462007,0.8695676684022795,0.8852449486702243
673,0.0,66963.5,4000,1734.3048674627469,1737.7308860747385,1714.3820241965007,1717.9173055564868,3.4260186119915943,3.5352813599861292,0.96909362031797,0.024917016795193786,0.0248087185123617,0.024862867653777744,19.813580518251683,1991,1990,2000,2000,261,229,6612.31535861316,0.9955,0.995,0.8689100954294324,0.8849246231155778,977631,948127,1194092,1136874,127516,108803,3060345.738195456,0.8187233479497392,0.8339772041580685,0.8695663292182838,0.885244276346945,1991,1990,1739,1769,1730,261,0,9,1761,229,2,8,0.865,0.8815,0.8689100954294324,0.8849246231155778,0.9948246118458884,0.9954776710005653,1991,1990,6612.31535861316,67300.0,0.8187233479497392,0.8339772041580685,0.8695663292182838,0.885244276346945
674,0.0,67063.0,4000,1737.7453853752904,1741.2049489973454,1717.9326180369853,1721.4609384291998,3.4595636220549295,3.528320392214482,0.9805128892740949,0.024931591887821198,0.024824486480039397,0.0248780391839303,19.74401056814554,1994,1988,2000,2000,231,185,6614.637643618801,0.997,0.994,0.8841524573721163,0.9069416498993964,979625,950115,1196092,1138874,127747,108988,3066960.375839075,0.8190214465108036,0.8342582234733605,0.8695960188847773,0.885289675460339,1994,1988,1768,1814,1763,231,1,5,1803,185,1,11,0.882,0.902,0.8841524573721163,0.9069416498993964,0.9971719457013575,0.9939360529217199,1994,1988,6614.637643618801,67400.0,0.8190214465108036,0.8342582234733605,0.8695960188847773,0.885289675460339
675,0.0,67162.5,4000,1741.2207649882491,1744.6595307550367,1721.4815214489308,1725.0419093158773,3.438765766787583,3.560387866946485,0.9658402104759419,0.02494583518513837,0.0248407608835753,0.024893298034356835,19.617621439159393,1992,1996,2000,2000,244,207,6616.943335854898,0.996,0.998,0.8775100401606426,0.8962925851703407,981617,952111,1198092,1140874,127991,109195,3073577.31917493,0.8193168805066723,0.8345452696792108,0.8696120788454152,0.8853127418966906,1992,1996,1755,1793,1748,244,1,7,1789,207,0,4,0.8745,0.8945,0.8775100401606426,0.8962925851703407,0.996011396011396,0.9977691020635806,1992,1996,6616.943335854898,67500.0,0.8193168805066723,0.8345452696792108,0.8696120788454152,0.8853127418966906
676,0.0,67262.0,4000,1744.6753460950565,1748.095868013734,1725.0625480379954,1728.5342815671613,3.420521918677423,3.471733529165931,0.9852489800676576,0.02495976645348428,0.02485567650728723,0.024907721480385753,19.56158644657262,1995,1994,2000,2000,242,240,6619.243687246751,0.9975,0.997,0.8786967418546365,0.8796389167502507,983612,954105,1200092,1142874,128233,109435,3080196.562862177,0.8196138296063968,0.8348295612639713,0.8696305047112073,0.8853008840746039,1995,1994,1756,1757,1753,242,2,3,1754,240,3,3,0.8775,0.8785,0.8786967418546366,0.8796389167502507,0.9982915717539863,0.9982925441092771,1995,1994,6619.243687246751,67600.0,0.8196138296063968,0.8348295612639713,0.8696305047112073,0.8853008840746039
677,0.0,67361.5,4000,1748.1133596029672,1751.529555282332,1728.5498316924063,1732.0715578823722,3.4161956793648187,3.521726189965875,0.9700344362654499,0.024973617422808497,0.02487121134723527,0.024922414385021883,19.457997399959822,1996,1992,2000,2000,255,213,6621.552305938629,0.998,0.996,0.8722444889779559,0.8930722891566265,985608,956097,1202092,1144874,128488,109648,3086818.1151681156,0.819910622481474,0.8351111126639263,0.8696357984107272,0.8853170755686923,1996,1992,1744,1787,1741,255,1,3,1779,213,0,8,0.871,0.8895,0.8722444889779559,0.8930722891566265,0.9982798165137615,0.9955232232792389,1996,1992,6621.552305938629,67700.0,0.819910622481474,0.8351111126639263,0.8696357984107272,0.8853170755686923
678,0.0,67461.0,4000,1751.5475325652883,1754.9863646126091,1732.0884199280838,1735.6870163457977,3.4388320473208296,3.5985964177139067,0.95560369881806,0.024987768567174225,0.024887853490726447,0.024937811028950336,19.29934826681142,1997,1991,2000,2000,229,185,6623.8424732154635,0.9985,0.9955,0.885327991987982,0.9070818684078352,987605,958088,1204092,1146874,128717,109833,3093441.957641331,0.8202072599103722,0.8353908101500253,0.8696675290222305,0.8853623049239736,1997,1991,1771,1813,1768,229,0,3,1806,185,2,7,0.884,0.904,0.885327991987982,0.9070818684078352,0.9983060417843026,0.9961389961389961,1997,1991,6623.8424732154635,67800.0,0.8202072599103722,0.8353908101500253,0.8696675290222305,0.8853623049239736
679,0.0,67560.5,4000,1755.004482071527,1758.422247509644,1735.7096780623235,1739.2335268842994,3.4177654381169305,3.5238488219758892,0.9698955916617683,0.025001569834336483,0.024903431181292412,0.024952500507814446,19.18872062534456,1987,1997,2000,2000,264,225,6626.142160339174,0.9935,0.9985,0.8671363865123302,0.8873309964947421,989592,960085,1206092,1148874,128981,110058,3100068.0998016703,0.8204946223007863,0.8356747563266294,0.8696624467457296,0.8853663998500133,1987,1997,1735,1775,1723,264,1,12,1772,225,0,3,0.862,0.886,0.8671363865123302,0.8873309964947421,0.9930835734870317,0.9983098591549295,1987,1997,6626.142160339174,67900.0,0.8204946223007863,0.8356747563266294,0.8696624467457296,0.8853663998500133
680,0.0,67660.0,4000,1758.4410391054041,1761.8269216111055,1739.2497619059695,1742.8403482749834,3.3858825057013746,3.590586369013863,0.9429887371380209,0.025014871556660424,0.024919849979418218,0.02496736076803932,18.986573336122092,1988,1993,2000,2000,252,207,6628.438731171426,0.994,0.9965,0.8732394366197183,0.8961364776718515,991580,962078,1208092,1150874,129233,110265,3106696.538532842,0.8207818609840972,0.8359542399949951,0.8696696181851187,0.8853887106866595,1988,1993,1747,1792,1736,252,1,11,1786,207,1,6,0.8685,0.8935,0.8732394366197183,0.8961364776718515,0.9937034917000572,0.9966517857142857,1988,1993,6628.438731171426,68000.0,0.8207818609840972,0.8359542399949951,0.8696696181851187,0.8853887106866595
681,0.0,67759.5,4000,1761.8410342776856,1765.2627559004773,1742.8552511038208,1746.3949867840483,3.421721622791665,3.5397356802275226,0.966660206270466,0.025028591778888113,0.024935454289420025,0.024982023034154067,18.867769116428917,1989,1996,2000,2000,245,214,6630.728795858465,0.9945,0.998,0.8768225238813474,0.8927855711422845,993569,964074,1210092,1152874,129478,110479,3113327.2673287005,0.821068976573682,0.8362353561620784,0.8696839374014286,0.8854040250022301,1989,1996,1755,1785,1744,245,0,11,1782,214,1,3,0.872,0.8915,0.8768225238813474,0.8927855711422845,0.9937321937321937,0.9983193277310924,1989,1996,6630.728795858465,68100.0,0.821068976573682,0.8362353561620784,0.8696839374014286,0.8854040250022301
682,0.0,67859.0,4000,1765.2849714112779,1768.6824711509757,1746.412028645185,1749.9644232584474,3.397499739697878,3.5523946132623223,0.9563970531353223,0.02504203541631641,0.02495122981794579,0.0249966326171311,18.718047892528375,1989,1990,2000,2000,241,224,6632.994571374182,0.9945,0.995,0.8788335847159376,0.8874371859296483,995558,966064,1212092,1154874,129719,110703,3119960.261900075,0.8213551446589863,0.8365103032884973,0.8697022172490201,0.8854082131204558,1989,1990,1756,1773,1748,241,3,8,1766,224,3,7,0.8755,0.8845,0.8788335847159376,0.8874371859296483,0.9954441913439636,0.9960518894529047,1989,1990,6632.994571374182,68200.0,0.8213551446589863,0.8365103032884973,0.8697022172490201,0.8854082131204558
683,0.0,67958.5,4000,1768.698308913036,1772.0940137812122,1749.983280736016,1753.5253275698883,3.3957048681761535,3.5420468338722912,0.9586843504448664,0.025055320029619552,0.024966834229800054,0.025011077129709805,18.568686211323893,1991,1993,2000,2000,263,207,6635.241516687766,0.9955,0.9965,0.8679055750878956,0.8961364776718515,997549,968057,1214092,1156874,129982,110910,3126595.5034167627,0.8216420172441627,0.8367868929546346,0.8696986313454276,0.8854303000753054,1991,1993,1736,1791,1728,263,1,8,1786,207,2,5,0.8645,0.894,0.8679055750878956,0.8961364776718515,0.9953917050691244,0.9972082635399219,1991,1993,6635.241516687766,68300.0,0.8216420172441627,0.8367868929546346,0.8696986313454276,0.8854303000753054
684,0.0,68058.0,4000,1772.1102901395398,1775.52451120936,1753.545213343496,1757.0412517212524,3.4142210698203144,3.4960383777563493,0.9765971367887148,0.02506884291595268,0.024981735410039587,0.025025289162996133,18.483259488107706,1991,1996,2000,2000,239,231,6637.49632815328,0.9955,0.998,0.8799598191863385,0.8842685370741483,999540,970053,1216092,1158874,130221,111141,3133232.999744916,0.8219279462409094,0.8370651166563405,0.8697190707725554,0.8854279096090626,1991,1996,1759,1768,1752,239,2,7,1765,231,1,3,0.877,0.883,0.8799598191863385,0.8842685370741483,0.9960204661739624,0.9983031674208145,1991,1996,6637.49632815328,68400.0,0.8219279462409094,0.8370651166563405,0.8697190707725554,0.8854279096090626
685,0.0,68157.5,4000,1775.5469444665996,1778.9061792866848,1757.0582086010413,1760.64220071844,3.3592348200852484,3.583992117398793,0.9372885625996661,0.02508161348216771,0.024997834321808694,0.025039723901988203,18.263978568244738,1995,1989,2000,2000,256,204,6639.7468924655095,0.9975,0.9945,0.8716791979949875,0.8974358974358975,1001535,972042,1218092,1160874,130477,111345,3139872.746637381,0.8222162201213045,0.8373363517487686,0.8697229752330173,0.8854524804483757,1995,1989,1744,1794,1739,256,0,5,1785,204,2,9,0.8695,0.8935,0.8716791979949875,0.8974358974358975,0.9971330275229358,0.9949832775919732,1995,1989,6639.7468924655095,68500.0,0.8222162201213045,0.8373363517487686,0.8697229752330173,0.8854524804483757
686,0.0,68257.0,4000,1778.9255574148447,1782.3865886349188,1760.6603132930634,1764.2200636574955,3.461031220074119,3.5597503644321478,0.9722679586342914,0.025095786193538222,0.02501354976651532,0.02505466798002677,18.16652497742325,1991,1997,2000,2000,239,216,6641.988390180124,0.9955,0.9985,0.8799598191863385,0.8918377566349525,1003526,974039,1220092,1162874,130716,111561,3146514.7350275614,0.8225002704714071,0.8376135333664696,0.8697432851764677,0.8854655717070877,1991,1997,1759,1783,1752,239,2,7,1781,216,1,2,0.877,0.891,0.8799598191863385,0.8918377566349525,0.9960204661739624,0.9988782950084127,1991,1997,6641.988390180124,68600.0,0.8225002704714071,0.8376135333664696,0.8697432851764677,0.8854655717070877
687,0.0,68356.5,4000,1782.4061571245454,1785.8114804320442,1764.2354503377192,1767.807724699773,3.4053233074987475,3.572274362053804,0.953264772625395,0.025109109529459207,0.025029362081881053,0.02506923580567013,18.003755732271202,1994,1989,2000,2000,253,204,6644.225750289155,0.997,0.9945,0.8731193580742227,0.8974358974358975,1005520,976028,1222092,1164874,130969,111765,3153158.9607778504,0.8227858459101279,0.8378828954891259,0.8697499801097939,0.8854899654518108,1994,1989,1746,1795,1741,253,1,5,1785,204,1,10,0.871,0.893,0.8731193580742227,0.8974358974358975,0.9971363115693013,0.9944289693593314,1994,1989,6644.225750289155,68700.0,0.8227858459101279,0.8378828954891259,0.8697499801097939,0.8854899654518108
688,0.0,68456.0,4000,1785.8232774766057,1789.2556328396456,1767.8277775130532,1771.38218713939,3.43235536303996,3.554409626336792,0.9656611712976306,0.025122674085486175,0.0250449365910588,0.025083805338272487,17.873445700255616,1996,1994,2000,2000,231,208,6646.439548453174,0.998,0.997,0.8842685370741483,0.8956870611835507,1007516,978022,1224092,1166874,131200,111973,3159805.4003263037,0.8230721220300435,0.8381556192013876,0.8697787429678536,0.8855107553817808,1996,1994,1769,1791,1765,231,0,4,1786,208,1,5,0.8825,0.8935,0.8842685370741483,0.8956870611835507,0.9977388355002826,0.9972082635399219,1996,1994,6646.439548453174,68800.0,0.8230721220300435,0.8381556192013876,0.8697787429678536,0.8855107553817808
689,0.0,68555.5,4000,1789.2723187966812,1792.7169052515912,1771.4034746299678,1774.9648264948155,3.444586454909995,3.5613518648476656,0.9672131779254378,0.02513644774301008,0.0250605845692347,0.02509851615612239,17.752078756775745,1992,1994,2000,2000,239,202,6648.659844183791,0.996,0.997,0.8800200803212852,0.8986960882647944,1009508,980016,1226092,1168874,131439,112175,3166454.0601704875,0.823354201805411,0.8384274096267006,0.8697989515684869,0.8855375830598684,1992,1994,1759,1798,1753,239,2,6,1792,202,0,6,0.8775,0.896,0.8800200803212851,0.8986960882647944,0.9965889710062535,0.996662958843159,1992,1994,6648.659844183791,68900.0,0.823354201805411,0.8384274096267006,0.8697989515684869,0.8855375830598684
690,0.0,68655.0,4000,1792.7351072164731,1796.1546768959015,1774.9828915873156,1778.4821624238473,3.4195696794283776,3.4992708365316503,0.9772234957433962,0.025149840886053692,0.02507524076448265,0.02511254082526817,17.672514472054218,1995,1997,2000,2000,243,234,6650.858107392086,0.9975,0.9985,0.8781954887218045,0.8828242363545318,1011503,982013,1228092,1170874,131682,112409,3173104.9182778797,0.8236378056367113,0.8387008337361663,0.8698155121635823,0.8855320652577919,1995,1997,1757,1766,1752,243,0,5,1763,234,0,3,0.876,0.8815,0.8781954887218045,0.8828242363545318,0.9971542401821286,0.9983012457531144,1995,1997,6650.858107392086,69000.0,0.8236378056367113,0.8387008337361663,0.8698155121635823,0.8855320652577919
691,0.0,68754.5,4000,1796.177670230257,1799.6156880852009,1778.496813079603,1782.042745987532,3.438017854943837,3.545932907929,0.9695665271207314,0.025163531582156354,0.025090480409739328,0.02512700599594784,17.57294209766883,1994,1990,2000,2000,257,226,6653.069461982547,0.997,0.995,0.8711133400200601,0.8864321608040201,1013497,984003,1230092,1172874,131939,112635,3179757.9877398624,0.823919674300784,0.8389673571074131,0.869818065569015,0.8855338855674221,1994,1990,1743,1773,1737,257,0,6,1764,226,1,9,0.8685,0.8825,0.8711133400200601,0.8864321608040201,0.9965576592082617,0.9949238578680203,1994,1990,6653.069461982547,69100.0,0.823919674300784,0.8389673571074131,0.869818065569015,0.8855338855674221
692,0.0,68854.0,4000,1799.6351410070056,1803.0686147929505,1782.0621905040425,1785.6220292485593,3.433473785944898,3.55983874451681,0.9645026172136164,0.025177065882005113,0.02510594623661871,0.02514150605931191,17.446585544391155,1995,1988,2000,2000,251,221,6655.273371801442,0.9975,0.994,0.8741854636591478,0.8888329979879276,1015492,985991,1232092,1174874,132190,112856,3186413.2611116637,0.8242014395028943,0.8392312707575451,0.8698266456062678,0.8855405373882723,1995,1988,1747,1778,1744,251,2,3,1767,221,1,11,0.873,0.884,0.8741854636591478,0.8888329979879276,0.998282770463652,0.9938132733408324,1995,1988,6655.273371801442,69200.0,0.8242014395028943,0.8392312707575451,0.8698266456062678,0.8855405373882723
693,0.0,68953.5,4000,1803.0847089847891,1806.5346675815167,1785.642011885933,1789.1390064886996,3.4499585967275834,3.496994602766563,0.9865495914686948,0.02519075053136104,0.02512046835229661,0.025155609441828826,17.395661092817136,1992,1992,2000,2000,249,222,6657.465120865415,0.996,0.996,0.875,0.8885542168674698,1017484,987983,1234092,1176874,132439,113078,3193070.726232529,0.8244798604966243,0.8394976862433872,0.8698367738460753,0.8855466136563078,1992,1992,1751,1776,1743,249,0,8,1770,222,2,6,0.8715,0.886,0.875,0.8885542168674698,0.9954311821816105,0.9966216216216216,1992,1992,6657.465120865415,69300.0,0.8244798604966243,0.8394976862433872,0.8698367738460753,0.8855466136563078
694,0.0,69053.0,4000,1806.5501794717698,1809.9624053999898,1789.155091300164,1792.5956470445674,3.4122259282200957,3.4405557444033548,0.991765918564365,0.025203843654780882,0.025134079212824536,0.02516896143380271,17.366758355422462,1992,1996,2000,2000,249,240,6659.628834135141,0.996,0.998,0.875,0.8797595190380761,1019476,989979,1236092,1178874,132688,113318,3199730.3550666645,0.8247573805186021,0.8397665908315901,0.8698468625058363,0.8855349456907672,1992,1996,1748,1759,1743,249,3,5,1756,240,1,3,0.873,0.8785,0.875,0.8797595190380761,0.9971395881006865,0.9982944855031268,1992,1996,6659.628834135141,69400.0,0.8247573805186021,0.8397665908315901,0.8698468625058363,0.8855349456907672
695,0.0,69152.5,4000,1809.9777733665917,1813.4154938819943,1792.61315949441,1796.1411994680402,3.4377205154025887,3.528039973630257,0.9743995365974462,0.02521726385789637,0.025148930212856052,0.02518309703537621,17.274294413954067,1999,1992,2000,2000,246,217,6661.775538041051,0.9995,0.996,0.8769384692346173,0.8910642570281124,1021475,991971,1238092,1180874,132934,113535,3206392.130604706,0.8250396577960281,0.8400311972318808,0.8698607405957072,0.8855460492292617,1999,1992,1754,1781,1753,246,0,1,1775,217,2,6,0.8765,0.8885,0.8769384692346173,0.8910642570281124,0.999429874572406,0.9966311061201573,1999,1992,6661.775538041051,69500.0,0.8250396577960281,0.8400311972318808,0.8698607405957072,0.8855460492292617
696,0.0,69252.0,4000,1813.4299678675147,1816.8631165071881,1796.1585727522634,1799.7394469894289,3.433148639673391,3.580874237165517,0.9587459408769797,0.02523056696478436,0.025164495651075924,0.025197531307930142,17.123669517759254,1990,1993,2000,2000,262,194,6663.939631022674,0.995,0.9965,0.8683417085427135,0.9026593075765178,1023465,993964,1240092,1182874,133196,113729,3213056.0702357283,0.8253137670430903,0.8402957542392512,0.869857787027402,0.8855803630714996,1990,1993,1738,1804,1728,262,0,10,1799,194,2,5,0.864,0.9005,0.8683417085427135,0.9026593075765178,0.9942462600690449,0.9972283813747228,1990,1993,6663.939631022674,69600.0,0.8253137670430903,0.8402957542392512,0.869857787027402,0.8855803630714996
697,0.0,69351.5,4000,1816.882695067888,1820.32952942482,1799.7588635467944,1803.3194672814789,3.4468343569319586,3.5606037346844914,0.9680477283545247,0.025244101487326018,0.025179754915450995,0.025211928201388505,17.0100621433412,1990,1993,2000,2000,223,202,6666.089726179608,0.995,0.9965,0.8879396984924623,0.8986452584044154,1025455,995957,1242092,1184874,133419,113931,3219722.159961908,0.8255869935560329,0.8405594181322233,0.8698928768205333,0.8856065071082386,1990,1993,1776,1795,1767,223,1,9,1791,202,3,4,0.884,0.897,0.8879396984924623,0.8986452584044154,0.9949324324324325,0.9977715877437325,1990,1993,6666.089726179608,69700.0,0.8255869935560329,0.8405594181322233,0.8698928768205333,0.8856065071082386
698,0.0,69451.0,4000,1820.3505143207765,1823.7591214234494,1803.3391399165714,1806.8492684788332,3.4086071026729314,3.510128562261798,0.9710775665939,0.025257069708671243,0.025194250985734794,0.02522566034720302,16.909852944616205,1988,1993,2000,2000,252,223,6668.241975433607,0.994,0.9965,0.8732394366197183,0.8881083793276467,1027443,997950,1244092,1186874,133671,114154,3226390.401937342,0.825857733993949,0.8408221934257554,0.8698993520808453,0.8856115035823438,1988,1993,1745,1775,1736,252,3,9,1770,223,2,5,0.8695,0.886,0.8732394366197183,0.8881083793276467,0.9948424068767908,0.9971830985915493,1988,1993,6668.241975433607,69800.0,0.825857733993949,0.8408221934257554,0.8698993520808453,0.8856115035823438
699,0.0,69550.5,4000,1823.7804839851433,1827.2198803616943,1806.8707160862914,1810.3324814966768,3.4393963765510307,3.4617654103853965,0.9935382583212432,0.025270446703912697,0.025208039081861693,0.025239242892887197,16.88739886501753,1995,1996,2000,2000,236,224,6670.3689904245375,0.9975,0.998,0.8817042606516291,0.8877755511022044,1029438,999946,1246092,1188874,133907,114378,3233060.7709277663,0.8261332229080999,0.8410866080005114,0.8699222294106105,0.8856158232544558,1995,1996,1762,1776,1759,236,2,3,1772,224,0,4,0.8805,0.886,0.8817042606516291,0.8877755511022044,0.9982973893303064,0.9977477477477478,1995,1996,6670.3689904245375,69900.0,0.8261332229080999,0.8410866080005114,0.8699222294106105,0.8856158232544558
700,0.0,69650.0,4000,1827.2361303834766,1830.7003932861078,1810.3512008133662,1813.9059288387143,3.4642629026311624,3.5547280253481404,0.9745507611069294,0.025284067678970158,0.025223076845202426,0.025253572262086292,16.794464447393466,1997,1987,2000,2000,234,226,6672.49136339047,0.9985,0.9935,0.8828242363545318,0.8862606945143432,1031435,1001933,1248092,1190874,134141,114604,3239733.2622911567,0.8264094313560219,0.8413425769644816,0.8699472094703011,0.8856171021415604,1997,1987,1766,1774,1763,234,0,3,1761,226,0,13,0.8815,0.8805,0.8828242363545318,0.8862606945143432,0.9983012457531144,0.9926719278466741,1997,1987,6672.49136339047,70000.0,0.8264094313560219,0.8413425769644816,0.8699472094703011,0.8856171021415604
701,0.0,69749.5,4000,1830.7190486012498,1834.1915069394709,1813.9241321906566,1817.5053125040122,3.4724583382210312,3.581180313355617,0.969640742542586,0.02529780101542474,0.02523844169514219,0.025268121355283467,16.686194435458674,1990,1990,2000,2000,232,208,6674.615662949333,0.995,0.995,0.8834170854271357,0.8954773869346734,1033425,1003923,1250092,1192874,134373,114812,3246407.877954106,0.826679156414088,0.8416002025360599,0.8699731475433631,0.8856366474321238,1990,1990,1768,1791,1758,232,0,10,1782,208,1,9,0.879,0.8915,0.8834170854271357,0.8954773869346734,0.994343891402715,0.9949748743718593,1990,1990,6674.615662949333,70100.0,0.826679156414088,0.8416002025360599,0.8699731475433631,0.8856366474321238
702,0.0,69849.0,4000,1834.2103331458216,1837.644578148825,1817.5214809455201,1820.9968758077416,3.434245003003525,3.475394862221492,0.9881596593051117,0.02531095331040781,0.02525222686799426,0.025281590089201035,16.64770234108346,1994,1991,2000,2000,244,256,6676.737003139551,0.997,0.9955,0.8776328986960883,0.8714213962832748,1035419,1005914,1252092,1194874,134617,115068,3253084.6149572455,0.8269512144475006,0.841857802580021,0.86998789861882,0.8856085112643824,1994,1991,1756,1743,1750,244,0,6,1735,256,1,8,0.875,0.868,0.8776328986960883,0.8714213962832748,0.9965831435079726,0.9954102122776821,1994,1991,6676.737003139551,70200.0,0.8269512144475006,0.841857802580021,0.86998789861882,0.8856085112643824
703,0.0,69948.5,4000,1837.6633153759185,1841.052571251069,1821.014600452212,1824.4844346548393,3.389255875150411,3.4698342026272257,0.9767774704002272,0.025323426962914255,0.025265915860317137,0.025294671411615698,16.56813659622958,1996,1990,2000,2000,252,234,6678.835263261062,0.998,0.995,0.87374749498998,0.8824120603015075,1037415,1007904,1254092,1196874,134869,115302,3259763.4502205066,0.8272239995151871,0.8421137062046632,0.8699951321313071,0.8856022002095437,1996,1990,1748,1765,1744,252,0,4,1756,234,1,9,0.872,0.8785,0.87374749498998,0.8824120603015075,0.9977116704805492,0.9949008498583569,1996,1990,6678.835263261062,70300.0,0.8272239995151871,0.8421137062046632,0.8699951321313071,0.8856022002095437
704,0.0,70048.0,4000,1841.0677114531777,1844.4983263906483,1824.503344290837,1828.050341327289,3.4306149374706365,3.5469970364520123,0.9671885547731411,0.025336401571483688,0.02528067885870376,0.025308540215093725,16.447985063359283,1991,1988,2000,2000,253,224,6680.940015814224,0.9955,0.994,0.8729281767955801,0.8873239436619719,1039406,1009892,1256092,1198874,135122,115526,3266444.390236321,0.8274919353041019,0.8423670877840373,0.8700007504286102,0.8856055895085811,1991,1988,1746,1776,1738,253,1,8,1764,224,0,12,0.8695,0.882,0.8729281767955801,0.8873239436619719,0.995418098510882,0.9932432432432432,1991,1988,6680.940015814224,70400.0,0.8274919353041019,0.8423670877840373,0.8700007504286102,0.8856055895085811
705,0.0,70147.5,4000,1844.5139819276712,1847.861466783053,1828.0697442098347,1831.5854955681375,3.3474848553817083,3.5157513583028503,0.9521392482651648,0.025348167532267464,0.025294963771540325,0.025321565651903896,16.275971214915444,1991,1994,2000,2000,268,217,6683.050412280153,0.9955,0.997,0.8653942742340532,0.8911735205616851,1041397,1011886,1258092,1200874,135390,115743,3273127.440648601,0.8277590192132213,0.8426246217338372,0.869991943514337,0.8856165615494236,1991,1994,1727,1782,1723,268,5,4,1777,217,1,5,0.864,0.889,0.8653942742340532,0.8911735205616851,0.9976838448176027,0.9971941638608305,1991,1994,6683.050412280153,70500.0,0.8277590192132213,0.8426246217338372,0.869991943514337,0.8856165615494236
706,0.0,70247.0,4000,1847.8816332895544,1851.3600396104473,1831.6005545728804,1835.165534266123,3.478406320892873,3.564979693242549,0.9757156057540028,0.02536181846816219,0.025309843974384964,0.02533583122127358,16.194505344324398,1993,1989,2000,2000,248,206,6685.14854071985,0.9965,0.9945,0.8755644756648269,0.8964303670186023,1043390,1013875,1260092,1202874,135638,115949,3279812.589189321,0.828026842484517,0.8428771425768617,0.870002587718878,0.8856377758599433,1993,1989,1751,1792,1745,248,1,6,1783,206,2,9,0.873,0.8925,0.8755644756648269,0.8964303670186023,0.9965733866362079,0.9949776785714286,1993,1989,6685.14854071985,70600.0,0.828026842484517,0.8428771425768617,0.870002587718878,0.8856377758599433
707,0.0,70346.5,4000,1851.3774428306265,1854.847055230694,1835.1848567221748,1838.6603366358013,3.46961240006749,3.4754799136264865,0.9983117400460317,0.02537526731927153,0.025323476477528382,0.025349371898399954,16.18671859489268,1996,1994,2000,2000,227,238,6687.21506199397,0.998,0.997,0.8862725450901804,0.880641925777332,1045386,1015869,1262092,1204874,135865,116187,3286499.8042513146,0.8282961939383183,0.84313297490028,0.8700336526412253,0.8856279697480679,1996,1994,1773,1762,1769,227,0,4,1756,238,0,6,0.8845,0.878,0.8862725450901804,0.880641925777332,0.9977439368302312,0.996594778660613,1996,1994,6687.21506199397,70700.0,0.8282961939383183,0.84313297490028,0.8700336526412253,0.8856279697480679
708,0.0,70446.0,4000,1854.8587835656467,1858.277437262814,1838.6754762432276,1842.220823490472,3.4186536971672012,3.545347247244308,0.9642648402986246,0.025387878269839226,0.025337998217739088,0.025362938243789157,16.05661377234196,1991,1996,2000,2000,255,219,6689.28778900502,0.9955,0.998,0.8719236564540431,0.8902805611222445,1047377,1017865,1264092,1206874,136120,116406,3293189.0920403195,0.828560737667828,0.8433896164802622,0.8700372454235676,0.8856370933277007,1991,1996,1741,1781,1736,255,4,5,1777,219,0,4,0.87,0.8885,0.8719236564540432,0.8902805611222445,0.9971280873061459,0.9977540707467715,1991,1996,6689.28778900502,70800.0,0.828560737667828,0.8433896164802622,0.8700372454235676,0.8856370933277007
709,0.0,70545.5,4000,1858.2961706762705,1861.7784577290572,1842.2402639711654,1845.7143841294348,3.48228705278666,3.474120158269443,1.0023507806711225,0.02540144995727589,0.02535153504167687,0.02537649249947638,16.06407359962236,1991,1995,2000,2000,238,238,6691.364833547691,0.9955,0.9975,0.880462079357107,0.8807017543859649,1049368,1019860,1266092,1208874,136358,116644,3299880.456873867,0.8288244456169062,0.8436445816520167,0.8700570247996889,0.8856274390602632,1991,1995,1760,1762,1753,238,2,7,1757,238,0,5,0.8775,0.8785,0.880462079357107,0.8807017543859649,0.9960227272727272,0.9971623155505108,1991,1995,6691.364833547691,70900.0,0.8288244456169062,0.8436445816520167,0.8700570247996889,0.8856274390602632
710,0.0,70645.0,4000,1861.7944798008316,1865.2551504314715,1845.7279042875164,1849.2580770318546,3.4606706306399246,3.530172744338188,0.9803119794039165,0.025414640770046123,0.025365739821933943,0.02539019029599003,15.997073399616966,1987,1990,2000,2000,238,240,6693.410335836613,0.9935,0.995,0.8802214393558128,0.8793969849246231,1051355,1021850,1268092,1210874,136596,116884,3306573.8672097037,0.8290841673947947,0.8438945753232789,0.8700762349539404,0.885615305573225,1987,1990,1762,1758,1749,238,0,13,1750,240,2,8,0.8745,0.876,0.8802214393558128,0.8793969849246231,0.9926220204313281,0.9954493742889647,1987,1990,6693.410335836613,71000.0,0.8290841673947947,0.8438945753232789,0.8700762349539404,0.885615305573225
711,0.0,70744.5,4000,1865.271394120949,1868.6676533649272,1849.279899500414,1852.778988571588,3.396259243978193,3.4990890711737848,0.9706124007980462,0.0254268916681678,0.025379584232025926,0.025403237950096864,15.88866479333933,1993,1996,2000,2000,258,234,6695.471373633347,0.9965,0.998,0.870546914199699,0.8827655310621243,1053348,1023846,1270092,1212874,136854,117118,3313269.338583337,0.8293477952778224,0.8441486914551718,0.870077125508379,0.8856097499037942,1993,1996,1741,1766,1735,258,1,6,1762,234,0,4,0.868,0.881,0.870546914199699,0.8827655310621243,0.996553704767375,0.9977349943374858,1993,1996,6695.471373633347,71100.0,0.8293477952778224,0.8441486914551718,0.870077125508379,0.8856097499037942
712,0.0,70844.0,4000,1868.6818573092855,1872.1062281683826,1852.7984179855764,1856.3404701743784,3.4243708590970527,3.5420521888020176,0.9667759469843479,0.025439474331603734,0.025393959557581936,0.025416716944592833,15.765757994004161,1989,1991,2000,2000,250,203,6697.514085656937,0.9945,0.9955,0.8743086978381096,0.898041185334003,1055337,1025837,1272092,1214874,137104,117321,3319966.852668994,0.8296074497756452,0.8443978552508326,0.8700851007782349,0.8856338775068554,1989,1991,1749,1797,1739,250,1,10,1788,203,0,9,0.87,0.894,0.8743086978381096,0.898041185334003,0.9942824471126358,0.994991652754591,1989,1991,6697.514085656937,71200.0,0.8296074497756452,0.8443978552508326,0.8700851007782349,0.8856338775068554
713,0.0,70943.5,4000,1872.126715874688,1875.5377471031857,1856.3601172733624,1859.849496944161,3.411031228497677,3.4893796707985985,0.9775465986242219,0.025451922739761417,0.025407558867736556,0.025429740803748987,15.68825015902462,1995,1995,2000,2000,252,230,6699.545819143964,0.9975,0.9975,0.8736842105263158,0.8847117794486216,1057332,1027832,1274092,1216874,137356,117551,3326666.398488138,0.8298709983266515,0.8446494871284949,0.8700918916669504,0.8856320877341822,1995,1995,1748,1768,1743,252,0,5,1765,230,2,3,0.8715,0.8835,0.8736842105263158,0.8847117794486216,0.9971395881006865,0.9983031674208145,1995,1995,6699.545819143964,71300.0,0.8298709983266515,0.8446494871284949,0.8700918916669504,0.8856320877341822
714,0.0,71043.0,4000,1875.556461281006,1879.0183045763224,1859.8694336399822,1863.4845508450358,3.4618432953163847,3.6151172050535934,0.9576019528432035,0.025465023092690837,0.02542288517045506,0.025443954131572948,15.533753731286652,1995,1993,2000,2000,235,208,6701.59914280684,0.9975,0.9965,0.8822055137844611,0.8956347215253386,1059327,1029825,1276092,1218874,137591,117759,3333367.997630945,0.8301337207662144,0.8448986523627545,0.8701147049022634,0.8856514456339669,1995,1993,1765,1791,1760,235,0,5,1785,208,1,6,0.88,0.893,0.8822055137844611,0.8956347215253387,0.9971671388101983,0.9966499162479062,1995,1993,6701.59914280684,71400.0,0.8301337207662144,0.8448986523627545,0.8701147049022634,0.8856514456339669
715,0.0,71142.5,4000,1879.0344351288204,1882.4798285104036,1863.4991349269312,1867.0207939673749,3.4453933815832443,3.5216590404436374,0.9783438265929385,0.025477820597932965,0.025436786633466157,0.02545730361569956,15.459034543028793,1992,1988,2000,2000,249,228,6703.635217992255,0.996,0.994,0.875,0.8853118712273642,1061319,1031813,1278092,1220874,137840,117987,3340071.632848937,0.8303932737236444,0.845142905819929,0.8701238741603609,0.8856507913740184,1992,1988,1749,1770,1743,249,2,6,1760,228,2,10,0.8725,0.881,0.875,0.8853118712273642,0.9965694682675815,0.9943502824858758,1992,1988,6703.635217992255,71500.0,0.8303932737236444,0.845142905819929,0.8701238741603609,0.8856507913740184
716,0.0,71242.0,4000,1882.4992123756067,1885.9546514662386,1867.0385387478073,1870.5549915487065,3.4554390906318986,3.5164528008992875,0.982649074586815,0.025490768096481032,0.02545062069656651,0.02547069439652377,15.399659917532063,1988,1995,2000,2000,232,213,6705.651220163299,0.994,0.9975,0.8832997987927566,0.8932330827067669,1063307,1033808,1280092,1222874,138072,118200,3346777.2840691004,0.8306488908609694,0.8453920845483672,0.870148508379988,0.8856654233668148,1988,1995,1766,1786,1756,232,2,10,1782,213,1,4,0.879,0.8915,0.8832997987927566,0.8932330827067669,0.9943374858437146,0.9977603583426652,1988,1995,6705.651220163299,71600.0,0.8306488908609694,0.8453920845483672,0.870148508379988,0.8856654233668148
717,0.0,71341.5,4000,1885.9737471966066,1889.4049350621688,1870.5712966670965,1874.0643545062126,3.4311878655621513,3.4930578391160907,0.9822877328680033,0.02550333722878622,0.025464069802394254,0.025483703515590237,15.340580555956194,1995,1990,2000,2000,226,215,6707.657350878531,0.9975,0.995,0.8867167919799499,0.8919597989949749,1065302,1035798,1282092,1224874,138298,118415,3353484.941419979,0.8309091703247505,0.8456363674957588,0.870179535943798,0.8856775162724778,1995,1990,1773,1784,1769,226,1,4,1775,215,1,9,0.885,0.888,0.8867167919799499,0.8919597989949749,0.9977439368302312,0.9949551569506726,1995,1990,6707.657350878531,71700.0,0.8309091703247505,0.8456363674957588,0.870179535943798,0.8856775162724778
718,0.0,71441.0,4000,1889.4213401749967,1892.8688617710006,1874.0823132552896,1877.6129276630923,3.4475215960039804,3.530614407802659,0.9764650561627337,0.025516061365080833,0.025478027548587016,0.025497044456833925,15.255934107908388,1993,1989,2000,2000,243,231,6709.664625002306,0.9965,0.9945,0.8780732563973909,0.8838612368024132,1067295,1037787,1284092,1226874,138541,118646,3360194.6060449816,0.8311670814863733,0.8458790389233124,0.8701942761841852,0.8856740352307362,1993,1989,1756,1767,1750,243,1,6,1758,231,2,9,0.8755,0.88,0.8780732563973909,0.8838612368024132,0.9965831435079726,0.9949066213921901,1993,1989,6709.664625002306,71800.0,0.8311670814863733,0.8458790389233124,0.8701942761841852,0.8856740352307362
719,0.0,71540.5,4000,1892.8853431647426,1896.3275478458224,1877.628389875284,1881.0922424008984,3.4422046810798292,3.4638525256143566,0.993750356178721,0.025528677219577547,0.025490983208989623,0.025509830214283585,15.235305444924052,1988,1996,2000,2000,232,228,6711.674189312248,0.994,0.998,0.8832997987927566,0.8857715430861723,1069283,1039783,1286092,1228874,138773,118874,3366906.280234294,0.8314203027466154,0.8461266167239277,0.8702186418375678,0.8856742224098683,1988,1996,1766,1772,1756,232,2,10,1768,228,0,4,0.879,0.884,0.8832997987927566,0.8857715430861723,0.9943374858437146,0.9977426636568849,1988,1996,6711.674189312248,71900.0,0.8314203027466154,0.8461266167239277,0.8702186418375678,0.8856742224098683
720,0.0,71640.0,4000,1896.3495488519413,1899.7320389474623,1881.1163980976032,1884.658985130857,3.382490095521007,3.542587033253767,0.9548079027473559,0.025540505322073134,0.02550511715911545,0.025522811240594294,15.073053816605352,1989,1992,2000,2000,251,208,6713.681356348372,0.9945,0.996,0.873805932629462,0.8955823293172691,1071272,1041775,1288092,1230874,139024,119082,3373619.9615906426,0.8316735140036581,0.8463701402418119,0.8702253022575033,0.8856931679105373,1989,1992,1748,1792,1738,251,1,10,1784,208,0,8,0.8695,0.892,0.873805932629462,0.8955823293172691,0.994279176201373,0.9955357142857143,1989,1992,6713.681356348372,72000.0,0.8316735140036581,0.8463701402418119,0.8702253022575033,0.8856931679105373
721,0.0,71739.5,4000,1899.7452227853885,1903.226811799379,1884.677299019151,1888.2124394509165,3.481589013990515,3.5351404317655124,0.9848516858640739,0.02555355278836591,0.025519027597453146,0.02553629019290953,15.01437234846253,1990,1992,2000,2000,229,223,6715.678985993943,0.995,0.996,0.8849246231155778,0.8880522088353413,1073262,1043767,1290092,1232874,139253,119305,3380335.6405766364,0.8319267153040248,0.8466128736594332,0.8702525571575254,0.8856976700738767,1990,1992,1768,1776,1761,229,3,7,1769,223,1,7,0.882,0.885,0.8849246231155778,0.8880522088353414,0.9960407239819005,0.9960585585585585,1990,1992,6715.678985993943,72100.0,0.8319267153040248,0.8466128736594332,0.8702525571575254,0.8856976700738767
722,0.0,71839.0,4000,1903.240032184268,1906.6746323546283,1888.2285301188517,1891.7368603185646,3.434600170360227,3.508330199712873,0.9789842959027403,0.025565913803274675,0.025532497377340996,0.025549205590307836,14.937772036063734,1992,1990,2000,2000,251,227,6717.658788808231,0.996,0.995,0.873995983935743,0.885929648241206,1075254,1045757,1292092,1234874,139504,119532,3387053.2993654446,0.8321806806326485,0.8468532012172901,0.8702594921758022,0.8856981115115653,1992,1990,1749,1773,1741,251,0,8,1763,227,0,10,0.8705,0.8815,0.873995983935743,0.885929648241206,0.9954259576901087,0.9943598420755781,1992,1990,6717.658788808231,72200.0,0.8321806806326485,0.8468532012172901,0.8702594921758022,0.8856981115115653
723,0.0,71938.5,4000,1906.6828820327848,1910.151630013243,1891.7478552842401,1895.2345076363695,3.468747980458147,3.48665235212934,0.9948648818801052,0.02557864418056772,0.025545559584534232,0.025562101882550977,14.917122376873522,1992,1993,2000,2000,225,233,6719.622885492433,0.996,0.9965,0.8870481927710844,0.8830908178625189,1077246,1047750,1294092,1236874,139729,119765,3393772.922250937,0.8324338609619718,0.8470951770350093,0.8702905371660697,0.8856931519923645,1992,1993,1774,1767,1767,225,1,7,1760,233,0,7,0.884,0.88,0.8870481927710844,0.8830908178625189,0.996054114994363,0.9960384833050367,1992,1993,6719.622885492433,72300.0,0.8324338609619718,0.8470951770350093,0.8702905371660697,0.8856931519923645
724,0.0,72038.0,4000,1910.1627325297607,1913.5813620458935,1895.25051801627,1898.8152753927175,3.418629516132796,3.56475737644746,0.9590076280421949,0.02559068655093504,0.025559733780637747,0.025575210165786393,14.76608665317599,1992,1991,2000,2000,249,221,6721.6013944519245,0.996,0.9955,0.875,0.8890005022601708,1079238,1049741,1296092,1238874,139978,119986,3400494.5236453894,0.8326862599259929,0.8473347572069476,0.8702992296416545,0.8856994249057625,1992,1991,1749,1777,1743,249,2,6,1770,221,2,7,0.8725,0.886,0.875,0.8890005022601708,0.9965694682675815,0.996060776589758,1992,1991,6721.6013944519245,72400.0,0.8326862599259929,0.8473347572069476,0.8702992296416545,0.8856994249057625
725,0.0,72137.5,4000,1913.5969120881966,1917.017674799965,1898.8366927351528,1902.3303187352215,3.420762711768475,3.493626000068616,0.9791439357565149,0.025602786469541634,0.025572962331871407,0.02558787440070652,14.687356064743653,1995,1993,2000,2000,265,234,6723.561963788555,0.9975,0.9965,0.8671679197994988,0.882589061716006,1081233,1051734,1298092,1240874,140243,120220,3407218.085609178,0.8329401922205822,0.8475751768511549,0.870293452012656,0.8856935308737761,1995,1993,1733,1766,1730,265,2,3,1759,234,0,7,0.866,0.8795,0.8671679197994987,0.882589061716006,0.9982688978649741,0.9960362400906002,1995,1993,6723.561963788555,72500.0,0.8329401922205822,0.8475751768511549,0.870293452012656,0.8856935308737761
726,0.0,72237.0,4000,1917.0307139980819,1920.4826803915023,1902.3447632239324,1905.8295900004605,3.4519663934204345,3.4848267765280525,0.9905704400204486,0.025615248273186026,0.025585937194571844,0.025600592733878935,14.653090391041815,1990,1993,2000,2000,251,220,6725.514278525904,0.995,0.9965,0.8738693467336683,0.8896136477671851,1083223,1053727,1300092,1242874,140494,120440,3413943.599887704,0.8331894973586484,0.8478148227414847,0.8703000213252488,0.8857009453112619,1990,1993,1748,1780,1739,251,1,9,1773,220,0,7,0.87,0.8865,0.8738693467336683,0.8896136477671851,0.9948512585812357,0.9960674157303371,1990,1993,6725.514278525904,72600.0,0.8331894973586484,0.8478148227414847,0.8703000213252488,0.8857009453112619
727,0.0,72336.5,4000,1920.5015442522138,1924.0089643721606,1905.8492261978029,1909.4147328669746,3.5074201199468007,3.565506669171782,0.9837087531690204,0.025628518687949985,0.025600057540473592,0.02561428811421179,14.594231505185917,1987,1990,2000,2000,232,219,6727.479501464732,0.9935,0.995,0.883241066935078,0.8899497487437186,1085210,1055717,1302092,1244874,140726,120659,3420671.079389169,0.8334357326517635,0.8480512887248026,0.8703237161471051,0.8857089541988998,1987,1990,1766,1779,1755,232,2,11,1771,219,2,8,0.8785,0.8865,0.883241066935078,0.8899497487437186,0.9937712344280861,0.9955030916245081,1987,1990,6727.479501464732,72700.0,0.8334357326517635,0.8480512887248026,0.8703237161471051,0.8857089541988998
728,0.0,72436.0,4000,1924.0230916111377,1927.4632304923807,1909.434014542977,1912.9991129992338,3.4401388812430014,3.5650984562569192,0.9649491938169035,0.025640763389205824,0.02561412861709738,0.025627446003151602,14.464117493146887,1992,1991,2000,2000,233,206,6729.431865098266,0.996,0.9955,0.8830321285140562,0.8965344048216977,1087202,1057708,1304092,1246874,140959,120865,3427400.5112542673,0.8336850467605046,0.8482877981255523,0.8703470008333318,0.8857293317248238,1992,1991,1765,1794,1759,233,2,6,1785,206,0,9,0.8805,0.8925,0.8830321285140562,0.8965344048216977,0.996600566572238,0.9949832775919732,1992,1991,6729.431865098266,72800.0,0.8336850467605046,0.8482877981255523,0.8703470008333318,0.8857293317248238
729,0.0,72535.5,4000,1927.4810591141215,1930.9518025803982,1913.0167394267203,1916.5733822146667,3.4707434662766445,3.55664278794643,0.9758482010167282,0.0256534450867243,0.02562802239424036,0.025640733740482327,14.378420365731472,1987,1992,2000,2000,220,224,6731.343397173237,0.9935,0.996,0.8892803220936084,0.8875502008032129,1089189,1059700,1306092,1248874,141179,121089,3434131.8546514404,0.8339297691127424,0.8485243507351422,0.8703815407610617,0.8857327545531755,1987,1992,1780,1776,1767,220,0,13,1768,224,0,8,0.8835,0.884,0.8892803220936084,0.8875502008032129,0.9926966292134831,0.9954954954954955,1987,1992,6731.343397173237,72900.0,0.8339297691127424,0.8485243507351422,0.8703815407610617,0.8857327545531755
730,0.0,72635.0,4000,1930.965041004874,1934.4039020488865,1916.5907744071887,1920.0819779372794,3.438861044012583,3.4912035300906155,0.9850073232262475,0.025665592414940954,0.02564097846935253,0.02565328544214674,14.321924111607132,1987,1992,2000,2000,247,249,6733.278476822573,0.9935,0.996,0.875691997986915,0.875,1091176,1061692,1308092,1250874,141426,121338,3440865.133128263,0.8341737431312171,0.8487601469052838,0.8703912109503875,0.885712617218553,1987,1992,1750,1750,1740,247,3,10,1743,249,1,7,0.8715,0.872,0.875691997986915,0.875,0.9942857142857143,0.996,1987,1992,6733.278476822573,73000.0,0.8341737431312171,0.8487601469052838,0.8703912109503875,0.885712617218553
731,0.0,72734.5,4000,1934.4195043496725,1937.8282412519995,1920.0973546191956,1923.660345191283,3.408736902327064,3.5629905720875286,0.9567066859595734,0.025677326750941216,0.025654853563840473,0.025666090157390846,14.16789606071643,1993,1990,2000,2000,243,195,6735.21167349516,0.9965,0.995,0.8780732563973909,0.9020100502512562,1093169,1063682,1310092,1252874,141669,121533,3447600.3448017584,0.8344215520742054,0.8489935939288388,0.8704052163938055,0.8857431074324845,1993,1990,1754,1804,1750,243,3,4,1795,195,1,9,0.8765,0.898,0.8780732563973909,0.9020100502512562,0.9977194982896237,0.9950110864745011,1993,1990,6735.21167349516,73100.0,0.8344215520742054,0.8489935939288388,0.8704052163938055,0.8857431074324845
732,0.0,72834.0,4000,1937.8454034847846,1941.2456624670067,1923.676443501424,1927.2056831573689,3.4002589822221125,3.5292396559448207,0.963453693629038,0.025688934517879916,0.025668239528453884,0.0256785870231669,14.039979309637829,1992,1991,2000,2000,244,213,6737.126910989156,0.996,0.9955,0.8775100401606426,0.8930185836263185,1095161,1065673,1312092,1254874,141913,121746,3454337.4717127476,0.8346678434134192,0.8492270937161819,0.8704181394333801,0.8857567002260543,1992,1991,1756,1786,1748,244,0,8,1778,213,1,8,0.874,0.8895,0.8775100401606426,0.8930185836263185,0.9954441913439636,0.9955207166853304,1992,1991,6737.126910989156,73200.0,0.8346678434134192,0.8492270937161819,0.8704181394333801,0.8857567002260543
733,0.0,72933.5,4000,1941.2640479138431,1944.7219447056118,1927.2252165231264,1930.784900789284,3.4578967917686896,3.5596842661575465,0.9714054767843975,0.025701313628204846,0.02568205117482591,0.025691682401515377,13.937043916327866,1994,1987,2000,2000,239,221,6739.041582089354,0.997,0.9935,0.8801404212637913,0.8887770508303976,1097155,1067660,1314092,1256874,142152,121967,3461076.513294837,0.8349149070232526,0.8494566678919288,0.8704358089786767,0.8857623213382537,1994,1987,1761,1779,1755,239,0,6,1766,221,0,13,0.8775,0.883,0.8801404212637913,0.8887770508303976,0.9965928449744463,0.9926925238898258,1994,1987,6739.041582089354,73300.0,0.8349149070232526,0.8494566678919288,0.8704358089786767,0.8857623213382537
734,0.0,73033.0,4000,1944.7400401159816,1948.1717464806668,1930.799671441863,1934.368448732876,3.4317063646851693,3.5687772910130207,0.9615916278460338,0.02571329823872575,0.025695884183356013,0.02570459121104088,13.803297747790793,1991,1991,2000,2000,254,199,6740.966433120444,0.9955,0.9955,0.8724259166248116,0.9000502260170768,1099146,1069651,1316092,1258874,142406,122166,3467817.4797279574,0.8351589402564562,0.8496886900515858,0.8704394138722245,0.8857889161979,1991,1991,1746,1799,1737,254,0,9,1792,199,2,7,0.8685,0.897,0.8724259166248116,0.9000502260170768,0.9948453608247423,0.9961089494163424,1991,1991,6740.966433120444,73400.0,0.8351589402564562,0.8496886900515858,0.8704394138722245,0.8857889161979
735,0.0,73132.5,4000,1948.188699583138,1951.664072453387,1934.3848545235576,1937.898591360554,3.4753728702489752,3.513736836996486,0.9890817188289195,0.02572582879857402,0.025708952948108973,0.025717390873341496,13.765481092832943,1992,1999,2000,2000,235,225,6742.883806750527,0.996,0.9995,0.8820281124497992,0.8874437218609305,1101138,1071650,1318092,1260874,142641,122391,3474560.363534708,0.8354029915969446,0.8499263209488022,0.870460378263215,0.8857920029860495,1992,1999,1764,1775,1757,235,1,7,1774,225,0,1,0.879,0.887,0.8820281124497992,0.8874437218609305,0.996031746031746,0.9994366197183099,1992,1999,6742.883806750527,73500.0,0.8354029915969446,0.8499263209488022,0.870460378263215,0.8857920029860495
736,0.0,73232.0,4000,1951.6757777342486,1955.0946281722474,1937.915045410458,1941.4366982299662,3.418850437998799,3.5216528195080627,0.9708084848853374,0.025737486038234385,0.025722094409720404,0.025729790223977395,13.657929942281271,1993,1996,2000,2000,226,214,6744.775302083699,0.9965,0.998,0.8866031108881084,0.8927855711422845,1103131,1073646,1320092,1262874,142867,122605,3481305.1388367917,0.8356470609624178,0.8501608236451142,0.8704895429463952,0.8858050046290863,1993,1996,1771,1786,1767,226,3,4,1782,214,0,4,0.885,0.891,0.8866031108881084,0.8927855711422845,0.9977413890457368,0.9977603583426652,1993,1996,6744.775302083699,73600.0,0.8356470609624178,0.8501608236451142,0.8704895429463952,0.8858050046290863
737,0.0,73331.5,4000,1955.1087443910824,1958.5237183751333,1941.4534644360574,1944.9378340354904,3.414973984050903,3.4843695994329664,0.9800837387074676,0.02574909175871013,0.02573469856663427,0.025741895162672203,13.585884339642917,1994,1991,2000,2000,250,236,6746.657137319633,0.997,0.9955,0.8746238716148446,0.8814665996986439,1105125,1075637,1322092,1264874,143117,122841,3488051.795974111,0.8358911482710735,0.850390631794155,0.8704970026015156,0.8857969742580443,1994,1991,1747,1763,1744,250,3,3,1755,236,1,8,0.8735,0.878,0.8746238716148446,0.8814665996986439,0.998282770463652,0.9954622802041974,1994,1991,6746.657137319633,73700.0,0.8358911482710735,0.850390631794155,0.8704970026015156,0.8857969742580443
738,0.0,73431.0,4000,1958.5450693563694,1962.0090726074955,1944.947696338248,1948.51132020643,3.464003251126087,3.5636238681818213,0.9720451369895664,0.025761428412592123,0.025748248923196278,0.0257548386678942,13.497752401065554,1991,1995,2000,2000,249,212,6748.535854895306,0.9955,0.9975,0.8749372174786539,0.893734335839599,1107116,1077632,1324092,1266874,143366,123053,3494800.3318290063,0.8361322325034817,0.8506228717299431,0.870504987733896,0.8858116685473334,1991,1995,1750,1788,1742,249,1,8,1783,212,0,5,0.8715,0.8915,0.8749372174786539,0.893734335839599,0.9954285714285714,0.9972035794183445,1991,1995,6748.535854895306,73800.0,0.8361322325034817,0.8506228717299431,0.870504987733896,0.8858116685473334
739,0.0,73530.5,4000,1962.0224106489668,1965.488887773996,1948.5264871094207,1952.063950108584,3.4664771250293143,3.537462999163381,0.9799331119079252,0.02577365672551826,0.025761480384763728,0.025767568555140993,13.424937665412017,1994,1994,2000,2000,243,234,6750.420914400772,0.997,0.997,0.8781344032096289,0.8826479438314945,1109110,1079626,1326092,1268874,143609,123287,3501550.752743407,0.8363748518202357,0.8508535914519487,0.8705187041862394,0.8858058253506307,1994,1994,1756,1766,1751,243,1,5,1760,234,0,6,0.876,0.88,0.8781344032096289,0.8826479438314945,0.9971526195899773,0.9966024915062288,1994,1994,6750.420914400772,73900.0,0.8363748518202357,0.8508535914519487,0.8705187041862394,0.8858058253506307
740,0.0,73630.0,4000,1965.5110389931358,1969.020286049721,1952.0830781183745,1955.6429722327373,3.509247056585309,3.5598941143628053,0.9857728752175087,0.025786549057993574,0.025775032737272875,0.025780790897633223,13.377313816983815,1987,1994,2000,2000,216,218,6752.31619426337,0.9935,0.997,0.891293407146452,0.8906720160481444,1111097,1081620,1328092,1270874,143825,123505,3508303.0689376704,0.8366114696873409,0.8510835849974112,0.8705558560593719,0.8858147963240325,1987,1994,1783,1782,1771,216,1,12,1776,218,0,6,0.886,0.888,0.8912934071464519,0.8906720160481444,0.9932697700504767,0.9966329966329966,1987,1994,6752.31619426337,74000.0,0.8366114696873409,0.8510835849974112,0.8705558560593719,0.8858147963240325
741,0.0,73729.5,4000,1969.0358936097368,1972.4988956145464,1955.6602995096184,1959.1573117848422,3.4630020048095957,3.497012275223824,0.990274477829206,0.02579869419509244,0.02578767560202831,0.025793184898560376,13.341583829704177,1994,1995,2000,2000,251,246,6754.202233598905,0.997,0.9975,0.8741223671013039,0.8766917293233083,1113091,1083615,1330092,1272874,144076,123751,3515057.2711712695,0.8368526387648373,0.8513136414130542,0.8705622451353933,0.8857980002122525,1994,1995,1747,1753,1743,251,2,4,1749,246,1,4,0.8725,0.875,0.8741223671013039,0.8766917293233083,0.9977103606182026,0.9977181973759269,1994,1995,6754.202233598905,74100.0,0.8368526387648373,0.8513136414130542,0.8705622451353933,0.8857980002122525
742,0.0,73829.0,4000,1972.5109120905356,1975.933133765875,1959.176674445271,1962.7635728361947,3.422221675339415,3.586898390923807,0.9540893837413724,0.02581020859848623,0.02580152322320283,0.02580586591084453,13.169560929680301,1996,1995,2000,2000,255,192,6756.067752381394,0.998,0.9975,0.8722444889779559,0.9037593984962407,1115087,1085610,1332092,1274874,144331,123943,3521813.338923651,0.8370945850586896,0.851542976011747,0.870565256343227,0.8858310074520316,1996,1995,1745,1807,1741,255,0,4,1803,192,1,4,0.8705,0.902,0.8722444889779559,0.9037593984962407,0.9977077363896848,0.9977863862755949,1996,1995,6756.067752381394,74200.0,0.8370945850586896,0.851542976011747,0.870565256343227,0.8858310074520316
743,0.0,73928.5,4000,1975.9507485209772,1979.4025680832945,1962.7802637752568,1966.3095064942265,3.4518195623172687,3.5292427189697264,0.9780623882182126,0.02582216571097036,0.025814521626106084,0.025818343668538222,13.09306158906793,1989,1994,2000,2000,230,218,6757.940696381627,0.9945,0.997,0.8843640020110608,0.8906720160481444,1117076,1087604,1334092,1276874,144561,124161,3528571.2796200323,0.837330558911979,0.85177080902266,0.8705898255803544,0.885839882898555,1989,1994,1768,1780,1759,230,2,9,1776,218,2,4,0.8805,0.889,0.8843640020110608,0.8906720160481444,0.9949095022624435,0.9977528089887641,1989,1994,6757.940696381627,74300.0,0.837330558911979,0.85177080902266,0.8705898255803544,0.885839882898555
744,0.0,74028.0,4000,1979.417100096949,1982.852348436147,1966.3296122361528,1969.8735710372534,3.4352483391978694,3.5439588011006435,0.9693251338393065,0.025833826514488577,0.02582772878175684,0.025830777648122707,12.978777398893499,1993,1992,2000,2000,258,222,6759.795508504313,0.9965,0.996,0.870546914199699,0.8885542168674698,1119069,1089596,1336092,1278874,144819,124383,3535331.0751285367,0.8375688201111899,0.8519963655528222,0.8705897491575587,0.8858448452453938,1993,1992,1741,1778,1735,258,1,6,1770,222,0,8,0.868,0.885,0.870546914199699,0.8885542168674698,0.996553704767375,0.9955005624296963,1993,1992,6759.795508504313,74400.0,0.8375688201111899,0.8519963655528222,0.8705897491575587,0.8858448452453938
745,0.0,74127.5,4000,1982.8710121709394,1986.3958225402887,1969.8907035993263,1973.4429268040521,3.524810369349325,3.5522232047258058,0.9922829074085178,0.025846713648081773,0.02584097150509406,0.025843842576587915,12.952895736236542,1996,1990,2000,2000,219,217,6761.643488259158,0.998,0.995,0.8902805611222445,0.8909547738693467,1121065,1091586,1338092,1280874,145038,124600,3542092.7186167957,0.8378086110671015,0.8522196562659559,0.8706248076605727,0.8858541608265404,1996,1990,1781,1782,1777,219,0,4,1773,217,1,9,0.8885,0.887,0.8902805611222445,0.8909547738693467,0.9977540707467715,0.9949494949494949,1996,1990,6761.643488259158,74500.0,0.8378086110671015,0.8522196562659559,0.8706248076605727,0.8858541608265404
746,0.0,74227.0,4000,1986.4159102344456,1989.8240038862693,1973.4554865601317,1976.9957638186502,3.4080936518237195,3.540277258518472,0.9626629224090577,0.025858020752387034,0.02585395729415691,0.02585598902327197,12.828240067619163,1995,1990,2000,2000,245,214,6763.487569941957,0.9975,0.995,0.8771929824561404,0.892462311557789,1123060,1093576,1340092,1282874,145283,124814,3548856.206186738,0.8380469400608317,0.8524422507588431,0.870636475344149,0.8858661857977863,1995,1990,1754,1784,1750,245,1,4,1776,214,2,8,0.8755,0.889,0.8771929824561403,0.892462311557789,0.9977194982896237,0.9955156950672646,1995,1990,6763.487569941957,74600.0,0.8380469400608317,0.8524422507588431,0.870636475344149,0.8858661857977863
747,0.0,74326.5,4000,1989.8424733800957,1993.304920297401,1977.0133673946505,1980.5095666232842,3.462446917305215,3.4961992286337136,0.9903459988629741,0.025870003541354807,0.025866385769059433,0.025868194655207122,12.795353674116768,1992,1988,2000,2000,227,230,6765.31539679275,0.996,0.994,0.8860441767068273,0.8843058350100603,1125052,1095564,1342092,1284874,145510,125044,3555621.5215835306,0.8382823234174707,0.8526625957097739,0.8706637559863899,0.8858633544001081,1992,1988,1773,1767,1765,227,0,8,1758,230,3,9,0.8825,0.8805,0.8860441767068273,0.8843058350100603,0.9954878736604625,0.9949066213921901,1992,1988,6765.31539679275,74700.0,0.8382823234174707,0.8526625957097739,0.8706637559863899,0.8858633544001081
748,0.0,74426.0,4000,1993.321323618304,1996.7840070886625,1980.533530355592,1984.132614288671,3.46268347035857,3.5990839330791005,0.9621013387693249,0.0258819298306212,0.02588024150553645,0.025881085668078826,12.651392799991527,1990,1998,2000,2000,229,206,6767.1464659807925,0.995,0.999,0.8849246231155778,0.8968968968968969,1127042,1097562,1344092,1286874,145739,125250,3562388.6680495115,0.8385155182829747,0.8528900265294038,0.8706889361709679,0.8858834398421228,1990,1998,1770,1794,1761,229,1,9,1792,206,0,2,0.881,0.896,0.8849246231155778,0.8968968968968969,0.9949152542372881,0.9988851727982163,1990,1998,6767.1464659807925,74800.0,0.8385155182829747,0.8528900265294038,0.8706889361709679,0.8858834398421228
749,0.0,74525.5,4000,1996.8029145855785,2000.2896791095989,1984.1482383667237,1987.7182309431714,3.486764524020373,3.569992576447703,0.9766867715702239,0.02589417921697466,0.025893560497578464,0.025893869857276562,12.571448166427444,1995,1992,2000,2000,232,224,6768.973561770688,0.9975,0.996,0.8837092731829574,0.8875502008032129,1129037,1099554,1346092,1288874,145971,125474,3569157.6416112822,0.8387517346511234,0.8531120962949055,0.8707119430098393,0.8858864594190008,1995,1992,1768,1776,1763,232,0,5,1768,224,0,8,0.8815,0.884,0.8837092731829574,0.8875502008032129,0.9971719457013575,0.9954954954954955,1995,1992,6768.973561770688,74900.0,0.8387517346511234,0.8531120962949055,0.8707119430098393,0.8858864594190008
750,0.0,74625.0,4000,2000.3104182173404,2003.8186714689484,1987.7365336957164,1991.2520212813492,3.508253251608039,3.5154875856328545,0.9979421534428451,0.025906706876143357,0.025906152954757396,0.025906429915450377,12.56665018759918,1994,1991,2000,2000,227,220,6770.784042500701,0.997,0.9955,0.8861584754262788,0.8895027624309393,1131031,1101545,1348092,1290874,146198,125694,3575928.425653783,0.8389865083391934,0.8533327032692579,0.8707391751419722,0.8858929957468828,1994,1991,1772,1778,1767,227,1,5,1771,220,2,7,0.884,0.8865,0.8861584754262788,0.8895027624309392,0.9971783295711061,0.9960629921259843,1994,1991,6770.784042500701,75000.0,0.8389865083391934,0.8533327032692579,0.8707391751419722,0.8858929957468828
751,0.0,74724.5,4000,2003.8345276731811,2007.235256771593,1991.2678794746269,1994.7410290029502,3.40072909841183,3.473149528323347,0.9791484848777939,0.025917704407635102,0.02591811557028503,0.025917909988960066,12.494227768642759,1998,1994,2000,2000,269,237,6772.601072571917,0.999,0.997,0.8653653653653653,0.8811434302908726,1133029,1103539,1350092,1292874,146467,125931,3582701.026726355,0.8392235492099798,0.8535549481233283,0.8707296988867893,0.8858844136908619,1998,1994,1731,1762,1729,269,0,2,1757,237,1,5,0.8645,0.879,0.8653653653653653,0.8811434302908726,0.998844598497978,0.9971623155505108,1998,1994,6772.601072571917,75100.0,0.8392235492099798,0.8535549481233283,0.8707296988867893,0.8858844136908619
752,0.0,74824.0,4000,2007.2509188751317,2010.654591909909,1994.7602733396566,1998.2837638714543,3.4036730347772846,3.5234905317977336,0.9659946590066991,0.025928709257336598,0.025930760827086567,0.025929735042211584,12.370828038454647,1991,1991,2000,2000,245,223,6774.409642299792,0.9955,0.9955,0.8769462581617278,0.8879959819186338,1135020,1105530,1352092,1294874,146712,126154,3589475.4363686545,0.8394547116616325,0.8537741896122711,0.8707406036898029,0.8858882165115375,1991,1991,1752,1776,1746,245,3,6,1768,223,1,8,0.8745,0.8845,0.8769462581617278,0.8879959819186338,0.9965753424657534,0.9954954954954955,1991,1991,6774.409642299792,75200.0,0.8394547116616325,0.8537741896122711,0.8707406036898029,0.8858882165115375
753,0.0,74923.5,4000,2010.6746609232655,2014.0956128544428,1998.2984480609725,2001.819791489516,3.420951931177342,3.5213434285435596,0.9714905690389477,0.025939972869804064,0.025943283423837605,0.025941628146820835,12.275821364926742,1991,1997,2000,2000,254,210,6776.203411649365,0.9955,0.9985,0.8724259166248116,0.8948422633950927,1137011,1107527,1354092,1296874,146966,126364,3596251.639780304,0.8396851912573149,0.8539973813955712,0.8707435548116949,0.8859043616995341,1991,1997,1744,1790,1737,254,2,7,1787,210,0,3,0.8695,0.8935,0.8724259166248116,0.8948422633950927,0.9959862385321101,0.9983240223463687,1991,1997,6776.203411649365,75300.0,0.8396851912573149,0.8539973813955712,0.8707435548116949,0.8859043616995341
754,0.0,75023.0,4000,2014.1076430388043,2017.563258748104,2001.8438210420875,2005.4046357439986,3.4556157092997637,3.560814701911113,0.9704564821767085,0.025951559721351557,0.02595642023964793,0.025953989980499744,12.158623004105493,1997,1988,2000,2000,229,219,6777.994422337396,0.9985,0.994,0.885327991987982,0.8898390342052314,1139008,1109515,1356092,1298874,147195,126583,3603029.6342026414,0.8399194154968836,0.85421295676101,0.8707691254143957,0.8859114117429687,1997,1988,1770,1781,1768,229,1,2,1769,219,0,12,0.8845,0.8845,0.885327991987982,0.8898390342052314,0.9988700564971752,0.9932622122403144,1997,1988,6777.994422337396,75400.0,0.8399194154968836,0.85421295676101,0.8707691254143957,0.8859114117429687
755,0.0,75122.5,4000,2017.5836983578783,2021.0219710013773,2005.4242787768462,2008.97562912241,3.4382726434989763,3.551350345563833,0.9681592377372433,0.02596299755288981,0.02596933880063398,0.025966168176761895,12.046341878967269,1996,1997,2000,2000,237,209,6779.78050310668,0.998,0.9985,0.8812625250501002,0.8953430145217827,1141004,1111512,1358092,1300874,147432,126792,3609809.414705748,0.8401522135466523,0.8544347876888922,0.8707874819019039,0.8859283570487768,1996,1997,1763,1791,1759,237,0,4,1788,209,0,3,0.8795,0.894,0.8812625250501002,0.8953430145217827,0.9977311401020987,0.998324958123953,1996,1997,6779.78050310668,75500.0,0.8401522135466523,0.8544347876888922,0.8707874819019039,0.8859283570487768
756,0.0,75222.0,4000,2021.041670767791,2024.4797512371713,2008.9912463964913,2012.5105006603474,3.4380804693803384,3.5192542638560553,0.9769343763224501,0.025974392797340932,0.02598174538341009,0.025978069090375512,11.969250576823924,1995,1990,2000,2000,240,231,6781.5825001352905,0.9975,0.995,0.8796992481203008,0.8839195979899498,1142999,1113502,1360092,1302874,147672,127023,3616590.9972058833,0.8403835916982086,0.8546505648282182,0.8708030365730853,0.885924767086184,1995,1990,1759,1768,1755,240,1,4,1759,231,1,9,0.878,0.88,0.8796992481203008,0.8839195979899498,0.9977259806708357,0.9949095022624435,1995,1990,6781.5825001352905,75600.0,0.8403835916982086,0.8546505648282182,0.8708030365730853,0.885924767086184
757,0.0,75321.5,4000,2024.4985140544095,2027.9207043721296,2012.5265036578382,2016.068112896443,3.422190317720151,3.5416092386046785,0.9662811697059002,0.025985535648797,0.025994419593420057,0.02598997762110853,11.852591475686722,1994,1993,2000,2000,248,199,6783.384849256713,0.997,0.9965,0.8756268806419257,0.9001505268439538,1144993,1115495,1362092,1304874,147920,127222,3623374.38205514,0.8406135562061887,0.8548679795903665,0.8708114372751624,0.8859501835508004,1994,1993,1751,1800,1746,248,1,5,1794,199,1,6,0.8735,0.8975,0.8756268806419257,0.9001505268439538,0.9971444888635066,0.9966666666666667,1994,1993,6783.384849256713,75700.0,0.8406135562061887,0.8548679795903665,0.8708114372751624,0.8859501835508004
758,0.0,75421.0,4000,2027.9372563613572,2031.3391750720696,2016.087368145094,2019.7381155763287,3.40191871071238,3.6507474312347767,0.9318417049633486,0.025996352497544496,0.026008543085775517,0.026002447791660006,11.601059495740856,1992,1991,2000,2000,252,194,6785.172690304068,0.996,0.9955,0.8734939759036144,0.9025615268709192,1146985,1117486,1364092,1306874,148172,127416,3630159.554745444,0.8408413802001624,0.855083198533294,0.8708160961128524,0.8859797796124516,1992,1991,1748,1805,1740,252,0,8,1797,194,1,8,0.87,0.899,0.8734939759036144,0.9025615268709192,0.9954233409610984,0.9955678670360111,1992,1991,6785.172690304068,75800.0,0.8408413802001624,0.855083198533294,0.8708160961128524,0.8859797796124516
759,0.0,75520.5,4000,2031.356182890551,2034.817408907845,2019.7570318002465,2023.2999844676194,3.4612260172939386,3.5429526673729015,0.976932615885167,0.026007928236490754,0.026021204674480564,0.02601456645548566,11.517424440225568,1988,1994,2000,2000,218,215,6786.962944313826,0.994,0.997,0.8903420523138833,0.8921765295887663,1148973,1119480,1366092,1308874,148390,127631,3636946.517689758,0.8410656090512205,0.8553000518002497,0.8708498807195644,0.8859908171651124,1988,1994,1779,1785,1770,218,3,9,1779,215,0,6,0.8865,0.8895,0.8903420523138833,0.8921765295887663,0.9949409780775716,0.9966386554621849,1988,1994,6786.962944313826,75900.0,0.8410656090512205,0.8553000518002497,0.8708498807195644,0.8859908171651124
760,0.0,75620.0,4000,2034.8371138927253,2038.2772599360594,2023.3182615266846,2026.8459792597469,3.4401460433341526,3.527717733062218,0.9751761063796764,0.026019231633919247,0.026033624073489504,0.026026427853704376,11.431280676312554,1994,1994,2000,2000,247,220,6788.736349151008,0.997,0.997,0.8761283851554664,0.8896690070210632,1150967,1121474,1368092,1310874,148637,127851,3643735.254038909,0.8412935679764226,0.8555162433612994,0.8708590254976902,0.8859973570497399,1994,1994,1753,1780,1747,247,0,6,1774,220,0,6,0.8735,0.887,0.8761283851554664,0.8896690070210632,0.9965772960638904,0.996629213483146,1994,1994,6788.736349151008,76000.0,0.8412935679764226,0.8555162433612994,0.8708590254976902,0.8859973570497399
761,0.0,75719.5,4000,2038.2962450686564,2041.797647772283,2026.864227736442,2030.4107283345622,3.5014027036265816,3.5465005981202467,0.987283832824512,0.02603130081490258,0.026046257275427302,0.02603877904516494,11.386919437720735,1990,1993,2000,2000,222,224,6790.5092701602325,0.995,0.9965,0.8884422110552763,0.8876066231811339,1152957,1123467,1370092,1312874,148859,128075,3650525.7633090694,0.8415179418608385,0.8557310145528055,0.8708893740182851,0.8860002118442286,1990,1993,1776,1775,1768,222,2,8,1769,224,1,6,0.885,0.885,0.8884422110552764,0.8876066231811339,0.9954954954954955,0.9966197183098592,1990,1993,6790.5092701602325,76100.0,0.8415179418608385,0.8557310145528055,0.8708893740182851,0.8860002118442286
762,0.0,75819.0,4000,2041.8173919771532,2045.2735471617946,2030.4307064370234,2033.974248585614,3.456155184641375,3.5435421485906318,0.9753390928384997,0.026042754480362175,0.026058841193058655,0.026050797836710417,11.29929857618049,1995,1995,2000,2000,235,233,6792.276999067737,0.9975,0.9975,0.8822055137844611,0.8832080200501253,1154952,1125462,1372092,1314874,149094,128308,3657318.040308137,0.8417453057083636,0.8559466534435999,0.8709089208902188,0.8859952623900229,1995,1995,1765,1766,1760,235,0,5,1762,233,1,4,0.88,0.8815,0.8822055137844611,0.8832080200501253,0.9971671388101983,0.9977349943374858,1995,1995,6792.276999067737,76200.0,0.8417453057083636,0.8559466534435999,0.8709089208902188,0.8859952623900229
763,0.0,75918.5,4000,2045.2895085880875,2048.716774275573,2033.9887298556994,2037.5399018393916,3.42726568748526,3.5511719836922566,0.9651083369726949,0.026053749915037692,0.02607142008079747,0.02606258499791758,11.176872436181156,1996,1996,2000,2000,250,218,6794.028909357878,0.998,0.998,0.874749498997996,0.8907815631262526,1156948,1127458,1374092,1316874,149344,128526,3664112.0692174947,0.841972735450028,0.8561623967061389,0.8709155467661468,0.8860037358376099,1996,1996,1750,1782,1746,250,0,4,1778,218,0,4,0.873,0.889,0.874749498997996,0.8907815631262525,0.9977142857142857,0.9977553310886644,1996,1996,6794.028909357878,76300.0,0.841972735450028,0.8561623967061389,0.8709155467661468,0.8860037358376099
764,0.0,76018.0,4000,2048.7390177170837,2052.2117407895753,2037.5539632775535,2041.1068006457153,3.47272307249159,3.5528373681618177,0.9774506155592262,0.026065393783133228,0.02608398234255459,0.02607468806284391,11.104940143859949,1990,1993,2000,2000,246,209,6795.78081166961,0.995,0.9965,0.8763819095477386,0.8951329653788259,1158938,1129451,1376092,1318874,149590,128735,3670907.8500291645,0.8421951439293303,0.856375210975423,0.8709249329990043,0.8860198450397583,1990,1993,1752,1790,1744,246,2,8,1784,209,1,6,0.873,0.8925,0.8763819095477386,0.8951329653788259,0.9954337899543378,0.9966480446927374,1990,1993,6795.78081166961,76400.0,0.8421951439293303,0.856375210975423,0.8709249329990043,0.8860198450397583
765,0.0,76117.5,4000,2052.2320530489696,2055.7244271461504,2041.123116286892,2044.6328793860469,3.4923740971808,3.509763099154952,0.9950455339910723,0.0260772388416726,0.02609597816616343,0.026086608503918016,11.091547760103595,1993,1993,2000,2000,218,217,6797.531445669569,0.9965,0.9965,0.8906171600602107,0.8911189162067236,1160931,1131444,1378092,1320874,149808,128952,3677705.381474834,0.8424190837766999,0.8565873807796959,0.870958739149872,0.8860288268796335,1993,1993,1782,1783,1775,218,0,7,1776,217,0,7,0.8875,0.888,0.8906171600602107,0.8911189162067236,0.9960718294051627,0.9960740325294447,1993,1993,6797.531445669569,76500.0,0.8424190837766999,0.8565873807796959,0.870958739149872,0.8860288268796335
766,0.0,76217.0,4000,2055.7433465035606,2059.2516163936966,2044.6507055329698,2048.183143104965,3.5082698901360345,3.5324375719951604,0.9931583555642356,0.026089242305946475,0.02610825839987494,0.026098750352910708,11.068473288731639,1990,1993,2000,2000,237,224,6799.270353476986,0.995,0.9965,0.8809045226130653,0.8876066231811339,1162921,1133437,1380092,1322874,150045,129176,3684504.651828311,0.8426402007982077,0.8567989090419799,0.8709757584565074,0.8860316012270643,1990,1993,1763,1775,1753,237,0,10,1769,224,1,6,0.8765,0.885,0.8809045226130653,0.8876066231811339,0.9943278502552467,0.9966197183098592,1990,1993,6799.270353476986,76600.0,0.8426402007982077,0.8567989090419799,0.8709757584565074,0.8860316012270643
767,0.0,76316.5,4000,2059.2699976761123,2062.772693311837,2048.2047565091766,2051.7321583203743,3.502695635724649,3.5274018111977057,0.9929959282226859,0.026101134779056588,0.026120490334365448,0.026110812556711018,11.040534991462664,1994,1994,2000,2000,221,213,6801.014228299649,0.997,0.997,0.8891675025075225,0.8931795386158475,1164915,1135431,1382092,1324874,150266,129389,3691305.6660566106,0.8428635720342784,0.8570105534564042,0.8710068974989591,0.8860441541582007,1994,1994,1777,1787,1773,221,2,4,1781,213,0,6,0.8875,0.8905,0.8891675025075225,0.8931795386158475,0.9977490151941475,0.9966424174594292,1994,1994,6801.014228299649,76700.0,0.8428635720342784,0.8570105534564042,0.8710068974989591,0.8860441541582007
768,0.0,76416.0,4000,2062.7966278199574,2066.26750625328,2051.7505125293665,2055.256626052848,3.4708784333224685,3.5061135234814174,0.9899503852562189,0.026112654303321395,0.026132370786175824,0.026122512544748608,11.010880200431984,1997,1992,2000,2000,216,223,6802.746346459221,0.9985,0.996,0.8918377566349525,0.8880522088353413,1166912,1137423,1384092,1326874,150482,129612,3698108.41240307,0.84308846521763,0.8572200525445521,0.8710425464816541,0.8860476709192622,1997,1992,1784,1776,1781,216,0,3,1769,223,1,7,0.8905,0.885,0.8918377566349525,0.8880522088353414,0.9983183856502242,0.9960585585585585,1997,1992,6802.746346459221,76800.0,0.84308846521763,0.8572200525445521,0.8710425464816541,0.8860476709192622
769,0.0,76515.5,4000,2066.2838897524507,2069.673639366474,2055.275718115166,2058.801206600844,3.389749614023458,3.5254884856781246,0.9614978542105329,0.02612299068411284,0.026144481884607277,0.02613373628436006,10.872432765630037,1995,1990,2000,2000,254,224,6804.464516589164,0.9975,0.995,0.8726817042606516,0.8874371859296483,1168907,1139413,1386092,1328874,150736,129836,3704912.876919659,0.8433112664960191,0.8574274159927879,0.8710453440692887,0.8860500977257588,1995,1990,1745,1772,1741,254,1,4,1766,224,4,6,0.871,0.885,0.8726817042606516,0.8874371859296483,0.9977077363896848,0.9966139954853274,1995,1990,6804.464516589164,76900.0,0.8433112664960191,0.8574274159927879,0.8710453440692887,0.8860500977257588
770,0.0,76615.0,4000,2069.6881216801544,2073.1278939554604,2058.821692113863,2062.4052598426106,3.4397722753060407,3.5835677287477665,0.959873661019943,0.026133925171393034,0.02615733389828657,0.0261456295348398,10.722634112849846,1995,1993,2000,2000,240,207,6806.180531251631,0.9975,0.9965,0.8796992481203008,0.8961364776718515,1170902,1141406,1388092,1330874,150976,130043,3711719.0574509106,0.8435334257383517,0.857636410358907,0.8710600887179285,0.8860677094741047,1995,1993,1759,1792,1755,240,1,4,1786,207,1,6,0.878,0.8935,0.8796992481203008,0.8961364776718515,0.9977259806708357,0.9966517857142857,1995,1993,6806.180531251631,77000.0,0.8435334257383517,0.857636410358907,0.8710600887179285,0.8860677094741047
771,0.0,76714.5,4000,2073.146907422057,2076.6157193722574,2062.422139930488,2065.8832911919417,3.4688119502002337,3.4611512614537787,1.0022133354389249,0.026145266713541643,0.026168518048215267,0.026156892380878455,10.732428180315765,1990,1997,2000,2000,225,242,6807.881399501532,0.995,0.9985,0.8869346733668342,0.8788182273410116,1172892,1143403,1390092,1332874,151201,130285,3718526.938850412,0.8437513488315881,0.8578477785597138,0.8710870225050559,0.8860550479577192,1990,1997,1773,1757,1765,225,2,8,1755,242,1,2,0.8835,0.878,0.8869346733668342,0.8788182273410116,0.9954878736604625,0.9988616960728515,1990,1997,6807.881399501532,77100.0,0.8437513488315881,0.8578477785597138,0.8710870225050559,0.8860550479577192
772,0.0,76814.0,4000,2076.633005450081,2080.1177406885568,2065.906247342264,2069.4792768190277,3.484735238475878,3.5730294767636224,0.9752886902103814,0.026156762758165284,0.02618120112881455,0.02616898194348992,10.638463869529005,1991,1992,2000,2000,213,215,6809.603464188113,0.9955,0.996,0.8930185836263185,0.8920682730923695,1174883,1145395,1392092,1334874,151414,130500,3725336.5423146,0.8439693640937524,0.8580547677159043,0.8711241885362202,0.8860655057862135,1991,1992,1784,1784,1778,213,3,6,1777,215,1,7,0.8905,0.889,0.8930185836263185,0.8920682730923695,0.9966367713004485,0.9960762331838565,1991,1992,6809.603464188113,77200.0,0.8439693640937524,0.8580547677159043,0.8711241885362202,0.8860655057862135
773,0.0,76913.5,4000,2080.1306854879135,2083.5697906546675,2069.5001181171033,2072.972488984246,3.4391051667539614,3.472370867142672,0.9904198884101097,0.026167582598919416,0.026192521853941803,0.02618005222643061,10.59730167042153,1990,1995,2000,2000,255,240,6811.324995127371,0.995,0.9975,0.8718592964824121,0.8796992481203008,1176873,1147390,1394092,1336874,151669,130740,3732147.8673097277,0.8441860365026125,0.8582633815901872,0.8711254315461396,0.8860544365908715,1990,1995,1743,1760,1735,255,2,8,1755,240,0,5,0.8685,0.8775,0.871859296482412,0.8796992481203008,0.9954102122776821,0.9971590909090909,1990,1995,6811.324995127371,77300.0,0.8441860365026125,0.8582633815901872,0.8711254315461396,0.8860544365908715
774,0.0,77013.0,4000,2083.584510256084,2087.0543011979535,2072.987900182557,2076.5269498813736,3.4697909418696327,3.539049698816598,0.9804301259261422,0.026178793868730708,0.026204604653835003,0.026191699261282855,10.527351316579825,1992,1994,2000,2000,240,228,6813.034920849652,0.996,0.997,0.8795180722891567,0.8856569709127382,1178865,1149384,1396092,1338874,151909,130968,3738960.9022305775,0.8444035206848832,0.8584706253164973,0.8711396131024333,0.886053747050594,1992,1994,1759,1772,1752,240,1,7,1766,228,0,6,0.8765,0.883,0.8795180722891566,0.8856569709127382,0.9960204661739624,0.9966139954853274,1992,1994,6813.034920849652,77400.0,0.8444035206848832,0.8584706253164973,0.8711396131024333,0.886053747050594
775,0.0,77112.5,4000,2087.071308174762,2090.5124978823455,2076.5453868782824,2080.1321339314877,3.441189707583362,3.586747053205272,0.959418006493702,0.026189636672569662,0.02621731076460572,0.02620347371858769,10.380363950857827,1993,1990,2000,2000,236,199,6814.735682265864,0.9965,0.995,0.8815855494229804,0.9,1180858,1151374,1398092,1340874,152145,131167,3745775.6379128434,0.8446210978962758,0.8586742676791406,0.8711572432925889,0.886077851332408,1993,1990,1762,1800,1757,236,2,5,1791,199,1,9,0.8795,0.896,0.8815855494229804,0.9,0.9971623155505108,0.995,1993,1990,6814.735682265864,77500.0,0.8446210978962758,0.8586742676791406,0.8711572432925889,0.886077851332408
776,0.0,77212.0,4000,2090.5313280129326,2094.0166622093157,2080.151172451559,2083.732721857628,3.4853341963830644,3.581549406068916,0.9731358697655222,0.026201043897565966,0.026229924899266538,0.026215484398416252,10.283940351687761,1993,1993,2000,2000,227,211,6816.445233236046,0.9965,0.9965,0.8861013547415956,0.8941294530858003,1182851,1153367,1400092,1342874,152372,131378,3752592.0831460794,0.8448380534993415,0.858879537469636,0.8711824228072682,0.8860917643733521,1993,1993,1770,1789,1766,227,3,4,1782,211,0,7,0.8845,0.891,0.8861013547415956,0.8941294530858003,0.9977401129943503,0.9960871995528228,1993,1993,6816.445233236046,77600.0,0.8448380534993415,0.858879537469636,0.8711824228072682,0.8860917643733521
777,0.0,77311.5,4000,2094.03448643469,2097.43293541937,2083.7507949983433,2087.2402228568,3.3984489846802717,3.4894278584565654,0.9739272804979165,0.026211290600529902,0.02624130853516416,0.02622629956784703,10.19271256257025,1988,1988,2000,2000,245,246,6818.139145973826,0.994,0.994,0.8767605633802817,0.8762575452716298,1184839,1155355,1402092,1344874,152617,131624,3759410.222292053,0.8450508240543416,0.8590804789147534,0.8711917821746246,0.8860748427972355,1988,1988,1754,1753,1743,245,1,11,1742,246,1,11,0.872,0.8715,0.8767605633802817,0.8762575452716298,0.9937286202964652,0.9937250427837993,1988,1988,6818.139145973826,77700.0,0.8450508240543416,0.8590804789147534,0.8711917821746246,0.8860748427972355
778,0.0,77411.0,4000,2097.451504518845,2100.9168241983352,2087.2572380916613,2090.792174243416,3.4653196794902215,3.534936151754664,0.9803061585058936,0.026222380057071188,0.026253234248957216,0.0262378071530142,10.124649954919278,1992,1998,2000,2000,226,235,6819.803504201407,0.996,0.999,0.8865461847389559,0.8823823823823824,1186831,1157353,1404092,1346874,152843,131859,3766230.0257962546,0.8452658372813178,0.8592882481954511,0.8712175532995009,0.8860684683065582,1992,1998,1774,1764,1766,226,0,8,1763,235,1,1,0.883,0.882,0.8865461847389559,0.8823823823823824,0.9954904171364148,0.9994331065759637,1992,1998,6819.803504201407,77800.0,0.8452658372813178,0.8592882481954511,0.8712175532995009,0.8860684683065582
779,0.0,77510.5,4000,2100.9337959312174,2104.3947337555564,2090.8078805880323,2094.4002244235235,3.4609378243389983,3.5923438354911923,0.963420536237666,0.026233364287514247,0.026265849483298832,0.02624960688540654,9.994509332032976,1993,1988,2000,2000,243,222,6821.4857295286265,0.9965,0.994,0.8780732563973909,0.8883299798792756,1188824,1159341,1406092,1348874,153086,132081,3773051.511525783,0.8454809500374086,0.8594879877586787,0.8712290465199222,0.8860723462725807,1993,1988,1755,1776,1750,243,2,5,1766,222,2,10,0.876,0.884,0.8780732563973909,0.8883299798792756,0.9971509971509972,0.9943693693693694,1993,1988,6821.4857295286265,77900.0,0.8454809500374086,0.8594879877586787,0.8712290465199222,0.8860723462725807
780,0.0,77610.0,4000,2104.416132725147,2107.887041437671,2094.4179402733084,2097.990564350093,3.470908712524306,3.57262407678445,0.9715292283559558,0.026244504944608647,0.026278205316353182,0.026261355130480914,9.896477087578205,1992,1994,2000,2000,250,202,6823.156750181331,0.996,0.997,0.8744979919678715,0.8986960882647944,1190816,1161335,1408092,1350874,153336,132283,3779874.6682759644,0.8456947415367746,0.8596915774528194,0.8712345148200897,0.8860940211050213,1992,1994,1750,1798,1742,250,0,8,1792,202,0,6,0.871,0.896,0.8744979919678715,0.8986960882647944,0.9954285714285714,0.996662958843159,1992,1994,6823.156750181331,78000.0,0.8456947415367746,0.8596915774528194,0.8712345148200897,0.8860940211050213
781,0.0,77709.5,4000,2107.8986177326924,2111.357118668708,2098.006477452352,2101.56092378893,3.458500936015753,3.554446336577712,0.9730069351238716,0.026255332431632673,0.026290273676240525,0.0262728030539366,9.79619487977834,1991,1989,2000,2000,239,211,6824.822623902742,0.9955,0.9945,0.8799598191863385,0.8939165409753645,1192807,1163324,1410092,1352874,153575,132494,3786699.4908998674,0.8459072174014178,0.8598908693640354,0.8712490788534943,0.8861073957040343,1991,1989,1761,1785,1752,239,0,9,1778,211,4,7,0.876,0.891,0.8799598191863385,0.8939165409753645,0.9948892674616695,0.996078431372549,1991,1989,6824.822623902742,78100.0,0.8459072174014178,0.8598908693640354,0.8712490788534943,0.8861073957040343
782,0.0,77809.0,4000,2111.3708694315565,2114.9167443499573,2101.578870805149,2105.1221199388424,3.545874918400841,3.54324913369328,1.0007410669158407,0.026267277347720726,0.026302193993149585,0.026284735670435155,9.79462441111491,1994,1988,2000,2000,215,225,6826.490244964553,0.997,0.994,0.8921765295887663,0.8868209255533199,1194801,1165312,1412092,1354874,153790,132719,3793525.981144832,0.8461212158981143,0.8600888348289214,0.8712840046166683,0.8861086129723199,1994,1988,1782,1775,1779,215,3,3,1763,225,0,12,0.891,0.8815,0.8921765295887663,0.8868209255533199,0.9983164983164983,0.9932394366197184,1994,1988,6826.490244964553,78200.0,0.8461212158981143,0.8600888348289214,0.8712840046166683,0.8861086129723199
783,0.0,77908.5,4000,2114.935662159802,2118.4417767630084,2105.1414111193467,2108.694442670226,3.5061146032062425,3.5530315508794956,0.986795234716776,0.026278749948975888,0.026314225964184947,0.02629648795658042,9.74733409278224,1994,1995,2000,2000,236,225,6828.147320018674,0.997,0.9975,0.8816449348044132,0.887218045112782,1196795,1167307,1414092,1356874,154026,132944,3800354.1284648506,0.8463346090636252,0.8602913756177802,0.8713012671343046,0.8861105090605985,1994,1995,1762,1774,1758,236,2,4,1770,225,1,4,0.88,0.8855,0.8816449348044132,0.8872180451127819,0.9977298524404086,0.9977452085682075,1994,1995,6828.147320018674,78300.0,0.8463346090636252,0.8602913756177802,0.8713012671343046,0.8861105090605985
784,0.0,78008.0,4000,2118.4593681640613,2121.8890452912274,2108.705610347329,2112.2404475647318,3.4296771271660873,3.5348372174025826,0.9702503725719603,0.026289201397104986,0.026325891554721773,0.02630754647591338,9.648597726495609,1993,1988,2000,2000,260,198,6829.790181547623,0.9965,0.994,0.8695434019066733,0.9004024144869215,1198788,1169295,1416092,1358874,154286,133142,3807183.918646398,0.8465466932939385,0.860488168881,0.8712983446614414,0.8861348077260229,1993,1988,1740,1798,1733,260,0,7,1790,198,4,8,0.8665,0.897,0.8695434019066733,0.9004024144869215,0.9959770114942529,0.9955506117908788,1993,1988,6829.790181547623,78400.0,0.8465466932939385,0.860488168881,0.8712983446614414,0.8861348077260229
785,0.0,78107.5,4000,2121.907272755933,2125.352775893604,2112.2545974121067,2115.7884094445303,3.4455031376710394,3.5338120324236115,0.975010302205574,0.026299835925291812,0.026337552353757777,0.026318694139524795,9.564366449073532,1995,1994,2000,2000,240,216,6831.4376048615095,0.9975,0.997,0.8796992481203008,0.8916750250752257,1200783,1171289,1418092,1360874,154526,133358,3814015.3562512593,0.8467595896458058,0.8606887926435511,0.8713123020562417,0.8861442393807164,1995,1994,1760,1783,1755,240,0,5,1778,216,1,5,0.8775,0.8895,0.8796992481203008,0.8916750250752257,0.9971590909090909,0.997195737521032,1995,1994,6831.4376048615095,78500.0,0.8467595896458058,0.8606887926435511,0.8713123020562417,0.8861442393807164
786,0.0,78207.0,4000,2125.370633513588,2128.806935148864,2115.8008843699477,2119.3506666966023,3.4363016352758677,3.549782326654622,0.9680316478769275,0.026310321620746403,0.026349365356514727,0.026329843488630565,9.456268452261611,1997,1992,2000,2000,252,205,6833.090501321893,0.9985,0.996,0.8738107160741112,0.8970883534136547,1202780,1173281,1420092,1362874,154778,133563,3820848.4467525813,0.8469732946879498,0.8608873600934496,0.8713164502236486,0.8861628203303386,1997,1992,1747,1793,1745,252,1,2,1787,205,2,6,0.873,0.8945,0.8738107160741112,0.8970883534136547,0.9988551803091014,0.9966536530953709,1997,1992,6833.090501321893,78600.0,0.8469732946879498,0.8608873600934496,0.8713164502236486,0.8861628203303386
787,0.0,78306.5,4000,2128.823874685825,2132.3147394573693,2119.3682206712533,2122.914845837006,3.4908647715442385,3.54662516575263,0.98427790036939,0.02632146230875696,0.026361172759370537,0.026341317534063748,9.3998936203634,1988,1994,2000,2000,220,215,6834.728702664781,0.994,0.997,0.8893360160965795,0.8921765295887663,1204768,1175275,1422092,1364874,154998,133778,3827683.175455246,0.8471800699251525,0.8610868109437209,0.871346184493612,0.8861730233349642,1988,1994,1778,1785,1768,220,2,10,1779,215,0,6,0.885,0.8895,0.8893360160965795,0.8921765295887663,0.9943757030371203,0.9966386554621849,1988,1994,6834.728702664781,78700.0,0.8471800699251525,0.8610868109437209,0.871346184493612,0.8861730233349642
788,0.0,78406.0,4000,2132.332399709782,2135.8014705904698,2122.93374598654,2126.464971365757,3.469070880687923,3.531225379216721,0.9823986033588756,0.026332307294825802,0.02637277184887325,0.026352539571849527,9.336499224712952,1990,1992,2000,2000,226,220,6836.366224924228,0.995,0.996,0.8864321608040201,0.8895582329317269,1206758,1177267,1424092,1366874,155224,133998,3834519.54168017,0.8473876687742085,0.8612842149312958,0.8713710619693427,0.8861787512943113,1990,1992,1773,1780,1764,226,1,9,1772,220,0,8,0.8825,0.886,0.8864321608040201,0.8895582329317269,0.9949238578680203,0.9955056179775281,1990,1992,6836.366224924228,78800.0,0.8473876687742085,0.8612842149312958,0.8713710619693427,0.8861787512943113
789,0.0,78505.5,4000,2135.8193619065296,2139.206398947123,2126.4856213835137,2129.9943890746763,3.387037040593441,3.508767691162575,0.9653067226776703,0.026342087999859654,0.026384079079849576,0.026363083539854615,9.212009872446743,1990,1995,2000,2000,253,235,6837.993932120403,0.995,0.9975,0.8728643216080402,0.8822055137844611,1208748,1179262,1426092,1368874,155477,134233,3841357.5356122907,0.8475946853358689,0.8614832336650415,0.8713735203698372,0.886172029625308,1990,1995,1746,1764,1737,253,1,9,1760,235,1,4,0.869,0.8805,0.8728643216080402,0.8822055137844611,0.9948453608247423,0.9977324263038548,1990,1995,6837.993932120403,78900.0,0.8475946853358689,0.8614832336650415,0.8713735203698372,0.886172029625308
790,0.0,78605.0,4000,2139.227903115745,2142.6774964646074,2130.012395292949,2133.526437262055,3.449593348862436,3.5140419691060742,0.9816596896649947,0.02635268152792925,0.026395390982120383,0.026374036255024817,9.15105920255246,1992,1996,2000,2000,224,239,6839.625611978883,0.996,0.998,0.8875502008032129,0.8802605210420842,1210740,1181258,1428092,1370874,155701,134472,3848197.16122427,0.84780252252656,0.8616824011543001,0.8714001354543502,0.8861620408073427,1992,1996,1774,1761,1768,224,2,6,1757,239,0,4,0.885,0.8785,0.8875502008032129,0.8802605210420842,0.9966178128523112,0.9977285633162976,1992,1996,6839.625611978883,79000.0,0.84780252252656,0.8616824011543001,0.8714001354543502,0.8861620408073427
791,0.0,78704.5,4000,2142.6948252569828,2146.114199997954,2133.546178005279,2137.1068556076307,3.419374740971307,3.5606776023514612,0.960315738418205,0.026362813454358505,0.026407285789293123,0.026385049621825814,9.007344390323397,1990,1997,2000,2000,243,202,6841.25383514125,0.995,0.9985,0.8778894472361809,0.8988482724086129,1212730,1183255,1430092,1372874,155944,134674,3855038.415059411,0.8480083798804553,0.8618817167489514,0.8714107839337693,0.8861834515805976,1990,1997,1757,1797,1747,243,0,10,1795,202,1,2,0.8735,0.898,0.8778894472361809,0.8988482724086129,0.9943084803642572,0.9988870339454646,1990,1997,6841.25383514125,79100.0,0.8480083798804553,0.8618817167489514,0.8714107839337693,0.8861834515805976
792,0.0,78804.0,4000,2146.1311405324886,2149.5499140664606,2137.126646155756,2140.719997173464,3.418773533971944,3.593351017707846,0.9514165237752745,0.02637290730187202,0.02641956373104696,0.02639623551645949,8.829916892996607,1995,1989,2000,2000,248,212,6842.880054480099,0.9975,0.9945,0.8756892230576441,0.893413775766717,1214725,1185244,1432092,1374874,156192,134886,3861881.295113891,0.8482171536465535,0.8620746337482562,0.8714178106155714,0.8861955850440921,1995,1989,1752,1788,1747,248,0,5,1777,212,0,11,0.8735,0.8885,0.8756892230576441,0.893413775766717,0.9971461187214612,0.993847874720358,1995,1989,6842.880054480099,79200.0,0.8482171536465535,0.8620746337482562,0.8714178106155714,0.8861955850440921
793,0.0,78903.5,4000,2149.5636003189397,2153.0225143759094,2140.7332096959735,2144.2754269269108,3.458914056969661,3.54221723093724,0.9764827596568555,0.02638344084007204,0.026431082941391754,0.0264072618907319,8.747087448998627,1991,1991,2000,2000,246,214,6844.484871966623,0.9955,0.9955,0.8764439979909593,0.89251632345555,1216716,1187235,1434092,1376874,156438,135100,3868725.7799858577,0.8484225558750763,0.8622684428640529,0.8714260353278827,0.8862061849591698,1991,1991,1753,1785,1745,246,1,8,1777,214,1,8,0.873,0.889,0.8764439979909593,0.89251632345555,0.995436394751854,0.9955182072829132,1991,1991,6844.484871966623,79300.0,0.8484225558750763,0.8622684428640529,0.8714260353278827,0.8862061849591698
794,0.0,79003.0,4000,2153.040505281917,2156.491568622848,2144.296004583063,2147.79342695085,3.4510633409308866,3.4974223677868395,0.9867448017480117,0.02639390318469334,0.02644210172892072,0.026418002456807033,8.698141671997746,1991,1991,2000,2000,239,235,6846.104579438924,0.9955,0.9955,0.8799598191863385,0.8819688598694123,1218707,1189226,1436092,1378874,156677,135335,3875571.8845652966,0.8486273859891985,0.8624616897555542,0.8714399769591871,0.8861990908372336,1991,1991,1760,1764,1752,239,1,8,1756,235,1,8,0.8765,0.8785,0.8799598191863385,0.8819688598694123,0.9954545454545455,0.9954648526077098,1991,1991,6846.104579438924,79400.0,0.8486273859891985,0.8624616897555542,0.8714399769591871,0.8861990908372336
795,0.0,79102.5,4000,2156.5058633548897,2159.9410456321707,2147.8095939312857,2151.3716880686807,3.435182277281001,3.562094137394979,0.9643715591955717,0.026404092954389613,0.026453850797410514,0.026428971875900063,8.56935756349003,1993,1995,2000,2000,239,213,6847.690342013965,0.9965,0.9975,0.880080280983442,0.8932330827067669,1220700,1191221,1438092,1380874,156916,135548,3882419.574907311,0.8488330371075008,0.862657273581804,0.8714540837224544,0.8862108710306484,1993,1995,1761,1786,1754,239,0,7,1782,213,1,4,0.877,0.8915,0.880080280983442,0.8932330827067669,0.9960249858035207,0.9977603583426652,1993,1995,6847.690342013965,79500.0,0.8488330371075008,0.862657273581804,0.8714540837224544,0.8862108710306484
796,0.0,79202.0,4000,2159.9560808358983,2163.4045082515336,2151.392771418045,2154.9006559050345,3.4484274156352512,3.5078844869894965,0.9830504477628134,0.026414432820268053,0.02646495108329761,0.02643969195178283,8.503852346499116,1993,1990,2000,2000,233,212,6849.278266413111,0.9965,0.995,0.8830908178625189,0.893467336683417,1222693,1193211,1440092,1382874,157149,135760,3889268.853173724,0.8490381170091911,0.8628486760182056,0.8714730516981777,0.8862229731371903,1993,1990,1765,1788,1760,233,2,5,1778,212,0,10,0.881,0.889,0.8830908178625189,0.893467336683417,0.9971671388101983,0.9944071588366891,1993,1990,6849.278266413111,79600.0,0.8490381170091911,0.8628486760182056,0.8714730516981777,0.8862229731371903
797,0.0,79301.5,4000,2163.424324285112,2166.878523884916,2154.9179029368584,2158.493285631115,3.4541995998038146,3.5753826942568594,0.9661062591571802,0.026424879148390458,0.02647682228301845,0.026450850715704452,8.385238253800708,1994,1993,2000,2000,227,216,6850.863534768267,0.997,0.9965,0.8861584754262788,0.8916206723532363,1224687,1195204,1442092,1384874,157376,135976,3896119.716708492,0.8492433215079205,0.86304169187955,0.8714969620809235,0.886231973788575,1994,1993,1773,1782,1767,227,0,6,1777,216,2,5,0.8835,0.8895,0.8861584754262788,0.8916206723532363,0.9966159052453468,0.9971941638608305,1994,1993,6850.863534768267,79700.0,0.8492433215079205,0.86304169187955,0.8714969620809235,0.886231973788575
798,0.0,79401.0,4000,2166.8932752299747,2170.353786289071,2158.5099174749275,2162.0603204079216,3.4605110590964614,3.550402932994075,0.974681219119598,0.026435314918933268,0.026488342991646326,0.0264618289552898,8.293465881149586,1993,1996,2000,2000,245,224,6852.437997414665,0.9965,0.998,0.8770697441043653,0.8877755511022044,1226680,1197200,1444092,1386874,157621,136200,3902972.1547059068,0.8494472651326924,0.8632363141857154,0.871506016238954,0.8862345472769796,1993,1996,1754,1775,1748,245,1,6,1772,224,1,3,0.8745,0.8865,0.8770697441043652,0.8877755511022044,0.9965792474344356,0.9983098591549295,1993,1996,6852.437997414665,79800.0,0.8494472651326924,0.8632363141857154,0.871506016238954,0.8862345472769796
799,0.0,79500.5,4000,2170.368456715483,2173.810786153061,2162.080613546045,2165.638126289034,3.442329437578337,3.5575127429892746,0.967622517828523,0.026445495999935727,0.026499969669768326,0.026472732834852027,8.172659864027082,1994,1990,2000,2000,234,217,6854.020995671166,0.997,0.995,0.8826479438314945,0.8909547738693467,1228674,1199190,1446092,1388874,157855,136417,3909826.175701578,0.8496513361528866,0.8634260559273196,0.8715240983369062,0.8862423802733512,1994,1990,1765,1783,1760,234,1,5,1773,217,0,10,0.8805,0.8865,0.8826479438314945,0.8909547738693467,0.9971671388101983,0.9943914750420639,1994,1990,6854.020995671166,79900.0,0.8496513361528866,0.8634260559273196,0.8715240983369062,0.8862423802733512
800,0.0,79600.0,4000,2173.8264073544046,2177.2545690227903,2165.6554071179244,2169.1949565505925,3.4281616683856555,3.539549432668082,0.968530524463261,0.026455486415807423,0.026511305085950596,0.02648339575087901,8.059612472197841,1992,1993,2000,2000,226,223,6855.602384606752,0.996,0.9965,0.8865461847389559,0.8881083793276467,1230666,1201183,1448092,1390874,158081,136640,3916681.778086185,0.8498534623490772,0.8636174089097934,0.8715484136231927,0.8862454763345802,1992,1993,1773,1777,1766,226,1,7,1770,223,0,7,0.8835,0.885,0.8865461847389559,0.8881083793276467,0.9960518894529047,0.996060776589758,1992,1993,6855.602384606752,80000.0,0.8498534623490772,0.8636174089097934,0.8715484136231927,0.8862454763345802
801,0.0,79699.5,4000,2177.2709077430186,2180.7633192789312,2169.2115499230786,2172.7928659159547,3.4924115359126517,3.5813159928761706,0.9751754781928307,0.026466262965302557,0.02652312504670924,0.026494694006005896,7.970453362976514,1991,1996,2000,2000,215,195,6857.159648111674,0.9955,0.998,0.8920140632847815,0.9023046092184369,1232657,1203179,1450092,1392874,158296,136835,3923538.9377342965,0.8500543413797194,0.8638103661924912,0.8715814699466276,0.8862721174488584,1991,1996,1782,1803,1776,215,3,6,1801,195,2,2,0.8895,0.9015,0.8920140632847815,0.9023046092184369,0.9966329966329966,0.9988907376594565,1991,1996,6857.159648111674,80100.0,0.8500543413797194,0.8638103661924912,0.8715814699466276,0.8862721174488584
802,0.0,79799.0,4000,2180.781657109717,2184.1543109422405,2172.811245206893,2176.417571763535,3.3726538325236106,3.6063265566417613,0.9352047795871962,0.026475544328978105,0.02653524965198242,0.02650539699048026,7.736739178705648,1991,1989,2000,2000,263,186,6858.726106002397,0.9955,0.9945,0.8679055750878956,0.9064856711915535,1234648,1205168,1452092,1394874,158559,137021,3930397.663840299,0.8502546670596629,0.8639977517682601,0.8715755421788234,0.8863054777425222,1991,1989,1735,1814,1728,263,2,7,1803,186,0,11,0.865,0.9015,0.8679055750878956,0.9064856711915535,0.9959654178674352,0.9939360529217199,1991,1989,6858.726106002397,80200.0,0.8502546670596629,0.8639977517682601,0.8715755421788234,0.8863054777425222
803,0.0,79898.5,4000,2184.163646424478,2187.6040272640753,2176.4333876507485,2180.074719462632,3.44038083959731,3.641331811883447,0.9448138805614101,0.026485533891729498,0.026547748067099468,0.02651664097941448,7.529307801443338,1995,1994,2000,2000,234,212,6860.292581967508,0.9975,0.997,0.8827067669172932,0.8936810431293881,1236643,1207162,1454092,1396874,158793,137233,3937257.9564222666,0.8504571925297711,0.8641881801794579,0.8715934994982384,0.886317660761356,1995,1994,1765,1787,1761,234,1,4,1782,212,1,5,0.881,0.8915,0.8827067669172932,0.8936810431293881,0.9977337110481587,0.9972020145495244,1995,1994,6860.292581967508,80300.0,0.8504571925297711,0.8641881801794579,0.8715934994982384,0.886317660761356
804,0.0,79998.0,4000,2187.620867430928,2191.136793748256,2180.0916190554967,2183.5869227881326,3.5159263173281943,3.4953037326358753,1.0059000837322847,0.02649653156704054,0.026558412600915272,0.026527472083977904,7.549870960123371,1992,1992,2000,2000,225,239,6861.843741782416,0.996,0.996,0.8870481927710844,0.8800200803212852,1238635,1209154,1456092,1398874,159018,137472,3944119.800164049,0.8506571013370035,0.8643766343501988,0.8716183540752522,0.8863072859205693,1992,1992,1775,1760,1767,225,0,8,1753,239,1,7,0.8835,0.877,0.8870481927710844,0.8800200803212851,0.9954929577464788,0.9960227272727272,1992,1992,6861.843741782416,80400.0,0.8506571013370035,0.8643766343501988,0.8716183540752522,0.8863072859205693
805,0.0,80097.5,4000,2191.1549541346517,2194.6211022267944,2183.6053287319987,2187.1730458570173,3.466148092142703,3.5677171250185893,0.971531085756874,0.02650689995613165,0.026569968896676677,0.02653843442640416,7.448056369777078,1994,1987,2000,2000,246,191,6863.388709962195,0.997,0.9935,0.876629889669007,0.9038751887267237,1240629,1211141,1458092,1400874,159264,137663,3950983.1888740114,0.8508578333877423,0.8645609812160123,0.8716264088619563,0.8863361078520172,1994,1987,1751,1808,1748,246,3,3,1796,191,1,12,0.8755,0.8985,0.876629889669007,0.9038751887267237,0.9982866933181039,0.9933628318584071,1994,1987,6863.388709962195,80500.0,0.8508578333877423,0.8645609812160123,0.8716264088619563,0.8863361078520172
806,0.0,80197.0,4000,2194.6347321510298,2198.038570614326,2187.1892467131443,2190.7427786129197,3.4038384632963243,3.5535318997754075,0.9578747452672244,0.02651641333568399,0.026581293163007134,0.026548853249345562,7.295792001406426,1991,1994,2000,2000,268,217,6864.931062671539,0.9955,0.997,0.8653942742340532,0.8911735205616851,1242620,1213135,1460092,1402874,159532,137880,3957848.1199366827,0.8510559608572611,0.8647497922122728,0.8716164233635384,0.8863440589876642,1991,1994,1732,1783,1723,268,0,9,1777,217,0,6,0.8615,0.8885,0.8653942742340532,0.8911735205616851,0.9948036951501155,0.9966348850252383,1991,1994,6864.931062671539,80600.0,0.8510559608572611,0.8647497922122728,0.8716164233635384,0.8863440589876642
807,0.0,80296.5,4000,2198.0539292705184,2201.509467528161,2190.764758036366,2194.293920060798,3.455538257642729,3.5291620244320256,0.9791384565855558,0.026526565201610466,0.02659235898867724,0.026559462095143854,7.215547467363194,1989,1994,2000,2000,243,227,6866.480942112462,0.9945,0.997,0.8778280542986425,0.8861584754262788,1244609,1215129,1462092,1404874,159775,138107,3964714.600878795,0.8512521783854915,0.8649380656201197,0.8716263501228096,0.8863437544491161,1989,1994,1756,1772,1746,243,1,10,1767,227,1,5,0.8735,0.884,0.8778280542986425,0.8861584754262788,0.9943052391799544,0.9971783295711061,1989,1994,6866.480942112462,80700.0,0.8512521783854915,0.8649380656201197,0.8716263501228096,0.8863437544491161
808,0.0,80396.0,4000,2201.522528220901,2205.0289204806368,2194.3059617378954,2197.8759678165616,3.5063922597355486,3.5700060786662107,0.982181033441145,0.02653729288022822,0.02660377992750021,0.026570536403864215,7.152952664075201,1997,1996,2000,2000,222,232,6868.027738575851,0.9985,0.998,0.8888332498748122,0.8837675350701403,1246606,1217125,1464092,1406874,159997,138339,3971582.628617371,0.8514533239714445,0.8651272253236608,0.8716539147092185,0.8863395296292492,1997,1996,1778,1768,1775,222,0,3,1764,232,0,4,0.8875,0.882,0.8888332498748123,0.8837675350701403,0.9983127109111362,0.997737556561086,1997,1996,6868.027738575851,80800.0,0.8514533239714445,0.8651272253236608,0.8716539147092185,0.8863395296292492
809,0.0,80495.5,4000,2205.048229162461,2208.5023606593118,2197.8925359360987,2201.4983709897633,3.4541314968505503,3.6058350536645776,0.9579283149239308,0.02654742527689883,0.02661567146248725,0.02658154836969304,7.003989669548446,1990,1994,2000,2000,237,217,6869.570154962826,0.995,0.997,0.8809045226130653,0.8911735205616851,1248596,1219119,1466092,1408874,160234,138556,3978452.1987723336,0.8516491461654521,0.8653144284016882,0.8716686582369317,0.8863474361403604,1990,1994,1761,1783,1753,237,2,8,1777,217,0,6,0.8775,0.8885,0.8809045226130653,0.8911735205616851,0.9954571266325951,0.9966348850252383,1990,1994,6869.570154962826,80900.0,0.8516491461654521,0.8653144284016882,0.8716686582369317,0.8863474361403604
810,0.0,80595.0,4000,2208.5196634791964,2211.937974134154,2201.516742739356,2205.0789889159655,3.4183106549576223,3.562246176609733,0.9595941676919428,0.026557065658962438,0.0266270177684126,0.02659204171368752,6.858985218188536,1992,1993,2000,2000,241,189,6871.099204848796,0.996,0.9965,0.8790160642570282,0.9051680883090818,1250588,1221112,1468092,1410874,160475,138745,3985323.2979771825,0.8518457971298802,0.8655003919556247,0.8716803615579232,0.8863781536828726,1992,1993,1757,1811,1751,241,2,6,1804,189,0,7,0.8765,0.902,0.8790160642570282,0.9051680883090818,0.9965850882185544,0.996134732192159,1992,1993,6871.099204848796,81000.0,0.8518457971298802,0.8655003919556247,0.8716803615579232,0.8863781536828726
811,0.0,80694.5,4000,2211.959842277074,2215.3977400550502,2205.096780413891,2208.6809361213327,3.4378977779761044,3.5841557074418233,0.9591931987881994,0.02656698007764308,0.026638599093055337,0.02660278958534921,6.716803933717529,1996,1994,2000,2000,252,209,6872.625838692999,0.998,0.997,0.87374749498998,0.89518555667001,1252584,1223106,1470092,1412874,160727,138954,3992195.923815876,0.8520446339412772,0.8656865368037064,0.8716836555472527,0.8863925121780124,1996,1994,1748,1790,1744,252,0,4,1785,209,1,5,0.872,0.893,0.87374749498998,0.89518555667001,0.9977116704805492,0.9972067039106145,1996,1994,6872.625838692999,81100.0,0.8520446339412772,0.8656865368037064,0.8716836555472527,0.8863925121780124
812,0.0,80794.0,4000,2215.4119512347347,2218.960738028576,2208.697357820592,2212.245422817322,3.548786793841373,3.548064996729863,1.0002034340160553,0.026578141407270685,0.026649690555945533,0.02661391598160811,6.715315211254165,1991,1991,2000,2000,216,219,6874.159733294888,0.9955,0.9955,0.891511803114013,0.8900050226017077,1254575,1225097,1472092,1414874,160943,139173,3999070.0835491708,0.8522395339421721,0.8658700350702607,0.871715122651097,0.8863983831484364,1991,1991,1780,1778,1775,216,4,5,1772,219,3,6,0.8895,0.8875,0.891511803114013,0.8900050226017077,0.9971910112359551,0.9966254218222722,1991,1991,6874.159733294888,81200.0,0.8522395339421721,0.8658700350702607,0.871715122651097,0.8863983831484364
813,0.0,80893.5,4000,2218.9827154361515,2222.3382045651374,2212.260636381599,2215.774293654537,3.355489128985937,3.5136572729379623,0.9549847547254453,0.026586993220257576,0.026660316654120445,0.02662365493718901,6.563910910600498,1991,1993,2000,2000,258,236,6875.688145010685,0.9955,0.9965,0.8704168759417379,0.8815855494229804,1256566,1227090,1474092,1416874,161201,139409,4005945.7716941815,0.8524339050751242,0.8660544268579987,0.8717130656089692,0.8863905662991305,1991,1993,1740,1763,1733,258,2,7,1757,236,1,6,0.8675,0.879,0.8704168759417378,0.8815855494229804,0.9959770114942529,0.996596710153148,1991,1993,6875.688145010685,81300.0,0.8524339050751242,0.8660544268579987,0.8717130656089692,0.8863905662991305
814,0.0,80993.0,4000,2222.3578025874945,2225.79373189765,2215.7942454976614,2219.39298482479,3.435929310155643,3.598739327128442,0.9547591525328092,0.02659678226215545,0.02667202008784085,0.02663440117499815,6.400747072860213,1993,1992,2000,2000,242,232,6877.196484785559,0.9965,0.996,0.8785750125439037,0.8835341365461847,1258559,1229082,1476092,1418874,161443,139641,4012822.968178967,0.8526291044189658,0.866237594035834,0.8717239318935386,0.8863859368211396,1993,1992,1757,1768,1751,242,1,6,1760,232,0,8,0.876,0.88,0.8785750125439037,0.8835341365461847,0.9965850882185544,0.995475113122172,1993,1992,6877.196484785559,81400.0,0.8526291044189658,0.866237594035834,0.8717239318935386,0.8863859368211396
815,0.0,81092.5,4000,2225.810313044524,2229.2452714808974,2219.40886767145,2222.9691500288404,3.434958436373563,3.560282357390406,0.9647994432922724,0.02660649835242578,0.026683173010482154,0.02664483568145397,6.276121452056941,1994,1987,2000,2000,236,211,6878.72254460858,0.997,0.9935,0.8816449348044132,0.8938097634625063,1260553,1231069,1478092,1420874,161679,139852,4019701.6907235757,0.8528244520638769,0.8664167266063001,0.8717396253866359,0.8863979192068032,1994,1987,1763,1787,1758,236,1,5,1776,211,2,11,0.8795,0.889,0.8816449348044132,0.8938097634625063,0.9971639251276234,0.9938444320089536,1994,1987,6878.72254460858,81500.0,0.8528244520638769,0.8664167266063001,0.8717396253866359,0.8863979192068032
816,0.0,81192.0,4000,2229.2674492732685,2232.6672499412352,2222.983457887423,2226.4691267290436,3.3998006679667014,3.485668841620736,0.9753653667185124,0.02661582836008626,0.026693364914883565,0.026654596637484915,6.198123212191604,1992,1995,2000,2000,261,223,6880.237843062339,0.996,0.9975,0.8689759036144579,0.8882205513784461,1262545,1233064,1480092,1422874,161940,140075,4026581.928566638,0.8530179205076441,0.8666009780205415,0.8717352648816478,0.8864008680814621,1992,1995,1737,1774,1731,261,2,6,1772,223,3,2,0.8665,0.8875,0.8689759036144579,0.8882205513784461,0.9965457685664939,0.9988726042841037,1992,1995,6880.237843062339,81600.0,0.8530179205076441,0.8666009780205415,0.8717352648816478,0.8864008680814621
817,0.0,81291.5,4000,2232.685080109601,2236.124008809942,2226.486990287833,2229.9902385049163,3.4389287003409663,3.5032482170831827,0.9816400344033376,0.026625561236863472,0.02670379056095926,0.026664675898911368,6.1337703050257915,1991,1991,2000,2000,248,218,6881.756003970712,0.9955,0.9955,0.8754394776494224,0.8905072827724761,1264536,1235055,1482092,1424874,162188,140293,4033463.6845706087,0.8532101920798439,0.8667819049263303,0.8717410971296982,0.886407487925639,1991,1991,1751,1780,1743,248,1,8,1773,218,2,7,0.872,0.8875,0.8754394776494224,0.8905072827724761,0.9954311821816105,0.9960674157303371,1991,1991,6881.756003970712,81700.0,0.8532101920798439,0.8667819049263303,0.8717410971296982,0.886407487925639
818,0.0,81391.0,4000,2236.139772804235,2239.5804031177117,2230.005318012498,2233.5245922161935,3.4406303134769587,3.519274203695659,0.9776533780357,0.026635265860140773,0.026714352598308663,0.026674809229224716,6.055810901518271,1996,1991,2000,2000,230,221,6883.264838129274,0.998,0.9955,0.8847695390781563,0.8890005022601708,1266532,1237046,1484092,1426874,162418,140514,4040346.949408738,0.8534053144953277,0.8669623246341303,0.8717616293942829,0.8864116613286814,1996,1991,1770,1777,1766,230,0,4,1770,221,2,7,0.883,0.886,0.8847695390781564,0.8890005022601708,0.9977401129943503,0.996060776589758,1996,1991,6883.264838129274,81800.0,0.8534053144953277,0.8669623246341303,0.8717616293942829,0.8864116613286814
819,0.0,81490.5,4000,2239.6039438009593,2243.0923197647226,2233.547284093679,2237.036569583847,3.4883759637632465,3.489285490167731,0.9997393373494237,0.026645624713144397,0.026724615627708205,0.0266851201704263,6.055750180875748,1996,1996,2000,2000,220,246,6884.783360141085,0.998,0.998,0.8897795591182365,0.8767535070140281,1268528,1239042,1486092,1428874,162638,140760,4047231.732768879,0.8535999117147525,0.8671457385325788,0.8717899801975203,0.8863961027955469,1996,1996,1778,1754,1776,220,2,2,1750,246,0,4,0.889,0.875,0.8897795591182365,0.8767535070140281,0.9988751406074241,0.9977194982896237,1996,1996,6884.783360141085,81900.0,0.8535999117147525,0.8671457385325788,0.8717899801975203,0.8863961027955469
820,0.0,81590.0,4000,2243.1100729530576,2246.5262813661056,2237.0585185858345,2240.6254956055536,3.4162084130480252,3.566977019719161,0.9577321059716257,0.026655007629364746,0.02673579202354889,0.026695399826456818,5.900785760552026,1991,1996,2000,2000,269,206,6886.294192104099,0.9955,0.998,0.8648920140632848,0.8967935871743486,1270519,1241038,1488092,1430874,162907,140966,4054118.026960983,0.8537906258484018,0.8673286396985339,0.8717791705594328,0.8864128253929372,1991,1996,1729,1794,1722,269,2,7,1790,206,0,4,0.862,0.895,0.8648920140632848,0.8967935871743486,0.9959514170040485,0.9977703455964325,1991,1996,6886.294192104099,82000.0,0.8537906258484018,0.8673286396985339,0.8717791705594328,0.8864128253929372
821,0.0,81689.5,4000,2246.544974450814,2250.009602920307,2240.6439324873063,2244.2407011251294,3.464628469492709,3.596768637823061,0.9632614211153905,0.02666496890575043,0.026747261284416377,0.026706115095083402,5.768901795177499,1993,1996,2000,2000,219,217,6887.786650524927,0.9965,0.998,0.8901154039136979,0.8912825651302605,1272512,1243034,1490092,1432874,163126,141183,4061005.813611508,0.8539821702284154,0.8675110302790057,0.8718078886485943,0.8864206449702905,1993,1996,1781,1782,1774,219,0,7,1779,217,1,3,0.887,0.89,0.8901154039136979,0.8912825651302605,0.99606962380685,0.9983164983164983,1993,1996,6887.786650524927,82100.0,0.8539821702284154,0.8675110302790057,0.8718078886485943,0.8864206449702905
822,0.0,81789.0,4000,2250.0309284190243,2253.406186080538,2244.2562496940345,2247.791362428577,3.3752576615138423,3.5351127345425084,0.9547807707893781,0.02667385073384844,0.026757917430097717,0.026715884081973076,5.61482365196116,1993,1997,2000,2000,256,214,6889.282638364617,0.9965,0.9985,0.8715504264927245,0.8928392588883325,1274505,1245031,1492092,1434874,163382,141397,4067895.0962498724,0.854173201116285,0.8676936093343388,0.8718074860436013,0.8864309402737763,1993,1997,1743,1786,1737,256,1,6,1783,214,0,3,0.869,0.8915,0.8715504264927245,0.8928392588883325,0.9965576592082617,0.9983202687569989,1993,1997,6889.282638364617,82200.0,0.854173201116285,0.8676936093343388,0.8718074860436013,0.8864309402737763
823,0.0,81888.5,4000,2253.423872660725,2256.9191671542003,2247.8088293021106,2251.320448263368,3.495294493475285,3.511618961257227,0.9953512986568174,0.026684125290352415,0.026768285523557995,0.026726205406955205,5.598718890832515,1992,1995,2000,2000,230,216,6890.7720054119745,0.996,0.9975,0.8845381526104418,0.8917293233082707,1276497,1247026,1494092,1436874,163612,141613,4074785.868255284,0.8543630512712738,0.8678742882117708,0.8718273525123835,0.8864394166601177,1992,1995,1769,1783,1762,230,1,7,1779,216,1,4,0.8815,0.89,0.8845381526104418,0.8917293233082707,0.9960429621254946,0.9977565900168256,1992,1995,6890.7720054119745,82300.0,0.8543630512712738,0.8678742882117708,0.8718273525123835,0.8864394166601177
824,0.0,81988.0,4000,2256.9346170240506,2260.3605641631893,2251.337789790732,2254.920730133631,3.4259471391387706,3.582940342898837,0.9561831376647906,0.026693506169963504,0.02677949248129959,0.026736499325631546,5.439834029558369,1992,1994,2000,2000,241,214,6892.264093503502,0.996,0.997,0.8790160642570282,0.892678034102307,1278489,1249020,1496092,1438874,163853,141827,4081678.1323487875,0.8545523938367426,0.868053769822792,0.8718385531670589,0.8864493763110278,1992,1994,1758,1786,1751,241,1,7,1780,214,0,6,0.876,0.89,0.8790160642570282,0.892678034102307,0.9960182025028441,0.9966405375139977,1992,1994,6892.264093503502,82400.0,0.8545523938367426,0.868053769822792,0.8718385531670589,0.8864493763110278
825,0.0,82087.5,4000,2260.3804713596373,2263.8128777557527,2254.933823064597,2258.5124991187417,3.4324063961153115,3.57867605414458,0.9591274382435736,0.02670299663027341,0.026790569084172086,0.026746782857222748,5.300378637010908,1997,1994,2000,2000,237,211,6893.75106317757,0.9985,0.997,0.8813219829744617,0.8941825476429288,1280486,1251014,1498092,1440874,164090,142038,4088571.883411965,0.8547445684243691,0.8682327531761972,0.87185334318376,0.886461702267121,1997,1994,1763,1789,1760,237,0,3,1783,211,0,6,0.88,0.8915,0.8813219829744617,0.8941825476429288,0.998298355076574,0.9966461710452766,1997,1994,6893.75106317757,82500.0,0.8547445684243691,0.8682327531761972,0.87185334318376,0.886461702267121
826,0.0,82187.0,4000,2263.8331085857794,2267.321424894752,2258.531223834785,2262.0744267872074,3.4883163089725713,3.5432029524222344,0.9845093142598165,0.026713144904800912,0.026801257592162984,0.026757201248481948,5.246998107544641,1997,1995,2000,2000,230,229,6895.223341188349,0.9985,0.9975,0.8848272408612919,0.8852130325814537,1282483,1253009,1500092,1442874,164320,142267,4095467.1067531533,0.8549362305778578,0.8684119334051345,0.871873545302355,0.8864597141760354,1997,1995,1770,1771,1767,230,0,3,1766,229,0,5,0.8835,0.883,0.8848272408612919,0.8852130325814537,0.9983050847457627,0.9971767363071711,1997,1995,6895.223341188349,82600.0,0.8549362305778578,0.8684119334051345,0.871873545302355,0.8864597141760354
827,0.0,82286.5,4000,2267.336733200407,2270.781830931346,2262.095309768304,2265.6720787252766,3.445097730939324,3.5767689569725007,0.9631871033278515,0.026722686519626962,0.026812352225522754,0.026767519372574856,5.1097522060695155,1996,1996,2000,2000,225,229,6896.700756699817,0.998,0.998,0.8872745490981964,0.8852705410821643,1284479,1255005,1502092,1444874,164545,142496,4102363.807509853,0.855126716605907,0.8685913096920562,0.871897477498659,0.8864578228771997,1996,1996,1774,1770,1771,225,1,3,1767,229,1,3,0.886,0.884,0.8872745490981964,0.8852705410821643,0.9983089064261556,0.9983050847457627,1996,1996,6896.700756699817,82700.0,0.855126716605907,0.8685913096920562,0.871897477498659,0.8864578228771997
828,0.0,82386.0,4000,2270.799065430787,2274.224037910495,2265.689840154541,2269.285480610775,3.424972479708231,3.595640456233923,0.952534749065414,0.02673198529169443,0.02682361027700761,0.02677779778435102,4.938557299720287,1990,2000,2000,2000,232,210,6898.168583956714,0.995,1.0,0.8834170854271357,0.895,1286469,1257005,1504092,1446874,164777,142706,4109261.9760938096,0.85531270693548,0.8687729546594934,0.8719152968318709,0.8864714141948521,1990,2000,1767,1790,1758,232,1,9,1790,210,0,0,0.8795,0.895,0.8834170854271357,0.895,0.9949066213921901,1.0,1990,2000,6898.168583956714,82800.0,0.85531270693548,0.8687729546594934,0.8719152968318709,0.8864714141948521
829,0.0,82485.5,4000,2274.241483399719,2277.6780195729775,2269.307570189424,2272.824165330884,3.436536173258446,3.5165951414601295,0.9772339535882877,0.02674140366483451,0.026833939875227253,0.026787671770030882,4.853854242093348,1997,1993,2000,2000,254,218,6899.633805257076,0.9985,0.9965,0.8728092138207311,0.8906171600602107,1288466,1258998,1506092,1448874,165031,142924,4116161.609899067,0.8555028510874502,0.8689492668099503,0.8719166823183537,0.8864779769308608,1997,1993,1745,1782,1743,254,1,2,1775,218,0,7,0.872,0.8875,0.8728092138207311,0.8906171600602107,0.9988538681948425,0.9960718294051627,1997,1993,6899.633805257076,82900.0,0.8555028510874502,0.8689492668099503,0.8719166823183537,0.8864779769308608
830,0.0,82585.0,4000,2277.6908831761784,2281.185457093446,2272.8400886974778,2276.412645762812,3.494573917267644,3.572557065334422,0.9781716158368828,0.026751443389581322,0.026844844531183944,0.02679814396038263,4.7728113306338855,1995,1993,2000,2000,220,210,6901.110385144867,0.9975,0.9965,0.8897243107769424,0.8946312092323131,1290461,1260991,1508092,1450874,165251,143134,4123062.720284212,0.8556911647300032,0.8691250928750532,0.8719442121846379,0.8864908631385949,1995,1993,1779,1789,1775,220,1,4,1783,210,1,6,0.888,0.892,0.8897243107769424,0.8946312092323131,0.9977515458122541,0.9966461710452766,1995,1993,6901.110385144867,83000.0,0.8556911647300032,0.8691250928750532,0.8719442121846379,0.8864908631385949
831,0.0,82684.5,4000,2281.205292551161,2284.5903540562917,2276.4323381336985,2279.950899430918,3.3850615051305795,3.5185612972195486,0.9620584151270964,0.026760225009604035,0.026855118528957563,0.026807671769280797,4.6394546253736735,1997,1996,2000,2000,240,232,6902.569543160384,0.9985,0.998,0.8798197295943916,0.8837675350701403,1292458,1262987,1510092,1452874,165491,143366,4129965.2898273724,0.8558803039814793,0.869302499735008,0.8719563807876155,0.8864865592440777,1997,1996,1760,1767,1757,240,0,3,1764,232,1,3,0.8785,0.8825,0.8798197295943916,0.8837675350701403,0.9982954545454545,0.99830220713073,1997,1996,6902.569543160384,83100.0,0.8558803039814793,0.869302499735008,0.8719563807876155,0.8864865592440777
832,0.0,82784.0,4000,2284.614189727191,2288.1123179952333,2279.9730517200683,2283.575389577544,3.4981282680423647,3.6023378574755043,0.9710716780168507,0.026770392574964386,0.0268664043257572,0.02681839845036079,4.5369284176895235,1998,1993,2000,2000,230,189,6904.028798405905,0.999,0.9965,0.8848848848848849,0.9051680883090818,1294456,1264980,1512092,1454874,165721,143555,4136869.3186257784,0.8560696042304304,0.8694773568020323,0.8719763360052408,0.8865159923477051,1998,1993,1770,1808,1768,230,0,2,1804,189,3,4,0.884,0.9035,0.8848848848848849,0.9051680883090818,0.9988700564971752,0.9977876106194691,1998,1993,6904.028798405905,83200.0,0.8560696042304304,0.8694773568020323,0.8719763360052408,0.8865159923477051
833,0.0,82883.5,4000,2288.130798673759,2291.6322718235333,2283.593266736959,2287.1991797825526,3.5014731497744833,3.605913045593752,0.9710364907587306,0.02678051159742301,0.026877654623145352,0.02682908311028418,4.433092040980682,1997,1995,2000,2000,236,213,6905.486646999574,0.9985,0.9975,0.8818227341011518,0.8932330827067669,1296453,1266975,1514092,1456874,165957,143768,4143774.805272778,0.856257743915165,0.869653106582999,0.8719915029700267,0.8865265691903944,1997,1995,1764,1787,1761,236,0,3,1782,213,0,5,0.8805,0.891,0.8818227341011518,0.8932330827067669,0.9982993197278912,0.9972020145495244,1997,1995,6905.486646999574,83300.0,0.856257743915165,0.869653106582999,0.8719915029700267,0.8865265691903944
834,0.0,82983.0,4000,2291.6513153867577,2295.17493626423,2287.2136639798996,2290.7178472251294,3.52362087747224,3.5041832452297967,1.0055469793906764,0.02679087866314189,0.026887617476625714,0.026839248069883803,4.457089039100538,1994,1996,2000,2000,213,241,6906.938138997719,0.997,0.998,0.8931795386158475,0.8792585170340681,1298447,1268971,1516092,1458874,166170,144009,4150681.7434117757,0.8564434084475084,0.8698290599462325,0.8720240410274736,0.8865151370677502,1994,1996,1787,1759,1781,213,0,6,1755,241,0,4,0.8905,0.8775,0.8931795386158475,0.8792585170340681,0.9966424174594292,0.9977259806708357,1994,1996,6906.938138997719,83400.0,0.8564434084475084,0.8698290599462325,0.8720240410274736,0.8865151370677502
835,0.0,83082.5,4000,2295.200003809724,2298.7401777339874,2290.7406942140456,2294.3364430980105,3.5401739242633994,3.595748883964916,0.9845442600429216,0.026801491281147196,0.026898753214652283,0.02685012224789974,4.403734635976889,1996,1997,2000,2000,199,222,6908.387276093889,0.998,0.9985,0.9003006012024048,0.8888332498748122,1300443,1270968,1518092,1460874,166369,144231,4157590.1306878696,0.856629901218108,0.8700052160555941,0.8720674416333511,0.8865187793870499,1996,1997,1800,1778,1797,199,1,3,1775,222,0,3,0.899,0.8875,0.9003006012024048,0.8888332498748123,0.9983333333333333,0.9983127109111362,1996,1997,6908.387276093889,83500.0,0.856629901218108,0.8700052160555941,0.8720674416333511,0.8865187793870499
836,0.0,83182.0,4000,2298.7598631007545,2302.165278678424,2294.357580281737,2297.9199137910873,3.4054155776693733,3.5623335093505375,0.9559508026777166,0.026810402188040997,0.0269094421545041,0.026859922171272546,4.245364887336564,1995,1997,2000,2000,249,226,6909.830302717355,0.9975,0.9985,0.8751879699248121,0.8868302453680521,1302438,1272965,1520092,1462874,166618,144457,4164499.960990587,0.856815245393042,0.8701808904936447,0.8720722214800244,0.8865192680081542,1995,1997,1751,1772,1746,249,0,5,1771,226,2,1,0.873,0.8865,0.8751879699248121,0.8868302453680521,0.9971444888635066,0.9994356659142212,1995,1997,6909.830302717355,83600.0,0.856815245393042,0.8701808904936447,0.8720722214800244,0.8865192680081542
837,0.0,83281.5,4000,2302.183020355134,2305.6546503691916,2297.9409888207397,2301.5086124962586,3.4716300140576095,3.5676236755189166,0.9730931089733436,0.026820059672771745,0.026920168014596343,0.026870113843684044,4.146037872932993,1998,1993,2000,2000,240,228,6911.25847943783,0.999,0.9965,0.8798798798798799,0.8855995985950827,1304436,1274958,1522092,1464874,166858,144685,4171411.2194700246,0.8570020734620509,0.8703533546229915,0.8720841804427354,0.8865178303912756,1998,1993,1759,1772,1758,240,1,1,1765,228,0,7,0.8795,0.8825,0.8798798798798799,0.8855995985950827,0.9994314951677089,0.9960496613995485,1998,1993,6911.25847943783,83700.0,0.8570020734620509,0.8703533546229915,0.8720841804427354,0.8865178303912756
838,0.0,83381.0,4000,2305.6749010671447,2309.1574095663136,2301.5245964871724,2305.109726417256,3.4825084991689437,3.58512993008344,0.9713758126160555,0.026829853864058676,0.026931016428910635,0.026880435146484655,4.047683149057775,1997,1992,2000,2000,234,223,6912.6803535744775,0.9985,0.996,0.8828242363545318,0.8880522088353413,1306433,1276950,1524092,1466874,167092,144908,4178323.899823599,0.857187755069904,0.8705246667402926,0.8721005975813532,0.8865202239711814,1997,1992,1765,1775,1763,234,1,2,1769,223,2,6,0.882,0.8855,0.8828242363545318,0.8880522088353414,0.9988668555240793,0.9966197183098592,1997,1992,6912.6803535744775,83800.0,0.857187755069904,0.8705246667402926,0.8721005975813532,0.8865202239711814
839,0.0,83480.5,4000,2309.1736117952532,2312.663509553139,2305.1333140243687,2308.7153076604077,3.489897757885956,3.5819936360389875,0.9742892122346503,0.026839664526757363,0.026941892228675362,0.026890778377716362,3.948201892731504,1996,1992,2000,2000,226,213,6914.120186319037,0.998,0.996,0.8867735470941884,0.8930722891566265,1308429,1278942,1526092,1468874,167318,145121,4185238.020009918,0.8573722947240402,0.8706955123448301,0.872122981071193,0.886530429057768,1996,1992,1773,1786,1770,226,1,3,1779,213,1,7,0.8855,0.89,0.8867735470941884,0.8930722891566265,0.9983079526226735,0.996080627099664,1996,1992,6914.120186319037,83900.0,0.8573722947240402,0.8706955123448301,0.872122981071193,0.886530429057768
840,0.0,83580.0,4000,2312.6849354464207,2316.1865608826142,2308.729686662908,2312.339494824963,3.5016254361935353,3.609808162054833,0.9700308933315404,0.026849653632433544,0.026952963632743073,0.026901308632588307,3.8470660576513183,1997,1994,2000,2000,229,209,6915.547414055483,0.9985,0.997,0.885327991987982,0.89518555667001,1310426,1280936,1528092,1470874,167547,145330,4192153.5674239737,0.8575570057300215,0.8708672530753824,0.8721431046087302,0.886543902271464,1997,1994,1771,1790,1768,229,0,3,1785,209,1,5,0.884,0.893,0.885327991987982,0.89518555667001,0.9983060417843026,0.9972067039106145,1997,1994,6915.547414055483,84000.0,0.8575570057300215,0.8708672530753824,0.8721431046087302,0.886543902271464
841,0.0,83679.5,4000,2316.2024740960132,2319.63621182574,2312.355611553786,2315.983822878301,3.433737729726545,3.6282113245151777,0.9463995954495237,0.026858746207699683,0.02696424819505061,0.026911497201375145,3.6523889474387943,1991,1997,2000,2000,227,210,6916.960810922868,0.9955,0.9985,0.88598694123556,0.8948422633950927,1312417,1282933,1530092,1472874,167774,145540,4199070.528234896,0.8577373125276128,0.8710405642302057,0.8721641063777748,0.8865568194130169,1991,1997,1772,1789,1764,227,1,8,1787,210,1,2,0.8825,0.894,0.88598694123556,0.8948422633950927,0.9954853273137697,0.9988820570150923,1991,1997,6916.960810922868,84100.0,0.8577373125276128,0.8710405642302057,0.8721641063777748,0.8865568194130169
842,0.0,83779.0,4000,2319.652643066245,2323.109097382492,2316.006623719032,2319.5785575418454,3.456454316246891,3.5719338228132074,0.9676703118549475,0.026868093130929877,0.02697491695804395,0.026921505044486913,3.5305398406467248,1994,1998,2000,2000,224,196,6918.379281443994,0.997,0.999,0.8876629889669007,0.9019019019019019,1314411,1284931,1532092,1474874,167998,145736,4205988.90751634,0.8579191066854993,0.8712140833725457,0.8721876186367886,0.886580680207731,1994,1998,1775,1804,1770,224,1,5,1802,196,0,2,0.8855,0.901,0.8876629889669007,0.9019019019019019,0.9971830985915493,0.9988913525498891,1994,1998,6918.379281443994,84200.0,0.8579191066854993,0.8712140833725457,0.8721876186367886,0.886580680207731
843,0.0,83878.5,4000,2323.1276623905196,2326.53623258443,2319.595784221339,2323.1788864849377,3.4085701939102364,3.583102263598903,0.9512902348722347,0.026876875169943457,0.02698562677117904,0.026931250970561246,3.3573460994921334,1995,1994,2000,2000,246,219,6919.797379099261,0.9975,0.997,0.8766917293233083,0.8901705115346038,1316406,1286925,1534092,1476874,168244,145955,4212908.704895439,0.8581010786836774,0.8713844241282601,0.8721944445710518,0.8865862423995182,1995,1994,1754,1781,1749,246,0,5,1775,219,0,6,0.8745,0.8875,0.8766917293233083,0.8901705115346038,0.9971493728620296,0.9966311061201573,1995,1994,6919.797379099261,84300.0,0.8581010786836774,0.8713844241282601,0.8721944445710518,0.8865862423995182
844,0.0,83978.0,4000,2326.549399227331,2330.0900910500054,2323.1953856013115,2326.800248190218,3.5406918226744892,3.604862588906599,0.9821988315367179,0.02688713785890769,0.026996560408953475,0.026941849133930582,3.2898428597873135,1997,1993,2000,2000,202,213,6921.213528482391,0.9985,0.9965,0.8988482724086129,0.8931259407927747,1318403,1288918,1536092,1478874,168446,146168,4219829.918423921,0.8582838788301742,0.8715536279628961,0.8722348174268414,0.8865963544616492,1997,1993,1798,1786,1795,202,0,3,1780,213,1,6,0.8975,0.8905,0.8988482724086129,0.8931259407927747,0.9983314794215795,0.9966405375139977,1997,1993,6921.213528482391,84400.0,0.8582838788301742,0.8715536279628961,0.8722348174268414,0.8865963544616492
845,0.0,84077.5,4000,2330.1045674841125,2333.522857871625,2326.8168150201627,2330.3520222984266,3.4182903875125703,3.535207278263897,0.9669278541402123,0.02689594322027726,0.02700664464643647,0.026951293933356865,3.170835573198474,1997,1997,2000,2000,247,229,6922.625247076396,0.9985,0.9985,0.8763144717075614,0.885327991987982,1320400,1290915,1538092,1480874,168693,146397,4226752.543670997,0.8584662035821005,0.8717250758673594,0.8722409875795214,0.8865943923496125,1997,1997,1753,1771,1750,247,0,3,1768,229,0,3,0.875,0.884,0.8763144717075614,0.885327991987982,0.9982886480319453,0.9983060417843026,1997,1997,6922.625247076396,84500.0,0.8584662035821005,0.8717250758673594,0.8722409875795214,0.8865943923496125
846,0.0,84177.0,4000,2333.5405718037305,2337.022226528735,2330.3718872046043,2333.992536236051,3.4816547250043186,3.6206490314466464,0.9616106655919665,0.026905515020928347,0.027017753978268395,0.02696163449959837,3.029690292683881,1997,1996,2000,2000,233,207,6924.023339130333,0.9985,0.998,0.8833249874812218,0.8962925851703407,1322397,1292911,1540092,1482874,168926,146604,4233676.567010127,0.858648054791532,0.8718953869310542,0.8722577259325301,0.8866093644496799,1997,1996,1767,1791,1764,233,0,3,1789,207,2,2,0.882,0.8955,0.8833249874812218,0.8962925851703407,0.99830220713073,0.9988833054159687,1997,1996,6924.023339130333,84600.0,0.858648054791532,0.8718953869310542,0.8722577259325301,0.8866093644496799
847,0.0,84276.5,4000,2337.0387385056392,2340.4858232839765,2334.0144399535916,2337.5410992690317,3.4470847783372847,3.526659315440156,0.9774362846009865,0.026914641883421252,0.02702775147100929,0.026971196677215273,2.944724014944768,1998,1997,2000,2000,248,239,6925.420070263742,0.999,0.9985,0.8758758758758759,0.8803204807210816,1324395,1294908,1542092,1484874,169174,146843,4240601.987080391,0.8588300827706777,0.8720659126632967,0.872263184321898,0.8865996657677611,1998,1997,1752,1761,1750,248,0,2,1758,239,0,3,0.875,0.879,0.8758758758758759,0.8803204807210816,0.9988584474885844,0.9982964224872232,1998,1997,6925.420070263742,84700.0,0.8588300827706777,0.8720659126632967,0.872263184321898,0.8865996657677611
848,0.0,84376.0,4000,2340.4960488110487,2343.982101611856,2337.5549272398143,2341.1431637308974,3.4860528008071014,3.58823649108308,0.9715225876193195,0.026924132616198814,0.027038356297834347,0.02698124445701658,2.838937880958383,1998,1995,2000,2000,233,212,6926.809810835224,0.999,0.9975,0.8833833833833834,0.893734335839599,1326393,1296903,1544092,1486874,169407,147055,4247528.7968912255,0.8590116392028454,0.8722346345419989,0.8722799351323476,0.8866106408883316,1998,1995,1766,1786,1765,233,1,1,1783,212,2,3,0.883,0.8925,0.8833833833833834,0.893734335839599,0.9994337485843715,0.9983202687569989,1998,1995,6926.809810835224,84800.0,0.8590116392028454,0.8722346345419989,0.8722799351323476,0.8866106408883316
849,0.0,84475.5,4000,2343.9959635798523,2347.4691635643585,2341.163387339844,2344.6481767548826,3.473199984506209,3.484789415038449,0.9966742809530394,0.026933492435879412,0.027047793016258394,0.0269906427260689,2.820986809475926,1995,1996,2000,2000,233,227,6928.213645473258,0.9975,0.998,0.8832080200501253,0.8862725450901804,1328388,1298899,1546092,1488874,169640,147282,4254457.010536699,0.8591907855418695,0.8724035747820165,0.8722963471515852,0.8866101213412282,1995,1996,1766,1773,1762,233,1,4,1769,227,0,4,0.8815,0.8845,0.8832080200501253,0.8862725450901804,0.9977349943374858,0.9977439368302312,1995,1996,6928.213645473258,84900.0,0.8591907855418695,0.8724035747820165,0.8722963471515852,0.8866101213412282
850,0.0,84575.0,4000,2347.486901411092,2350.9425263182125,2344.667148509712,2348.252226473215,3.4556249071206366,3.585077963502954,0.9638911461061144,0.026942669065411953,0.02705837266821965,0.0270005208668158,2.6902998449972984,1998,1996,2000,2000,234,204,6929.5992629941675,0.999,0.998,0.8828828828828829,0.8977955911823647,1330386,1300895,1548092,1490874,169874,147486,4261386.609799692,0.8593714068672921,0.8725720617570633,0.8723122462202699,0.8866272835240354,1998,1996,1765,1794,1764,234,1,1,1792,204,2,2,0.8825,0.897,0.8828828828828829,0.8977955911823647,0.9994334277620397,0.9988851727982163,1998,1996,6929.5992629941675,85000.0,0.8593714068672921,0.8725720617570633,0.8723122462202699,0.8866272835240354
851,0.0,84674.5,4000,2350.957342564492,2354.4219366333864,2348.268866215705,2351.7670204480614,3.4645940688942574,3.498154232356228,0.9904063225253034,0.026951895192422914,0.027067878622485508,0.027009886907454213,2.6549161853249643,1996,1997,2000,2000,206,227,6930.985443387154,0.998,0.9985,0.8967935871743486,0.886329494241362,1332382,1302892,1550092,1492874,170080,147713,4268317.59524308,0.8595502718548318,0.8727407671377491,0.8723489209551014,0.8866268270892752,1996,1997,1792,1773,1790,206,2,2,1770,227,0,3,0.896,0.885,0.8967935871743486,0.8863294942413621,0.9988839285714286,0.9983079526226735,1996,1997,6930.985443387154,85100.0,0.8595502718548318,0.8727407671377491,0.8723489209551014,0.8866268270892752
852,0.0,84774.0,4000,2354.436109260954,2357.908403168273,2351.7838994143735,2355.3452703671064,3.472293907318999,3.5613709527328865,0.9749879901318529,0.026961182481338924,0.027078107050382178,0.02701964476586055,2.5631328011663754,1996,1997,2000,2000,228,220,6932.374074603811,0.998,0.9985,0.8857715430861723,0.8898347521281923,1334378,1304889,1552092,1494874,170308,147933,4275249.969317683,0.8597286758774608,0.8729090210947544,0.8723689988893701,0.8866317364925292,1996,1997,1772,1780,1768,228,0,4,1777,220,0,3,0.884,0.8885,0.8857715430861723,0.8898347521281923,0.9977426636568849,0.998314606741573,1996,1997,6932.374074603811,85200.0,0.8597286758774608,0.8729090210947544,0.8723689988893701,0.8866317364925292
853,0.0,84873.5,4000,2357.9263953879936,2361.4378249956626,2355.361580200026,2358.9913112576733,3.5114296076690152,3.6297310576474047,0.9674076541486063,0.026970951573710038,0.02708910623192413,0.027030028902817083,2.446513737989335,1994,1997,2000,2000,230,200,6933.751980649438,0.997,0.9985,0.8846539618856569,0.899849774661993,1336372,1306886,1554092,1496874,170538,148133,4282183.721298332,0.8599053337897627,0.8730768254375452,0.8723873292765787,0.8866519344456977,1994,1997,1770,1800,1764,230,0,6,1797,200,0,3,0.882,0.8985,0.8846539618856569,0.899849774661993,0.9966101694915255,0.9983333333333333,1994,1997,6933.751980649438,85300.0,0.8599053337897627,0.8730768254375452,0.8723873292765787,0.8866519344456977
854,0.0,84973.0,4000,2361.4551146918207,2364.927213189902,2359.011204902565,2362.5670091935544,3.4720984980813228,3.555804290989272,0.976459392571164,0.02698022900973894,0.02709925596626475,0.027039742488001846,2.3602039963475363,1997,1998,2000,2000,239,226,6935.141644692134,0.9985,0.999,0.8803204807210816,0.8868868868868869,1338369,1308884,1556092,1498874,170777,148359,4289118.862943024,0.8600834655020397,0.8732448491334162,0.8723991664481171,0.8866522930985481,1997,1998,1761,1774,1758,239,0,3,1772,226,0,2,0.879,0.886,0.8803204807210816,0.8868868868868869,0.9982964224872232,0.9988726042841037,1997,1998,6935.141644692134,85400.0,0.8600834655020397,0.8732448491334162,0.8723991664481171,0.8866522930985481
855,0.0,85072.5,4000,2364.946453194425,2368.480912872311,2362.584499321835,2366.14829383619,3.534459677885934,3.5637945143548677,0.9917686509840077,0.02699023692531128,0.027109447300136202,0.02704984211272374,2.332619036120832,1998,1992,2000,2000,213,219,6936.523029565939,0.999,0.996,0.8933933933933934,0.8900602409638554,1340367,1310876,1558092,1500874,170990,148578,4296055.38597259,0.8602617817176392,0.8734084273563271,0.8724304612095046,0.886657471797485,1998,1992,1786,1781,1785,213,1,1,1773,219,0,8,0.893,0.8865,0.8933933933933934,0.8900602409638554,0.9994400895856663,0.9955081414935429,1998,1992,6936.523029565939,85500.0,0.8602617817176392,0.8734084273563271,0.8724304612095046,0.886657471797485
856,0.0,85172.0,4000,2368.498720536836,2372.002121675768,2366.1659512085225,2369.7326884440927,3.5034011389320767,3.5667372355701445,0.9822425672386422,0.026999841891560416,0.027119651153849858,0.02705974652270514,2.269433231675521,1998,1991,2000,2000,235,223,6937.901419870241,0.999,0.9955,0.8823823823823824,0.8879959819186338,1342365,1312867,1560092,1502874,171225,148801,4302993.287392461,0.8604396407391359,0.8735709048130449,0.8724452738264183,0.8866595016860047,1998,1991,1765,1775,1763,235,0,2,1768,223,2,7,0.8815,0.885,0.8823823823823824,0.8879959819186338,0.9988668555240793,0.9960563380281691,1998,1991,6937.901419870241,85600.0,0.8604396407391359,0.8735709048130449,0.8724452738264183,0.8866595016860047
857,0.0,85271.5,4000,2372.0192771598577,2375.520158543535,2369.7486025578846,2373.3022878681104,3.5008813836775516,3.5536853102257737,0.9851410797697032,0.027009387430400687,0.027129658555350825,0.027069522992875756,2.2178706754248196,1996,1998,2000,2000,236,221,6939.278186165221,0.998,0.999,0.8817635270541082,0.8893893893893894,1344361,1314865,1562092,1504874,171461,149022,4309932.565578626,0.8606157639882926,0.8737376019520571,0.87245910882568,0.8866636498804059,1996,1998,1763,1779,1760,236,1,3,1777,221,0,2,0.8805,0.8885,0.8817635270541082,0.8893893893893894,0.998298355076574,0.9988757729061271,1996,1998,6939.278186165221,85700.0,0.8606157639882926,0.8737376019520571,0.87245910882568,0.8866636498804059
858,0.0,85371.0,4000,2375.5341365500885,2379.0172557897895,2373.320627104049,2376.896109045121,3.4831192397009545,3.575481941072212,0.9741677617469493,0.027018666667034882,0.027139924934389003,0.027079295800711944,2.1211467446682946,1997,1995,2000,2000,226,199,6940.6406265669275,0.9985,0.9975,0.8868302453680521,0.9002506265664161,1346358,1316860,1564092,1506874,171687,149221,4316873.206205192,0.8607920761694325,0.8739018657167089,0.8724804249686933,0.8866842337074556,1997,1995,1773,1800,1771,226,1,2,1796,199,1,4,0.886,0.8985,0.8868302453680521,0.9002506265664161,0.9988719684151156,0.9977777777777778,1997,1995,6940.6406265669275,85800.0,0.8607920761694325,0.8739018657167089,0.8724804249686933,0.8866842337074556
859,0.0,85470.5,4000,2379.034724110738,2382.5167875947095,2376.9093045351133,2380.430358442219,3.482063483971615,3.521053907105852,0.9889264907147401,0.02702795264070446,0.027149473908820422,0.027088713274762442,2.086429152490382,1998,1995,2000,2000,241,215,6941.986146067622,0.999,0.9975,0.8793793793793794,0.8922305764411027,1348356,1318855,1566092,1508874,171928,149436,4323815.192351259,0.8609685765587207,0.8740656940208393,0.8724906478704437,0.8866926235257098,1998,1995,1759,1783,1757,241,0,2,1780,215,2,3,0.8785,0.891,0.8793793793793794,0.8922305764411027,0.9988629903354178,0.9983174425126192,1998,1995,6941.986146067622,85900.0,0.8609685765587207,0.8740656940208393,0.8724906478704437,0.8866926235257098
860,0.0,85570.0,4000,2382.5326012882365,2386.0433089975077,2380.4499777292403,2384.079425394302,3.5107077092711734,3.6294476650614342,0.9672842904077937,0.027037530851619897,0.02716033576418322,0.027098933307901557,1.9638836032058862,1996,1996,2000,2000,222,215,6943.341440110738,0.998,0.998,0.8887775551102204,0.8922845691382766,1350352,1320851,1568092,1510874,172150,149651,4330758.53379137,0.8611433512829605,0.8742297504623152,0.872514722087278,0.8867010737774359,1996,1996,1778,1785,1774,222,0,4,1781,215,0,4,0.887,0.8905,0.8887775551102205,0.8922845691382766,0.9977502812148481,0.9977591036414566,1996,1996,6943.341440110738,86000.0,0.8611433512829605,0.8742297504623152,0.872514722087278,0.8867010737774359
861,0.0,85669.5,4000,2386.060892167992,2389.4653764676923,2384.0930608640197,2387.642876981808,3.4044842997004707,3.549816117788396,0.9590593390571257,0.02704587364354815,0.02717017801750596,0.027108025830527058,1.8224994858842365,1998,1997,2000,2000,246,230,6944.701725433768,0.999,0.9985,0.8768768768768769,0.8848272408612919,1352350,1322848,1570092,1512874,172396,149881,4337703.235516803,0.8613189545580768,0.8743940341363524,0.8725211668576922,0.8866982449986696,1998,1997,1754,1769,1752,246,0,2,1767,230,1,2,0.876,0.884,0.8768768768768769,0.8848272408612919,0.9988597491448119,0.9988694177501414,1998,1997,6944.701725433768,86100.0,0.8613189545580768,0.8743940341363524,0.8725211668576922,0.8866982449986696
862,0.0,85769.0,4000,2389.4811280930626,2392.9166262851363,2387.661839567007,2391.2088968598373,3.4354981920737373,3.5470572928302317,0.9685488303270454,0.02705453562096218,0.027180027229527757,0.027117281425244968,1.7077294252990214,1997,1997,2000,2000,237,222,6946.059721447716,0.9985,0.9985,0.8813219829744617,0.8888332498748122,1354347,1324845,1572092,1514874,172633,150103,4344649.295238251,0.8614934749365813,0.8745578840220375,0.872534143760794,0.8867014631900335,1997,1997,1763,1777,1760,237,0,3,1775,222,1,2,0.88,0.888,0.8813219829744617,0.8888332498748123,0.998298355076574,0.9988745075970737,1997,1997,6946.059721447716,86200.0,0.8614934749365813,0.8745578840220375,0.872534143760794,0.8867014631900335
863,0.0,85868.5,4000,2392.935126164168,2396.4007598527614,2391.2239773972306,2394.850126140119,3.4656336885932433,3.62614874288829,0.9557340126739551,0.027063558564247567,0.02719072510388846,0.027127141834068013,1.5506337126425933,1997,1995,2000,2000,209,212,6947.405544137329,0.9985,0.9975,0.8953430145217827,0.893734335839599,1356344,1326840,1574092,1516874,172842,150315,4351596.700782388,0.8616675518330568,0.8747199833341464,0.8725677261815586,0.8867120376232251,1997,1995,1791,1788,1788,209,0,3,1783,212,0,5,0.894,0.8915,0.8953430145217827,0.893734335839599,0.998324958123953,0.9972035794183445,1997,1995,6947.405544137329,86300.0,0.8616675518330568,0.8747199833341464,0.8725677261815586,0.8867120376232251
864,0.0,85968.0,4000,2396.4192943389608,2399.864358350357,2394.8670633829697,2398.462409871635,3.4450640113964255,3.5953464886652,0.958200836068913,0.027072322946668528,0.02720106319672558,0.027136693071697054,1.401948478722261,1996,1999,2000,2000,246,213,6948.752884662348,0.998,0.9995,0.8767535070140281,0.8934467233616809,1358340,1328839,1576092,1518874,173088,150528,4358545.453667051,0.8618405524550597,0.8748842892827187,0.8725738769380273,0.8867221687503151,1996,1999,1753,1787,1750,246,1,3,1786,213,0,1,0.8755,0.893,0.8767535070140281,0.8934467233616809,0.9982886480319453,0.9994404029099049,1996,1999,6948.752884662348,86400.0,0.8618405524550597,0.8748842892827187,0.8725738769380273,0.8867221687503151
865,0.0,86067.5,4000,2399.882487525468,2403.3574818343936,2398.4809487731295,2402.0641253674744,3.4749943089254884,3.5831765943448772,0.9698082741469882,0.027081408393944476,0.027211255210322884,0.02714633180213368,1.2933564669192492,1997,1996,2000,2000,228,216,6950.09258545992,0.9985,0.998,0.885828743114672,0.8917835671342685,1360337,1330835,1578092,1520874,173316,150744,4365495.546252511,0.8620137482478841,0.8750461905456994,0.8725933353279371,0.8867297598875894,1997,1996,1772,1782,1769,228,0,3,1780,216,2,2,0.8845,0.891,0.885828743114672,0.8917835671342685,0.9983069977426636,0.9988776655443322,1997,1996,6950.09258545992,86500.0,0.8620137482478841,0.8750461905456994,0.8725933353279371,0.8867297598875894
866,0.0,86167.0,4000,2403.377048986729,2406.855620376445,2402.082910520383,2405.665774661803,3.4785713897163077,3.582864141420032,0.9708912346136606,0.02709053076926384,0.027221422921330927,0.027155976845297386,1.1898457146421606,1996,1997,2000,2000,244,210,6951.4283620113465,0.998,0.9985,0.8777555110220441,0.8948422633950927,1362333,1332832,1580092,1522874,173560,150954,4372446.974614522,0.8621858727213352,0.8752083232099307,0.8726008986055538,0.886741914960025,1996,1997,1756,1789,1752,244,0,4,1787,210,1,2,0.876,0.894,0.8777555110220441,0.8948422633950927,0.9977220956719818,0.9988820570150923,1996,1997,6951.4283620113465,86600.0,0.8621858727213352,0.8752083232099307,0.8726008986055538,0.886741914960025
867,0.0,86266.5,4000,2406.874227763024,2410.302317858196,2405.6913807218234,2409.298593161281,3.428090095172138,3.607212439457726,0.950343278281521,0.02709903877854671,0.02723192668381472,0.027165482731180714,1.0037246969150146,1995,1997,2000,2000,253,209,6952.75892360928,0.9975,0.9985,0.8731829573934837,0.8953430145217827,1364328,1334829,1582092,1524874,173813,151163,4379399.733538132,0.8623569299383348,0.8753700305730179,0.8726017497258723,0.886754782822369,1995,1997,1747,1791,1742,253,0,5,1788,209,0,3,0.871,0.894,0.8731829573934837,0.8953430145217827,0.9971379507727532,0.998324958123953,1995,1997,6952.75892360928,86700.0,0.8623569299383348,0.8753700305730179,0.8726017497258723,0.886754782822369
868,0.0,86366.0,4000,2410.3183126129115,2413.7707268237737,2409.317465583819,2412.859247060019,3.4524142108621163,3.541781476199958,0.9747677077373713,0.0271077773164237,0.02724157485467136,0.02717467608554753,0.911479763754869,1996,1998,2000,2000,236,234,6954.095970937196,0.998,0.999,0.8817635270541082,0.8828828828828829,1366324,1336827,1584092,1526874,174049,151397,4386353.829509069,0.8625281864942188,0.875531969239112,0.8726151337457294,0.8867489959433794,1996,1998,1764,1766,1760,236,0,4,1764,234,0,2,0.88,0.882,0.8817635270541082,0.8828828828828829,0.9977324263038548,0.9988674971687429,1996,1998,6954.095970937196,86800.0,0.8625281864942188,0.875531969239112,0.8726151337457294,0.8867489959433794
869,0.0,86465.5,4000,2413.7875815395887,2417.2479357952625,2412.8757311226245,2416.4378087396994,3.460354255673792,3.5620776170749195,0.9714426881341626,0.027116597008481774,0.027251406893730203,0.02718400195110599,0.8101270555630435,1997,1995,2000,2000,230,213,6955.428980677468,0.9985,0.9975,0.8848272408612919,0.8932330827067669,1368321,1338822,1586092,1528874,174279,151610,4393309.258489747,0.8626996416349114,0.8756915219959264,0.872632956740414,0.8867586579844072,1997,1995,1769,1787,1767,230,1,2,1782,213,0,5,0.884,0.891,0.8848272408612919,0.8932330827067669,0.9988694177501414,0.9972020145495244,1997,1995,6955.428980677468,86900.0,0.8626996416349114,0.8756915219959264,0.872632956740414,0.8867586579844072
870,0.0,86565.0,4000,2417.262948542771,2420.7195848405067,2416.4582479710084,2419.992492782863,3.456636297735713,3.534244811854478,0.9780409908621914,0.027125332518187474,0.027260941874808254,0.027193137196497866,0.7270920576438584,1997,1997,2000,2000,232,231,6956.757927082132,0.9985,0.9985,0.8838257386079119,0.8843264897346019,1370318,1340819,1588092,1530874,174511,151841,4400266.016416829,0.8628706649236946,0.8758519643027447,0.8726492682720361,0.88675503554171,1997,1997,1767,1769,1765,232,1,2,1766,231,0,3,0.883,0.883,0.8838257386079119,0.8843264897346019,0.9988681380871534,0.998304126625212,1997,1997,6956.757927082132,87000.0,0.8628706649236946,0.8758519643027447,0.8726492682720361,0.88675503554171
871,0.0,86664.5,4000,2420.7409428191763,2424.2344842882703,2420.0086697934607,2423.6096279041276,3.493541469093998,3.600958110666852,0.970169983023501,0.02713454452962197,0.027271171965896474,0.027202858247759223,0.6248563841427313,1998,1997,2000,2000,246,211,6958.072848740253,0.999,0.9985,0.8768768768768769,0.8943415122684026,1372316,1342816,1590092,1532874,174757,152052,4407224.089265569,0.8630418868845324,0.8760119879389956,0.8726554233864503,0.8867663179467626,1998,1997,1754,1788,1752,246,0,2,1786,211,1,2,0.876,0.8935,0.8768768768768769,0.8943415122684026,0.9988597491448119,0.9988814317673378,1998,1997,6958.072848740253,87100.0,0.8630418868845324,0.8760119879389956,0.8726554233864503,0.8867663179467626
872,0.0,86764.0,4000,2424.253903713436,2427.723068360416,2423.6262035008785,2427.1827442833433,3.4691646469800617,3.556540782464708,0.9754322694919038,0.0271434336307594,0.027280873791385305,0.027212153711072353,0.5403240770729099,1996,1997,2000,2000,241,213,6959.384188899429,0.998,0.9985,0.8792585170340681,0.8933400100150225,1374312,1344813,1592092,1534874,174998,152265,4414183.473454469,0.8632114224554862,0.8761715945413109,0.8726650134758337,0.8867760796482484,1996,1997,1759,1787,1755,241,0,4,1784,213,0,3,0.8775,0.892,0.8792585170340681,0.8933400100150225,0.9977259806708357,0.9983212087297146,1996,1997,6959.384188899429,87200.0,0.8632114224554862,0.8761715945413109,0.8726650134758337,0.8867760796482484
873,0.0,86863.5,4000,2427.743146449467,2431.209207299697,2427.2039446546764,2430.7191207985225,3.466060850229951,3.51517614384602,0.9860276436780973,0.02715227435900917,0.02729013254437546,0.027221203451692315,0.49008650117457364,1997,1992,2000,2000,249,223,6960.688726731841,0.9985,0.996,0.8753129694541812,0.8880522088353413,1376309,1346805,1594092,1536874,175247,152488,4421144.1621812,0.8633811599330528,0.8763275323806636,0.8726688556130927,0.8867779671147642,1997,1992,1751,1775,1748,249,0,3,1769,223,2,6,0.874,0.8855,0.8753129694541812,0.8880522088353414,0.9982866933181039,0.9966197183098592,1997,1992,6960.688726731841,87300.0,0.8633811599330528,0.8763275323806636,0.8726688556130927,0.8867779671147642
874,0.0,86963.0,4000,2431.227889975888,2434.746538739653,2430.7360845127837,2434.237445213689,3.5186487637647588,3.5013607009054795,1.0049375269605352,0.027161680583311858,0.027299163564521105,0.02723042207391648,0.5090935259636353,1997,2000,2000,2000,222,243,6961.991342016392,0.9985,1.0,0.8888332498748122,0.8785000000000001,1378306,1348805,1596092,1538874,175469,152731,4428106.153523217,0.8635504720279282,0.8764882634965566,0.8726922758806825,0.886765692594556,1997,2000,1778,1757,1775,222,0,3,1757,243,0,0,0.8875,0.8785,0.8888332498748123,0.8785,0.9983127109111362,1.0,1997,2000,6961.991342016392,87400.0,0.8635504720279282,0.8764882634965566,0.8726922758806825,0.886765692594556
875,0.0,87062.5,4000,2434.766260356143,2438.2056809227684,2434.254238105627,2437.7989170588194,3.4394205666253583,3.544678953192488,0.9703052411919197,0.027170171716166536,0.02730866705582028,0.027239419385993408,0.40676386394898145,1999,1995,2000,2000,265,211,6963.298836757245,0.9995,0.9975,0.8674337168584292,0.894235588972431,1380305,1350800,1598092,1540874,175734,152942,4435069.452359974,0.8637206118296068,0.8766453324541786,0.8726846602743596,0.8867767249037607,1999,1995,1735,1788,1734,265,0,1,1784,211,1,4,0.867,0.8925,0.8674337168584292,0.894235588972431,0.9994236311239193,0.9977628635346756,1999,1995,6963.298836757245,87500.0,0.8637206118296068,0.8766453324541786,0.8726846602743596,0.8867767249037607
876,0.0,87162.0,4000,2438.225523543032,2441.6491167814142,2437.8167749898403,2441.419487498477,3.423593238382182,3.602712508636614,0.9502821083211502,0.02717846416693171,0.027318823491140776,0.027248643829036245,0.22962928293736695,1995,1999,2000,2000,239,229,6964.604328679793,0.9975,0.9995,0.8802005012531329,0.8854427213606804,1382300,1352799,1600092,1542874,175973,153171,4442034.056688654,0.8638878264499791,0.8768045867647002,0.8726955074875208,0.8867747536773756,1995,1999,1759,1771,1756,239,2,3,1770,229,0,1,0.879,0.885,0.8802005012531329,0.8854427213606804,0.9982944855031268,0.9994353472614342,1995,1999,6964.604328679793,87600.0,0.8638878264499791,0.8768045867647002,0.8726955074875208,0.8867747536773756
877,0.0,87261.5,4000,2441.670418641603,2445.1399836653986,2441.4372793154807,2445.044035004047,3.4695650237954396,3.606755688566409,0.9619628617469516,0.027187278539420778,0.027329002113221236,0.027258140326321005,0.0959486613514855,1996,1999,2000,2000,238,218,6965.913869278721,0.998,0.9995,0.8807615230460922,0.8909454727363681,1384296,1354798,1602092,1544874,176211,153389,4448999.970557933,0.8640552477635491,0.8769634287326993,0.8727071377797813,0.886780907559651,1996,1999,1762,1782,1758,238,0,4,1781,218,0,1,0.879,0.8905,0.8807615230460922,0.8909454727363681,0.9977298524404086,0.999438832772166,1996,1999,6965.913869278721,87700.0,0.8640552477635491,0.8769634287326993,0.8727071377797813,0.886780907559651
878,0.0,87361.0,4000,2445.1600747266466,2448.608935978855,2445.0571219042026,2448.617621998158,3.4488612522081894,3.5605000939553975,0.9686451793845658,0.02719582323713734,0.027338577133526346,0.027267200185331842,-0.008686019303240755,1998,1997,2000,2000,228,213,6967.214855183067,0.999,0.9985,0.8858858858858859,0.8933400100150225,1386294,1356795,1604092,1546874,176439,153602,4455967.185413116,0.8642234984028347,0.8771205670274372,0.8727261316863523,0.8867905615807842,1998,1997,1772,1787,1770,228,0,2,1784,213,0,3,0.885,0.892,0.8858858858858859,0.8933400100150225,0.9988713318284425,0.9983212087297146,1998,1997,6967.214855183067,87800.0,0.8642234984028347,0.8771205670274372,0.8727261316863523,0.8867905615807842
879,0.0,87460.5,4000,2448.627789616947,2452.1040655630272,2448.635502700867,2452.215655309726,3.4762759460800225,3.5801526088589526,0.9709854092471111,0.027204646300396255,0.027348408482766567,0.02727652739158141,-0.11158974669888266,1996,1995,2000,2000,231,213,6968.511156762106,0.998,0.9975,0.8842685370741483,0.8932330827067669,1388290,1358790,1606092,1548874,176670,153815,4462935.696569878,0.8643900847523056,0.8772760082485729,0.8727427266637374,0.886800020606569,1996,1995,1766,1786,1765,231,3,1,1782,213,1,4,0.884,0.8915,0.8842685370741483,0.8932330827067669,0.9994337485843715,0.9977603583426652,1996,1995,6968.511156762106,87900.0,0.8643900847523056,0.8772760082485729,0.8727427266637374,0.886800020606569
880,0.0,87560.0,4000,2452.121199650518,2455.5657475730404,2452.2300506282722,2455.794427284206,3.4445479225223608,3.5643766559337564,0.9663815738407129,0.027213069225168682,0.027357998609200695,0.02728553391718469,-0.22867971116556873,1998,1996,2000,2000,238,222,6969.803649084055,0.999,0.998,0.8808808808808809,0.8887775551102204,1390288,1360786,1608092,1550874,176908,154037,4469905.500218961,0.864557500441517,0.8774316933548438,0.8727544221053479,0.8868029212528642,1998,1996,1762,1777,1760,238,0,2,1774,222,1,3,0.88,0.8875,0.8808808808808809,0.8887775551102205,0.9988649262202043,0.9983117613956106,1998,1996,6969.803649084055,88000.0,0.864557500441517,0.8774316933548438,0.8727544221053479,0.8868029212528642
881,0.0,87659.5,4000,2455.582926931123,2459.079235435022,2455.8092525887037,2459.3222711841477,3.4963085038989448,3.5130185954440094,0.995243380844401,0.027222061063301082,0.027366988893412065,0.027294524978356573,-0.24303574912573822,2000,1997,2000,2000,224,221,6971.098919659059,1.0,0.9985,0.888,0.8893340010015023,1392288,1362783,1610092,1552874,177132,154258,4476876.59913862,0.8647257423799385,0.8775876214039259,0.8727763221402468,0.8868066302558808,2000,1997,1776,1779,1776,224,0,0,1776,221,0,3,0.888,0.888,0.888,0.8893340010015023,1.0,0.9983136593591906,2000,1997,6971.098919659059,88100.0,0.8647257423799385,0.8775876214039259,0.8727763221402468,0.8868066302558808
882,0.0,87759.0,4000,2459.095840985906,2462.580694929666,2459.3427341202,2462.925046398612,3.4848539437602994,3.5823122784117913,0.9727945731479614,0.02723089613573095,0.027376808352880578,0.027303852244305763,-0.3443514689456606,1996,1993,2000,2000,226,209,6972.395089892848,0.998,0.9965,0.8867735470941884,0.8951329653788259,1394284,1364776,1612092,1554874,177358,154467,4483848.994228513,0.8648910856204236,0.8777405757636954,0.8727963599955246,0.8868187893104802,1996,1993,1774,1790,1770,226,0,4,1784,209,1,6,0.885,0.8925,0.8867735470941884,0.8951329653788259,0.9977452085682075,0.9966480446927374,1996,1993,6972.395089892848,88200.0,0.8648910856204236,0.8777405757636954,0.8727963599955246,0.8868187893104802
883,0.0,87858.5,4000,2462.5939302130805,2466.0983664532428,2462.9443669840216,2466.497250688444,3.5044362401622493,3.552883704422584,0.9863639037213552,0.027239894798358394,0.027386259354630797,0.027313077076494593,-0.3988842352014217,1997,1999,2000,2000,237,217,6973.670810494165,0.9985,0.9995,0.8813219829744617,0.8914457228614308,1396281,1366775,1614092,1556874,177595,154684,4490822.665039008,0.8650566386550457,0.8778969910217526,0.8728085535791148,0.8868255565107643,1997,1999,1762,1783,1760,237,1,2,1782,217,0,1,0.8805,0.891,0.8813219829744617,0.8914457228614308,0.9988649262202043,0.9994391475042064,1997,1999,6973.670810494165,88300.0,0.8650566386550457,0.8778969910217526,0.8728085535791148,0.8868255565107643
884,0.0,87958.0,4000,2466.120654994368,2469.613243330073,2466.5154923242994,2470.0649467545163,3.4925883357050225,3.5494544302168833,0.9839789196819224,0.027248841488369646,0.027395637976017777,0.027322239732193714,-0.451703424443167,1997,1998,2000,2000,224,213,6974.957198725575,0.9985,0.999,0.8878317476214321,0.8933933933933934,1398278,1368773,1616092,1558874,177819,154897,4497797.622237734,0.8652217819282566,0.8780523634366857,0.8728300094830928,0.8868351435921077,1997,1998,1776,1787,1773,224,0,3,1785,213,0,2,0.8865,0.8925,0.8878317476214321,0.8933933933933934,0.9983108108108109,0.9988808058198098,1997,1998,6974.957198725575,88400.0,0.8652217819282566,0.8780523634366857,0.8728300094830928,0.8868351435921077
885,0.0,88057.5,4000,2469.6306144077716,2473.1491659959192,2470.0800544921453,2473.6005655481827,3.518551588147602,3.5205110560373214,0.9994434137946083,0.027258005765397997,0.027404632947724723,0.02733131935656136,-0.45139955226341044,1997,1996,2000,2000,228,227,6976.230788241263,0.9985,0.998,0.885828743114672,0.8862725450901804,1400275,1370769,1618092,1560874,178047,155124,4504773.853025975,0.8653865169594807,0.8782060563504805,0.8728485476067201,0.8868343243828829,1997,1996,1771,1772,1769,228,1,2,1769,227,1,3,0.885,0.885,0.885828743114672,0.8862725450901804,0.9988706945228685,0.9983069977426636,1997,1996,6976.230788241263,88500.0,0.8653865169594807,0.8782060563504805,0.8728485476067201,0.8868343243828829
886,0.0,88157.0,4000,2473.166491401795,2476.6068475532375,2473.6189202633313,2477.145538270259,3.440356151442302,3.5266180069274924,0.9755397790983479,0.027266266273081725,0.027413713189567878,0.0273399897313248,-0.5386907170213817,2000,1996,2000,2000,251,210,6977.49780911516,1.0,0.998,0.8745,0.8947895791583167,1402275,1372765,1620092,1562874,178298,155334,4511751.35083509,0.8655526970073304,0.8783593559045707,0.8728509029969157,0.8868458913215299,2000,1996,1749,1789,1749,251,0,0,1786,210,1,3,0.8745,0.8935,0.8745,0.8947895791583166,1.0,0.9983230855226384,2000,1996,6977.49780911516,88600.0,0.8655526970073304,0.8783593559045707,0.8728509029969157,0.8868458913215299
887,0.0,88256.5,4000,2476.6228558069374,2480.0893976663688,2477.159431685638,2480.708216207282,3.466541859431345,3.548784521643938,0.9768251180901525,0.02727478852207635,0.027422972565194333,0.02734888054363534,-0.618818540913253,1998,1997,2000,2000,219,221,6978.759321366697,0.999,0.9985,0.8903903903903904,0.8893340010015023,1404273,1374762,1622092,1564874,178517,155555,4518730.110156456,0.8657172342875743,0.8785129026362506,0.8728758581842704,0.8868495055871489,1998,1997,1780,1779,1779,219,1,1,1776,221,0,3,0.89,0.888,0.8903903903903904,0.8893340010015023,0.999438202247191,0.9983136593591906,1998,1997,6978.759321366697,88700.0,0.8657172342875743,0.8785129026362506,0.8728758581842704,0.8868495055871489
888,0.0,88356.0,4000,2480.103886975917,2483.5981820654392,2480.726673210189,2484.316689513861,3.4942950895224385,3.5900163036722006,0.9733368302389463,0.027283587007964447,0.027432726799992303,0.027358156903978373,-0.7185074484218603,1998,1998,2000,2000,233,225,6980.033732061346,0.999,0.999,0.8833833833833834,0.8873873873873874,1406271,1376760,1624092,1566874,178750,155780,4525710.143888517,0.8658813663265381,0.878666695599008,0.8728907870531355,0.8868502861791452,1998,1998,1766,1775,1765,233,1,1,1773,225,0,2,0.883,0.8865,0.8833833833833834,0.8873873873873874,0.9994337485843715,0.9988732394366198,1998,1998,6980.033732061346,88800.0,0.8658813663265381,0.878666695599008,0.8728907870531355,0.8868502861791452
889,0.0,88455.5,4000,2483.6171796280305,2487.1079530548664,2484.336100315775,2487.925791958871,3.490773426835858,3.589691643095648,0.9724438124232627,0.02729237679748785,0.02744246616742774,0.027367421482457795,-0.8178389040044749,1995,1999,2000,2000,223,203,6981.3003528819,0.9975,0.9995,0.8882205513784461,0.8984492246123061,1408266,1378759,1626092,1568874,178973,155983,4532691.444241399,0.8660432497054287,0.878820733851157,0.8729125037457413,0.8868671029527277,1995,1999,1776,1797,1772,223,1,4,1796,203,0,1,0.8865,0.898,0.8882205513784461,0.8984492246123061,0.9977477477477478,0.9994435169727324,1995,1999,6981.3003528819,88900.0,0.8660432497054287,0.878820733851157,0.8729125037457413,0.8868671029527277
890,0.0,88555.0,4000,2487.1254291177634,2490.505046212225,2487.939538832015,2491.497523424219,3.379617094461537,3.5579845922038658,0.9498683894997293,0.027299880791618297,0.027451763749996336,0.027375822270807315,-0.9924772119939007,1993,1993,2000,2000,249,220,6982.568408052919,0.9965,0.9965,0.875062719518314,0.8896136477671851,1410259,1380752,1628092,1570874,179222,156203,4539674.012649452,0.866203506927127,0.8789705603377482,0.8729155424641857,0.8868710673603949,1993,1993,1749,1779,1744,249,2,5,1773,220,1,6,0.873,0.887,0.875062719518314,0.8896136477671851,0.9971412235563178,0.9966273187183811,1993,1993,6982.568408052919,89000.0,0.866203506927127,0.8789705603377482,0.8729155424641857,0.8868710673603949
891,0.0,88654.5,4000,2490.516976983045,2494.0685549729815,2491.512201026595,2495.0923118931987,3.5515779899365043,3.580110866603718,0.992030169530956,0.02730923568142295,0.027461299239266598,0.027385267460344774,-1.023756920217238,1997,1997,2000,2000,213,224,6983.830324274304,0.9985,0.9985,0.8933400100150225,0.8878317476214321,1412256,1382749,1630092,1572874,179435,156427,4546657.842973727,0.8663658247509957,0.8791225489136447,0.8729444236738948,0.8868724547983763,1997,1997,1787,1776,1784,213,0,3,1773,224,0,3,0.892,0.8865,0.8933400100150225,0.8878317476214321,0.9983212087297146,0.9983108108108109,1997,1997,6983.830324274304,89100.0,0.8663658247509957,0.8791225489136447,0.8729444236738948,0.8868724547983763
892,0.0,88754.0,4000,2494.0896228868137,2497.6104579955736,2495.1111611144615,2498.7339980973757,3.5208351087599112,3.622836982914123,0.9718447518794611,0.027318327379342793,0.02747133910787927,0.02739483324361103,-1.1235401018020639,1999,1996,2000,2000,225,201,6985.097295681435,0.9995,0.998,0.8874437218609305,0.8992985971943888,1414255,1384745,1632092,1574874,179660,156628,4553642.940269408,0.8665289701806026,0.8792735164844934,0.8729649179249852,0.8868903660962849,1999,1996,1774,1799,1774,225,1,0,1795,201,0,4,0.8875,0.8975,0.8874437218609305,0.8992985971943888,1.0,0.9977765425236242,1999,1996,6985.097295681435,89200.0,0.8665289701806026,0.8792735164844934,0.8729649179249852,0.8868903660962849
893,0.0,88853.5,4000,2497.6290186595097,2501.1400401376677,2498.75330170591,2502.3201147374953,3.511021478158,3.5668130315852977,0.9843581502777843,0.027327260743331146,0.027480734211231247,0.027403997477281197,-1.1800745998275488,1999,1995,2000,2000,217,225,6986.355057741625,0.9995,0.9975,0.8914457228614308,0.887218045112782,1416254,1386740,1634092,1576874,179877,156853,4560629.295327149,0.8666917162558779,0.8794234669352149,0.8729910030262933,0.8868908375037858,1999,1995,1782,1773,1782,217,1,0,1770,225,2,3,0.8915,0.886,0.8914457228614308,0.8872180451127819,1.0,0.9983079526226735,1999,1995,6986.355057741625,89300.0,0.8666917162558779,0.8794234669352149,0.8729910030262933,0.8868908375037858
894,0.0,88953.0,4000,2501.1598455335848,2504.64450593475,2502.3345176577395,2505.946603471563,3.4846604011654563,3.6120858138233416,0.9647224846734725,0.027335893178708656,0.027490559885872685,0.02741322653229067,-1.3020975368126528,1998,1989,2000,2000,247,209,6987.604626622312,0.999,0.9945,0.8763763763763763,0.8949220713926597,1418252,1388729,1636092,1578874,180124,157062,4567616.899953771,0.8668534532287915,0.8795692373172274,0.872995772260501,0.8869023401974035,1998,1989,1753,1787,1751,247,0,2,1780,209,4,7,0.8755,0.892,0.8763763763763763,0.8949220713926597,0.9988590986879635,0.996082820369334,1998,1989,6987.604626622312,89400.0,0.8668534532287915,0.8795692373172274,0.872995772260501,0.8869023401974035
895,0.0,89052.5,4000,2504.6593916331058,2508.1882542157937,2505.9655449157904,2509.541255484872,3.528862582687907,3.5757105690818207,0.9868982722485999,0.027344945234163098,0.02750000788614891,0.027422476560156006,-1.3530012690785043,1997,1997,2000,2000,223,228,6988.855472086405,0.9985,0.9985,0.8883324987481221,0.885828743114672,1420249,1390726,1638092,1580874,180347,157290,4574605.755425857,0.8670141847954815,0.8797196993561789,0.8730173371007478,0.8869007985757079,1997,1997,1777,1772,1774,223,0,3,1769,228,0,3,0.887,0.8845,0.8883324987481221,0.885828743114672,0.9983117613956106,0.9983069977426636,1997,1997,6988.855472086405,89500.0,0.8670141847954815,0.8797196993561789,0.8730173371007478,0.8869007985757079
896,0.0,89152.0,4000,2508.2031079599747,2511.7308797855494,2509.5587822026187,2513.128914920985,3.527771825574746,3.5701327183664944,0.9881346448063896,0.027353964553876706,0.027509356754982593,0.02743166065442965,-1.398035135435748,1996,1997,2000,2000,217,216,6990.087545847085,0.998,0.9985,0.8912825651302605,0.8918377566349525,1422245,1392723,1640092,1582874,180564,157506,4581595.842971705,0.8671739146340571,0.8798697811702005,0.8730429707961709,0.8869078775894417,1996,1997,1783,1784,1779,217,0,4,1781,216,0,3,0.8895,0.8905,0.8912825651302605,0.8918377566349525,0.9977565900168256,0.9983183856502242,1996,1997,6990.087545847085,89600.0,0.8671739146340571,0.8798697811702005,0.8730429707961709,0.8869078775894417
897,0.0,89251.5,4000,2511.7501976628864,2515.2598465426818,2513.1512903098887,2516.775287812742,3.50964887979535,3.623997502853399,0.9684468262000689,0.027362811491465834,0.02751933933264434,0.027441075412055087,-1.5154412700603643,1998,1996,2000,2000,241,216,6991.325633945354,0.999,0.998,0.8793793793793794,0.8917835671342685,1424243,1394719,1642092,1584874,180805,157722,4588587.16860565,0.8673344733425411,0.8800188532337586,0.8730518598300993,0.8869148552504125,1998,1996,1759,1784,1757,241,0,2,1780,216,0,4,0.8785,0.89,0.8793793793793794,0.8917835671342685,0.9988629903354178,0.9977578475336323,1998,1996,6991.325633945354,89700.0,0.8673344733425411,0.8800188532337586,0.8730518598300993,0.8869148552504125
898,0.0,89351.0,4000,2515.2741589081115,2518.789228548901,2516.7975824510627,2520.3910675139578,3.515069640789534,3.59348506289507,0.9781784477372055,0.02737164334956241,0.027528958995984554,0.027450301172773483,-1.601838965056686,1996,1998,2000,2000,229,224,6992.5657426430025,0.998,0.999,0.8852705410821643,0.8878878878878879,1426239,1396717,1644092,1586874,181034,157946,4595579.734348292,0.8674934249421565,0.8801688098740038,0.8730689596904866,0.8869162471710447,1996,1998,1771,1775,1767,229,0,4,1774,224,1,1,0.8835,0.8875,0.8852705410821643,0.8878878878878879,0.9977413890457368,0.9994366197183099,1996,1998,6992.5657426430025,89800.0,0.8674934249421565,0.8801688098740038,0.8730689596904866,0.8869162471710447
899,0.0,89450.5,4000,2518.8038783984402,2522.306859046877,2520.4036369909127,2524.0528264329578,3.5029806484367327,3.649189442045099,0.9599338987656318,0.027380324841920805,0.027539068706990133,0.02745969677445547,-1.7459673860807925,1996,1996,2000,2000,227,197,6993.805517352836,0.998,0.998,0.8862725450901804,0.9013026052104208,1428235,1398713,1646092,1588874,181261,158143,4602573.539865646,0.8676519902897286,0.8803171302444373,0.8730874120855461,0.8869367768798888,1996,1996,1772,1802,1769,227,1,3,1799,197,1,3,0.885,0.9,0.8862725450901804,0.9013026052104208,0.9983069977426636,0.9983351831298557,1996,1996,6993.805517352836,89900.0,0.8676519902897286,0.8803171302444373,0.8730874120855461,0.8869367768798888
900,0.0,89550.0,4000,2522.3255997414017,2525.7944032111373,2524.0733923162115,2527.598109097558,3.468803469735576,3.524716781346342,0.9841367930874126,0.02738865274947712,0.027547861771366814,0.027468257260421965,-1.8037058864206301,2000,1993,2000,2000,246,242,6995.042758838923,1.0,0.9965,0.877,0.8785750125439037,1430235,1400706,1648092,1590874,181507,158385,4609568.582624485,0.8678125978404119,0.8804631919309763,0.8730928833373537,0.8869248793108618,2000,1993,1754,1757,1754,246,0,0,1751,242,1,6,0.877,0.876,0.877,0.8785750125439037,1.0,0.9965850882185544,2000,1993,6995.042758838923,90000.0,0.8678125978404119,0.8804631919309763,0.8730928833373537,0.8869248793108618
901,0.0,89649.5,4000,2525.806678981746,2529.2316984986073,2527.619019016219,2531.2524226700216,3.425019516861539,3.633403653802361,0.9426476778260661,0.027396404469926867,0.027557845427252797,0.02747712494858983,-2.0207241714142583,1998,1997,2000,2000,258,196,6996.272009830829,0.999,0.9985,0.8708708708708709,0.9018527791687532,1432233,1402703,1650092,1592874,181765,158581,4616564.854634316,0.8679716040075341,0.8806113980139044,0.8730897835757171,0.8869461318611281,1998,1997,1742,1803,1740,258,0,2,1801,196,1,2,0.87,0.901,0.8708708708708709,0.9018527791687532,0.9988518943742825,0.9988907376594565,1998,1997,6996.272009830829,90100.0,0.8679716040075341,0.8806113980139044,0.8730897835757171,0.8869461318611281
902,0.0,89749.0,4000,2529.247517334862,2532.7051682272895,2531.271241612484,2534.8461416688233,3.4576508924274094,3.5749000563391746,0.9672021141671209,0.027404540049546487,0.027567135166233686,0.027485837607890085,-2.140973441533788,1998,1997,2000,2000,233,217,6997.496049165071,0.999,0.9985,0.8833833833833834,0.8913370055082623,1434231,1404700,1652092,1594874,181998,158798,4623562.3506834805,0.8681302251932701,0.8807592323907719,0.8731041233943486,0.8869523741724211,1998,1997,1766,1783,1765,233,1,1,1780,217,0,3,0.883,0.89,0.8833833833833834,0.8913370055082624,0.9994337485843715,0.9983174425126192,1998,1997,6997.496049165071,90200.0,0.8681302251932701,0.8807592323907719,0.8731041233943486,0.8869523741724211
903,0.0,89848.5,4000,2532.7217865435114,2536.158161471625,2534.8645682248853,2538.507801372029,3.4363749281137643,3.6432331471437465,0.9432212513788318,0.02741243084953963,0.02757715671868753,0.027494793784113583,-2.349639900403872,1995,1997,2000,2000,244,187,6998.713479361835,0.9975,0.9985,0.8776942355889724,0.9063595393089634,1436226,1406697,1654092,1596874,182242,158985,4630561.064162842,0.8682866491102067,0.8809066964582052,0.87311049932253,0.8869799253144067,1995,1997,1756,1812,1751,244,0,5,1810,187,1,2,0.8755,0.9055,0.8776942355889724,0.9063595393089634,0.9971526195899773,0.9988962472406181,1995,1997,6998.713479361835,90300.0,0.8682866491102067,0.8809066964582052,0.87311049932253,0.8869799253144067
904,0.0,89948.0,4000,2536.174087842617,2539.708776117882,2538.5270472124757,2542.132796846098,3.5346882752646707,3.605749633622054,0.9802922095048512,0.02742138407477528,0.027586750521809214,0.027504067298292245,-2.4240207282159645,1998,1999,2000,2000,224,202,6999.934889223148,0.999,0.9995,0.8878878878878879,0.8989494747373686,1438224,1408696,1656092,1598874,182466,159187,4637560.999052065,0.8684445067061491,0.8810550424861496,0.8731310282681974,0.8869969106180468,1998,1999,1775,1798,1774,224,1,1,1797,202,0,1,0.8875,0.8985,0.8878878878878879,0.8989494747373686,0.9994366197183099,0.9994438264738599,1998,1999,6999.934889223148,90400.0,0.8684445067061491,0.8810550424861496,0.8731310282681974,0.8869969106180468
905,0.0,90047.5,4000,2539.723670348986,2543.2061407912906,2542.1525118380746,2545.7535822405443,3.482470442304475,3.601070402469759,0.9670653592098774,0.02742972911638778,0.027596276602939222,0.027513002859663502,-2.5474414492537107,1998,1996,2000,2000,245,209,7001.152287325935,0.999,0.998,0.8773773773773774,0.8952905811623246,1440222,1410692,1658092,1600874,182711,159396,4644562.151339391,0.8686019834846317,0.8812011438751582,0.8731369191694058,0.8870086454023982,1998,1996,1755,1791,1753,245,0,2,1787,209,0,4,0.8765,0.8935,0.8773773773773774,0.8952905811623246,0.9988603988603989,0.9977666108319375,1998,1996,7001.152287325935,90500.0,0.8686019834846317,0.8812011438751582,0.8731369191694058,0.8870086454023982
906,0.0,90147.0,4000,2543.22470928174,2546.7210595792226,2545.769790477354,2549.349710942394,3.4963502974824223,3.579920465039777,0.976655859152886,0.0274382494902983,0.02760550950626765,0.027521879498282976,-2.6286513631712296,1995,1999,2000,2000,239,221,7002.358533763837,0.9975,0.9995,0.8802005012531329,0.8894447223611806,1442217,1412691,1660092,1602874,182950,159617,4651564.5098731555,0.8687572736932652,0.8813487523036745,0.873146690130542,0.8870120925241259,1995,1999,1761,1779,1756,239,0,5,1778,221,0,1,0.878,0.889,0.8802005012531329,0.8894447223611806,0.997160704145372,0.9994378864530635,1995,1999,7002.358533763837,90600.0,0.8687572736932652,0.8813487523036745,0.873146690130542,0.8870120925241259
907,0.0,90246.5,4000,2546.7370582981102,2550.1687964683074,2549.368007418762,2552.980459282897,3.43173817019715,3.6124518641349823,0.9499747814685123,0.027446010371666052,0.02761510374430377,0.027530557057984913,-2.8116628145894538,1997,1998,2000,2000,242,215,7003.5591231527,0.9985,0.999,0.8788182273410116,0.8923923923923924,1444214,1414689,1662092,1604874,183192,159832,4658568.068996308,0.8689133934824306,0.8814953697299601,0.8731545325000312,0.8870196912536961,1997,1998,1758,1785,1755,242,0,3,1783,215,0,2,0.8775,0.8915,0.8788182273410116,0.8923923923923924,0.9982935153583617,0.9988795518207283,1997,1998,7003.5591231527,90700.0,0.8689133934824306,0.8814953697299601,0.8731545325000312,0.8870196912536961
908,0.0,90346.0,4000,2550.1834536850088,2553.720500565014,2552.9945660297403,2556.5819060387303,3.537046880005164,3.5873400089899405,0.9859803841122556,0.02745489917188125,0.027624354144980018,0.027539626658430634,-2.8614054737163315,1998,1995,2000,2000,236,209,7004.763625385387,0.999,0.9975,0.8818818818818819,0.8952380952380953,1446212,1416684,1664092,1606874,183428,160041,4665572.832621694,0.8690697389327032,0.8816397552017147,0.8731665896839468,0.8870312645586453,1998,1995,1764,1791,1762,236,0,2,1786,209,0,5,0.881,0.893,0.8818818818818819,0.8952380952380953,0.9988662131519275,0.9972082635399219,1998,1995,7004.763625385387,90800.0,0.8690697389327032,0.8816397552017147,0.8731665896839468,0.8870312645586453
909,0.0,90445.5,4000,2553.7358058214218,2557.262169017426,2556.596981098862,2560.190081850707,3.5263631960042403,3.5931007518447586,0.9814261941287746,0.02746365801165269,0.02763365821975976,0.027548658115706226,-2.9279128332809705,1998,1994,2000,2000,203,220,7005.964919307962,0.999,0.997,0.8983983983983984,0.8896690070210632,1448210,1418678,1666092,1608874,183631,160261,4672578.797541002,0.8692257090244716,0.881783160148029,0.8732014003493969,0.8870349719950545,1998,1994,1796,1780,1795,203,1,1,1774,220,0,6,0.898,0.887,0.8983983983983984,0.8896690070210632,0.9994432071269488,0.996629213483146,1998,1994,7005.964919307962,90900.0,0.8692257090244716,0.881783160148029,0.8732014003493969,0.8870349719950545
910,0.0,90545.0,4000,2557.2726097424284,2560.71718496767,2560.2059529938233,2563.7836160218876,3.444575225241806,3.5776630280643076,0.9628003526943373,0.027471445375928282,0.0276427809488719,0.02755711316240009,-3.066431054217446,1996,1994,2000,2000,231,207,7007.170664479962,0.998,0.997,0.8842685370741483,0.8961885656970913,1450206,1420672,1668092,1610874,183862,160468,4679585.968205482,0.8693801061332349,0.8819262090020696,0.8732166326714963,0.8870478196233895,1996,1994,1767,1792,1765,231,2,2,1787,207,1,5,0.8835,0.894,0.8842685370741483,0.8961885656970913,0.9988681380871534,0.9972098214285714,1996,1994,7007.170664479962,91000.0,0.8693801061332349,0.8819262090020696,0.8732166326714963,0.8870478196233895
911,0.0,90644.5,4000,2560.7312107984562,2564.253244761156,2563.8021615717403,2567.4382722269092,3.5220339626998793,3.6361106551689772,0.9686267269377706,0.027480105257990776,0.027652554583450763,0.02756632992072077,-3.185027465753137,1998,1997,2000,2000,223,196,7008.374631238435,0.999,0.9985,0.8883883883883884,0.9018527791687532,1452204,1422669,1670092,1612874,184085,160664,4686594.34283672,0.8695353309877539,0.8820707631222278,0.873237506576211,0.8870686013401571,1998,1997,1777,1803,1775,223,0,2,1801,196,1,2,0.8875,0.901,0.8883883883883884,0.9018527791687532,0.9988745075970737,0.9988907376594565,1998,1997,7008.374631238435,91100.0,0.8695353309877539,0.8820707631222278,0.873237506576211,0.8870686013401571
912,0.0,90744.0,4000,2564.266792570849,2567.726338670135,2567.456644966114,2571.0325712064696,3.459546099286399,3.575926240355784,0.9674545465295151,0.02748805573368354,0.02766164497293777,0.027574850353310656,-3.3062325363343916,2000,1997,2000,2000,233,226,7009.578941213941,1.0,0.9985,0.8835,0.8868302453680521,1454204,1424666,1672092,1614874,184318,160890,4693603.921777934,0.8696913806178129,0.8822149591856702,0.873251620817987,0.8870682672289505,2000,1997,1767,1773,1767,233,0,0,1771,226,1,2,0.8835,0.886,0.8835,0.8868302453680521,1.0,0.9988719684151156,2000,1997,7009.578941213941,91200.0,0.8696913806178129,0.8822149591856702,0.873251620817987,0.8870682672289505
913,0.0,90843.5,4000,2567.7423519842987,2571.2253052506867,2571.0505316609497,2574.628564820659,3.4829532663879945,3.578033159709321,0.9734267713357216,0.027496272174068897,0.027670734010362696,0.027583503092215796,-3.403259569972306,1997,2000,2000,2000,243,219,7010.772020389912,0.9985,1.0,0.8783174762143214,0.8905,1456201,1426666,1674092,1616874,184561,161109,4700614.693798324,0.8698452653737071,0.8823606539532456,0.873258568013619,0.8870730780715318,1997,2000,1756,1781,1754,243,1,2,1781,219,0,0,0.8775,0.8905,0.8783174762143214,0.8905,0.9988610478359908,1.0,1997,2000,7010.772020389912,91300.0,0.8698452653737071,0.8823606539532456,0.873258568013619,0.8870730780715318
914,0.0,90943.0,4000,2571.2386208966577,2574.694901084636,2574.6403267619808,2578.278843845927,3.4562801879783365,3.638517083946226,0.9499145141376549,0.027504149292411812,0.027680397091590616,0.027592273192001214,-3.5839427612909276,1999,1994,2000,2000,228,209,7011.966390795746,0.9995,0.997,0.8859429714857429,0.89518555667001,1458200,1428660,1676092,1618874,184789,161318,4707626.66018912,0.8699999761349616,0.8825022824506417,0.8732759566588946,0.8870844007671524,1999,1994,1772,1791,1771,228,0,1,1785,209,0,6,0.8855,0.8925,0.8859429714857429,0.89518555667001,0.9994356659142212,0.9966499162479062,1999,1994,7011.966390795746,91400.0,0.8699999761349616,0.8825022824506417,0.8732759566588946,0.8870844007671524
915,0.0,91042.5,4000,2574.7113646666953,2578.172521999035,2578.293928145963,2581.962012789683,3.4611573323395532,3.6680846437197943,0.9435870947704204,0.027512096898806977,0.02769039850399058,0.027601247701398778,-3.7894907906479602,1998,1997,2000,2000,227,177,7013.156056191534,0.999,0.9985,0.8863863863863863,0.9113670505758638,1460198,1430657,1678092,1620874,185016,161495,4714639.816245312,0.8701537222035503,0.8826454122899128,0.8732938957593422,0.8871182959996701,1998,1997,1773,1822,1771,227,0,2,1820,177,1,2,0.8855,0.9105,0.8863863863863863,0.9113670505758638,0.9988719684151156,0.9989023051591658,1998,1997,7013.156056191534,91500.0,0.8701537222035503,0.8826454122899128,0.8732938957593422,0.8871182959996701
916,0.0,91142.0,4000,2578.1904631363986,2581.6830272324705,2581.9786885479157,2585.5711660787924,3.492564096071874,3.5924775308767494,0.9721881531767044,0.027520386151465872,0.027699570048081306,0.02760997809977359,-3.888138846321908,2000,1999,2000,2000,245,219,7014.329678761763,1.0,0.9995,0.8775,0.8904452226113057,1462198,1432656,1680092,1622874,185261,161714,4721654.145924074,0.8703082926411173,0.8827894217295982,0.8732996488847612,0.8871229380953977,2000,1999,1755,1781,1755,245,0,0,1780,219,0,1,0.8775,0.89,0.8775,0.8904452226113057,1.0,0.9994385176866929,2000,1999,7014.329678761763,91600.0,0.8703082926411173,0.8827894217295982,0.8732996488847612,0.8871229380953977
917,0.0,91241.5,4000,2581.6995739329186,2585.1689496735817,2585.5902158481094,2589.1592385889808,3.469375740663054,3.5690227408713326,0.9720800321423698,0.02752838924662361,0.02770849170026648,0.027618440473445045,-3.9902889153991055,1996,1997,2000,2000,242,226,7015.508040568756,0.998,0.9985,0.8787575150300602,0.8868302453680521,1464194,1434653,1682092,1624874,185503,161940,4728669.653964642,0.8704601175203259,0.8829318457923506,0.8733070890879214,0.8871225306746648,1996,1997,1758,1774,1754,242,0,4,1771,226,0,3,0.877,0.8855,0.8787575150300602,0.8868302453680521,0.9977246871444824,0.9983089064261556,1996,1997,7015.508040568756,91700.0,0.8704601175203259,0.8829318457923506,0.8733070890879214,0.8871225306746648
918,0.0,91341.0,4000,2585.180219527252,2588.6580517804487,2589.1773911667847,2592.6982429807927,3.4778322531965387,3.520851814007983,0.9877814906494252,0.02753640954272606,0.027716859404207494,0.027626634473466777,-4.0401912003439975,2000,1998,2000,2000,230,257,7016.687004283539,1.0,0.999,0.885,0.8713713713713713,1466194,1436651,1684092,1626874,185733,162197,4735686.340968926,0.8706139569572209,0.8830745343523838,0.873323039106694,0.8871006249952146,2000,1998,1770,1742,1770,230,0,0,1741,257,1,1,0.885,0.871,0.885,0.8713713713713713,1.0,0.9994259471871412,2000,1998,7016.687004283539,91800.0,0.8706139569572209,0.8830745343523838,0.873323039106694,0.8871006249952146
919,0.0,91440.5,4000,2588.6791007972597,2592.144614155674,2592.7202982273,2596.2752976403076,3.4655133584142277,3.5549994130074083,0.9748281098821677,0.02754438474861238,0.027725622937603514,0.027635003843107946,-4.130683484633664,1998,1996,2000,2000,221,244,7017.865054802374,0.999,0.998,0.8893893893893894,0.8777555110220441,1468192,1438647,1686092,1628874,185954,162441,4742704.2060237285,0.8707662452582658,0.8832156446723319,0.8733449031189381,0.8870876594466884,1998,1996,1778,1755,1777,221,1,1,1752,244,1,3,0.889,0.8765,0.8893893893893894,0.8777555110220441,0.999437570303712,0.9982905982905983,1998,1996,7017.865054802374,91900.0,0.8707662452582658,0.8832156446723319,0.8733449031189381,0.8870876594466884
920,0.0,91540.0,4000,2592.162533332283,2595.6460833250717,2596.2914356010588,2599.9058695164917,3.4835499927885394,3.6144339154329828,0.9637885418002546,0.027552504647466034,0.027734949128716817,0.027643726888091427,-4.259786191420062,1997,1998,2000,2000,224,210,7019.0405835544525,0.9985,0.999,0.8878317476214321,0.8948948948948949,1470189,1440645,1688092,1630874,186178,162651,4749723.246607283,0.8709175803214517,0.8833576352311705,0.8733645810164543,0.8870984871359704,1997,1998,1776,1790,1773,224,0,3,1788,210,0,2,0.8865,0.894,0.8878317476214321,0.8948948948948949,0.9983108108108109,0.9988826815642458,1997,1998,7019.0405835544525,92000.0,0.8709175803214517,0.8833576352311705,0.8733645810164543,0.8870984871359704
921,0.0,91639.5,4000,2595.664806430279,2599.148742923438,2599.9190759373005,2603.485891211973,3.4839364931590353,3.5668152746725355,0.9767639266036537,0.027560619838927703,0.027743706205618113,0.027652163022272906,-4.337148288534991,1996,1999,2000,2000,228,221,7020.209980909286,0.998,0.9995,0.8857715430861723,0.8894447223611806,1472185,1442644,1690092,1632874,186406,162872,4756743.456588193,0.8710679655308705,0.8834998903773347,0.8733814024731946,0.8871017381973654,1996,1999,1771,1779,1768,228,1,3,1778,221,0,1,0.8845,0.889,0.8857715430861723,0.8894447223611806,0.9983060417843026,0.9994378864530635,1996,1999,7020.209980909286,92100.0,0.8710679655308705,0.8834998903773347,0.8733814024731946,0.8871017381973654
922,0.0,91739.0,4000,2599.163679730462,2602.6715657459335,2603.504861441439,2607.013524124066,3.5078860154717404,3.508662682626891,0.999778642968731,0.027568936117003656,0.027751876078628213,0.027660406097815934,-4.341958378132404,1997,1998,2000,2000,222,241,7021.3815909522355,0.9985,0.999,0.8888332498748122,0.8793793793793794,1474182,1444642,1692092,1634874,186628,163113,4763764.838179145,0.8712185862234442,0.8836411858039213,0.8734023343115029,0.8870910578537797,1997,1998,1778,1759,1775,222,0,3,1757,241,0,2,0.8875,0.8785,0.8888332498748123,0.8793793793793794,0.9983127109111362,0.9988629903354178,1997,1998,7021.3815909522355,92200.0,0.8712185862234442,0.8836411858039213,0.8734023343115029,0.8870910578537797
923,0.0,91838.5,4000,2602.688886988842,2606.2369965567227,2607.0313436529073,2610.645056863664,3.5481095678806014,3.6137132107569414,0.9818459188512643,0.027577695999984032,0.027761153924042464,0.02766942496201325,-4.408060306941479,1998,1998,2000,2000,203,206,7022.550520344001,0.999,0.999,0.8983983983983984,0.8968968968968969,1476180,1446640,1694092,1636874,186831,163319,4770787.388699489,0.871369441565157,0.8837821359493767,0.8734361663211804,0.8871046010064702,1998,1998,1797,1792,1795,203,0,2,1792,206,2,0,0.8975,0.897,0.8983983983983984,0.8968968968968969,0.9988870339454646,1.0,1998,1998,7022.550520344001,92300.0,0.871369441565157,0.8837821359493767,0.8734361663211804,0.8871046010064702
924,0.0,91938.0,4000,2606.25710109808,2609.741377796119,2610.6709673535493,2614.1999445419574,3.484276698039139,3.5289771884081347,0.987333301412141,0.02758577621253163,0.02776958219553477,0.0276776792040332,-4.458566745838198,1996,1999,2000,2000,220,236,7023.710514099299,0.998,0.9995,0.8897795591182365,0.8819409704852426,1478176,1448639,1696092,1638874,187051,163555,4777811.099213588,0.8715187619539506,0.8839233522528273,0.8734582350139631,0.8870974756305746,1996,1999,1779,1764,1776,220,1,3,1763,236,0,1,0.8885,0.8815,0.8897795591182365,0.8819409704852427,0.9983136593591906,0.9994331065759637,1996,1999,7023.710514099299,92400.0,0.8715187619539506,0.8839233522528273,0.8734582350139631,0.8870974756305746
925,0.0,92037.5,4000,2609.76034492131,2613.375059442717,2614.2145063006456,2617.8481947763407,3.6147145214067677,3.6336884756951804,0.9947783211424632,0.02759523679658941,0.027779001568668065,0.027687119182628738,-4.473135333623759,1998,1999,2000,2000,183,202,7024.87581037261,0.999,0.9995,0.9084084084084084,0.8989494747373686,1480174,1450638,1698092,1640874,187234,163757,4784835.975023961,0.8716689083983671,0.8840642243097276,0.8735054122015384,0.887113807855578,1998,1999,1817,1797,1815,183,0,2,1797,202,1,0,0.9075,0.899,0.9084084084084084,0.8989494747373686,0.9988992845349477,1.0,1998,1999,7024.87581037261,92500.0,0.8716689083983671,0.8840642243097276,0.8735054122015384,0.887113807855578
926,0.0,92137.0,4000,2613.394651979234,2616.8758604303903,2617.8649840930198,2621.374397216759,3.4812084511563626,3.5094131237392503,0.9919631369723619,0.027603241951103606,0.027787082586848966,0.027695162268976288,-4.4985367863687316,1999,1997,2000,2000,235,230,7026.038292326802,0.9995,0.9985,0.8824412206103052,0.8848272408612919,1482173,1452635,1700092,1642874,187469,163987,4791862.013316288,0.8718192897796119,0.8842035359985002,0.8735174638857948,0.8871106644132903,1999,1997,1765,1770,1764,235,0,1,1767,230,0,3,0.882,0.8835,0.8824412206103052,0.8848272408612919,0.9994334277620397,0.9983050847457627,1999,1997,7026.038292326802,92600.0,0.8718192897796119,0.8842035359985002,0.8735174638857948,0.8871106644132903
927,0.0,92236.5,4000,2616.8931713821926,2620.3684624808525,2621.3947946962585,2625.0431606682987,3.475291098659909,3.64836597204021,0.9525609890272286,0.027611141388593916,0.027796684045240064,0.027703912716916988,-4.674698187446211,1998,1998,2000,2000,246,188,7027.196474771209,0.999,0.999,0.8768768768768769,0.9059059059059059,1484171,1454633,1702092,1644874,187715,164175,4798889.209791059,0.8719687302448986,0.884343116858799,0.8735219863479343,0.8871364804730815,1998,1998,1754,1811,1752,246,0,2,1810,188,1,1,0.876,0.9055,0.8768768768768769,0.9059059059059059,0.9988597491448119,0.9994478188845941,1998,1998,7027.196474771209,92700.0,0.8719687302448986,0.884343116858799,0.8735219863479343,0.8871364804730815
928,0.0,92336.0,4000,2620.387793185487,2623.850741622409,2625.056883713385,2628.66184827408,3.462948436921579,3.6049645606949525,0.9606054036364795,0.027618912563191943,0.027805725200426026,0.027712318881808987,-4.811106651671253,1997,1997,2000,2000,244,208,7028.349629585062,0.9985,0.9985,0.8778167250876314,0.8958437656484727,1486168,1456630,1704092,1646874,187959,164383,4805917.559420643,0.8721172331071327,0.8844817514879706,0.8735277572925806,0.8871484179235632,1997,1997,1756,1792,1753,244,0,3,1789,208,0,3,0.8765,0.8945,0.8778167250876314,0.8958437656484727,0.9982915717539863,0.9983258928571429,1997,1997,7028.349629585062,92800.0,0.8721172331071327,0.8844817514879706,0.8735277572925806,0.8871484179235632
929,0.0,92435.5,4000,2623.869446009384,2627.3548905047624,2628.683424680995,2632.298574002229,3.4854444953784878,3.6151493212341848,0.9641218621057078,0.027626902419231065,0.02781494105842502,0.027720921738828043,-4.943683497466736,1998,1997,2000,2000,227,208,7029.499190816404,0.999,0.9985,0.8863863863863863,0.8958437656484727,1488166,1458627,1706092,1648874,188186,164591,4812947.05861146,0.8722659739334104,0.8846200498036842,0.8735450211871525,0.88716032268702,1998,1997,1773,1792,1771,227,0,2,1789,208,0,3,0.8855,0.8945,0.8863863863863863,0.8958437656484727,0.9988719684151156,0.9983258928571429,1998,1997,7029.499190816404,92900.0,0.8722659739334104,0.8846200498036842,0.8735450211871525,0.88716032268702
930,0.0,92535.0,4000,2627.371346130588,2630.872815828191,2632.317482841774,2635.91693831264,3.50146969760317,3.5994554708659052,0.9727776120427563,0.027635023226559082,0.02782393966277522,0.02772948144466715,-5.0441224844489625,1997,1999,2000,2000,238,214,7030.652715645097,0.9985,0.9995,0.8808212318477716,0.8929464732366184,1490163,1460626,1708092,1650874,188424,164805,4819977.711327105,0.8724137809907194,0.8847592245077456,0.8735547721960618,0.8871682415621795,1997,1999,1762,1786,1759,238,0,3,1785,214,0,1,0.8795,0.8925,0.8808212318477716,0.8929464732366184,0.9982973893303064,0.9994400895856663,1997,1999,7030.652715645097,93000.0,0.8724137809907194,0.8847592245077456,0.8735547721960618,0.8871682415621795
931,0.0,92634.5,4000,2630.8870957108097,2634.38968075638,2635.9358482175967,2639.5029300843858,3.502585045570413,3.567081866789067,0.9819188839428821,0.027643115198691552,0.027832571218150817,0.027737843208421185,-5.113249328005622,2000,1996,2000,2000,226,224,7031.800124589746,1.0,0.998,0.887,0.8877755511022044,1492163,1462622,1710092,1652874,188650,165029,4827009.511451694,0.8725629966107087,0.8848962473848582,0.8735727933208369,0.887169070340799,2000,1996,1774,1775,1774,226,0,0,1772,224,1,3,0.887,0.8865,0.887,0.8877755511022044,1.0,0.9983098591549295,2000,1996,7031.800124589746,93100.0,0.8725629966107087,0.8848962473848582,0.8735727933208369,0.887169070340799
932,0.0,92734.0,4000,2634.4018784252153,2637.871354347374,2639.522790726634,2643.0952546935355,3.4694759221588356,3.5724639669015232,0.9711717051041353,0.027650812216622078,0.02784125219977458,0.02774603220819833,-5.223900346161372,1999,1999,2000,2000,220,206,7032.939512667673,0.9995,0.9995,0.8899449724862432,0.8969484742371185,1494162,1464621,1712092,1654874,188870,165235,4834042.450964361,0.8727112795340437,0.8850347518904762,0.8735946972282791,0.8871824178405199,1999,1999,1780,1794,1779,220,0,1,1793,206,0,1,0.8895,0.8965,0.8899449724862432,0.8969484742371185,0.999438202247191,0.9994425863991081,1999,1999,7032.939512667673,93200.0,0.8727112795340437,0.8850347518904762,0.8735946972282791,0.8871824178405199
933,0.0,92833.5,4000,2637.88773691523,2641.3478264502214,2643.1116706955277,2646.6455731096717,3.4600895349913117,3.533902414143995,0.9791129265886753,0.027658436984909163,0.02784946434549975,0.027753950665204457,-5.29774665945024,1998,1997,2000,2000,247,217,7034.072904566655,0.999,0.9985,0.8763763763763763,0.8913370055082623,1496160,1466618,1714092,1656874,189117,165452,4841076.523868928,0.8728586330255319,0.8851717149282323,0.8735984119345525,0.88718807487703,1998,1997,1752,1782,1751,247,1,1,1780,217,1,2,0.876,0.8905,0.8763763763763763,0.8913370055082624,0.9994292237442922,0.9988776655443322,1998,1997,7034.072904566655,93300.0,0.8728586330255319,0.8851717149282323,0.8735984119345525,0.88718807487703
934,0.0,92933.0,4000,2641.361676587021,2644.915134003094,2646.6600684773016,2650.301058264191,3.553457416072888,3.6409897868893495,0.9759591825465558,0.027667017968360786,0.02785878488854011,0.02776290142845045,-5.385924261096989,1999,1997,2000,2000,208,205,7035.211009658534,0.9995,0.9985,0.8959479739869936,0.8973460190285428,1498159,1468615,1716092,1658874,189325,165657,4848111.734878587,0.8730062257734433,0.8853083477105554,0.873628233051365,0.8872018874926376,1999,1997,1792,1795,1791,208,0,1,1792,205,0,3,0.8955,0.896,0.8959479739869936,0.8973460190285428,0.9994419642857143,0.9983286908077994,1999,1997,7035.211009658534,93400.0,0.8730062257734433,0.8853083477105554,0.873628233051365,0.8872018874926376
935,0.0,93032.5,4000,2644.9318393256435,2648.3578665101554,2650.3171755467256,2653.9300035446117,3.426027184511895,3.612827997886143,0.9482951268414814,0.02767424824333646,0.027867801645669165,0.027771024944502815,-5.572137034456318,1999,1998,2000,2000,233,212,7036.345220841292,0.9995,0.999,0.8834417208604302,0.8938938938938938,1500158,1470613,1718092,1660874,189558,165869,4855148.080099428,0.8731534749012276,0.8854452535231451,0.8736413097820364,0.8872109793671075,1999,1998,1767,1788,1766,233,0,1,1786,212,0,2,0.883,0.893,0.8834417208604303,0.8938938938938938,0.9994340690435767,0.9988814317673378,1999,1998,7036.345220841292,93500.0,0.8731534749012276,0.8854452535231451,0.8736413097820364,0.8872109793671075
936,0.0,93132.0,4000,2648.374296297317,2651.8655126438607,2653.9455957074383,2657.538387798468,3.4912163465437516,3.592792091029878,0.9717279091267956,0.027682156590658806,0.027876579467135933,0.02777936802889737,-5.672875154607482,1998,1998,2000,2000,227,206,7037.477909672671,0.999,0.999,0.8863863863863863,0.8968968968968969,1502156,1472611,1720092,1662874,189785,166075,4862185.558009101,0.8732998002432428,0.8855818300123761,0.873658261858289,0.8872241209660936,1998,1998,1772,1794,1771,227,1,1,1792,206,0,2,0.886,0.896,0.8863863863863863,0.8968968968968969,0.9994356659142212,0.9988851727982163,1998,1998,7037.477909672671,93600.0,0.8732998002432428,0.8855818300123761,0.873658261858289,0.8872241209660936
937,0.0,93231.5,4000,2651.8881592647936,2655.363479119311,2657.5581353963544,2661.0861957269203,3.475319854517238,3.5280603305659497,0.985051141106691,0.027689944753053513,0.02788469206032418,0.027787318406688848,-5.722716607609527,1996,1997,2000,2000,232,217,7038.6097866602695,0.998,0.9985,0.8837675350701403,0.8913370055082623,1504152,1474608,1722092,1664874,190017,166292,4869224.1677957615,0.8734446243290138,0.8857174777190346,0.8736716767986215,0.887229690873778,1996,1997,1767,1782,1764,232,1,3,1780,217,1,2,0.8825,0.8905,0.8837675350701403,0.8913370055082624,0.99830220713073,0.9988776655443322,1996,1997,7038.6097866602695,93700.0,0.8734446243290138,0.8857174777190346,0.8736716767986215,0.887229690873778
938,0.0,93331.0,4000,2655.376603929764,2658.919368675737,2661.108188287603,2664.713224422025,3.5427647459732725,3.6050361344223347,0.9827265563708308,0.027698333826413013,0.027893631926945422,0.02779598287667922,-5.793855746288045,2000,1997,2000,2000,202,207,7039.740585785544,1.0,0.9985,0.899,0.8963445167751627,1506152,1476605,1724092,1666874,190219,166499,4876263.908381547,0.8735914324757612,0.885852799911691,0.8737053099554362,0.887242018007524,2000,1997,1798,1793,1798,202,0,0,1790,207,0,3,0.899,0.895,0.899,0.8963445167751627,1.0,0.9983268265476855,2000,1997,7039.740585785544,93800.0,0.8735914324757612,0.885852799911691,0.8737053099554362,0.887242018007524
939,0.0,93430.5,4000,2658.938885210665,2662.457240634743,2664.7323057780422,2668.318193546962,3.5183554240779813,3.585887768919747,0.9811671894956964,0.027706513150974936,0.02790231782611733,0.027804415488546133,-5.860952912219091,1997,1998,2000,2000,237,209,7040.870295438981,0.9985,0.999,0.8813219829744617,0.8953953953953954,1508149,1478603,1726092,1668874,190456,166708,4883304.778676986,0.8737361623830016,0.8859883969670568,0.8737153954947422,0.8872530354665857,1997,1998,1762,1790,1760,237,1,2,1789,209,1,1,0.8805,0.895,0.8813219829744617,0.8953953953953954,0.9988649262202043,0.9994413407821229,1997,1998,7040.870295438981,93900.0,0.8737361623830016,0.8859883969670568,0.8737153954947422,0.8872530354665857
940,0.0,93530.0,4000,2662.4746211404,2666.0020905068586,2668.3377235315493,2671.9179123332424,3.5274693664587176,3.5801888016931116,0.9852746773551544,0.027714749305836832,0.027910929389986145,0.02781283934791149,-5.9158218263837625,1999,1999,2000,2000,223,218,7041.9972658026845,0.9995,0.9995,0.8884442221110556,0.8909454727363681,1510148,1480602,1728092,1670874,190679,166926,4890346.775942788,0.873881714630934,0.886124267898118,0.8737348922092404,0.8872580207240028,1999,1999,1777,1782,1776,223,0,1,1781,218,0,1,0.888,0.8905,0.8884442221110556,0.8909454727363681,0.9994372537985369,0.999438832772166,1999,1999,7041.9972658026845,94000.0,0.873881714630934,0.886124267898118,0.8737348922092404,0.8872580207240028
941,0.0,93629.5,4000,2666.0192577736498,2669.4811988291226,2671.93058168978,2675.517514945038,3.4619410554728347,3.586933255257918,0.9651534637278619,0.027722269320626207,0.02791952141626454,0.027820895368445373,-6.03631611591527,1999,1998,2000,2000,228,232,7043.119207378317,0.9995,0.999,0.8859429714857429,0.8838838838838838,1512147,1482600,1730092,1672874,190907,167158,4897389.895150167,0.8740269303597727,0.8862592161752768,0.8737510308190937,0.8872534736274114,1999,1998,1771,1768,1771,228,1,0,1766,232,0,2,0.886,0.883,0.8859429714857429,0.8838838838838838,1.0,0.998868778280543,1999,1998,7043.119207378317,94100.0,0.8740269303597727,0.8862592161752768,0.8737510308190937,0.8872534736274114
942,0.0,93729.0,4000,2669.4987442360166,2672.916213498869,2675.5314660708855,2679.0610027314683,3.417469262852592,3.529536660582835,0.9682486942317983,0.02772930528387126,0.027927499501665856,0.027828402392768556,-6.144789232599123,1998,1997,2000,2000,233,247,7044.2311186273755,0.999,0.9985,0.8833833833833834,0.8763144717075614,1514145,1484597,1732092,1674874,191140,167405,4904434.126268795,0.8741712333986879,0.8863932451038108,0.8737637412533146,0.8872387590706434,1998,1997,1766,1751,1765,233,1,1,1750,247,2,1,0.883,0.876,0.8833833833833834,0.8763144717075614,0.9994337485843715,0.9994288977727013,1998,1997,7044.2311186273755,94200.0,0.8741712333986879,0.8863932451038108,0.8737637412533146,0.8872387590706434
943,0.0,93828.5,4000,2672.9325638419004,2676.438668117887,2679.080846451925,2682.6246659141916,3.5061042759866723,3.5438194622665833,0.9893574752660259,0.02773725357751528,0.02793567461547876,0.027836464096497017,-6.185997796304491,1998,1998,2000,2000,229,220,7045.340321694293,0.999,0.999,0.8853853853853854,0.8898898898898899,1516143,1486595,1734092,1676874,191369,167625,4911479.466590489,0.8743152035762809,0.8865275506686847,0.873779056461033,0.8872423222195689,1998,1998,1771,1779,1769,229,0,2,1778,220,1,1,0.8845,0.8895,0.8853853853853854,0.8898898898898899,0.9988706945228685,0.9994378864530635,1998,1998,7045.340321694293,94300.0,0.8743152035762809,0.8865275506686847,0.873779056461033,0.8872423222195689
944,0.0,93928.0,4000,2676.4556396474286,2679.9656504854756,2682.643952706122,2686.334684917025,3.5100108380470374,3.690732210902752,0.9510337346280916,0.027745232994992364,0.027945382788585594,0.02784530789178898,-6.369034431549153,1995,1999,2000,2000,225,182,7046.451398864258,0.9975,0.9995,0.887218045112782,0.9089544772386193,1518138,1488594,1736092,1678874,191594,167807,4918525.917989354,0.8744571140239111,0.886662131881249,0.8737967167675139,0.8872714789929289,1995,1999,1775,1818,1770,225,0,5,1817,182,0,1,0.885,0.9085,0.8872180451127819,0.9089544772386193,0.9971830985915493,0.9994499449944995,1995,1999,7046.451398864258,94400.0,0.8744571140239111,0.886662131881249,0.8737967167675139,0.8872714789929289
945,0.0,94027.5,4000,2679.9857004273385,2683.380007911926,2686.3506346215886,2689.986601637146,3.3943074845874435,3.635967015557526,0.933536379748201,0.02775200372649449,0.027954455576323825,0.027853229651409156,-6.6065937252201365,1997,1999,2000,2000,254,198,7047.55511566551,0.9985,0.9995,0.8728092138207311,0.9009504752376188,1520135,1490593,1738092,1680874,191848,168005,4925573.473105019,0.874599848569581,0.8867963928289687,0.8737954194857693,0.8872898235802797,1997,1999,1745,1802,1743,254,1,2,1801,198,0,1,0.872,0.9005,0.8728092138207311,0.9009504752376188,0.9988538681948425,0.9994450610432852,1997,1999,7047.55511566551,94500.0,0.874599848569581,0.8867963928289687,0.8737954194857693,0.8872898235802797
946,0.0,94127.0,4000,2683.399258593545,2686.8872563794534,2689.9970547233333,2693.6219380531466,3.4879977859086466,3.6248833298132013,0.9622372552576447,0.027759742078448803,0.02796333391520721,0.027861537996828008,-6.734681673693103,1998,1997,2000,2000,223,204,7048.661294576791,0.999,0.9985,0.8883883883883884,0.8978467701552328,1522133,1492590,1740092,1682874,192071,168209,4932622.134399596,0.8747428296894647,0.8869291462105897,0.8738145746790852,0.8873039481706295,1998,1997,1776,1795,1775,223,1,1,1793,204,1,2,0.888,0.897,0.8883883883883884,0.8978467701552328,0.9994369369369369,0.9988857938718663,1998,1997,7048.661294576791,94600.0,0.8747428296894647,0.8869291462105897,0.8738145746790852,0.8873039481706295
947,0.0,94226.5,4000,2686.9029231427357,2690.406383696718,2693.6425168302003,2697.314841075474,3.5034605539822223,3.6723242452735576,0.9540172163423014,0.027767589524166015,0.02797280138754941,0.027870195455857713,-6.908457378755884,1997,1997,2000,2000,215,197,7049.766126243514,0.9985,0.9985,0.8923385077616425,0.901352028042063,1524130,1494587,1742092,1684874,192286,168406,4939671.900525839,0.8748849084893335,0.8870615844270847,0.8738388457677495,0.8873227185837961,1997,1997,1784,1803,1782,215,1,2,1800,197,0,3,0.8915,0.9,0.8923385077616425,0.901352028042063,0.9988789237668162,0.9983361064891847,1997,1997,7049.766126243514,94700.0,0.8748849084893335,0.8870615844270847,0.8738388457677495,0.8873227185837961
948,0.0,94326.0,4000,2690.4201909653066,2693.908170453738,2697.334207387805,2700.903818607289,3.4879794884313924,3.569611219484159,0.9771314784626425,0.027775237496788414,0.027981152625872828,0.027878195061330623,-6.995648153550974,2000,1998,2000,2000,229,204,7050.871944519966,1.0,0.999,0.8855,0.8978978978978979,1526130,1496585,1744092,1686874,192515,168610,4946722.772470359,0.8750283815303321,0.8871943014119609,0.8738541277610689,0.8873368368652632,2000,1998,1771,1794,1771,229,0,0,1794,204,2,0,0.8855,0.898,0.8855,0.8978978978978979,1.0,1.0,2000,1998,7050.871944519966,94800.0,0.8750283815303321,0.8871943014119609,0.8738541277610689,0.8873368368652632
949,0.0,94425.5,4000,2693.926641908384,2697.385324517664,2700.919970883059,2704.4753443143686,3.458682609279549,3.5553734313098175,0.9728043132744436,0.027782609786717254,0.02798930236712143,0.027885956076919342,-7.090019796704837,1997,1999,2000,2000,238,229,7051.969018100272,0.9985,0.9995,0.8808212318477716,0.8854427213606804,1528127,1498584,1746092,1688874,192753,168839,4953774.741488459,0.8751698077764516,0.8873272961748478,0.8738632325716383,0.8873343102555479,1997,1999,1761,1771,1759,238,1,2,1770,229,0,1,0.88,0.885,0.8808212318477716,0.8854427213606804,0.9988642816581488,0.9994353472614342,1997,1999,7051.969018100272,94900.0,0.8751698077764516,0.8873272961748478,0.8738632325716383,0.8873343102555479
950,0.0,94525.0,4000,2697.402380595023,2700.886107225331,2704.496557937275,2708.097689801183,3.4837266303084107,3.6011318639079946,0.9673976854954225,0.02779021527860142,0.02799796989606988,0.027894092587335648,-7.211582575851935,1998,1997,2000,2000,259,204,7053.066413560557,0.999,0.9985,0.8703703703703703,0.8978467701552328,1530125,1500581,1748092,1690874,193012,169043,4960827.8079020195,0.8753114824620214,0.887458793499693,0.8738586716771506,0.8873483004249687,1998,1997,1741,1796,1739,259,0,2,1793,204,0,3,0.8695,0.8965,0.8703703703703703,0.8978467701552328,0.9988512349224583,0.9983296213808464,1998,1997,7053.066413560557,95000.0,0.8753114824620214,0.887458793499693,0.8738586716771506,0.8873483004249687
951,0.0,94624.5,4000,2700.900915007768,2704.3862346559267,2708.1155466095693,2711.7064230890596,3.4853196481585655,3.590876479490362,0.9706041597546743,0.02779779788535994,0.02800647606114106,0.027902136973250502,-7.320188433132898,1998,1996,2000,2000,209,214,7054.157223071016,0.999,0.998,0.8953953953953954,0.8927855711422845,1532123,1502577,1750092,1692874,193221,169257,4967881.96512509,0.8754528333367617,0.8875893894052364,0.8738867571337288,0.8873555232111233,1998,1996,1791,1786,1789,209,0,2,1782,214,0,4,0.8945,0.891,0.8953953953953954,0.8927855711422845,0.9988833054159687,0.9977603583426652,1998,1996,7054.157223071016,95100.0,0.8754528333367617,0.8875893894052364,0.8738867571337288,0.8873555232111233
952,0.0,94724.0,4000,2704.3995083829946,2707.92940201136,2711.726769005776,2715.2997903900023,3.529893628365244,3.5730213842261946,0.9879296116022852,0.027805816662323145,0.02801480294869178,0.02791030980550746,-7.370388378642474,1999,1999,2000,2000,206,222,7055.249868814419,0.9995,0.9995,0.8969484742371185,0.888944472236118,1534122,1504576,1752092,1694874,193427,169479,4974937.214993905,0.8755944322558404,0.8877214471400234,0.8739168071378939,0.8873576343102642,1999,1999,1794,1778,1793,206,0,1,1777,222,0,1,0.8965,0.8885,0.8969484742371185,0.888944472236118,0.9994425863991081,0.999437570303712,1999,1999,7055.249868814419,95200.0,0.8755944322558404,0.8877214471400234,0.8739168071378939,0.8873576343102642
953,0.0,94823.5,4000,2707.9474666344368,2711.4539872351197,2715.3154528298137,2718.9089129135473,3.5065206006829612,3.5934600837335893,0.9758061920753831,0.027813623625151346,0.02802327768351524,0.027918450654333293,-7.454925678427571,1997,1997,2000,2000,229,218,7056.335036113917,0.9985,0.9985,0.885327991987982,0.8908362543815723,1536119,1506573,1754092,1696874,193656,169697,4981993.550030019,0.8757345680842282,0.887852014940414,0.8739316420147137,0.8873622453077282,1997,1997,1769,1782,1768,229,2,1,1779,218,0,3,0.885,0.8895,0.885327991987982,0.8908362543815723,0.9994347088750707,0.9983164983164983,1997,1997,7056.335036113917,95300.0,0.8757345680842282,0.887852014940414,0.8739316420147137,0.8873622453077282
954,0.0,94923.0,4000,2711.4721506522314,2714.920332675084,2718.928405264984,2722.5613880681985,3.4481820228525066,3.632982803214418,0.9491324923975963,0.027820803741267164,0.028032189081694484,0.027926496411480824,-7.641055393114584,1999,1997,2000,2000,246,216,7057.422326627935,0.9995,0.9985,0.8769384692346173,0.8918377566349525,1538118,1508570,1756092,1698874,193902,169913,4989050.972356647,0.8758755236058248,0.8879822753188288,0.8739355498082721,0.8873681698562215,1999,1997,1754,1783,1753,246,0,1,1781,216,1,2,0.8765,0.891,0.8769384692346173,0.8918377566349525,0.999429874572406,0.9988782950084127,1999,1997,7057.422326627935,95400.0,0.8758755236058248,0.8879822753188288,0.8739355498082721,0.8873681698562215
955,0.0,95022.5,4000,2714.937602374089,2718.4255872106974,2722.58249716077,2726.1995150769426,3.4879848366085753,3.617017916172699,0.9643261154479824,0.027828376245575926,0.028040931574894217,0.02793465391023507,-7.773927866245231,2000,2000,2000,2000,230,212,7058.5088158613335,1.0,1.0,0.885,0.894,1540118,1510570,1758092,1700874,194132,170125,4996109.481172509,0.8760167272247413,0.8881139931588113,0.8739499181231568,0.8873769504226882,2000,2000,1770,1788,1770,230,0,0,1788,212,0,0,0.885,0.894,0.885,0.894,1.0,1.0,2000,2000,7058.5088158613335,95500.0,0.8760167272247413,0.8881139931588113,0.8739499181231568,0.8873769504226882
956,0.0,95122.0,4000,2718.444861671429,2721.8708787803334,2726.2110785361965,2729.798269340359,3.426017108904489,3.587190804162674,0.9550696620120807,0.027835305680147877,0.028049243929558727,0.0279422748048533,-7.927390560025742,2000,1997,2000,2000,240,211,7059.592433293936,1.0,0.9985,0.88,0.8943415122684026,1542118,1512567,1760092,1702874,194372,170336,5003169.073605803,0.8761576099431166,0.888243639870008,0.8739577645809206,0.8873861455393381,2000,1997,1760,1788,1760,240,0,0,1786,211,1,2,0.88,0.8935,0.88,0.8943415122684026,1.0,0.9988814317673378,2000,1997,7059.592433293936,95600.0,0.8761576099431166,0.888243639870008,0.8739577645809206,0.8873861455393381
957,0.0,95221.5,4000,2721.886016418233,2725.4039455267507,2729.814279652452,2733.4310913335084,3.5179291085178193,3.6168116810563333,0.9726602927499852,0.027843137824122823,0.028057894897167854,0.027950516360645338,-8.027145806757744,1998,2000,2000,2000,230,208,7060.675446536063,0.999,1.0,0.8848848848848849,0.896,1544116,1514567,1762092,1704874,194602,170544,5010229.749052339,0.876297037839114,0.8883747420630498,0.8739719036652687,0.8873975202153487,1998,2000,1770,1792,1768,230,0,2,1792,208,0,0,0.884,0.896,0.8848848848848849,0.896,0.9988700564971752,1.0,1998,2000,7060.675446536063,95700.0,0.876297037839114,0.8883747420630498,0.8739719036652687,0.8873975202153487
958,0.0,95321.0,4000,2725.421788165643,2728.933401536273,2733.4538870950087,2736.9930393556147,3.511613370629675,3.539152260605988,0.9922187891482246,0.027850915926702257,0.02806578799249551,0.027958351959598886,-8.059637819341788,2000,1995,2000,2000,233,218,7061.755916661608,1.0,0.9975,0.8835,0.8907268170426065,1546116,1516562,1764092,1706874,194835,170762,5017291.504969001,0.8764372833162897,0.8885026076910187,0.8739842288676917,0.8874018998234163,2000,1995,1767,1782,1767,233,0,0,1777,218,0,5,0.8835,0.8885,0.8835,0.8907268170426065,1.0,0.9971941638608305,2000,1995,7061.755916661608,95800.0,0.8764372833162897,0.8885026076910187,0.8739842288676917,0.8874018998234163
959,0.0,95420.5,4000,2728.9488225401133,2732.4280715517743,2737.011888279633,2740.6011081568104,3.479249011661068,3.589219877177584,0.9693607888957216,0.02785831507605399,0.028074145552474093,0.02796623031426404,-8.173036605036032,1997,2000,2000,2000,247,228,7062.831103644507,0.9985,1.0,0.8763144717075614,0.886,1548113,1518562,1766092,1708874,195082,170990,5024354.336072645,0.8765755124874581,0.8886330999242776,0.8739872347819572,0.8874000534716396,1997,2000,1753,1772,1750,247,0,3,1772,228,0,0,0.875,0.886,0.8763144717075614,0.886,0.9982886480319453,1.0,1997,2000,7062.831103644507,95900.0,0.8765755124874581,0.8886330999242776,0.8739872347819572,0.8874000534716396
960,0.0,95520.0,4000,2732.446282340248,2735.8982423669863,2740.6171049344625,2744.2341834795066,3.4519600267381065,3.6170785450440235,0.9543503088888806,0.027865443610508227,0.02808274618546835,0.02797409489798829,-8.335941112520231,2000,1999,2000,2000,237,203,7063.905527231189,1.0,0.9995,0.8815,0.8984492246123061,1550113,1520561,1768092,1710874,195319,171193,5031418.241599876,0.8767151256835052,0.8887627025719018,0.8739969279658967,0.8874145792243784,2000,1999,1763,1797,1763,237,0,0,1796,203,0,1,0.8815,0.898,0.8815,0.8984492246123061,1.0,0.9994435169727324,2000,1999,7063.905527231189,96000.0,0.8767151256835052,0.8887627025719018,0.8739969279658967,0.8874145792243784
961,0.0,95619.5,4000,2735.914807218487,2739.441395254544,2744.251101071254,2747.816581292207,3.526588036057092,3.5654802209528498,0.9890920205734968,0.027873316748140975,0.028090801577707204,0.027982059162924088,-8.375186037662843,1999,1997,2000,2000,219,208,7064.969661125203,0.9995,0.9985,0.8904452226113057,0.8958437656484727,1552112,1522558,1770092,1712874,195538,171401,5038483.211261001,0.8768538584435159,0.888890834935903,0.8740181120950035,0.8874256350168598,1999,1997,1780,1792,1780,219,1,0,1789,208,0,3,0.8905,0.8945,0.8904452226113057,0.8958437656484727,1.0,0.9983258928571429,1999,1997,7064.969661125203,96100.0,0.8768538584435159,0.888890834935903,0.8740181120950035,0.8874256350168598
962,0.0,95719.0,4000,2739.462028910918,2742.9799184759013,2747.836718002146,2751.481653665481,3.5178895649833066,3.644935663335218,0.9651444881099326,0.027881125392075934,0.02809969962568541,0.027990412508880673,-8.501735189579904,1999,1998,2000,2000,236,207,7066.035818756312,0.9995,0.999,0.8819409704852426,0.8963963963963963,1554111,1524556,1772092,1714874,195774,171608,5045549.247079758,0.876992278053284,0.8890192515601729,0.8740283029976623,0.8874373916077861,1999,1998,1764,1792,1763,236,0,1,1791,207,1,1,0.8815,0.896,0.8819409704852427,0.8963963963963963,0.9994331065759637,0.9994419642857143,1999,1998,7066.035818756312,96200.0,0.876992278053284,0.8890192515601729,0.8740283029976623,0.8874373916077861
963,0.0,95818.5,4000,2742.9959131810483,2746.5205435517373,2751.505135785645,2755.077632018835,3.5246303706890103,3.5724962331901224,0.9866015638990977,0.027888939644792738,0.02810786170658661,0.027998400675689674,-8.557088467097856,1999,2000,2000,2000,211,225,7067.098585823045,0.9995,1.0,0.894447223611806,0.8875,1556110,1526556,1774092,1716874,195985,171833,5052616.345665581,0.8771303855718869,0.8891485339052254,0.8740545334198739,0.8874374736334599,1999,2000,1788,1775,1788,211,1,0,1775,225,0,0,0.8945,0.8875,0.894447223611806,0.8875,1.0,1.0,1999,2000,7067.098585823045,96300.0,0.8771303855718869,0.8891485339052254,0.8740545334198739,0.8874374736334599
964,0.0,95918.0,4000,2746.5365395541553,2749.980589966358,2755.0944918726073,2758.734129460121,3.444050412202614,3.639637587513789,0.946261909157615,0.027895901807138603,0.028116634645078593,0.028006268226108598,-8.753539493763128,1997,1997,2000,2000,231,217,7068.1567652737285,0.9985,0.9985,0.8843264897346019,0.8913370055082623,1558107,1528553,1776092,1718874,196216,172050,5059684.502430854,0.8772670559858385,0.8892757700680795,0.8740676988165768,0.887442568232832,1997,1997,1769,1783,1766,231,0,3,1780,217,0,3,0.883,0.89,0.8843264897346019,0.8913370055082624,0.998304126625212,0.9983174425126192,1997,1997,7068.1567652737285,96400.0,0.8772670559858385,0.8892757700680795,0.8740676988165768,0.887442568232832
965,0.0,96017.5,4000,2749.9982487078087,2753.462896989624,2758.748245677338,2762.336352754491,3.4646482818152435,3.5881070771529266,0.9655922210003709,0.02790308022001479,0.028124826974921725,0.028013953597468257,-8.87345576486723,1999,2000,2000,2000,243,200,7069.219793041381,0.9995,1.0,0.8784392196098049,0.9,1560106,1530553,1778092,1720874,196459,172250,5066753.722223896,0.8774045437468927,0.8894044537833682,0.874073300147554,0.8874589772454793,1999,2000,1757,1800,1756,243,0,1,1800,200,0,0,0.878,0.9,0.8784392196098049,0.9,0.9994308480364257,1.0,1999,2000,7069.219793041381,96500.0,0.8774045437468927,0.8894044537833682,0.874073300147554,0.8874589772454793
966,0.0,96117.0,4000,2753.482182583663,2756.958014764182,2762.3559017716993,2765.9427951272787,3.4758321805188643,3.5868933555793774,0.9690369453310458,0.02791037638722552,0.02813304601917944,0.02802171120320248,-8.984780363096888,2000,1999,2000,2000,227,197,7070.28151188463,1.0,0.9995,0.8865,0.9014507253626813,1562106,1532552,1780092,1722874,196686,172447,5073824.00373578,0.8775422843313716,0.8895322583079204,0.8740892103352782,0.8874772275263743,2000,1999,1773,1803,1773,227,0,0,1802,197,0,1,0.8865,0.901,0.8865,0.9014507253626813,1.0,0.9994453688297282,2000,1999,7070.28151188463,96600.0,0.8775422843313716,0.8895322583079204,0.8740892103352782,0.8874772275263743
967,0.0,96216.5,4000,2756.9752357113102,2760.4869933051878,2765.9619418969637,2769.5130160248123,3.511757593877519,3.551074127848551,0.9889282699950698,0.027918007627166404,0.02814087348862738,0.02802944055789689,-9.026022719624507,1999,1999,2000,2000,224,219,7071.335721026782,0.9995,0.9995,0.887943971985993,0.8904452226113057,1564105,1534551,1782092,1724874,196910,172666,5080895.339456807,0.8776791546115464,0.8896597664525061,0.8741069173744729,0.8874810938183221,1999,1999,1776,1781,1775,224,0,1,1780,219,0,1,0.8875,0.89,0.887943971985993,0.8904452226113057,0.9994369369369369,0.9994385176866929,1999,1999,7071.335721026782,96700.0,0.8776791546115464,0.8896597664525061,0.8741069173744729,0.8874810938183221
968,0.0,96316.0,4000,2760.5063675370398,2763.988038975494,2769.5336586621256,2773.111050401125,3.481671438454214,3.5773917389992675,0.9732429916741994,0.027925334537368774,0.02814897211494401,0.028037153326156392,-9.12301142563092,1998,1999,2000,2000,243,225,7072.391240806879,0.999,0.9995,0.8783783783783784,0.8874437218609305,1566103,1536550,1784092,1726874,197153,172891,5087967.730697614,0.8778151575142986,0.8897869792468935,0.8741123668111229,0.8874810451986593,1998,1999,1757,1775,1755,243,0,2,1774,225,0,1,0.8775,0.887,0.8783783783783784,0.8874437218609305,0.9988616960728515,0.9994366197183099,1998,1999,7072.391240806879,96800.0,0.8778151575142986,0.8897869792468935,0.8741123668111229,0.8874810451986593
969,0.0,96415.5,4000,2764.0134933172453,2767.4830891214565,2773.1260361200807,2776.6738073106103,3.469595804211167,3.547771190529602,0.9779649300588731,0.02793258445163323,0.028156689965284473,0.02804463720845885,-9.190718189153813,1995,2000,2000,2000,233,214,7073.443206220141,0.9975,1.0,0.8832080200501253,0.893,1568098,1538550,1786092,1728874,197386,173105,5095041.173903834,0.8779491761902523,0.8899144761272366,0.8741239386824038,0.887488219427383,1995,2000,1767,1786,1762,233,0,5,1786,214,0,0,0.881,0.893,0.8832080200501253,0.893,0.9971703452178834,1.0,1995,2000,7073.443206220141,96900.0,0.8779491761902523,0.8899144761272366,0.8741239386824038,0.887488219427383
970,0.0,96515.0,4000,2767.50165113913,2770.9637369882153,2776.6915001965745,2780.331749927202,3.4620858490852697,3.640249730627602,0.9510572365287654,0.027939670940515658,0.028165373198481003,0.02805252206949833,-9.368012938986794,2000,1999,2000,2000,251,209,7074.490398317362,1.0,0.9995,0.8745,0.8954477238619309,1570098,1540549,1788092,1730874,197637,173314,5102115.664302152,0.8780856913402666,0.8900411006231533,0.874124417711506,0.8874985475956948,2000,1999,1749,1791,1749,251,0,0,1790,209,0,1,0.8745,0.895,0.8745,0.8954477238619309,1.0,0.9994416527079844,2000,1999,7074.490398317362,97000.0,0.8780856913402666,0.8900411006231533,0.874124417711506,0.8874985475956948
971,0.0,96614.5,4000,2770.979484177783,2774.5631756557855,2780.3510567171675,2783.8991052744077,3.5836914780024927,3.548048557240236,1.0100457815577306,0.027947966219336654,0.028173105618948126,0.02806053591914239,-9.335929618622231,1998,1998,2000,2000,217,225,7075.538420793224,0.999,0.999,0.8913913913913913,0.8873873873873874,1572096,1542547,1790092,1732874,197854,173539,5109191.202722945,0.8782207841831593,0.8901668557552367,0.8741463625631005,0.8874984036142821,1998,1998,1781,1775,1781,217,2,0,1773,225,0,2,0.8915,0.8865,0.8913913913913913,0.8873873873873874,1.0,0.9988732394366198,1998,1998,7075.538420793224,97100.0,0.8782207841831593,0.8901668557552367,0.8741463625631005,0.8874984036142821
972,0.0,96714.0,4000,2774.58100421994,2778.04812310246,2783.9180227806414,2787.55871483136,3.467118882520026,3.6406920507183713,0.9523241280008573,0.027955066536463617,0.02818177124646929,0.028068418891466454,-9.510591728899726,1998,1997,2000,2000,248,212,7076.584115579825,0.999,0.9985,0.8758758758758759,0.8938407611417125,1574094,1544544,1792092,1734874,198102,173751,5116267.786838525,0.8783555754950081,0.8902917445301504,0.8741485578370796,0.8875066038908571,1998,1997,1752,1788,1750,248,0,2,1785,212,0,3,0.875,0.8925,0.8758758758758759,0.8938407611417125,0.9988584474885844,0.9983221476510067,1998,1997,7076.584115579825,97200.0,0.8783555754950081,0.8902917445301504,0.8741485578370796,0.8875066038908571
973,0.0,96813.5,4000,2778.0725271409515,2781.6554092356837,2787.5728417128294,2791.143335634243,3.582882094732213,3.5704939214137994,1.003469596529521,0.027963409593807678,0.028189648365464528,0.028076528979636105,-9.487926398559466,2000,1998,2000,2000,201,229,7077.62302913596,1.0,0.999,0.8995,0.8853853853853854,1576094,1546542,1794092,1736874,198303,173980,5123345.409867661,0.8784911810542603,0.8904169214347155,0.8741807277992303,0.8875038634579597,2000,1998,1799,1771,1799,201,0,0,1769,229,0,2,0.8995,0.8845,0.8995,0.8853853853853854,1.0,0.9988706945228685,2000,1998,7077.62302913596,97300.0,0.8784911810542603,0.8904169214347155,0.8741807277992303,0.8875038634579597
974,0.0,96913.0,4000,2781.672313743829,2785.1904784156554,2791.159053998296,2794.7434473413446,3.5181646718265256,3.5843933430487596,0.9815230459149603,0.02797099407245851,0.028197668353868582,0.028084331213163546,-9.552968925689129,1998,1998,2000,2000,235,220,7078.66190874133,0.999,0.999,0.8823823823823824,0.8898898898898899,1578092,1548540,1796092,1738874,198538,174200,5130424.071776402,0.8786253710834412,0.890541810389942,0.8741911117982982,0.8875069420228086,1998,1998,1765,1780,1763,235,0,2,1778,220,0,2,0.8815,0.889,0.8823823823823824,0.8898898898898899,0.9988668555240793,0.998876404494382,1998,1998,7078.66190874133,97400.0,0.8786253710834412,0.890541810389942,0.8741911117982982,0.8875069420228086
975,0.0,97012.5,4000,2785.2058725296943,2788.715775540741,2794.7642445994293,2798.3505350524993,3.5099030110468448,3.586290453069978,0.9787001518636776,0.02797846276700046,0.028205743439773893,0.028092103103387174,-9.634759511758148,1997,1997,2000,2000,224,203,7079.699069064274,0.9985,0.9985,0.8878317476214321,0.8983475212819229,1580089,1550537,1798092,1740874,198762,174403,5137503.770845466,0.8787587064510604,0.890665837964149,0.8742083515548807,0.8875209040480814,1997,1997,1775,1797,1773,224,1,2,1794,203,0,3,0.887,0.897,0.8878317476214321,0.8983475212819229,0.9988732394366198,0.998330550918197,1997,1997,7079.699069064274,97500.0,0.8787587064510604,0.890665837964149,0.8742083515548807,0.8875209040480814
976,0.0,97112.0,4000,2788.734701693952,2792.2682088718216,2798.370613588245,2801.967372032787,3.5335071778695237,3.596758444542047,0.9824143690359566,0.02798619419173796,0.028213901868424613,0.028100048030081287,-9.699163160965327,1999,1998,2000,2000,217,204,7080.735355052505,0.9995,0.999,0.8914457228614308,0.8978978978978979,1582088,1552535,1800092,1742874,198979,174607,5144584.506200518,0.87889285658733,0.8907901546526026,0.8742301313201288,0.8875342584869262,1999,1998,1783,1796,1782,217,0,1,1794,204,0,2,0.891,0.897,0.8914457228614308,0.8978978978978979,0.9994391475042064,0.9988864142538976,1999,1998,7080.735355052505,97600.0,0.87889285658733,0.8907901546526026,0.8742301313201288,0.8875342584869262
977,0.0,97211.5,4000,2792.291680533609,2795.7627055434596,2801.988531911482,2805.50870363539,3.471025009850564,3.520171723907879,0.9860385464369462,0.027993316783881915,0.02822127076725532,0.028107293775568618,-9.745998091930232,1998,1998,2000,2000,245,234,7081.773695727248,0.999,0.999,0.8773773773773774,0.8828828828828829,1584086,1554533,1802092,1744874,199224,174841,5151666.279896245,0.8790261540476291,0.8909141863538571,0.8742341009263386,0.8875282801973325,1998,1998,1755,1765,1753,245,0,2,1764,234,1,1,0.8765,0.8825,0.8773773773773774,0.8828828828828829,0.9988603988603989,0.9994334277620397,1998,1998,7081.773695727248,97700.0,0.8790261540476291,0.8909141863538571,0.8742341009263386,0.8875282801973325
978,0.0,97311.0,4000,2795.7782552256976,2799.2269417708635,2805.5256458519516,2809.108459389858,3.448686545165856,3.5828135379065316,0.9625637808606007,0.028000115398902525,0.028229221980729177,0.028114668689815853,-9.881517618994621,1996,1998,2000,2000,246,208,7082.80419211236,0.998,0.999,0.8767535070140281,0.8958958958958959,1586082,1556531,1804092,1746874,199470,175049,5158749.084088358,0.879158047372307,0.8910379340467601,0.8742372714651575,0.8875390210667182,1996,1998,1754,1792,1750,246,0,4,1790,208,0,2,0.875,0.895,0.8767535070140281,0.8958958958958959,0.9977194982896237,0.9988839285714286,1996,1998,7082.80419211236,97800.0,0.879158047372307,0.8910379340467601,0.8742372714651575,0.8875390210667182
979,0.0,97410.5,4000,2799.241918247257,2802.7995784987443,2809.1189484083834,2812.7590846204507,3.55766025148705,3.6401362120673184,0.9773426169309669,0.028008007382436646,0.02823767655715941,0.02812284196979803,-9.959506121706454,1999,1998,2000,2000,214,207,7083.8317885057795,0.9995,0.999,0.8929464732366184,0.8963963963963963,1588081,1558529,1806092,1748874,199684,175256,5165832.9158768635,0.8792913096342821,0.8911613987056815,0.8742608217087163,0.8875503760276517,1999,1998,1786,1793,1785,214,0,1,1791,207,0,2,0.8925,0.8955,0.8929464732366184,0.8963963963963963,0.9994400895856663,0.9988845510317903,1999,1998,7083.8317885057795,97900.0,0.8792913096342821,0.8911613987056815,0.8742608217087163,0.8875503760276517
980,0.0,97510.0,4000,2802.8170265483764,2806.3650130612778,2812.7704146512338,2816.436494785998,3.547986512901389,3.666080134764343,0.9677874957660888,0.028015809768398788,0.02824638719501483,0.028131098481706807,-10.071481724720343,1997,1995,2000,2000,231,184,7084.852443142768,0.9985,0.9975,0.8843264897346019,0.9077694235588972,1590078,1560524,1808092,1750874,199915,175440,5172917.768320006,0.8794231709448413,0.8912828678705607,0.8742734633143783,0.8875762243964207,1997,1995,1769,1816,1766,231,0,3,1811,184,0,5,0.883,0.9055,0.8843264897346019,0.9077694235588972,0.998304126625212,0.9972466960352423,1997,1995,7084.852443142768,98000.0,0.8794231709448413,0.8912828678705607,0.8742734633143783,0.8875762243964207
981,0.0,97609.5,4000,2806.374842728971,2809.8563007218845,2816.455764068081,2820.0175554343373,3.4814579929134197,3.5617913662563296,0.9774457948031512,0.028022840417570725,0.028254097918040698,0.028138469167805713,-10.161254712452774,2000,1998,2000,2000,243,232,7085.874375306037,1.0,0.999,0.8785000000000001,0.8838838838838838,1592078,1562522,1810092,1752874,200158,175672,5180003.642695312,0.8795563982383215,0.8914057713218406,0.8742787727736958,0.8875715029932378,2000,1998,1757,1768,1757,243,0,0,1766,232,0,2,0.8785,0.883,0.8785,0.8838838838838838,1.0,0.998868778280543,2000,1998,7085.874375306037,98100.0,0.8795563982383215,0.8914057713218406,0.8742787727736958,0.8875715029932378
982,0.0,97709.0,4000,2809.8704097943764,2813.403905585097,2820.0303534983973,2823.597898061919,3.5334957907207354,3.567544563521551,0.9904559642648988,0.02803043024263646,0.028261785625126008,0.028146107933881233,-10.193992476821677,1999,1999,2000,2000,228,230,7086.897135962378,0.9995,0.9995,0.8859429714857429,0.8849424712356178,1594077,1564521,1812092,1754874,200386,175902,5187090.539831275,0.8796887795983869,0.8915289644726629,0.8742933998796796,0.8875681438600057,1999,1999,1772,1770,1771,228,0,1,1769,230,0,1,0.8855,0.8845,0.8859429714857429,0.8849424712356178,0.9994356659142212,0.9994350282485875,1999,1999,7086.897135962378,98200.0,0.8796887795983869,0.8915289644726629,0.8742933998796796,0.8875681438600057
983,0.0,97808.5,4000,2813.4250870251576,2816.8938026258397,2823.6170283690835,2827.2398996023435,3.468715600682117,3.622871233259957,0.9574493205381945,0.028037417567320887,0.02827008494331433,0.02815375125531761,-10.346096976503759,1998,1997,2000,2000,236,207,7087.917107147034,0.999,0.9985,0.8818818818818819,0.8963445167751627,1596075,1566518,1814092,1756874,200622,176109,5194178.456938422,0.8798203178229108,0.891650738755312,0.874302899299845,0.8875793319961852,1998,1997,1762,1792,1762,236,2,0,1790,207,1,2,0.882,0.8955,0.8818818818818819,0.8963445167751627,1.0,0.9988839285714286,1998,1997,7087.917107147034,98300.0,0.8798203178229108,0.891650738755312,0.874302899299845,0.8875793319961852
984,0.0,97908.0,4000,2816.907021612559,2820.326549530713,2827.257063829957,2830.904381149615,3.4195279181535625,3.647317319657759,0.9375460423263718,0.028043809896062158,0.028278595848323883,0.028161202872193022,-10.57783161890211,1999,1996,2000,2000,237,214,7088.928074190914,0.9995,0.998,0.8814407203601801,0.8927855711422845,1598074,1568514,1816092,1758874,200859,176323,5201267.385012614,0.8799521169632375,0.8917716675554929,0.8743118278627898,0.8875859571543512,1999,1996,1763,1785,1762,237,0,1,1782,214,1,3,0.881,0.8915,0.8814407203601801,0.8927855711422845,0.9994327850255247,0.9983193277310924,1999,1996,7088.928074190914,98400.0,0.8799521169632375,0.8917716675554929,0.8743118278627898,0.8875859571543512
985,0.0,98007.5,4000,2820.3425176261053,2823.7339100441213,2830.9199428945694,2834.5326187579235,3.3913924180160393,3.6126758633540703,0.9387480488956494,0.028049931515593145,0.02828672151353684,0.028168326514564992,-10.79870871380217,1999,1996,2000,2000,250,218,7089.940900302802,0.9995,0.998,0.8749374687343672,0.8907815631262526,1600073,1570510,1818092,1760874,201109,176541,5208357.325912916,0.8800836261311309,0.891892321653906,0.8743126094871921,0.8875900185290129,1999,1996,1750,1782,1749,250,0,1,1778,218,0,4,0.8745,0.889,0.8749374687343672,0.8907815631262525,0.9994285714285714,0.9977553310886644,1999,1996,7089.940900302802,98500.0,0.8800836261311309,0.891892321653906,0.8743126094871921,0.8875900185290129
986,0.0,98107.0,4000,2823.7502470466075,2827.2515146760556,2834.5512045335795,2838.185667614718,3.5012676294481935,3.6344630811386196,0.9633520966599837,0.028057158812554352,0.02829508233205044,0.028176120572302395,-10.934152938662464,1998,1998,2000,2000,225,201,7090.9498849503225,0.999,0.999,0.8873873873873874,0.8993993993993994,1602071,1572508,1820092,1762874,201334,176742,5215448.275797866,0.8802142968597192,0.8920138364965392,0.8743289155099867,0.887605023313077,1998,1998,1775,1799,1773,225,0,2,1797,201,0,2,0.8865,0.8985,0.8873873873873874,0.8993993993993994,0.9988732394366198,0.9988882712618121,1998,1998,7090.9498849503225,98600.0,0.8802142968597192,0.8920138364965392,0.8743289155099867,0.887605023313077
987,0.0,98206.5,4000,2827.270053467045,2830.802865449051,2838.2043779318337,2841.817839256583,3.5328119820060238,3.613461324749096,0.9776808617846015,0.02806471337072801,0.028303214686748106,0.02818396402873806,-11.014973807531987,1999,1998,2000,2000,233,207,7091.963325895102,0.9995,0.999,0.8834417208604302,0.8963963963963963,1604070,1574506,1822092,1764874,201567,176949,5222540.239123762,0.8803452295493313,0.8921350759317662,0.8743402719332698,0.8876161792968715,1999,1998,1767,1793,1766,233,0,1,1791,207,0,2,0.883,0.8955,0.8834417208604303,0.8963963963963963,0.9994340690435767,0.9988845510317903,1999,1998,7091.963325895102,98700.0,0.8803452295493313,0.8921350759317662,0.8743402719332698,0.8876161792968715
988,0.0,98306.0,4000,2830.8228134565547,2834.2952909552987,2841.833308988526,2845.475354761773,3.472477498743956,3.6420457732469913,0.9534414762854942,0.02807165622669132,0.028311587096024576,0.028191621661357948,-11.180063806474209,1999,1999,2000,2000,237,205,7092.969150183461,0.9995,0.9995,0.8814407203601801,0.8974487243621811,1606069,1576505,1824092,1766874,201804,177154,5229633.208273945,0.8804758751203339,0.8922566068661376,0.8743491095338992,0.8876286469119984,1999,1999,1763,1795,1762,237,0,1,1794,205,0,1,0.881,0.897,0.8814407203601801,0.897448724362181,0.9994327850255247,0.9994428969359331,1999,1999,7092.969150183461,98800.0,0.8804758751203339,0.8922566068661376,0.8743491095338992,0.8876286469119984
989,0.0,98405.5,4000,2834.312176610121,2837.7944520409274,2845.491855887713,2849.0819963850595,3.482275430806567,3.5901404973465105,0.9699551962883717,0.02807865314744925,0.028319428177052727,0.02819904066225099,-11.28754434413213,1998,1995,2000,2000,239,215,7093.974676185436,0.999,0.9975,0.8803803803803804,0.8922305764411027,1608067,1578500,1826092,1768874,202043,177369,5236727.182950131,0.880605686898579,0.8923756016539335,0.8743566033007331,0.8876344630978777,1998,1995,1761,1784,1759,239,0,2,1780,215,1,4,0.8795,0.8905,0.8803803803803804,0.8922305764411027,0.9988642816581488,0.9977578475336323,1998,1995,7093.974676185436,98900.0,0.880605686898579,0.8923756016539335,0.8743566033007331,0.8876344630978777
990,0.0,98505.0,4000,2837.8117307891994,2841.3104469966565,2849.0961281043024,2852.6719249319167,3.4987162074571643,3.57579682761434,0.9784437920068849,0.02808580597210566,0.028327084598559312,0.028206445285332483,-11.361477935260154,1997,1999,2000,2000,228,235,7094.978532346591,0.9985,0.9995,0.885828743114672,0.8824412206103052,1610064,1580499,1828092,1770874,202271,177604,5243822.161482478,0.8807346676206668,0.8924965864313328,0.8743708324638026,0.8876278947345111,1997,1999,1772,1765,1769,228,0,3,1764,235,0,1,0.8845,0.882,0.885828743114672,0.8824412206103052,0.9983069977426636,0.9994334277620397,1997,1999,7094.978532346591,99000.0,0.8807346676206668,0.8924965864313328,0.8743708324638026,0.8876278947345111
991,0.0,98604.5,4000,2841.3292517727764,2844.831915943674,2852.6924331482965,2856.3059822386144,3.5026641708977877,3.6135490903179743,0.9693141239682372,0.028092999598238928,0.028335170863411398,0.028214085230825164,-11.474066294940258,1999,2000,2000,2000,238,200,7095.9763579151995,0.9995,1.0,0.8809404702351176,0.9,1612063,1582499,1830092,1772874,202509,177804,5250918.137840393,0.8808644592730858,0.8926178622959104,0.8743789789853126,0.887643530896386,1999,2000,1762,1800,1761,238,0,1,1800,200,0,0,0.8805,0.9,0.8809404702351176,0.9,0.9994324631101021,1.0,1999,2000,7095.9763579151995,99100.0,0.8808644592730858,0.8926178622959104,0.8743789789853126,0.887643530896386
992,0.0,98704.0,4000,2844.8476342902973,2848.345925868316,2856.323911100186,2859.873224943913,3.4982915780187795,3.5493138437273046,0.9856247522887567,0.028100103529335882,0.02834256729102186,0.02822133541017887,-11.527299075597057,1997,1999,2000,2000,228,234,7096.974911202686,0.9985,0.9995,0.885828743114672,0.8829414707353677,1614060,1584498,1832092,1774874,202737,178038,5258015.112751596,0.8809928759036119,0.892738301423087,0.8743931452362366,0.8876375987852304,1997,1999,1772,1766,1769,228,0,3,1765,234,0,1,0.8845,0.8825,0.885828743114672,0.8829414707353677,0.9983069977426636,0.9994337485843715,1997,1999,7096.974911202686,99200.0,0.8809928759036119,0.892738301423087,0.8743931452362366,0.8876375987852304
993,0.0,98803.5,4000,2848.363333417961,2851.844983659579,2859.8952998689933,2863.40774404145,3.481650241618354,3.512444172456526,0.9912329052573566,0.0281070425770532,0.028349619278619387,0.028228330927836293,-11.562760381870703,1998,1996,2000,2000,248,232,7097.970900871816,0.999,0.998,0.8758758758758759,0.8837675350701403,1616058,1586494,1834092,1776874,202985,178270,5265113.0836524675,0.8811215576972148,0.8928567810660745,0.8743949783980526,0.8876327297802576,1998,1996,1752,1766,1750,248,0,2,1764,232,2,2,0.875,0.883,0.8758758758758759,0.8837675350701403,0.9988584474885844,0.9988674971687429,1998,1996,7097.970900871816,99300.0,0.8811215576972148,0.8928567810660745,0.8743949783980526,0.8876327297802576
994,0.0,98903.0,4000,2851.86083478816,2855.359017125446,2863.430036707948,2867.0600188864028,3.4981823372859253,3.629982178454611,0.9636913255522381,0.028114118323614178,0.028357841742574025,0.0282359800330941,-11.701001760956842,2000,1997,2000,2000,220,210,7098.9610902853265,1.0,0.9985,0.89,0.8948422633950927,1618058,1588491,1836092,1778874,203205,178480,5272212.044742753,0.8812510484224102,0.8929755564475056,0.8744142669793048,0.8876417933749703,2000,1997,1780,1790,1780,220,0,0,1787,210,0,3,0.89,0.8935,0.89,0.8948422633950927,1.0,0.9983240223463687,2000,1997,7098.9610902853265,99400.0,0.8812510484224102,0.8929755564475056,0.8744142669793048,0.8876417933749703
995,0.0,99002.5,4000,2855.3735095021416,2858.892987097873,2867.0794306300827,2870.6939657171424,3.519477595731587,3.6145350870597213,0.9737013228427505,0.028121380214469114,0.028365863477815053,0.028243621846142083,-11.800978619269245,1997,1999,2000,2000,217,205,7099.946847055678,0.9985,0.9995,0.8913370055082623,0.8974487243621811,1620055,1590490,1838092,1780874,203422,178685,5279311.991589809,0.8813786252265937,0.8930951880930375,0.8744351272024715,0.8876541191708216,1997,1999,1783,1795,1780,217,0,3,1794,205,0,1,0.89,0.897,0.8913370055082624,0.897448724362181,0.9983174425126192,0.9994428969359331,1997,1999,7099.946847055678,99500.0,0.8813786252265937,0.8930951880930375,0.8744351272024715,0.8876541191708216
996,0.0,99102.0,4000,2858.909158326729,2862.397932113757,2870.712042489111,2874.344616045824,3.4887737870280944,3.6325735567129414,0.9604138037565386,0.028128336107987557,0.028374036810956616,0.028251186459472086,-11.946683932066662,1998,2000,2000,2000,217,199,7100.939567186404,0.999,1.0,0.8913913913913913,0.9005,1622053,1592490,1840092,1782874,203639,178884,5286412.931156995,0.8815064681548531,0.8932151122289068,0.8744560134594862,0.8876702522464819,1998,2000,1782,1801,1781,217,1,1,1801,199,0,0,0.891,0.9005,0.8913913913913913,0.9005,0.999438832772166,1.0,1998,2000,7100.939567186404,99600.0,0.8815064681548531,0.8932151122289068,0.8744560134594862,0.8876702522464819
997,0.0,99201.5,4000,2862.4142422127165,2865.9099232757544,2874.365331495536,2877.9638059199174,3.495681063037864,3.598474424381493,0.9714341831507397,0.028135348721339597,0.028381878197044862,0.028258613459192228,-12.053882644162968,1998,1997,2000,2000,219,208,7101.928248754689,0.999,0.9985,0.8903903903903904,0.8958437656484727,1624051,1594487,1842092,1784874,203858,179092,5293514.8594057495,0.8816340334793268,0.8933330868173328,0.8744756168371559,0.8876804890852042,1998,1997,1781,1792,1779,219,0,2,1789,208,0,3,0.8895,0.8945,0.8903903903903904,0.8958437656484727,0.9988770353733858,0.9983258928571429,1998,1997,7101.928248754689,99700.0,0.8816340334793268,0.8933330868173328,0.8744756168371559,0.8876804890852042
998,0.0,99301.0,4000,2865.926223143704,2869.438497400431,2877.984631132527,2881.590297515532,3.5122742567268688,3.605666383004973,0.9740985115211156,0.028142513443308963,0.02838977703247482,0.028266145237891893,-12.151800115100741,1998,1998,2000,2000,223,200,7102.909410623599,0.999,0.999,0.8883883883883884,0.8998998998998999,1626049,1596485,1844092,1786874,204081,179292,5300617.768816373,0.8817613221032357,0.893451356950742,0.8744927120892421,0.887695781670357,1998,1998,1777,1800,1775,223,0,2,1798,200,0,2,0.8875,0.899,0.8883883883883884,0.8998998998998999,0.9988745075970737,0.9988888888888889,1998,1998,7102.909410623599,99800.0,0.8817613221032357,0.893451356950742,0.8744927120892421,0.887695781670357
999,0.0,99400.5,4000,2869.452230297253,2872.9125484076253,2881.6035114356573,2885.1347208359925,3.4603181103721,3.5312094003352286,0.9799243596382592,0.028149118044538828,0.028396838550164644,0.028272978297351738,-12.22217242836723,1999,1998,2000,2000,240,236,7103.890935333683,0.9995,0.999,0.8799399699849925,0.8818818818818819,1628048,1598483,1846092,1788874,204321,179528,5307721.659751707,0.8818888766106998,0.8935693626269933,0.8744994005090759,0.8876885146729743,1999,1998,1760,1764,1759,240,0,1,1762,236,0,2,0.8795,0.881,0.8799399699849925,0.8818818818818819,0.9994318181818181,0.9988662131519275,1999,1998,7103.890935333683,99900.0,0.8818888766106998,0.8935693626269933,0.8744994005090759,0.8876885146729743
1000,0.0,99500.0,4000,2872.9253560706543,2876.420120432809,2885.1518327989847,2888.7723075397507,3.4947643621549105,3.620474740765985,0.965277929660551,0.028156044646746127,0.02840481757865206,0.028280431112699095,-12.352187106941528,1999,1998,2000,2000,231,210,7104.871902349813,0.9995,0.999,0.8844422211105553,0.8948948948948949,1630047,1600481,1848092,1790874,204552,179738,5314826.531654056,0.8820161550399006,0.8936871047321029,0.8745115938374783,0.887697510935775,1999,1998,1769,1790,1768,231,0,1,1788,210,0,2,0.884,0.894,0.8844422211105553,0.8948948948948949,0.9994347088750707,0.9988826815642458,1999,1998,7104.871902349813,100000.0,0.8820161550399006,0.8936871047321029,0.8745115938374783,0.887697510935775
