episode,time_start,time_end,timesteps_in_episode,mu_M_start,mu_M_end,mu_F_start,mu_F_end,delta_mu_M,delta_mu_F,rho_episode,R_M,R_F,R_total,wealth_gap,loans_M_episode,loans_F_episode,applications_M_episode,applications_F_episode,defaults_M_episode,defaults_F_episode,profit_episode,approval_rate_M_episode,approval_rate_F_episode,success_prob_M_episode,success_prob_F_episode,total_loans_M,total_loans_F,total_applications_M,total_applications_F,total_defaults_M,total_defaults_F,cumulative_profit,approval_rate_M_cumulative,approval_rate_F_cumulative,success_prob_M_cumulative,success_prob_F_cumulative,actual_approvals_M_episode,actual_approvals_F_episode,true_approvals_M_episode,true_approvals_F_episode,true_positive_M,false_positive_M,true_negative_M,false_negative_M,true_positive_F,false_positive_F,true_negative_F,false_negative_F,accuracy_M,accuracy_F,precision_M,precision_F,recall_M,recall_F,hawkes_events_M,hawkes_events_F,total_profit,cumulative_time,approval_rate_M,approval_rate_F,success_prob_M,success_prob_F
1,0.0,99.5,1105,60.81565575819663,61.4013131137613,48.29054967454462,48.75114700950556,0.5856573555646705,0.46059733496093713,1.271517030410824,0.005856573555646704,0.004605973349609371,0.005231273452628037,12.650166104255739,324,248,607,498,49,48,93445.64996097093,0.5337726523887973,0.4979919678714859,0.8487654320987654,0.8064516129032258,324,248,607,498,49,48,93445.64996097093,0.5337726523887973,0.4979919678714859,0.8487654320987654,0.8064516129032258,324,248,514,410,275,49,44,239,200,48,40,210,0.5255354200988468,0.4819277108433735,0.8487654320987654,0.8064516129032258,0.5350194552529183,0.4878048780487805,324,248,93445.64996097093,100.0,0.5337726523887973,0.4979919678714859,0.8487654320987654,0.8064516129032258
2,0.0,199.0,1107,61.4013131137613,61.842723962715446,48.75114700950556,49.09444937147294,0.44141084895414906,0.34330236196738184,1.2857786542001386,0.0051353410225940975,0.004019498484641595,0.004577419753617846,12.748274591242506,261,211,599,508,41,31,94404.95338095253,0.4357262103505843,0.4153543307086614,0.842911877394636,0.8530805687203792,585,459,1206,1006,90,79,187850.60334192344,0.48507462686567165,0.4562624254473161,0.8461538461538461,0.8278867102396514,261,211,493,432,220,41,65,273,180,31,45,252,0.4757929883138564,0.44291338582677164,0.842911877394636,0.8530805687203792,0.4462474645030426,0.4166666666666667,261,211,94404.95338095253,200.0,0.48507462686567165,0.4562624254473161,0.8461538461538461,0.8278867102396514
3,0.0,298.5,1094,61.842723962715446,62.17811967206846,49.09585459384458,49.3943561495905,0.33539570935301555,0.2985015557459221,1.1235978603692671,0.004541546379572783,0.0036793549168195956,0.004110450648196189,12.783763522477962,214,180,594,500,30,34,93837.21380196579,0.3602693602693603,0.36,0.8598130841121495,0.8111111111111111,799,639,1800,1506,120,113,281687.81714388926,0.4438888888888889,0.4243027888446215,0.8498122653316645,0.8231611893583725,214,180,520,418,184,30,44,336,146,34,48,272,0.3838383838383838,0.388,0.8598130841121495,0.8111111111111111,0.35384615384615387,0.3492822966507177,214,180,93837.21380196579,300.0,0.4438888888888889,0.4243027888446215,0.8498122653316645,0.8231611893583725
4,0.0,398.0,1124,62.1834278719213,62.51394044806134,49.395716353971174,49.66958696657965,0.3305125761400376,0.27387061260847645,1.2068201585853833,0.004245711724661785,0.0034475932300875732,0.0038466524773746787,12.84435348148169,202,162,610,514,40,21,97159.00226846528,0.33114754098360655,0.3151750972762646,0.801980198019802,0.8703703703703703,1001,801,2410,2020,160,134,378846.81941235455,0.4153526970954357,0.39653465346534655,0.8401598401598401,0.83270911360799,202,162,507,439,162,40,63,345,141,21,54,298,0.36885245901639346,0.37937743190661477,0.801980198019802,0.8703703703703703,0.31952662721893493,0.3211845102505695,202,162,97159.00226846528,400.0,0.4153526970954357,0.39653465346534655,0.8401598401598401,0.83270911360799
5,0.0,497.5,1054,62.521634496556324,62.792201420491054,49.67188868789666,49.877633596964934,0.27056692393473014,0.20574490906827236,1.3150601157521127,0.003953091324588854,0.003174167844840625,0.0035636295847147393,12.91456782352612,176,127,611,443,25,17,91466.3217077545,0.28805237315875615,0.2866817155756208,0.8579545454545454,0.8661417322834646,1177,928,3021,2463,185,151,470313.14112010907,0.3896060906984442,0.37677628907835975,0.8428207306711979,0.8372844827586207,176,127,526,375,151,25,60,375,110,17,51,265,0.3453355155482815,0.36343115124153497,0.8579545454545454,0.8661417322834646,0.2870722433460076,0.29333333333333333,176,127,91466.3217077545,500.0,0.3896060906984442,0.37677628907835975,0.8428207306711979,0.8372844827586207
6,0.0,597.0,1140,62.792201420491054,63.11985184703246,49.877633596964934,50.1088504309982,0.3276504265414033,0.23121683403326898,1.4170699461020162,0.003840326814726384,0.003030501260755969,0.0034354140377411764,13.011001416034254,194,153,654,486,26,19,99382.27531472118,0.2966360856269113,0.3148148148148148,0.865979381443299,0.8758169934640523,1371,1081,3675,2949,211,170,569695.4164348303,0.3730612244897959,0.3665649372668701,0.8460977388767323,0.8427382053654024,194,153,563,419,168,26,65,395,134,19,48,285,0.3562691131498471,0.37448559670781895,0.865979381443299,0.8758169934640523,0.2984014209591474,0.3198090692124105,194,153,99382.27531472118,600.0,0.3730612244897959,0.3665649372668701,0.8460977388767323,0.8427382053654024
7,0.0,696.5,1092,63.121635737352634,63.41367781773028,50.1088504309982,50.37246594312034,0.292042080377648,0.2636155121221364,1.1078334428299546,0.003711460085048078,0.002974166097965311,0.0033428130915066946,13.041211874609942,174,160,587,505,31,22,95640.2349225089,0.29642248722316866,0.31683168316831684,0.8218390804597702,0.8625,1545,1241,4262,3454,242,192,665335.6513573392,0.3625058657907086,0.35929357266936884,0.8433656957928802,0.8452860596293312,174,160,487,432,143,31,69,344,138,22,51,294,0.36115843270868825,0.37425742574257426,0.8218390804597702,0.8625,0.2936344969199179,0.3194444444444444,174,160,95640.2349225089,700.0,0.3625058657907086,0.35929357266936884,0.8433656957928802,0.8452860596293312
8,0.0,796.0,1123,63.41367781773028,63.75901895514117,50.37539065054884,50.60534341156011,0.345341137410891,0.22995276101127615,1.5017916544779237,0.003679203996180682,0.002893492171269365,0.0032863480837250236,13.153675543581059,175,140,631,492,24,21,98777.77072005061,0.277337559429477,0.2845528455284553,0.8628571428571429,0.85,1720,1381,4893,3946,266,213,764113.4220773899,0.35152258328223995,0.34997465788139887,0.8453488372093023,0.8457639391745112,175,140,540,424,151,24,67,389,119,21,47,305,0.34548335974643424,0.33739837398373984,0.8628571428571429,0.85,0.2796296296296296,0.2806603773584906,175,140,98777.77072005061,800.0,0.35152258328223995,0.34997465788139887,0.8453488372093023,0.8457639391745112
9,0.0,895.5,1186,63.75901895514117,64.08050338287038,50.6110731303597,50.88197741282126,0.32148442772920305,0.27090428246155795,1.1867085481560173,0.003627608471859721,0.002879364153640706,0.0032534863127502136,13.198525970049118,203,149,670,516,23,29,104838.78981973378,0.3029850746268657,0.28875968992248063,0.8866995073891626,0.8053691275167785,1923,1530,5563,4462,289,242,868952.2118971237,0.3456767930972497,0.34289556252801434,0.8497139885595424,0.8418300653594771,203,149,566,429,180,23,81,386,120,29,58,309,0.3895522388059702,0.3449612403100775,0.8866995073891626,0.8053691275167785,0.31802120141342755,0.27972027972027974,203,149,104838.78981973378,900.0,0.3456767930972497,0.34289556252801434,0.8497139885595424,0.8418300653594771
10,0.0,995.0,1163,64.08050338287038,64.41399001728266,50.88197741282126,51.12383488200672,0.33348663441228155,0.24185746918546158,1.3788560491243573,0.0035983342590860303,0.0028332852074620975,0.003215809733274064,13.290155135275938,209,161,656,507,24,18,103353.9274708831,0.31859756097560976,0.3175542406311637,0.8851674641148325,0.8881987577639752,2132,1691,6219,4969,313,260,972306.1393680068,0.3428203891300852,0.34030992151338296,0.8531894934333959,0.8462448255470136,209,161,550,436,185,24,82,365,143,18,53,293,0.4070121951219512,0.3865877712031558,0.8851674641148325,0.8881987577639752,0.33636363636363636,0.32798165137614677,209,161,103353.9274708831,1000.0,0.3428203891300852,0.34030992151338296,0.8531894934333959,0.8462448255470136
11,0.0,1094.5,1099,64.41903695076502,64.68673685786027,51.12383488200672,51.359590140540156,0.26769990709524905,0.23575525853343748,1.1354991984506713,0.0035191646360578557,0.002790036787268668,0.0031546007116632618,13.327146717320112,171,161,588,511,27,27,98071.69663429027,0.29081632653061223,0.3150684931506849,0.8421052631578947,0.8322981366459627,2303,1852,6807,5480,340,287,1070377.8360022972,0.33832819156750404,0.33795620437956203,0.8523664785062961,0.8450323974082073,171,161,478,423,144,27,83,334,134,27,61,289,0.38605442176870747,0.3816046966731898,0.8421052631578947,0.8322981366459627,0.301255230125523,0.31678486997635935,171,161,98071.69663429027,1100.0,0.33832819156750404,0.33795620437956203,0.8523664785062961,0.8450323974082073
12,0.0,1194.0,1123,64.68886641328241,64.99304091451911,51.359590140540156,51.55244654411153,0.30417450123670164,0.19285640357137623,1.5772071634848595,0.0034811542969354057,0.002718247391305759,0.0030997008441205824,13.440594370407581,185,155,672,451,39,18,100636.7492226874,0.27529761904761907,0.3436807095343681,0.7891891891891891,0.8838709677419355,2488,2007,7479,5931,379,305,1171014.5852249847,0.33266479475865757,0.33839150227617604,0.847668810289389,0.8480318883906328,185,155,549,375,146,39,84,403,137,18,58,238,0.34226190476190477,0.43237250554323725,0.7891891891891892,0.8838709677419355,0.2659380692167577,0.36533333333333334,185,155,100636.7492226874,1200.0,0.33266479475865757,0.33839150227617604,0.847668810289389,0.8480318883906328
13,0.0,1293.5,1146,64.99304091451911,65.31068777943113,51.55446640622255,51.7959402156849,0.317646864912021,0.24147380946234875,1.3154505891105732,0.0034577169394111595,0.0026964542624155997,0.0030770856009133796,13.514747563746234,192,150,664,482,31,18,103093.8994847247,0.2891566265060241,0.3112033195020747,0.8385416666666666,0.88,2680,2157,8143,6413,410,323,1274108.4847097094,0.3291170330345082,0.3363480430375799,0.8470149253731343,0.8502549837737599,192,150,575,413,161,31,58,414,132,18,51,281,0.32981927710843373,0.3796680497925311,0.8385416666666666,0.88,0.28,0.3196125907990315,192,150,103093.8994847247,1300.0,0.3291170330345082,0.3363480430375799,0.8470149253731343,0.8502549837737599
14,0.0,1393.0,1072,65.31068777943113,65.5965179880756,51.79861054839644,51.98262072340976,0.2858302086444695,0.18401017501332007,1.5533391489018415,0.003414901592770698,0.0026371936063322413,0.0030260475995514697,13.613897264665844,161,130,619,453,25,17,96767.08953122768,0.26009693053311794,0.2869757174392936,0.84472049689441,0.8692307692307693,2841,2287,8762,6866,435,340,1370875.5742409371,0.32424104085825156,0.3330905913195456,0.8468848996832101,0.8513336248360297,161,130,522,391,136,25,72,386,113,17,45,278,0.3360258481421648,0.3487858719646799,0.84472049689441,0.8692307692307693,0.26053639846743293,0.289002557544757,161,130,96767.08953122768,1400.0,0.32424104085825156,0.3330905913195456,0.8468848996832101,0.8513336248360297
15,0.0,1492.5,1141,65.60283531835852,65.86537709486447,51.983928541613686,52.184783135874866,0.2625417765059552,0.20085459426118035,1.3071235809750024,0.003366480891111896,0.00259615564088683,0.002981318265999363,13.680593958989604,161,118,612,529,21,19,103474.91178665112,0.2630718954248366,0.22306238185255198,0.8695652173913043,0.8389830508474576,3002,2405,9374,7395,456,359,1474350.4860275881,0.32024749306592704,0.32521974306964163,0.8481012658227848,0.8507276507276507,161,118,534,447,140,21,57,394,99,19,63,348,0.32189542483660133,0.30623818525519847,0.8695652173913043,0.8389830508474576,0.26217228464419473,0.2214765100671141,161,118,103474.91178665112,1500.0,0.32024749306592704,0.32521974306964163,0.8481012658227848,0.8507276507276507
16,0.0,1592.0,1074,65.86699985394152,66.10334613279971,52.18600160028115,52.38782266742455,0.2363462788581927,0.2018210671433991,1.1710684231506048,0.00330480648412693,0.002560795620549956,0.002932801052338443,13.715523465375163,146,114,576,498,17,20,97695.75236648793,0.2534722222222222,0.2289156626506024,0.8835616438356164,0.8245614035087719,3148,2519,9950,7893,473,379,1572046.238394076,0.3163819095477387,0.3191435449132142,0.8497458703939009,0.8495434696308058,146,114,503,425,129,17,56,374,94,20,53,331,0.3211805555555556,0.29518072289156627,0.8835616438356164,0.8245614035087719,0.25646123260437376,0.2211764705882353,146,114,97695.75236648793,1600.0,0.3163819095477387,0.3191435449132142,0.8497458703939009,0.8495434696308058
17,0.0,1691.5,1129,66.10618593778337,66.34806760090545,52.38782266742455,52.56675418729208,0.24188166312208637,0.17893151986752542,1.3518113706359114,0.0032543599074757795,0.002515414419263209,0.002884887163369494,13.781313413613375,136,103,638,491,21,14,103021.65358940142,0.21316614420062696,0.20977596741344195,0.8455882352941176,0.8640776699029127,3284,2622,10588,8384,494,393,1675067.8919834774,0.3101624480544012,0.3127385496183206,0.8495736906211937,0.8501144164759725,136,103,532,410,115,21,85,417,89,14,67,321,0.31347962382445144,0.31771894093686354,0.8455882352941176,0.8640776699029126,0.2161654135338346,0.21707317073170732,136,103,103021.65358940142,1700.0,0.3101624480544012,0.3127385496183206,0.8495736906211937,0.8501144164759725
18,0.0,1791.0,1128,66.34806760090545,66.55404907341268,52.56675418729208,52.74081111375268,0.20598147250723287,0.1740569264606009,1.1834143960588568,0.003187996286231143,0.002472367466226698,0.0028301818762289203,13.813237959660007,121,104,615,513,16,18,103300.45338992622,0.1967479674796748,0.20272904483430798,0.8677685950413223,0.8269230769230769,3405,2726,11203,8897,510,411,1778368.3453734035,0.30393644559492994,0.30639541418455657,0.8502202643171806,0.8492296404988995,121,104,530,423,105,16,69,425,86,18,72,337,0.28292682926829266,0.3079922027290448,0.8677685950413223,0.8269230769230769,0.19811320754716982,0.2033096926713948,121,104,103300.45338992622,1800.0,0.30393644559492994,0.30639541418455657,0.8502202643171806,0.8492296404988995
19,0.0,1890.5,1113,66.55404907341268,66.77568997437038,52.74081111375268,52.916847231835085,0.22164090095769495,0.1760361180824077,1.2590649201542736,0.0031368601137756595,0.002434893451205507,0.0027858767824905832,13.858842742535295,110,114,621,492,17,13,102537.1575212664,0.17713365539452497,0.23170731707317074,0.8454545454545455,0.8859649122807017,3515,2840,11824,9389,527,424,1880905.50289467,0.2972767253044655,0.3024816274363617,0.8500711237553342,0.8507042253521127,110,114,519,415,93,17,85,426,101,13,64,314,0.286634460547504,0.3353658536585366,0.8454545454545455,0.8859649122807017,0.1791907514450867,0.2433734939759036,110,114,102537.1575212664,1900.0,0.2972767253044655,0.3024816274363617,0.8500711237553342,0.8507042253521127
20,0.0,1990.0,1101,66.77691662700884,66.97922514778116,52.91840041725685,53.04567330404342,0.20230852077231987,0.1272728867865709,1.5895649566869596,0.003081784694792269,0.002377561814749399,0.002729673254770834,13.933551843737746,116,95,642,459,19,16,101462.8414741052,0.1806853582554517,0.20697167755991286,0.8362068965517242,0.8315789473684211,3631,2935,12466,9848,546,440,1982368.3443687751,0.29127226054869243,0.2980300568643379,0.8496282015973561,0.8500851788756388,116,95,528,385,97,19,95,431,79,16,58,306,0.29906542056074764,0.2984749455337691,0.8362068965517241,0.8315789473684211,0.18371212121212122,0.2051948051948052,116,95,101462.8414741052,2000.0,0.29127226054869243,0.2980300568643379,0.8496282015973561,0.8500851788756388
21,0.0,2089.5,1123,66.97922514778116,67.15742268445032,53.04738215659735,53.169219045598325,0.17819753666915972,0.12183688900097422,1.4625909946513393,0.003019889012501761,0.002323175890977954,0.0026715324517398572,13.988203638852,116,95,606,517,18,15,103893.8743463816,0.19141914191419143,0.18375241779497098,0.8448275862068966,0.8421052631578947,3747,3030,13072,10365,564,455,2086262.2187151567,0.2866432068543452,0.29232995658465993,0.8494795836669335,0.8498349834983498,116,95,514,450,98,18,74,416,80,15,52,370,0.2838283828382838,0.2553191489361702,0.8448275862068966,0.8421052631578947,0.19066147859922178,0.17777777777777778,116,95,103893.8743463816,2100.0,0.2866432068543452,0.29232995658465993,0.8494795836669335,0.8498349834983498
22,0.0,2189.0,1118,67.15742268445032,67.30815419957719,53.169219045598325,53.300171617816495,0.15073151512686422,0.13095257221817036,1.1510389797898863,0.0029511356551729824,0.0022771008833053974,0.00261411826923919,14.007982581760693,113,68,622,496,23,10,103601.73298902535,0.18167202572347266,0.13709677419354838,0.7964601769911505,0.8529411764705882,3860,3098,13694,10861,587,465,2189863.951704182,0.2818752738425588,0.2852407697265445,0.8479274611398964,0.8499031633311814,113,68,537,421,90,23,62,447,58,10,65,363,0.24437299035369775,0.24798387096774194,0.7964601769911505,0.8529411764705882,0.16759776536312848,0.1377672209026128,113,68,103601.73298902535,2200.0,0.2818752738425588,0.2852407697265445,0.8479274611398964,0.8499031633311814
23,0.0,2288.5,1124,67.30815419957719,67.44822829746563,53.300171617816495,53.4359522922985,0.14007409788844427,0.1357806744820067,1.0316202833931756,0.0028837271909865243,0.00223713157293647,0.002560429381961497,14.01227600516713,107,65,632,492,21,7,104401.53957787051,0.16930379746835442,0.13211382113821138,0.8037383177570093,0.8923076923076922,3967,3163,14326,11353,608,472,2294265.491282053,0.2769091162920564,0.2786047740685281,0.8467355684396269,0.8507745810938983,107,65,537,413,86,21,74,451,58,7,72,355,0.25316455696202533,0.26422764227642276,0.8037383177570093,0.8923076923076924,0.1601489757914339,0.14043583535108958,107,65,104401.53957787051,2300.0,0.2769091162920564,0.2786047740685281,0.8467355684396269,0.8507745810938983
24,0.0,2388.0,1148,67.44822829746563,67.62986323808414,53.4359522922985,53.54461367813601,0.18163494061850827,0.1086613858375074,1.6715684161264588,0.0028392531166197975,0.002189193334829745,0.0025142232257247712,14.085249559948132,79,73,627,521,12,8,106870.94254129528,0.12599681020733652,0.1401151631477927,0.8481012658227848,0.8904109589041096,4046,3236,14953,11874,620,480,2401136.433823348,0.2705811542834214,0.27252821290213913,0.8467622343054869,0.8516687268232386,79,73,525,442,67,12,90,458,65,8,71,377,0.2503987240829346,0.26103646833013433,0.8481012658227848,0.8904109589041096,0.12761904761904763,0.14705882352941177,79,73,106870.94254129528,2400.0,0.2705811542834214,0.27252821290213913,0.8467622343054869,0.8516687268232386
25,0.0,2487.5,1117,67.62986323808414,67.72635465086061,53.54461367813601,53.650334933177255,0.09649141277647288,0.10572125504124585,0.9126964368596262,0.0027642795570655947,0.0021439141034530537,0.002454096830259324,14.076019717683359,90,70,590,527,14,12,104121.23221686643,0.15254237288135594,0.13282732447817835,0.8444444444444444,0.8285714285714285,4136,3306,15543,12401,634,492,2505257.6660402142,0.26610049539985847,0.2665914039190388,0.8467117988394584,0.8511796733212341,90,70,492,456,76,14,84,416,58,12,59,398,0.2711864406779661,0.222011385199241,0.8444444444444444,0.8285714285714286,0.15447154471544716,0.12719298245614036,90,70,104121.23221686643,2500.0,0.26610049539985847,0.2665914039190388,0.8467117988394584,0.8511796733212341
26,0.0,2587.0,1151,67.72635465086061,67.87057097633034,53.650334933177255,53.75225599656756,0.14421632546972774,0.10192106339030715,1.414980580779958,0.0027134289300514286,0.0021006562777011314,0.00240704260387628,14.11831497976278,100,82,655,496,16,12,107471.85806863061,0.15267175572519084,0.16532258064516128,0.84,0.8536585365853658,4236,3388,16198,12897,650,504,2612729.524108845,0.2615137671317447,0.2626967511824455,0.8465533522190746,0.8512396694214877,100,82,560,404,84,16,79,476,70,12,80,334,0.24885496183206107,0.3024193548387097,0.84,0.8536585365853658,0.15,0.17326732673267325,100,82,107471.85806863061,2600.0,0.2615137671317447,0.2626967511824455,0.8465533522190746,0.8512396694214877
27,0.0,2686.5,1135,67.87317448542014,68.04731797584465,53.75292266323423,53.83353773539664,0.1741434904245125,0.08061507216240926,2.1601852575865514,0.002678393413943712,0.0020529585410563028,0.0023656759775000074,14.21378024044801,86,73,658,477,11,13,106211.0959594004,0.13069908814589665,0.1530398322851153,0.872093023255814,0.821917808219178,4322,3461,16856,13374,661,517,2718940.620068245,0.25640721404841005,0.25878570360400777,0.8470615455807496,0.8506212077434268,86,73,551,408,75,11,96,476,60,13,56,348,0.25987841945288753,0.2431865828092243,0.872093023255814,0.821917808219178,0.13611615245009073,0.14705882352941177,86,73,106211.0959594004,2700.0,0.25640721404841005,0.25878570360400777,0.8470615455807496,0.8506212077434268
28,0.0,2786.0,1111,68.04731797584465,68.15573429714284,53.83353773539664,53.93093642180343,0.10841632129819345,0.09739868640679106,1.1131189269369264,0.00262145662105222,0.0020144238383067174,0.0023179402296794687,14.224797875339412,74,66,631,480,16,8,104033.60252477843,0.11727416798732171,0.1375,0.7837837837837838,0.8787878787878788,4396,3527,17487,13854,677,525,2822974.2225930234,0.2513867444387259,0.254583513786632,0.8459963603275705,0.8511482846611851,74,66,527,405,58,16,88,469,58,8,67,347,0.23137876386687797,0.2604166666666667,0.7837837837837838,0.8787878787878788,0.11005692599620494,0.14320987654320988,74,66,104033.60252477843,2800.0,0.2513867444387259,0.254583513786632,0.8459963603275705,0.8511482846611851
29,0.0,2885.5,1198,68.15640096380952,68.26720357937067,53.93093642180343,54.025872439405425,0.11080261556115545,0.0949360176019951,1.1671293820821371,0.0025694992486807056,0.001977697505124415,0.0022735983769025603,14.241331139965247,98,76,671,527,10,15,112372.35803239128,0.14605067064083457,0.1442125237191651,0.8979591836734694,0.8026315789473684,4494,3603,18158,14381,687,540,2935346.580625415,0.24749421742482652,0.25053890550031294,0.8471295060080106,0.8501248959200666,98,76,569,433,88,10,92,481,61,15,79,372,0.26825633383010433,0.2656546489563567,0.8979591836734694,0.8026315789473685,0.1546572934973638,0.14087759815242495,98,76,112372.35803239128,2900.0,0.24749421742482652,0.25053890550031294,0.8471295060080106,0.8501248959200666
30,0.0,2985.0,1174,68.26720357937067,68.39301072971952,54.02689948816502,54.138269765290914,0.12580715034884804,0.11137027712589287,1.129629498960802,0.0025257849905076313,0.0019492400302487643,0.0022375125103781977,14.254740964428606,92,70,659,515,16,8,110440.02142012629,0.13960546282245828,0.13592233009708737,0.8260869565217391,0.8857142857142857,4586,3673,18817,14896,703,548,3045786.602045541,0.24371578891427964,0.2465762620837809,0.8467073702573048,0.8508031581813231,92,70,547,443,76,16,96,471,62,8,64,381,0.26100151745068284,0.2446601941747573,0.8260869565217391,0.8857142857142857,0.13893967093235832,0.1399548532731377,92,70,110440.02142012629,3000.0,0.24371578891427964,0.2465762620837809,0.8467073702573048,0.8508031581813231
31,0.0,3084.5,1109,68.39301072971952,68.51570003388794,54.138269765290914,54.24208356293589,0.12268930416841783,0.10381379764497467,1.1818207882924594,0.0024838852502230037,0.0019198496414165379,0.0022018674458197706,14.27361647095205,100,66,647,462,12,6,104486.27044609148,0.1545595054095827,0.14285714285714285,0.88,0.9090909090909091,4686,3739,19464,15358,715,554,3150272.8724916326,0.2407521578298397,0.2434561791899987,0.8474178403755869,0.8518320406525809,100,66,561,396,88,12,74,473,60,6,60,336,0.250386398763524,0.2597402597402597,0.88,0.9090909090909091,0.1568627450980392,0.15151515151515152,100,66,104486.27044609148,3100.0,0.2407521578298397,0.2434561791899987,0.8474178403755869,0.8518320406525809
32,0.0,3184.0,1184,68.51570003388794,68.659979583414,54.24208356293589,54.334866784667625,0.14427954952606115,0.09278322173173592,1.5550176727341558,0.002451351195380429,0.0018888490969134386,0.002170100146146934,14.325112798746375,108,71,660,524,26,16,111718.28700843206,0.16363636363636364,0.13549618320610687,0.7592592592592593,0.7746478873239436,4794,3810,20124,15882,741,570,3261991.159500065,0.23822301729278472,0.2398942198715527,0.8454317897371715,0.8503937007874016,108,71,551,431,82,26,83,469,55,16,77,376,0.25,0.25190839694656486,0.7592592592592593,0.7746478873239436,0.14882032667876588,0.12761020881670534,108,71,111718.28700843206,3200.0,0.23822301729278472,0.2398942198715527,0.8454317897371715,0.8503937007874016
33,0.0,3283.5,1158,68.66245676730179,68.83310895245039,54.334866784667625,54.45111588194252,0.17065218514859737,0.11624909727489552,1.467987185698778,0.0024295312709859884,0.00186683824466603,0.0021481847578260094,14.381993070507868,81,82,653,505,9,13,109458.31112986527,0.12404287901990811,0.16237623762376238,0.8888888888888888,0.8414634146341463,4875,3892,20777,16387,750,583,3371449.47062993,0.23463445155701015,0.2375053395984622,0.8461538461538461,0.8502055498458376,81,82,568,423,72,9,76,496,69,13,69,354,0.22664624808575803,0.2732673267326733,0.8888888888888888,0.8414634146341463,0.1267605633802817,0.16312056737588654,81,82,109458.31112986527,3300.0,0.23463445155701015,0.2375053395984622,0.8461538461538461,0.8502055498458376
34,0.0,3383.0,1122,68.83310895245039,69.00169919160169,54.45306842900797,54.57010015843617,0.16859023915129967,0.11703172942819862,1.4405515493534022,0.0024076598333544297,0.0018469266129092787,0.0021272932231318543,14.431599033165519,99,75,616,506,13,10,106259.61171145059,0.16071428571428573,0.1482213438735178,0.8686868686868687,0.8666666666666667,4974,3967,21393,16893,763,593,3477709.0823413804,0.23250595989342307,0.2348309950867223,0.8466023321270607,0.8505167632972019,99,75,516,422,86,13,87,430,65,10,74,357,0.28084415584415584,0.274703557312253,0.8686868686868687,0.8666666666666667,0.16666666666666666,0.15402843601895735,99,75,106259.61171145059,3400.0,0.23250595989342307,0.2348309950867223,0.8466023321270607,0.8505167632972019
35,0.0,3482.5,1098,69.00169919160169,69.13629339005175,54.57010015843617,54.706491098962445,0.13459419845005982,0.13639094052627598,0.9868265291720749,0.0023773250376728917,0.0018331261212622353,0.0021052255794675634,14.429802291089302,89,68,621,477,11,7,104248.75244530191,0.143317230273752,0.14255765199161424,0.8764044943820225,0.8970588235294118,5063,4035,22014,17370,774,600,3581957.8347866824,0.22999000635958936,0.23229706390328153,0.8471262097570611,0.8513011152416357,89,68,526,416,78,11,84,448,61,7,54,355,0.2608695652173913,0.24109014675052412,0.8764044943820225,0.8970588235294118,0.1482889733840304,0.1466346153846154,89,68,104248.75244530191,3500.0,0.22999000635958936,0.23229706390328153,0.8471262097570611,0.8513011152416357
36,0.0,3582.0,1176,69.14158057675249,69.30296753585289,54.70753961551201,54.833028943569786,0.16138695910039758,0.12548932805777469,1.2860612260677322,0.0023575866049045167,0.0018173553525069903,0.0020874709787057537,14.4699385922831,96,83,663,513,18,13,111945.15895246256,0.14479638009049775,0.1617933723196881,0.8125,0.8433734939759037,5159,4118,22677,17883,792,613,3693902.993739145,0.22749922829298408,0.23027456243359615,0.8464818763326226,0.8511413307430792,96,83,562,438,78,18,83,484,70,13,62,368,0.24283559577677225,0.2573099415204678,0.8125,0.8433734939759037,0.1387900355871886,0.1598173515981735,96,83,111945.15895246256,3600.0,0.22749922829298408,0.23027456243359615,0.8464818763326226,0.8511413307430792
37,0.0,3681.5,1180,69.30296753585289,69.4809405816789,54.833028943569786,54.957155718357164,0.1779730458260076,0.12412677478737777,1.4338006133718166,0.0023419688712114236,0.0018017854172466333,0.0020718771442290286,14.52378486332173,103,88,659,521,16,11,112552.66055259352,0.15629742033383914,0.1689059500959693,0.8446601941747574,0.875,5262,4206,23336,18404,808,624,3806455.6542917383,0.22548851559821734,0.2285372745055423,0.8464462181679969,0.8516405135520685,103,88,548,442,87,16,95,461,77,11,68,365,0.27617602427921095,0.2783109404990403,0.8446601941747572,0.875,0.15875912408759124,0.17420814479638008,103,88,112552.66055259352,3700.0,0.22548851559821734,0.2285372745055423,0.8464462181679969,0.8516405135520685
38,0.0,3781.0,1200,69.4809405816789,69.71153751625381,54.957155718357164,55.07469232201383,0.23059693457491903,0.11753660365666718,1.9619159257698917,0.002341021515278207,0.0017853006967024237,0.0020631611059903155,14.636845194239982,114,81,676,524,19,13,114729.32420832723,0.16863905325443787,0.15458015267175573,0.8333333333333334,0.8395061728395061,5376,4287,24012,18928,827,637,3921184.9785000654,0.223888055972014,0.22648985629754861,0.8461681547619048,0.8514112432936786,114,81,569,438,95,19,88,474,68,13,73,370,0.27071005917159763,0.26908396946564883,0.8333333333333334,0.8395061728395061,0.16695957820738136,0.1552511415525114,114,81,114729.32420832723,3800.0,0.223888055972014,0.22648985629754861,0.8461681547619048,0.8514112432936786
39,0.0,3880.5,1141,69.71153751625381,69.88256214370999,55.07645057221568,55.263368608950366,0.17102462745617686,0.18691803673468854,0.9149712378957265,0.0023248477911572726,0.0017879022908732678,0.00205637504101527,14.619193534759624,104,95,637,504,19,16,109297.43598610738,0.16326530612244897,0.1884920634920635,0.8173076923076923,0.8315789473684211,5480,4382,24649,19432,846,653,4030482.4144861726,0.22232139234857398,0.2255043227665706,0.8456204379562043,0.8509812870835235,104,95,536,420,85,19,82,451,79,16,68,341,0.2621664050235479,0.2916666666666667,0.8173076923076923,0.8315789473684211,0.15858208955223882,0.1880952380952381,104,95,109297.43598610738,3900.0,0.22232139234857398,0.2255043227665706,0.8456204379562043,0.8509812870835235
40,0.0,3980.0,1183,69.885851061676,70.12805196012309,55.264940183208985,55.45662010908251,0.24220089844709491,0.19167992587352245,1.2635694496611403,0.002328099050481615,0.0017915176086344714,0.0020598083295580434,14.67143185104058,143,115,666,517,17,11,113757.07813014036,0.2147147147147147,0.22243713733075435,0.8811188811188811,0.9043478260869565,5623,4497,25315,19949,863,664,4144239.492616313,0.22212127197313847,0.2254248333249787,0.8465232082518228,0.8523460084500778,143,115,568,429,126,17,81,442,104,11,77,325,0.3108108108108108,0.35009671179883944,0.8811188811188811,0.9043478260869565,0.22183098591549297,0.24242424242424243,143,115,113757.07813014036,4000.0,0.22212127197313847,0.2254248333249787,0.8465232082518228,0.8523460084500778
41,0.0,4079.5,1123,70.13032644950776,70.34156378399759,55.45662010908251,55.634987784600455,0.21123733448982307,0.17836767551794708,1.1842803572812648,0.002323392201414868,0.0017913263683063008,0.0020573592848605843,14.706575999397131,145,106,609,514,18,12,108363.97148225538,0.23809523809523808,0.20622568093385213,0.8758620689655172,0.8867924528301887,5768,4603,25924,20463,881,676,4252603.464098568,0.22249652831353187,0.22494257928944925,0.8472607489597781,0.8531392570063002,145,106,520,449,127,18,71,393,94,12,53,355,0.3251231527093596,0.28599221789883267,0.8758620689655172,0.8867924528301887,0.24423076923076922,0.20935412026726058,145,106,108363.97148225538,4100.0,0.22249652831353187,0.22494257928944925,0.8472607489597781,0.8531392570063002
42,0.0,4179.0,1100,70.34156378399759,70.56665244955563,55.634987784600455,55.821360271808565,0.2250886655580473,0.18637248720811073,1.207735481400238,0.0023216658788950016,0.001793050142205701,0.0020573580105503514,14.745292177747068,132,131,592,508,21,23,106496.98570937372,0.22297297297297297,0.2578740157480315,0.8409090909090909,0.8244274809160306,5900,4734,26516,20971,902,699,4359100.449807942,0.2225071654849902,0.2257403080444423,0.8471186440677966,0.8523447401774398,132,131,495,426,111,21,76,384,108,23,59,318,0.3158783783783784,0.328740157480315,0.8409090909090909,0.8244274809160306,0.22424242424242424,0.2535211267605634,132,131,106496.98570937372,4200.0,0.2225071654849902,0.2257403080444423,0.8471186440677966,0.8523447401774398
43,0.0,4278.5,1169,70.56665244955563,70.8013272608564,55.82487249952741,56.006667262076924,0.2346748113007635,0.1817947625495151,1.2908777349228946,0.002322249186665063,0.0017944459505889075,0.002058347568626985,14.794659998779473,142,126,651,518,26,12,113667.13773507172,0.21812596006144394,0.24324324324324326,0.8169014084507042,0.9047619047619048,6042,4860,27167,21489,928,711,4472767.5875430135,0.2224021791143667,0.22616222253245846,0.8464084740152268,0.8537037037037037,142,126,537,444,116,26,88,421,114,12,62,330,0.31336405529953915,0.33976833976833976,0.8169014084507042,0.9047619047619048,0.21601489757914338,0.25675675675675674,142,126,113667.13773507172,4300.0,0.2224021791143667,0.22616222253245846,0.8464084740152268,0.8537037037037037
44,0.0,4378.0,1215,70.80612535971241,71.06815538715978,56.008910030193896,56.25286218917814,0.26203002744736636,0.24395215898424283,1.0741041544309153,0.0023301135520370797,0.0018096164805985267,0.002069865016317803,14.815293197981639,169,139,686,529,21,21,118509.35442090385,0.24635568513119532,0.2627599243856333,0.8757396449704142,0.8489208633093526,6211,4999,27853,22018,949,732,4591276.941963918,0.22299213729221268,0.2270415114905986,0.8472065689905007,0.8535707141428286,169,139,578,444,148,21,87,430,118,21,64,326,0.3425655976676385,0.3440453686200378,0.8757396449704142,0.8489208633093526,0.2560553633217993,0.26576576576576577,169,139,118509.35442090385,4400.0,0.22299213729221268,0.2270415114905986,0.8472065689905007,0.8535707141428286
45,0.0,4477.5,1264,71.06815538715978,71.35653954348383,56.25286218917814,56.49463750765286,0.28838415632405656,0.24177531847472267,1.1927774850773563,0.0023424186189527126,0.0018231306295796088,0.002082774624266161,14.861902035830973,187,144,730,534,27,15,123843.94150325618,0.25616438356164384,0.2696629213483146,0.8556149732620321,0.8958333333333334,6398,5143,28583,22552,976,747,4715120.883467174,0.22383934506524858,0.22805072720822986,0.8474523288527664,0.8547540346101496,187,144,613,454,160,27,90,453,129,15,65,325,0.3424657534246575,0.36329588014981273,0.8556149732620321,0.8958333333333334,0.26101141924959215,0.2841409691629956,187,144,123843.94150325618,4500.0,0.22383934506524858,0.22805072720822986,0.8474523288527664,0.8547540346101496
46,0.0,4577.0,1171,71.35653954348383,71.66068426291125,56.4972108305056,56.70174104135195,0.3041447194274127,0.20453021084635026,1.487040560750686,0.0023576148923292652,0.0018285198623494195,0.0020930673773393426,14.958943221559295,168,117,677,494,31,14,115198.80607684728,0.2481536189069424,0.23684210526315788,0.8154761904761905,0.8803418803418803,6566,5260,29260,23046,1007,761,4830319.689544021,0.22440191387559807,0.22823917382626052,0.8466341760584831,0.8553231939163498,168,117,576,426,137,31,70,439,103,14,54,323,0.30576070901033975,0.31781376518218624,0.8154761904761905,0.8803418803418803,0.2378472222222222,0.24178403755868544,168,117,115198.80607684728,4600.0,0.22440191387559807,0.22823917382626052,0.8466341760584831,0.8553231939163498
47,0.0,4676.5,1235,71.66068426291125,71.95039820523864,56.70174104135195,56.975722592897675,0.28971394232739556,0.2739815515457238,1.0574213507913734,0.0023690941376685137,0.0018479091315644796,0.0021085016346164965,14.974675612340967,181,150,673,562,32,20,122010.16604719717,0.2689450222882615,0.2669039145907473,0.8232044198895028,0.8666666666666667,6747,5410,29933,23608,1039,781,4952329.855591218,0.22540340092874087,0.22915960691291087,0.8460056321327998,0.855637707948244,181,150,567,482,149,32,74,418,130,20,60,352,0.3313521545319465,0.33807829181494664,0.8232044198895028,0.8666666666666667,0.26278659611992944,0.2697095435684647,181,150,122010.16604719717,4700.0,0.22540340092874087,0.22915960691291087,0.8460056321327998,0.855637707948244
48,0.0,4776.0,1137,71.95106487190532,72.18700509956481,56.98521517018808,57.248957344084296,0.23594022765949774,0.2637421738962189,0.894586649431118,0.002369031112785039,0.0018663349311540988,0.002117683021969569,14.938047755480518,159,141,595,542,28,20,113198.41547187761,0.2672268907563025,0.26014760147601473,0.8238993710691824,0.8581560283687943,6906,5551,30528,24150,1067,801,5065528.271063096,0.2262185534591195,0.22985507246376813,0.8454966695626991,0.8557016753738065,159,141,502,481,131,28,65,371,121,20,41,360,0.32941176470588235,0.2988929889298893,0.8238993710691824,0.8581560283687943,0.26095617529880477,0.2515592515592516,159,141,113198.41547187761,4800.0,0.2262185534591195,0.22985507246376813,0.8454966695626991,0.8557016753738065
49,0.0,4875.5,1233,72.18830266895067,72.49556234189212,57.253924069966445,57.51831371798129,0.3072596729414556,0.26438964801484843,1.1621471386965936,0.0023836544048358157,0.0018832171517217697,0.0021334357782787925,14.977248623910832,187,158,683,550,37,27,123187.8378888762,0.27379209370424595,0.2872727272727273,0.8021390374331551,0.8291139240506329,7093,5709,31211,24700,1104,828,5188716.108951972,0.2272596200057672,0.2311336032388664,0.844353588044551,0.8549658434051497,187,158,572,458,150,37,74,422,131,27,65,327,0.3279648609077599,0.3563636363636364,0.8021390374331551,0.8291139240506329,0.26223776223776224,0.28602620087336245,187,158,123187.8378888762,4900.0,0.2272596200057672,0.2311336032388664,0.844353588044551,0.8549658434051497
50,0.0,4975.0,1219,72.49556234189212,72.81346216607876,57.51831371798129,57.79623321276775,0.31789982418663953,0.2779194947864596,1.1438557933148912,0.0023995612815764277,0.0019011367076446262,0.002150348994610527,15.017228953311012,198,144,673,546,28,22,122397.81009132403,0.29420505200594355,0.26373626373626374,0.8585858585858586,0.8472222222222222,7291,5853,31884,25246,1132,850,5311113.919043296,0.22867268849579728,0.2318387071219203,0.844740090522562,0.8547753288911669,198,144,572,466,170,28,73,402,122,22,58,344,0.3610698365527489,0.32967032967032966,0.8585858585858586,0.8472222222222222,0.2972027972027972,0.26180257510729615,198,144,122397.81009132403,5000.0,0.22867268849579728,0.2318387071219203,0.844740090522562,0.8547753288911669
51,0.0,5074.5,1230,72.81346216607876,73.14572112862993,57.79623321276775,58.068930798473524,0.3322589625511654,0.27269758570577096,1.2184154901527386,0.0024176598765555495,0.001917329632142922,0.0021674947543492357,15.076790330156406,201,175,648,582,20,23,124096.70943561287,0.3101851851851852,0.3006872852233677,0.900497512437811,0.8685714285714285,7492,6028,32532,25828,1152,873,5435210.628478909,0.2302963236198205,0.23339011925042588,0.8462359850507207,0.8551758460517584,201,175,564,495,181,20,64,383,152,23,64,343,0.37808641975308643,0.3711340206185567,0.900497512437811,0.8685714285714285,0.32092198581560283,0.30707070707070705,201,175,124096.70943561287,5100.0,0.2302963236198205,0.23339011925042588,0.8462359850507207,0.8551758460517584
52,0.0,5174.0,1189,73.14572112862993,73.50595656821861,58.073821645151824,58.331861094979004,0.36023543958867776,0.2580394498271801,1.396047929221453,0.0024404424634657655,0.0019310214270066121,0.0021857319452361886,15.174095473239603,195,154,674,515,30,29,120521.48414007908,0.2893175074183976,0.29902912621359223,0.8461538461538461,0.8116883116883117,7687,6182,33206,26343,1182,902,5555732.112618988,0.23149430825754383,0.2346733477584178,0.8462339013919604,0.8540925266903915,195,154,570,437,165,30,74,405,125,29,49,312,0.3545994065281899,0.3378640776699029,0.8461538461538461,0.8116883116883117,0.2894736842105263,0.28604118993135014,195,154,120521.48414007908,5200.0,0.23149430825754383,0.2346733477584178,0.8462339013919604,0.8540925266903915
53,0.0,5273.5,1214,73.50595656821861,73.82185206526692,58.331861094979004,58.67415785759063,0.31589549704831654,0.34229676261162467,0.9228702446325401,0.002453999303220811,0.0019591713552916997,0.0022065853292562556,15.147694207676295,182,163,638,576,34,25,123753.74400870361,0.2852664576802508,0.2829861111111111,0.8131868131868132,0.8466257668711656,7869,6345,33844,26919,1216,927,5679485.856627692,0.23250797778040422,0.23570712136409228,0.8454695641123395,0.8539007092198582,182,163,530,481,148,34,74,382,138,25,70,343,0.34796238244514105,0.3611111111111111,0.8131868131868132,0.8466257668711656,0.2792452830188679,0.2869022869022869,182,163,123753.74400870361,5300.0,0.23250797778040422,0.23570712136409228,0.8454695641123395,0.8539007092198582
54,0.0,5373.0,1266,73.82185206526692,74.1931024495248,58.67415785759063,58.91910569595517,0.37125038425787693,0.24494783836453848,1.515630375579683,0.0024773049428385508,0.001968251115076027,0.0022227780289572887,15.273996753569634,216,164,719,547,36,10,129858.2417450458,0.3004172461752434,0.29981718464351004,0.8333333333333334,0.9390243902439024,8085,6509,34563,27466,1252,937,5809344.098372737,0.23392066660880131,0.23698390737639263,0.8451453308596166,0.8560454754954678,216,164,596,469,180,36,87,416,154,10,68,315,0.3713490959666203,0.40585009140767825,0.8333333333333334,0.9390243902439024,0.30201342281879195,0.3283582089552239,216,164,129858.2417450458,5400.0,0.23392066660880131,0.23698390737639263,0.8451453308596166,0.8560454754954678
55,0.0,5472.5,1330,74.19538899575245,74.53314310743731,58.91977236262183,59.2529132748192,0.337754111684859,0.3331409121973721,1.0138475921707084,0.002494088608952852,0.0019931570182317414,0.0022436228135922966,15.280229832618112,227,191,696,634,35,32,136940.41831621903,0.3261494252873563,0.30126182965299686,0.8458149779735683,0.8324607329842932,8312,6700,35259,28100,1287,969,5946284.516688956,0.23574122918971044,0.23843416370106763,0.8451636188642926,0.8553731343283582,227,191,589,536,192,35,72,397,159,32,66,377,0.3793103448275862,0.3548895899053628,0.8458149779735683,0.8324607329842932,0.32597623089983024,0.2966417910447761,227,191,136940.41831621903,5500.0,0.23574122918971044,0.23843416370106763,0.8451636188642926,0.8553731343283582
56,0.0,5572.0,1172,74.53314310743731,74.8872051573872,59.255997231919956,59.51794105735455,0.35406204994988855,0.26194382543459227,1.3516716775532407,0.002512776678426888,0.0020048913183589156,0.002258833998392902,15.369264100032652,203,170,648,524,18,21,121346.60451400538,0.3132716049382716,0.3244274809160305,0.9113300492610837,0.8764705882352941,8515,6870,35907,28624,1305,990,6067631.121202962,0.237140390453115,0.2400083845723868,0.8467410452143277,0.8558951965065502,203,170,564,456,185,18,66,379,149,21,47,307,0.3873456790123457,0.37404580152671757,0.9113300492610837,0.8764705882352941,0.3280141843971631,0.3267543859649123,203,170,121346.60451400538,5600.0,0.237140390453115,0.2400083845723868,0.8467410452143277,0.8558951965065502
57,0.0,5671.5,1220,74.8872051573872,75.24619067876377,59.51794105735455,59.82062493554817,0.35898552137656736,0.3026838781936192,1.1860080672910285,0.0025316727930819543,0.0020228202212286923,0.002277246507155323,15.4255657432156,223,169,649,571,28,33,127146.28547984247,0.3436055469953775,0.29597197898423816,0.874439461883408,0.8047337278106509,8738,7039,36556,29195,1333,1023,6194777.406682804,0.23903052850421272,0.24110292858366159,0.8474479285877775,0.8546668560875125,223,169,567,478,195,28,54,372,136,33,60,342,0.38366718027734975,0.3432574430823117,0.874439461883408,0.8047337278106509,0.3439153439153439,0.28451882845188287,223,169,127146.28547984247,5700.0,0.23903052850421272,0.24110292858366159,0.8474479285877775,0.8546668560875125
58,0.0,5771.0,1240,75.24995148873407,75.6609419916811,59.824253865251926,60.13499206346507,0.41099050294702977,0.3107381982131443,1.3226262664531494,0.0025595321092214606,0.0020421452394690427,0.002300838674345252,15.52594992821603,263,137,749,491,33,24,129942.6835530406,0.35113484646194926,0.2790224032586558,0.8745247148288974,0.8248175182481752,9001,7176,37305,29686,1366,1047,6324720.090235845,0.24128132958048518,0.2417301084686384,0.8482390845461616,0.8540969899665551,263,137,641,422,230,33,75,411,113,24,45,309,0.40720961281708945,0.32179226069246436,0.8745247148288974,0.8248175182481752,0.358814352574103,0.2677725118483412,263,137,129942.6835530406,5800.0,0.24128132958048518,0.2417301084686384,0.8482390845461616,0.8540969899665551
59,0.0,5870.5,1248,75.66273519034132,76.03222371143049,60.13499206346507,60.46653154723275,0.36948852108916697,0.3315394837676777,1.1144631007149712,0.0025790793141074343,0.002063725741133581,0.0023214025276205074,15.565692164197742,229,180,682,566,34,27,131226.76292625826,0.3357771260997067,0.31802120141342755,0.851528384279476,0.85,9230,7356,37987,30252,1400,1074,6455946.853162103,0.2429778608471319,0.24315747719159064,0.8483206933911159,0.8539967373572593,229,180,588,482,195,34,60,393,153,27,57,329,0.37390029325513197,0.3710247349823322,0.851528384279476,0.85,0.33163265306122447,0.31742738589211617,229,180,131226.76292625826,5900.0,0.2429778608471319,0.24315747719159064,0.8483206933911159,0.8539967373572593
60,0.0,5970.0,1284,76.033275180514,76.40471507647389,60.468534975731686,60.76257952334916,0.37143989595989524,0.29404454761747445,1.2632096019787626,0.0025981765530462106,0.0020786716414674233,0.0023384240972568167,15.642135553124731,226,174,720,564,41,25,135759.15957180507,0.3138888888888889,0.30851063829787234,0.8185840707964602,0.8563218390804598,9456,7530,38707,30816,1441,1099,6591706.012733908,0.24429689720205647,0.24435358255451714,0.8476099830795263,0.854050464807437,226,174,602,475,185,41,77,417,149,25,64,326,0.3638888888888889,0.3776595744680851,0.8185840707964602,0.8563218390804598,0.3073089700996678,0.3136842105263158,226,174,135759.15957180507,6000.0,0.24429689720205647,0.24435358255451714,0.8476099830795263,0.854050464807437
61,0.0,6069.5,1270,76.4109887611868,76.73416884752667,60.76257952334916,61.026001896436384,0.3231800863398746,0.2634223730872236,1.226851320760307,0.0026095923097262373,0.002087779052769141,0.002348685681247689,15.708166951090291,225,173,724,546,44,30,134853.70810315682,0.31077348066298344,0.31684981684981683,0.8044444444444444,0.8265895953757225,9681,7703,39431,31362,1485,1129,6726559.720837065,0.24551748624178946,0.2456157132835916,0.8466067555004648,0.8534337271193042,225,173,599,448,181,44,81,418,143,30,68,305,0.36187845303867405,0.38644688644688646,0.8044444444444444,0.8265895953757225,0.3021702838063439,0.31919642857142855,225,173,134853.70810315682,6100.0,0.24551748624178946,0.2456157132835916,0.8466067555004648,0.8534337271193042
62,0.0,6169.0,1320,76.73416884752667,77.10901024840977,61.02963109156891,61.31076089970631,0.37484140088309914,0.2811298081374005,1.3333392263402308,0.0026279604016472818,0.0021000340685744657,0.002363997235110874,15.798249348703465,233,194,739,581,36,23,140915.17070158667,0.3152909336941813,0.33390705679862304,0.8454935622317596,0.8814432989690721,9914,7897,40170,31943,1521,1152,6867474.891538652,0.24680109534478467,0.24722161349904517,0.8465805931006657,0.8541218184120551,233,194,626,487,197,36,77,429,171,23,71,316,0.37077131258457374,0.4165232358003442,0.8454935622317596,0.8814432989690721,0.3146964856230032,0.351129363449692,233,194,140915.17070158667,6200.0,0.24680109534478467,0.24722161349904517,0.8465805931006657,0.8541218184120551
63,0.0,6268.5,1351,77.11412817769418,77.5138260154634,61.316078838693976,61.602050326536215,0.3996978377692102,0.28597148784223947,1.3976842264418667,0.0026505032154391693,0.002112936611427237,0.0023817199134332032,15.911775688927179,245,163,780,571,33,29,144771.69161941422,0.3141025641025641,0.28546409807355516,0.8653061224489795,0.8220858895705522,10159,8060,40950,32514,1554,1181,7012246.583158066,0.2480830280830281,0.2478932152303623,0.8470321882075007,0.8534739454094293,245,163,651,478,212,33,96,439,134,29,64,344,0.39487179487179486,0.3467600700525394,0.8653061224489796,0.8220858895705522,0.32565284178187404,0.2803347280334728,245,163,144771.69161941422,6300.0,0.2480830280830281,0.2478932152303623,0.8470321882075007,0.8534739454094293
64,0.0,6368.0,1314,77.51553959395656,77.87665099953993,61.60464891603946,61.90407569361386,0.3611114055833724,0.2994267775744035,1.2060090567338824,0.002665780506459892,0.002127113440479569,0.00239644697346973,15.972575305926071,208,176,715,599,33,27,141437.22220791358,0.2909090909090909,0.2938230383973289,0.8413461538461539,0.8465909090909091,10367,8236,41665,33113,1587,1208,7153683.805365979,0.24881795271810872,0.24872406607676742,0.8469181055271535,0.8533268576979116,208,176,613,511,175,33,69,438,149,27,61,362,0.3412587412587413,0.35058430717863104,0.8413461538461539,0.8465909090909091,0.28548123980424145,0.29158512720156554,208,176,141437.22220791358,6400.0,0.24881795271810872,0.24872406607676742,0.8469181055271535,0.8533268576979116
65,0.0,6467.5,1260,77.87665099953993,78.17918569555816,61.90407569361386,62.14992789450864,0.3025346960182276,0.245852200894781,1.2305551665478291,0.0026713122980556205,0.0021322120338406188,0.00240176216594812,16.029257801049518,194,152,710,550,33,26,136398.64379446075,0.27323943661971833,0.27636363636363637,0.8298969072164948,0.8289473684210527,10561,8388,42375,33663,1620,1234,7290082.44916044,0.24922713864306784,0.24917565279386863,0.8466054350913739,0.8528850739151168,194,152,595,465,161,33,82,434,126,26,59,339,0.34225352112676055,0.33636363636363636,0.8298969072164949,0.8289473684210527,0.27058823529411763,0.2709677419354839,194,152,136398.64379446075,6500.0,0.24922713864306784,0.24917565279386863,0.8466054350913739,0.8528850739151168
66,0.0,6567.0,1271,78.17918569555816,78.53466224363717,62.151351883529735,62.37806868610811,0.35547654807901097,0.22671680257837323,1.5679320810645565,0.0026846979523394766,0.0021344725775096192,0.002409585264924548,16.156593557529064,203,178,711,560,32,29,137980.6335277757,0.28551336146272854,0.31785714285714284,0.8423645320197044,0.8370786516853932,10764,8566,43086,34223,1652,1263,7428063.082688215,0.24982592953627628,0.25029950618005437,0.8465254552211074,0.852556619192155,203,178,612,478,171,32,67,441,149,29,53,329,0.33473980309423346,0.3607142857142857,0.8423645320197044,0.8370786516853933,0.27941176470588236,0.3117154811715481,203,178,137980.6335277757,6600.0,0.24982592953627628,0.25029950618005437,0.8465254552211074,0.852556619192155
67,0.0,6666.5,1318,78.53466224363717,78.87320391721812,62.37935089764049,62.59206246477185,0.33854167358094855,0.21271156713135753,1.591552721587003,0.002695156441644999,0.0021345541477951085,0.0024148552947200535,16.28114145244627,195,144,754,564,31,21,143429.83472775997,0.25862068965517243,0.2553191489361702,0.841025641025641,0.8541666666666666,10959,8710,43840,34787,1683,1284,7571492.917415976,0.2499771897810219,0.25038088941271164,0.8464275937585546,0.8525832376578646,195,144,636,469,164,31,87,472,123,21,74,346,0.3328912466843501,0.34929078014184395,0.841025641025641,0.8541666666666666,0.2578616352201258,0.2622601279317697,195,144,143429.83472775997,6700.0,0.2499771897810219,0.25038088941271164,0.8464275937585546,0.8525832376578646
68,0.0,6766.0,1307,78.88009274960774,79.15472951381663,62.59206246477185,62.85147622449311,0.2746367642088927,0.25941375972126224,1.0586823324406056,0.002696922611120589,0.0021413127279336017,0.0024191176695270954,16.30325328932352,179,131,694,613,20,19,142803.95343737796,0.2579250720461095,0.2137030995106036,0.888268156424581,0.8549618320610687,11138,8841,44534,35400,1703,1303,7714296.870853353,0.2501010463915211,0.2497457627118644,0.8471000179565451,0.8526184820721638,179,131,595,521,159,20,79,436,112,19,73,409,0.34293948126801155,0.30179445350734097,0.888268156424581,0.8549618320610687,0.2672268907563025,0.21497120921305182,179,131,142803.95343737796,6800.0,0.2501010463915211,0.2497457627118644,0.8471000179565451,0.8526184820721638
69,0.0,6865.5,1298,79.15824394798177,79.45108925053724,62.852956728044006,63.106011059603695,0.29284530255546315,0.2530543315596887,1.1572427974282227,0.0027007874626580595,0.0021471683166752282,0.002423977889666644,16.345078190933542,178,152,712,586,31,22,142422.32597011808,0.25,0.2593856655290102,0.8258426966292135,0.8552631578947368,11316,8993,45246,35986,1734,1325,7856719.196823471,0.25009945630552977,0.24990273995442672,0.8467656415694591,0.8526631824752585,178,152,617,501,147,31,64,470,130,22,63,371,0.29634831460674155,0.3293515358361775,0.8258426966292135,0.8552631578947368,0.23824959481361427,0.25948103792415167,178,152,142422.32597011808,6900.0,0.25009945630552977,0.24990273995442672,0.8467656415694591,0.8526631824752585
70,0.0,6965.0,1264,79.45108925053724,79.72007821968074,63.10860000354601,63.3504911947381,0.268988969143507,0.24189119119208868,1.1120246579376247,0.0027006317802120167,0.0021514202171704967,0.0024260259986912565,16.369587024942646,156,121,698,566,23,21,139267.52368197654,0.22349570200573066,0.2137809187279152,0.8525641025641025,0.8264462809917356,11472,9114,45944,36552,1757,1346,7995986.720505448,0.24969528121191015,0.24934340118187787,0.8468444909344491,0.8523151195962255,156,121,602,476,133,23,73,469,100,21,69,376,0.29512893982808025,0.29858657243816256,0.8525641025641025,0.8264462809917356,0.22093023255813954,0.21008403361344538,156,121,139267.52368197654,7000.0,0.24969528121191015,0.24934340118187787,0.8468444909344491,0.8523151195962255
71,0.0,7064.5,1267,79.72007821968074,79.97606211888403,63.3504911947381,63.549247754276436,0.25598389920328657,0.1987565595383387,1.2879267974746218,0.002698648783195409,0.00214911240559603,0.0024238805943957195,16.426814364607594,139,124,692,575,22,16,140246.38813566827,0.20086705202312138,0.21565217391304348,0.841726618705036,0.8709677419354839,11611,9238,46636,37127,1779,1362,8136233.108641116,0.24897075220859421,0.24882161230371427,0.8467832228059599,0.85256549036588,139,124,592,495,117,22,78,475,108,16,64,387,0.2817919075144509,0.2991304347826087,0.841726618705036,0.8709677419354839,0.19763513513513514,0.21818181818181817,139,124,140246.38813566827,7100.0,0.24897075220859421,0.24882161230371427,0.8467832228059599,0.85256549036588
72,0.0,7164.0,1299,79.97606211888403,80.2206668432659,63.549247754276436,63.7705861069717,0.24460472438187253,0.22133835269526259,1.1051167653653,0.0026951404284818437,0.0021500050600593164,0.00242257274427058,16.450080736294204,139,104,734,565,25,18,144172.88592467987,0.1893732970027248,0.184070796460177,0.8201438848920863,0.8269230769230769,11750,9342,47370,37692,1804,1380,8280405.994565796,0.24804728731264514,0.24785100286532952,0.8464680851063829,0.8522800256904304,139,104,625,467,114,25,84,511,86,18,80,381,0.26975476839237056,0.2938053097345133,0.8201438848920863,0.8269230769230769,0.1824,0.1841541755888651,139,104,144172.88592467987,7200.0,0.24804728731264514,0.24785100286532952,0.8464680851063829,0.8522800256904304
73,0.0,7263.5,1376,80.2206668432659,80.4844787975898,63.7705861069717,63.955203343263015,0.2638119543238986,0.18461723629131654,1.428967086841322,0.0026943593204648186,0.0021458429683175882,0.0024201011443912034,16.529275454326786,151,124,773,603,19,20,153125.88753900904,0.19534282018111254,0.20563847429519072,0.8741721854304636,0.8387096774193549,11901,9466,48143,38295,1823,1400,8433531.882104805,0.24720104688116654,0.24718631675153413,0.8468195949920174,0.8521022607225861,151,124,660,512,132,19,94,528,104,20,71,408,0.2923673997412678,0.2902155887230514,0.8741721854304636,0.8387096774193549,0.2,0.203125,151,124,153125.88753900904,7300.0,0.24720104688116654,0.24718631675153413,0.8468195949920174,0.8521022607225861
74,0.0,7363.0,1297,80.4844787975898,80.70265985364072,63.955203343263015,64.14384578468885,0.21818105605092342,0.1886424414258343,1.1565852010916766,0.0026874329858708242,0.0021423373121816523,0.0024148851490262383,16.558814068951875,125,113,758,539,14,14,144802.67837744587,0.16490765171503957,0.20964749536178107,0.888,0.8761061946902655,12026,9579,48901,38834,1837,1414,8578334.56048225,0.24592544119752152,0.24666529329968584,0.8472476301347082,0.8523854264537007,125,113,662,468,111,14,82,551,99,14,57,369,0.2546174142480211,0.2894248608534323,0.888,0.8761061946902655,0.16767371601208458,0.21153846153846154,125,113,144802.67837744587,7400.0,0.24592544119752152,0.24666529329968584,0.8472476301347082,0.8523854264537007
75,0.0,7462.5,1303,80.70481067641046,80.93797898205595,64.14384578468885,64.30328435505996,0.23316830564549207,0.1594385703711083,1.4624334946228559,0.00268297642984791,0.0021350312907353784,0.002409003860291644,16.634694626995994,142,119,719,584,19,18,145804.76662885523,0.19749652294853964,0.20376712328767124,0.8661971830985915,0.8487394957983193,12168,9698,49620,39418,1856,1432,8724139.327111106,0.24522370012091899,0.24602973260946776,0.8474687705456936,0.8523406888018148,142,119,609,497,123,19,91,486,101,18,69,396,0.29763560500695413,0.2910958904109589,0.8661971830985915,0.8487394957983193,0.2019704433497537,0.20321931589537223,142,119,145804.76662885523,7500.0,0.24522370012091899,0.24602973260946776,0.8474687705456936,0.8523406888018148
76,0.0,7562.0,1264,80.93944995074636,81.15525747616107,64.30328435505996,64.48395138878209,0.2158075254147036,0.18066703372213055,1.1945041713953184,0.0026762633839426896,0.002130710751873351,0.0024034870679080205,16.67130608737898,150,92,749,515,21,11,141864.9817020716,0.20026702269692923,0.1786407766990291,0.86,0.8804347826086957,12318,9790,50369,39933,1877,1443,8866004.308813177,0.24455518275129545,0.24516064407883204,0.8476213671050495,0.8526046986721144,150,92,646,443,129,21,82,517,81,11,61,362,0.2817089452603471,0.2757281553398058,0.86,0.8804347826086957,0.1996904024767802,0.18284424379232506,150,92,141864.9817020716,7600.0,0.24455518275129545,0.24516064407883204,0.8476213671050495,0.8526046986721144
77,0.0,7661.5,1413,81.15728959895283,81.42008840253462,64.48651223409506,64.68519357707746,0.26279880358178787,0.1986813429823968,1.322715055359133,0.0026759003434205183,0.002129174532796472,0.0024025374381084954,16.73489482545716,151,112,782,631,18,16,159024.82006847917,0.19309462915601022,0.1774960380348653,0.880794701986755,0.8571428571428572,12469,9902,51151,40564,1895,1459,9025029.128881656,0.24376845027467695,0.24410807612661473,0.8480230972812575,0.8526560290850334,151,112,651,538,133,18,113,518,96,16,77,442,0.3145780051150895,0.27416798732171155,0.8807947019867549,0.8571428571428571,0.20430107526881722,0.17843866171003717,151,112,159024.82006847917,7700.0,0.24376845027467695,0.24410807612661473,0.8480230972812575,0.8526560290850334
78,0.0,7761.0,1323,81.42008840253462,81.62834510806358,64.68519357707746,64.8477186811279,0.20825670552896725,0.16252510405044518,1.2813817701930388,0.0026682935063931995,0.0021227139752029844,0.002395503740798092,16.780626426935683,121,86,738,585,17,13,149343.14724459944,0.16395663956639567,0.147008547008547,0.859504132231405,0.8488372093023255,12590,9988,51889,41149,1912,1472,9174372.276126254,0.24263331341902908,0.2427276483025104,0.8481334392374901,0.8526231477773328,121,86,635,485,104,17,86,531,73,13,87,412,0.25745257452574527,0.27350427350427353,0.859504132231405,0.8488372093023255,0.16377952755905512,0.15051546391752577,121,86,149343.14724459944,7800.0,0.24263331341902908,0.2427276483025104,0.8481334392374901,0.8526231477773328
79,0.0,7860.5,1347,81.62834510806358,81.85376552897466,64.8477186811279,65.01980134196178,0.22542042091107817,0.17208266083387969,1.3099542964917783,0.0026630518697187385,0.0021176267933439444,0.0023903393315313414,16.83396418701288,138,112,778,569,14,15,152372.89767720917,0.17737789203084833,0.1968365553602812,0.8985507246376812,0.8660714285714286,12728,10100,52667,41718,1926,1487,9326745.173803464,0.24166935652305999,0.24210173066781726,0.8486800754242615,0.8527722772277228,138,112,662,477,124,14,102,538,97,15,77,380,0.29048843187660667,0.30579964850615116,0.8985507246376812,0.8660714285714286,0.18731117824773413,0.20335429769392033,138,112,152372.89767720917,7900.0,0.24166935652305999,0.24210173066781726,0.8486800754242615,0.8527722772277228
80,0.0,7960.0,1242,81.85376552897466,82.02130828542876,65.02223393884611,65.16067872852688,0.16754275645409678,0.13844478968076146,1.2101774060290174,0.0026507065659040164,0.0021087661317477817,0.002379736348825899,16.860629556901884,91,90,718,524,12,20,140869.30430207096,0.12674094707520892,0.1717557251908397,0.8681318681318682,0.7777777777777778,12819,10190,53385,42242,1938,1507,9467614.478105534,0.24012363023321157,0.2412291084702429,0.8488181605429441,0.8521099116781158,91,90,613,436,79,12,93,534,70,20,68,366,0.2395543175487465,0.2633587786259542,0.8681318681318682,0.7777777777777778,0.12887438825448613,0.16055045871559634,91,90,140869.30430207096,8000.0,0.24012363023321157,0.2412291084702429,0.8488181605429441,0.8521099116781158
81,0.0,8059.5,1273,82.02375728965231,82.21716418643234,65.16067872852688,65.32884717471876,0.19340689678003287,0.16816844619188487,1.1500783955591183,0.002642161534350088,0.002103493518540017,0.0023728275264450526,16.888317011713582,124,95,701,572,13,15,144709.50976573344,0.1768901569186876,0.1660839160839161,0.8951612903225806,0.8421052631578947,12943,10285,54086,42814,1951,1522,9612323.987871267,0.23930407129386533,0.24022515999439437,0.8492621494243993,0.8520175012153621,124,95,607,491,111,13,81,496,80,15,66,411,0.2738944365192582,0.25524475524475526,0.8951612903225806,0.8421052631578947,0.1828665568369028,0.1629327902240326,124,95,144709.50976573344,8100.0,0.23930407129386533,0.24022515999439437,0.8492621494243993,0.8520175012153621
82,0.0,8159.0,1358,82.21925639560317,82.40320243272086,65.33337014325782,65.47260140953719,0.18394603711769264,0.1392312662793671,1.3211546661409046,0.002632627643234663,0.002095372162803972,0.0023639999030193176,16.93060102318367,120,100,782,576,21,12,154919.9883713045,0.1534526854219949,0.1736111111111111,0.825,0.88,13063,10385,54868,43390,1972,1534,9767243.976242572,0.23808048407086096,0.239340861949758,0.849039271224068,0.8522869523350987,120,100,656,492,99,21,105,557,88,12,72,404,0.2608695652173913,0.2777777777777778,0.825,0.88,0.15091463414634146,0.17886178861788618,120,100,154919.9883713045,8200.0,0.23808048407086096,0.239340861949758,0.849039271224068,0.8522869523350987
83,0.0,8258.5,1306,82.40320243272086,82.57471810797036,65.47260140953719,65.61048565228457,0.17151567524949485,0.13788424274737565,1.2439106299023375,0.0026215737770811723,0.0020867392744264995,0.002354156525753836,16.96423245568579,101,99,726,580,24,16,149164.4925260381,0.13911845730027547,0.1706896551724138,0.7623762376237624,0.8383838383838383,13164,10484,55594,43970,1996,1550,9916408.46876861,0.2367881426053171,0.23843529679326814,0.848374354299605,0.8521556657764212,101,99,604,494,77,24,98,527,83,16,70,411,0.24104683195592286,0.2637931034482759,0.7623762376237624,0.8383838383838383,0.12748344370860928,0.1680161943319838,101,99,149164.4925260381,8300.0,0.2367881426053171,0.23843529679326814,0.848374354299605,0.8521556657764212
84,0.0,8358.0,1351,82.57471810797036,82.75107524676206,65.61048565228457,65.764215377171,0.17635713879170112,0.153729724886432,1.1471895817284858,0.002611359462924456,0.0020801982979317115,0.0023457788804280835,16.986859869591058,110,91,745,606,15,10,154646.37369428322,0.1476510067114094,0.15016501650165018,0.8636363636363636,0.8901098901098901,13274,10575,56339,44576,2011,1560,10071054.842462894,0.23560943573723353,0.23723528356066045,0.8485008286876601,0.8524822695035461,110,91,628,516,95,15,102,533,81,10,80,435,0.2644295302013423,0.26567656765676567,0.8636363636363636,0.8901098901098901,0.15127388535031847,0.1569767441860465,110,91,154646.37369428322,8400.0,0.23560943573723353,0.23723528356066045,0.8485008286876601,0.8524822695035461
85,0.0,8457.5,1357,82.75107524676206,82.95038964200799,65.764215377171,65.87715401739119,0.19931439524593486,0.11293864022019307,1.764802505655616,0.002604086339271925,0.002069012275629008,0.0023365493074504664,17.0732356246168,131,95,764,593,23,13,155637.99407604738,0.17146596858638743,0.16020236087689713,0.8244274809160306,0.8631578947368421,13405,10670,57103,45169,2034,1573,10226692.83653894,0.23475123898919498,0.23622395890987183,0.8482655725475569,0.8525773195876288,131,95,654,500,108,23,87,546,82,13,80,418,0.25523560209424084,0.27318718381112983,0.8244274809160306,0.8631578947368421,0.1651376146788991,0.164,131,95,155637.99407604738,8500.0,0.23475123898919498,0.23622395890987183,0.8482655725475569,0.8525773195876288
86,0.0,8557.0,1337,82.95038964200799,83.15218050459792,65.87715401739119,66.03819057962882,0.20179086258993095,0.1610365622376264,1.2530748283869055,0.002597270319348988,0.00206367917500979,0.002330474747179389,17.113989924969104,109,83,750,587,12,16,153602.3078996767,0.14533333333333334,0.141396933560477,0.8899082568807339,0.8072289156626506,13514,10753,57853,45756,2046,1589,10380295.144438617,0.23359203498522116,0.23500743071946847,0.8486014503477874,0.8522272854087232,109,83,626,496,97,12,112,529,67,16,75,429,0.2786666666666667,0.24190800681431004,0.8899082568807339,0.8072289156626506,0.15495207667731628,0.1350806451612903,109,83,153602.3078996767,8600.0,0.23359203498522116,0.23500743071946847,0.8486014503477874,0.8522272854087232
87,0.0,8656.5,1334,83.15436774923029,83.30131637879445,66.03964678520079,66.17091430125988,0.14694862956416443,0.13126751605909703,1.1194592080039643,0.002584558692022739,0.0020552143249098005,0.0023198865084662697,17.13040207753457,117,97,731,603,28,16,153629.92151000808,0.1600547195622435,0.16086235489220563,0.7606837606837606,0.8350515463917526,13631,10850,58584,46359,2074,1605,10533925.065948624,0.23267445036187354,0.2340430121443517,0.8478468197491014,0.852073732718894,117,97,603,515,89,28,100,514,81,16,72,434,0.2585499316005472,0.2537313432835821,0.7606837606837606,0.8350515463917526,0.14759535655058043,0.15728155339805824,117,97,153629.92151000808,8700.0,0.23267445036187354,0.2340430121443517,0.8478468197491014,0.852073732718894
88,0.0,8756.0,1372,83.30131637879445,83.47627947007918,66.17197013136298,66.34633139772764,0.17496309128472376,0.17436126636465588,1.0034515975515412,0.0025750708763502897,0.002051793377634434,0.0023134321269923618,17.12994807235154,106,83,745,627,15,9,158413.5537814953,0.14228187919463087,0.13237639553429026,0.8584905660377359,0.891566265060241,13737,10933,59329,46986,2089,1614,10692338.619730119,0.23153938208970318,0.2326863320989231,0.847928951008226,0.8523735479740235,106,83,635,542,91,15,95,544,74,9,76,468,0.24966442953020135,0.23923444976076555,0.8584905660377359,0.891566265060241,0.14330708661417324,0.13653136531365315,106,83,158413.5537814953,8800.0,0.23153938208970318,0.2326863320989231,0.847928951008226,0.8523735479740235
89,0.0,8855.5,1325,83.47627947007918,83.6910337727762,66.34633139772764,66.48628072935462,0.2147543026970169,0.13994933162697976,1.5345146718486797,0.0025702671926493897,0.0020444641634617972,0.0023073656780555935,17.204753043421576,105,88,776,549,14,19,153381.37646296108,0.13530927835051546,0.16029143897996356,0.8666666666666667,0.7840909090909091,13842,11021,60105,47535,2103,1633,10845719.99619308,0.23029698028450213,0.231850215630588,0.8480710879930646,0.8518283277379548,105,88,672,467,91,14,90,581,69,19,63,398,0.23324742268041238,0.24043715846994534,0.8666666666666667,0.7840909090909091,0.13541666666666666,0.14775160599571735,105,88,153381.37646296108,8900.0,0.23029698028450213,0.231850215630588,0.8480710879930646,0.8518283277379548
90,0.0,8955.0,1403,83.6910337727762,83.91565592728406,66.48628072935462,66.65871036752466,0.2246221545078697,0.17242963817004409,1.3026887772411562,0.0025666666854541596,0.002040906743664449,0.0023037867145593045,17.2569455597594,114,88,807,596,11,11,162880.34157433992,0.1412639405204461,0.1476510067114094,0.9035087719298246,0.875,13956,11109,60912,48131,2114,1644,11008600.337767418,0.22911741528762805,0.2308075876254389,0.848523932358842,0.8520118822576289,114,88,687,509,103,11,109,584,77,11,76,432,0.26270136307311026,0.25671140939597314,0.9035087719298246,0.875,0.14992721979621543,0.1512770137524558,114,88,162880.34157433992,9000.0,0.22911741528762805,0.2308075876254389,0.848523932358842,0.8520118822576289
91,0.0,9054.5,1350,83.91793427270095,84.11120011466684,66.65871036752466,66.78451214870103,0.19326584196589636,0.12580178117636365,1.536272699469602,0.0025599499292824415,0.002032303568588616,0.002296126748935529,17.326687965965817,98,93,759,591,19,15,156913.66109912604,0.12911725955204217,0.15736040609137056,0.8061224489795918,0.8387096774193549,14054,11202,61671,48722,2133,1659,11165513.998866545,0.22788668904347262,0.22991667008743483,0.8482282624163939,0.8519014461703267,98,93,641,495,79,19,99,562,78,15,81,417,0.23451910408432147,0.26903553299492383,0.8061224489795918,0.8387096774193549,0.12324492979719189,0.15757575757575756,98,93,156913.66109912604,9100.0,0.22788668904347262,0.22991667008743483,0.8482282624163939,0.8519014461703267
92,0.0,9154.0,1394,84.11120011466684,84.30161913453038,66.78451214870103,66.95120437355376,0.19041901986354048,0.1666922248527385,1.1423389425137438,0.0025528221061232345,0.002028332032500994,0.0022905770693121144,17.35041476097662,120,105,765,629,22,13,162353.69240520522,0.1568627450980392,0.1669316375198728,0.8166666666666667,0.8761904761904762,14174,11307,62436,49351,2155,1672,11327867.69127175,0.22701646486001667,0.2291138984012482,0.8479610554536475,0.8521270009728487,120,105,634,535,98,22,109,536,92,13,81,443,0.27058823529411763,0.27503974562798095,0.8166666666666667,0.8761904761904762,0.15457413249211358,0.17196261682242991,120,105,162353.69240520522,9200.0,0.22701646486001667,0.2291138984012482,0.8479610554536475,0.8521270009728487
93,0.0,9253.5,1289,84.30161913453038,84.52360753813136,66.95120437355376,67.08351345422678,0.2219884036009745,0.13230908067301073,1.6778017235989846,0.0025492421268747023,0.0020207487935142102,0.002284995460194456,17.440094083904583,113,85,732,557,13,10,150466.67596515518,0.15437158469945356,0.1526032315978456,0.8849557522123894,0.8823529411764706,14287,11392,63168,49908,2168,1682,11478334.367236905,0.22617464539007093,0.22825999839705058,0.8482536571708547,0.8523525280898876,113,85,625,477,100,13,94,525,75,10,70,402,0.2650273224043716,0.26032315978456017,0.8849557522123894,0.8823529411764706,0.16,0.15723270440251572,113,85,150466.67596515518,9300.0,0.22617464539007093,0.22825999839705058,0.8482536571708547,0.8523525280898876
94,0.0,9353.0,1389,84.52360753813136,84.74210630123346,67.08351345422678,67.26350525641723,0.21849876310210448,0.1799918021904574,1.213937304049554,0.002545367079046472,0.002018399529986448,0.00228188330451646,17.47860104481623,128,100,797,592,22,13,162474.69704563872,0.1606022584692597,0.16891891891891891,0.828125,0.87,14415,11492,63965,50500,2190,1695,11640809.064282544,0.22535761744704136,0.22756435643564357,0.8480749219562955,0.852506091193874,128,100,681,493,106,22,94,575,87,13,86,406,0.25094102885821834,0.2922297297297297,0.828125,0.87,0.15565345080763582,0.17647058823529413,128,100,162474.69704563872,9400.0,0.22535761744704136,0.22756435643564357,0.8480749219562955,0.852506091193874
95,0.0,9452.5,1397,84.74327049279925,84.93863787901891,67.26459700402293,67.4043760102389,0.1953673862196581,0.13977900621597428,1.397687617822905,0.00253926127587603,0.0020119817195467667,0.0022756214977113984,17.534261868780007,129,93,790,607,19,14,163779.7616671691,0.16329113924050634,0.15321252059308071,0.8527131782945736,0.8494623655913979,14544,11585,64755,51107,2209,1709,11804588.825949714,0.2246004169562196,0.22668127653746062,0.8481160616061606,0.8524816573154942,129,93,662,511,110,19,109,552,79,14,82,432,0.2772151898734177,0.2652388797364086,0.8527131782945736,0.8494623655913979,0.1661631419939577,0.15459882583170254,129,93,163779.7616671691,9500.0,0.2246004169562196,0.22668127653746062,0.8481160616061606,0.8524816573154942
96,0.0,9552.0,1375,84.9396729547453,85.1049893397203,67.40840571344938,67.58542312685309,0.16531638497500012,0.17701741340370347,0.9338989978233488,0.00253013891474205,0.0020098826512821317,0.0022700107830120908,17.51956621286722,121,89,766,609,26,13,161636.40582449993,0.15796344647519583,0.14614121510673234,0.7851239669421488,0.8539325842696629,14665,11674,65521,51716,2235,1722,11966225.231774213,0.22382137024770685,0.22573284863485188,0.8475963177633822,0.8524927188624294,121,89,649,519,95,26,91,554,76,13,77,443,0.24281984334203655,0.2512315270935961,0.7851239669421488,0.8539325842696629,0.14637904468412943,0.1464354527938343,121,89,161636.40582449993,9600.0,0.22382137024770685,0.22573284863485188,0.8475963177633822,0.8524927188624294
97,0.0,9651.5,1357,85.1049893397203,85.32762862191777,67.58542312685309,67.76853247012345,0.22263928219746276,0.18310934327035966,1.2158816050622683,0.002527007511723829,0.0020080394634617344,0.0022675234875927817,17.55909615179432,143,82,757,600,30,17,159989.12770663825,0.18890356671070013,0.13666666666666666,0.7902097902097902,0.7926829268292683,14808,11756,66278,52316,2265,1739,12126214.35948085,0.2234225534868282,0.224711369370747,0.8470421393841167,0.8520755358965635,143,82,623,509,113,30,104,510,65,17,74,444,0.2866578599735799,0.23166666666666666,0.7902097902097902,0.7926829268292683,0.18138041733547353,0.12770137524557956,143,82,159989.12770663825,9700.0,0.2234225534868282,0.224711369370747,0.8470421393841167,0.8520755358965635
98,0.0,9751.0,1388,85.32762862191777,85.53878012763091,67.76853247012345,67.93762769669556,0.211151505713147,0.16909522657211085,1.2487135798780293,0.0025227677927994172,0.00200480387981132,0.0022637858363053686,17.601152430935358,120,114,759,629,14,20,164193.24246648388,0.15810276679841898,0.18124006359300476,0.8833333333333333,0.8245614035087719,14928,11870,67037,52945,2279,1759,12290407.601947334,0.22268299595745633,0.22419491925583152,0.847333869239014,0.8518112889637742,120,114,642,544,106,14,103,536,94,20,65,450,0.2753623188405797,0.2527821939586645,0.8833333333333333,0.8245614035087719,0.16510903426791276,0.17279411764705882,120,114,164193.24246648388,9800.0,0.22268299595745633,0.22419491925583152,0.847333869239014,0.8518112889637742
99,0.0,9850.5,1453,85.53878012763091,85.77280095698822,67.93863044597848,68.09961173658857,0.23402082935730562,0.16098129061009558,1.4537144563222275,0.002520923757453696,0.002000915359802419,0.0022609195586280576,17.67318922039965,137,108,835,618,19,17,172295.0468118579,0.16407185628742516,0.17475728155339806,0.8613138686131387,0.8425925925925926,15065,11978,67872,53563,2298,1776,12462702.648759192,0.2219619283356907,0.22362451692399604,0.8474610023232658,0.8517281683085657,137,108,695,514,118,19,121,577,91,17,87,423,0.28622754491017965,0.28802588996763756,0.8613138686131386,0.8425925925925926,0.1697841726618705,0.17704280155642024,137,108,172295.0468118579,9900.0,0.2219619283356907,0.22362451692399604,0.8474610023232658,0.8517281683085657
100,0.0,9950.0,1323,85.77280095698822,85.97487340039956,68.09961173658857,68.23024302566097,0.202072443411339,0.1306312890723973,1.5468915973059736,0.0025159217642202933,0.0019939693351116346,0.002254945549665964,17.74463037473859,114,81,763,560,17,15,157002.3018448433,0.14941022280471822,0.14464285714285716,0.8508771929824561,0.8148148148148149,15179,12059,68635,54123,2315,1791,12619704.950604035,0.22115538719312305,0.22280730927701717,0.8474866592002108,0.8514802222406501,114,81,643,467,97,17,103,546,66,15,78,401,0.2621231979030144,0.2571428571428571,0.8508771929824561,0.8148148148148148,0.15085536547433903,0.14132762312633834,114,81,157002.3018448433,10000.0,0.22115538719312305,0.22280730927701717,0.8474866592002108,0.8514802222406501
101,0.0,10049.5,1295,85.97688579206493,86.18934288805025,68.23174081900936,68.36564497250286,0.21245709598531448,0.13390415349350349,1.5866355930148357,0.0025122462504805565,0.0019876331978176476,0.002249939724149102,17.823697915547385,113,98,708,587,18,12,154030.354557828,0.1596045197740113,0.16695059625212946,0.8407079646017699,0.8775510204081632,15292,12157,69343,54710,2333,1803,12773735.305161862,0.22052694576236967,0.22220800584902212,0.8474365681402041,0.8516903841408242,113,98,616,496,95,18,74,521,86,12,79,410,0.2387005649717514,0.28109028960817717,0.8407079646017699,0.8775510204081632,0.15422077922077923,0.17338709677419356,113,98,154030.354557828,10100.0,0.22052694576236967,0.22220800584902212,0.8474365681402041,0.8516903841408242
102,0.0,10149.0,1337,86.18934288805025,86.3528613269396,68.36564497250286,68.4930282963344,0.1635184388893549,0.1273833238315376,1.283672257646577,0.002503647604778723,0.001980635158998998,0.0022421413818888604,17.859833030605202,105,99,712,625,18,18,159234.73960693504,0.14747191011235955,0.1584,0.8285714285714285,0.8181818181818181,15397,12256,70055,55335,2351,1821,12932970.044768797,0.21978445507101563,0.22148730459925906,0.847307917126713,0.8514197127937337,105,99,604,528,87,18,90,517,81,18,79,447,0.24859550561797752,0.256,0.8285714285714286,0.8181818181818182,0.14403973509933773,0.1534090909090909,105,99,159234.73960693504,10200.0,0.21978445507101563,0.22148730459925906,0.847307917126713,0.8514197127937337
103,0.0,10248.5,1404,86.35436875348,86.56685493019428,68.4940310456173,68.62564639366067,0.21248617671427894,0.13161534804336839,1.614448313765526,0.0025001164244657917,0.001974281234865636,0.002237198829665714,17.94120853653361,105,84,835,569,11,10,167503.97789041282,0.12574850299401197,0.14762741652021089,0.8952380952380953,0.8809523809523809,15502,12340,70890,55904,2362,1831,13100474.02265921,0.21867682324728452,0.2207355466514024,0.8476325635401883,0.8516207455429498,105,84,723,480,94,11,101,629,74,10,79,406,0.23353293413173654,0.2688927943760984,0.8952380952380953,0.8809523809523809,0.13001383125864455,0.15416666666666667,105,84,167503.97789041282,10300.0,0.21867682324728452,0.2207355466514024,0.8476325635401883,0.8516207455429498
104,0.0,10348.0,1343,86.56811460226632,86.73743491840219,68.63007064819074,68.75188901419014,0.16932031613586673,0.12181836599940254,1.3899407921519582,0.0024924787654043807,0.0019674364749659155,0.0022299576201851483,17.985545904212046,118,88,754,589,21,12,160647.92864033885,0.15649867374005305,0.1494057724957555,0.8220338983050848,0.8636363636363636,15620,12428,71644,56493,2383,1843,13261121.95129955,0.21802244430796716,0.21999185739826174,0.8474391805377721,0.8517058255551979,118,88,644,503,97,21,89,547,76,12,74,427,0.246684350132626,0.2546689303904924,0.8220338983050848,0.8636363636363636,0.15062111801242237,0.15109343936381708,118,88,160647.92864033885,10400.0,0.21802244430796716,0.21999185739826174,0.8474391805377721,0.8517058255551979
105,0.0,10447.5,1360,86.73743491840219,86.91489541758459,68.75188901419014,68.90055847058345,0.17746049918240203,0.1486694563933071,1.1936580888069426,0.002485641872322663,0.0019628579805751264,0.002224249926448895,18.01433694700114,104,89,731,629,15,18,162822.77106772826,0.14227086183310533,0.14149443561208266,0.8557692307692308,0.797752808988764,15724,12517,72375,57122,2398,1861,13423944.722367277,0.2172573402417962,0.21912748153075873,0.8474942762655813,0.8513222018055444,104,89,623,528,89,15,93,534,71,18,83,457,0.24897400820793433,0.24483306836248012,0.8557692307692307,0.797752808988764,0.14285714285714285,0.13446969696969696,104,89,162822.77106772826,10500.0,0.2172573402417962,0.21912748153075873,0.8474942762655813,0.8513222018055444
106,0.0,10547.0,1354,86.91688638744138,87.09202636826699,68.90055847058345,69.03106392676837,0.17513998082560533,0.13050545618492038,1.342012709242132,0.0024789028877424866,0.0019566522879456366,0.0022177775878440614,18.060962441498617,96,80,733,621,15,15,162400.13713906793,0.13096862210095497,0.1288244766505636,0.84375,0.8125,15820,12597,73108,57743,2413,1876,13586344.859506344,0.21639218690157028,0.2181563133193634,0.8474715549936789,0.8510756529332381,96,80,619,526,81,15,99,538,65,15,80,461,0.24556616643929058,0.23349436392914655,0.84375,0.8125,0.1308562197092084,0.12357414448669202,96,80,162400.13713906793,10600.0,0.21639218690157028,0.2181563133193634,0.8474715549936789,0.8510756529332381
107,0.0,10646.5,1399,87.09202636826699,87.22540350843693,69.03106392676837,69.18822741714803,0.13337714016994084,0.15716349037965927,0.8486521891804654,0.002468200724321523,0.0019530539946358324,0.002210627359478678,18.0371760912889,98,84,790,609,13,11,168228.1759002444,0.1240506329113924,0.13793103448275862,0.8673469387755102,0.8690476190476191,15918,12681,73898,58352,2426,1887,13754573.03540659,0.2154050177271374,0.2173190293391829,0.8475939188340244,0.8511947007333807,98,84,679,517,85,13,98,594,73,11,81,444,0.23164556962025318,0.25287356321839083,0.8673469387755102,0.8690476190476191,0.1251840942562592,0.14119922630560927,98,84,168228.1759002444,10700.0,0.2154050177271374,0.2173190293391829,0.8475939188340244,0.8511947007333807
108,0.0,10746.0,1372,87.22540350843693,87.40180580480603,69.18822741714803,69.30720079257205,0.17640229636910476,0.11897337542401942,1.4827039725519215,0.0024616805598712413,0.001945986214632169,0.002203833387251705,18.094605012233984,104,58,786,586,18,10,165332.83018695764,0.13231552162849872,0.09897610921501707,0.8269230769230769,0.8275862068965517,16022,12739,74684,58938,2444,1897,13919905.865593547,0.21453055540678057,0.2161423869150633,0.8474597428535764,0.8510872124970563,104,58,652,501,86,18,116,566,48,10,75,453,0.25699745547073793,0.2098976109215017,0.8269230769230769,0.8275862068965517,0.13190184049079753,0.09580838323353294,104,58,165332.83018695764,10800.0,0.21453055540678057,0.2161423869150633,0.8474597428535764,0.8510872124970563
109,0.0,10845.5,1431,87.40180580480603,87.55491520876063,69.30720079257205,69.46167285646509,0.15310940395460193,0.15447206389303858,0.9911785995208804,0.002453143068859083,0.001942304879075272,0.0021977239739671773,18.093242352295547,106,76,816,615,9,9,172817.13827332918,0.12990196078431374,0.12357723577235773,0.9150943396226415,0.881578947368421,16128,12815,75500,59553,2453,1906,14092723.003866876,0.2136158940397351,0.2151864725538596,0.8479042658730158,0.8512680452594615,106,76,710,526,97,9,97,613,67,9,80,459,0.23774509803921567,0.23902439024390243,0.9150943396226415,0.881578947368421,0.13661971830985917,0.12737642585551331,106,76,172817.13827332918,10900.0,0.2136158940397351,0.2151864725538596,0.8479042658730158,0.8512680452594615
110,0.0,10945.0,1330,87.55491520876063,87.72388615076606,69.46167285646509,69.59747812072357,0.16897094200542995,0.1358052642584795,1.244214964184495,0.002446202762960858,0.0019369934951071767,0.0021915981290340173,18.126408030042498,109,77,761,569,15,9,160990.62316097313,0.14323258869908015,0.13532513181019332,0.8623853211009174,0.8831168831168831,16237,12892,76261,60122,2468,1915,14253713.627027849,0.2129135468981524,0.2144306576627524,0.8480014781055614,0.8514582686937635,109,77,632,482,94,15,114,538,68,9,78,414,0.2733245729303548,0.2565905096660808,0.8623853211009175,0.8831168831168831,0.14873417721518986,0.14107883817427386,109,77,160990.62316097313,11000.0,0.2129135468981524,0.2144306576627524,0.8480014781055614,0.8514582686937635
111,0.0,11044.5,1390,87.72388615076606,87.91346447925666,69.59747812072357,69.74828710610603,0.18957832849059741,0.15080898538246856,1.2570758168673135,0.0024412440289243273,0.001933129498338866,0.0021871867636315966,18.165177373150627,112,89,784,606,17,15,168593.0061914779,0.14285714285714285,0.14686468646864687,0.8482142857142857,0.8314606741573034,16349,12981,77045,60728,2485,1930,14422306.633219326,0.21220066195080797,0.21375642207877749,0.8480029359593859,0.8513211616978661,112,89,666,520,95,17,101,571,74,15,71,446,0.25,0.23927392739273928,0.8482142857142857,0.8314606741573034,0.14264264264264265,0.1423076923076923,112,89,168593.0061914779,11100.0,0.21220066195080797,0.21375642207877749,0.8480029359593859,0.8513211616978661
112,0.0,11144.0,1375,87.91346447925666,88.11884717659113,69.74828710610603,69.88485096228031,0.20538269733447123,0.13656385617427702,1.5039315898664323,0.002437784948070938,0.0019280626149764009,0.0021829237815236694,18.23399621431082,119,86,805,570,14,15,167121.42016839076,0.14782608695652175,0.15087719298245614,0.8823529411764706,0.8255813953488372,16468,13067,77850,61298,2499,1945,14589428.053387716,0.21153500321130378,0.21317171848999966,0.8482511537527326,0.8511517563327466,119,86,671,485,105,14,120,566,71,15,70,414,0.2795031055900621,0.24736842105263157,0.8823529411764706,0.8255813953488372,0.15648286140089418,0.1463917525773196,119,86,167121.42016839076,11200.0,0.21153500321130378,0.21317171848999966,0.8482511537527326,0.8511517563327466
113,0.0,11243.5,1380,88.11884717659113,88.2875431609411,69.88661742243067,70.04973376306302,0.16869598434996647,0.16311634063234237,1.0342065282729729,0.0024311404781189798,0.001925591512258265,0.0021783659951886223,18.23780939787808,126,110,753,627,18,16,168080.28849867682,0.16733067729083664,0.17543859649122806,0.8571428571428572,0.8545454545454545,16594,13177,78603,61925,2517,1961,14757508.341886394,0.2111115351831355,0.2127896649172386,0.8483186693985778,0.8511800865143812,126,110,649,522,108,18,86,541,94,16,89,428,0.25763612217795484,0.291866028708134,0.8571428571428571,0.8545454545454545,0.16640986132511557,0.18007662835249041,126,110,168080.28849867682,11300.0,0.2111115351831355,0.2127896649172386,0.8483186693985778,0.8511800865143812
114,0.0,11343.0,1406,88.2875431609411,88.4818586713597,70.04973376306302,70.21703253247065,0.19431551041860473,0.16729876940763688,1.1614879840815768,0.002426859904663428,0.0019233756892917573,0.0021751177969775927,18.26482613888905,124,94,809,597,20,15,171716.313990343,0.15327564894932014,0.1574539363484087,0.8387096774193549,0.8404255319148937,16718,13271,79412,62522,2537,1976,14929224.655876737,0.21052233919306906,0.21226128402802213,0.8482473980141165,0.8511039107829101,124,94,698,507,104,20,91,594,79,15,75,428,0.24103831891223734,0.25795644891122277,0.8387096774193549,0.8404255319148937,0.1489971346704871,0.15581854043392504,124,94,171716.313990343,11400.0,0.21052233919306906,0.21226128402802213,0.8482473980141165,0.8511039107829101
115,0.0,11442.5,1418,88.4818586713597,88.70146293010784,70.21703253247065,70.39630996180425,0.21960425874813438,0.17927742933359525,1.2249409173505044,0.0024248527975574965,0.001922240024979098,0.0021735464112682974,18.305152968303588,144,91,779,639,13,14,173563.0811939463,0.18485237483953787,0.14241001564945227,0.9097222222222222,0.8461538461538461,16862,13362,80191,63161,2550,1990,15102787.737070683,0.21027297327630282,0.21155459856557052,0.8487723876171273,0.8510701990719952,144,91,681,541,131,13,85,550,77,14,84,464,0.2772785622593068,0.2519561815336463,0.9097222222222222,0.8461538461538461,0.19236417033773862,0.1423290203327172,144,91,173563.0811939463,11500.0,0.21027297327630282,0.21155459856557052,0.8487723876171273,0.8510701990719952
116,0.0,11542.0,1431,88.70319549183962,88.9301717866566,70.39630996180425,70.5516886375565,0.22697629481697845,0.15537867575224595,1.460794370386424,0.002423665174867239,0.0019190637037079202,0.0021713644392875797,18.378483149100106,118,78,838,593,11,12,175569.44299797248,0.14081145584725538,0.1315345699831366,0.9067796610169492,0.8461538461538461,16980,13440,81029,63754,2561,2002,15278357.180068657,0.2095546039072431,0.21081030209869184,0.8491755005889281,0.8510416666666667,118,78,716,509,107,11,111,609,66,12,72,443,0.26014319809069214,0.2327150084317032,0.9067796610169492,0.8461538461538461,0.1494413407821229,0.12966601178781925,118,78,175569.44299797248,11600.0,0.2095546039072431,0.21081030209869184,0.8491755005889281,0.8510416666666667
117,0.0,11641.5,1419,88.93734732921278,89.13262982152624,70.5516886375565,70.74222970652097,0.19528249231345285,0.1905410689644782,1.0248839967926209,0.002420254193446975,0.0019189470112800301,0.0021696006023635027,18.390400115005264,122,94,778,641,9,18,174639.23945777162,0.15681233933161953,0.14664586583463338,0.9262295081967213,0.8085106382978724,17102,13534,81807,64395,2570,2020,15452996.419526428,0.20905301502316428,0.2101715971736936,0.8497251783417145,0.8507462686567164,122,94,671,540,113,9,98,558,76,18,83,464,0.2712082262210797,0.24804992199687986,0.9262295081967213,0.8085106382978723,0.16840536512667661,0.14074074074074075,122,94,174639.23945777162,11700.0,0.20905301502316428,0.2101715971736936,0.8497251783417145,0.8507462686567164
118,0.0,11741.0,1396,89.13262982152624,89.29792928624019,70.74222970652097,70.88418539932192,0.16529946471395363,0.14195569280094844,1.1644440702053283,0.0024137519939019967,0.0019147148919302797,0.0021642334429161384,18.41374388691827,126,82,773,623,12,10,172166.98103292286,0.1630012936610608,0.13162118780096307,0.9047619047619048,0.8780487804878049,17228,13616,82580,65018,2582,2030,15625163.40055935,0.20862194235892467,0.2094189301424221,0.8501276990944974,0.8509106933019976,126,82,655,537,114,12,106,541,72,10,76,465,0.2846054333764554,0.2375601926163724,0.9047619047619048,0.8780487804878049,0.17404580152671756,0.1340782122905028,126,82,172166.98103292286,11800.0,0.20862194235892467,0.2094189301424221,0.8501276990944974,0.8509106933019976
119,0.0,11840.5,1386,89.29955699570539,89.48259705488981,70.88418539932192,71.05548799620881,0.183040059184421,0.1713025968868891,1.068518881271147,0.0024089866635876624,0.0019130200270306042,0.002161003345309133,18.427109058680998,133,106,763,623,18,19,171320.47773556065,0.1743119266055046,0.17014446227929375,0.8646616541353384,0.8207547169811321,17361,13722,83343,65641,2600,2049,15796483.878294911,0.20830783629099026,0.20904617540866227,0.8502390415298657,0.8506777437691299,133,106,646,522,115,18,99,531,87,19,82,435,0.2804718217562254,0.2712680577849117,0.8646616541353384,0.8207547169811321,0.1780185758513932,0.16666666666666666,133,106,171320.47773556065,11900.0,0.20830783629099026,0.20904617540866227,0.8502390415298657,0.8506777437691299
120,0.0,11940.0,1416,89.48259705488981,89.69065781956705,71.05548799620881,71.21565939497631,0.2080607646772421,0.16017139876750264,1.2989882480782569,0.0024062501717808686,0.0019104258100359744,0.0021583379909084215,18.474998424590737,122,94,809,607,15,13,175455.08048045015,0.1508034610630408,0.15485996705107083,0.8770491803278688,0.8617021276595744,17483,13816,84152,66248,2615,2062,15971938.958775362,0.207755014735241,0.20854969206617557,0.8504261282388605,0.8507527504342791,122,94,690,526,107,15,104,583,81,13,68,445,0.26081582200247216,0.24546952224052718,0.8770491803278688,0.8617021276595744,0.15507246376811595,0.15399239543726237,122,94,175455.08048045015,12000.0,0.207755014735241,0.20854969206617557,0.8504261282388605,0.8507527504342791
121,0.0,12039.5,1455,89.69540741696731,89.92254656151768,71.21697479767136,71.35333229985235,0.22713914455036388,0.1363575021809993,1.665761992683484,0.002405528165563723,0.0019060150930006391,0.002155771629282181,18.569214261665323,120,84,839,616,13,12,180619.92671180822,0.1430274135876043,0.13636363636363635,0.8916666666666666,0.8571428571428572,17603,13900,84991,66864,2628,2074,16152558.88548717,0.20711604758150862,0.20788466140224934,0.8507072658069648,0.8507913669064748,120,84,718,524,107,13,108,611,72,12,80,452,0.2562574493444577,0.24675324675324675,0.8916666666666667,0.8571428571428571,0.149025069637883,0.13740458015267176,120,84,180619.92671180822,12100.0,0.20711604758150862,0.20788466140224934,0.8507072658069648,0.8507913669064748
122,0.0,12139.0,1378,89.92254656151768,90.12093513655958,71.35521591623004,71.48852360160986,0.19838857504190344,0.13330768537981896,1.4882005825594873,0.002402072080193685,0.001901473272710265,0.002151772676451975,18.632411534949725,122,86,786,592,16,17,171275.6047716079,0.15521628498727735,0.14527027027027026,0.8688524590163934,0.8023255813953488,17725,13986,85777,67456,2644,2091,16323834.49025878,0.20664047471933036,0.20733515180265655,0.8508321579689704,0.8504933504933505,122,86,661,498,106,16,109,555,69,17,77,429,0.27353689567430023,0.24662162162162163,0.8688524590163934,0.8023255813953488,0.16036308623298035,0.13855421686746988,122,86,171275.6047716079,12200.0,0.20664047471933036,0.20733515180265655,0.8508321579689704,0.8504933504933505
123,0.0,12238.5,1434,90.1222580925989,90.3142591858644,71.48852360160986,71.60472276774387,0.1920010932655032,0.1161991661340096,1.6523448459524495,0.002398260441273803,0.0018954612270893694,0.0021468608341815862,18.709536418120535,133,73,816,618,23,8,178532.03700268146,0.16299019607843138,0.11812297734627832,0.8270676691729324,0.8904109589041096,17858,14059,86593,68074,2667,2099,16502366.52726146,0.20622914092363123,0.20652525193172136,0.8506551685519095,0.8507006188206843,133,73,684,521,110,23,109,574,65,8,89,456,0.26838235294117646,0.24919093851132687,0.8270676691729323,0.8904109589041096,0.1608187134502924,0.12476007677543186,133,73,178532.03700268146,12300.0,0.20622914092363123,0.20652525193172136,0.8506551685519095,0.8507006188206843
124,0.0,12338.0,1474,90.3142591858644,90.46327874252215,71.60666589565258,71.79539004150824,0.14901955665774835,0.18872414585565878,0.7896157430312201,0.0023909373374456067,0.001895551642497066,0.0021432444899713364,18.667888701013908,100,102,792,682,18,16,183970.45769721147,0.12626262626262627,0.1495601173020528,0.8200000000000001,0.8431372549019608,17958,14161,87385,68756,2685,2115,16686336.984958671,0.20550437718143846,0.20596020710919774,0.8504844637487471,0.8506461408092649,100,102,679,569,82,18,95,597,86,16,97,483,0.22348484848484848,0.26832844574780057,0.82,0.8431372549019608,0.12076583210603829,0.15114235500878734,100,102,183970.45769721147,12400.0,0.20550437718143846,0.20596020710919774,0.8504844637487471,0.8506461408092649
125,0.0,12437.5,1400,90.46327874252215,90.66303707154363,71.79539004150824,71.93736480769594,0.19975832902147772,0.1419747661877011,1.4069988237021112,0.00238779050506776,0.0018917452106521058,0.002139767857859933,18.725672263847684,121,81,809,591,13,12,175145.86639708173,0.14956736711990112,0.13705583756345177,0.8925619834710744,0.8518518518518519,18079,14242,88194,69347,2698,2127,16861482.851355754,0.2049912692473411,0.20537297936464446,0.8507660821948116,0.8506529981744138,121,81,708,502,108,13,88,600,69,12,77,433,0.242274412855377,0.2470389170896785,0.8925619834710744,0.8518518518518519,0.15254237288135594,0.13745019920318724,121,81,175145.86639708173,12500.0,0.2049912692473411,0.20537297936464446,0.8507660821948116,0.8506529981744138
126,0.0,12537.0,1465,90.66303707154363,90.84783217336872,71.93736480769594,72.07016964746538,0.18479510182508818,0.13280483976943458,1.3914786700990345,0.0023835060646961977,0.0018872714264222823,0.00213538874555924,18.777662525903338,111,82,838,627,19,14,183634.24995233244,0.1324582338902148,0.13078149920255183,0.8288288288288288,0.8292682926829268,18190,14324,89032,69974,2717,2141,17045117.101308085,0.2043085632132267,0.20470460456741074,0.8506322155030237,0.8505305780508238,111,82,705,526,92,19,114,613,68,14,87,458,0.2458233890214797,0.24720893141945774,0.8288288288288288,0.8292682926829268,0.13049645390070921,0.12927756653992395,111,82,183634.24995233244,12600.0,0.2043085632132267,0.20470460456741074,0.8506322155030237,0.8505305780508238
127,0.0,12636.5,1450,90.84783217336872,91.02196726125368,72.07346454259641,72.22082497370072,0.174135087884963,0.1473604311043033,1.1816950220626616,0.0023784497246501614,0.001884273645602842,0.0021313616851265016,18.801142287552963,100,84,812,638,18,13,182081.3662362051,0.12315270935960591,0.13166144200626959,0.8200000000000001,0.8452380952380952,18290,14408,89844,70612,2735,2154,17227198.46754429,0.20357508570410934,0.20404463830510394,0.8504647348277747,0.8504997223764575,100,84,686,546,82,18,108,604,71,13,79,475,0.23399014778325122,0.23510971786833856,0.82,0.8452380952380952,0.119533527696793,0.13003663003663005,100,84,182081.3662362051,12700.0,0.20357508570410934,0.20404463830510394,0.8504647348277747,0.8504997223764575
128,0.0,12736.0,1488,91.02326324508417,91.18537946807547,72.22082497370072,72.36643578981901,0.16211622299130113,0.14561081611829252,1.113352890348474,0.0023726346648342846,0.0018809286027558114,0.002126781633795048,18.81894367825646,94,95,791,697,15,14,187287.78322629133,0.11883691529709228,0.13629842180774748,0.8404255319148937,0.8526315789473684,18384,14503,90635,71309,2750,2168,17414486.250770584,0.20283554918078006,0.20338246224179277,0.8504134029590948,0.8505136868234159,94,95,661,599,79,15,115,582,81,14,84,518,0.24525916561314792,0.23672883787661406,0.8404255319148937,0.8526315789473684,0.11951588502269289,0.1352253756260434,94,95,187287.78322629133,12800.0,0.20283554918078006,0.20338246224179277,0.8504134029590948,0.8505136868234159
129,0.0,12835.5,1406,91.18537946807547,91.37055359616154,72.36643578981901,72.48818301439215,0.18517412808607503,0.12174722457314147,1.520972069263303,0.0023685967316251872,0.0018757855302207387,0.002122191130922963,18.882370581769393,105,87,788,618,15,12,177301.77205953564,0.13324873096446702,0.1407766990291262,0.8571428571428572,0.8620689655172413,18489,14590,91423,71927,2765,2180,17591788.02283012,0.20223576124170067,0.20284455072504068,0.8504516198820921,0.8505825908156271,105,87,672,519,90,15,101,582,75,12,87,444,0.24238578680203046,0.2621359223300971,0.8571428571428571,0.8620689655172413,0.13392857142857142,0.14450867052023122,105,87,177301.77205953564,12900.0,0.20223576124170067,0.20284455072504068,0.8504516198820921,0.8505825908156271
130,0.0,12935.0,1436,91.37055359616154,91.56049767902455,72.48818301439215,72.59818028648728,0.18994408286300768,0.10999727209512855,1.7268072129892367,0.0023649878400636864,0.0018698177393802044,0.0021174027897219454,18.962317392537273,98,90,818,618,19,15,181310.58061477542,0.1198044009779951,0.14563106796116504,0.8061224489795918,0.8333333333333334,18587,14680,92241,72545,2784,2195,17773098.603444897,0.20150475385132424,0.2023571576263009,0.850217894227148,0.8504768392370572,98,90,691,523,79,19,108,612,75,15,80,448,0.22860635696821516,0.25080906148867316,0.8061224489795918,0.8333333333333334,0.11432706222865413,0.14340344168260039,98,90,181310.58061477542,13000.0,0.20150475385132424,0.2023571576263009,0.850217894227148,0.8504768392370572
131,0.0,13034.5,1432,91.5628412398242,91.7306722117576,72.59818028648728,72.75686912286244,0.16783097193339813,0.15868883637516262,1.057610451793989,0.0023599249201191577,0.001867657973154032,0.0021137914466365947,18.973803088895153,101,80,793,639,17,13,181152.32370343403,0.1273644388398487,0.12519561815336464,0.8316831683168316,0.8375,18688,14760,93034,73184,2801,2208,17954250.92714833,0.20087279919169335,0.20168342807170966,0.8501177226027398,0.8504065040650406,101,80,672,536,84,17,104,588,67,13,90,469,0.23707440100882723,0.24569640062597808,0.8316831683168316,0.8375,0.125,0.125,101,80,181152.32370343403,13100.0,0.20087279919169335,0.20168342807170966,0.8501177226027398,0.8504065040650406
132,0.0,13134.0,1490,91.7306722117576,91.90910368649075,72.75686912286244,72.89650290964076,0.17843147473315923,0.13963378677831884,1.277853153237441,0.002355564236991979,0.001864087366295162,0.0021098258016435706,19.012600776849993,97,82,828,662,14,12,188841.244597779,0.11714975845410629,0.12386706948640483,0.8556701030927836,0.8536585365853658,18785,14842,93862,73846,2815,2220,18143092.17174611,0.2001342396283906,0.20098583538715706,0.8501463933989886,0.8504244710955396,97,82,723,557,83,14,91,640,70,12,93,487,0.21014492753623187,0.24622356495468278,0.8556701030927835,0.8536585365853658,0.11479944674965421,0.12567324955116696,97,82,188841.244597779,13200.0,0.2001342396283906,0.20098583538715706,0.8501463933989886,0.8504244710955396
133,0.0,13233.5,1483,91.90910368649075,92.09000024265373,72.89817109258077,73.01284371969518,0.18089655616297762,0.11467262711441606,1.577504245912896,0.0023514544725155716,0.00185881910113914,0.002105136786827356,19.077156522958546,104,78,859,624,22,17,188253.9164498512,0.1210710128055879,0.125,0.7884615384615384,0.782051282051282,18889,14920,94721,74470,2837,2237,18331346.08819596,0.19941723588222252,0.20034913387941453,0.8498067658425539,0.8500670241286863,104,78,715,523,82,22,122,633,61,17,84,462,0.23748544819557627,0.23237179487179488,0.7884615384615384,0.782051282051282,0.11468531468531469,0.11663479923518165,104,78,188253.9164498512,13300.0,0.19941723588222252,0.20034913387941453,0.8498067658425539,0.8500670241286863
134,0.0,13333.0,1475,92.09000024265373,92.25615520669918,73.01284371969518,73.17108158353523,0.16615496404544672,0.1582378638400428,1.0500329062417517,0.0023463059289927277,0.0018567561126112391,0.0021015310208019836,19.08507362316395,98,80,808,667,18,14,187643.27245836594,0.12128712871287128,0.1199400299850075,0.8163265306122449,0.825,18987,15000,95529,75137,2855,2251,18518989.360654328,0.19875639858053576,0.19963533279209977,0.8496339600779481,0.8499333333333333,98,80,684,572,80,18,106,604,66,14,81,506,0.2301980198019802,0.22038980509745126,0.8163265306122449,0.825,0.11695906432748537,0.11538461538461539,98,80,187643.27245836594,13400.0,0.19875639858053576,0.19963533279209977,0.8496339600779481,0.8499333333333333
135,0.0,13432.5,1459,92.25615520669918,92.45212157829503,73.17108158353523,73.31874908299315,0.1959663715958584,0.14766749945792412,1.3270785536102099,0.002343441912599882,0.0018539406969221132,0.0020986913047609974,19.133372495301884,114,82,836,623,19,12,186084.7611718612,0.13636363636363635,0.13162118780096307,0.8333333333333334,0.8536585365853658,19101,15082,96365,75760,2874,2263,18705074.12182619,0.19821511959736418,0.19907602956705386,0.8495366734725931,0.8499535870574194,114,82,721,537,95,19,96,626,70,12,74,467,0.2284688995215311,0.23113964686998395,0.8333333333333334,0.8536585365853658,0.1317614424410541,0.1303538175046555,114,82,186084.7611718612,13500.0,0.19821511959736418,0.19907602956705386,0.8495366734725931,0.8499535870574194
136,0.0,13532.0,1527,92.45212157829503,92.60977191548342,73.31874908299315,73.48527928102962,0.15765033718838595,0.16653019803646885,0.9466771735530016,0.002337802658624029,0.0018525536475356616,0.0020951781530798453,19.1244926344538,109,99,863,664,20,17,195084.31640688822,0.12630359212050984,0.14909638554216867,0.8165137614678899,0.8282828282828283,19210,15181,97228,76424,2894,2280,18900158.438233078,0.19757682971983379,0.19864178792002513,0.8493492972410203,0.8498122653316645,109,99,725,562,89,20,118,636,82,17,85,480,0.2398609501738123,0.25150602409638556,0.8165137614678899,0.8282828282828283,0.12275862068965518,0.14590747330960854,109,99,195084.31640688822,13600.0,0.19757682971983379,0.19864178792002513,0.8493492972410203,0.8498122653316645
137,0.0,13631.5,1437,92.60977191548342,92.76376725854158,73.48527928102962,73.62504851185173,0.1539953430581562,0.139769230822111,1.1017828613090905,0.002331978941631018,0.0018492334917742416,0.00209060621670263,19.138718746689847,94,87,799,638,19,20,184150.61304164876,0.11764705882352941,0.13636363636363635,0.7978723404255319,0.7701149425287357,19304,15268,98027,77062,2913,2300,19084309.051274728,0.19692533689697736,0.19812618411149463,0.8490986324077912,0.8493581346607283,94,87,668,536,75,19,112,593,67,20,82,469,0.23404255319148937,0.2335423197492163,0.7978723404255319,0.7701149425287356,0.1122754491017964,0.125,94,87,184150.61304164876,13700.0,0.19692533689697736,0.19812618411149463,0.8490986324077912,0.8493581346607283
138,0.0,13731.0,1473,92.76613270471637,92.95203037393695,73.62504851185173,73.75942451622781,0.18589766922058004,0.13437600437607955,1.383414174902137,0.0023287227982420524,0.0018455706407016802,0.0020871467194718664,19.19260585770914,104,86,836,637,20,13,189005.72442131568,0.12440191387559808,0.13500784929356358,0.8076923076923077,0.8488372093023255,19408,15354,98863,77699,2933,2313,19273314.775696043,0.1963120682156115,0.19760872083295794,0.8488767518549052,0.8493552168815943,104,86,715,543,84,20,101,631,73,13,81,470,0.22129186602870812,0.24175824175824176,0.8076923076923077,0.8488372093023255,0.11748251748251748,0.13443830570902393,104,86,189005.72442131568,13800.0,0.1963120682156115,0.19760872083295794,0.8488767518549052,0.8493552168815943
139,0.0,13830.5,1473,92.9539148203121,93.14585777818085,73.75942451622781,73.88352277321857,0.19194295786876125,0.12409825699076293,1.5467014809325503,0.0023259138143873546,0.0018412210862355362,0.0020835674503114454,19.26233500496228,116,82,855,618,14,13,189401.5337804205,0.13567251461988303,0.13268608414239483,0.8793103448275862,0.8414634146341463,19524,15436,99718,78317,2947,2326,19462716.309476465,0.19579213381736496,0.19709641584841095,0.8490575701700471,0.8493132935993781,116,82,730,508,102,14,111,628,69,13,97,439,0.24912280701754386,0.2686084142394822,0.8793103448275862,0.8414634146341463,0.13972602739726028,0.13582677165354332,116,82,189401.5337804205,13900.0,0.19579213381736496,0.19709641584841095,0.8490575701700471,0.8493132935993781
140,0.0,13930.0,1468,93.14793283401605,93.3666299224095,73.88352277321857,74.0438126513497,0.21869708839345492,0.16028987813112394,1.3643848940639371,0.0023250695831580626,0.0018395187840575054,0.002082294183607784,19.322817271059805,120,82,851,617,17,15,188959.52407337306,0.1410105757931845,0.13290113452188007,0.8583333333333334,0.8170731707317074,19644,15518,100569,78934,2964,2341,19651675.83354984,0.19532858037765116,0.19659462335622166,0.8491142333536958,0.8491429307900502,120,82,737,516,103,17,97,634,67,15,86,449,0.23501762632197415,0.2479740680713128,0.8583333333333333,0.8170731707317073,0.13975576662143827,0.1298449612403101,120,82,188959.52407337306,14000.0,0.19532858037765116,0.19659462335622166,0.8491142333536958,0.8491429307900502
141,0.0,14029.5,1448,93.3666299224095,93.53306025809958,74.0438126513497,74.16943894907308,0.16643033569008026,0.12562629772338596,1.324804907142451,0.0023203832978654576,0.001835382218051664,0.002077882757958561,19.3636213090265,94,90,817,631,17,14,186777.86152839576,0.11505507955936352,0.14263074484944532,0.8191489361702128,0.8444444444444444,19738,15608,101386,79565,2981,2355,19838453.695078235,0.19468171147890243,0.1961666561930497,0.8489715270037491,0.8491158380317786,94,90,717,527,77,17,83,640,76,14,90,451,0.19583843329253367,0.2630744849445325,0.8191489361702128,0.8444444444444444,0.10739191073919108,0.1442125237191651,94,90,186777.86152839576,14100.0,0.19468171147890243,0.1961666561930497,0.8489715270037491,0.8491158380317786
142,0.0,14129.0,1407,93.53454128359921,93.71764953717302,74.16943894907308,74.31826966920569,0.18310825357380622,0.148830720132608,1.2303122192156093,0.0023170418154208725,0.001832938027793033,0.002074989921606953,19.399379867967326,98,77,793,614,17,13,181771.39701782016,0.1235813366960908,0.1254071661237785,0.826530612244898,0.8311688311688312,19836,15685,102179,80179,2998,2368,20020225.092096057,0.19412990927685728,0.19562478953341897,0.848860657390603,0.8490277335033471,98,77,689,535,81,17,87,608,64,13,66,471,0.21185372005044137,0.21172638436482086,0.826530612244898,0.8311688311688312,0.11756168359941944,0.11962616822429907,98,77,181771.39701782016,14200.0,0.19412990927685728,0.19562478953341897,0.848860657390603,0.8490277335033471
143,0.0,14228.5,1447,93.71764953717302,93.906201247303,74.31826966920569,74.45374819179881,0.1885517101299854,0.1354785225931181,1.3917461345239326,0.002314024160077369,0.0018295943019058872,0.002071809230991628,19.452453055504193,95,74,811,636,14,11,187240.53405517532,0.11713933415536375,0.11635220125786164,0.8526315789473684,0.8513513513513513,19931,15759,102990,80815,3012,2379,20207465.626151234,0.19352364307214293,0.1950009280455361,0.8488786312779087,0.8490386445840472,95,74,690,553,81,14,107,609,63,11,72,490,0.2318125770653514,0.21226415094339623,0.8526315789473684,0.8513513513513513,0.11739130434782609,0.11392405063291139,95,74,187240.53405517532,14300.0,0.19352364307214293,0.1950009280455361,0.8488786312779087,0.8490386445840472
144,0.0,14328.0,1473,93.906201247303,94.06516223529658,74.45542376283638,74.56948353071088,0.15896098799358072,0.11405976787450811,1.3936639619368176,0.0023089935053541635,0.0018249259622337682,0.002066959733793966,19.4956787045857,106,81,822,651,18,17,190978.78728578822,0.12895377128953772,0.12442396313364056,0.8301886792452831,0.7901234567901234,20037,15840,103812,81466,3030,2396,20398444.413437024,0.1930123685123107,0.19443694301917364,0.8487797574487199,0.8487373737373738,106,81,701,545,88,18,103,613,64,17,89,481,0.23236009732360097,0.2350230414746544,0.8301886792452831,0.7901234567901234,0.12553495007132667,0.11743119266055047,106,81,190978.78728578822,14400.0,0.1930123685123107,0.19443694301917364,0.8487797574487199,0.8487373737373738
145,0.0,14427.5,1431,94.06516223529658,94.22957603230508,74.57083547791305,74.68447045822201,0.16441379700849268,0.11363498030895869,1.4468590266964716,0.0023044082947661,0.0018202703988743026,0.0020623393468202013,19.545105574083067,105,84,789,642,13,17,185786.05188334134,0.13307984790874525,0.1308411214953271,0.8761904761904762,0.7976190476190477,20142,15924,104601,82108,3043,2413,20584230.465320364,0.19256030057074025,0.19393968918984753,0.8489226491907457,0.8484677216779704,105,84,687,553,92,13,89,595,67,17,72,486,0.229404309252218,0.21651090342679127,0.8761904761904762,0.7976190476190477,0.1339155749636099,0.12115732368896925,105,84,185786.05188334134,14500.0,0.19256030057074025,0.19393968918984753,0.8489226491907457,0.8484677216779704
146,0.0,14527.0,1428,94.232546603054,94.39285001489974,74.68447045822201,74.77951621232323,0.1603034118457316,0.09504575410122129,1.686592035189837,0.002299807825801583,0.0018143127765601788,0.002057060301180881,19.613333802576506,97,77,805,623,16,14,185596.08994284848,0.12049689440993788,0.12359550561797752,0.8350515463917526,0.8181818181818181,20239,16001,105406,82731,3059,2427,20769826.555263214,0.19200994250801662,0.1934099672432341,0.8488561687830427,0.8483219798762578,97,77,671,519,81,16,118,590,63,14,90,456,0.24720496894409938,0.24558587479935795,0.8350515463917526,0.8181818181818182,0.12071535022354694,0.12138728323699421,97,77,185596.08994284848,14600.0,0.19200994250801662,0.1934099672432341,0.8488561687830427,0.8483219798762578
147,0.0,14626.5,1477,94.39506586839643,94.55190806385883,74.78240769642063,74.89259061157631,0.15684219546240286,0.11018291515567569,1.4234711002227798,0.002294983150045048,0.0018096626487776658,0.0020523228994113567,19.659317452282522,98,69,879,598,16,12,192180.90506618522,0.11149032992036405,0.11538461538461539,0.8367346938775511,0.8260869565217391,20337,16070,106285,83329,3075,2439,20962007.4603294,0.19134402784964952,0.1928500282014665,0.8487977577813837,0.8482265090230243,98,69,725,498,82,16,138,643,57,12,88,441,0.2502844141069397,0.24247491638795987,0.8367346938775511,0.8260869565217391,0.11310344827586206,0.1144578313253012,98,69,192180.90506618522,14700.0,0.19134402784964952,0.1928500282014665,0.8487977577813837,0.8482265090230243
148,0.0,14726.0,1478,94.55190806385883,94.66504492000696,74.89259061157631,75.02190174664547,0.11313685614813096,0.12931113506915892,0.8749196740684587,0.002287120889311509,0.0018061724373041113,0.00204664666330781,19.643143173361494,85,75,841,637,15,13,192629.38770728844,0.10107015457788347,0.11773940345368916,0.8235294117647058,0.8266666666666667,20422,16145,107126,83966,3090,2452,21154636.848036688,0.1906353266247223,0.19228020865588452,0.8486925864264029,0.8481263549086404,85,75,691,542,70,15,135,621,62,13,82,480,0.2437574316290131,0.2260596546310832,0.8235294117647058,0.8266666666666667,0.10130246020260492,0.11439114391143912,85,75,192629.38770728844,14800.0,0.1906353266247223,0.19228020865588452,0.8486925864264029,0.8481263549086404
149,0.0,14825.5,1573,94.66504492000696,94.80682089354416,75.02190174664547,75.1433597041152,0.14177597353719307,0.12145795746972965,1.1672843549384335,0.002281286250694465,0.0018022020154074214,0.0020417441330509434,19.663461189428958,77,69,903,670,17,11,205438.63110149093,0.08527131782945736,0.10298507462686567,0.7792207792207793,0.8405797101449275,20499,16214,108029,84636,3107,2463,21360075.47913818,0.18975460293069454,0.1915733257715393,0.848431630811259,0.8480942395460713,77,69,770,555,60,17,116,710,58,11,104,497,0.19490586932447398,0.2417910447761194,0.7792207792207793,0.8405797101449275,0.07792207792207792,0.1045045045045045,77,69,205438.63110149093,14900.0,0.18975460293069454,0.1915733257715393,0.848431630811259,0.8480942395460713
150,0.0,14925.0,1522,94.80682089354416,94.93261611255514,75.1433597041152,75.2317366853813,0.1257952190109819,0.0883769812661086,1.423393481071781,0.002274464023623901,0.001796079134055779,0.0020352715788398397,19.70087942717383,78,55,847,675,11,7,199024.22905000957,0.09208972845336481,0.08148148148148149,0.858974358974359,0.8727272727272728,20577,16269,108876,85311,3118,2470,21559099.70818819,0.18899481979499613,0.19070225410556668,0.8484715944987121,0.8481775155203147,78,55,739,568,67,11,97,672,48,7,100,520,0.1936245572609209,0.21925925925925926,0.8589743589743589,0.8727272727272727,0.09066305818673884,0.08450704225352113,78,55,199024.22905000957,15000.0,0.18899481979499613,0.19070225410556668,0.8484715944987121,0.8481775155203147
151,0.0,15024.5,1434,94.93261611255514,95.0538424779727,75.2317366853813,75.3041375085207,0.12122636541755583,0.07240082313938956,1.6743782758403862,0.00226742958409113,0.0017889793267533824,0.0020282044554222564,19.749704969451997,68,51,825,609,8,6,187815.924468589,0.08242424242424243,0.08374384236453201,0.8823529411764706,0.8823529411764706,20645,16320,109701,85920,3126,2476,21746915.63265678,0.1881933619565911,0.18994413407821228,0.8485831920561879,0.8482843137254902,68,51,692,526,60,8,125,632,45,6,77,481,0.22424242424242424,0.20032840722495895,0.8823529411764706,0.8823529411764706,0.08670520231213873,0.08555133079847908,68,51,187815.924468589,15100.0,0.1881933619565911,0.18994413407821228,0.8485831920561879,0.8482843137254902
152,0.0,15124.0,1500,95.0538424779727,95.1514436006213,75.30529164162881,75.38122712153714,0.0976011226486122,0.07593547990832406,1.2853164655895348,0.002258933410685834,0.0017822814109863497,0.002020607410836092,19.77021647908417,64,49,852,648,2,7,196511.44447964398,0.07511737089201878,0.07561728395061729,0.96875,0.8571428571428572,20709,16369,110553,86568,3128,2483,21943427.077136423,0.1873219179940843,0.18908834673320396,0.8489545608189676,0.8483108314496914,64,49,737,544,62,2,113,675,42,7,97,502,0.20539906103286384,0.21450617283950618,0.96875,0.8571428571428571,0.08412483039348712,0.07720588235294118,64,49,196511.44447964398,15200.0,0.1873219179940843,0.18908834673320396,0.8489545608189676,0.8483108314496914
153,0.0,15223.5,1493,95.1514436006213,95.23415164376101,75.38311004434291,75.4450381272893,0.08270804313970359,0.061928082946380414,1.3355498701827282,0.002249574894481332,0.001774803166846057,0.002012189030663695,19.789113516471716,48,58,840,653,6,11,195905.95050726345,0.05714285714285714,0.0888208269525268,0.875,0.8103448275862069,20757,16427,111393,87221,3134,2494,22139333.027643688,0.18634025477363927,0.18833767097373338,0.8490147901912608,0.8481767821269861,48,58,711,540,42,6,123,669,47,11,102,493,0.19642857142857142,0.22817764165390506,0.875,0.8103448275862069,0.05907172995780591,0.08703703703703704,48,58,195905.95050726345,15300.0,0.18634025477363927,0.18833767097373338,0.8490147901912608,0.8481767821269861
154,0.0,15323.0,1461,95.23415164376101,95.31167289780585,75.4450381272893,75.52069199653732,0.07752125404483934,0.07565386924802908,1.0246832688846104,0.0022400011129616376,0.001768191059869656,0.0020040960864156467,19.790980901268526,46,43,810,651,3,7,191743.67788543657,0.056790123456790124,0.06605222734254992,0.9347826086956522,0.8372093023255813,20803,16470,112203,87872,3137,2501,22331076.705529124,0.1854050248210832,0.1874317188638019,0.8492044416670672,0.8481481481481481,46,43,694,556,43,3,113,651,36,7,88,520,0.1925925925925926,0.19047619047619047,0.9347826086956522,0.8372093023255814,0.06195965417867435,0.06474820143884892,46,43,191743.67788543657,15400.0,0.1854050248210832,0.1874317188638019,0.8492044416670672,0.8481481481481481
155,0.0,15422.5,1518,95.31167289780585,95.39205889623783,75.52069199653732,75.562636933052,0.08038599843197858,0.041944936514681785,1.9164648968735822,0.0022307356863252386,0.0017594895005488634,0.001995112593437051,19.829421963185823,59,47,848,670,6,9,199547.49230361384,0.0695754716981132,0.07014925373134329,0.8983050847457628,0.8085106382978724,20862,16517,113051,88542,3143,2510,22530624.197832737,0.18453618278476086,0.18654423889227711,0.8493433036142268,0.8480353575104438,59,47,714,573,53,6,128,661,38,9,88,535,0.2134433962264151,0.1880597014925373,0.8983050847457628,0.8085106382978723,0.0742296918767507,0.06631762652705062,59,47,199547.49230361384,15500.0,0.18453618278476086,0.18654423889227711,0.8493433036142268,0.8480353575104438
156,0.0,15522.0,1536,95.39205889623783,95.46260884414752,75.562636933052,75.62414962737337,0.07054994790969715,0.0615126943213653,1.1469168874495703,0.0022209585311506984,0.001752153843130048,0.001986556187140373,19.838459216774154,44,34,913,623,9,4,201893.34280038628,0.04819277108433735,0.05457463884430177,0.7954545454545454,0.8823529411764706,20906,16551,113964,89165,3152,2514,22732517.540633123,0.1834438945631954,0.18562216116189087,0.8492298861570841,0.8481058546311401,44,34,767,538,35,9,137,732,30,4,81,508,0.18838992332968238,0.1781701444622793,0.7954545454545454,0.8823529411764706,0.04563233376792699,0.055762081784386616,44,34,201893.34280038628,15600.0,0.1834438945631954,0.18562216116189087,0.8492298861570841,0.8481058546311401
157,0.0,15621.5,1372,95.46260884414752,95.52874662388075,75.62414962737337,75.68484321039261,0.06613777973322499,0.0606935830192441,1.0896997086537912,0.002211024895903447,0.0017448594608820377,0.0019779421783927423,19.843903413488135,29,30,768,604,6,6,180524.9527064404,0.037760416666666664,0.04966887417218543,0.7931034482758621,0.8,20935,16581,114732,89769,3158,2520,22913042.493339565,0.18246870968866577,0.18470741570029742,0.8491521375686649,0.8480188167179301,29,30,655,503,23,6,107,632,24,6,95,479,0.16927083333333334,0.19701986754966888,0.7931034482758621,0.8,0.035114503816793895,0.04771371769383698,29,30,180524.9527064404,15700.0,0.18246870968866577,0.18470741570029742,0.8491521375686649,0.8480188167179301
158,0.0,15721.0,1473,95.53027639242605,95.59761979986548,75.68484321039261,75.7358125660533,0.0673434074394379,0.05096935566068339,1.3212528698177184,0.002201390129219548,0.0017370419551587769,0.0019692160421891625,19.861807233812186,58,26,840,633,6,3,193919.91676502078,0.06904761904761905,0.04107424960505529,0.896551724137931,0.8846153846153846,20993,16607,115572,90402,3164,2523,23106962.410104584,0.18164434292043055,0.18370168801575187,0.8492830943647882,0.848076112482688,58,26,722,536,52,6,112,670,23,3,94,513,0.19523809523809524,0.1848341232227488,0.896551724137931,0.8846153846153846,0.07202216066481995,0.04291044776119403,58,26,193919.91676502078,15800.0,0.18164434292043055,0.18370168801575187,0.8492830943647882,0.848076112482688
159,0.0,15820.5,1486,95.59761979986548,95.66756913065285,75.7358125660533,75.80137341003415,0.06994933078736665,0.0655608439808475,1.0669376191648963,0.0021919442372613975,0.0017302404865087752,0.0019610923618850864,19.866195720618705,50,43,826,660,6,6,195823.00219723972,0.06053268765133172,0.06515151515151515,0.88,0.8604651162790697,21043,16650,116398,91062,3170,2529,23302785.412301823,0.18078489321122357,0.18284245898398893,0.8493560804067861,0.8481081081081081,50,43,701,569,44,6,119,657,37,6,85,532,0.1973365617433414,0.18484848484848485,0.88,0.8604651162790697,0.06276747503566334,0.06502636203866433,50,43,195823.00219723972,15900.0,0.18078489321122357,0.18284245898398893,0.8493560804067861,0.8481081081081081
160,0.0,15920.0,1449,95.66925031664917,95.73196490838325,75.80137341003415,75.84502400411345,0.06271459173407834,0.04365059407930971,1.4367408521435203,0.0021822693218866637,0.001722154645598052,0.001952211983742358,19.886940904269792,35,31,793,656,1,3,191182.199094699,0.044136191677175286,0.04725609756097561,0.9714285714285714,0.9032258064516129,21078,16681,117191,91718,3171,2532,23493967.61139652,0.17986022817451852,0.1818726967443686,0.84955878166809,0.8482105389365147,35,31,687,558,34,1,105,653,28,3,95,530,0.17528373266078184,0.1875,0.9714285714285714,0.9032258064516129,0.049490538573508006,0.05017921146953405,35,31,191182.199094699,16000.0,0.17986022817451852,0.1818726967443686,0.84955878166809,0.8482105389365147
161,0.0,16019.5,1507,95.73196490838325,95.7925351203777,75.84502400411345,75.87742484814211,0.060570211994459555,0.032400844028657616,1.8694022890541662,0.0021724769790174583,0.0017134705076768627,0.0019429737433471605,19.915110272235594,32,31,836,671,3,4,198787.18238278906,0.03827751196172249,0.046199701937406856,0.90625,0.8709677419354839,21110,16712,118027,92389,3174,2536,23692754.79377931,0.17885738009099614,0.1808873350723571,0.8496447181430602,0.8482527525131642,32,31,714,576,29,3,119,685,27,4,91,549,0.17703349282296652,0.17585692995529062,0.90625,0.8709677419354839,0.04061624649859944,0.046875,32,31,198787.18238278906,16100.0,0.17885738009099614,0.1808873350723571,0.8496447181430602,0.8482527525131642
162,0.0,16119.0,1505,95.7925351203777,95.83785092838458,75.87742484814211,75.93674251946547,0.04531580800687607,0.05931767132335608,0.7639512306517866,0.002161863899394318,0.001706555113884003,0.0019342095066391604,19.901108408919114,48,28,862,643,6,3,198659.65356159088,0.05568445475638051,0.04354587869362364,0.875,0.8928571428571429,21158,16740,118889,93032,3180,2539,23891414.447340902,0.17796431965951434,0.17993808581993292,0.8497022402873617,0.8483273596176821,48,28,738,549,42,6,118,696,25,3,91,524,0.18561484918793503,0.18040435458786935,0.875,0.8928571428571429,0.056910569105691054,0.04553734061930783,48,28,198659.65356159088,16200.0,0.17796431965951434,0.17993808581993292,0.8497022402873617,0.8483273596176821
163,0.0,16218.5,1519,95.83785092838458,95.90512209621596,75.93674251946547,75.97618154550614,0.06727116783137888,0.03943902604066807,1.7057005353532648,0.0021527279961975052,0.0016985050227583752,0.00192561650947794,19.928940550709825,41,32,860,659,5,3,200632.9090625254,0.047674418604651166,0.048558421851289835,0.8780487804878049,0.90625,21199,16772,119749,93691,3185,2542,24092047.35640343,0.1770286181930538,0.17901399280613933,0.8497570640124534,0.8484378726448843,41,32,735,558,36,5,120,699,29,3,98,529,0.1813953488372093,0.19271623672230653,0.8780487804878049,0.90625,0.04897959183673469,0.05197132616487455,41,32,200632.9090625254,16300.0,0.1770286181930538,0.17901399280613933,0.8497570640124534,0.8484378726448843
164,0.0,16318.0,1415,95.90512209621596,95.97402653881684,75.97618154550614,76.00533833253725,0.06890444260088202,0.029156787031112685,2.3632385326735528,0.0021438030963792814,0.0016899261376824774,0.0019168646170308794,19.968688206279595,39,25,827,588,5,2,186958.36391307946,0.0471584038694075,0.04251700680272109,0.8717948717948718,0.92,21238,16797,120576,94279,3190,2544,24279005.720316507,0.17613787154989385,0.17816268734288654,0.849797532724362,0.8485443829255224,39,25,697,511,34,5,125,663,23,2,75,488,0.19226118500604594,0.16666666666666666,0.8717948717948718,0.92,0.04878048780487805,0.04500978473581213,39,25,186958.36391307946,16400.0,0.17613787154989385,0.17816268734288654,0.849797532724362,0.8485443829255224
165,0.0,16417.5,1453,95.97402653881684,96.01454018233697,76.00533833253725,76.03359307884402,0.04051364352012854,0.028254746306771494,1.4338703692561237,0.0021332657226751724,0.0016813965699575394,0.001907331146316356,19.98094710349295,33,33,800,653,6,7,192033.4612411227,0.04125,0.05053598774885146,0.8181818181818181,0.7878787878787878,21271,16830,121376,94932,3196,2551,24471039.18155763,0.17524881360400738,0.17728479332574895,0.8497484838512529,0.848425430778372,33,33,675,547,27,6,119,648,26,7,99,521,0.1825,0.19142419601837674,0.8181818181818182,0.7878787878787878,0.04,0.04753199268738574,33,33,192033.4612411227,16500.0,0.17524881360400738,0.17728479332574895,0.8497484838512529,0.848425430778372
166,0.0,16517.0,1470,96.01454018233697,96.06904781972864,76.03359307884402,76.07056665993366,0.05450763739166575,0.036973581089640106,1.474232026903627,0.00212369831695976,0.0016734949991198216,0.0018985966580397909,19.998481159794977,27,24,844,626,5,0,194340.59014999913,0.031990521327014215,0.038338658146964855,0.8148148148148149,1.0,21298,16854,122220,95558,3201,2551,24665379.771707628,0.17425953199149075,0.17637455786014777,0.8497041975772373,0.8486412721015782,27,24,716,538,22,5,123,694,24,0,88,514,0.17180094786729858,0.17891373801916932,0.8148148148148148,1.0,0.030726256983240222,0.04460966542750929,27,24,194340.59014999913,16600.0,0.17425953199149075,0.17637455786014777,0.8497041975772373,0.8486412721015782
167,0.0,16616.5,1485,96.07242798039168,96.13306186491748,76.07056665993366,76.10885526134255,0.06063388452579943,0.038288601408893896,1.5836014451996945,0.0021148147369293925,0.0016657668016046667,0.0018902907692670296,20.024206603574925,38,28,854,631,6,2,196389.0952937718,0.04449648711943794,0.044374009508716325,0.8421052631578947,0.9285714285714286,21336,16882,123074,96189,3207,2553,24861768.8670014,0.17335911727903539,0.17550863404339373,0.8496906636670416,0.8487738419618529,38,28,731,533,32,6,117,699,26,2,96,507,0.17447306791569087,0.19334389857369255,0.8421052631578947,0.9285714285714286,0.04377564979480164,0.04878048780487805,38,28,196389.0952937718,16700.0,0.17335911727903539,0.17550863404339373,0.8496906636670416,0.8487738419618529
168,0.0,16716.0,1509,96.13306186491748,96.20323055196705,76.10885526134255,76.15212737986711,0.07016868704957346,0.04327211852455548,1.6215681007102778,0.002106403261533954,0.001658427244364434,0.0018824152529491938,20.051103172099943,48,31,865,644,9,6,199644.8389604805,0.055491329479768786,0.04813664596273292,0.8125,0.8064516129032258,21384,16913,123939,96833,3216,2559,25061413.70596188,0.17253648972478397,0.17466153067652557,0.8496071829405163,0.8486962691420801,48,31,727,541,39,9,129,688,25,6,97,516,0.19421965317919074,0.18944099378881987,0.8125,0.8064516129032258,0.05364511691884457,0.04621072088724584,48,31,199644.8389604805,16800.0,0.17253648972478397,0.17466153067652557,0.8496071829405163,0.8486962691420801
169,0.0,16815.5,1557,96.20442034276117,96.2574876380775,76.15212737986711,76.18945099667398,0.053067295316338914,0.037323616806872906,1.4218154577818651,0.0020971498153775667,0.0016508225634396072,0.001873986189408587,20.068036641403523,43,40,881,676,5,3,206087.78569668875,0.04880817253121453,0.05917159763313609,0.8837209302325582,0.925,21427,16953,124820,97509,3221,2562,25267501.49165857,0.17166319500080116,0.1738608743808264,0.8496756428804779,0.8488763050787471,43,40,745,584,38,5,131,707,37,3,89,547,0.19182746878547105,0.1863905325443787,0.8837209302325582,0.925,0.05100671140939597,0.06335616438356165,43,40,206087.78569668875,16900.0,0.17166319500080116,0.1738608743808264,0.8496756428804779,0.8488763050787471
170,0.0,16915.0,1416,96.2574876380775,96.29692741347799,76.18945099667398,76.24629383474635,0.03943977540048138,0.05684283807237023,0.6938389555825503,0.0020871336267812564,0.001644455538835396,0.0018657945828083262,20.050633578731635,29,23,791,625,5,1,187579.14715556704,0.03666245259165613,0.0368,0.8275862068965517,0.9565217391304348,21456,16976,125611,98134,3226,2563,25455080.638814136,0.17081306573468885,0.17298795524486926,0.8496457867263236,0.8490221489161169,29,23,663,534,24,5,123,639,22,1,90,512,0.18584070796460178,0.1792,0.8275862068965517,0.9565217391304348,0.03619909502262444,0.04119850187265917,29,23,187579.14715556704,17000.0,0.17081306573468885,0.17298795524486926,0.8496457867263236,0.8490221489161169
171,0.0,17014.5,1513,96.29692741347799,96.34480464994093,76.24629383474635,76.29192181334476,0.047877236462937844,0.04562797859840373,1.0492955842802294,0.0020777280053651636,0.001637507142619891,0.0018576175739925273,20.05288283659617,32,36,833,680,4,8,200700.58411868842,0.03841536614645858,0.052941176470588235,0.875,0.7777777777777778,21488,17012,126444,98814,3230,2571,25655781.222932823,0.16994084337730536,0.17216183941546745,0.8496835443037974,0.8488713849047731,32,36,724,571,28,4,105,696,28,8,101,543,0.15966386554621848,0.18970588235294117,0.875,0.7777777777777778,0.03867403314917127,0.04903677758318739,32,36,200700.58411868842,17100.0,0.16994084337730536,0.17216183941546745,0.8496835443037974,0.8488713849047731
172,0.0,17114.0,1536,96.34480464994093,96.40149441115496,76.29192181334476,76.32825269473716,0.05668976121403091,0.03633088139240215,1.5603739584992948,0.0020689441077301357,0.0016300990128018918,0.0018495215602660137,20.073241716417797,31,22,902,634,5,4,203713.61392118974,0.03436807095343681,0.03470031545741325,0.8387096774193549,0.8181818181818181,21519,17034,127346,99448,3235,2575,25859494.836854015,0.16898057261319555,0.17128549593757542,0.8496677354895674,0.8488317482681695,31,22,772,554,26,5,125,746,18,4,76,536,0.1674057649667406,0.14826498422712933,0.8387096774193549,0.8181818181818182,0.03367875647668394,0.032490974729241874,31,22,203713.61392118974,17200.0,0.16898057261319555,0.17128549593757542,0.8496677354895674,0.8488317482681695
173,0.0,17213.5,1452,96.40149441115496,96.45304951830748,76.32825269473716,76.37098575184365,0.05155510715252376,0.04273305710648856,1.2064455633036295,0.002059964957231841,0.0016231465940635275,0.0018415557756476845,20.082063766463833,37,30,811,641,7,5,192690.82263273562,0.04562268803945746,0.046801872074883,0.8108108108108107,0.8333333333333334,21556,17064,128157,100089,3242,2580,26052185.659486752,0.16819994225832377,0.17048826544375506,0.8496010391538319,0.8488045007032349,37,30,678,541,30,7,126,648,25,5,95,516,0.19235511713933415,0.187207488299532,0.8108108108108109,0.8333333333333334,0.04424778761061947,0.04621072088724584,37,30,192690.82263273562,17300.0,0.16819994225832377,0.17048826544375506,0.8496010391538319,0.8488045007032349
174,0.0,17313.0,1500,96.45304951830748,96.5056415558296,76.37165241851032,76.43414627751709,0.05259203752211761,0.062493859006764296,0.8415552881191907,0.0020511486090593663,0.0016174480806306014,0.001834298344844984,20.07149527831251,34,28,833,667,5,8,199219.10158900334,0.04081632653061224,0.041979010494752625,0.8529411764705882,0.7142857142857143,21590,17092,128990,100756,3247,2588,26251404.761075754,0.16737731607101325,0.16963754019611735,0.8496062992125984,0.8485841329276855,34,28,705,571,29,5,123,676,20,8,88,551,0.18247298919567828,0.1619190404797601,0.8529411764705882,0.7142857142857143,0.04113475177304964,0.03502626970227671,34,28,199219.10158900334,17400.0,0.16737731607101325,0.16963754019611735,0.8496062992125984,0.8485841329276855
175,0.0,17412.5,1566,96.5056415558296,96.56154352986087,76.43414627751709,76.46268438501961,0.05590197403127206,0.028538107502527055,1.9588535794225994,0.002042622158380814,0.0016098362691699996,0.0018262292137754068,20.098859144841256,31,26,909,657,8,7,208129.31226255625,0.034103410341034104,0.0395738203957382,0.7419354838709677,0.7307692307692308,21621,17118,129899,101413,3255,2595,26459534.07333831,0.16644469934333597,0.16879492767199472,0.8494519217427501,0.8484051875219067,31,26,771,557,23,8,130,748,19,7,93,538,0.16831683168316833,0.1704718417047184,0.7419354838709677,0.7307692307692307,0.029831387808041506,0.03411131059245961,31,26,208129.31226255625,17500.0,0.16644469934333597,0.16879492767199472,0.8494519217427501,0.8484051875219067
176,0.0,17512.0,1474,96.56154352986087,96.62832489248967,76.46268438501961,76.5229875166708,0.0667813626288023,0.06030313165118173,1.1074277703369262,0.00203481074626665,0.0016041157864844417,0.001819463266375546,20.105337375818877,39,30,851,623,7,5,196027.86506187794,0.045828437132784956,0.048154093097913325,0.8205128205128205,0.8333333333333334,21660,17148,130750,102036,3262,2600,26655561.93840019,0.16565965583173997,0.16805833235328707,0.8493998153277932,0.8483788196874271,39,30,721,530,32,7,123,689,25,5,88,505,0.18213866039952997,0.18138041733547353,0.8205128205128205,0.8333333333333334,0.044382801664355064,0.04716981132075472,39,30,196027.86506187794,17600.0,0.16565965583173997,0.16805833235328707,0.8493998153277932,0.8483788196874271
177,0.0,17611.5,1453,96.62832489248967,96.67777775439737,76.5229875166708,76.5525836130844,0.04945286190769593,0.029596096413598616,1.670925152310751,0.002026108587355974,0.0015967250812734335,0.0018114168343147038,20.125194141312974,40,33,826,627,6,2,193325.4513079638,0.048426150121065374,0.05263157894736842,0.85,0.9393939393939394,21700,17181,131576,102663,3268,2602,26848887.389708154,0.16492369429075213,0.16735337950381346,0.8494009216589862,0.8485536348291718,40,33,700,540,34,6,120,666,31,2,85,509,0.1864406779661017,0.1850079744816587,0.85,0.9393939393939394,0.04857142857142857,0.05740740740740741,40,33,193325.4513079638,17700.0,0.16492369429075213,0.16735337950381346,0.8494009216589862,0.8485536348291718
178,0.0,17711.0,1428,96.67777775439737,96.73381204496495,76.55383830367546,76.60510501330754,0.056034290567581024,0.051266709632074026,1.0929956490229724,0.0020178739486948496,0.001590705356110276,0.0018042896524025627,20.128707031657413,23,16,836,592,2,3,190101.80519101757,0.02751196172248804,0.02702702702702703,0.9130434782608696,0.8125,21723,17197,132412,103255,3270,2605,27038989.19489917,0.16405612784339788,0.16654883540748633,0.8494683054826682,0.8485200907134965,23,16,734,504,21,2,100,713,13,3,85,491,0.14473684210526316,0.16554054054054054,0.9130434782608695,0.8125,0.02861035422343324,0.025793650793650792,23,16,190101.80519101757,17800.0,0.16405612784339788,0.16654883540748633,0.8494683054826682,0.8485200907134965
179,0.0,17810.5,1506,96.73381204496495,96.77371814604872,76.60510501330754,76.64291801213038,0.03990610108377268,0.037812998822843724,1.0553540403059614,0.002008830300997324,0.001583931192043897,0.0017963807465206105,20.130800133918342,30,14,836,670,5,5,200638.81731035994,0.03588516746411483,0.020895522388059702,0.8333333333333334,0.6428571428571428,21753,17211,133248,103925,3275,2610,27239628.01220953,0.16325198126801152,0.165609814770267,0.8494460534179193,0.8483527976294231,30,14,710,553,25,5,121,685,9,5,112,544,0.17464114832535885,0.18059701492537314,0.8333333333333334,0.6428571428571429,0.035211267605633804,0.0162748643761302,30,14,200638.81731035994,17900.0,0.16325198126801152,0.165609814770267,0.8494460534179193,0.8483527976294231
180,0.0,17910.0,1485,96.77371814604872,96.81945044423951,76.64291801213038,76.68036116055085,0.04573229819078506,0.03744314842046492,1.221379614695799,0.0020002108158912713,0.001577211749222568,0.0017887112825569196,20.139089283688662,37,35,846,639,11,7,197916.21195884873,0.04373522458628842,0.054773082942097026,0.7027027027027026,0.8,21790,17246,134094,104564,3286,2617,27437544.22416838,0.16249794919981506,0.16493248154240464,0.8491968793024323,0.8482546677490432,37,35,695,545,26,11,140,669,28,7,87,517,0.19621749408983452,0.17996870109546165,0.7027027027027027,0.8,0.03741007194244604,0.05137614678899083,37,35,197916.21195884873,18000.0,0.16249794919981506,0.16493248154240464,0.8491968793024323,0.8482546677490432
181,0.0,18009.5,1430,96.81945044423951,96.86172629690671,76.68036116055085,76.73567816960009,0.042275852667202685,0.05531700904924719,0.7642468997115457,0.0019914956098734853,0.0015715540605003022,0.0017815248351868936,20.126048127306618,32,26,795,635,3,6,190765.36903533238,0.04025157232704402,0.04094488188976378,0.90625,0.7692307692307692,21822,17272,134889,105199,3289,2623,27628309.593203712,0.1617774614683184,0.1641840701907813,0.8492805425717166,0.8481357109773043,32,26,671,545,29,3,121,642,20,6,84,525,0.18867924528301888,0.16377952755905512,0.90625,0.7692307692307693,0.043219076005961254,0.03669724770642202,32,26,190765.36903533238,18100.0,0.1617774614683184,0.1641840701907813,0.8492805425717166,0.8481357109773043
182,0.0,18109.0,1498,96.86172629690671,96.89928491246394,76.73567816960009,76.78009689474105,0.03755861555723072,0.04441872514095735,0.8455581612944335,0.001982616986498204,0.0015653597373734302,0.001773988361935817,20.11918801772289,35,21,862,636,5,2,200092.18454147747,0.04060324825986079,0.0330188679245283,0.8571428571428572,0.9047619047619048,21857,17293,135751,105835,3294,2625,27828401.77774519,0.1610080220403533,0.16339585203382623,0.8492931326348538,0.8482044757994565,35,21,723,553,30,5,134,693,19,2,81,534,0.1902552204176334,0.15723270440251572,0.8571428571428571,0.9047619047619048,0.04149377593360996,0.034358047016274866,35,21,200092.18454147747,18200.0,0.1610080220403533,0.16339585203382623,0.8492931326348538,0.8482044757994565
183,0.0,18208.5,1446,96.89928491246394,96.96452259736496,76.78009689474105,76.82091736219746,0.065237684901021,0.04082046745641321,1.598161142340658,0.0019753479147086523,0.0015590364856640896,0.0017671922001863708,20.1436052351675,43,25,825,621,5,5,193131.1389063079,0.052121212121212124,0.040257648953301126,0.8837209302325582,0.8,21900,17318,136576,106456,3299,2630,28021532.9166515,0.16035028116213684,0.1626775381378222,0.8493607305936073,0.8481348885552604,43,25,702,533,38,5,118,664,20,5,83,513,0.1890909090909091,0.16586151368760063,0.8837209302325582,0.8,0.05413105413105413,0.0375234521575985,43,25,193131.1389063079,18300.0,0.16035028116213684,0.1626775381378222,0.8493607305936073,0.8481348885552604
184,0.0,18308.0,1526,96.96452259736496,97.02238671739985,76.82091736219746,76.85696395357058,0.05786412003489261,0.03604659137312183,1.6052591335456767,0.0019677571173480016,0.0015525225151644545,0.001760139816256228,20.16542276382927,37,22,863,663,9,0,203884.0834443054,0.04287369640787949,0.033182503770739065,0.7567567567567568,1.0,21937,17340,137439,107119,3308,2630,28225417.000095803,0.1596126281477601,0.16187604439921957,0.8492045402744222,0.8483275663206459,37,22,719,561,28,9,135,691,22,0,102,539,0.18887601390498263,0.1870286576168929,0.7567567567567568,1.0,0.03894297635605007,0.0392156862745098,37,22,203884.0834443054,18400.0,0.1596126281477601,0.16187604439921957,0.8492045402744222,0.8483275663206459
185,0.0,18407.5,1540,97.02238671739985,97.07383997667226,76.85696395357058,76.90622214697466,0.051453259272406626,0.04925819340407145,1.0445624517799255,0.0019599018496473317,0.0015467931066178396,0.0017533474781325858,20.167617829697605,34,25,880,660,7,2,205876.40051327331,0.038636363636363635,0.03787878787878788,0.7941176470588236,0.92,21971,17365,138319,107779,3315,2632,28431293.400609076,0.15884296445173837,0.1611167296040973,0.8491192936143097,0.8484307515116614,34,25,775,558,27,7,98,748,23,2,100,535,0.14204545454545456,0.18636363636363637,0.7941176470588235,0.92,0.03483870967741935,0.04121863799283154,34,25,205876.40051327331,18500.0,0.15884296445173837,0.1611167296040973,0.8491192936143097,0.8484307515116614
186,0.0,18507.0,1497,97.07383997667226,97.1197149543652,76.90622214697466,76.93775965914907,0.04587497769293236,0.0315375121744097,1.4546162499829784,0.0019518311395789552,0.0015401725798174432,0.0017460018596981992,20.181955295216127,43,32,890,607,9,7,200246.55453363952,0.048314606741573035,0.05271828665568369,0.7906976744186046,0.78125,22014,17397,139209,108386,3324,2639,28631539.955142714,0.15813632739262548,0.16050965991917776,0.8490051785227583,0.8483071793987469,43,32,749,500,34,9,132,715,25,7,100,475,0.18651685393258427,0.20593080724876442,0.7906976744186046,0.78125,0.04539385847797063,0.05,43,32,200246.55453363952,18600.0,0.15813632739262548,0.16050965991917776,0.8490051785227583,0.8483071793987469
187,0.0,18606.5,1471,97.1197149543652,97.17419785459603,76.93775965914907,76.97555831071888,0.05448290023083757,0.037798651569815434,1.44139798559231,0.0019443070639785778,0.0015339576810788375,0.0017391323725287075,20.19863954387715,43,30,814,657,8,5,196846.85601978496,0.052825552825552825,0.045662100456621,0.813953488372093,0.8333333333333334,22057,17427,140023,109043,3332,2644,28828386.811162498,0.15752412103725816,0.1598176866006988,0.8489368454458902,0.8482814024215298,43,30,709,547,35,8,97,674,25,5,105,522,0.16216216216216217,0.197869101978691,0.813953488372093,0.8333333333333334,0.04936530324400564,0.04570383912248629,43,30,196846.85601978496,18700.0,0.15752412103725816,0.1598176866006988,0.8489368454458902,0.8482814024215298
188,0.0,18706.0,1493,97.17419785459603,97.2299205806352,76.97555831071888,77.01783415793538,0.05572272603916417,0.04227584721650146,1.3180747331638103,0.0019369289799169452,0.0015280470469888703,0.0017324880134529078,20.212086422699812,33,27,839,654,4,5,199882.34854757792,0.03933253873659118,0.04128440366972477,0.8787878787878788,0.8148148148148149,22090,17454,140862,109697,3336,2649,29028269.159710076,0.1568201502179438,0.1591110057704404,0.8489814395654143,0.8482296321760054,33,27,725,564,29,4,110,696,22,5,85,542,0.16567342073897498,0.1636085626911315,0.8787878787878788,0.8148148148148148,0.04,0.03900709219858156,33,27,199882.34854757792,18800.0,0.1568201502179438,0.1591110057704404,0.8489814395654143,0.8482296321760054
189,0.0,18805.5,1450,97.2299205806352,97.26836841201946,77.01783415793538,77.0490018257017,0.03844783138426067,0.031167667766311524,1.233580634667125,0.0019287149552287212,0.0015216112249289457,0.0017251630900788333,20.21936658631776,36,26,824,626,6,0,194209.66771169644,0.043689320388349516,0.04153354632587859,0.8333333333333334,1.0,22126,17480,141686,110323,3342,2649,29222478.827421773,0.15616221786203294,0.15844384217252974,0.848955979390762,0.8484553775743707,36,26,705,525,30,6,113,675,26,0,101,499,0.17354368932038836,0.20287539936102236,0.8333333333333334,1.0,0.0425531914893617,0.049523809523809526,36,26,194209.66771169644,18900.0,0.15616221786203294,0.15844384217252974,0.848955979390762,0.8484553775743707
190,0.0,18905.0,1471,97.26836841201946,97.30944640836996,77.0490018257017,77.09872183222475,0.04107799635050924,0.04972000652306008,0.8261864634200583,0.0019207258236933337,0.0015162195872463228,0.0017184727054698284,20.21072457614521,35,25,821,650,8,1,197131.2182625474,0.04263093788063337,0.038461538461538464,0.7714285714285715,0.96,22161,17505,142507,110973,3350,2650,29419610.04568432,0.15550815047681868,0.1577410721526858,0.848833536392762,0.8486146815195659,35,25,705,566,27,8,108,678,24,1,83,542,0.16443361753958588,0.1646153846153846,0.7714285714285715,0.96,0.03829787234042553,0.04240282685512368,35,25,197131.2182625474,19000.0,0.15550815047681868,0.1577410721526858,0.848833536392762,0.8486146815195659
191,0.0,19004.5,1542,97.30944640836996,97.36122326057921,77.09872183222475,77.13804512560942,0.051776852209243884,0.039323293384669,1.3166967400912093,0.0019133804975069414,0.0015103400759719791,0.0017118602867394602,20.223178134969785,32,28,900,642,6,4,206781.58050882534,0.035555555555555556,0.04361370716510903,0.8125,0.8571428571428572,22193,17533,143407,111615,3356,2654,29626391.626193143,0.15475534667066462,0.1570846212426645,0.8487811472085793,0.8486283009182685,32,28,773,521,26,6,121,747,24,4,117,497,0.16333333333333333,0.21962616822429906,0.8125,0.8571428571428571,0.03363518758085381,0.046065259117082535,32,28,206781.58050882534,19100.0,0.15475534667066462,0.1570846212426645,0.8487811472085793,0.8486283009182685
192,0.0,19104.0,1538,97.36122326057921,97.4075765983881,77.13804512560942,77.16795458435381,0.04635333780889539,0.029909458744384665,1.5497885871170427,0.0019058292104266394,0.0015040315057192285,0.001704930358072934,20.239622014034296,41,24,900,638,7,3,206340.2322693285,0.04555555555555556,0.03761755485893417,0.8292682926829268,0.875,22234,17557,144307,112253,3363,2657,29832731.85846247,0.15407429993001032,0.15640561944892342,0.8487451650625168,0.8486643504015492,41,24,773,547,34,7,120,739,21,3,88,526,0.1711111111111111,0.17084639498432602,0.8292682926829268,0.875,0.04398447606727038,0.038391224862888484,41,24,206340.2322693285,19200.0,0.15407429993001032,0.15640561944892342,0.8487451650625168,0.8486643504015492
193,0.0,19203.5,1569,97.4075765983881,97.44249153021738,77.16795458435381,77.22630430439717,0.03491493182927741,0.058349720043366915,0.5983735963656345,0.001897763511503666,0.0014992618979198214,0.0016985127047117437,20.216187225820207,27,25,854,715,4,5,210650.99597841015,0.03161592505854801,0.03496503496503497,0.8518518518518519,0.8,22261,17582,145161,112968,3367,2662,30043382.854440883,0.15335386226328007,0.1556369945471284,0.8487489331117201,0.8485951541349107,27,25,722,614,23,4,128,699,20,5,96,594,0.17681498829039813,0.16223776223776223,0.8518518518518519,0.8,0.03185595567867036,0.03257328990228013,27,25,210650.99597841015,19300.0,0.15335386226328007,0.1556369945471284,0.8487489331117201,0.8485951541349107
194,0.0,19303.0,1384,97.44249153021738,97.48409620435004,77.22630430439717,77.26190908853233,0.04160467413265678,0.03560478413515966,1.168513590047924,0.0018901257961934747,0.0014933690419581295,0.0016917474190758022,20.222187115817704,30,26,779,605,3,4,185961.74754138393,0.038510911424903725,0.04297520661157025,0.9,0.8461538461538461,22291,17608,145940,113573,3370,2666,30229344.601982266,0.152740852405098,0.15503684854674968,0.8488179085729667,0.8485915492957746,30,26,655,533,27,3,121,628,22,4,68,511,0.18998716302952504,0.1487603305785124,0.9,0.8461538461538461,0.04122137404580153,0.04127579737335835,30,26,185961.74754138393,19400.0,0.152740852405098,0.15503684854674968,0.8488179085729667,0.8485915492957746
195,0.0,19402.5,1554,97.48409620435004,97.54389847033205,77.26190908853233,77.30576555524466,0.059802265982014546,0.04385646671232735,1.3635906051046536,0.0018834996262633553,0.0014879597887538483,0.0016857297075086018,20.23813291508739,35,35,899,655,7,3,208881.5246340227,0.0389321468298109,0.05343511450381679,0.8,0.9142857142857143,22326,17643,146839,114228,3377,2669,30438226.126616288,0.15204407548403354,0.15445424939594496,0.8487413777658336,0.8487218726973871,35,35,782,553,28,7,110,754,32,3,99,521,0.15350389321468297,0.2,0.8,0.9142857142857143,0.03580562659846547,0.05786618444846293,35,35,208881.5246340227,19500.0,0.15204407548403354,0.15445424939594496,0.8487413777658336,0.8487218726973871
196,0.0,19502.0,1475,97.54389847033205,97.61448514755992,77.30576555524466,77.33400628514809,0.07058667722786538,0.028240729903430406,2.4994636282149068,0.0018774912953756781,0.0014818090107450751,0.0016796501530603766,20.280478862411826,40,32,817,658,6,4,198355.39142964646,0.04895960832313342,0.0486322188449848,0.85,0.875,22366,17675,147656,114886,3383,2673,30636581.518045936,0.15147369561683913,0.15384816252633046,0.8487436287221676,0.8487694483734087,40,32,713,546,34,6,98,679,28,4,108,518,0.16156670746634028,0.2066869300911854,0.85,0.875,0.047685834502103785,0.05128205128205128,40,32,198355.39142964646,19600.0,0.15147369561683913,0.15384816252633046,0.8487436287221676,0.8487694483734087
197,0.0,19601.5,1487,97.61448514755992,97.66230208514247,77.33400628514809,77.37662511504163,0.04781693758255301,0.04261882989354149,1.1219673956792335,0.0018703881384236468,0.0014764505299744676,0.001673419334199057,20.285676970100837,37,34,839,648,4,5,200015.05720252,0.04410011918951132,0.05246913580246913,0.8918918918918919,0.8529411764705882,22403,17709,148495,115534,3387,2678,30836596.575248457,0.15086703256001885,0.15327955407066318,0.8488148908628309,0.8487774577898244,37,34,707,550,33,4,128,674,29,5,93,521,0.19189511323003575,0.1882716049382716,0.8918918918918919,0.8529411764705882,0.04667609618104668,0.05272727272727273,37,34,200015.05720252,19700.0,0.15086703256001885,0.15327955407066318,0.8488148908628309,0.8487774577898244
198,0.0,19701.0,1449,97.66230208514247,97.71805650233978,77.37662511504163,77.40986199788362,0.05575441719730634,0.03323688284199022,1.6774863473920096,0.0018637576133405632,0.0014706723395625759,0.0016672149764515695,20.308194504456154,40,31,835,614,8,4,194983.9045367254,0.04790419161676647,0.050488599348534204,0.8,0.8709677419354839,22443,17740,149330,116148,3395,2682,31031580.47978518,0.15029130114511485,0.15273616420429106,0.8487278884284633,0.8488162344983089,40,31,705,494,32,8,122,673,27,4,116,467,0.1844311377245509,0.23289902280130292,0.8,0.8709677419354839,0.04539007092198582,0.05465587044534413,40,31,194983.9045367254,19800.0,0.15029130114511485,0.15273616420429106,0.8487278884284633,0.8488162344983089
199,0.0,19800.5,1545,97.7189891712964,97.771133873245,77.40986199788362,77.45293554232006,0.0521447019486061,0.04307354443643874,1.2105969599402986,0.001857059201761225,0.0014654465260188663,0.0016612528638900457,20.318198330924943,31,23,839,706,7,1,207988.56741678892,0.03694874851013111,0.032577903682719546,0.7741935483870968,0.9565217391304348,22474,17763,150169,116854,3402,2683,31239569.04720197,0.14965805192816095,0.1520102007633457,0.8486250778677583,0.8489556944209875,31,23,716,599,24,7,116,692,22,1,106,577,0.16686531585220502,0.1813031161473088,0.7741935483870968,0.9565217391304348,0.0335195530726257,0.03672787979966611,31,23,207988.56741678892,19900.0,0.14965805192816095,0.1520102007633457,0.8486250778677583,0.8489556944209875
200,0.0,19900.0,1452,97.771133873245,97.84146480008815,77.45293554232006,77.47950572984436,0.07033092684314113,0.026570187524299627,2.6469864685305793,0.001851290452094576,0.001459447802764987,0.0016553691274297814,20.361959070243785,42,15,850,602,8,1,195548.96921430645,0.04941176470588235,0.024916943521594685,0.8095238095238095,0.9333333333333333,22516,17778,151019,117456,3410,2684,31435118.016416274,0.1490938226315894,0.15135880670208418,0.8485521406999467,0.8490268871639104,42,15,725,510,34,8,117,691,14,1,91,496,0.1776470588235294,0.1744186046511628,0.8095238095238095,0.9333333333333333,0.04689655172413793,0.027450980392156862,42,15,195548.96921430645,20000.0,0.1490938226315894,0.15135880670208418,0.8485521406999467,0.8490268871639104
201,0.0,19999.5,1558,97.84213146675481,97.89560171088267,77.47950572984436,77.52903931055111,0.053470244127865385,0.04953358070675051,1.0794746385168634,0.0018447734304818928,0.0014546512256719648,0.0016497123280769287,20.36656240033156,31,29,906,652,6,5,209900.4012657432,0.03421633554083885,0.04447852760736196,0.8064516129032258,0.8275862068965517,22547,17807,151925,118108,3416,2689,31645018.417682018,0.14840875431956557,0.1507687878890507,0.8484942564420987,0.8489919694502162,31,29,771,560,25,6,129,746,24,5,87,536,0.16997792494481237,0.17024539877300612,0.8064516129032258,0.8275862068965517,0.0324254215304799,0.04285714285714286,31,29,209900.4012657432,20100.0,0.14840875431956557,0.1507687878890507,0.8484942564420987,0.8489919694502162
202,0.0,20099.0,1570,97.89560171088267,97.9390882456005,77.52903931055111,77.5867091486312,0.04348653471782882,0.05766983808008774,0.75406028810828,0.0018377936874952414,0.0014503049244597316,0.0016440493059774865,20.3523790969693,37,28,865,705,4,7,211700.7646964195,0.04277456647398844,0.03971631205673759,0.8918918918918919,0.75,22584,17835,152790,118813,3420,2696,31856719.182378437,0.1478107205968977,0.1501098364657066,0.8485653560042508,0.8488365573310905,37,28,738,607,33,4,123,705,21,7,91,586,0.18034682080924855,0.15886524822695036,0.8918918918918919,0.75,0.044715447154471545,0.03459637561779242,37,28,211700.7646964195,20200.0,0.1478107205968977,0.1501098364657066,0.8485653560042508,0.8488365573310905
203,0.0,20198.5,1599,97.940706563136,98.00896905077417,77.5867091486312,77.63703883082304,0.06826248763816523,0.05032968219184397,1.356306749126012,0.0018321829208166277,0.0014456398599151932,0.0016389113903659104,20.371930219951125,45,33,928,671,2,4,215757.64349140035,0.04849137931034483,0.04918032786885246,0.9555555555555556,0.8787878787878788,22629,17868,153718,119484,3422,2700,32072476.825869836,0.14721112686868162,0.1495430350507181,0.8487781165760749,0.8488918737407656,45,33,781,581,43,2,145,738,29,4,86,552,0.2025862068965517,0.17138599105812222,0.9555555555555556,0.8787878787878788,0.05505761843790013,0.04991394148020654,45,33,215757.64349140035,20300.0,0.14721112686868162,0.1495430350507181,0.8487781165760749,0.8488918737407656
204,0.0,20298.0,1526,98.00896905077417,98.07451036090609,77.63703883082304,77.67795745587533,0.06554131013191977,0.04091862505228505,1.6017476161081248,0.0018264144413092875,0.0014405592049671916,0.0016334868231382394,20.39655290503076,39,28,909,617,2,8,206027.82277716725,0.0429042904290429,0.04538087520259319,0.9487179487179487,0.7142857142857143,22668,17896,154627,120101,3424,2708,32278504.648647003,0.14659794214464486,0.14900791833540103,0.8489500617610729,0.848681269557443,39,28,762,520,37,2,145,725,20,8,89,500,0.2002200220022002,0.1766612641815235,0.9487179487179487,0.7142857142857143,0.048556430446194225,0.038461538461538464,39,28,206027.82277716725,20400.0,0.14659794214464486,0.14900791833540103,0.8489500617610729,0.848681269557443
205,0.0,20397.5,1540,98.07666112103759,98.16009491514717,77.67795745587533,77.72617348955674,0.08343379410958107,0.04821603368141325,1.7304159579128526,0.0018216799588756363,0.0014358840885371766,0.0016287820237064065,20.433921425590427,44,22,891,649,6,4,208016.720026514,0.04938271604938271,0.03389830508474576,0.8636363636363636,0.8181818181818181,22712,17918,155518,120750,3430,2712,32486521.36867352,0.14604097274913516,0.14838923395445133,0.8489785135611131,0.8486438218551178,44,22,754,555,38,6,131,716,18,4,90,537,0.18967452300785634,0.16640986132511557,0.8636363636363636,0.8181818181818182,0.050397877984084884,0.032432432432432434,44,22,208016.720026514,20500.0,0.14604097274913516,0.14838923395445133,0.8489785135611131,0.8486438218551178
206,0.0,20497.0,1517,98.16009491514717,98.208512750532,77.72617348955674,77.77345788378867,0.048417835384825025,0.04728439423192299,1.0239707237728937,0.0018151872326376392,0.0014312091363710702,0.0016231981845043547,20.43505486674333,35,36,855,662,4,4,205011.80828849907,0.04093567251461988,0.054380664652567974,0.8857142857142857,0.8888888888888888,22747,17954,156373,121412,3434,2716,32691533.176962018,0.14546628893734853,0.14787665140183837,0.8490350375873742,0.8487245182132115,35,36,741,557,31,4,110,710,32,4,101,525,0.1649122807017544,0.20090634441087613,0.8857142857142857,0.8888888888888888,0.04183535762483131,0.05745062836624776,35,36,205011.80828849907,20600.0,0.14546628893734853,0.14787665140183837,0.8490350375873742,0.8487245182132115
207,0.0,20596.5,1549,98.208512750532,98.28943038081545,77.77345788378867,77.80841668135051,0.08091763028345156,0.03495879756184195,2.3146571371715132,0.0018103272764550154,0.001425983913372265,0.00161815559491364,20.48101369946494,40,36,893,656,5,4,209425.42559421947,0.04479283314669653,0.054878048780487805,0.875,0.8888888888888888,22787,17990,157266,122068,3439,2720,32900958.602556236,0.14489463711164524,0.1473768719074614,0.849080616140782,0.848804891606448,40,36,769,553,35,5,119,734,32,4,99,521,0.17245240761478164,0.19969512195121952,0.875,0.8888888888888888,0.045513654096228866,0.05786618444846293,40,36,209425.42559421947,20700.0,0.14489463711164524,0.1473768719074614,0.849080616140782,0.848804891606448
208,0.0,20696.0,1562,98.28943038081545,98.3501064074899,77.80841668135051,77.84554333398268,0.06067602667445726,0.037126652632167634,1.634298337520624,0.0018045408966006382,0.0014209131567037526,0.0016127270266521954,20.504563073507228,40,39,884,678,3,5,211387.77202852038,0.04524886877828054,0.05752212389380531,0.925,0.8717948717948718,22827,18029,158150,122746,3442,2725,33112346.374584757,0.1443376541258299,0.14688055007902498,0.849213650501599,0.8488546231072162,40,39,764,575,37,3,117,727,34,5,98,541,0.17420814479638008,0.19469026548672566,0.925,0.8717948717948718,0.04842931937172775,0.059130434782608696,40,39,211387.77202852038,20800.0,0.1443376541258299,0.14688055007902498,0.849213650501599,0.8488546231072162
209,0.0,20795.5,1505,98.3501064074899,98.4132707775019,77.84554333398268,77.89419144458019,0.0631643700120037,0.04864811059751162,1.2983930770629888,0.0017989289482921186,0.001416442189953855,0.0016076855691229868,20.51907933292172,46,22,870,635,5,3,203636.3028304267,0.052873563218390804,0.03464566929133858,0.8913043478260869,0.8636363636363636,22873,18051,159020,123381,3447,2728,33315982.677415185,0.14383725317570117,0.14630291535973936,0.8492982993048572,0.8488726386349786,46,22,755,550,41,5,110,714,19,3,82,531,0.1735632183908046,0.15905511811023623,0.8913043478260869,0.8636363636363636,0.054304635761589407,0.034545454545454546,46,22,203636.3028304267,20900.0,0.14383725317570117,0.14630291535973936,0.8492982993048572,0.8488726386349786
210,0.0,20895.0,1491,98.41414471542936,98.50426563774197,77.89419144458019,77.93396817899566,0.09012092231260738,0.039776734415468695,2.2656692068105126,0.0017946957085497781,0.0014115913573548111,0.0016031435329522947,20.57029745874631,38,26,845,646,9,2,201859.087365501,0.04497041420118343,0.04024767801857585,0.7631578947368421,0.9230769230769231,22911,18077,159865,124027,3456,2730,33517841.764780685,0.1433146717542927,0.1457505220637442,0.8491554275238968,0.8489793660452509,38,26,715,553,29,9,121,686,24,2,91,529,0.17751479289940827,0.1780185758513932,0.7631578947368421,0.9230769230769231,0.04055944055944056,0.0433996383363472,38,26,201859.087365501,21000.0,0.1433146717542927,0.1457505220637442,0.8491554275238968,0.8489793660452509
211,0.0,20994.5,1527,98.50426563774197,98.56165408166294,77.93396817899566,77.98280356829437,0.057388443920970644,0.048835389298716336,1.1751405025142112,0.001788909873150062,0.0014072158243483295,0.0015980628487491958,20.578850513368565,48,36,868,659,7,5,206810.81716944202,0.055299539170506916,0.054628224582701064,0.8541666666666666,0.8611111111111112,22959,18113,160733,124686,3463,2735,33724652.58195013,0.1428393671492475,0.14526891551577562,0.8491659044383466,0.849003478164854,48,36,749,558,41,7,112,708,31,5,96,527,0.17626728110599077,0.19271623672230653,0.8541666666666666,0.8611111111111112,0.05473965287049399,0.05555555555555555,48,36,206810.81716944202,21100.0,0.1428393671492475,0.14526891551577562,0.8491659044383466,0.849003478164854
212,0.0,21094.0,1522,98.56165408166294,98.62243395290439,77.98280356829437,78.03928417026978,0.06077987124145068,0.05648060197540872,1.0761193952556283,0.0017833385940899888,0.001403242193194583,0.001593290393642286,20.583149782634607,31,32,899,623,5,4,206312.5905167131,0.034482758620689655,0.051364365971107544,0.8387096774193549,0.875,22990,18145,161632,125309,3468,2739,33930965.172466844,0.14223668580479112,0.14480204933404625,0.8491518051326664,0.8490493248828879,31,32,769,530,26,5,125,743,28,4,89,502,0.16796440489432704,0.18780096308186195,0.8387096774193549,0.875,0.033810143042912875,0.052830188679245285,31,32,206312.5905167131,21200.0,0.14223668580479112,0.14480204933404625,0.8491518051326664,0.8490493248828879
213,0.0,21193.5,1510,98.62320743685464,98.67191770249424,78.03928417026978,78.08293388101083,0.048710265639599015,0.043649710741050285,1.1159355884067643,0.0017772892931595123,0.001398703483871653,0.0015879963885155827,20.58898382148341,49,19,860,650,8,4,204799.77900111358,0.056976744186046514,0.02923076923076923,0.8367346938775511,0.7894736842105263,23039,18164,162492,125959,3476,2743,34135764.95146796,0.14178544174482435,0.14420565422081788,0.8491253960675377,0.8489870072671217,49,19,733,552,41,8,119,692,15,4,94,537,0.18604651162790697,0.1676923076923077,0.8367346938775511,0.7894736842105263,0.05593451568894952,0.02717391304347826,49,19,204799.77900111358,21300.0,0.14178544174482435,0.14420565422081788,0.8491253960675377,0.8489870072671217
214,0.0,21293.0,1472,98.67191770249424,98.74502027420863,78.08293388101083,78.11796671989799,0.0731025717143865,0.03503283888716169,2.0866870638101793,0.0017724002110285982,0.0013938045348295968,0.0015831023729290976,20.627053554310635,39,30,835,637,6,3,199708.68121901475,0.046706586826347304,0.04709576138147567,0.8461538461538461,0.9,23078,18194,163327,126596,3482,2746,34335473.63268697,0.14129935650566042,0.1437170210749155,0.8491203743825289,0.8490711223480268,39,30,699,538,33,6,130,666,27,3,96,511,0.19520958083832335,0.19309262166405022,0.8461538461538461,0.9,0.04721030042918455,0.05018587360594796,39,30,199708.68121901475,21400.0,0.14129935650566042,0.1437170210749155,0.8491203743825289,0.8490711223480268
215,0.0,21392.5,1509,98.74502027420863,98.78898491304462,78.11796671989799,78.17324487217874,0.04396463883598756,0.05527815228074928,0.7953348117118293,0.0017662013560394412,0.0013898927998899592,0.0015780470779647002,20.615740040865873,47,30,844,665,5,2,204850.95120779786,0.05568720379146919,0.045112781954887216,0.8936170212765957,0.9333333333333333,23125,18224,164171,127261,3487,2748,34540324.58389477,0.14085922605088597,0.1432017664484799,0.8492108108108108,0.8492098331870062,47,30,710,570,42,5,129,668,28,2,93,542,0.20260663507109006,0.18195488721804512,0.8936170212765957,0.9333333333333333,0.059154929577464786,0.04912280701754386,47,30,204850.95120779786,21500.0,0.14085922605088597,0.1432017664484799,0.8492108108108108,0.8492098331870062
216,0.0,21492.0,1516,98.78898491304462,98.86870157022202,78.17324487217874,78.21541283974534,0.07971665717739995,0.04216796756659846,1.8904552857924333,0.0017617150838900642,0.0013854103317222555,0.0015735627078061597,20.653288730476675,58,32,857,659,7,1,205958.61923749303,0.0676779463243874,0.048558421851289835,0.8793103448275862,0.96875,23183,18256,165028,127920,3494,2749,34746283.20313226,0.14047919140994256,0.14271419637273297,0.8492861148255186,0.8494193689745837,58,32,752,567,51,7,98,701,31,1,91,536,0.17386231038506417,0.18512898330804248,0.8793103448275862,0.96875,0.0678191489361702,0.054673721340388004,58,32,205958.61923749303,21600.0,0.14047919140994256,0.14271419637273297,0.8492861148255186,0.8494193689745837
217,0.0,21591.5,1486,98.86870157022202,98.92437085043075,78.21541283974534,78.26308273981577,0.05566928020873263,0.04766990007043148,1.1678077807270877,0.0017561619858172406,0.0013812227219018964,0.0015686923538595684,20.661288110614976,43,32,805,681,5,1,201938.38541172183,0.05341614906832298,0.04698972099853157,0.8837209302325582,0.96875,23226,18288,165833,128601,3499,2750,34948221.58854398,0.14005656292776467,0.14220729232276577,0.84934986652889,0.8496281714785652,43,32,680,576,38,5,120,642,31,1,104,545,0.19627329192546583,0.19823788546255505,0.8837209302325582,0.96875,0.05588235294117647,0.05381944444444445,43,32,201938.38541172183,21700.0,0.14005656292776467,0.14220729232276577,0.84934986652889,0.8496281714785652
218,0.0,21691.0,1627,98.92642705661609,99.01573540625618,78.26494921569808,78.29832607461628,0.08930834964009193,0.033376858918202856,2.6757565731083677,0.001752297231562365,0.0013765035045904433,0.001564400368076404,20.7174093316399,47,33,943,684,6,2,221199.76811753627,0.04984093319194061,0.04824561403508772,0.8723404255319149,0.9393939393939394,23273,18321,166776,129285,3505,2752,35169421.35666152,0.13954645752386435,0.1417101751943381,0.8493962961371546,0.8497898586321707,47,33,805,598,41,6,132,764,31,2,84,567,0.18345705196182396,0.16812865497076024,0.8723404255319149,0.9393939393939394,0.05093167701863354,0.051839464882943144,47,33,221199.76811753627,21800.0,0.13954645752386435,0.1417101751943381,0.8493962961371546,0.8497898586321707
219,0.0,21790.5,1522,99.01573540625618,99.08850292528882,78.29832607461628,78.3474739070021,0.072767519032638,0.04914783238581322,1.4805845039392365,0.0017476185921046663,0.0013724622937195195,0.0015600404429120928,20.741029018286724,38,30,908,614,5,7,207013.17027677989,0.04185022026431718,0.048859934853420196,0.868421052631579,0.7666666666666666,23311,18351,167684,129899,3510,2759,35376434.526938304,0.1390174375611269,0.14127129539103458,0.8494273089957531,0.8496539698109095,38,30,780,521,33,5,123,747,23,7,86,498,0.17180616740088106,0.1775244299674267,0.868421052631579,0.7666666666666667,0.04230769230769231,0.044145873320537425,38,30,207013.17027677989,21900.0,0.1390174375611269,0.14127129539103458,0.8494273089957531,0.8496539698109095
220,0.0,21890.0,1512,99.08850292528882,99.1562616729356,78.3474739070021,78.38974634977035,0.0677587476467778,0.04227244276825104,1.6029058935214504,0.001742754814306317,0.0013681453034193511,0.0015554500588628342,20.76651532316525,37,23,883,629,7,3,205902.6785627533,0.04190260475651189,0.03656597774244833,0.8108108108108107,0.8695652173913043,23348,18374,168567,130528,3517,2762,35582337.20550106,0.13850872353426233,0.1407667320421672,0.8493661127291416,0.8496788940894743,37,23,751,542,30,7,125,721,20,3,84,522,0.1755379388448471,0.16534181240063592,0.8108108108108109,0.8695652173913043,0.03994673768308921,0.03690036900369004,37,23,205902.6785627533,22000.0,0.13850872353426233,0.1407667320421672,0.8493661127291416,0.8496788940894743
221,0.0,21989.5,1532,99.1562616729356,99.21084972514565,78.38974634977035,78.44293478718268,0.054588052210050364,0.05318843741233081,1.026314268021626,0.0017373390935271052,0.0013643613173139394,0.0015508502054205223,20.76791493796297,35,30,856,676,4,5,208574.1289454046,0.04088785046728972,0.04437869822485207,0.8857142857142857,0.8333333333333334,23383,18404,169423,131204,3521,2767,35790911.33444646,0.13801549966651516,0.14027011371604525,0.8494205191806012,0.8496522495109758,35,30,748,569,31,4,104,717,25,5,102,544,0.15771028037383178,0.1878698224852071,0.8857142857142857,0.8333333333333334,0.04144385026737968,0.043936731107205626,35,30,208574.1289454046,22100.0,0.13801549966651516,0.14027011371604525,0.8494205191806012,0.8496522495109758
222,0.0,22089.0,1499,99.2122004704313,99.25690451240486,78.44293478718268,78.50283055021879,0.04470404197356004,0.059895763036109884,0.7463640115346543,0.0017315877817210914,0.0013609135529582957,0.0015462506673396936,20.75407396218607,47,38,822,677,6,10,204263.46783437132,0.057177615571776155,0.056129985228951254,0.8723404255319149,0.736842105263158,23430,18442,170245,131881,3527,2777,35995174.80228083,0.13762518723016828,0.139838187456874,0.8494664959453692,0.8494198026244442,47,38,709,563,41,6,107,668,28,10,104,535,0.18004866180048662,0.19497784342688332,0.8723404255319149,0.7368421052631579,0.05782792665726375,0.0497335701598579,47,38,204263.46783437132,22200.0,0.13762518723016828,0.139838187456874,0.8494664959453692,0.8494198026244442
223,0.0,22188.5,1523,99.25690451240486,99.33706910144194,78.50283055021879,78.55273962499261,0.08016458903708212,0.049909074773822226,1.6062126857765193,0.001727417638710552,0.0013570488767017037,0.0015422332577061278,20.78432947644933,62,19,877,646,13,0,207709.10039415708,0.07069555302166476,0.029411764705882353,0.7903225806451613,1.0,23492,18461,171122,132527,3540,2777,36202883.90267499,0.1372821729526303,0.13929991624348245,0.8493104035416312,0.8495747792643952,62,19,766,564,49,13,98,717,19,0,82,545,0.1676168757126568,0.1563467492260062,0.7903225806451613,1.0,0.0639686684073107,0.03368794326241135,62,19,207709.10039415708,22300.0,0.1372821729526303,0.13929991624348245,0.8493104035416312,0.8495747792643952
224,0.0,22288.0,1579,99.33706910144194,99.40483948166238,78.55273962499261,78.59154698547329,0.06777038022043769,0.0388073604806749,1.7463280001788746,0.0017227314162261496,0.001352723094237887,0.0015377272552320183,20.813292496189092,41,31,921,658,6,5,215423.3687464055,0.04451682953311618,0.04711246200607903,0.8536585365853658,0.8387096774193549,23533,18492,172043,133185,3546,2782,36418307.271421395,0.1367855710490982,0.13884446446671922,0.8493179790082013,0.8495565650010816,41,31,794,571,35,6,121,759,26,5,82,545,0.16938110749185667,0.1641337386018237,0.8536585365853658,0.8387096774193549,0.04408060453400504,0.04553415061295972,41,31,215423.3687464055,22400.0,0.1367855710490982,0.13884446446671922,0.8493179790082013,0.8495565650010816
225,0.0,22387.5,1528,99.40483948166238,99.46268153142995,78.59154698547329,78.64208074872421,0.057842049767572234,0.05053376325092529,1.1446218537170418,0.001717645589921481,0.001348956936630204,0.0015333012632758425,20.82060078270574,43,21,858,670,5,0,208564.83591027622,0.05011655011655012,0.03134328358208955,0.8837209302325582,1.0,23576,18513,172901,133855,3551,2782,36626872.10733167,0.13635548666577985,0.13830637630271564,0.8493807261621988,0.849727218711176,43,21,743,578,38,5,110,705,21,0,92,557,0.17249417249417248,0.16865671641791044,0.8837209302325582,1.0,0.05114401076716016,0.03633217993079585,43,21,208564.83591027622,22500.0,0.13635548666577985,0.13830637630271564,0.8493807261621988,0.849727218711176
226,0.0,22487.0,1535,99.46543034122632,99.54975428867239,78.64379580084702,78.67145563236059,0.08432394744606597,0.027659831513574318,3.0486066917899777,0.0017138981650652993,0.0013442878742396447,0.001529093019652472,20.8782986563118,36,36,880,655,1,5,209594.15754935084,0.04090909090909091,0.0549618320610687,0.9722222222222222,0.8611111111111112,23612,18549,173781,134510,3552,2787,36836466.26488102,0.13587216093819232,0.13790052784179616,0.8495680162629171,0.8497493126314087,36,36,746,555,35,1,133,711,31,5,95,524,0.19090909090909092,0.19236641221374046,0.9722222222222222,0.8611111111111112,0.04691689008042895,0.055855855855855854,36,36,209594.15754935084,22600.0,0.13587216093819232,0.13790052784179616,0.8495680162629171,0.8497493126314087
227,0.0,22586.5,1480,99.54975428867239,99.61436109176547,78.67145563236059,78.7195205007827,0.06460680309308486,0.04806486842211655,1.3441585343726172,0.001709194067558099,0.0013404832963100478,0.0015248386819340734,20.894840590982767,33,30,811,669,5,2,202161.362785898,0.040690505548705305,0.04484304932735426,0.8484848484848485,0.9333333333333333,23645,18579,174592,135179,3557,2789,37038627.62766692,0.13543003115835778,0.13743998698022622,0.8495665045464158,0.8498842779482211,33,30,697,570,28,5,109,669,28,2,97,542,0.16892725030826142,0.18684603886397608,0.8484848484848485,0.9333333333333333,0.040172166427546625,0.04912280701754386,33,30,202161.362785898,22700.0,0.13543003115835778,0.13743998698022622,0.8495665045464158,0.8498842779482211
228,0.0,22686.0,1509,99.61436109176547,99.66778275595493,78.7195205007827,78.76760650482375,0.053421664189457374,0.04808600404103913,1.1109607723666226,0.001704040657796417,0.0013367130188718915,0.0015203768383341542,20.900176251131185,34,21,844,665,5,2,206257.61910096143,0.04028436018957346,0.031578947368421054,0.8529411764705882,0.9047619047619048,23679,18600,175436,135844,3562,2791,37244885.24676788,0.13497229759000434,0.13692176319896351,0.8495713501414756,0.8499462365591398,34,21,713,563,29,5,126,684,19,2,100,544,0.18364928909952608,0.17894736842105263,0.8529411764705882,0.9047619047619048,0.04067321178120617,0.03374777975133215,34,21,206257.61910096143,22800.0,0.13497229759000434,0.13692176319896351,0.8495713501414756,0.8499462365591398
229,0.0,22785.5,1467,99.66778275595493,99.71828366013251,78.76760650482375,78.81101674899656,0.05050090417758213,0.04341024417281858,1.163340707703353,0.0016988047118749296,0.0013327714879673338,0.0015157880999211318,20.90726691113595,36,38,819,648,5,6,200632.61959535745,0.04395604395604396,0.05864197530864197,0.8611111111111112,0.8421052631578947,23715,18638,176255,136492,3567,2797,37445517.866363235,0.13454937448583018,0.13655012747999884,0.8495888678051866,0.8499302500268269,36,38,706,555,31,5,108,675,32,6,87,523,0.16971916971916973,0.18364197530864199,0.8611111111111112,0.8421052631578947,0.043909348441926344,0.05765765765765766,36,38,200632.61959535745,22900.0,0.13454937448583018,0.13655012747999884,0.8495888678051866,0.8499302500268269
230,0.0,22885.0,1535,99.71828366013251,99.76283693921395,78.81101674899656,78.85813548870432,0.04455327908144113,0.04711873970775571,0.9455532842723231,0.0016933557035224926,0.0013290254701808564,0.0015111905868516744,20.904701450509634,34,29,841,694,1,4,210061.74055371468,0.04042806183115339,0.04178674351585014,0.9705882352941176,0.8620689655172413,23749,18667,177096,137186,3568,2801,37655579.60691695,0.13410240773365859,0.1360707360809412,0.8497620952461156,0.8499491080516419,34,29,735,610,33,1,105,702,25,4,80,585,0.16409036860879905,0.15129682997118155,0.9705882352941176,0.8620689655172413,0.044897959183673466,0.040983606557377046,34,29,210061.74055371468,23000.0,0.13410240773365859,0.1360707360809412,0.8497620952461156,0.8499491080516419
231,0.0,22984.5,1578,99.76283693921395,99.81495686803835,78.8597014694421,78.91946397555802,0.05211992882439631,0.05976250611591638,0.8721175233733272,0.0016882814333264815,0.001325927026017896,0.0015071042296721888,20.895492892480334,26,25,892,686,2,1,216133.156993059,0.02914798206278027,0.03644314868804665,0.9230769230769231,0.96,23775,18692,177988,137872,3570,2802,37871712.76391001,0.13357642088230667,0.13557502611117558,0.8498422712933754,0.8500962978814466,26,25,757,591,24,2,133,733,24,1,94,567,0.17600896860986548,0.17201166180758018,0.9230769230769231,0.96,0.031704095112285335,0.04060913705583756,26,25,216133.156993059,23100.0,0.13357642088230667,0.13557502611117558,0.8498422712933754,0.8500962978814466
232,0.0,23084.0,1506,99.81495686803835,99.8683648192423,78.91946397555802,78.95132024890786,0.05340795120395114,0.03185627334984531,1.676528532305882,0.0016833064250450721,0.0013215849385501397,0.001502445681797606,20.91704457033444,46,29,884,622,8,5,206420.50830413224,0.05203619909502263,0.04662379421221865,0.8260869565217391,0.8275862068965517,23821,18721,178872,138494,3578,2807,38078133.272214144,0.13317344246164856,0.13517553106993804,0.8497963981360984,0.8500614283425031,46,29,758,514,38,8,118,720,24,5,103,490,0.17647058823529413,0.20418006430868169,0.8260869565217391,0.8275862068965517,0.05013192612137203,0.04669260700389105,46,29,206420.50830413224,23200.0,0.13317344246164856,0.13517553106993804,0.8497963981360984,0.8500614283425031
233,0.0,23183.5,1514,99.8683648192423,99.92556048850894,78.95293617893157,79.00036596321564,0.05719566926663333,0.04742978428407696,1.2059019481105875,0.0016785366837043908,0.0013180178664665674,0.0014982772750854793,20.925194525293293,43,34,838,676,6,3,207620.82502663258,0.0513126491646778,0.05029585798816568,0.8604651162790697,0.9117647058823529,23864,18755,179710,139170,3584,2810,38285754.097240776,0.13279171999332257,0.13476323920385141,0.8498156218571907,0.8501732871234338,43,34,713,567,37,6,119,676,31,3,106,536,0.18615751789976134,0.20266272189349113,0.8604651162790697,0.9117647058823529,0.051893408134642355,0.054673721340388004,43,34,207620.82502663258,23300.0,0.13279171999332257,0.13476323920385141,0.8498156218571907,0.8501732871234338
234,0.0,23283.0,1581,99.92556048850894,99.99249425115227,79.00036596321564,79.05794859485238,0.0669337626433304,0.05758263163673405,1.1623949920453258,0.0016742238672203264,0.0013148461077054597,0.0014945349874628932,20.93454565629989,45,26,911,670,6,5,216919.40607628954,0.04939626783754116,0.03880597014925373,0.8666666666666667,0.8076923076923077,23909,18781,180621,139840,3590,2815,38502673.503317066,0.13237109749143233,0.13430348970251715,0.8498473378225773,0.8501144773973697,45,26,793,577,39,6,112,754,21,5,88,556,0.16575192096597147,0.1626865671641791,0.8666666666666667,0.8076923076923077,0.04918032786885246,0.036395147313691506,45,26,216919.40607628954,23400.0,0.13237109749143233,0.13430348970251715,0.8498473378225773,0.8501144773973697
235,0.0,23382.5,1580,99.99249425115227,100.04798366009022,79.05794859485238,79.11099508139738,0.05548940893795873,0.05304648654499999,1.0460524824935649,0.0016694607617827064,0.0013115083151852237,0.0014904845384839651,20.936988578692848,36,22,873,707,5,4,217095.8775385776,0.041237113402061855,0.031117397454031116,0.8611111111111112,0.8181818181818181,23945,18803,181494,140547,3595,2819,38719769.38085564,0.13193273606840997,0.13378442798494453,0.8498642722906661,0.8500771153539328,36,22,749,596,31,5,119,718,18,4,107,578,0.1718213058419244,0.1768033946251768,0.8611111111111112,0.8181818181818182,0.04138851802403204,0.030201342281879196,36,22,217095.8775385776,23500.0,0.13193273606840997,0.13378442798494453,0.8498642722906661,0.8500771153539328
236,0.0,23482.0,1545,100.04798366009022,100.11287281904971,79.11099508139738,79.14495125216887,0.06488915895948821,0.03395617077148927,1.9109680946112837,0.0016651363161378427,0.0013073898973569595,0.001486263106747401,20.967921566880847,44,28,925,620,7,2,212277.44936737884,0.04756756756756757,0.04516129032258064,0.8409090909090909,0.9285714285714286,23989,18831,182419,141167,3602,2821,38932046.830223024,0.13150494191942724,0.13339519859457238,0.8498478469298428,0.850193829323987,44,28,786,538,37,7,132,749,26,2,80,512,0.1827027027027027,0.17096774193548386,0.8409090909090909,0.9285714285714286,0.047073791348600506,0.048327137546468404,44,28,212277.44936737884,23600.0,0.13150494191942724,0.13339519859457238,0.8498478469298428,0.850193829323987
237,0.0,23581.5,1524,100.11422787687803,100.16370542336776,79.14495125216887,79.18162146215977,0.04947754648972591,0.03667020999090198,1.3492572445590434,0.001660255260133803,0.0013034207505322848,0.001481838005333044,20.98208396120799,35,33,857,667,6,2,209438.47409333114,0.040840140023337225,0.049475262368815595,0.8285714285714285,0.9393939393939394,24024,18864,183276,141834,3608,2823,39141485.30431636,0.13108099260132258,0.1330005499386607,0.8498168498168498,0.8503498727735369,35,33,724,572,29,6,127,695,31,2,93,541,0.18203033838973162,0.18590704647676162,0.8285714285714286,0.9393939393939394,0.04005524861878453,0.05419580419580419,35,33,209438.47409333114,23700.0,0.13108099260132258,0.1330005499386607,0.8498168498168498,0.8503498727735369
238,0.0,23681.0,1569,100.16370542336776,100.22727157587106,79.18162146215977,79.21383530710432,0.06356615250329867,0.032213844944550374,1.9732556797462382,0.001655950244440102,0.0012992977156537687,0.0014776239800469355,21.01343626876674,39,32,927,642,5,5,215723.19754421886,0.042071197411003236,0.04984423676012461,0.8717948717948718,0.84375,24063,18896,184203,142476,3613,2828,39357208.501860574,0.13063305157896452,0.1326258457564783,0.8498524705980135,0.8503386960203217,39,32,791,537,34,5,131,757,27,5,100,510,0.1779935275080906,0.19781931464174454,0.8717948717948718,0.84375,0.04298356510745891,0.05027932960893855,39,32,215723.19754421886,23800.0,0.13063305157896452,0.1326258457564783,0.8498524705980135,0.8503386960203217
239,0.0,23780.5,1563,100.22900356046976,100.28376845862338,79.21450197377098,79.24691030126698,0.05476489815362129,0.03240832749600031,1.6898403091112963,0.0016513854686371029,0.0012952452145072117,0.0014733153415721573,21.036858157356406,29,34,916,647,4,6,214958.9497191385,0.03165938864628821,0.05255023183925812,0.8620689655172413,0.8235294117647058,24092,18930,185119,143123,3617,2834,39572167.45157971,0.13014331322014489,0.13226385696219337,0.8498671758260004,0.8502905441098785,29,34,774,550,25,4,138,749,28,6,91,522,0.1779475982532751,0.1839258114374034,0.8620689655172413,0.8235294117647058,0.03229974160206718,0.05090909090909091,29,34,214958.9497191385,23900.0,0.13014331322014489,0.13226385696219337,0.8498671758260004,0.8502905441098785
240,0.0,23880.0,1526,100.28376845862338,100.32988381259267,79.24691030126698,79.27810653705266,0.046115353969284456,0.031196235785685644,1.4782345628521127,0.0016464261689331683,0.0012911482026045017,0.001468787185768835,21.051777275540005,42,35,863,663,6,8,209938.3902363598,0.04866743916570104,0.05279034690799397,0.8571428571428572,0.7714285714285715,24134,18965,185982,143786,3623,2842,39782105.841816075,0.12976524609908485,0.13189740308514042,0.8498798375735477,0.8501450039546533,42,35,739,561,36,6,118,703,27,8,94,534,0.17844727694090382,0.18250377073906485,0.8571428571428571,0.7714285714285715,0.04871447902571042,0.0481283422459893,42,35,209938.3902363598,24000.0,0.12976524609908485,0.13189740308514042,0.8498798375735477,0.8501450039546533
241,0.0,23979.5,1588,100.32988381259267,100.37200264621517,79.27810653705266,79.32708466352796,0.0421188336224958,0.04897812647529065,0.8599519143253601,0.0016413421945235909,0.00128782302858852,0.0014645826115560554,21.04491798268721,40,26,870,718,7,2,218564.63723082075,0.04597701149425287,0.036211699164345405,0.825,0.9230769230769231,24174,18991,186852,144504,3630,2844,40000670.479046896,0.12937512041615823,0.1314219675579915,0.8498386696450733,0.8502448528250224,40,26,759,622,33,7,104,726,24,2,94,598,0.15747126436781608,0.16434540389972144,0.825,0.9230769230769231,0.043478260869565216,0.03858520900321544,40,26,218564.63723082075,24100.0,0.12937512041615823,0.1314219675579915,0.8498386696450733,0.8502448528250224
242,0.0,24079.0,1575,100.37200264621517,100.43032986024903,79.32708466352796,79.35755120443221,0.058327214033866426,0.030466540904257045,1.9144678819024201,0.0016369700042170416,0.001283760393797008,0.0014603651990070248,21.07277865581682,41,34,935,640,6,4,216898.23369812372,0.04385026737967915,0.053125,0.8536585365853658,0.8823529411764706,24215,19025,187787,145144,3636,2848,40217568.71274502,0.1289492882893917,0.13107672380532437,0.8498451373115837,0.8503022339027595,41,34,794,555,35,6,135,759,30,4,81,525,0.18181818181818182,0.1734375,0.8536585365853658,0.8823529411764706,0.04408060453400504,0.05405405405405406,41,34,216898.23369812372,24200.0,0.1289492882893917,0.13107672380532437,0.8498451373115837,0.8503022339027595
243,0.0,24178.5,1533,100.43032986024903,100.49889871876505,79.35755120443221,79.40792987820514,0.06856885851601646,0.05037867377292571,1.3610691465416551,0.0016330552658670133,0.0012805506256650418,0.0014568029457660277,21.09096884055991,34,34,910,623,10,5,211222.5630254046,0.03736263736263736,0.05457463884430177,0.7058823529411764,0.8529411764705882,24249,19059,188697,145767,3646,2853,40428791.275770426,0.12850760743414044,0.1307497581757188,0.8496432842591447,0.8503069416023925,34,34,772,525,24,10,128,748,29,5,93,496,0.16703296703296702,0.1958266452648475,0.7058823529411765,0.8529411764705882,0.031088082901554404,0.05523809523809524,34,34,211222.5630254046,24300.0,0.12850760743414044,0.1307497581757188,0.8496432842591447,0.8503069416023925
244,0.0,24278.0,1576,100.5006800859144,100.5810770115134,79.40792987820514,79.44727978807296,0.08039692559900402,0.039349909867823385,2.0431285832434645,0.001629730379234294,0.001276915168587227,0.0014533227739107605,21.13379722344044,46,21,900,676,6,4,217243.5347006708,0.051111111111111114,0.03106508875739645,0.8695652173913043,0.8095238095238095,24295,19080,189597,146443,3652,2857,40646034.810471095,0.12814021318902724,0.13028960073202542,0.849681004321877,0.8502620545073375,46,21,778,576,40,6,116,738,17,4,96,559,0.17333333333333334,0.16715976331360946,0.8695652173913043,0.8095238095238095,0.05141388174807198,0.029513888888888888,46,21,217243.5347006708,24400.0,0.12814021318902724,0.13028960073202542,0.849681004321877,0.8502620545073375
245,0.0,24377.5,1537,100.5810770115134,100.63691135398813,79.44727978807296,79.47611258482283,0.05583434247472496,0.028832796749867384,1.9364872217948046,0.001625357371256796,0.0012728801187868656,0.0014491187450218308,21.160798769165297,43,18,901,636,4,4,211893.64467581452,0.04772475027746948,0.02830188679245283,0.9069767441860466,0.7777777777777778,24338,19098,190498,147079,3656,2861,40857928.45514691,0.12775987149471385,0.129848584774169,0.8497822335442518,0.8501937375641428,43,18,768,534,39,4,129,729,14,4,98,520,0.1864594894561598,0.1761006289308176,0.9069767441860465,0.7777777777777778,0.05078125,0.026217228464419477,43,18,211893.64467581452,24500.0,0.12775987149471385,0.129848584774169,0.8497822335442518,0.8501937375641428
246,0.0,24477.0,1529,100.63691135398813,100.69711902756838,79.47611258482283,79.52377318046672,0.06020767358025125,0.04766059564389025,1.2632589409941513,0.0016211976938769004,0.0012696432319480528,0.0014454204629124766,21.173345847101658,35,24,846,683,5,6,210879.79285427675,0.041371158392434985,0.03513909224011713,0.8571428571428572,0.75,24373,19122,191344,147762,3661,2867,41068808.24800119,0.12737791621373024,0.12941080927437365,0.8497928035120831,0.8500679845204476,35,24,727,578,30,5,114,697,18,6,99,560,0.1702127659574468,0.17130307467057102,0.8571428571428571,0.75,0.04126547455295736,0.031141868512110725,35,24,210879.79285427675,24600.0,0.12737791621373024,0.12941080927437365,0.8497928035120831,0.8500679845204476
247,0.0,24576.5,1580,100.69816416671634,100.7591967034782,79.52377318046672,79.55749988279882,0.06103253676185716,0.03372670233210329,1.809620643040526,0.0016171474066915615,0.0012658684294839758,0.0014415079180877686,21.201696820679373,44,21,889,691,8,1,218014.04734098687,0.049493813273340834,0.030390738060781478,0.8181818181818181,0.9523809523809523,24417,19143,192233,148453,3669,2868,41286822.29534218,0.12701773368776434,0.12894990333640952,0.8497358397837572,0.8501802225356527,44,21,773,582,36,8,108,737,20,1,108,562,0.16197975253093364,0.18523878437047755,0.8181818181818182,0.9523809523809523,0.04657179818887452,0.03436426116838488,44,21,218014.04734098687,24700.0,0.12701773368776434,0.12894990333640952,0.8497358397837572,0.8501802225356527
248,0.0,24676.0,1596,100.7591967034782,100.8026603633731,79.55749988279882,79.5941870696395,0.04346365989491119,0.0366871868406804,1.1847095304324815,0.0016123792179506646,0.0012622434433506,0.0014373113306506325,21.208473293733604,41,27,899,697,9,4,220303.7540756256,0.04560622914349277,0.03873744619799139,0.7804878048780488,0.8518518518518519,24458,19170,193132,149150,3678,2872,41507126.0494178,0.12663877555247188,0.12852832718739524,0.8496197563169515,0.8501825769431404,41,27,763,593,32,9,127,731,23,4,100,570,0.17686318131256953,0.17647058823529413,0.7804878048780488,0.8518518518518519,0.04193971166448231,0.0387858347386172,41,27,220303.7540756256,24800.0,0.12663877555247188,0.12852832718739524,0.8496197563169515,0.8501825769431404
249,0.0,24775.5,1621,100.8026603633731,100.8718522186795,79.5941870696395,79.63545297140456,0.06919185530639993,0.04126590176505829,1.6767319347662435,0.0016086825887744129,0.0012588314577052185,0.0014337570232398158,21.236399247274946,44,22,966,655,7,6,223861.25175145277,0.045548654244306416,0.03358778625954199,0.8409090909090909,0.7272727272727273,24502,19192,194098,149805,3685,2878,41730987.301169254,0.1262352007748663,0.12811321384466473,0.8496041139498817,0.8500416840350146,44,22,843,554,37,7,116,806,16,6,95,538,0.15838509316770186,0.16946564885496182,0.8409090909090909,0.7272727272727273,0.04389086595492289,0.02888086642599278,44,22,223861.25175145277,24900.0,0.1262352007748663,0.12811321384466473,0.8496041139498817,0.8500416840350146
250,0.0,24875.0,1506,100.8718522186795,100.93311463168124,79.63545297140456,79.67621534415932,0.06126241300172808,0.040762372754755916,1.502915774072066,0.0016046983549393844,0.0012554266267845878,0.0014300624908619862,21.256899287521918,36,38,875,631,5,7,208076.49404500503,0.04114285714285714,0.060221870047543584,0.8611111111111112,0.8157894736842105,24538,19230,194973,150436,3690,2885,41939063.79521426,0.12585332328065937,0.1278284453189396,0.8496209960061945,0.8499739989599584,36,38,744,529,31,5,126,713,31,7,95,498,0.17942857142857144,0.19968304278922344,0.8611111111111112,0.8157894736842105,0.041666666666666664,0.05860113421550094,36,38,208076.49404500503,25000.0,0.12585332328065937,0.1278284453189396,0.8496209960061945,0.8499739989599584
251,0.0,24974.5,1538,100.93427135911395,101.01810652516282,79.67621534415932,79.71334480465583,0.0838351660488712,0.037129460496515776,2.2579150067838527,0.001601691265616183,0.0012519041884506458,0.0014267977270334144,21.30476172050699,42,37,875,663,4,5,212567.80152946743,0.048,0.05580693815987934,0.9047619047619048,0.8648648648648649,24580,19267,195848,151099,3694,2890,42151631.596743725,0.12550549405661535,0.1275124256282305,0.8497152156224572,0.8500025951108112,42,37,746,561,38,4,125,708,32,5,97,529,0.18628571428571428,0.19457013574660634,0.9047619047619048,0.8648648648648649,0.05093833780160858,0.0570409982174688,42,37,212567.80152946743,25100.0,0.12550549405661535,0.1275124256282305,0.8497152156224572,0.8500025951108112
252,0.0,25074.0,1575,101.01810652516282,101.08827410632814,79.71459959918164,79.7842057565974,0.07016758116532174,0.06960615741576248,1.0080657196202605,0.0015981197757195045,0.0012497482572243167,0.0014239340164719106,21.30406834973074,51,38,880,695,3,5,217803.9872662755,0.05795454545454545,0.05467625899280575,0.9411764705882353,0.868421052631579,24631,19305,196728,151794,3697,2895,42369435.58401,0.12520332642023504,0.1271789398790466,0.849904591774593,0.85003885003885,51,38,739,605,48,3,138,691,33,5,85,572,0.21136363636363636,0.1697841726618705,0.9411764705882353,0.868421052631579,0.06495263870094722,0.05454545454545454,51,38,217803.9872662755,25200.0,0.12520332642023504,0.1271789398790466,0.849904591774593,0.85003885003885
253,0.0,25173.5,1543,101.08827410632814,101.16060813501777,79.7842057565974,79.8507177268189,0.07233402868962457,0.06651197022149802,1.0875339949897431,0.001594662149281468,0.0012474374724219081,0.001421049810851688,21.309890408198868,43,47,864,679,8,9,213587.1529161623,0.04976851851851852,0.06921944035346098,0.813953488372093,0.8085106382978724,24674,19352,197592,152473,3705,2904,42583022.73692616,0.12487347665897405,0.12692083188498948,0.8498419388830347,0.8499379909053328,43,47,730,565,35,8,126,695,38,9,105,527,0.1863425925925926,0.2106038291605302,0.813953488372093,0.8085106382978723,0.04794520547945205,0.06725663716814159,43,47,213587.1529161623,25300.0,0.12487347665897405,0.12692083188498948,0.8498419388830347,0.8499379909053328
254,0.0,25273.0,1597,101.16060813501777,101.24394318532414,79.8507177268189,79.91271415167243,0.08333505030637411,0.06199642485353252,1.3441912255949342,0.0015916648593357289,0.0012449671053987327,0.0014183159823672308,21.33122903365171,62,46,924,673,8,7,221240.43369339147,0.0670995670995671,0.06835066864784546,0.8709677419354839,0.8478260869565217,24736,19398,198516,153146,3713,2911,42804263.170619555,0.12460456587882085,0.12666344533974117,0.8498948900388098,0.8499329827817301,62,46,795,572,54,8,121,741,39,7,94,533,0.1893939393939394,0.1976225854383358,0.8709677419354839,0.8478260869565217,0.06792452830188679,0.06818181818181818,62,46,221240.43369339147,25400.0,0.12460456587882085,0.12666344533974117,0.8498948900388098,0.8499329827817301
255,0.0,25372.5,1536,101.24394318532414,101.32901031496489,79.91271415167243,79.98378519842974,0.08506712964074836,0.0710710467573108,1.1969308673788155,0.0015887590022262063,0.0012428719813288283,0.0014158154917775173,21.345225116535147,50,40,867,669,10,8,212959.72737283978,0.05767012687427912,0.059790732436472344,0.8,0.8,24786,19438,199383,153815,3723,2919,43017222.897992395,0.12431350716961827,0.12637259044956603,0.8497942386831275,0.849830229447474,50,40,729,574,40,10,128,689,32,8,87,542,0.19377162629757785,0.17787742899850523,0.8,0.8,0.05486968449931413,0.05574912891986063,50,40,212959.72737283978,25500.0,0.12431350716961827,0.12637259044956603,0.8497942386831275,0.849830229447474
256,0.0,25472.0,1543,101.33074407968942,101.44134031267811,79.98378519842974,80.0632609855281,0.1105962329886836,0.07947578709836023,1.3915714084317066,0.0015869408029094327,0.0012411215355852922,0.0014140311692473625,21.378079327150004,68,58,908,635,10,12,214307.88388995276,0.07488986784140969,0.09133858267716535,0.8529411764705882,0.7931034482758621,24854,19496,200291,154450,3733,2931,43231530.781882346,0.12408944985046758,0.12622855292975071,0.8498028486360345,0.8496614690192861,68,58,779,545,58,10,119,721,46,12,78,499,0.1949339207048458,0.1952755905511811,0.8529411764705882,0.7931034482758621,0.07445442875481387,0.08440366972477065,68,58,214307.88388995276,25600.0,0.12408944985046758,0.12622855292975071,0.8498028486360345,0.8496614690192861
257,0.0,25571.5,1531,101.44200697934478,101.56405395700018,80.0632609855281,80.1554373846599,0.12204697765540118,0.09217639913180165,1.3240588567675338,0.0015855407859456637,0.0012398788992262757,0.0014127098425859696,21.40861657234028,68,52,849,682,11,6,212672.01756838875,0.0800942285041225,0.07624633431085044,0.8382352941176471,0.8846153846153846,24922,19548,201140,155132,3744,2937,43444202.79945073,0.12390374863279308,0.12600881829667637,0.8497712864136104,0.8497544505831799,68,52,727,575,57,11,111,670,46,6,101,529,0.1978798586572438,0.2155425219941349,0.8382352941176471,0.8846153846153846,0.07840440165061899,0.08,68,52,212672.01756838875,25700.0,0.12390374863279308,0.12600881829667637,0.8497712864136104,0.8497544505831799
258,0.0,25671.0,1541,101.56405395700018,101.69336128825746,80.1554373846599,80.23646783738953,0.1293073312572801,0.08103045272962106,1.5957868542182192,0.0015844071910876294,0.0012382138822808102,0.0014113105366842199,21.456893450867938,71,53,892,649,14,10,214288.39671902743,0.0795964125560538,0.08166409861325115,0.8028169014084507,0.8113207547169812,24993,19601,202032,155781,3758,2947,43658491.196169764,0.12370812544547398,0.12582407353913508,0.8496378986116113,0.849650528034284,71,53,756,554,57,14,122,699,43,10,85,511,0.2006726457399103,0.19722650231124808,0.8028169014084507,0.8113207547169812,0.07539682539682539,0.0776173285198556,71,53,214288.39671902743,25800.0,0.12370812544547398,0.12582407353913508,0.8496378986116113,0.849650528034284
259,0.0,25770.5,1543,101.6946946215908,101.8204929827845,80.23646783738953,80.33524768154525,0.12579836119370214,0.09877984415572882,1.2735225720277303,0.0015831983484396862,0.0012372470272973217,0.001410222687868504,21.485245301239246,76,68,848,695,4,2,214766.61237627038,0.08962264150943396,0.09784172661870504,0.9473684210526316,0.9705882352941176,25069,19669,202880,156476,3762,2949,43873257.80854604,0.12356565457413249,0.12569978782688718,0.8499341816586222,0.8500686359245513,76,68,718,613,72,4,126,646,66,2,80,547,0.23349056603773585,0.21007194244604316,0.9473684210526315,0.9705882352941176,0.10027855153203342,0.10766721044045677,76,68,214766.61237627038,25900.0,0.12356565457413249,0.12569978782688718,0.8499341816586222,0.8500686359245513
260,0.0,25870.0,1539,101.8204929827845,102.01274293101146,80.33524768154525,80.46423138674709,0.19224994822695862,0.12898370520183278,1.490497950311842,0.0015845033528005706,0.0012374492966231718,0.001410976324711871,21.54851154426437,83,58,871,668,12,4,214611.59873513662,0.09529276693455797,0.08682634730538923,0.8554216867469879,0.9310344827586207,25152,19727,203751,157144,3774,2953,44087869.407281175,0.12344479290899185,0.12553454156697041,0.8499522900763359,0.8503066862675521,83,58,736,576,71,12,123,665,54,4,88,522,0.2227324913892078,0.2125748502994012,0.8554216867469879,0.9310344827586207,0.09646739130434782,0.09375,83,58,214611.59873513662,26000.0,0.12344479290899185,0.12553454156697041,0.8499522900763359,0.8503066862675521
261,0.0,25969.5,1566,102.0157590529838,102.17247700619477,80.46423138674709,80.57664482432281,0.15671795321097193,0.11241343757572508,1.3941211708378012,0.0015845525382374766,0.0012370151398382449,0.0014107838390378608,21.595832181871955,102,74,891,675,22,9,218522.73292714273,0.11447811447811448,0.10962962962962963,0.7843137254901961,0.8783783783783784,25254,19801,204642,157819,3796,2962,44306392.14020832,0.12340575248482716,0.12546651543857204,0.8496871782687891,0.850411595373971,102,74,740,569,80,22,129,660,65,9,97,504,0.2345679012345679,0.24,0.7843137254901961,0.8783783783783784,0.10810810810810811,0.11423550087873462,102,74,218522.73292714273,26100.0,0.12340575248482716,0.12546651543857204,0.8496871782687891,0.850411595373971
262,0.0,26069.0,1544,102.1756067355678,102.31451136074654,80.57664482432281,80.7030200411658,0.13890462517873914,0.12637521684298747,1.099144505139157,0.0015839257863568667,0.001237117189565694,0.0014105214879612804,21.611491319580736,98,82,886,658,8,10,215922.46003339268,0.11060948081264109,0.12462006079027356,0.9183673469387755,0.8780487804878049,25352,19883,205528,158477,3804,2972,44522314.60024171,0.12335058970067339,0.12546300094019952,0.8499526664562953,0.8505255746114772,98,82,759,569,90,8,119,669,72,10,79,497,0.23589164785553046,0.22948328267477203,0.9183673469387755,0.8780487804878049,0.11857707509881422,0.1265377855887522,98,82,215922.46003339268,26200.0,0.12335058970067339,0.12546300094019952,0.8499526664562953,0.8505255746114772
263,0.0,26168.5,1558,102.31451136074654,102.47244795068661,80.7030200411658,80.80662673224363,0.15793658994007842,0.10360669107782883,1.52438600535401,0.0015839084483836496,0.0012363527398364643,0.001410130594110057,21.665821218442986,108,74,888,670,14,14,218056.27515328088,0.12162162162162163,0.11044776119402985,0.8703703703703703,0.8108108108108107,25460,19957,206416,159147,3818,2986,44740370.87539499,0.12334315169366716,0.12539978761773707,0.8500392772977219,0.8503783133737536,108,74,756,566,94,14,118,662,60,14,90,506,0.23873873873873874,0.22388059701492538,0.8703703703703703,0.8108108108108109,0.12433862433862433,0.10600706713780919,108,74,218056.27515328088,26300.0,0.12334315169366716,0.12539978761773707,0.8500392772977219,0.8503783133737536
264,0.0,26268.0,1601,102.47244795068661,102.65276191897512,80.80995263235627,80.91889968285348,0.18031396828850177,0.10894705049720699,1.6550605772767053,0.001584738869726458,0.001235922348799578,0.001410330609263018,21.733862236121638,112,62,913,688,17,10,224354.99327501914,0.12267250821467689,0.09011627906976744,0.8482142857142857,0.8387096774193549,25572,20019,207329,159835,3835,2996,44964725.86867001,0.12334019842858453,0.12524791190915632,0.8500312842171125,0.8503421749338129,112,62,767,588,95,17,129,672,52,10,90,536,0.24534501642935377,0.2063953488372093,0.8482142857142857,0.8387096774193549,0.12385919165580182,0.08843537414965986,112,62,224354.99327501914,26400.0,0.12334019842858453,0.12524791190915632,0.8500312842171125,0.8503421749338129
265,0.0,26367.5,1596,102.65455482434815,102.8351295108327,80.91889968285348,81.03714249082903,0.18057468648454744,0.1182428079755482,1.5271515416133303,0.001585640518967399,0.0012357204836333738,0.0014106805013003863,21.797987020003674,102,79,904,692,15,13,223847.76355853418,0.11283185840707964,0.11416184971098266,0.8529411764705882,0.8354430379746836,25674,20098,208233,160527,3850,3009,45188573.632228546,0.12329457866908704,0.12520012209784023,0.8500428449014568,0.8502836103094835,102,79,767,603,87,15,122,680,66,13,76,537,0.23119469026548672,0.20520231213872833,0.8529411764705882,0.8354430379746836,0.11342894393741851,0.10945273631840796,102,79,223847.76355853418,26500.0,0.12329457866908704,0.12520012209784023,0.8500428449014568,0.8502836103094835
266,0.0,26467.0,1629,102.8351295108327,103.01073096841691,81.04102564806561,81.17287426765063,0.1756014575842073,0.13184861958501415,1.3318414567926662,0.001586281022940612,0.0012361776162821806,0.0014112293196113963,21.83785670076628,90,76,921,708,10,9,228856.14098395203,0.09771986970684039,0.10734463276836158,0.8888888888888888,0.881578947368421,25764,20174,209154,161235,3860,3018,45417429.7732125,0.1231819616167991,0.12512171674884484,0.8501785437043937,0.8504015068900566,90,76,803,600,80,10,108,723,67,9,99,533,0.20412595005428882,0.2344632768361582,0.8888888888888888,0.881578947368421,0.099626400996264,0.11166666666666666,90,76,228856.14098395203,26600.0,0.1231819616167991,0.12512171674884484,0.8501785437043937,0.8504015068900566
267,0.0,26566.5,1570,103.01501601961938,103.1634923994566,81.17287426765063,81.31447583076715,0.14847637983721995,0.14160156311652372,1.0485504295954626,0.0015860612974254672,0.0012368511668997201,0.0014114562321625936,21.84901656868945,97,82,890,680,9,10,220909.94848550452,0.10898876404494381,0.12058823529411765,0.9072164948453608,0.8780487804878049,25861,20256,210044,161915,3869,3028,45638339.721698,0.12312182209441831,0.12510267733069821,0.8503924828892928,0.8505134281200633,97,82,775,594,88,9,106,687,72,10,76,522,0.21797752808988763,0.21764705882352942,0.9072164948453608,0.8780487804878049,0.1135483870967742,0.12121212121212122,97,82,220909.94848550452,26700.0,0.12312182209441831,0.12510267733069821,0.8503924828892928,0.8505134281200633
268,0.0,26666.0,1603,103.1634923994566,103.35783492756686,81.31447583076715,81.44041534447852,0.19434252811025488,0.1259395137113728,1.543141801830739,0.0015873947451257547,0.0012369352861915635,0.0014121650156586592,21.917419583088332,123,85,927,676,14,15,226004.61222605407,0.13268608414239483,0.1257396449704142,0.8861788617886179,0.8235294117647058,25984,20341,210971,162591,3883,3043,45864344.333924055,0.12316384716382821,0.12510532563303012,0.8505618842364532,0.8504006686003638,123,85,779,573,109,14,134,670,70,15,88,503,0.2621359223300971,0.23372781065088757,0.8861788617886179,0.8235294117647058,0.1399229781771502,0.12216404886561955,123,85,226004.61222605407,26800.0,0.12316384716382821,0.12510532563303012,0.8505618842364532,0.8504006686003638
269,0.0,26765.5,1617,103.35783492756686,103.56188534887606,81.44373949905487,81.61004526307053,0.20405042130920492,0.16630576401566088,1.2269594052674546,0.0015890791669397558,0.0012386429586812605,0.0014138610628105083,21.95184008580553,116,72,962,655,18,5,228285.76897973535,0.12058212058212059,0.1099236641221374,0.8448275862068966,0.9305555555555556,26100,20413,211933,163246,3901,3048,46092630.10290379,0.1231521282669523,0.12504441150166007,0.850536398467433,0.8506833880370352,116,72,823,566,98,18,121,725,67,5,84,499,0.22765072765072766,0.23053435114503817,0.8448275862068966,0.9305555555555556,0.11907654921020656,0.11837455830388692,116,72,228285.76897973535,26900.0,0.1231521282669523,0.12504441150166007,0.850536398467433,0.8506833880370352
270,0.0,26865.0,1570,103.56188534887606,103.73521727560379,81.61004526307053,81.77165527415947,0.17333192672772668,0.16161001108893913,1.0725321133251864,0.0015896133895335984,0.0012400409481338832,0.0014148271688337408,21.963562001444316,114,84,900,670,22,6,222166.42133700478,0.12666666666666668,0.1253731343283582,0.8070175438596492,0.9285714285714286,26214,20497,212833,163916,3923,3054,46314796.5242408,0.12316699008142534,0.12504575514287805,0.8503471427481498,0.8510025857442552,114,84,775,574,92,22,103,683,78,6,90,496,0.21666666666666667,0.2507462686567164,0.8070175438596491,0.9285714285714286,0.11870967741935484,0.13588850174216027,114,84,222166.42133700478,27000.0,0.12316699008142534,0.12504575514287805,0.8503471427481498,0.8510025857442552
271,0.0,26964.5,1561,103.73753777721925,103.93430375866437,81.77165527415947,81.94182117869875,0.19676598144512525,0.1701659045392745,1.156318487994823,0.0015910940221574813,0.0012417443359466467,0.001416419179052064,21.992482579965625,105,89,869,692,8,6,221440.96401708663,0.12082853855005754,0.12861271676300579,0.9238095238095239,0.9325842696629214,26319,20586,213702,164608,3931,3060,46536237.488257885,0.12315748097818457,0.1250607503888025,0.8506402218929291,0.8513552900029147,105,89,741,597,97,8,120,644,83,6,89,514,0.24971231300345226,0.24855491329479767,0.9238095238095239,0.9325842696629213,0.13090418353576247,0.1390284757118928,105,89,221440.96401708663,27100.0,0.12315748097818457,0.1250607503888025,0.8506402218929291,0.8513552900029147
272,0.0,27064.0,1590,103.93430375866437,104.14653755605393,81.94307377608247,82.10977573533242,0.21223379738955828,0.16670195924994857,1.2731331913822348,0.0015930471249212244,0.001243353899293669,0.0014182005121074468,22.03676182072151,133,104,903,687,12,5,226149.47364933972,0.14728682170542637,0.15138282387190685,0.9097744360902256,0.9519230769230769,26452,20690,214605,165295,3943,3065,46762386.96190722,0.12325901074066307,0.12517015033727577,0.850937547255406,0.8518608023199613,133,104,769,590,121,12,122,648,99,5,92,491,0.2691029900332226,0.2780203784570597,0.9097744360902256,0.9519230769230769,0.15734720416124837,0.16779661016949152,133,104,226149.47364933972,27200.0,0.12325901074066307,0.12517015033727577,0.850937547255406,0.8518608023199613
273,0.0,27163.5,1551,104.14880855189521,104.33571134478878,82.11444019530396,82.24815405736892,0.18690279289356226,0.13371386206496538,1.3977817258973109,0.0015941412302781007,0.0012438682924111465,0.0014190047613446236,22.087557287419855,162,82,867,684,30,14,220911.04021275786,0.18685121107266436,0.11988304093567251,0.8148148148148149,0.8292682926829268,26614,20772,215472,165979,3973,3079,46983298.00211998,0.12351488824534046,0.1251483621421987,0.8507176673931014,0.8517716156364337,162,82,726,587,132,30,111,594,68,14,83,519,0.28027681660899656,0.22076023391812866,0.8148148148148148,0.8292682926829268,0.18181818181818182,0.11584327086882454,162,82,220911.04021275786,27300.0,0.12351488824534046,0.1251483621421987,0.8507176673931014,0.8517716156364337
274,0.0,27263.0,1496,104.33571134478878,104.55149857480839,82.24815405736892,82.4079574059916,0.21578723001961464,0.15980334862267398,1.3503298390143827,0.0015961986429420352,0.0012451608661112035,0.0014206797545266193,22.143541168816796,147,105,834,662,24,21,213395.42700334327,0.17625899280575538,0.15861027190332327,0.8367346938775511,0.8,26761,20877,216306,166641,3997,3100,47196693.42912333,0.1237182509962738,0.12528129331917115,0.8506408579649489,0.8515112324567706,147,105,709,567,123,24,101,586,84,21,74,483,0.2685851318944844,0.23867069486404835,0.8367346938775511,0.8,0.17348377997179126,0.14814814814814814,147,105,213395.42700334327,27400.0,0.1237182509962738,0.12528129331917115,0.8506408579649489,0.8515112324567706
275,0.0,27362.5,1594,104.55502032450222,104.78658737957858,82.4079574059916,82.59788497731088,0.23156705507635422,0.18992757131928784,1.2192387522666002,0.0015989429680502527,0.0012475394655551367,0.0014232412168026947,22.188702402267694,145,116,928,666,21,20,227851.91265995096,0.15625,0.17417417417417416,0.8551724137931034,0.8275862068965517,26906,20993,217234,167307,4018,3120,47424545.34178328,0.12385722308662549,0.12547592150956027,0.850665279119899,0.8513790311056066,145,116,797,558,124,21,110,673,96,20,88,462,0.2521551724137931,0.27627627627627627,0.8551724137931035,0.8275862068965517,0.15558343789209536,0.17204301075268819,145,116,227851.91265995096,27500.0,0.12385722308662549,0.12547592150956027,0.850665279119899,0.8513790311056066
276,0.0,27462.0,1641,104.78658737957858,105.04260870501543,82.59788497731088,82.78477144517841,0.25602132543684775,0.18688646786752372,1.369929713789288,0.0016024258314064782,0.001249790643863543,0.0014261082376350106,22.257837259837018,156,108,945,696,24,16,235099.0683766146,0.16507936507936508,0.15517241379310345,0.8461538461538461,0.8518518518518519,27062,21101,218179,168003,4042,3136,47659644.41015989,0.12403576879534695,0.1255989476378398,0.8506392727810214,0.8513814511160609,156,108,799,588,132,24,122,667,92,16,92,496,0.2687830687830688,0.26436781609195403,0.8461538461538461,0.8518518518518519,0.16520650813516896,0.1564625850340136,156,108,235099.0683766146,27600.0,0.12403576879534695,0.1255989476378398,0.8506392727810214,0.8513814511160609
277,0.0,27561.5,1660,105.04260870501543,105.28479500962716,82.78649041631307,83.01381478039889,0.24218630461173518,0.2273243640858169,1.06537768437486,0.0016053840884992971,0.0012535474767456415,0.0014294657826224694,22.27098022922827,140,114,943,717,22,17,238402.6750028968,0.14846235418875928,0.1589958158995816,0.8428571428571429,0.8508771929824561,27202,21215,219122,168720,4064,3153,47898047.08516279,0.12414088955011364,0.12574087245139876,0.8505992206455408,0.8513787414565166,140,114,804,609,118,22,117,686,97,17,91,512,0.2492046659597031,0.26220362622036264,0.8428571428571429,0.8508771929824561,0.14676616915422885,0.1592775041050903,140,114,238402.6750028968,27700.0,0.12414088955011364,0.12574087245139876,0.8505992206455408,0.8513787414565166
278,0.0,27661.0,1599,105.28580842742876,105.54423954808313,83.01381478039889,83.19516058775423,0.2584311206543646,0.181345807355342,1.4250735896417834,0.0016089418629455575,0.0012555615436406335,0.0014322517032930955,22.349078960328896,140,100,884,715,18,16,230231.78810025603,0.1583710407239819,0.13986013986013987,0.8714285714285714,0.84,27342,21315,220006,169435,4082,3169,48128278.873263046,0.12427842877012445,0.1258004544515596,0.8507058737473484,0.8513253577292986,140,100,759,614,122,18,107,637,84,16,85,530,0.25904977375565613,0.23636363636363636,0.8714285714285714,0.84,0.16073781291172595,0.13680781758957655,140,100,230231.78810025603,27800.0,0.12427842877012445,0.1258004544515596,0.8507058737473484,0.8513253577292986
279,0.0,27760.5,1664,105.54423954808313,105.83300324923474,83.19516058775423,83.36282676869247,0.2887637011516091,0.16766618093824093,1.7222537039713088,0.0016135249996787854,0.0012570708635895288,0.001435297931634157,22.470176480542264,156,104,965,699,24,16,239996.593244763,0.1616580310880829,0.14878397711015737,0.8461538461538461,0.8461538461538461,27498,21419,220971,170134,4106,3185,48368275.46650781,0.12444166881627002,0.1258948828570421,0.8506800494581424,0.8513002474438582,156,104,826,603,132,24,115,694,88,16,80,515,0.2559585492227979,0.24034334763948498,0.8461538461538461,0.8461538461538461,0.15980629539951574,0.14593698175787728,156,104,239996.593244763,27900.0,0.12444166881627002,0.1258948828570421,0.8506800494581424,0.8513002474438582
280,0.0,27860.0,1639,105.83490315120716,106.03244595904215,83.36760914740847,83.6030154691948,0.19754280783499212,0.23540632178632848,0.8391567666321894,0.0016148853643159116,0.0012611594926660778,0.0014380224284909946,22.42943048984735,137,96,897,742,28,16,237012.12270712553,0.1527313266443701,0.1293800539083558,0.7956204379562044,0.8333333333333334,27635,21515,221868,170876,4134,3201,48605287.589214936,0.12455604233147638,0.12591001662023923,0.8504070924552198,0.8512200790146409,137,96,752,628,109,28,117,643,80,16,98,548,0.25195094760312153,0.2398921832884097,0.7956204379562044,0.8333333333333334,0.1449468085106383,0.12738853503184713,137,96,237012.12270712553,28000.0,0.12455604233147638,0.12591001662023923,0.8504070924552198,0.8512200790146409
281,0.0,27959.5,1666,106.03244595904215,106.29253360672091,83.60424579279992,83.77441820856933,0.260087647678759,0.17017241576941444,1.528377243178946,0.00161839422948485,0.001262771122207285,0.0014405826758460676,22.51811539815158,155,103,936,730,19,18,241562.7344461085,0.1655982905982906,0.1410958904109589,0.8774193548387097,0.8252427184466019,27790,21618,222804,171606,4153,3219,48846850.323661044,0.12472846088939157,0.1259746162721583,0.8505577545879813,0.8510963086316958,155,103,798,596,136,19,119,662,85,18,116,511,0.2724358974358974,0.27534246575342464,0.8774193548387097,0.8252427184466019,0.17042606516290726,0.14261744966442952,155,103,241562.7344461085,28100.0,0.12472846088939157,0.1259746162721583,0.8505577545879813,0.8510963086316958
282,0.0,28059.0,1645,106.29253360672091,106.53952236608137,83.77441820856933,83.97358537352592,0.2469887593604625,0.1991671649565916,1.2401078230655822,0.0016214137094994591,0.0012653558758504008,0.0014433847926749298,22.56593699255545,139,110,921,724,23,15,239033.91253827562,0.15092290988056462,0.15193370165745856,0.8345323741007195,0.8636363636363636,27929,21728,223725,172330,4176,3234,49085884.23619932,0.12483629455805118,0.1260836766668601,0.8504779977800851,0.851159793814433,139,110,795,609,116,23,103,679,95,15,100,514,0.23778501628664495,0.26933701657458564,0.8345323741007195,0.8636363636363636,0.1459119496855346,0.15599343185550082,139,110,239033.91253827562,28200.0,0.12483629455805118,0.1260836766668601,0.8504779977800851,0.851159793814433
283,0.0,28158.5,1600,106.54273175407772,106.76723858568131,83.97438555969808,84.15877116540878,0.2245068316035912,0.18438560571070184,1.2175941323523862,0.0016237308419605897,0.0012674283212319492,0.0014455795815962694,22.608467420272532,148,123,919,681,22,13,233003.5063392781,0.16104461371055495,0.18061674008810572,0.8513513513513513,0.8943089430894309,28077,21851,224644,173011,4198,3247,49318887.7425386,0.12498441979309485,0.1262983278519863,0.8504826014175304,0.85140268179946,148,123,792,590,126,22,105,666,110,13,78,480,0.2513601741022851,0.27606461086637296,0.8513513513513513,0.8943089430894309,0.1590909090909091,0.1864406779661017,148,123,233003.5063392781,28300.0,0.12498441979309485,0.1262983278519863,0.8504826014175304,0.85140268179946
284,0.0,28258.0,1662,106.76723858568131,106.97595420243302,84.16130034116472,84.35143282760886,0.2087156167517037,0.19013248644414205,1.097737796707461,0.0016253626212759291,0.0012697494067980366,0.001447556014036983,22.624521374824155,145,107,940,722,20,16,242622.16803384118,0.15425531914893617,0.1481994459833795,0.8620689655172413,0.8504672897196262,28222,21958,225584,173733,4218,3263,49561509.91057244,0.12510639052415065,0.12638934456896503,0.8505421302529941,0.8513981236906822,145,107,788,604,125,20,132,663,91,16,102,513,0.2734042553191489,0.2673130193905817,0.8620689655172413,0.8504672897196262,0.15862944162436549,0.15066225165562913,145,107,242622.16803384118,28400.0,0.12510639052415065,0.12638934456896503,0.8505421302529941,0.8513981236906822
285,0.0,28357.5,1688,106.97911275208223,107.20434092072924,84.35143282760886,84.55807913082165,0.225228168647007,0.20664630321279276,1.0899211122837251,0.0016276731635976355,0.0012725448932027028,0.0014501090284001691,22.646261789907584,151,94,972,716,23,14,247061.19770765043,0.15534979423868311,0.13128491620111732,0.847682119205298,0.851063829787234,28373,22052,226556,174449,4241,3277,49808571.10828009,0.12523614470594466,0.12640943771532082,0.8505269093856835,0.851396698712135,151,94,809,615,128,23,140,681,80,14,87,535,0.2757201646090535,0.23324022346368714,0.847682119205298,0.851063829787234,0.15822002472187885,0.13008130081300814,151,94,247061.19770765043,28500.0,0.12523614470594466,0.12640943771532082,0.8505269093856835,0.851396698712135
286,0.0,28457.0,1655,107.20434092072924,107.42395035200673,84.55807913082165,84.74125288830365,0.21960943127749033,0.18317375748199538,1.198913175644586,0.0016296606501332203,0.0012745001123691967,0.0014520803812512085,22.68269746370308,132,92,926,729,15,12,242795.982024687,0.14254859611231102,0.1262002743484225,0.8863636363636364,0.8695652173913043,28505,22144,227482,175178,4256,3289,50051367.09030478,0.12530661766645274,0.1264085672858464,0.8506928609015962,0.8514721820809248,132,92,774,626,117,15,137,657,80,12,91,546,0.27429805615550756,0.2345679012345679,0.8863636363636364,0.8695652173913043,0.1511627906976744,0.12779552715654952,132,92,242795.982024687,28600.0,0.12530661766645274,0.1264085672858464,0.8506928609015962,0.8514721820809248
287,0.0,28556.5,1667,107.42395035200673,107.66523109400325,84.74125288830365,84.94539238751916,0.24128074199651905,0.20413949921551477,1.1819405010972102,0.0016323893845228787,0.0012771722199642697,0.0014547808022435742,22.719838706484083,137,101,962,705,18,18,245176.42956431437,0.14241164241164242,0.14326241134751774,0.8686131386861313,0.8217821782178218,28642,22245,228444,175883,4274,3307,50296543.51986909,0.1253786485965926,0.12647612333198774,0.8507785769150199,0.851337379186334,137,101,814,599,119,18,130,695,83,18,88,516,0.2588357588357588,0.2425531914893617,0.8686131386861314,0.8217821782178217,0.14619164619164618,0.13856427378964942,137,101,245176.42956431437,28700.0,0.1253786485965926,0.12647612333198774,0.8507785769150199,0.851337379186334
288,0.0,28656.0,1604,107.66523109400325,107.8922211707054,84.94539238751916,85.09562797665087,0.2269900767021511,0.15023558913171087,1.5108941763668922,0.00163460296571211,0.0012779541077120227,0.0014562785367120664,22.796593194054523,142,92,947,657,22,12,236389.45677516432,0.14994720168954592,0.1400304414003044,0.8450704225352113,0.8695652173913043,28784,22337,229391,176540,4296,3319,50532932.976644255,0.12548007550427,0.12652656621728786,0.8507504168982768,0.8514124546716211,142,92,797,550,120,22,128,677,80,12,95,470,0.26187961985216474,0.2663622526636225,0.8450704225352113,0.8695652173913043,0.15056461731493098,0.14545454545454545,142,92,236389.45677516432,28800.0,0.12548007550427,0.12652656621728786,0.8507504168982768,0.8514124546716211
289,0.0,28755.5,1662,107.89572100712056,108.09427380366759,85.09788471159287,85.2627429488216,0.19855279654703395,0.16485823722872794,1.2043850515734766,0.0016359383406737357,0.0012793146461687534,0.0014576264934212445,22.831530854845994,120,95,964,698,17,13,245383.26034597453,0.12448132780082988,0.1361031518624642,0.8583333333333334,0.8631578947368421,28904,22432,230355,177238,4313,3332,50778316.23699023,0.12547589589980682,0.12656428079757162,0.850781898699142,0.8514621968616263,120,95,820,596,103,17,127,717,82,13,89,514,0.23858921161825727,0.24498567335243554,0.8583333333333333,0.8631578947368421,0.12560975609756098,0.13758389261744966,120,95,245383.26034597453,28900.0,0.12547589589980682,0.12656428079757162,0.850781898699142,0.8514621968616263
290,0.0,28855.0,1633,108.09427380366759,108.32322246380382,85.26395475717368,85.43348165636795,0.2289486601362256,0.1695268991942669,1.3505152351891083,0.0016381919553657652,0.0012807907579939076,0.0014594913566798365,22.88974080743587,125,94,936,697,22,9,241559.81455220105,0.13354700854700854,0.13486370157819225,0.8240000000000001,0.9042553191489362,29029,22526,231291,177935,4335,3341,51019876.05154243,0.12550855848260417,0.12659679096299212,0.8506665748045058,0.8516825002219657,125,94,804,587,103,22,110,701,85,9,101,502,0.22756410256410256,0.266857962697274,0.824,0.9042553191489362,0.1281094527363184,0.14480408858603067,125,94,241559.81455220105,29000.0,0.12550855848260417,0.12659679096299212,0.8506665748045058,0.8516825002219657
291,0.0,28954.5,1639,108.32322246380382,108.58664665866591,85.43627323703076,85.58705235272808,0.2634241948620968,0.1507791156973184,1.7470867476826686,0.0016416148075762641,0.0012816667587004626,0.0014616407831383633,22.999594305937833,136,87,947,692,19,7,242854.1473788055,0.14361140443505807,0.12572254335260116,0.8602941176470589,0.9195402298850575,29165,22613,232238,178627,4354,3348,51262730.19892123,0.1255823766997649,0.12659340413263392,0.850711469226813,0.851943572281431,136,87,819,598,117,19,109,702,80,7,87,518,0.23864836325237593,0.24132947976878613,0.8602941176470589,0.9195402298850575,0.14285714285714285,0.13377926421404682,136,87,242854.1473788055,29100.0,0.1255823766997649,0.12659340413263392,0.850711469226813,0.851943572281431
292,0.0,29054.0,1701,108.58664665866591,108.78409815176224,85.58705235272808,85.73417936690542,0.19745149309632382,0.14712701417734309,1.3420478502902322,0.001642754876491973,0.0012823160853548219,0.0014625354809233975,23.049918784856814,131,104,948,753,27,24,252346.03448158904,0.13818565400843882,0.13811420982735723,0.7938931297709924,0.7692307692307692,29296,22717,233186,179380,4381,3372,51515076.233402826,0.12563361436792947,0.12664176608317537,0.8504574003276898,0.8515649073381168,131,104,798,640,104,27,123,694,80,24,89,560,0.23945147679324894,0.2244355909694555,0.7938931297709924,0.7692307692307693,0.13032581453634084,0.125,131,104,252346.03448158904,29200.0,0.12563361436792947,0.12664176608317537,0.8504574003276898,0.8515649073381168
293,0.0,29153.5,1626,108.78409815176224,109.02085004510272,85.73661948699501,85.86812967993022,0.2367518933404824,0.1315101929352096,1.80025508332363,0.0016452284739558393,0.0012825112629824436,0.0014638698684691415,23.1527203651725,115,86,926,700,17,13,241593.86595871014,0.12419006479481641,0.12285714285714286,0.8521739130434782,0.8488372093023255,29411,22803,234112,180080,4398,3385,51756670.09936154,0.1256279045926736,0.12662705464238116,0.8504641120669137,0.8515546200061396,115,86,793,603,98,17,116,695,73,13,84,530,0.23110151187904968,0.22428571428571428,0.8521739130434782,0.8488372093023255,0.1235813366960908,0.12106135986733002,115,86,241593.86595871014,29300.0,0.1256279045926736,0.12662705464238116,0.8504641120669137,0.8515546200061396
294,0.0,29253.0,1707,109.02085004510272,109.21022690479879,85.86812967993022,86.00630048191341,0.18937685969606832,0.13817080198319331,1.370599699631935,0.001646073848523883,0.001282848666917306,0.0014644612577205944,23.203926422885374,130,90,998,709,14,10,253973.34544797984,0.13026052104208416,0.12693935119887165,0.8923076923076922,0.8888888888888888,29541,22893,235110,180789,4412,3395,52010643.44480952,0.12564756922291692,0.12662827937540447,0.8506482515825463,0.8517013934390425,130,90,864,614,116,14,120,748,80,10,85,534,0.23647294589178355,0.23272214386459802,0.8923076923076924,0.8888888888888888,0.13425925925925927,0.13029315960912052,130,90,253973.34544797984,29400.0,0.12564756922291692,0.12662827937540447,0.8506482515825463,0.8517013934390425
295,0.0,29352.5,1721,109.21022690479879,109.3786168828068,86.00630048191341,86.16580094513995,0.16838997800800826,0.15950046322653577,1.0557334731300865,0.0016462020720206837,0.001283906822732045,0.0014650544473763644,23.212815937666846,126,96,983,738,15,12,256478.98134183622,0.12817904374364192,0.13008130081300814,0.8809523809523809,0.875,29667,22989,236093,181527,4427,3407,52267122.42615136,0.12565810930438429,0.1266423176717513,0.8507769575622746,0.851798686328244,126,96,839,631,111,15,129,728,84,12,95,547,0.2441505595116989,0.24254742547425473,0.8809523809523809,0.875,0.13230035756853398,0.13312202852614896,126,96,256478.98134183622,29500.0,0.12565810930438429,0.1266423176717513,0.8507769575622746,0.851798686328244
296,0.0,29452.0,1630,109.37954729880117,109.5782378665384,86.16580094513995,86.33649054642318,0.1986905677372306,0.17068960128322885,1.164046117885876,0.001647384530687222,0.0012853358402661675,0.0014663601854766947,23.241747320115223,120,85,927,703,20,4,243522.8691020399,0.12944983818770225,0.12091038406827881,0.8333333333333334,0.9529411764705882,29787,23074,237020,182230,4447,3411,52510645.295253396,0.12567293899249007,0.1266202052351424,0.8507066841239467,0.8521712750281702,120,85,796,618,100,20,111,696,81,4,81,537,0.22761596548004315,0.23044096728307253,0.8333333333333334,0.9529411764705882,0.12562814070351758,0.13106796116504854,120,85,243522.8691020399,29600.0,0.12567293899249007,0.1266202052351424,0.8507066841239467,0.8521712750281702
297,0.0,29551.5,1644,109.5782378665384,109.77204902938823,86.33649054642318,86.45768269066812,0.19381116284982625,0.12119214424494373,1.5992056585624135,0.001648363409804431,0.001285088653741532,0.0014667260317729816,23.314366338720106,130,76,958,686,19,4,246094.57854128323,0.13569937369519833,0.11078717201166181,0.8538461538461538,0.9473684210526316,29917,23150,237978,182916,4466,3415,52756739.87379468,0.12571330122952543,0.1265608257342168,0.8507203262359193,0.8524838012958963,130,76,809,589,111,19,130,698,72,4,93,517,0.25156576200417535,0.24052478134110788,0.8538461538461538,0.9473684210526315,0.13720642768850433,0.12224108658743633,130,76,246094.57854128323,29700.0,0.12571330122952543,0.1265608257342168,0.8507203262359193,0.8524838012958963
298,0.0,29651.0,1653,109.7737652728194,109.95118033532914,86.45768269066812,86.59952722373149,0.1774150625097377,0.1418445330633631,1.250771240020121,0.001648843106615185,0.0012855361593686868,0.001467189632991936,23.351653111597656,127,87,943,710,17,11,247617.1266101305,0.13467656415694593,0.12253521126760564,0.8661417322834646,0.8735632183908046,30044,23237,238921,183626,4483,3426,53004357.00040481,0.12574867843345708,0.12654526047509612,0.8507855145786181,0.8525627232431037,127,87,803,614,110,17,123,693,76,11,85,538,0.24708377518557795,0.2267605633802817,0.8661417322834646,0.8735632183908046,0.136986301369863,0.1237785016286645,127,87,247617.1266101305,29800.0,0.12574867843345708,0.12654526047509612,0.8507855145786181,0.8525627232431037
299,0.0,29750.5,1657,109.95367928563398,110.123550725959,86.59952722373149,86.72799729785122,0.169871440325025,0.12847007411973266,1.3222646712782833,0.0016490934771826882,0.0012855333653279798,0.001467313421255334,23.39555342810779,94,86,926,731,11,12,248622.18149389452,0.10151187904967603,0.11764705882352941,0.8829787234042553,0.8604651162790697,30138,23323,239847,184357,4494,3438,53252979.181898706,0.12565510512952008,0.12650997792326843,0.8508859247461676,0.8525918621103632,94,86,804,602,83,11,111,721,74,12,117,528,0.20950323974082075,0.2612859097127223,0.8829787234042553,0.8604651162790697,0.10323383084577115,0.12292358803986711,94,86,248622.18149389452,29900.0,0.12565510512952008,0.12650997792326843,0.8508859247461676,0.8525918621103632
300,0.0,29850.0,1686,110.123550725959,110.33083113838302,86.72799729785122,86.85257216589432,0.20728041242401218,0.12457486804309781,1.6639023238001878,0.001650505846006213,0.0012854007497116564,0.0014679532978589347,23.478258972488703,113,90,955,731,19,14,253246.0217349152,0.11832460732984293,0.12311901504787962,0.831858407079646,0.8444444444444444,30251,23413,240802,185088,4513,3452,53506225.20363362,0.12562603300637037,0.12649658540802214,0.8508148490958977,0.852560543287917,113,90,814,626,94,19,122,720,76,14,91,550,0.2261780104712042,0.22845417236662108,0.831858407079646,0.8444444444444444,0.11547911547911548,0.12140575079872204,113,90,253246.0217349152,30000.0,0.12562603300637037,0.12649658540802214,0.8508148490958977,0.852560543287917
301,0.0,29949.5,1696,110.33083113838302,110.55385308951548,86.85257216589432,86.98040027911814,0.22302195113246626,0.1278281132238277,1.7447018930957203,0.0016524318050272046,0.0012853770964974592,0.001468904450762332,23.57345281039734,116,84,970,726,15,14,255120.21460558465,0.11958762886597939,0.11570247933884298,0.8706896551724138,0.8333333333333334,30367,23497,241772,185814,4528,3466,53761345.418239206,0.12560180666082094,0.12645441140064795,0.8508907695854052,0.8524918074647827,116,84,829,618,101,15,126,728,70,14,94,548,0.23402061855670103,0.22589531680440772,0.8706896551724138,0.8333333333333334,0.1218335343787696,0.11326860841423948,116,84,255120.21460558465,30100.0,0.12560180666082094,0.12645441140064795,0.8508907695854052,0.8524918074647827
302,0.0,30049.0,1630,110.55385308951548,110.7183675953629,86.98294217816841,87.11106497168599,0.16451450584742133,0.12812279351757638,1.2840377682278103,0.0016524076767273602,0.0012854475263954096,0.001468927601561385,23.607302623676915,107,62,963,667,17,14,245452.29462479593,0.1111111111111111,0.09295352323838081,0.8411214953271028,0.7741935483870968,30474,23559,242735,186481,4545,3480,54006797.712864004,0.12554431787752077,0.12633458636536699,0.8508564678086238,0.8522857506685343,107,62,809,557,90,17,137,719,48,14,96,509,0.23572170301142265,0.2158920539730135,0.8411214953271028,0.7741935483870968,0.11124845488257108,0.08617594254937164,107,62,245452.29462479593,30200.0,0.12554431787752077,0.12633458636536699,0.8508564678086238,0.8522857506685343
303,0.0,30148.5,1653,110.7183675953629,110.93926551159696,87.11106497168599,87.19503545561302,0.2208979162340512,0.08397048392703255,2.630661464640407,0.0016542445463168427,0.001283976428418099,0.0014691104873674709,23.744230055983934,113,63,989,664,14,8,249184.11684105275,0.11425682507583418,0.09487951807228916,0.8761061946902655,0.873015873015873,30587,23622,243724,187145,4559,3488,54255981.82970506,0.1254985147133643,0.12622298217959335,0.8509497498937457,0.8523410380154094,113,63,858,553,99,14,117,759,55,8,103,498,0.21840242669362994,0.23795180722891565,0.8761061946902655,0.873015873015873,0.11538461538461539,0.09945750452079566,113,63,249184.11684105275,30300.0,0.1254985147133643,0.12622298217959335,0.8509497498937457,0.8523410380154094
304,0.0,30248.0,1703,110.93926551159696,111.13019338307099,87.19792906307053,87.33509287345375,0.190927871474031,0.137163810383214,1.3919697254006629,0.0016550834745024461,0.0012843599736483266,0.0014697217240753862,23.795100509617242,103,83,960,743,14,12,256922.77539757628,0.10729166666666666,0.1117092866756393,0.8640776699029127,0.8554216867469879,30690,23705,244684,187888,4573,3500,54512904.605102636,0.12542708146016904,0.12616558800987823,0.8509938090583252,0.8523518245095971,103,83,821,631,89,14,125,732,71,12,100,560,0.22291666666666668,0.23014804845222073,0.8640776699029126,0.8554216867469879,0.10840438489646773,0.11251980982567353,103,83,256922.77539757628,30400.0,0.12542708146016904,0.12616558800987823,0.8509938090583252,0.8523518245095971
305,0.0,30347.5,1715,111.13019338307099,111.30269067223236,87.33509287345375,87.47313392077379,0.1724972891613703,0.13804104732004419,1.2496086672063587,0.0016553126201323191,0.001284674893318989,0.001469993756725654,23.82955675145857,131,72,947,768,17,7,259089.7383001268,0.13833157338965152,0.09375,0.8702290076335878,0.9027777777777778,30821,23777,245631,188656,4590,3507,54771994.343402766,0.12547683313588268,0.12603362734288864,0.8510755653612796,0.8525045211759263,131,72,817,668,114,17,113,703,65,7,93,603,0.23970432946145723,0.20572916666666666,0.8702290076335878,0.9027777777777778,0.13953488372093023,0.09730538922155689,131,72,259089.7383001268,30500.0,0.12547683313588268,0.12603362734288864,0.8510755653612796,0.8525045211759263
306,0.0,30447.0,1725,111.30380938347788,111.48503660096516,87.47313392077379,87.6086384979686,0.181227217487276,0.13550457719480846,1.3374250614924563,0.0016558621190447232,0.0012849048635105876,0.0014703834912776553,23.87639810299656,116,76,995,730,17,14,261023.90518953482,0.11658291457286432,0.10410958904109589,0.853448275862069,0.8157894736842105,30937,23853,246626,189386,4607,3521,55033018.2485923,0.1254409510757179,0.12594911978710147,0.8510844619711025,0.8523875403513185,116,76,840,622,99,17,138,741,62,14,94,560,0.23819095477386934,0.2136986301369863,0.853448275862069,0.8157894736842105,0.11785714285714285,0.09967845659163987,116,76,261023.90518953482,30600.0,0.1254409510757179,0.12594911978710147,0.8510844619711025,0.8523875403513185
307,0.0,30546.5,1664,111.48675297584286,111.66751349032792,87.6086384979686,87.72549968222835,0.18076051448505837,0.11686118425974712,1.5467968738300848,0.001656412303978218,0.001284526058882206,0.0014704691814302119,23.942013808099574,107,85,971,693,16,17,252326.35447694972,0.1101956745623069,0.12265512265512266,0.8504672897196262,0.8,31044,23938,247597,190079,4623,3538,55285344.60306925,0.12538116374592584,0.12593711035937688,0.8510823347506764,0.8522015205948701,107,85,831,587,91,16,124,740,68,17,89,519,0.22142121524201855,0.22655122655122656,0.8504672897196262,0.8,0.1095066185318893,0.11584327086882454,107,85,252326.35447694972,30700.0,0.12538116374592584,0.12593711035937688,0.8510823347506764,0.8522015205948701
308,0.0,30646.0,1684,111.66751349032792,111.82985423701187,87.72549968222835,87.85634508382219,0.16234074668395237,0.13084540159384517,1.240706549152345,0.0016563051454160794,0.0012846037470544665,0.001470454446235273,23.97350915318968,102,76,971,713,15,17,255498.83855008546,0.10504634397528322,0.10659186535764376,0.8529411764705882,0.7763157894736842,31146,24014,248568,190792,4638,3555,55540843.44161934,0.12530172829970068,0.12586481613484843,0.8510884222693123,0.8519613558757392,102,76,836,600,87,15,120,749,59,17,96,541,0.21318228630278063,0.21739130434782608,0.8529411764705882,0.7763157894736842,0.10406698564593302,0.09833333333333333,102,76,255498.83855008546,30800.0,0.12530172829970068,0.12586481613484843,0.8510884222693123,0.8519613558757392
309,0.0,30745.5,1703,111.82985423701187,112.01754846180296,87.85634508382219,87.93865595618344,0.18769422479108755,0.08231087236124779,2.2803090212351407,0.0016570191813464832,0.0012831102356517417,0.0014700647084991123,24.07889250561952,101,72,1019,684,14,10,258605.43443764403,0.09911678115799803,0.10526315789473684,0.8613861386138614,0.8611111111111112,31247,24086,249587,191476,4652,3565,55799448.876056984,0.12519482184568909,0.12579122187637093,0.8511217076839377,0.8519887071327742,101,72,869,591,87,14,136,782,62,10,83,529,0.21884200196270853,0.21198830409356725,0.8613861386138614,0.8611111111111112,0.1001150747986191,0.10490693739424704,101,72,258605.43443764403,30900.0,0.12519482184568909,0.12579122187637093,0.8511217076839377,0.8519887071327742
310,0.0,30845.0,1732,112.01754846180296,112.211919199844,87.94179199215125,88.0610250303153,0.19437073804104443,0.1192330381640545,1.6301751681745025,0.001657943981988625,0.0012829185598635705,0.0014704312709260979,24.150894169528698,94,75,1008,724,10,8,263271.8042678648,0.09325396825396826,0.10359116022099447,0.8936170212765957,0.8933333333333333,31341,24161,250595,192200,4662,3573,56062720.68032485,0.12506634210578824,0.12570759625390218,0.8512491624389777,0.8521170481354249,94,75,860,621,84,10,138,776,67,8,95,554,0.22023809523809523,0.22375690607734808,0.8936170212765957,0.8933333333333333,0.09767441860465116,0.10789049919484701,94,75,263271.8042678648,31000.0,0.12506634210578824,0.12570759625390218,0.8512491624389777,0.8521170481354249
311,0.0,30944.5,1712,112.211919199844,112.38480762535703,88.06230846236991,88.20197171516071,0.17288842551302253,0.13966325279079683,1.2378948797075067,0.0016581720857607846,0.0012833254675439258,0.0014707487766523553,24.182835910196317,91,70,951,761,12,7,260548.5828274654,0.09568874868559411,0.09198423127463863,0.8681318681318682,0.9,31432,24231,251546,192961,4674,3580,56323269.263152316,0.12495527656969302,0.12557459797575676,0.8512980402137948,0.8522553753456317,91,70,803,653,79,12,136,724,63,7,101,590,0.22607781282860148,0.21550591327201052,0.8681318681318682,0.9,0.09838107098381071,0.09647779479326186,91,70,260548.5828274654,31100.0,0.12495527656969302,0.12557459797575676,0.8512980402137948,0.8522553753456317
312,0.0,31044.0,1698,112.38552136489024,112.5320812497507,88.20197171516071,88.32182311506371,0.14655988486046567,0.11985139990299842,1.2228466666145221,0.0016575777401139128,0.0012830536359140733,0.001470315688013993,24.210258134686995,102,81,986,712,17,8,258788.63601977914,0.10344827586206896,0.11376404494382023,0.8333333333333334,0.9012345679012346,31534,24312,252532,193673,4691,3588,56582057.8991721,0.12487130343877212,0.12553117884268844,0.8512399315025052,0.8524185587364265,102,81,855,624,85,17,114,770,73,8,80,551,0.20182555780933062,0.2148876404494382,0.8333333333333334,0.9012345679012346,0.09941520467836257,0.11698717948717949,102,81,258788.63601977914,31200.0,0.12487130343877212,0.12553117884268844,0.8512399315025052,0.8524185587364265
313,0.0,31143.5,1719,112.53378904790722,112.70154520217261,88.32182311506371,88.43936867172546,0.16775615426539048,0.11754555666175293,1.42715861857818,0.0016576961483698398,0.0012827098721144038,0.0014702030102421218,24.26217653044715,100,76,968,751,19,14,262353.8254823766,0.10330578512396695,0.10119840213049268,0.81,0.8157894736842105,31634,24388,253500,194424,4710,3602,56844411.72465447,0.12478895463510849,0.12543718882442498,0.8511095656572043,0.8523044120059046,100,76,829,635,81,19,120,748,62,14,102,573,0.20764462809917356,0.21837549933422104,0.81,0.8157894736842105,0.097708082026538,0.09763779527559055,100,76,262353.8254823766,31300.0,0.12478895463510849,0.12543718882442498,0.8511095656572043,0.8523044120059046
314,0.0,31243.0,1752,112.70154520217261,112.85844778162765,88.44068949536184,88.55854095199537,0.1569025794550356,0.11785145663353092,1.3313588472897493,0.0016574137587079942,0.0012824201043774124,0.0014699169315427031,24.299906829632278,88,77,1012,740,13,13,267710.18879675475,0.08695652173913043,0.10405405405405406,0.8522727272727273,0.8311688311688312,31722,24465,254512,195164,4723,3615,57112121.913451225,0.12463852392028667,0.12535611075813163,0.8511127923838345,0.8522378908645003,88,77,868,632,75,13,131,793,64,13,95,568,0.20355731225296442,0.21486486486486486,0.8522727272727273,0.8311688311688312,0.08640552995391705,0.10126582278481013,88,77,267710.18879675475,31400.0,0.12463852392028667,0.12535611075813163,0.8511127923838345,0.8522378908645003
315,0.0,31342.5,1718,112.85844778162765,112.9855664889615,88.55854095199537,88.68380379081952,0.12711870733384956,0.12526283882415612,1.0148157947489813,0.0016561876422465037,0.0012823255275007906,0.0014692565848736473,24.30176269814197,94,83,973,745,18,11,262880.2700553905,0.09660842754367935,0.11140939597315436,0.8085106382978724,0.8674698795180723,31816,24548,255485,195909,4741,3626,57375002.183506615,0.12453177290251874,0.12530307438657745,0.8509869248177018,0.852289392211178,94,83,828,653,76,18,127,752,72,11,81,581,0.20863309352517986,0.20536912751677852,0.8085106382978723,0.8674698795180723,0.09178743961352658,0.11026033690658499,94,83,262880.2700553905,31500.0,0.12453177290251874,0.12530307438657745,0.8509869248177018,0.852289392211178
316,0.0,31442.0,1763,112.9855664889615,113.10953316836726,88.68380379081952,88.78385173871632,0.12396667940576833,0.1000479478967975,1.239072684765546,0.001654869538296539,0.0012814336096256867,0.001468151573961113,24.325681429650942,90,85,994,769,18,12,270142.7048643986,0.09054325955734406,0.11053315994798439,0.8,0.8588235294117648,31906,24633,256479,196678,4759,3638,57645144.88837101,0.12440004834703816,0.12524532484568685,0.8508431016109823,0.852311939268461,90,85,833,672,72,18,143,761,73,12,85,599,0.21629778672032193,0.20546163849154747,0.8,0.8588235294117647,0.08643457382953182,0.10863095238095238,90,85,270142.7048643986,31600.0,0.12440004834703816,0.12524532484568685,0.8508431016109823,0.852311939268461
317,0.0,31541.5,1673,113.10953316836726,113.25326408302918,88.78385173871632,88.8444485494898,0.14373091466191568,0.06059681077347534,2.3719220999800554,0.0016541832279126987,0.0012793028036260307,0.0014667430157693647,24.408815533539382,88,58,952,721,13,7,256562.27850465744,0.09243697478991597,0.08044382801664356,0.8522727272727273,0.8793103448275862,31994,24691,257431,197399,4772,3645,57901707.16687567,0.12428184639767549,0.1250816873439075,0.850847033818841,0.8523753594427119,88,58,808,609,75,13,131,733,51,7,105,558,0.21638655462184875,0.21636615811373092,0.8522727272727273,0.8793103448275862,0.09282178217821782,0.08374384236453201,88,58,256562.27850465744,31700.0,0.12428184639767549,0.1250816873439075,0.850847033818841,0.8523753594427119
318,0.0,31641.0,1765,113.25326408302918,113.39348623857951,88.8444485494898,88.94367896205158,0.14022215555033313,0.09923041256178067,1.4130965691897237,0.0016533908956095247,0.0012784002920599672,0.001465895593834746,24.449807276527935,81,59,1027,738,14,8,270826.5450753279,0.07887049659201557,0.07994579945799458,0.8271604938271605,0.864406779661017,32075,24750,258458,198137,4786,3653,58172533.711950995,0.12410140138823329,0.12491356990365253,0.8507872174590803,0.8524040404040404,81,59,868,623,67,14,145,801,51,8,107,572,0.20642648490749757,0.2140921409214092,0.8271604938271605,0.864406779661017,0.0771889400921659,0.08186195826645265,81,59,270826.5450753279,31800.0,0.12410140138823329,0.12491356990365253,0.8507872174590803,0.8524040404040404
319,0.0,31740.5,1712,113.3946479492955,113.53452154420681,88.94367896205158,89.01447698826996,0.13987359491130746,0.07079802621838382,1.9756708256223543,0.0016526290215050214,0.0012766121414960923,0.0014646205815005567,24.52004455593685,71,47,978,734,10,10,262907.1408159937,0.07259713701431493,0.06403269754768393,0.8591549295774648,0.7872340425531915,32146,24797,259436,198871,4796,3663,58435440.85276699,0.1239072449467306,0.12468886866360605,0.8508056989983201,0.8522805178045731,71,47,841,640,61,10,127,780,37,10,84,603,0.19222903885480572,0.164850136239782,0.8591549295774648,0.7872340425531915,0.07253269916765755,0.0578125,71,47,262907.1408159937,31900.0,0.1239072449467306,0.12468886866360605,0.8508056989983201,0.8522805178045731
320,0.0,31840.0,1731,113.53452154420681,113.65955575315708,89.01447698826996,89.08591980128445,0.12503420895026807,0.0714428130144853,1.7501299805330581,0.0016513718748425142,0.0012748553164606195,0.001463113595651567,24.57363595187263,65,62,951,780,4,4,265946.25452224363,0.0683491062039958,0.07948717948717948,0.9384615384615385,0.935483870967742,32211,24859,260387,199651,4800,3667,58701387.10728923,0.12370433239754673,0.12451227391798689,0.850982583589457,0.8524880325033187,65,62,822,669,61,4,125,761,58,4,107,611,0.19558359621451105,0.21153846153846154,0.9384615384615385,0.9354838709677419,0.07420924574209246,0.08669656203288491,65,62,265946.25452224363,32000.0,0.12370433239754673,0.12451227391798689,0.850982583589457,0.8524880325033187
321,0.0,31939.5,1739,113.65955575315708,113.76703119751151,89.08591980128445,89.14422955446771,0.10747544435443501,0.058309753183266366,1.843181260202592,0.0016495755588571616,0.0012727003077857661,0.0014611379333214639,24.6228016430438,61,33,1017,722,9,3,267325.7216011403,0.0599803343166175,0.045706371191135735,0.8524590163934427,0.9090909090909091,32272,24892,261404,200373,4809,3670,58968712.828890376,0.12345641229667488,0.12422831419402813,0.8509853743182945,0.8525630724730837,61,33,858,611,52,9,150,806,30,3,108,581,0.19862340216322516,0.19113573407202217,0.8524590163934426,0.9090909090909091,0.06060606060606061,0.049099836333878884,61,33,267325.7216011403,32100.0,0.12345641229667488,0.12422831419402813,0.8509853743182945,0.8525630724730837
322,0.0,32039.0,1662,113.76703119751151,113.85944150844915,89.14422955446771,89.20442020507221,0.09241031093763752,0.06019065060449691,1.5352934385914985,0.0016473225388277182,0.0012706170972213537,0.001458969818024536,24.65502130337694,54,38,966,696,6,2,255624.0296572048,0.055900621118012424,0.05459770114942529,0.8888888888888888,0.9473684210526316,32326,24930,262370,201069,4815,3672,59224336.85854758,0.1232076838053131,0.123987287945929,0.8510486914557941,0.8527075812274368,54,38,829,601,48,6,131,781,36,2,93,565,0.18530020703933747,0.1853448275862069,0.8888888888888888,0.9473684210526315,0.05790108564535585,0.059900166389351084,54,38,255624.0296572048,32200.0,0.1232076838053131,0.123987287945929,0.8510486914557941,0.8527075812274368
323,0.0,32138.5,1729,113.85944150844915,113.93773242710405,89.20442020507221,89.27008583765175,0.07829091865490057,0.06566563257953817,1.1922662674431697,0.0016446463364986818,0.0012687162898794777,0.0014566813131890797,24.667646589452303,65,35,1010,719,7,6,266115.65044433007,0.06435643564356436,0.048678720445062586,0.8923076923076922,0.8285714285714285,32391,24965,263380,201788,4822,3678,59490452.50899191,0.12298200318930823,0.12371895256407715,0.8511314871414899,0.8526737432405367,65,35,872,602,58,7,131,814,29,6,111,573,0.18712871287128713,0.19471488178025034,0.8923076923076924,0.8285714285714286,0.06651376146788991,0.04817275747508306,65,35,266115.65044433007,32300.0,0.12298200318930823,0.12371895256407715,0.8511314871414899,0.8526737432405367
324,0.0,32238.0,1747,113.93773242710405,114.03030032222323,89.27008583765175,89.31629681810709,0.09256789511917418,0.04621098045534211,2.0031579985330756,0.0016424273013588458,0.0012662267636901997,0.0014543270325245226,24.714003504116135,46,39,1009,738,3,3,269001.13289272675,0.04558969276511397,0.052845528455284556,0.9347826086956522,0.9230769230769231,32437,25004,264389,202526,4825,3681,59759453.64188464,0.12268664732647727,0.12346069146677463,0.8512501156087184,0.852783554631259,46,39,882,626,43,3,124,839,36,3,109,590,0.16551040634291378,0.19647696476964768,0.9347826086956522,0.9230769230769231,0.048752834467120185,0.05750798722044728,46,39,269001.13289272675,32400.0,0.12268664732647727,0.12346069146677463,0.8512501156087184,0.852783554631259
325,0.0,32337.5,1780,114.03030032222323,114.10624919831255,89.31629681810709,89.39313941428202,0.07594887608932765,0.07684259617492728,0.9883694704488494,0.0016397105673881824,0.001264695068914997,0.0014522028181515895,24.713109784030536,42,45,1019,761,7,10,274278.8802179065,0.04121687929342493,0.05913272010512484,0.8333333333333334,0.7777777777777778,32479,25049,265408,203287,4832,3691,60033732.52210255,0.12237385459368218,0.12321988125162947,0.8512269466424459,0.852648808335662,42,45,876,648,35,7,136,841,35,10,103,613,0.1678115799803729,0.18134034165571616,0.8333333333333334,0.7777777777777778,0.03995433789954338,0.05401234567901234,42,45,274278.8802179065,32500.0,0.12237385459368218,0.12321988125162947,0.8512269466424459,0.852648808335662
326,0.0,32437.0,1707,114.10624919831255,114.16875228286077,89.39313941428202,89.44898143538049,0.06250308454821152,0.055842021098470696,1.1192840681392036,0.001636598052903808,0.0012625285816207322,0.0014495633172622701,24.719770847480277,35,37,991,716,5,7,263225.66536647227,0.035317860746720484,0.051675977653631286,0.8571428571428572,0.8108108108108107,32514,25086,266399,204003,4837,3698,60296958.18746902,0.12205000769522407,0.12296877987088425,0.8512333148797441,0.852587100374711,35,37,852,605,30,5,134,822,30,7,104,575,0.16548940464177597,0.1871508379888268,0.8571428571428571,0.8108108108108109,0.035211267605633804,0.049586776859504134,35,37,263225.66536647227,32600.0,0.12205000769522407,0.12296877987088425,0.8512333148797441,0.852587100374711
327,0.0,32536.5,1695,114.16875228286077,114.21724155983445,89.44898143538049,89.47287387856201,0.048489276973683104,0.023892443181523504,2.029481732164621,0.00163307601839871,0.0012593982937008376,0.0014462371560497738,24.744367681272436,44,30,968,727,8,4,261511.9400912048,0.045454545454545456,0.04126547455295736,0.8181818181818181,0.8666666666666667,32558,25116,267367,204730,4845,3702,60558470.12756023,0.12177269446117135,0.12267864992917502,0.8511886479513484,0.8526039178213092,44,30,818,627,36,8,142,782,26,4,96,601,0.18388429752066116,0.16781292984869325,0.8181818181818182,0.8666666666666667,0.044009779951100246,0.04146730462519936,44,30,261511.9400912048,32700.0,0.12177269446117135,0.12267864992917502,0.8511886479513484,0.8526039178213092
328,0.0,32636.0,1742,114.21724155983445,114.29815319603041,89.47287387856201,89.50593830548729,0.08091163619596387,0.03306442692527867,2.447090233222965,0.0016305639462754202,0.0012565667265531301,0.0014435653364142753,24.79221489054312,41,27,1022,720,3,3,268788.0835941625,0.040117416829745595,0.0375,0.926829268292683,0.8888888888888888,32599,25143,268389,205450,4848,3705,60827258.211154394,0.12146175886493113,0.12238014115356534,0.8512837817110954,0.8526428827108937,41,27,891,619,38,3,128,853,24,3,98,595,0.162426614481409,0.16944444444444445,0.926829268292683,0.8888888888888888,0.04264870931537598,0.03877221324717286,41,27,268788.0835941625,32800.0,0.12146175886493113,0.12238014115356534,0.8512837817110954,0.8526428827108937
329,0.0,32735.5,1698,114.29815319603041,114.35100344887607,89.50593830548729,89.54533410044472,0.052850252845658474,0.03939579495742862,1.3415201521575801,0.0016272142155221716,0.0012539448153769026,0.0014405795154495372,24.80566934843135,38,33,952,746,9,4,262067.7753722737,0.03991596638655462,0.04423592493297587,0.7631578947368421,0.8787878787878788,32637,25176,269341,206196,4857,3709,61089325.98652667,0.12117353095147045,0.12209742187045336,0.8511811747403254,0.8526771528439784,38,33,811,647,29,9,132,782,29,4,95,618,0.16911764705882354,0.16621983914209115,0.7631578947368421,0.8787878787878788,0.035758323057953144,0.04482225656877898,38,33,262067.7753722737,32900.0,0.12117353095147045,0.12209742187045336,0.8511811747403254,0.8526771528439784
330,0.0,32835.0,1720,114.35100344887607,114.39015955555917,89.54533410044472,89.5797164814504,0.03915610668309455,0.03438238100568469,1.1388422074847167,0.001623469812041289,0.0012511868729365389,0.0014373283424889138,24.81044307410876,32,24,992,728,8,5,265582.9252236332,0.03225806451612903,0.03296703296703297,0.75,0.7916666666666666,32669,25200,270333,206924,4865,3714,61354908.9117503,0.12084725135296098,0.12178384334344977,0.8510820655667453,0.8526190476190476,32,24,842,624,24,8,142,818,19,5,99,605,0.16733870967741934,0.1620879120879121,0.75,0.7916666666666666,0.028503562945368172,0.030448717948717948,32,24,265582.9252236332,33000.0,0.12084725135296098,0.12178384334344977,0.8510820655667453,0.8526190476190476
331,0.0,32934.5,1766,114.39015955555917,114.4245161750184,89.5797164814504,89.6089121679292,0.0343566194592313,0.029195686478800553,1.1767703932626548,0.001619603033740839,0.0012482888970811053,0.0014339459654109721,24.815604007089192,23,31,971,795,2,3,272806.1405136846,0.02368692070030896,0.0389937106918239,0.9130434782608696,0.9032258064516129,32692,25231,271304,207719,4867,3717,61627715.05226399,0.1204995134609147,0.12146698183603812,0.8511256576532484,0.8526812254765963,23,31,824,688,21,2,145,803,28,3,104,660,0.1709577754891864,0.1660377358490566,0.9130434782608695,0.9032258064516129,0.025485436893203883,0.040697674418604654,23,31,272806.1405136846,33100.0,0.1204995134609147,0.12146698183603812,0.8511256576532484,0.8526812254765963
332,0.0,33034.0,1758,114.4245161750184,114.47624583661666,89.6089121679292,89.65650736853704,0.05172966159825876,0.04759520060783018,1.0868671827753236,0.0016162828336873502,0.0012459625811443499,0.00143112270741585,24.81973846807962,28,19,982,776,5,4,271684.9622532106,0.028513238289205704,0.024484536082474227,0.8214285714285714,0.7894736842105263,32720,25250,272286,208495,4872,3721,61899400.0145172,0.1201677647767421,0.12110602172713975,0.8511002444987775,0.8526336633663366,28,19,860,659,23,5,117,837,15,4,113,644,0.1425661914460285,0.16494845360824742,0.8214285714285714,0.7894736842105263,0.026744186046511628,0.02276176024279211,28,19,271684.9622532106,33200.0,0.1201677647767421,0.12110602172713975,0.8511002444987775,0.8526336633663366
333,0.0,33133.5,1716,114.47624583661666,114.51538406748013,89.65650736853704,89.69298023735712,0.03913823086347179,0.03647286882008416,1.0730779379197044,0.0016126044537322372,0.0012433162331174925,0.0014279603434248648,24.822403830123008,29,22,967,749,3,2,265335.74010070326,0.02998965873836608,0.029372496662216287,0.896551724137931,0.9090909090909091,32749,25272,273253,209244,4875,3723,62164735.75461791,0.11984863844129799,0.12077765670700236,0.851140492839476,0.8526828110161444,29,22,828,642,26,3,136,802,20,2,105,622,0.16752843846949328,0.16688918558077437,0.896551724137931,0.9090909090909091,0.03140096618357488,0.03115264797507788,29,22,265335.74010070326,33300.0,0.11984863844129799,0.12077765670700236,0.851140492839476,0.8526828110161444
334,0.0,33233.0,1704,114.51538406748013,114.56153598979868,89.69298023735712,89.72027200608662,0.04615192231855758,0.02729176872949779,1.69105647845664,0.0016091580907665287,0.0012404108482497603,0.0014247844695081445,24.841263983712068,19,18,957,747,1,1,263577.0789438376,0.019853709508881923,0.024096385542168676,0.9473684210526316,0.9444444444444444,32768,25290,274210,209991,4876,3724,62428312.83356175,0.11949965355019876,0.12043373287426604,0.8511962890625,0.8527481217872677,19,18,810,632,18,1,146,792,17,1,114,615,0.17136886102403343,0.1753681392235609,0.9473684210526315,0.9444444444444444,0.022222222222222223,0.02689873417721519,19,18,263577.0789438376,33400.0,0.11949965355019876,0.12043373287426604,0.8511962890625,0.8527481217872677
335,0.0,33332.5,1704,114.56153598979868,114.59834383781038,89.72027200608662,89.74817076451406,0.03680784801169068,0.027898758427440384,1.319336418049614,0.0016054533755108583,0.0012375409280587892,0.0014214971517848237,24.850173073296318,22,16,1016,688,5,3,263633.1462326147,0.021653543307086614,0.023255813953488372,0.7727272727272727,0.8125,32790,25306,275226,210679,4881,3727,62691945.97979436,0.11913845348913257,0.12011638559134988,0.8511436413540714,0.8527226744645539,22,16,871,601,17,5,140,854,13,3,84,588,0.1545275590551181,0.14098837209302326,0.7727272727272727,0.8125,0.01951779563719862,0.021630615640599003,22,16,263633.1462326147,33500.0,0.11913845348913257,0.12011638559134988,0.8511436413540714,0.8527226744645539
336,0.0,33432.0,1731,114.59834383781038,114.63637531463907,89.74817076451406,89.79675618760781,0.038031476828692234,0.0485854230937548,0.7827754582954496,0.001601807129656025,0.0012353037652697379,0.0014185554474628816,24.839619127031256,32,13,988,743,5,3,267940.69235602237,0.032388663967611336,0.017496635262449527,0.84375,0.7692307692307692,32822,25319,276214,211422,4886,3730,62959886.67215038,0.11882815498128263,0.11975574916517676,0.8511364328803851,0.8526798056795292,32,13,846,641,27,5,137,819,10,3,99,631,0.1659919028340081,0.14670255720053835,0.84375,0.7692307692307693,0.031914893617021274,0.015600624024960999,32,13,267940.69235602237,33600.0,0.11882815498128263,0.11975574916517676,0.8511364328803851,0.8526798056795292
337,0.0,33531.5,1683,114.63637531463907,114.66520551963508,89.79675618760781,89.83833998906265,0.0288302049960123,0.0415838014548342,0.6933037381713626,0.0015979094884699839,0.0012328721161578048,0.0014153908023138945,24.826865530572434,23,15,961,722,3,2,260703.32893575134,0.023933402705515087,0.02077562326869806,0.8695652173913043,0.8666666666666667,32845,25334,277175,212144,4889,3732,63220590.00108613,0.11849914314061513,0.11941888528546647,0.8511493377987517,0.8526880871556012,23,15,821,613,20,3,137,801,13,2,107,600,0.16337148803329865,0.16620498614958448,0.8695652173913043,0.8666666666666667,0.024360535931790498,0.021207177814029365,23,15,260703.32893575134,33700.0,0.11849914314061513,0.11941888528546647,0.8511493377987517,0.8526880871556012
338,0.0,33631.0,1778,114.66520551963508,114.71209919385703,89.83833998906265,89.86360895450005,0.046893674221948345,0.0252689654374052,1.8557813274196209,0.0015945693324159883,0.0012299721680460187,0.0014122707502310034,24.848490239356977,22,30,1035,743,1,3,275491.9579199601,0.021256038647342997,0.040376850605652756,0.9545454545454546,0.9,32867,25364,278210,212887,4890,3735,63496081.95900609,0.1181373782394594,0.11914301953618586,0.8512185474792344,0.8527440466803343,22,30,911,637,21,1,123,890,27,3,103,610,0.1391304347826087,0.17496635262449528,0.9545454545454546,0.9,0.02305159165751921,0.0423861852433281,22,30,275491.9579199601,33800.0,0.1181373782394594,0.11914301953618586,0.8512185474792344,0.8527440466803343
339,0.0,33730.5,1731,114.71209919385703,114.75067037293249,89.86360895450005,89.89016655813448,0.03857117907546126,0.026557603634429938,1.4523591663766162,0.0015910033809656597,0.001227127341698816,0.0014090653613322377,24.860503814798008,21,15,973,758,1,4,268270.90170150355,0.02158273381294964,0.01978891820580475,0.9523809523809523,0.7333333333333334,32888,25379,279183,213645,4891,3739,63764352.860707596,0.1178008689640845,0.11879051697910084,0.8512831427876429,0.852673470191891,21,15,838,631,20,1,134,818,11,4,123,620,0.15827338129496402,0.17678100263852242,0.9523809523809523,0.7333333333333333,0.02386634844868735,0.017432646592709985,21,15,268270.90170150355,33900.0,0.1178008689640845,0.11879051697910084,0.8512831427876429,0.852673470191891
340,0.0,33830.0,1723,114.75067037293249,114.79286889350088,89.89016655813448,89.92217286553837,0.04219852056839102,0.03200630740388988,1.3184438940701555,0.001587565092214831,0.0012244595056174633,0.0014060122989161471,24.87069602796251,25,16,973,750,1,3,267117.1757472937,0.025693730729701953,0.021333333333333333,0.96,0.8125,32913,25395,280156,214395,4892,3742,64031470.036454886,0.11748097488542097,0.11844959070873855,0.8513657217512837,0.8526481590864343,25,16,846,644,24,1,126,822,13,3,103,631,0.15416238437821173,0.15466666666666667,0.96,0.8125,0.028368794326241134,0.020186335403726708,25,16,267117.1757472937,34000.0,0.11748097488542097,0.11844959070873855,0.8513657217512837,0.8526481590864343
341,0.0,33929.5,1659,114.79286889350088,114.84204868351489,89.92217286553837,89.94567032519825,0.04917979001400852,0.023497459659878928,2.0929832724846102,0.0015843516986896852,0.0012215577903417487,0.001402954744515717,24.89637835831664,17,22,942,717,0,1,257283.4508940466,0.018046709129511677,0.030683403068340307,1.0,0.9545454545454546,32930,25417,281098,215112,4892,3743,64288753.48734894,0.11714775629851511,0.11815705307002863,0.8514424536896447,0.8527363575559664,17,22,803,612,17,0,139,786,21,1,104,591,0.16560509554140126,0.17433751743375175,1.0,0.9545454545454546,0.021170610211706103,0.03431372549019608,17,22,257283.4508940466,34100.0,0.11714775629851511,0.11815705307002863,0.8514424536896447,0.8527363575559664
342,0.0,34029.0,1745,114.84204868351489,114.87001710776009,89.94567032519825,89.96701110539352,0.027968424245202073,0.02134078019527408,1.3105624063076986,0.0015805368815661831,0.0012186099833581552,0.0013995734324621693,24.903006002366567,23,17,1022,723,3,2,270662.5210076208,0.022504892367906065,0.02351313969571231,0.8695652173913043,0.8823529411764706,32953,25434,282120,215835,4895,3745,64559416.00835656,0.11680490571388062,0.11784001667940788,0.8514551027220587,0.8527561531807817,23,17,866,626,20,3,153,846,15,2,95,611,0.16927592954990214,0.15214384508990317,0.8695652173913043,0.8823529411764706,0.023094688221709007,0.023961661341853034,23,17,270662.5210076208,34200.0,0.11680490571388062,0.11784001667940788,0.8514551027220587,0.8527561531807817
343,0.0,34128.5,1719,114.87001710776009,114.89071848542278,89.96701110539352,89.99281255465732,0.020701377662689424,0.025801449263795462,0.8023339096590033,0.0015765324410270017,0.0012158094134143644,0.001396170927220683,24.89790593076546,23,15,1013,706,5,1,266701.3555548423,0.022704837117472853,0.021246458923512748,0.782608695652174,0.9333333333333333,32976,25449,283133,216541,4900,3746,64826117.3639114,0.11646823224421032,0.11752508762774717,0.851407083939835,0.8528036465087037,23,15,884,617,18,5,124,866,14,1,88,603,0.140177690029615,0.14447592067988668,0.782608695652174,0.9333333333333333,0.020361990950226245,0.022690437601296597,23,15,266701.3555548423,34300.0,0.11646823224421032,0.11752508762774717,0.851407083939835,0.8528036465087037
344,0.0,34228.0,1716,114.89071848542278,114.94588923145885,89.99281255465732,90.01934764631038,0.05517074603606886,0.02653509165305934,2.0791616911452424,0.0015735532986413437,0.0012130464526676093,0.0013932998756544766,24.92654158514847,25,21,1028,688,0,2,266324.24627791037,0.024319066147859923,0.030523255813953487,1.0,0.9047619047619048,33001,25470,284161,217229,4900,3748,65092441.61018931,0.11613486720556304,0.11724953850544817,0.8515196509196691,0.8528464860620337,25,21,899,581,25,0,129,874,19,2,105,562,0.14980544747081712,0.18023255813953487,1.0,0.9047619047619048,0.027808676307007785,0.03270223752151463,25,21,266324.24627791037,34400.0,0.11613486720556304,0.11724953850544817,0.8515196509196691,0.8528464860620337
345,0.0,34327.5,1660,114.94588923145885,114.99310668274151,90.01934764631038,90.06535624988732,0.04721745128266264,0.04600860357693648,1.0262743837400912,0.0015703608963636199,0.0012108639587055854,0.0013906124275346026,24.927750432854197,27,17,947,713,5,4,257869.6746969551,0.028511087645195353,0.023842917251051893,0.8148148148148149,0.7647058823529411,33028,25487,285108,217942,4905,3752,65350311.28488626,0.11584382058728622,0.11694395756669206,0.85148964514957,0.8527876956879978,27,17,822,601,22,5,120,800,13,4,108,588,0.14994720168954592,0.1697054698457223,0.8148148148148148,0.7647058823529411,0.0267639902676399,0.021630615640599003,27,17,257869.6746969551,34500.0,0.11584382058728622,0.11694395756669206,0.85148964514957,0.8527876956879978
346,0.0,34427.0,1708,114.99310668274151,115.0327240321481,90.06535624988732,90.09047974373695,0.03961734940658346,0.02512349384963386,1.576904456191344,0.0015669672911546668,0.001208090464427524,0.0013875288777910953,24.942244288411146,18,10,1004,704,4,2,265280.89865895954,0.017928286852589643,0.014204545454545454,0.7777777777777778,0.8,33046,25497,286112,218646,4909,3754,65615592.183545224,0.11550022368862543,0.11661315551164897,0.8514494946438298,0.8527669921951602,18,10,864,582,14,4,136,850,8,2,120,574,0.14940239043824702,0.18181818181818182,0.7777777777777778,0.8,0.016203703703703703,0.013745704467353952,18,10,265280.89865895954,34600.0,0.11550022368862543,0.11661315551164897,0.8514494946438298,0.8527669921951602
347,0.0,34526.5,1772,115.0345143303623,115.08003814287949,90.09047974373695,90.1410591468813,0.045523812517188844,0.050579403144354274,0.9000464554171052,0.001563815054313627,0.0012060665553987517,0.0013849408048561894,24.938978995998184,30,14,996,776,7,1,275339.5624638079,0.030120481927710843,0.01804123711340206,0.7666666666666666,0.9285714285714286,33076,25511,287108,219422,4916,3755,65890931.74600903,0.11520403471864246,0.11626454958937572,0.851372596444552,0.852808592371918,30,14,869,658,23,7,120,846,13,1,117,645,0.14357429718875503,0.16752577319587628,0.7666666666666667,0.9285714285714286,0.026467203682393557,0.019756838905775075,30,14,275339.5624638079,34700.0,0.11520403471864246,0.11626454958937572,0.851372596444552,0.852808592371918
348,0.0,34626.0,1725,115.08003814287949,115.13285612015633,90.1410591468813,90.17780062025578,0.05281797727684534,0.03674147337447664,1.4375574092664622,0.001560839090860911,0.0012036566363710104,0.0013822478636159607,24.955055499900553,30,18,1011,714,2,2,268176.0157691615,0.02967359050445104,0.025210084033613446,0.9333333333333333,0.8888888888888888,33106,25529,288119,220136,4918,3757,66159107.76177819,0.11490391123112326,0.11596921902823709,0.8514468676372863,0.8528340318853069,30,18,873,602,28,2,136,845,16,2,110,586,0.16221562809099901,0.17647058823529413,0.9333333333333333,0.8888888888888888,0.032073310423825885,0.026578073089700997,30,18,268176.0157691615,34800.0,0.11490391123112326,0.11596921902823709,0.8514468676372863,0.8528340318853069
349,0.0,34725.5,1768,115.13285612015633,115.18888180691995,90.17780062025578,90.20342255104525,0.05602568676361841,0.025621930789469616,2.186630165539455,0.0015579720930866282,0.0012009419162321098,0.001379457004659369,24.9854592558747,27,21,1028,740,2,3,274913.6198971863,0.026264591439688716,0.02837837837837838,0.9259259259259259,0.8571428571428572,33133,25550,289147,220876,4920,3760,66434021.38167538,0.11458877318457393,0.11567576377696083,0.8515075604382338,0.8528375733855186,27,21,881,626,25,2,145,856,18,3,111,608,0.16536964980544747,0.17432432432432432,0.9259259259259259,0.8571428571428571,0.028376844494892167,0.02875399361022364,27,21,274913.6198971863,34900.0,0.11458877318457393,0.11567576377696083,0.8515075604382338,0.8528375733855186
350,0.0,34825.0,1695,115.18954847358663,115.23901185368999,90.20342255104525,90.23210633250314,0.04946338010336149,0.02868378145788597,1.7244372111809765,0.0015549530312998104,0.0011983301902273862,0.0013766416107635982,25.00690552118685,27,26,965,730,7,5,263619.7031650047,0.027979274611398965,0.03561643835616438,0.7407407407407407,0.8076923076923077,33160,25576,290112,221606,4927,3765,66697641.08484038,0.11430068387381426,0.11541203758020992,0.8514173703256936,0.8527916796997185,27,26,813,614,20,7,145,793,21,5,111,593,0.17098445595854922,0.18082191780821918,0.7407407407407407,0.8076923076923077,0.024600246002460024,0.03420195439739414,27,26,263619.7031650047,35000.0,0.11430068387381426,0.11541203758020992,0.8514173703256936,0.8527916796997185
351,0.0,34924.5,1701,115.2409956647941,115.27814051821343,90.23210633250314,90.27603820106046,0.03714485341933482,0.04393186855732267,0.8455104378469107,0.0015516377424506212,0.0011961677642882006,0.0013739027533694109,25.002102317152975,22,16,997,704,4,2,264666.7211127559,0.022066198595787363,0.022727272727272728,0.8181818181818181,0.875,33182,25592,291109,222310,4931,3767,66962307.80595314,0.11398479607294862,0.11511852818136836,0.8513953348200831,0.8528055642388246,22,16,858,605,18,4,135,840,14,2,97,591,0.1534603811434303,0.15767045454545456,0.8181818181818182,0.875,0.02097902097902098,0.023140495867768594,22,16,264666.7211127559,35100.0,0.11398479607294862,0.11511852818136836,0.8513953348200831,0.8528055642388246
352,0.0,35024.0,1751,115.27814051821343,115.32029546421724,90.27603820106046,90.30097075611853,0.042154946003805094,0.024932555058072126,1.6907591663036186,0.0015484272643755857,0.0011934778716356225,0.001370952568005604,25.019324708098708,32,18,1022,729,1,1,272557.9671520759,0.03131115459882583,0.024691358024691357,0.96875,0.9444444444444444,33214,25610,292131,223039,4932,3768,67234865.77310522,0.11369556808418141,0.11482296818045275,0.8515084000722587,0.852869972666927,32,18,901,639,31,1,120,870,17,1,89,622,0.14774951076320939,0.14540466392318244,0.96875,0.9444444444444444,0.03440621531631521,0.026604068857589983,32,18,272557.9671520759,35200.0,0.11369556808418141,0.11482296818045275,0.8515084000722587,0.852869972666927
353,0.0,35123.5,1739,115.32029546421724,115.36944005785902,90.30097075611853,90.34162666357916,0.049144593641784695,0.04065590746063208,1.208793425392666,0.001545432982993269,0.0011912486399159926,0.001368340811454631,25.02781339427986,36,25,1014,725,5,4,270769.51797345304,0.03550295857988166,0.034482758620689655,0.8611111111111112,0.84,33250,25635,293145,223764,4937,3772,67505635.29107867,0.1134250967951014,0.11456266423553386,0.8515187969924812,0.8528574214940511,36,25,891,608,31,5,118,860,21,4,113,587,0.14694280078895464,0.18482758620689654,0.8611111111111112,0.84,0.03479236812570146,0.03453947368421053,36,25,270769.51797345304,35300.0,0.1134250967951014,0.11456266423553386,0.8515187969924812,0.8528574214940511
354,0.0,35223.0,1706,115.37070881013005,115.42387838255307,90.34162666357916,90.38176164035951,0.05316957242301612,0.04013497678035094,1.3247689842702635,0.0015426051588801255,0.0011890172871699123,0.0013658112230250188,25.042116742193556,24,24,972,734,4,4,265756.81169722247,0.024691358024691357,0.0326975476839237,0.8333333333333334,0.8333333333333334,33274,25659,294117,224498,4941,3776,67771392.1027759,0.11313184889006755,0.1142950048552771,0.8515056801105969,0.8528391597490159,24,24,834,619,20,4,134,814,20,4,111,599,0.15843621399176955,0.1784741144414169,0.8333333333333334,0.8333333333333334,0.023980815347721823,0.03231017770597738,24,24,265756.81169722247,35400.0,0.11313184889006755,0.1142950048552771,0.8515056801105969,0.8528391597490159
355,0.0,35322.5,1711,115.42387838255307,115.46615577567225,90.38347653783912,90.40602546311219,0.04227739311917844,0.022548925273071063,1.874918321258885,0.0015394507047176232,0.001186351430663875,0.001362901067690749,25.060130312560062,23,19,1016,695,5,6,266772.11458384973,0.022637795275590553,0.027338129496402876,0.782608695652174,0.6842105263157895,33297,25678,295133,225193,4946,3782,68038164.21735975,0.1128203216854774,0.11402663493092592,0.8514580893173559,0.8527143858555962,23,19,868,597,18,5,143,850,13,6,92,584,0.15846456692913385,0.1510791366906475,0.782608695652174,0.6842105263157895,0.020737327188940093,0.021775544388609715,23,19,266772.11458384973,35500.0,0.1128203216854774,0.11402663493092592,0.8514580893173559,0.8527143858555962
356,0.0,35422.0,1721,115.46834918413366,115.5205865879355,90.40602546311219,90.45863647293315,0.05223740380183983,0.05261100982096423,0.992898710357475,0.0015366553603859234,0.0011844968201794532,0.0013605760902826883,25.061950115002347,31,13,1021,700,5,0,268298.28766832344,0.030362389813907934,0.018571428571428572,0.8387096774193549,1.0,33328,25691,296154,225893,4951,3782,68306462.50502807,0.11253604543582055,0.11373083716626899,0.8514462313970235,0.852788914405823,31,13,864,608,26,5,152,838,13,0,92,595,0.1743388834476004,0.15,0.8387096774193549,1.0,0.03009259259259259,0.02138157894736842,31,13,268298.28766832344,35600.0,0.11253604543582055,0.11373083716626899,0.8514462313970235,0.852788914405823
357,0.0,35521.5,1716,115.5205865879355,115.56906783463134,90.45863647293315,90.4835888838125,0.04848124669584308,0.02495241087935085,1.9429483960591285,0.0015337090217488714,0.0011818778489991002,0.001357793435373986,25.08547895081884,30,20,953,763,4,4,267617.98722552916,0.03147953830010493,0.02621231979030144,0.8666666666666667,0.8,33358,25711,297107,226656,4955,3786,68574080.4922536,0.11227604869626094,0.11343622052802485,0.851459919659452,0.8527478511143091,30,20,822,644,26,4,127,796,16,4,115,628,0.16054564533053514,0.17169069462647443,0.8666666666666667,0.8,0.031630170316301706,0.024844720496894408,30,20,267617.98722552916,35700.0,0.11227604869626094,0.11343622052802485,0.851459919659452,0.8527478511143091
358,0.0,35621.0,1683,115.56906783463134,115.62137780291445,90.4835888838125,90.51822176459191,0.05230996828311163,0.03463288077941229,1.5104134309903432,0.0015308860906345762,0.0011795439131298126,0.0013552150018821944,25.10315603832254,30,23,956,727,3,5,262544.928321391,0.03138075313807531,0.03163686382393398,0.9,0.782608695652174,33388,25734,298063,227383,4958,3791,68836625.420575,0.11201658709735861,0.11317468764155632,0.8515035342039056,0.852685163596798,30,23,800,606,27,3,153,773,18,5,116,588,0.18828451882845187,0.1843191196698762,0.9,0.782608695652174,0.03375,0.0297029702970297,30,23,262544.928321391,35800.0,0.11201658709735861,0.11317468764155632,0.8515035342039056,0.852685163596798
359,0.0,35720.5,1662,115.62137780291445,115.67518410103749,90.51822176459191,90.5424679221013,0.05380629812303539,0.024246157509381305,2.219168051771366,0.0015281205666529487,0.0011769336559207988,0.0013525271112868739,25.132716178936192,32,19,966,696,3,2,259346.4924687062,0.033126293995859216,0.027298850574712645,0.90625,0.8947368421052632,33420,25753,299029,228079,4961,3793,69095971.9130437,0.11176173548384939,0.11291263114973321,0.8515559545182525,0.8527161884052343,32,19,814,583,29,3,149,785,17,2,111,566,0.18426501035196688,0.1839080459770115,0.90625,0.8947368421052632,0.03562653562653563,0.029159519725557463,32,19,259346.4924687062,35900.0,0.11176173548384939,0.11291263114973321,0.8515559545182525,0.8527161884052343
360,0.0,35820.0,1733,115.67518410103749,115.71251509536853,90.5424679221013,90.56543429955354,0.037330994331043144,0.022966377452249276,1.625462892816256,0.0015249127593658862,0.0011743023506946924,0.0013496075550302892,25.147080795814986,30,27,999,734,1,5,270444.1843438349,0.03003003003003003,0.03678474114441417,0.9666666666666667,0.8148148148148149,33450,25780,300028,228813,4962,3798,69366416.09738752,0.11148959430453158,0.11266842355985018,0.851659192825112,0.8526764934057409,30,27,856,632,29,1,142,827,22,5,97,610,0.17117117117117117,0.16212534059945505,0.9666666666666667,0.8148148148148148,0.03387850467289719,0.03481012658227848,30,27,270444.1843438349,36000.0,0.11148959430453158,0.11266842355985018,0.851659192825112,0.8526764934057409
361,0.0,35919.5,1813,115.71251509536853,115.76204495598662,90.56543429955354,90.61749860261334,0.049529860618093835,0.052064303059793815,0.9513209186956892,0.001522060642598061,0.0011724916600573052,0.0013472761513276831,25.144546353373286,37,35,1010,803,5,6,283050.88821281673,0.03663366336633663,0.043586550435865505,0.8648648648648649,0.8285714285714285,33487,25815,301038,229616,4967,3804,69649466.98560034,0.1112384483022077,0.11242683436694308,0.8516737838564219,0.852643811737362,37,35,880,683,32,5,125,848,29,6,114,654,0.15544554455445544,0.1780821917808219,0.8648648648648649,0.8285714285714286,0.03636363636363636,0.0424597364568082,37,35,283050.88821281673,36100.0,0.1112384483022077,0.11242683436694308,0.8516737838564219,0.852643811737362
362,0.0,36019.0,1743,115.76204495598662,115.81850510856843,90.61749860261334,90.6629676317892,0.056460152581806256,0.045469029175862374,1.2417276903677243,0.0015194157279108233,0.0011705087833492978,0.0013449622556300604,25.15553747677923,41,25,1024,719,10,4,272280.6244224561,0.0400390625,0.03477051460361613,0.7560975609756098,0.84,33528,25840,302062,230335,4977,3808,69921747.6100228,0.11099708006965457,0.11218442703019516,0.8515569076592698,0.8526315789473684,41,25,889,622,31,10,125,858,21,4,93,601,0.15234375,0.15855354659248957,0.7560975609756098,0.84,0.03487064116985377,0.03376205787781351,41,25,272280.6244224561,36200.0,0.11099708006965457,0.11218442703019516,0.8515569076592698,0.8526315789473684
363,0.0,36118.5,1733,115.81850510856843,115.87506183071343,90.6629676317892,90.70771015362867,0.056556722145003846,0.04474252183946703,1.2640486011925147,0.0015167880460748432,0.001168516817605621,0.0013426524318402321,25.167351677084767,30,26,966,767,0,6,270850.54777491133,0.031055900621118012,0.03389830508474576,1.0,0.7692307692307692,33558,25866,303028,231102,4977,3814,70192598.15779771,0.11074224164103647,0.11192460471999377,0.8516896120150188,0.8525477460759298,30,26,837,646,30,0,129,807,20,6,115,626,0.16459627329192547,0.1760104302477184,1.0,0.7692307692307693,0.035842293906810034,0.030959752321981424,30,26,270850.54777491133,36300.0,0.11074224164103647,0.11192460471999377,0.8516896120150188,0.8525477460759298
364,0.0,36218.0,1676,115.87638114549243,115.94460919977868,90.70771015362867,90.76398538698353,0.06822805428625145,0.05627523335486728,1.2123993134957007,0.001514531687955551,0.0011668526294626076,0.0013406921587090794,25.180623812795147,43,31,965,711,8,2,262087.36908221812,0.04455958549222798,0.04360056258790436,0.813953488372093,0.935483870967742,33601,25897,303993,231813,4985,3816,70454685.52687992,0.11053215041135815,0.11171504617946362,0.8516413201988036,0.8526470247519018,43,31,830,600,35,8,127,795,29,2,109,571,0.16787564766839377,0.1940928270042194,0.813953488372093,0.9354838709677419,0.04216867469879518,0.04833333333333333,43,31,262087.36908221812,36400.0,0.11053215041135815,0.11171504617946362,0.8516413201988036,0.8526470247519018
365,0.0,36317.5,1785,115.94460919977868,116.00314690782015,90.76398538698353,90.80192645232422,0.05853770804147018,0.037941065340689306,1.5428588395142486,0.0015119860588937953,0.0011646952541857426,0.001338340656539769,25.20122045549593,44,37,1034,751,7,7,279267.6457894963,0.0425531914893617,0.0492676431424767,0.8409090909090909,0.8108108108108107,33645,25934,305027,232564,4992,3823,70733953.17266941,0.11030171099607576,0.11151338986257546,0.851627284886313,0.8525873370864502,44,37,901,630,37,7,126,864,30,7,114,600,0.1576402321083172,0.19174434087882822,0.8409090909090909,0.8108108108108109,0.041065482796892344,0.047619047619047616,44,37,279267.6457894963,36500.0,0.11030171099607576,0.11151338986257546,0.851627284886313,0.8525873370864502
366,0.0,36417.0,1675,116.00314690782015,116.07313643347884,90.80192645232422,90.84266499217986,0.06998952565868422,0.04073853985563858,1.7180175309841657,0.0015097672315650876,0.0011626261015747334,0.0013361966665699104,25.230471441298974,56,28,952,723,9,3,262196.972905338,0.058823529411764705,0.03872752420470263,0.8392857142857143,0.8928571428571429,33701,25962,305979,233287,5001,3826,70996150.14557475,0.11014154566163037,0.11128781286569761,0.851606777246966,0.8526307680456051,56,28,805,617,47,9,138,758,25,3,103,592,0.19432773109243698,0.17704011065006917,0.8392857142857143,0.8928571428571429,0.058385093167701865,0.04051863857374392,56,28,262196.972905338,36600.0,0.11014154566163037,0.11128781286569761,0.851606777246966,0.8526307680456051
367,0.0,36516.5,1742,116.07313643347884,116.1544046739351,90.84266499217986,90.89679651878402,0.0812682404562679,0.054131526604152214,1.5013107066157292,0.0015078678178675334,0.0011609331565187845,0.001334400487193159,25.25760815515109,47,34,987,755,8,4,272786.1130099778,0.047619047619047616,0.045033112582781455,0.8297872340425532,0.8823529411764706,33748,25996,306966,234042,5009,3830,71268936.25858472,0.10994051458467713,0.11107408072055443,0.8515763897119829,0.8526696414833052,47,34,833,664,39,8,146,794,30,4,87,634,0.18743667679837892,0.15496688741721854,0.8297872340425532,0.8823529411764706,0.0468187274909964,0.045180722891566265,47,34,272786.1130099778,36700.0,0.10994051458467713,0.11107408072055443,0.8515763897119829,0.8526696414833052
368,0.0,36616.0,1832,116.1544046739351,116.26493599851283,90.89679651878402,90.97782540087877,0.11053132457772108,0.08102888209475623,1.364097858939536,0.0015067739195738098,0.0011599803186503844,0.001333377119112097,25.287110597634054,55,46,1031,801,9,6,287049.6735062279,0.0533462657613967,0.05742821473158552,0.8363636363636364,0.8695652173913043,33803,26042,307997,234843,5018,3836,71555985.93209095,0.10975106900391887,0.11089110597292659,0.8515516374286306,0.8526994854465862,55,46,894,685,46,9,128,848,40,6,110,645,0.1687681862269641,0.18726591760299627,0.8363636363636363,0.8695652173913043,0.05145413870246085,0.058394160583941604,55,46,287049.6735062279,36800.0,0.10975106900391887,0.11089110597292659,0.8515516374286306,0.8526994854465862
369,0.0,36715.5,1828,116.26493599851283,116.3637064174886,90.98037503456673,91.03680382156054,0.09877041897577499,0.0564287869938056,1.75035516865917,0.001505367226539078,0.0011584350717348487,0.0013319011491369633,25.32690259592806,54,46,1073,755,7,4,286670.6362002575,0.05032618825722274,0.060927152317880796,0.8703703703703703,0.9130434782608696,33857,26088,309070,235598,5025,3840,71842656.56829122,0.10954476332222474,0.11073099092522008,0.8515816522432584,0.8528058877644894,54,46,935,647,47,7,131,888,42,4,104,605,0.16589002795899346,0.19337748344370861,0.8703703703703703,0.9130434782608695,0.05026737967914439,0.06491499227202473,54,46,286670.6362002575,36900.0,0.10954476332222474,0.11073099092522008,0.8515816522432584,0.8528058877644894
370,0.0,36815.0,1738,116.3637064174886,116.44873879936526,91.03680382156054,91.10315063073502,0.08503238187665829,0.0663468091744761,1.2816348357167204,0.0015035968389505035,0.001157097323140281,0.0013303470810453921,25.345588168630243,62,48,1010,728,10,9,272664.21260217426,0.061386138613861385,0.06593406593406594,0.8387096774193549,0.8125,33919,26136,310080,236326,5035,3849,72115320.78089339,0.10938789989680082,0.11059299442295811,0.8515581237654413,0.8527318640955004,62,48,874,634,52,10,126,822,39,9,85,595,0.17623762376237623,0.17032967032967034,0.8387096774193549,0.8125,0.059496567505720827,0.061514195583596214,62,48,272664.21260217426,37000.0,0.10938789989680082,0.11059299442295811,0.8515581237654413,0.8527318640955004
371,0.0,36914.5,1850,116.44873879936526,116.57356516233448,91.10315063073502,91.19944540142153,0.12482636296921612,0.09629477068651227,1.296294306318964,0.0015029086092759529,0.0011565740088106983,0.0013297413090433256,25.374119760912947,65,67,1065,785,10,8,290549.2800547351,0.06103286384976526,0.08535031847133757,0.8461538461538461,0.8805970149253731,33984,26203,311145,237111,5045,3857,72405870.06094812,0.10922238827556284,0.11050942385633733,0.8515477871939736,0.8528031141472351,65,67,912,661,55,10,143,857,59,8,116,602,0.18591549295774648,0.2229299363057325,0.8461538461538461,0.8805970149253731,0.06030701754385965,0.08925869894099848,65,67,290549.2800547351,37100.0,0.10922238827556284,0.11050942385633733,0.8515477871939736,0.8528031141472351
372,0.0,37014.0,1672,116.57356516233448,116.69152856216094,91.19944540142153,91.27138949210072,0.11796339982646487,0.07194409067919594,1.6396537743797814,0.001502039591504417,0.001155398919826777,0.001328719255665597,25.420139070060216,68,64,982,690,10,9,262768.4493688671,0.06924643584521385,0.0927536231884058,0.8529411764705882,0.859375,34052,26267,312127,237801,5055,3866,72668638.51031698,0.10909661772291407,0.11045790387761195,0.8515505697169036,0.8528191266608292,68,64,826,584,58,10,146,768,55,9,97,529,0.20773930753564154,0.22028985507246376,0.8529411764705882,0.859375,0.07021791767554479,0.09417808219178082,68,64,262768.4493688671,37200.0,0.10909661772291407,0.11045790387761195,0.8515505697169036,0.8528191266608292
373,0.0,37113.5,1775,116.69152856216094,116.79596296785837,91.27138949210072,91.3660318475799,0.10443440569743245,0.09464235547918065,1.1034637205368991,0.001500812525728197,0.001154838664156442,0.0013278255949423193,25.429931120278468,76,48,1008,767,7,6,279205.3266480788,0.07539682539682539,0.06258148631029987,0.9078947368421053,0.875,34128,26315,313135,238568,5062,3872,72947843.83696505,0.1089881361074297,0.11030398041648502,0.8516760431317394,0.8528595857875736,76,48,841,636,69,7,160,772,42,6,125,594,0.22718253968253968,0.21773142112125163,0.9078947368421053,0.875,0.08204518430439953,0.0660377358490566,76,48,279205.3266480788,37300.0,0.1089881361074297,0.11030398041648502,0.8516760431317394,0.8528595857875736
374,0.0,37213.0,1715,116.79596296785837,116.91548368165019,91.3660318475799,91.45801956820453,0.11952071379181461,0.09198772062462979,1.2993116144222934,0.0014999953990228224,0.0011542104249641688,0.0013271029119934956,25.457464113445653,75,69,990,725,11,11,270044.57558294793,0.07575757575757576,0.09517241379310344,0.8533333333333333,0.8405797101449275,34203,26384,314125,239293,5073,3883,73217888.412548,0.10888340628730601,0.11025813542393635,0.8516796772212963,0.8528274711946634,75,69,833,617,64,11,146,769,58,11,97,559,0.21212121212121213,0.21379310344827587,0.8533333333333334,0.8405797101449275,0.07683073229291716,0.0940032414910859,75,69,270044.57558294793,37400.0,0.10888340628730601,0.11025813542393635,0.8516796772212963,0.8528274711946634
375,0.0,37312.5,1778,116.91753638431457,117.05306000998378,91.4587054719188,91.56274105141202,0.13552362566920806,0.10403557949321396,1.3026661295047433,0.0014996641133809907,0.0011539251033831305,0.0013267946083820605,25.490318958571763,92,55,1013,765,14,7,280267.1810022045,0.09081934846989141,0.0718954248366013,0.8478260869565217,0.8727272727272728,34295,26439,315138,240058,5087,3890,73498155.5935502,0.1088253400097735,0.11013588382807488,0.8516693395538708,0.8528688679602103,92,55,849,663,78,14,150,771,48,7,95,615,0.2250740375123396,0.1869281045751634,0.8478260869565217,0.8727272727272727,0.09187279151943463,0.07239819004524888,92,55,280267.1810022045,37500.0,0.1088253400097735,0.11013588382807488,0.8516693395538708,0.8528688679602103
376,0.0,37412.0,1725,117.05306000998378,117.1687936077123,91.56274105141202,91.6463993041173,0.11573359772852143,0.08365825270527694,1.3834092153017352,0.0014987536662105234,0.001153081107169486,0.0013259173866900047,25.522394303595007,72,60,993,732,11,6,272198.17080672935,0.07250755287009064,0.08196721311475409,0.8472222222222222,0.9,34367,26499,316131,240790,5098,3896,73770353.76435694,0.10871126210336854,0.1100502512562814,0.8516600226961911,0.8529755839843013,72,60,850,640,61,11,132,789,54,6,86,586,0.19436052366565962,0.1912568306010929,0.8472222222222222,0.9,0.07176470588235294,0.084375,72,60,272198.17080672935,37600.0,0.10871126210336854,0.1100502512562814,0.8516600226961911,0.8529755839843013
377,0.0,37511.5,1816,117.17058198510085,117.30014196996302,91.64810903642181,91.73537021907647,0.12955998486216913,0.08726118265465743,1.4847378974327259,0.0014982622337338567,0.001152382507812516,0.0013253223707731863,25.56477175088655,74,53,1080,736,9,7,286820.0649686498,0.06851851851851852,0.07201086956521739,0.8783783783783784,0.8679245283018868,34441,26552,317211,241526,5107,3903,74057173.82932559,0.10857441891989875,0.10993433419176403,0.8517174298074969,0.8530054233202772,74,53,944,617,65,9,127,879,46,7,112,571,0.17777777777777778,0.21467391304347827,0.8783783783783784,0.8679245283018868,0.06885593220338983,0.07455429497568881,74,53,286820.0649686498,37700.0,0.10857441891989875,0.10993433419176403,0.8517174298074969,0.8530054233202772
378,0.0,37611.0,1752,117.30014196996302,117.42416065289746,91.73754522619518,91.8667898053046,0.12401868293443385,0.12924457910942522,0.959565838575196,0.001497579494568805,0.0011528105854698408,0.0013251950400193229,25.55737084759285,83,53,1021,731,10,7,277034.9475615338,0.08129285014691479,0.07250341997264022,0.8795180722891567,0.8679245283018868,34524,26605,318232,242257,5117,3910,74334208.77688712,0.10848689006762362,0.10982138803006725,0.8517842660178426,0.853035143769968,83,53,879,617,73,10,132,806,46,7,107,571,0.2007835455435847,0.20930232558139536,0.8795180722891566,0.8679245283018868,0.08304891922639362,0.07455429497568881,83,53,277034.9475615338,37800.0,0.10848689006762362,0.10982138803006725,0.8517842660178426,0.853035143769968
379,0.0,37710.5,1826,117.42416065289746,117.56488299765537,91.8667898053046,91.95869052344463,0.14072234475791845,0.09190071814002465,1.5312431459295743,0.001497341088112368,0.0011521936899445912,0.0013247673890284797,25.606192474210744,93,61,1073,753,12,9,289101.1757665631,0.08667287977632805,0.08100929614873838,0.8709677419354839,0.8524590163934427,34617,26666,319305,243010,5129,3919,74623309.95265368,0.10841358575656504,0.10973210978972059,0.8518358032180721,0.8530338258456461,93,61,912,649,81,12,149,831,52,9,95,597,0.21435228331780057,0.1952191235059761,0.8709677419354839,0.8524590163934426,0.08881578947368421,0.08012326656394453,93,61,289101.1757665631,37900.0,0.10841358575656504,0.10973210978972059,0.8518358032180721,0.8530338258456461
380,0.0,37810.0,1734,117.56660437403953,117.70095106611848,91.9594794746963,92.05143520501959,0.13434669207894956,0.09195573032329207,1.4609931497104318,0.0014969814554716277,0.0011516022508019728,0.0013242918531368004,25.64951586109889,83,54,1004,730,19,7,274796.48384039744,0.08266932270916334,0.07397260273972603,0.7710843373493976,0.8703703703703703,34700,26720,320309,243740,5148,3926,74898106.43649407,0.10833289105207784,0.10962501025683105,0.85164265129683,0.8530688622754491,83,54,841,613,64,19,144,777,47,7,110,566,0.20717131474103587,0.21506849315068494,0.7710843373493976,0.8703703703703703,0.07609988109393578,0.0766721044045677,83,54,274796.48384039744,38000.0,0.10833289105207784,0.10962501025683105,0.85164265129683,0.8530688622754491
381,0.0,37909.5,1816,117.70322036015057,117.86047073380459,92.05143520501959,92.17766113823676,0.15725037365402272,0.1262259332171709,1.2457849955719833,0.0014972392382049335,0.0011518926893357515,0.0013245659637703424,25.682809595567832,82,70,1063,753,11,12,288129.838225278,0.07714016933207903,0.09296148738379814,0.8658536585365854,0.8285714285714285,34782,26790,321372,244493,5159,3938,75186236.27471934,0.10822971509652365,0.10957368922627642,0.8516761543327008,0.8530048525569243,82,70,911,648,71,11,141,840,58,12,93,590,0.19943555973659455,0.20053120849933598,0.8658536585365854,0.8285714285714286,0.07793633369923161,0.08950617283950617,82,70,288129.838225278,38100.0,0.10822971509652365,0.10957368922627642,0.8516761543327008,0.8530048525569243
382,0.0,38009.0,1782,117.86198187752336,118.00798011496344,92.17960412311926,92.28871234293476,0.14599823744008233,0.10910821981549645,1.338104843860228,0.001497181265883948,0.0011517843630468622,0.0013244828144654051,25.719267772028687,90,65,1007,775,14,8,283057.6222725894,0.08937437934458789,0.08387096774193549,0.8444444444444444,0.8769230769230769,34872,26855,322379,245268,5173,3946,75469293.89699194,0.10817081757806805,0.10949247353914901,0.8516574902500573,0.8530627443679017,90,65,870,665,76,14,123,794,57,8,102,608,0.19761668321747766,0.20516129032258065,0.8444444444444444,0.8769230769230769,0.08735632183908046,0.08571428571428572,90,65,283057.6222725894,38200.0,0.10817081757806805,0.10949247353914901,0.8516574902500573,0.8530627443679017
383,0.0,38108.5,1823,118.00798011496344,118.17830046944239,92.28871234293476,92.41781802780677,0.170320354478946,0.129105684872016,1.319232027991537,0.0014977191830612472,0.0011521479987796907,0.001324933590920469,25.760482441635617,93,68,1020,803,12,14,289933.9022715518,0.09117647058823529,0.08468244084682441,0.8709677419354839,0.7941176470588236,34965,26923,323399,246071,5185,3960,75759227.79926349,0.10811721743109905,0.10941151131177587,0.8517088517088517,0.852913865468187,93,68,878,683,81,12,130,797,54,14,106,629,0.2068627450980392,0.199252801992528,0.8709677419354839,0.7941176470588235,0.09225512528473805,0.07906295754026355,93,68,289933.9022715518,38300.0,0.10811721743109905,0.10941151131177587,0.8517088517088517,0.852913865468187
384,0.0,38208.0,1738,118.17896713610905,118.32569570217578,92.41781802780677,92.56889262789336,0.14672856606672724,0.1510746000865879,0.9712325300390022,0.0014976572902077904,0.0011530818477434568,0.0013253695689756236,25.756803074282416,92,76,993,745,16,12,276929.34711863665,0.09264853977844914,0.10201342281879194,0.8260869565217391,0.8421052631578947,35057,26999,324392,246816,5201,3972,76036157.14638212,0.10806986608794299,0.10938918060417477,0.8516416122315087,0.8528834401274121,92,76,851,651,76,16,126,775,64,12,82,587,0.20342396777442096,0.1959731543624161,0.8260869565217391,0.8421052631578947,0.08930669800235018,0.09831029185867896,92,76,276929.34711863665,38400.0,0.10806986608794299,0.10938918060417477,0.8516416122315087,0.8528834401274121
385,0.0,38307.5,1822,118.32807216332645,118.48587426388417,92.56889262789336,92.691470553196,0.15780210055771704,0.122577925302636,1.287361489991898,0.0014979277533944816,0.001153270672172763,0.0013255992127836223,25.794403710688172,98,61,1068,754,17,11,290740.9377241899,0.09176029962546817,0.08090185676392574,0.826530612244898,0.819672131147541,35155,27060,325460,247570,5218,3983,76326898.08410631,0.10801634609475819,0.10930241951771216,0.8515716114350732,0.8528085735402808,98,61,927,644,81,17,124,846,50,11,99,594,0.19194756554307116,0.1976127320954907,0.826530612244898,0.819672131147541,0.08737864077669903,0.07763975155279502,98,61,290740.9377241899,38500.0,0.10801634609475819,0.10930241951771216,0.8515716114350732,0.8528085735402808
386,0.0,38407.0,1805,118.48874410957853,118.65059644042854,92.69265719993346,92.80791310838339,0.16185233085001016,0.1152559084499245,1.4042866264017215,0.0014983145254464226,0.0011532995708248386,0.0013258070481356305,25.842683332045155,107,79,1058,747,10,10,288436.1264541943,0.10113421550094517,0.10575635876840696,0.9065420560747663,0.8734177215189873,35262,27139,326518,248317,5228,3993,76615334.2105605,0.10799404627003718,0.10929175207496869,0.8517384152912484,0.8528685655329968,107,79,922,645,97,10,126,825,69,10,92,576,0.2107750472589792,0.21552878179384202,0.9065420560747663,0.8734177215189873,0.1052060737527115,0.10697674418604651,107,79,288436.1264541943,38600.0,0.10799404627003718,0.10929175207496869,0.8517384152912484,0.8528685655329968
387,0.0,38506.5,1748,118.65537448199413,118.83687399921713,92.80791310838339,92.90841551220902,0.18149951722300273,0.10050240382562947,1.8059221502592349,0.0014992562852976874,0.0011529164299138087,0.0013260863576057482,25.928458487008115,106,75,1002,746,19,14,279504.4683157102,0.10578842315369262,0.10053619302949061,0.8207547169811321,0.8133333333333334,35368,27214,327520,249063,5247,4007,76894838.6788762,0.10798729848558866,0.10926552719593034,0.8516455553042298,0.8527596090247667,106,75,876,632,87,19,107,789,61,14,100,571,0.1936127744510978,0.2158176943699732,0.8207547169811321,0.8133333333333334,0.09931506849315068,0.09651898734177215,106,75,279504.4683157102,38700.0,0.10798729848558866,0.10926552719593034,0.8516455553042298,0.8527596090247667
388,0.0,38606.0,1744,118.83687399921713,118.98606230498144,92.90841551220902,93.04008030392117,0.1491883057643122,0.13166479171215428,1.1330918753926853,0.0014992372821336292,0.0011533384182829008,0.0013262878502082651,25.945982001060273,96,66,1008,736,15,9,279210.54691680276,0.09523809523809523,0.08967391304347826,0.84375,0.8636363636363636,35464,27280,328528,249799,5262,4016,77174049.225793,0.10794818097696392,0.10920780307367123,0.8516241822693436,0.8527859237536657,96,66,871,629,81,15,122,790,57,9,98,572,0.2013888888888889,0.2105978260869565,0.84375,0.8636363636363636,0.09299655568312284,0.09062003179650238,96,66,279210.54691680276,38800.0,0.10794818097696392,0.10920780307367123,0.8516241822693436,0.8527859237536657
389,0.0,38705.5,1868,118.98694747347623,119.18953786444462,93.04141819888524,93.1830454100656,0.20259039096838194,0.1416272111803636,1.4304482117520563,0.0015006139358932646,0.0011540487335609507,0.0013273313347271077,26.006492454379014,90,75,1045,823,19,16,299471.41067534656,0.0861244019138756,0.0911300121506683,0.7888888888888889,0.7866666666666666,35554,27355,329573,250622,5281,4032,77473520.63646835,0.10787898280502348,0.10914843868455283,0.8514653766102267,0.8526046426613051,90,75,872,692,71,19,154,801,59,16,115,633,0.215311004784689,0.21142162818955043,0.7888888888888889,0.7866666666666666,0.08142201834862385,0.08526011560693642,90,75,299471.41067534656,38900.0,0.10787898280502348,0.10914843868455283,0.8514653766102267,0.8526046426613051
390,0.0,38805.0,1803,119.19020453111129,119.36460522128188,93.18413715767132,93.28092222609604,0.1744006901705859,0.09678506842472245,1.8019379746187953,0.0015012551144380833,0.001153599296193626,0.0013274272053158545,26.08368299518584,85,66,1072,731,15,11,289341.05983973364,0.07929104477611941,0.09028727770177838,0.8235294117647058,0.8333333333333334,35639,27421,330645,251353,5296,4043,77762861.69630809,0.10778629648112023,0.10909358551519178,0.8513987485619686,0.8525582582692097,85,66,915,632,70,15,142,845,55,11,88,577,0.19776119402985073,0.19562243502051985,0.8235294117647058,0.8333333333333334,0.07650273224043716,0.08702531645569621,85,66,289341.05983973364,39000.0,0.10778629648112023,0.10909358551519178,0.8513987485619686,0.8525582582692097
391,0.0,38904.5,1826,119.36883450553923,119.51190667957522,93.28092222609604,93.41623635159166,0.14307217403599282,0.1353141254956256,1.0573336191764993,0.0015011828880147978,0.0011541096336840676,0.0013276462608494328,26.095670327983555,100,72,1057,769,15,9,293422.57786853553,0.0946073793755913,0.09362808842652796,0.85,0.875,35739,27493,331702,252122,5311,4052,78056284.27417663,0.1077443006071715,0.10904641403764843,0.8513948347743362,0.8526170297894009,100,72,925,679,85,15,117,840,63,9,81,616,0.19110690633869443,0.18725617685305593,0.85,0.875,0.0918918918918919,0.09278350515463918,100,72,293422.57786853553,39100.0,0.1077443006071715,0.10904641403764843,0.8513948347743362,0.8526170297894009
392,0.0,39004.0,1803,119.51770561766567,119.68649147614796,93.41623635159166,93.50181804320978,0.16878585848229477,0.0855816916181169,1.9722192362760478,0.0015018070336212076,0.0011533486828741112,0.0013275778582476595,26.184673432938183,76,65,1057,746,11,12,290013.7743948524,0.07190160832544938,0.0871313672922252,0.8552631578947368,0.8153846153846154,35815,27558,332759,252868,5322,4064,78346298.04857148,0.10763044726063006,0.1089817612351108,0.8514030434175625,0.8525292111183685,76,65,916,640,65,11,130,851,53,12,94,587,0.18448438978240303,0.1970509383378016,0.8552631578947368,0.8153846153846154,0.07096069868995633,0.0828125,76,65,290013.7743948524,39200.0,0.10763044726063006,0.1089817612351108,0.8514030434175625,0.8525292111183685
393,0.0,39103.5,1810,119.68649147614796,119.84606263552024,93.50181804320978,93.61636847738966,0.15957115937227684,0.11455043417987554,1.3930209912753926,0.0015020459765222294,0.0011533287227187031,0.0013276873496204664,26.229694158130584,78,78,1027,783,14,10,291423.37620062585,0.0759493670886076,0.09961685823754789,0.8205128205128205,0.8717948717948718,35893,27636,333786,253651,5336,4074,78637721.42477211,0.1075329702264325,0.10895285254148417,0.851335915080935,0.8525835866261398,78,78,881,653,64,14,132,817,68,10,120,585,0.19084712755598832,0.24010217113665389,0.8205128205128205,0.8717948717948718,0.07264472190692395,0.10413476263399694,78,78,291423.37620062585,39300.0,0.1075329702264325,0.10895285254148417,0.851335915080935,0.8525835866261398
394,0.0,39203.0,1787,119.84606263552024,120.00186945898757,93.61636847738966,93.72680454683835,0.15580682346733,0.11043606944869566,1.410832749165451,0.001502188164994694,0.0011532044383830895,0.0013276963016888917,26.27506491214922,94,68,996,791,13,8,288051.45005827944,0.09437751004016064,0.08596713021491782,0.8617021276595744,0.8823529411764706,35987,27704,334782,254442,5349,4082,78925772.8748304,0.10749383180696692,0.10888139536711706,0.8513629921916248,0.8526566560785447,94,68,859,684,81,13,124,778,60,8,99,624,0.20582329317269077,0.20101137800252844,0.8617021276595744,0.8823529411764706,0.09429569266589057,0.08771929824561403,94,68,288051.45005827944,39400.0,0.10749383180696692,0.10888139536711706,0.8513629921916248,0.8526566560785447
395,0.0,39302.5,1833,120.00186945898757,120.15612971279843,93.72680454683835,93.84091598789169,0.15426025381086106,0.11411144105333904,1.3518386271079978,0.0015022904798633369,0.0011531738307176474,0.0013277321552904921,26.31521372490674,84,75,1053,780,7,8,295793.4414429519,0.07977207977207977,0.09615384615384616,0.9166666666666666,0.8933333333333333,36071,27779,335835,255222,5356,4090,79221566.31627335,0.10740691113195468,0.10884249790378572,0.8515150675057526,0.8527664782749559,84,75,917,677,77,7,129,840,67,8,95,610,0.1956315289648623,0.2076923076923077,0.9166666666666666,0.8933333333333333,0.08396946564885496,0.09896602658788774,84,75,295793.4414429519,39500.0,0.10740691113195468,0.10884249790378572,0.8515150675057526,0.8527664782749559
396,0.0,39402.0,1814,120.15612971279843,120.31509678824044,93.84091598789169,93.93922264688685,0.15896707544200694,0.09830665899515623,1.6170529755246752,0.0015025111371223185,0.001152744266978339,0.0013276277020503287,26.37587414135359,108,87,1058,756,16,17,292992.52746658504,0.10207939508506617,0.11507936507936507,0.8518518518518519,0.8045977011494253,36179,27866,336893,255978,5372,4107,79514558.84373993,0.10739018026495059,0.10886091773511786,0.8515160728599463,0.8526160912940501,108,87,923,652,92,16,119,831,70,17,87,582,0.1994328922495274,0.20767195767195767,0.8518518518518519,0.8045977011494253,0.09967497291440953,0.10736196319018405,108,87,292992.52746658504,39600.0,0.10739018026495059,0.10886091773511786,0.8515160728599463,0.8526160912940501
397,0.0,39501.5,1761,120.31509678824044,120.44287631892425,93.94071449739288,94.04589486892006,0.1277795306838101,0.10518037152718307,1.2148609938194261,0.0015019451022853306,0.0011525275867600867,0.0013272363445227086,26.39698145000419,80,64,1002,759,9,9,284716.49561509956,0.07984031936127745,0.08432147562582346,0.8875,0.859375,36259,27930,337895,256737,5381,4116,79799275.33935502,0.10730848340460794,0.10878837097886164,0.8515954659532805,0.8526315789473684,80,64,864,668,71,9,129,793,55,9,82,613,0.1996007984031936,0.18050065876152832,0.8875,0.859375,0.08217592592592593,0.08233532934131736,80,64,284716.49561509956,39700.0,0.10730848340460794,0.10878837097886164,0.8515954659532805,0.8526315789473684
398,0.0,39601.0,1821,120.44287631892425,120.585068369183,94.04589486892006,94.16029594115273,0.1421920502587568,0.11440107223266693,1.2429258527364941,0.0015017440354519191,0.0011525061876032187,0.001327125111527569,26.42477242803028,66,72,1006,815,6,13,294776.8217946061,0.06560636182902585,0.08834355828220859,0.9090909090909091,0.8194444444444444,36325,28002,338901,257552,5387,4129,80094052.16114962,0.10718469405519607,0.1087236752189849,0.8516999311768754,0.8525462466966645,66,72,863,698,60,6,137,803,59,13,104,639,0.19582504970178927,0.2,0.9090909090909091,0.8194444444444444,0.06952491309385864,0.08452722063037249,66,72,294776.8217946061,39800.0,0.10718469405519607,0.1087236752189849,0.8516999311768754,0.8525462466966645
399,0.0,39700.5,1747,120.585068369183,120.73765696546789,94.16029594115273,94.26461057006142,0.15258859628488608,0.10431462890869625,1.4627727470366856,0.0015018045415356206,0.0011522321026445313,0.001327018322090076,26.47304639540647,98,60,1022,725,8,7,283267.0962220018,0.0958904109589041,0.08275862068965517,0.9183673469387755,0.8833333333333333,36423,28062,339923,258277,5395,4136,80377319.25737162,0.10715073707869135,0.10865078965606693,0.8518793070312715,0.8526120732663388,98,60,869,629,90,8,145,779,53,7,89,576,0.2299412915851272,0.19586206896551725,0.9183673469387755,0.8833333333333333,0.10356731875719218,0.08426073131955485,98,60,283267.0962220018,39900.0,0.10715073707869135,0.10865078965606693,0.8518793070312715,0.8526120732663388
400,0.0,39800.0,1846,120.73765696546789,120.9100975418053,94.26709513566037,94.35506168220898,0.17244057633740795,0.08796654654861413,1.9602972164209016,0.0015023610445902167,0.0011516128001916091,0.0013269869223909128,26.555035859596316,95,53,1071,775,5,6,299416.58812623884,0.08870214752567694,0.06838709677419355,0.9473684210526316,0.8867924528301887,36518,28115,340994,259052,5400,4142,80676735.84549786,0.10709279342158513,0.10853033367818045,0.8521277178377786,0.8526765072025609,95,53,941,663,90,5,125,851,47,6,106,616,0.20074696545284781,0.19741935483870968,0.9473684210526315,0.8867924528301887,0.09564293304994687,0.07088989441930618,95,53,299416.58812623884,40000.0,0.10709279342158513,0.10853033367818045,0.8521277178377786,0.8526765072025609
401,0.0,39899.5,1818,120.9100975418053,121.056212387818,94.3572232385858,94.45663665704087,0.14611484601269353,0.09941341845507168,1.4697698588719974,0.0015022582700653707,0.0011512739895884353,0.001326766129826903,26.59957573077712,89,73,1077,741,14,5,295082.6944397151,0.08263695450324977,0.09851551956815115,0.8426966292134832,0.9315068493150684,36607,28188,342071,259793,5414,4147,80971818.53993757,0.10701579496654204,0.10850176871586224,0.8521047887016144,0.852880658436214,89,73,922,636,75,14,141,847,68,5,100,568,0.20055710306406685,0.22672064777327935,0.8426966292134831,0.9315068493150684,0.08134490238611713,0.1069182389937107,89,73,295082.6944397151,40100.0,0.10701579496654204,0.10850176871586224,0.8521047887016144,0.852880658436214
402,0.0,39999.0,1841,121.056212387818,121.20931808148515,94.45982483785464,94.58834807163714,0.15310569366715754,0.1285232337825022,1.191268606937294,0.0015023299085395155,0.0011516865272908588,0.0013270082179151872,26.62097000984801,100,68,1055,786,12,9,299229.69068596076,0.0947867298578199,0.08651399491094147,0.88,0.8676470588235294,36707,28256,343126,260579,5426,4156,81271048.23062353,0.10697819459906856,0.10843544568058056,0.8521807829569292,0.852916194790487,100,68,904,673,88,12,139,816,59,9,104,614,0.21516587677725119,0.20737913486005088,0.88,0.8676470588235294,0.09734513274336283,0.08766716196136701,100,68,299229.69068596076,40200.0,0.10697819459906856,0.10843544568058056,0.8521807829569292,0.852916194790487
403,0.0,40098.5,1802,121.20931808148515,121.35650930926172,94.58834807163714,94.71009119329167,0.1471912277765739,0.12174312165453216,1.2090311614832359,0.001502254430547521,0.0011518496654775944,0.0013270520480125577,26.64641811597005,107,78,1030,772,19,11,293310.57207283186,0.10388349514563107,0.10103626943005181,0.822429906542056,0.858974358974359,36814,28334,344156,261351,5445,4167,81564358.80269636,0.10696893269331349,0.10841358938745213,0.8520943119465421,0.8529328721677137,107,78,879,652,88,19,132,791,67,11,109,585,0.21359223300970873,0.22797927461139897,0.822429906542056,0.8589743589743589,0.10011376564277588,0.10276073619631902,107,78,293310.57207283186,40300.0,0.10696893269331349,0.10841358938745213,0.8520943119465421,0.8529328721677137
404,0.0,40198.0,1779,121.35650930926172,121.50814597166071,94.71009119329167,94.84353249665392,0.15163666239898532,0.1334413033622468,1.1363547760571886,0.001502289361719408,0.0011523015550027054,0.0013272954583610566,26.66461347500679,97,55,1060,719,13,6,289967.12316582917,0.09150943396226414,0.07649513212795549,0.865979381443299,0.8909090909090909,36911,28389,345216,262070,5458,4173,81854325.9258622,0.10692146366332962,0.10832601976571145,0.8521308011161984,0.8530064461587235,97,55,934,624,84,13,113,850,49,6,89,575,0.18584905660377357,0.19193324061196107,0.865979381443299,0.8909090909090909,0.08993576017130621,0.07852564102564102,97,55,289967.12316582917,40400.0,0.10692146366332962,0.10832601976571145,0.8521308011161984,0.8530064461587235
405,0.0,40297.5,1854,121.50814597166071,121.65596912042369,94.8445648805716,94.96186923048738,0.1478231487629813,0.1173043499157842,1.2601676653006246,0.0015022299595611622,0.001152378260640562,0.001327304110100862,26.69409988993631,104,95,1056,798,16,12,302621.7794172169,0.09848484848484848,0.11904761904761904,0.8461538461538461,0.8736842105263158,37015,28484,346272,262868,5474,4185,82156947.70527941,0.10689573514462619,0.10835856779828659,0.8521140078346616,0.8530754107569162,104,95,896,677,88,16,144,808,83,12,109,594,0.2196969696969697,0.24060150375939848,0.8461538461538461,0.8736842105263158,0.09821428571428571,0.12259970457902511,104,95,302621.7794172169,40500.0,0.10689573514462619,0.10835856779828659,0.8521140078346616,0.8530754107569162
406,0.0,40397.0,1852,121.65596912042369,121.81889817347768,94.96186923048738,95.05691702267913,0.1629290530539862,0.09504779219174964,1.71418030126668,0.0015025429166325383,0.0011518809691658746,0.0013272119428992064,26.761981150798547,107,83,1071,781,21,8,302578.1641502768,0.09990662931839403,0.10627400768245839,0.8037383177570093,0.9036144578313253,37122,28567,347343,263649,5495,4193,82459525.8694297,0.10687418488353011,0.10835239276462266,0.85197457033565,0.8532222494486645,107,83,912,668,86,21,138,826,75,8,105,593,0.20915032679738563,0.23047375160051217,0.8037383177570093,0.9036144578313253,0.09429824561403509,0.1122754491017964,107,83,302578.1641502768,40600.0,0.10687418488353011,0.10835239276462266,0.85197457033565,0.8532222494486645
407,0.0,40496.5,1821,121.81889817347768,121.98747537935878,95.05947851922875,95.18102776472476,0.1685772058811068,0.12154924549601276,1.3869045849950317,0.0015029931110850652,0.0011521001987759248,0.001327546654930495,26.806447614634024,88,66,1030,791,15,8,297825.89753675705,0.0854368932038835,0.08343868520859671,0.8295454545454546,0.8787878787878788,37210,28633,348373,264440,5510,4201,82757351.76696645,0.106810803363062,0.10827787021630615,0.8519215264713786,0.8532811790591276,88,66,889,671,73,15,126,816,58,8,112,613,0.19320388349514564,0.21491782553729458,0.8295454545454546,0.8787878787878788,0.08211473565804274,0.08643815201192251,88,66,297825.89753675705,40700.0,0.106810803363062,0.10827787021630615,0.8519215264713786,0.8532811790591276
408,0.0,40596.0,1834,121.98747537935878,122.16155426985377,95.18102776472476,95.32094322631029,0.17407889049498237,0.13991546158553092,1.2441719344117461,0.0015035759439131651,0.001152705724307982,0.0013281408341105736,26.840611043543475,85,79,1017,817,12,11,300553.03596679855,0.08357915437561456,0.0966952264381885,0.8588235294117648,0.8607594936708861,37295,28712,349390,265257,5522,4212,83057904.80293325,0.10674318097255216,0.10824219530493069,0.8519372570049605,0.8533017553636111,85,79,890,703,73,12,115,817,68,11,103,635,0.1848574237954769,0.20930232558139536,0.8588235294117647,0.8607594936708861,0.08202247191011236,0.09672830725462304,85,79,300553.03596679855,40800.0,0.10674318097255216,0.10824219530493069,0.8519372570049605,0.8533017553636111
409,0.0,40695.5,1884,122.16155426985377,122.33169139327369,95.32431452857098,95.4516172621326,0.17013712341992004,0.12730273356162058,1.3364765913495924,0.0015040595509798792,0.0011530823371048405,0.0013285709440423597,26.880074131141086,100,64,1112,772,10,17,308996.17290397687,0.08992805755395683,0.08290155440414508,0.9,0.734375,37395,28776,350502,266029,5532,4229,83366900.97583722,0.10668983343889621,0.10816865830416984,0.8520657841957481,0.8530372532666111,100,64,968,649,90,10,134,878,47,17,106,602,0.2014388489208633,0.19818652849740934,0.9,0.734375,0.09297520661157024,0.0724191063174114,100,64,308996.17290397687,40900.0,0.10668983343889621,0.10816865830416984,0.8520657841957481,0.8530372532666111
410,0.0,40795.0,1905,122.33169139327369,122.46528796508909,95.4516172621326,95.55644220290942,0.13359657181540285,0.10482494077682247,1.2744731437515107,0.0015036495660217673,0.0011528266470332879,0.0013282381065275275,26.908845762179666,102,75,1108,797,13,12,312847.36493663315,0.09205776173285199,0.09410288582183186,0.8725490196078431,0.84,37497,28851,351610,266826,5545,4241,83679748.34077385,0.10664372458121214,0.10812664433001282,0.8521215030535776,0.8530033621018336,102,75,952,669,89,13,143,863,63,12,116,606,0.20938628158844766,0.2245922208281054,0.8725490196078431,0.84,0.0934873949579832,0.09417040358744394,102,75,312847.36493663315,41000.0,0.10664372458121214,0.10812664433001282,0.8521215030535776,0.8530033621018336
411,0.0,40894.5,1948,122.46528796508909,122.6663296604339,95.55644220290942,95.70678686375257,0.20104169534481287,0.15034466084314602,1.3372054199820163,0.0015048825766967708,0.001153679736963697,0.001329281156830234,26.959542796681333,109,80,1103,845,12,8,320330.14741685323,0.09882139619220308,0.09467455621301775,0.8899082568807339,0.9,37606,28931,352713,267671,5557,4249,84000078.48819071,0.10661926268666026,0.10808417796474029,0.8522310269637824,0.8531333172030002,109,80,947,736,97,12,144,850,72,8,101,664,0.2184950135992747,0.20473372781065088,0.8899082568807339,0.9,0.10242872228088701,0.09782608695652174,109,80,320330.14741685323,41100.0,0.10661926268666026,0.10808417796474029,0.8522310269637824,0.8531333172030002
412,0.0,40994.0,1914,122.6663296604339,122.84252324079971,95.70837083487854,95.81864482475721,0.1761935803658048,0.11027398987867798,1.597780043686192,0.0015055064922961912,0.001153594542480888,0.0013295505173885397,27.023878416042493,118,69,1135,779,21,11,315093.5989048309,0.10396475770925111,0.08857509627727857,0.8220338983050848,0.8405797101449275,37724,29000,353848,268450,5578,4260,84315172.08709554,0.10661074811783591,0.1080275656546843,0.8521365708832573,0.853103448275862,118,69,965,675,97,21,149,868,58,11,93,617,0.21674008810572687,0.19383825417201542,0.8220338983050848,0.8405797101449275,0.10051813471502591,0.08592592592592592,118,69,315093.5989048309,41200.0,0.10661074811783591,0.1080275656546843,0.8521365708832573,0.853103448275862
413,0.0,41093.5,1805,122.84494668571904,122.97510517655596,95.81864482475721,95.94314750642597,0.13015849083691933,0.12450268166875844,1.0454272076099393,0.0015050714144881194,0.0011538159281327203,0.0013294436713104198,27.031957670129984,83,61,991,814,10,8,297494.73476801603,0.08375378405650857,0.07493857493857493,0.8795180722891567,0.8688524590163934,37807,29061,354839,269264,5588,4268,84612666.82186356,0.10654691282525314,0.10792753580129538,0.8521966831539133,0.8531365059702006,83,61,869,705,73,10,112,796,53,8,101,652,0.18668012108980828,0.1891891891891892,0.8795180722891566,0.8688524590163934,0.08400460299194476,0.075177304964539,83,61,297494.73476801603,41300.0,0.10654691282525314,0.10792753580129538,0.8521966831539133,0.8531365059702006
414,0.0,41193.0,1888,122.97510517655596,123.1442762781272,95.94536305236518,96.05691811925259,0.16917110157123716,0.11155506688740502,1.5164806609993364,0.0015055222347809315,0.0011537770155726562,0.0013296496251767938,27.087358158874608,96,82,1056,832,12,12,311548.04953581863,0.09090909090909091,0.0985576923076923,0.875,0.8536585365853658,37903,29143,355895,270096,5600,4280,84924214.87139939,0.10650051279169417,0.10789867306439192,0.8522544389626151,0.853137974813849,96,82,909,695,84,12,135,825,70,12,125,625,0.20738636363636365,0.234375,0.875,0.8536585365853658,0.0924092409240924,0.10071942446043165,96,82,311548.04953581863,41400.0,0.10650051279169417,0.10789867306439192,0.8522544389626151,0.853137974813849
415,0.0,41292.5,1895,123.14804947034997,123.32397622214813,96.05691811925259,96.18966615394872,0.17592675179815842,0.13274803469613516,1.3252682211142397,0.0015062245894928075,0.0011541955778169662,0.001330210083654887,27.13431006819941,107,85,1081,814,10,10,313120.42273785814,0.09898242368177614,0.10442260442260443,0.9065420560747663,0.8823529411764706,38010,29228,356976,270910,5610,4290,85237335.29413724,0.10647774640311954,0.1078882285629914,0.8524072612470402,0.8532229369098125,107,85,927,709,97,10,144,830,75,10,95,634,0.22294172062904719,0.20884520884520885,0.9065420560747663,0.8823529411764706,0.104638619201726,0.10578279266572638,107,85,313120.42273785814,41500.0,0.10647774640311954,0.1078882285629914,0.8524072612470402,0.8532229369098125
416,0.0,41392.0,1911,123.32397622214813,123.4931016726261,96.18966615394872,96.29855174226799,0.16912545047796357,0.10888558831926787,1.553239993359488,0.001506669372943016,0.0011540385112433502,0.0013303539420931832,27.194549930358107,72,55,1087,824,7,10,316091.1362827384,0.06623735050597976,0.06674757281553398,0.9027777777777778,0.8181818181818181,38082,29283,358063,271734,5617,4300,85553426.43041998,0.10635558546959613,0.10776347457439997,0.8525024946168793,0.8531571218795888,72,55,951,714,65,7,129,886,45,10,100,669,0.17847286108555657,0.17597087378640777,0.9027777777777778,0.8181818181818182,0.0683491062039958,0.06302521008403361,72,55,316091.1362827384,41600.0,0.10635558546959613,0.10776347457439997,0.8525024946168793,0.8531571218795888
417,0.0,41491.5,1881,123.49400109421202,123.61860166666234,96.29855174226799,96.39507472420233,0.12460057245031919,0.09652298193434206,1.2908902103239661,0.001506065849123878,0.0011535857326057004,0.0013298257908647892,27.223526942460012,112,69,1069,812,19,14,311443.91066390305,0.10477081384471469,0.08497536945812807,0.8303571428571428,0.7971014492753623,38194,29352,359132,272546,5636,4314,85864870.34108388,0.1063508682044485,0.10769558166327886,0.8524375556370111,0.8530253475061325,112,69,902,690,93,19,148,809,55,14,108,635,0.225444340505145,0.20073891625615764,0.8303571428571429,0.7971014492753623,0.10310421286031042,0.07971014492753623,112,69,311443.91066390305,41700.0,0.1063508682044485,0.10769558166327886,0.8524375556370111,0.8530253475061325
418,0.0,41591.0,1839,123.61860166666234,123.74238514339562,96.39507472420233,96.5056161203006,0.12378347673327994,0.11054139609827018,1.1197929563259512,0.0015054241479712678,0.0011534704891329182,0.001329447318552093,27.23676902309502,71,59,1035,804,6,9,304814.5869599167,0.06859903381642513,0.07338308457711443,0.9154929577464789,0.847457627118644,38265,29411,360167,273350,5642,4323,86169684.9280438,0.10624238200612493,0.10759465886226449,0.8525545537697635,0.8530141783686376,71,59,885,692,65,6,144,820,50,9,103,642,0.20193236714975846,0.19029850746268656,0.9154929577464789,0.847457627118644,0.07344632768361582,0.07225433526011561,71,59,304814.5869599167,41800.0,0.10624238200612493,0.10759465886226449,0.8525545537697635,0.8530141783686376
419,0.0,41690.5,1906,123.74238514339562,123.85304725204502,96.50720540874863,96.5901119577653,0.11066210864939308,0.08290654901666983,1.334781268330714,0.0015044723506885058,0.001152734183370422,0.001328603267029464,27.262935294279714,89,52,1124,782,17,8,316273.50501733087,0.0791814946619217,0.06649616368286446,0.8089887640449438,0.8461538461538461,38354,29463,361291,274132,5659,4331,86485958.43306112,0.10615819381052946,0.10747741963725504,0.8524534598738072,0.8530020703933747,89,52,961,667,72,17,146,889,44,8,107,623,0.19395017793594305,0.19309462915601022,0.8089887640449438,0.8461538461538461,0.07492195629552549,0.06596701649175413,89,52,316273.50501733087,41900.0,0.10615819381052946,0.10747741963725504,0.8524534598738072,0.8530020703933747
420,0.0,41790.0,1841,123.85304725204502,123.97072375770871,96.59309791406787,96.66997886895614,0.11767650566369525,0.07688095488826718,1.5306327273733418,0.0015036920952264782,0.0011518911712955122,0.0013277916332609953,27.300744888752575,79,52,1050,791,12,8,305752.1199441747,0.07523809523809524,0.06573957016434892,0.8481012658227848,0.8461538461538461,38433,29515,362341,274923,5671,4339,86791710.5530053,0.10606859284486161,0.10735733278045126,0.8524445138292613,0.8529900050821616,79,52,893,678,67,12,145,826,44,8,105,634,0.2019047619047619,0.18836915297092288,0.8481012658227848,0.8461538461538461,0.07502799552071669,0.06489675516224189,79,52,305752.1199441747,42000.0,0.10606859284486161,0.10735733278045126,0.8524445138292613,0.8529900050821616
421,0.0,41889.5,1921,123.97405303517547,124.0831899627205,96.66997886895614,96.76877449129985,0.10913692754502335,0.0987956223437152,1.104673718895461,0.0015027917863307332,0.0011515017771200767,0.0013271467817254049,27.314415471420645,64,41,1092,829,12,5,319295.58437271224,0.05860805860805861,0.04945717732207479,0.8125,0.8780487804878049,38497,29556,363433,275752,5683,4344,87111006.137378,0.10592598910940944,0.10718326612318314,0.852378107384991,0.853024766544864,64,41,938,724,52,12,142,886,36,5,100,688,0.17765567765567766,0.1640530759951749,0.8125,0.8780487804878049,0.05543710021321962,0.049723756906077346,64,41,319295.58437271224,42100.0,0.10592598910940944,0.10718326612318314,0.852378107384991,0.853024766544864
422,0.0,41989.0,1850,124.0831899627205,124.16624673372026,96.76877449129985,96.85596056410056,0.08305677099976094,0.087186072800705,0.9526380571082372,0.0015011988382825504,0.001150839120605591,0.0013260189794440705,27.3102861696197,55,42,1052,798,8,2,307828.79292132024,0.05228136882129278,0.05263157894736842,0.8545454545454545,0.9523809523809523,38552,29598,364485,276550,5691,4346,87418834.93029933,0.10577115656337023,0.10702585427589947,0.8523811994189666,0.8531657544428678,55,42,895,686,47,8,149,848,40,2,110,646,0.18631178707224336,0.18796992481203006,0.8545454545454545,0.9523809523809523,0.05251396648044693,0.05830903790087463,55,42,307828.79292132024,42200.0,0.10577115656337023,0.10702585427589947,0.8523811994189666,0.8531657544428678
423,0.0,42088.5,1903,124.16624673372026,124.26277494767619,96.85917008385117,96.9420942378186,0.09652821395593492,0.0829241539674257,1.1640542512360532,0.0014999318957323775,0.0011501547178078954,0.0013250433067701363,27.320680709857598,51,51,1040,863,14,6,317001.4179095662,0.04903846153846154,0.05909617612977984,0.7254901960784313,0.8823529411764706,38603,29649,365525,277413,5705,4352,87735836.34820889,0.10560973941590862,0.10687675054882072,0.8522135585317203,0.8532159600661068,51,51,904,752,37,14,122,867,45,6,105,707,0.1528846153846154,0.17381228273464658,0.7254901960784313,0.8823529411764706,0.04092920353982301,0.0598404255319149,51,51,317001.4179095662,42300.0,0.10560973941590862,0.10687675054882072,0.8522135585317203,0.8532159600661068
424,0.0,42188.0,1810,124.26345662492993,124.34475647612835,96.9420942378186,97.02186224088302,0.08129985119842331,0.0797680030644301,1.0192037919359207,0.0014983278471210313,0.001149323409583453,0.001323825628352242,27.32289423524533,52,53,1078,732,2,9,301786.94341201446,0.04823747680890538,0.07240437158469945,0.9615384615384616,0.8301886792452831,38655,29702,366603,278145,5707,4361,88037623.29162091,0.10544103567073919,0.10678602886983408,0.8523606260509636,0.8531748703790991,52,53,937,637,50,2,139,887,44,9,86,593,0.17532467532467533,0.17759562841530055,0.9615384615384616,0.8301886792452831,0.05336179295624333,0.06907378335949764,52,53,301786.94341201446,42400.0,0.10544103567073919,0.10678602886983408,0.8523606260509636,0.8531748703790991
425,0.0,42287.5,1906,124.34475647612835,124.43833154973109,97.02186224088302,97.06807605406178,0.09357507360273587,0.046213813178752616,2.0248290968934413,0.001497004136271399,0.0011477065030474625,0.0013223553196594308,27.370255495669312,66,40,1091,815,8,9,317967.4294679309,0.06049495875343722,0.049079754601226995,0.8787878787878788,0.775,38721,29742,367694,278960,5715,4370,88355590.72108884,0.10530767431614331,0.10661743619156869,0.8524056713411328,0.8530697330374555,66,40,921,696,58,8,162,863,31,9,110,665,0.2016498625114574,0.17300613496932515,0.8787878787878788,0.775,0.06297502714440825,0.04454022988505747,66,40,317967.4294679309,42500.0,0.10530767431614331,0.10661743619156869,0.8524056713411328,0.8530697330374555
426,0.0,42387.0,1860,124.43833154973109,124.50041138337143,97.06807605406178,97.12446544234986,0.06207983364033964,0.05638938828808193,1.1009134080899474,0.0014949473151449485,0.0011463360508874468,0.0013206416830161976,27.37594594102157,53,47,1064,796,9,7,310442.30802971177,0.04981203007518797,0.059045226130653265,0.8301886792452831,0.851063829787234,38774,29789,368758,279756,5724,4377,88666033.02911855,0.10514754934130242,0.10648207723873661,0.8523753030381183,0.8530665681963141,53,47,912,680,44,9,143,868,40,7,109,640,0.17575187969924813,0.1871859296482412,0.8301886792452831,0.851063829787234,0.04824561403508772,0.058823529411764705,53,47,310442.30802971177,42600.0,0.10514754934130242,0.10648207723873661,0.8523753030381183,0.8530665681963141
427,0.0,42486.5,1851,124.50041138337143,124.57913894657474,97.12446544234986,97.1696121372928,0.07872756320331575,0.0451466949429431,1.7438167578559745,0.0014932900044116655,0.0011447087227809878,0.0013189993635963266,27.409526809281942,46,44,1060,791,6,5,309095.04007616255,0.04339622641509434,0.05562579013906448,0.8695652173913043,0.8863636363636364,38820,29833,369818,280547,5730,4382,88975128.06919472,0.10497055308286779,0.10633868834811992,0.8523956723338485,0.8531156772701372,46,44,918,663,40,6,136,878,39,5,123,624,0.1660377358490566,0.20480404551201012,0.8695652173913043,0.8863636363636364,0.04357298474945534,0.058823529411764705,46,44,309095.04007616255,42700.0,0.10497055308286779,0.10633868834811992,0.8523956723338485,0.8531156772701372
428,0.0,42586.0,1916,124.57913894657474,124.64708762413915,97.1696121372928,97.21924510491814,0.06794867756440226,0.04963296762534242,1.3690230670331287,0.001491388594998657,0.001143193818466671,0.001317291206732664,27.427842519221002,51,25,1095,821,8,2,320082.3889040382,0.04657534246575343,0.030450669914738125,0.8431372549019608,0.92,38871,29858,370913,281368,5738,4384,89295210.45809875,0.10479816021546831,0.10611725569361122,0.8523835249929254,0.8531716792819345,51,25,948,688,43,8,139,905,23,2,131,665,0.16621004566210046,0.18757612667478685,0.8431372549019608,0.92,0.04535864978902954,0.03343023255813953,51,25,320082.3889040382,42800.0,0.10479816021546831,0.10611725569361122,0.8523835249929254,0.8531716792819345
429,0.0,42685.5,1898,124.64708762413915,124.69925683046543,97.21924510491814,97.26828117401276,0.0521692063262833,0.04903606909461189,1.0638945431295936,0.001489128230122816,0.001141672062924665,0.0013154001465237406,27.430975656452674,35,39,1012,886,5,5,317419.5950876898,0.03458498023715415,0.04401805869074492,0.8571428571428572,0.8717948717948718,38906,29897,371925,282254,5743,4389,89612630.05318645,0.10460711164885393,0.10592232528148406,0.8523878065079936,0.8531959728400843,35,39,869,763,30,5,138,839,34,5,118,729,0.16600790513833993,0.17155756207674944,0.8571428571428571,0.8717948717948718,0.03452243958573072,0.04456094364351245,35,39,317419.5950876898,42900.0,0.10460711164885393,0.10592232528148406,0.8523878065079936,0.8531959728400843
430,0.0,42785.0,1833,124.69925683046543,124.74607167895196,97.26828117401276,97.31342651067362,0.04681484848653383,0.045145336660866064,1.0369808256876945,0.0014867538586222171,0.0011400669031657908,0.001313410380894004,27.43264516827834,37,24,1052,781,7,5,306577.80457497,0.03517110266159696,0.030729833546734954,0.8108108108108107,0.7916666666666666,38943,29921,372977,283035,5750,4394,89919207.85776141,0.10441126396533834,0.10571484092073419,0.8523483039313868,0.8531466194311688,37,24,920,686,30,7,125,890,19,5,90,667,0.1473384030418251,0.13956466069142126,0.8108108108108109,0.7916666666666666,0.03260869565217391,0.027696793002915453,37,24,306577.80457497,43000.0,0.10441126396533834,0.10571484092073419,0.8523483039313868,0.8531466194311688
431,0.0,42884.5,1879,124.74607167895196,124.81263431759345,97.31342651067362,97.3483233884427,0.0665626386414857,0.034896877769071466,1.9074095706200709,0.001484848690473244,0.0011382314086751293,0.0013115400495741867,27.464310929150756,41,27,1108,771,10,2,314378.0755726774,0.03700361010830325,0.03501945525291829,0.7560975609756098,0.9259259259259259,38984,29948,374085,283806,5760,4396,90233585.9333341,0.10421160966090594,0.10552278669231799,0.8522470757233737,0.8532122345398692,41,27,966,656,31,10,132,935,25,2,113,631,0.14711191335740073,0.17898832684824903,0.7560975609756098,0.9259259259259259,0.032091097308488616,0.038109756097560975,41,27,314378.0755726774,43100.0,0.10421160966090594,0.10552278669231799,0.8522470757233737,0.8532122345398692
432,0.0,42984.0,1863,124.81263431759345,124.87510747487416,97.3483233884427,97.39349700868623,0.06247315728070646,0.04517362024353133,1.382956622557882,0.0014828576786267947,0.001136642299401426,0.0013097499890141104,27.48161046618793,43,28,1071,792,7,2,311800.8738225591,0.040149393090569564,0.03535353535353535,0.8372093023255813,0.9285714285714286,39027,29976,375156,284598,5767,4398,90545386.80715665,0.10402872405079487,0.1053275145995404,0.8522305070848387,0.8532826261008807,43,28,921,676,36,7,143,885,26,2,114,650,0.16713352007469653,0.17676767676767677,0.8372093023255814,0.9285714285714286,0.03908794788273615,0.038461538461538464,43,28,311800.8738225591,43200.0,0.10402872405079487,0.1053275145995404,0.8522305070848387,0.8532826261008807
433,0.0,43083.5,1867,124.87510747487416,124.92540438265021,97.39515838190655,97.46012869134998,0.05029690777605822,0.06497030944342441,0.7741521967023466,0.0014805946564538934,0.001135556097385805,0.0013080753769198492,27.465275691300235,32,33,1060,807,4,6,312666.25365545775,0.03018867924528302,0.040892193308550186,0.875,0.8181818181818181,39059,30009,376216,285405,5771,4404,90858053.06081212,0.10382067748314798,0.1051453198086929,0.8522491615248726,0.8532440267919624,32,33,940,683,28,4,116,912,27,6,118,656,0.13584905660377358,0.17967781908302355,0.875,0.8181818181818182,0.029787234042553193,0.03953147877013177,32,33,312666.25365545775,43300.0,0.10382067748314798,0.1051453198086929,0.8522491615248726,0.8532440267919624
434,0.0,43183.0,1866,124.92540438265021,124.95902892030863,97.46012869134998,97.49728236179766,0.03362453765841167,0.03715367044767959,0.9050125398986434,0.001477957906961106,0.0011337956840380885,0.0013058767954995973,27.461746558510967,34,24,1067,799,4,2,312697.5993149309,0.031865042174320526,0.030037546933667083,0.8823529411764706,0.9166666666666666,39093,30033,377283,286204,5775,4406,91170750.66012704,0.10361717861658225,0.10493564031250437,0.852275343411864,0.8532947091532648,34,24,947,681,30,4,116,917,22,2,116,659,0.13683223992502344,0.17271589486858574,0.8823529411764706,0.9166666666666666,0.03167898627243928,0.032305433186490456,34,24,312697.5993149309,43400.0,0.10361717861658225,0.10493564031250437,0.852275343411864,0.8532947091532648
435,0.0,43282.5,1920,124.95902892030863,125.00479098466832,97.49728236179766,97.53685680855835,0.045762064359692545,0.03957444676069599,1.1563538622892864,0.0014756123040568206,0.0011320990145750284,0.0013038556593159244,27.467934176109964,33,21,1141,779,7,1,321927.3928819034,0.028921998247151623,0.026957637997432605,0.7878787878787878,0.9523809523809523,39126,30054,378424,286983,5782,4407,91492678.05300894,0.1033919624548126,0.10472397319701864,0.8522210294944538,0.8533639448991814,33,21,977,669,26,7,157,951,20,1,109,649,0.16038562664329536,0.16559691912708602,0.7878787878787878,0.9523809523809523,0.02661207778915046,0.029895366218236172,33,21,321927.3928819034,43500.0,0.1033919624548126,0.10472397319701864,0.8522210294944538,0.8533639448991814
436,0.0,43382.0,1894,125.00745897213629,125.0606326572492,97.53807452558796,97.57610479092259,0.05317368511290965,0.03803026533462628,1.3981939028044434,0.0014735086444736829,0.0011304026402838984,0.0013019556423787906,27.484527866326616,32,27,1124,770,4,6,317677.0848872838,0.028469750889679714,0.03506493506493506,0.875,0.7777777777777778,39158,30081,379548,287753,5786,4413,91810355.13789622,0.10317008652397061,0.10453757215389588,0.8522396445170847,0.8532961005285729,32,27,955,655,28,4,165,927,21,6,109,634,0.17170818505338079,0.16883116883116883,0.875,0.7777777777777778,0.02931937172774869,0.03206106870229008,32,27,317677.0848872838,43600.0,0.10317008652397061,0.10453757215389588,0.8522396445170847,0.8532961005285729
437,0.0,43481.5,1889,125.0606326572492,125.12556896363562,97.57610479092259,97.61441158793917,0.06493630638641434,0.038306797016588234,1.6951640816718392,0.0014716227278132492,0.0011286924922973582,0.0013001576100553037,27.511157375696442,34,19,1111,778,5,4,316960.35509916354,0.0306030603060306,0.02442159383033419,0.8529411764705882,0.7894736842105263,39192,30100,380659,288531,5791,4417,92127315.49299538,0.10295829075366666,0.10432154603838062,0.8522402531128802,0.8532558139534884,34,19,968,673,29,5,138,939,15,4,101,658,0.15031503150315031,0.14910025706940874,0.8529411764705882,0.7894736842105263,0.029958677685950414,0.022288261515601784,34,19,316960.35509916354,43700.0,0.10295829075366666,0.10432154603838062,0.8522402531128802,0.8532558139534884
438,0.0,43581.0,1895,125.12556896363562,125.14778828164046,97.61441158793917,97.65131960923404,0.022219318004843558,0.03690802129486315,0.6020186730502413,0.0014687701489370737,0.001126958217686973,0.0012978641833120232,27.496468672406422,32,29,1050,845,5,3,318067.0432434956,0.030476190476190476,0.03431952662721893,0.84375,0.896551724137931,39224,30129,381709,289376,5796,4420,92445382.53623888,0.10275890796392016,0.1041171348003981,0.8522333265347746,0.8532974874705433,32,29,903,737,27,5,142,876,26,3,105,711,0.16095238095238096,0.15502958579881657,0.84375,0.896551724137931,0.029900332225913623,0.035278154681139755,32,29,318067.0432434956,43800.0,0.10275890796392016,0.1041171348003981,0.8522333265347746,0.8532974874705433
439,0.0,43680.5,1943,125.14778828164046,125.193680705319,97.65131960923404,97.6870978481521,0.04589242367853785,0.03577823891806986,1.282690961498382,0.001466469816563152,0.0011252061087382115,0.0012958379626506816,27.50658285716689,40,30,1129,814,4,8,326281.46538089495,0.0354295837023915,0.036855036855036855,0.9,0.7333333333333334,39264,30159,382838,290190,5800,4428,92771664.00161977,0.10256035189819192,0.10392846066370309,0.852281988590057,0.8531781557743957,40,30,961,711,36,4,164,925,22,8,95,689,0.1771479185119575,0.14373464373464373,0.9,0.7333333333333333,0.037460978147762745,0.030942334739803096,40,30,326281.46538089495,43900.0,0.10256035189819192,0.10392846066370309,0.852281988590057,0.8531781557743957
440,0.0,43780.0,1855,125.193680705319,125.22828303707567,97.6870978481521,97.71979394992694,0.034602331756673266,0.03269610177483173,1.0583014450765162,0.001463923347247251,0.001123391915349598,0.0012936576312984245,27.50848908714873,26,17,1069,786,4,0,311614.7367334083,0.02432179607109448,0.021628498727735368,0.8461538461538461,1.0,39290,30176,383907,290976,5804,4428,93083278.73835318,0.10234249440619733,0.1037061475860552,0.8522779333163655,0.8532608695652174,26,17,917,661,22,4,148,895,17,0,125,644,0.15902712815715622,0.1806615776081425,0.8461538461538461,1.0,0.023991275899672846,0.025718608169440244,26,17,311614.7367334083,44000.0,0.10234249440619733,0.1037061475860552,0.8522779333163655,0.8532608695652174
441,0.0,43879.5,1876,125.22828303707567,125.29103646200717,97.71979394992694,97.75085535424368,0.06275342493150049,0.031061404316744756,2.020302246852085,0.0014620267733290373,0.001121548881625829,0.0012917878274774331,27.540181107763487,28,28,1083,793,4,8,315235.91693799634,0.02585410895660203,0.03530895334174023,0.8571428571428572,0.7142857142857143,39318,30204,384990,291769,5808,4436,93398514.65529117,0.10212732798254501,0.10352025060921483,0.8522813978330536,0.8531320354919878,28,28,932,666,24,4,147,908,20,8,119,646,0.15789473684210525,0.17528373266078184,0.8571428571428571,0.7142857142857143,0.02575107296137339,0.03003003003003003,28,28,315235.91693799634,44100.0,0.10212732798254501,0.10352025060921483,0.8522813978330536,0.8531320354919878
442,0.0,43979.0,1908,125.29274699875495,125.32972686259468,97.75085535424368,97.78176100544306,0.03697986383973273,0.03090565119937594,1.1965405162043452,0.001459594368877784,0.0011197106635949872,0.0012896525162363857,27.547965857151624,25,25,1095,813,3,4,320697.7513141396,0.0228310502283105,0.03075030750307503,0.88,0.84,39343,30229,386085,292582,5811,4440,93719212.4066053,0.10190243081186785,0.10331804417223206,0.8522990112599446,0.8531211750305998,25,25,931,709,22,3,161,909,21,4,100,688,0.16712328767123288,0.14883148831488316,0.88,0.84,0.023630504833512353,0.029619181946403384,25,25,320697.7513141396,44200.0,0.10190243081186785,0.10331804417223206,0.8522990112599446,0.8531211750305998
443,0.0,44078.5,1915,125.32972686259468,125.37238610662747,97.78391311546997,97.81624836287733,0.042659244032790866,0.03233524740736016,1.319279963915809,0.0014572625360819605,0.0011179615956734246,0.0012876120658776927,27.556137743750142,31,17,1106,809,5,0,321981.55885524774,0.02802893309222423,0.021013597033374538,0.8387096774193549,1.0,39374,30246,387191,293391,5816,4440,94041193.96546055,0.10169141328181698,0.10309109686391198,0.8522883120841165,0.8532037294187661,31,17,956,690,26,5,145,930,17,0,119,673,0.1546112115732369,0.1681087762669963,0.8387096774193549,1.0,0.027196652719665274,0.02463768115942029,31,17,321981.55885524774,44300.0,0.10169141328181698,0.10309109686391198,0.8522883120841165,0.8532037294187661
444,0.0,44178.0,1853,125.37238610662747,125.42838571302033,97.81624836287733,97.8386785242349,0.05599960639285939,0.02243016135756193,2.496620755426716,0.0014552416656491826,0.0011159488479659972,0.00128559525680759,27.58970718878544,30,17,1117,736,6,3,311599.40282534633,0.02685765443151298,0.02309782608695652,0.8,0.8235294117647058,39404,30263,388308,294127,5822,4443,94352793.3682859,0.10147614780019984,0.10289092806848742,0.8522485026900822,0.8531870601064006,30,17,932,623,24,6,179,908,14,3,110,609,0.18173679498657117,0.16847826086956522,0.8,0.8235294117647058,0.02575107296137339,0.02247191011235955,30,17,311599.40282534633,44400.0,0.10147614780019984,0.10289092806848742,0.8522485026900822,0.8531870601064006
445,0.0,44277.5,1907,125.42838571302033,125.46922785656905,97.8386785242349,97.88084880024337,0.040842143548715626,0.042170276008477,0.9685054833529095,0.0014528892606375824,0.0011143887443977247,0.0012836390025176537,27.588379056325678,31,20,1077,830,1,1,320801.42604884156,0.028783658310120707,0.024096385542168676,0.967741935483871,0.95,39435,30283,389385,294957,5823,4444,94673594.79433474,0.1012750876381987,0.10266920262953583,0.8523392925066565,0.8532509989102797,31,20,925,713,30,1,151,895,19,1,116,694,0.1680594243268338,0.16265060240963855,0.967741935483871,0.95,0.032432432432432434,0.02664796633941094,31,20,320801.42604884156,44500.0,0.1012750876381987,0.10266920262953583,0.8523392925066565,0.8532509989102797
446,0.0,44377.0,1933,125.46922785656905,125.5135904432591,97.88084880024337,97.91369598874238,0.044362586690056105,0.03284718849900514,1.3505748503071955,0.0014506263382301004,0.0011126265989730437,0.0012816264686015722,27.59989445451673,32,12,1123,810,5,1,325277.426305756,0.028495102404274265,0.014814814814814815,0.84375,0.9166666666666666,39467,30295,390508,295767,5828,4445,94998872.2206405,0.10106579122578795,0.1024286008919183,0.8523323282742544,0.8532761181713154,32,12,945,699,27,5,173,918,11,1,110,688,0.17809439002671415,0.14938271604938272,0.84375,0.9166666666666666,0.02857142857142857,0.015736766809728183,32,12,325277.426305756,44600.0,0.10106579122578795,0.1024286008919183,0.8523323282742544,0.8532761181713154
447,0.0,44476.5,1896,125.51704151718315,125.5582110026659,97.91369598874238,97.9479394987144,0.04116948548275445,0.034243509972029074,1.2022565886611123,0.001448379311956807,0.0011109035754847825,0.0012796414437207947,27.610271503951495,26,27,1053,843,2,1,319191.2119859001,0.024691358024691357,0.03202846975088968,0.9230769230769231,0.962962962962963,39493,30322,391561,296610,5830,4446,95318063.4326264,0.10086040233833297,0.10222851555915174,0.8523789025903324,0.8533737880087066,26,27,900,738,24,2,151,876,26,1,104,712,0.16619183285849953,0.1542111506524318,0.9230769230769231,0.9629629629629629,0.02666666666666667,0.03523035230352303,26,27,319191.2119859001,44700.0,0.10086040233833297,0.10222851555915174,0.8523789025903324,0.8533737880087066
448,0.0,44576.0,1909,125.5582110026659,125.61784411607384,97.9479394987144,97.96964922265677,0.05963311340794064,0.021709723942365144,2.7468388619889548,0.0014464774187026165,0.0011089084720560748,0.0012776929453793455,27.64819489341707,25,27,1098,811,4,4,321438.32786845235,0.022768670309653915,0.03329223181257707,0.84,0.8518518518518519,39518,30349,392659,297421,5834,4450,95639501.76049484,0.10064203290896172,0.1020405418581741,0.8523710714104965,0.8533724340175953,25,27,925,692,21,4,169,904,23,4,115,669,0.17304189435336975,0.17016029593094945,0.84,0.8518518518518519,0.022702702702702703,0.033236994219653176,25,27,321438.32786845235,44800.0,0.10064203290896172,0.1020405418581741,0.8523710714104965,0.8533724340175953
449,0.0,44675.5,1859,125.61784411607384,125.65999110961423,97.96964922265677,98.00942168203682,0.04214699354038487,0.03977245938004614,1.0597029753088398,0.0014441945512565168,0.001107324543596708,0.0012757595474266123,27.65056942757741,22,22,1053,806,1,7,313111.72243193985,0.020892687559354226,0.02729528535980149,0.9545454545454546,0.6818181818181819,39540,30371,393712,298227,5835,4457,95952613.48292679,0.1004287397894908,0.10183853239310994,0.8524279210925645,0.8532481643673241,22,22,901,719,21,1,151,880,15,7,80,704,0.16334283000949668,0.11786600496277916,0.9545454545454546,0.6818181818181818,0.023307436182019976,0.02086230876216968,22,22,313111.72243193985,44900.0,0.1004287397894908,0.10183853239310994,0.8524279210925645,0.8532481643673241
450,0.0,44775.0,1855,125.65999110961423,125.699150824869,98.01009285266632,98.03618703295616,0.03915971525476891,0.02609418028984578,1.5007068556971463,0.0014418554459260525,0.0011054586079647009,0.0012736570269453766,27.66296379191283,30,19,1053,802,4,4,312513.17063927575,0.02849002849002849,0.02369077306733167,0.8666666666666667,0.7894736842105263,39570,30390,394765,299029,5839,4461,96265126.65356606,0.10023684977138297,0.1016289389992275,0.8524387161991408,0.8532082922013821,30,19,906,690,26,4,143,880,15,4,108,675,0.16049382716049382,0.15336658354114713,0.8666666666666667,0.7894736842105263,0.02869757174392936,0.021739130434782608,30,19,312513.17063927575,45000.0,0.10023684977138297,0.1016289389992275,0.8524387161991408,0.8532082922013821
451,0.0,44874.5,1866,125.699150824869,125.74947070089101,98.03618703295616,98.0650418153877,0.05031987602201582,0.028854782431537274,1.743900725691071,0.0014397741672437779,0.0011036472758501792,0.0012717107215469785,27.68442888550331,31,25,1088,778,7,4,314470.47704903595,0.02849264705882353,0.032133676092544985,0.7741935483870968,0.84,39601,30415,395853,299807,5846,4465,96579597.1306151,0.10003966118735995,0.10144859859843165,0.8523774652155248,0.8531974354759164,31,25,931,667,24,7,150,907,21,4,107,646,0.15992647058823528,0.16452442159383032,0.7741935483870968,0.84,0.02577873254564984,0.031484257871064465,31,25,314470.47704903595,45100.0,0.10003966118735995,0.10144859859843165,0.8523774652155248,0.8531974354759164
452,0.0,44974.0,1873,125.75089786054811,125.79342977572522,98.0650418153877,98.09013692948696,0.04253191517710775,0.025095114099258353,1.6948285235477256,0.0014375613720692165,0.0011017607799766005,0.0012696610760229085,27.703292846238256,31,19,1139,734,3,4,315711.5891677645,0.027216856892010536,0.025885558583106268,0.9032258064516129,0.7894736842105263,39632,30434,396992,300541,5849,4469,96895308.71978286,0.09983072706754796,0.10126405382293929,0.8524172385950747,0.8531576526253533,31,19,997,629,28,3,139,969,15,4,101,614,0.1466198419666374,0.15803814713896458,0.9032258064516129,0.7894736842105263,0.028084252758274825,0.02384737678855326,31,19,315711.5891677645,45200.0,0.09983072706754796,0.10126405382293929,0.8524172385950747,0.8531576526253533
453,0.0,45073.5,1948,125.79342977572522,125.8394265810522,98.09013692948696,98.12286516672658,0.04599680532697903,0.032728237239624036,1.4054165212201148,0.0014354033294228601,0.0011000511146177035,0.0012677272220202817,27.71656141432561,28,20,1110,838,5,5,328402.9209042405,0.025225225225225224,0.02386634844868735,0.8214285714285714,0.75,39660,30454,398102,301379,5854,4474,97223711.6406871,0.09962270975780077,0.1010488454736395,0.8523953605648008,0.8530899060878703,28,20,947,729,23,5,158,924,15,5,104,714,0.16306306306306306,0.14200477326968974,0.8214285714285714,0.75,0.024287222808870117,0.0205761316872428,28,20,328402.9209042405,45300.0,0.09962270975780077,0.1010488454736395,0.8523953605648008,0.8530899060878703
454,0.0,45173.0,1854,125.8394265810522,125.87425926103701,98.12286516672658,98.15098904088391,0.03483267998481665,0.02812387415733042,1.238544867252494,0.0014330088877277617,0.0010982475631352267,0.0012656282254314942,27.723270220153097,27,16,1060,794,8,1,312660.5965462462,0.02547169811320755,0.020151133501259445,0.7037037037037037,0.9375,39687,30470,399162,302173,5862,4475,97536372.23723334,0.09942579704480888,0.1008362759081718,0.8522942021316804,0.853134230390548,27,16,901,680,19,8,151,882,15,1,113,665,0.16037735849056603,0.16120906801007556,0.7037037037037037,0.9375,0.021087680355160933,0.022058823529411766,27,16,312660.5965462462,45400.0,0.09942579704480888,0.1008362759081718,0.8522942021316804,0.853134230390548
455,0.0,45272.5,1866,125.87425926103701,125.9105258374023,98.15098904088391,98.19651467887621,0.036266576365292735,0.045525637992298584,0.7966187397841152,0.0014306564852572677,0.0010968343956995954,0.0012637454404784317,27.71401115852609,29,33,1059,807,4,6,314831.9525625248,0.027384324834749764,0.040892193308550186,0.8620689655172413,0.8181818181818181,39716,30503,400221,302980,5866,4481,97851204.18979587,0.09923517256715665,0.10067661231764473,0.8523013395105248,0.8530964167458939,29,33,900,690,25,4,155,875,27,6,111,663,0.16997167138810199,0.17100371747211895,0.8620689655172413,0.8181818181818182,0.027777777777777776,0.0391304347826087,29,33,314831.9525625248,45500.0,0.09923517256715665,0.10067661231764473,0.8523013395105248,0.8530964167458939
456,0.0,45372.0,1865,125.9105258374023,125.94875970451153,98.19651467887621,98.22812801583515,0.03823386710922705,0.03161333695894086,1.2094220600275407,0.0014283575426823445,0.001095122332045845,0.0012617399373640948,27.720631688676377,29,17,1110,755,4,2,314823.75140212284,0.026126126126126126,0.022516556291390728,0.8620689655172413,0.8823529411764706,39745,30520,401331,303735,5870,4483,98166027.94119799,0.09903296779964668,0.10048232834543269,0.8523084664737703,0.8531127129750983,29,17,951,639,25,4,155,926,15,2,114,624,0.16216216216216217,0.17086092715231788,0.8620689655172413,0.8823529411764706,0.026288117770767613,0.023474178403755867,29,17,314823.75140212284,45600.0,0.09903296779964668,0.10048232834543269,0.8523084664737703,0.8531127129750983
457,0.0,45471.5,1924,125.94875970451153,125.98830502445037,98.22812801583515,98.26283980613866,0.039545319938838475,0.03471179030350413,1.1392474889100261,0.0014260973581237144,0.0010934855608663904,0.0012597914594950524,27.72546521831171,28,22,1087,837,6,2,324888.18893158744,0.025758969641214352,0.026284348864994027,0.7857142857142857,0.9090909090909091,39773,30542,402418,304572,5876,4485,98490916.13012958,0.09883504217008185,0.10027842349263885,0.8522615844919921,0.8531530351646912,28,22,935,727,22,6,146,913,20,2,108,707,0.1545538178472861,0.15292712066905614,0.7857142857142857,0.9090909090909091,0.023529411764705882,0.027510316368638238,28,22,324888.18893158744,45700.0,0.09883504217008185,0.10027842349263885,0.8522615844919921,0.8531530351646912
458,0.0,45571.0,1939,125.98830502445037,126.02346109909033,98.26283980613866,98.29605523662521,0.03515607463995707,0.033215430486549735,1.0584259822913684,0.0014237512083164563,0.001091823265547611,0.0012577872369320337,27.72740586246512,24,15,1144,795,3,1,327531.6902046761,0.02097902097902098,0.018867924528301886,0.875,0.9333333333333333,39797,30557,403562,305367,5879,4486,98818447.82033426,0.09861433930845818,0.10006647738622707,0.8522752971329497,0.853192394541349,24,15,1002,682,21,3,139,981,14,1,112,668,0.13986013986013987,0.15849056603773584,0.875,0.9333333333333333,0.020958083832335328,0.020527859237536656,24,15,327531.6902046761,45800.0,0.09861433930845818,0.10006647738622707,0.8522752971329497,0.853192394541349
459,0.0,45670.5,1888,126.02346109909033,126.05628482938376,98.29605523662521,98.32859302794522,0.032823730293429776,0.03253779132001,1.0087879035982361,0.0014213644677818547,0.0010901534499651545,0.0012557589588735045,27.72769180143854,20,16,1064,824,0,2,319053.5973815239,0.018796992481203006,0.019417475728155338,1.0,0.875,39817,30573,404626,306191,5879,4488,99137501.41771577,0.09840445250675933,0.09984944038198379,0.8523494989577316,0.8532038072809341,20,16,905,705,20,0,159,885,14,2,117,691,0.16823308270676693,0.15898058252427186,1.0,0.875,0.022099447513812154,0.019858156028368795,20,16,319053.5973815239,45900.0,0.09840445250675933,0.09984944038198379,0.8523494989577316,0.8532038072809341
460,0.0,45770.0,1872,126.05628482938376,126.08853540220728,98.33139478618929,98.35474150197821,0.0322505728235285,0.023346715788918004,1.3813751413737128,0.0014189756444350143,0.0010883519962485563,0.0012536638203417853,27.733793900229074,28,21,1100,772,3,1,316431.7216231831,0.025454545454545455,0.027202072538860103,0.8928571428571429,0.9523809523809523,39845,30594,405726,306963,5882,4489,99453933.13933896,0.0982066714975131,0.09966673507882058,0.8523779646128748,0.8532718833758253,28,21,941,668,25,3,156,916,20,1,103,648,0.16454545454545455,0.15932642487046633,0.8928571428571429,0.9523809523809523,0.026567481402763018,0.029940119760479042,28,21,316431.7216231831,46000.0,0.0982066714975131,0.09966673507882058,0.8523779646128748,0.8532718833758253
461,0.0,45869.5,1854,126.0905263487845,126.12344372349563,98.35474150197821,98.3696295267623,0.03291737471113265,0.014888024784085019,2.2109967701236384,0.001416654836557462,0.0010863140965773899,0.001251484466567426,27.75381419673333,28,26,1060,794,1,5,313455.140779379,0.026415094339622643,0.0327455919395466,0.9642857142857143,0.8076923076923077,39873,30620,406786,307757,5883,4494,99767388.28011833,0.09801959752793853,0.09949408136939208,0.8524565495448048,0.8532331809274983,28,26,920,695,27,1,139,893,21,5,94,674,0.15660377358490565,0.14483627204030228,0.9642857142857143,0.8076923076923077,0.029347826086956522,0.030215827338129497,28,26,313455.140779379,46100.0,0.09801959752793853,0.09949408136939208,0.8524565495448048,0.8532331809274983
462,0.0,45969.0,1882,126.12344372349563,126.1693900144992,98.3696295267623,98.40175733610634,0.04594629100357395,0.03212780934404691,1.4301096757500373,0.0014145829925606619,0.001084658174492678,0.00124962058352667,27.767632678392857,24,17,1093,789,3,3,318239.21510066814,0.021957913998170174,0.021546261089987327,0.875,0.8235294117647058,39897,30637,407879,308546,5886,4497,100085627.49521899,0.09781577379565999,0.09929475669754267,0.8524701105346266,0.8532166987629337,24,17,946,678,21,3,144,925,14,3,108,664,0.15096065873741996,0.15462610899873258,0.875,0.8235294117647058,0.022198731501057084,0.02064896755162242,24,17,318239.21510066814,46200.0,0.09781577379565999,0.09929475669754267,0.8524701105346266,0.8532166987629337
463,0.0,46068.5,1863,126.1693900144992,126.20579035876936,98.40329418656599,98.42492803462557,0.03640034427016303,0.021633848059579464,1.682564478123205,0.0014123139222585904,0.0010828159473019643,0.0012475649347802773,27.780862324143797,27,13,1079,784,3,1,315132.9991509329,0.025023169601482854,0.016581632653061226,0.8888888888888888,0.9230769230769231,39924,30650,408958,309330,5889,4498,100400760.49436992,0.09762371686090014,0.09908511945171823,0.8524947400060114,0.8532463295269168,27,13,929,693,24,3,147,905,12,1,90,681,0.15848007414272475,0.13010204081632654,0.8888888888888888,0.9230769230769231,0.02583423035522067,0.017316017316017316,27,13,315132.9991509329,46300.0,0.09762371686090014,0.09908511945171823,0.8524947400060114,0.8532463295269168
464,0.0,46168.0,1951,126.20579035876936,126.24799834700121,98.42492803462557,98.44975241501358,0.042207988231851346,0.02482438038801149,1.7002635140184594,0.0014101797971725126,0.0010810173004411412,0.001245598548806827,27.798245931987637,33,19,1114,837,3,4,330061.4856335637,0.0296229802513465,0.022700119474313024,0.9090909090909091,0.7894736842105263,39957,30669,410072,310167,5892,4502,100730821.98000349,0.0974389863243528,0.09887899099517357,0.8525414820932502,0.8532068212201246,33,19,943,721,30,3,168,913,15,4,112,706,0.17773788150807898,0.15173237753882915,0.9090909090909091,0.7894736842105263,0.031813361611876985,0.020804438280166437,33,19,330061.4856335637,46400.0,0.0974389863243528,0.09887899099517357,0.8525414820932502,0.8532068212201246
465,0.0,46267.5,1870,126.24799834700121,126.27676075667155,98.44975241501358,98.46302404298666,0.028762409670335387,0.0132716279730829,2.1672103624868333,0.0014077656988919338,0.0010789779434073558,0.0012433718211496449,27.81373671368489,24,15,1077,793,3,2,316402.11610871996,0.022284122562674095,0.018915510718789406,0.875,0.8666666666666667,39981,30684,411149,310960,5895,4504,101047224.0961122,0.09724211903713739,0.09867507074864934,0.8525549636077137,0.8532134011211054,24,15,929,678,21,3,145,908,13,2,113,665,0.1541318477251625,0.15889029003783103,0.875,0.8666666666666667,0.022604951560818085,0.019174041297935103,24,15,316402.11610871996,46500.0,0.09724211903713739,0.09867507074864934,0.8525549636077137,0.8532134011211054
466,0.0,46367.0,1932,126.27676075667155,126.3153610622739,98.46302404298666,98.49575333360087,0.038600305602344065,0.03272929061421337,1.1793810644212706,0.0014055730751947912,0.0010773648853874733,0.0012414689802911323,27.81960772867302,28,14,1119,813,2,2,326958.60910044605,0.025022341376228777,0.017220172201722016,0.9285714285714286,0.8571428571428572,40009,30698,412268,311773,5897,4506,101374182.70521265,0.09704609622866679,0.09846266354046053,0.8526081631632882,0.8532151931721936,28,14,976,710,26,2,141,950,12,2,101,698,0.14924039320822163,0.13899138991389914,0.9285714285714286,0.8571428571428571,0.02663934426229508,0.016901408450704224,28,14,326958.60910044605,46600.0,0.09704609622866679,0.09846266354046053,0.8526081631632882,0.8532151931721936
467,0.0,46466.5,1856,126.31739569365509,126.3636595902067,98.49575333360087,98.52836017779025,0.046263896551607786,0.032606844189373874,1.4188400534230343,0.0014035975124627423,0.0010757561135598635,0.001239676813011303,27.835299412416447,22,17,1085,771,4,0,314193.97060593625,0.020276497695852536,0.02204928664072633,0.8181818181818181,1.0,40031,30715,413353,312544,5901,4506,101688376.67581859,0.0968445856205229,0.0982741629978499,0.8525892433364143,0.8532964349666287,22,17,939,656,18,4,142,921,17,0,115,639,0.14746543778801843,0.17120622568093385,0.8181818181818182,1.0,0.019169329073482427,0.025914634146341462,22,17,314193.97060593625,46700.0,0.0968445856205229,0.0982741629978499,0.8525892433364143,0.8532964349666287
468,0.0,46566.0,1916,126.3636595902067,126.3967687909236,98.52836017779025,98.56446018738244,0.033109200716907594,0.03610000959218951,0.9171521307315942,0.0014013058340326277,0.0010742288571119192,0.0012377673455722733,27.832308603541165,28,23,1083,833,2,5,324473.3824569968,0.02585410895660203,0.027611044417767107,0.9285714285714286,0.782608695652174,40059,30738,414436,313377,5903,4511,102012850.0582756,0.09665907401866633,0.098086330522023,0.8526423525300182,0.8532435421953283,28,23,928,714,26,2,153,902,18,5,114,696,0.16528162511542013,0.15846338535414164,0.9285714285714286,0.782608695652174,0.028017241379310345,0.025210084033613446,28,23,324473.3824569968,46800.0,0.09665907401866633,0.098086330522023,0.8526423525300182,0.8532435421953283
469,0.0,46665.5,1932,126.3967687909236,126.42754124432892,98.56446018738244,98.5929796273105,0.03077245340531931,0.028519439928061274,1.0789992188816169,0.0013989741041819253,0.0010725464808692086,0.001235760292525567,27.834561617018423,25,16,1092,840,3,0,327301.6792499113,0.022893772893772892,0.01904761904761905,0.88,1.0,40084,30754,415528,314217,5906,4511,102340151.73752551,0.09646522015363586,0.0978750354054682,0.8526594152280211,0.8533198933472068,25,16,928,710,22,3,161,906,16,0,130,694,0.16758241758241757,0.1738095238095238,0.88,1.0,0.023706896551724137,0.022535211267605635,25,16,327301.6792499113,46900.0,0.09646522015363586,0.0978750354054682,0.8526594152280211,0.8533198933472068
470,0.0,46765.0,1863,126.42754124432892,126.46972591586972,98.5929796273105,98.61806957175939,0.04218467154079519,0.025089944448893675,1.681337781624913,0.0013968951097377254,0.0010707982956854206,0.001233846702711573,27.851656344110324,29,20,1034,829,3,3,315703.4453358021,0.02804642166344294,0.024125452352231604,0.896551724137931,0.85,40113,30774,416562,315046,5909,4514,102655855.18286131,0.09629538940181774,0.09768097357211328,0.8526911475082891,0.8533177357509586,29,20,887,716,26,3,144,861,17,3,110,699,0.1644100580270793,0.15319662243667068,0.896551724137931,0.85,0.029312288613303268,0.023743016759776536,29,20,315703.4453358021,47000.0,0.09629538940181774,0.09768097357211328,0.8526911475082891,0.8533177357509586
471,0.0,46864.5,1874,126.46972591586972,126.49846630472834,98.61806957175939,98.64020551294772,0.028740388858622623,0.022135941188324182,1.2983585660130874,0.0013945395020495055,0.0010689948161019766,0.001231767159075741,27.858260791780623,23,17,1066,808,2,2,317625.95475300064,0.021575984990619138,0.02103960396039604,0.9130434782608696,0.8823529411764706,40136,30791,417628,315854,5911,4516,102973481.13761431,0.09610466731157873,0.09748491391592318,0.8527257325094678,0.8533337663603001,23,17,906,672,21,2,158,885,15,2,134,657,0.16791744840525327,0.1844059405940594,0.9130434782608695,0.8823529411764706,0.023178807947019868,0.022321428571428572,23,17,317625.95475300064,47100.0,0.09610466731157873,0.09748491391592318,0.8527257325094678,0.8533337663603001
472,0.0,46964.0,1882,126.49846630472834,126.5406244436393,98.64263611752284,98.65993734669674,0.042158138910963316,0.01730122917389565,2.4367135125041948,0.001392478150115311,0.0010671480439015278,0.0012298130970084193,27.880687096942566,32,21,1117,765,2,3,319028.17097421474,0.02864816472694718,0.027450980392156862,0.9375,0.8571428571428572,40168,30812,418745,316619,5913,4519,103292509.30858852,0.09592472745943235,0.09731570120554989,0.8527932682732523,0.8533363624561859,32,21,967,664,30,2,148,937,18,3,98,646,0.1593554162936437,0.15163398692810456,0.9375,0.8571428571428571,0.031023784901758014,0.02710843373493976,32,21,319028.17097421474,47200.0,0.09592472745943235,0.09731570120554989,0.8527932682732523,0.8533363624561859
473,0.0,47063.5,1861,126.5406244436393,126.57519432504529,98.65993734669674,98.68308014547468,0.034569881405985825,0.023142798777939788,1.4937640748507297,0.0013902650859798872,0.0010653811938885847,0.001227823139934236,27.892114179570612,29,16,1069,792,3,2,315523.89212178957,0.027128157156220765,0.020202020202020204,0.896551724137931,0.875,40197,30828,419814,317411,5916,4521,103608033.20071031,0.09574954622761508,0.09712328810280677,0.8528248376744534,0.8533476060724017,29,16,923,683,26,3,143,897,14,2,107,669,0.1580916744621141,0.1527777777777778,0.896551724137931,0.875,0.028169014084507043,0.020497803806734993,29,16,315523.89212178957,47300.0,0.09574954622761508,0.09712328810280677,0.8528248376744534,0.8533476060724017
474,0.0,47163.0,1924,126.57519432504529,126.61895347880873,98.68308014547468,98.70394635212175,0.04375915376344608,0.02086620664707084,2.0971302788084345,0.0013882552261732513,0.0010635737695691377,0.0012259144978711946,27.915007126686987,35,20,1103,821,3,4,326258.5754041444,0.03173164097914778,0.024360535931790498,0.9142857142857143,0.8,40232,30848,420917,318232,5919,4525,103934291.77611445,0.09558178928387306,0.09693556901882903,0.8528783058262079,0.8533130186721991,35,20,957,719,32,3,143,925,16,4,98,703,0.1586582048957389,0.13885505481120586,0.9142857142857143,0.8,0.03343782654127482,0.022253129346314324,35,20,326258.5754041444,47400.0,0.09558178928387306,0.09693556901882903,0.8528783058262079,0.8533130186721991
475,0.0,47262.5,1929,126.61895347880873,126.6579226784347,98.70394635212175,98.73551551178718,0.03896919962596712,0.031569159665437496,1.2344072518544524,0.0013861529877944858,0.0010619992807840539,0.00122407613428927,27.922407166647517,26,25,1056,873,9,3,327184.4649393333,0.02462121212121212,0.0286368843069874,0.6538461538461539,0.88,40258,30873,421973,319105,5928,4528,104261476.24105377,0.09540420832612513,0.09674871907365915,0.8527497640220577,0.8533346289638195,26,25,886,768,17,9,161,869,22,3,102,746,0.16856060606060605,0.1420389461626575,0.6538461538461539,0.88,0.019187358916478554,0.028645833333333332,26,25,327184.4649393333,47500.0,0.09540420832612513,0.09674871907365915,0.8527497640220577,0.8533346289638195
476,0.0,47362.0,1846,126.6579226784347,126.68104946724706,98.73551551178718,98.77175946316619,0.02312678881236252,0.03624395137900649,0.6380868512520466,0.0013837267585934967,0.0010605296174080161,0.0012221281880007563,27.909290004080873,23,24,1057,789,2,3,313218.95972416404,0.021759697256385997,0.030418250950570342,0.9130434782608696,0.875,40281,30897,423030,319894,5930,4531,104574695.20077793,0.09522019714913836,0.09658511882060933,0.8527841910578189,0.8533514580703628,23,24,917,692,21,2,138,896,21,3,94,671,0.15042573320719016,0.14575411913814956,0.9130434782608695,0.875,0.022900763358778626,0.030346820809248554,23,24,313218.95972416404,47600.0,0.09522019714913836,0.09658511882060933,0.8527841910578189,0.8533514580703628
477,0.0,47461.5,1973,126.68104946724706,126.71430562007242,98.77175946316619,98.80857201742435,0.03325615282535921,0.03681255425816232,0.9033916145056801,0.00138152305790096,0.0010590780365383591,0.0012203005472196595,27.90573360264807,28,26,1129,844,2,3,334934.4258369334,0.024800708591674048,0.030805687203791468,0.9285714285714286,0.8846153846153846,40309,30923,424159,320738,5932,4534,104909629.62661487,0.09503275894181192,0.09641202476787908,0.8528368354461783,0.853377744720758,28,26,955,725,26,2,172,929,23,3,116,702,0.1753764393268379,0.1646919431279621,0.9285714285714286,0.8846153846153846,0.027225130890052355,0.031724137931034485,28,26,334934.4258369334,47700.0,0.09503275894181192,0.09641202476787908,0.8528368354461783,0.853377744720758
478,0.0,47561.0,1894,126.71430562007242,126.7610662513588,98.80857201742435,98.84111126722749,0.04676063128637509,0.03253924980313627,1.4370531456403797,0.0013796110981833091,0.0010575431295540348,0.001218577113868672,27.91995498413131,29,24,1110,784,4,4,321624.3458141624,0.026126126126126126,0.030612244897959183,0.8620689655172413,0.8333333333333334,40338,30947,425269,321522,5936,4538,105231253.97242904,0.09485290486727224,0.09625157843009187,0.8528434726560563,0.8533621998901347,29,24,941,669,25,4,165,916,20,4,111,649,0.17117117117117117,0.16709183673469388,0.8620689655172413,0.8333333333333334,0.026567481402763018,0.029895366218236172,29,24,321624.3458141624,47800.0,0.09485290486727224,0.09625157843009187,0.8528434726560563,0.8533621998901347
479,0.0,47660.5,1809,126.7610662513588,126.78987570148885,98.84111126722749,98.8692264627916,0.02880945013005487,0.028115195564112128,1.024693214897247,0.0013773323578975412,0.0010559222711533816,0.0012166273145254613,27.92064923869725,31,20,1032,777,3,3,307317.181245161,0.030038759689922482,0.02574002574002574,0.9032258064516129,0.85,40369,30967,426301,322299,5939,4541,105538571.1536742,0.09469600118226323,0.09608158883521202,0.8528821620550422,0.8533600284173475,31,20,896,677,28,3,133,868,17,3,97,660,0.1560077519379845,0.14671814671814673,0.9032258064516129,0.85,0.03125,0.025110782865583457,31,20,307317.181245161,47900.0,0.09469600118226323,0.09608158883521202,0.8528821620550422,0.8533600284173475
480,0.0,47760.0,1846,126.78987570148885,126.81299162951203,98.8692264627916,98.88826807643427,0.023115928023173637,0.01904161364267054,1.2139689659164665,0.0013749444973190708,0.001054119133372701,0.0012145318153458859,27.924723553077754,24,16,1055,791,0,3,313681.2103703941,0.022748815165876776,0.020227560050568902,1.0,0.8125,40393,30983,427356,323090,5939,4544,105852252.36404459,0.09451838748022726,0.09589588040484076,0.8529695739360781,0.8533389277991157,24,16,898,669,24,0,157,874,13,3,119,656,0.17156398104265402,0.16687737041719342,1.0,0.8125,0.026726057906458798,0.01943198804185351,24,16,313681.2103703941,48000.0,0.09451838748022726,0.09589588040484076,0.8529695739360781,0.8533389277991157
481,0.0,47859.5,1897,126.81299162951203,126.851468102383,98.88990197655315,98.9166795866433,0.03847647287096834,0.026777610090150006,1.4368897277028354,0.001372885911521546,0.0010525182933908248,0.0012127021024561854,27.934788515739697,23,19,1102,795,2,1,322423.1464644427,0.020871143375680582,0.02389937106918239,0.9130434782608696,0.9473684210526316,40416,31002,428458,323885,5941,4545,106174675.51050903,0.09432896573293065,0.09571915957824537,0.8530037608867775,0.8533965550609638,23,19,951,688,21,2,149,930,18,1,106,670,0.1542649727767695,0.1559748427672956,0.9130434782608695,0.9473684210526315,0.022082018927444796,0.02616279069767442,23,19,322423.1464644427,48100.0,0.09432896573293065,0.09571915957824537,0.8530037608867775,0.8533965550609638
482,0.0,47959.0,1860,126.851468102383,126.87960763266166,98.9166795866433,98.94242850146223,0.028139530278664893,0.0257489148189336,1.0928433480223188,0.0013706214081839218,0.0010508688553302408,0.0012107451317570814,27.93717913119943,16,17,1076,784,2,6,316221.9045816991,0.01486988847583643,0.021683673469387755,0.875,0.6470588235294117,40432,31019,429534,324669,5943,4551,106490897.41509072,0.09412991753854177,0.09554038112662434,0.8530124653739612,0.8532834714207421,16,17,934,661,14,2,140,920,11,6,117,650,0.14312267657992564,0.16326530612244897,0.875,0.6470588235294118,0.014989293361884369,0.01664145234493192,16,17,316221.9045816991,48200.0,0.09412991753854177,0.09554038112662434,0.8530124653739612,0.8532834714207421
483,0.0,48058.5,1846,126.87960763266166,126.91143335853276,98.94242850146223,98.97363264778767,0.03182572587110144,0.031204146325436,1.0199197740961354,0.001368442600421038,0.0010493391919926096,0.0012088908962068238,27.937800710745094,18,17,1038,808,5,3,313934.51563934755,0.017341040462427744,0.02103960396039604,0.7222222222222222,0.8235294117647058,40450,31036,430572,325477,5948,4554,106804831.93073007,0.09394479901154743,0.09535543218107577,0.8529542645241038,0.853267173604846,18,17,890,692,13,5,143,877,14,3,113,678,0.15028901734104047,0.15717821782178218,0.7222222222222222,0.8235294117647058,0.014606741573033709,0.02023121387283237,18,17,313934.51563934755,48300.0,0.09394479901154743,0.09535543218107577,0.8529542645241038,0.853267173604846
484,0.0,48158.0,1886,126.91143335853276,126.94130038262803,98.97363264778767,99.00164051425503,0.029867024095267425,0.02800786646736242,1.0663798376099616,0.001366232326951062,0.0010477498107378184,0.0012069910688444403,27.939659868373,35,13,1096,790,5,0,320869.02171004587,0.03193430656934307,0.016455696202531647,0.8571428571428572,1.0,40485,31049,431668,326267,5953,4554,107125700.95244013,0.09378735509697267,0.09516438990152237,0.8529578856366555,0.8533286096170569,35,13,942,672,30,5,149,912,13,0,118,659,0.1633211678832117,0.16582278481012658,0.8571428571428571,1.0,0.03184713375796178,0.019345238095238096,35,13,320869.02171004587,48400.0,0.09378735509697267,0.09516438990152237,0.8529578856366555,0.8533286096170569
485,0.0,48257.5,1872,126.94237725193706,126.98325247970293,99.00164051425503,99.02507092421929,0.040875227765866384,0.02343040996426282,1.744537454880697,0.0013642803447733258,0.0010460726030860758,0.0012051764739297007,27.958181555483634,20,15,1076,796,3,1,318555.22536856326,0.01858736059479554,0.018844221105527637,0.85,0.9333333333333333,40505,31064,432744,327063,5956,4555,107444256.17780869,0.093600373430943,0.0949786432583325,0.8529564251326996,0.8533672418233325,20,15,922,672,17,3,151,905,14,1,123,658,0.15613382899628253,0.1721105527638191,0.85,0.9333333333333333,0.01843817787418655,0.020833333333333332,20,15,318555.22536856326,48500.0,0.093600373430943,0.0949786432583325,0.8529564251326996,0.8533672418233325
486,0.0,48357.0,1942,126.98325247970293,126.99689136178543,99.02507092421929,99.04098148000442,0.0136388820825033,0.015910555785126235,0.8572222282299794,0.0013617538190038847,0.0010442475680135762,0.0012030006935087306,27.95590988178101,28,12,1150,792,6,3,330538.2028503579,0.02434782608695652,0.015151515151515152,0.7857142857142857,0.75,40533,31076,433894,327855,5962,4558,107774794.38065904,0.0934168253075636,0.09478580470024858,0.8529099745886068,0.853327326554254,28,12,994,689,22,6,150,972,9,3,100,680,0.14956521739130435,0.13762626262626262,0.7857142857142857,0.75,0.022132796780684104,0.013062409288824383,28,12,330538.2028503579,48600.0,0.0934168253075636,0.09478580470024858,0.8529099745886068,0.853327326554254
487,0.0,48456.5,1827,126.9988392156236,127.04840222732649,99.04098148000442,99.07079469107305,0.04956301170288668,0.02981321106862822,1.6624513068651212,0.0013600153279082108,0.0010427155034194748,0.0012013654156638428,27.977607536253444,21,14,1072,755,3,1,311053.61498160014,0.01958955223880597,0.018543046357615896,0.8571428571428572,0.9285714285714286,40554,31090,434966,328610,5965,4559,108085847.99564065,0.0932348735303449,0.09461063266486108,0.8529121664940573,0.8533612093920875,21,14,929,655,18,3,140,911,13,1,99,642,0.14738805970149255,0.14834437086092717,0.8571428571428571,0.9285714285714286,0.0193756727664155,0.01984732824427481,21,14,311053.61498160014,48700.0,0.0932348735303449,0.09461063266486108,0.8529121664940573,0.8533612093920875
488,0.0,48556.0,1883,127.04840222732649,127.08515247322681,99.07079469107305,99.09867970088295,0.03675024590032194,0.027885009809907046,1.3179212111040834,0.001357981490062094,0.0010411502054577528,0.0011995658477599236,27.98647277234386,27,20,1096,787,8,3,320610.8368531639,0.024635036496350366,0.025412960609911054,0.7037037037037037,0.85,40581,31110,436062,329397,5973,4562,108406458.83249381,0.09306245442161895,0.09444530460204556,0.8528128927330524,0.8533590485374478,27,20,931,673,19,8,157,912,17,3,111,656,0.16058394160583941,0.16264294790343076,0.7037037037037037,0.85,0.02040816326530612,0.02526002971768202,27,20,320610.8368531639,48800.0,0.09306245442161895,0.09444530460204556,0.8528128927330524,0.8533590485374478
489,0.0,48655.5,1846,127.08515247322681,127.11168393075714,99.09867970088295,99.12504978667006,0.026531457530325042,0.0263700857871072,1.0061195001230046,0.0013557469973938755,0.0010395603294913178,0.0011976536634425968,27.986634144087077,26,20,1066,780,3,1,314408.6140214196,0.024390243902439025,0.02564102564102564,0.8846153846153846,0.95,40607,31130,437128,330177,5976,4563,108720867.44651523,0.09289498728061346,0.09428276348746278,0.8528332553500628,0.8534211371667202,26,20,928,681,23,3,135,905,19,1,98,662,0.14821763602251406,0.15,0.8846153846153846,0.95,0.02478448275862069,0.027900146842878122,26,20,314408.6140214196,48900.0,0.09289498728061346,0.09428276348746278,0.8528332553500628,0.8534211371667202
490,0.0,48755.0,1857,127.11168393075714,127.1595578659107,99.12504978667006,99.14678996222132,0.047873935153560865,0.02174017555125829,2.202095150551348,0.0013539571858717158,0.0010378824548505448,0.0011959198203611303,28.01276790368938,17,23,1055,802,3,2,316372.07396951097,0.016113744075829384,0.028678304239401497,0.8235294117647058,0.9130434782608696,40624,31153,438183,330979,5979,4565,109037239.52048475,0.09271012339593275,0.09412379637378807,0.8528209925167389,0.8534651558437389,17,23,902,691,14,3,150,888,21,2,109,670,0.15545023696682464,0.16209476309226933,0.8235294117647058,0.9130434782608695,0.015521064301552107,0.030390738060781478,17,23,316372.07396951097,49000.0,0.09271012339593275,0.09412379637378807,0.8528209925167389,0.8534651558437389
491,0.0,48854.5,1830,127.1595578659107,127.19700693732845,99.14678996222132,99.16764025580184,0.037449071417754,0.020850293580522816,1.7960932431539878,0.0013519623458071654,0.0010361932908606358,0.0011940778183339006,28.02936668152661,23,16,1045,785,5,5,311787.8821752361,0.02200956937799043,0.02038216560509554,0.782608695652174,0.6875,40647,31169,439228,331764,5984,4570,109349027.40265998,0.09254191444989845,0.0939493133673334,0.8527812630698453,0.8533799608585453,23,16,896,674,18,5,144,878,11,5,106,663,0.15502392344497606,0.14904458598726114,0.782608695652174,0.6875,0.020089285714285716,0.016320474777448073,23,16,311787.8821752361,49100.0,0.09254191444989845,0.0939493133673334,0.8527812630698453,0.8533799608585453
492,0.0,48954.0,1869,127.19700693732845,127.2326370264973,99.16764025580184,99.18154648942345,0.03563008916884769,0.013906233621611364,2.562166733160284,0.0013499386436646478,0.001034369853960952,0.0011921542488127997,28.051090537073847,16,15,1074,795,2,3,318463.59686418244,0.0148975791433892,0.018867924528301886,0.875,0.8,40663,31184,440302,332559,5986,4573,109667490.99952416,0.09235252167830262,0.09376982730883843,0.8527900056562476,0.8533542842483325,16,15,926,657,14,2,146,912,12,3,135,645,0.148975791433892,0.18490566037735848,0.875,0.8,0.01511879049676026,0.0182648401826484,16,15,318463.59686418244,49200.0,0.09235252167830262,0.09376982730883843,0.8527900056562476,0.8533542842483325
493,0.0,49053.5,1885,127.2326370264973,127.2809637357508,99.18154648942345,99.21395820802627,0.048326709253501576,0.03241171860281611,1.4910258183378986,0.0013481806891998819,0.0010329291791781267,0.0011905549341890043,28.067005527724532,25,16,1093,792,3,2,321297.1191825954,0.022872827081427266,0.020202020202020204,0.88,0.875,40688,31200,441395,333351,5989,4575,109988788.11870676,0.09218047327223915,0.09359503946290847,0.8528067243413291,0.8533653846153846,25,16,932,687,22,3,158,910,14,2,103,673,0.16468435498627632,0.14772727272727273,0.88,0.875,0.023605150214592276,0.020378457059679767,25,16,321297.1191825954,49300.0,0.09218047327223915,0.09359503946290847,0.8528067243413291,0.8533653846153846
494,0.0,49153.0,1862,127.2809637357508,127.3190390288758,99.21395820802627,99.2381112178993,0.03807529312500435,0.02415300987303226,1.5764202194740473,0.0013462223334145583,0.0010313271567480705,0.0011887747450813144,28.080927810976505,22,8,1093,769,3,0,317431.68839379353,0.020128087831655993,0.010403120936280884,0.8636363636363636,1.0,40710,31208,442488,334120,5992,4575,110306219.80710055,0.0920024949829148,0.09340356758051,0.8528125767624662,0.8534029735965137,22,8,929,651,19,3,161,910,8,0,118,643,0.16468435498627632,0.16384915474642392,0.8636363636363636,1.0,0.02045209903121636,0.01228878648233487,22,8,317431.68839379353,49400.0,0.0920024949829148,0.09340356758051,0.8528125767624662,0.8534029735965137
495,0.0,49252.5,1908,127.3190390288758,127.34321424899971,99.2381112178993,99.24676219730627,0.024175220123908048,0.008650979406965575,2.794506724226242,0.0013439910806222846,0.0010294184348032655,0.0011867047577127751,28.096452051693447,22,17,1088,820,4,4,325279.6368386558,0.02022058823529412,0.020731707317073172,0.8181818181818181,0.7647058823529411,40732,31225,443576,334940,5996,4579,110631499.44393921,0.09182642884195719,0.09322565235564578,0.8527938721398409,0.8533546837469976,22,17,932,697,18,4,152,914,13,4,119,684,0.15625,0.16097560975609757,0.8181818181818182,0.7647058823529411,0.019313304721030045,0.018651362984218076,22,17,325279.6368386558,49500.0,0.09182642884195719,0.09322565235564578,0.8527938721398409,0.8533546837469976
496,0.0,49352.0,1934,127.34321424899971,127.36806212136088,99.24676219730627,99.26565149434357,0.024847872361164036,0.018889297037304686,1.3154471715962586,0.0013417823863541179,0.0010277238270120757,0.0011847531066830968,28.102410627017306,22,21,1105,829,2,1,329770.4228231578,0.019909502262443438,0.025331724969843185,0.9090909090909091,0.9523809523809523,40754,31246,444681,335769,5998,4580,110961269.86676237,0.09164772050076347,0.09305802501124284,0.8528242626490652,0.8534212379184536,22,21,946,718,20,2,157,926,20,1,110,698,0.16018099547511314,0.15681544028950542,0.9090909090909091,0.9523809523809523,0.021141649048625793,0.027855153203342618,22,21,329770.4228231578,49600.0,0.09164772050076347,0.09305802501124284,0.8528242626490652,0.8534212379184536
497,0.0,49451.5,1807,127.36806212136088,127.39209513048996,99.26565149434357,99.28064537622723,0.02403300912908435,0.01499388188365458,1.602854371907763,0.0013395661845531858,0.0010259576599936139,0.0011827619222733998,28.111449754262736,17,22,1040,767,3,0,308154.10124644486,0.016346153846153847,0.028683181225554105,0.8235294117647058,1.0,40771,31268,445721,336536,6001,4580,111269423.96800882,0.09147201949201406,0.09291130815128248,0.8528120477790586,0.8535243699629014,17,22,873,663,14,3,164,859,22,0,104,641,0.17115384615384616,0.16427640156453716,0.8235294117647058,1.0,0.016036655211912942,0.033182503770739065,17,22,308154.10124644486,49700.0,0.09147201949201406,0.09291130815128248,0.8528120477790586,0.8535243699629014
498,0.0,49551.0,1857,127.39209513048996,127.41361305334244,99.28064537622723,99.31290486853263,0.021517922852481774,0.03225949230539982,0.6670260848736282,0.0013373083794205988,0.0010245452850198395,0.001180926832220219,28.100708184809818,17,9,1036,821,3,1,316753.7457934899,0.016409266409266408,0.010962241169305725,0.8235294117647058,0.8888888888888888,40788,31277,446757,337357,6004,4581,111586177.71380231,0.09129795392125921,0.09271187495738935,0.8527998430911052,0.8535345461521245,17,9,891,702,14,3,142,877,8,1,118,694,0.15057915057915058,0.15347137637028013,0.8235294117647058,0.8888888888888888,0.015712682379349047,0.011396011396011397,17,9,316753.7457934899,49800.0,0.09129795392125921,0.09271187495738935,0.8527998430911052,0.8535345461521245
499,0.0,49650.5,1932,127.41361305334244,127.44031289018159,99.31290486853263,99.3289126556372,0.026699836839142677,0.01600778710457007,1.6679280318214706,0.001335163469578857,0.0010228128853926367,0.0011789881774857468,28.11140023454439,25,16,1115,817,3,3,329651.14426011784,0.02242152466367713,0.019583843329253364,0.88,0.8125,40813,31293,447872,338174,6007,4584,111915828.85806243,0.09112648256644755,0.09253520377083986,0.8528165045451204,0.8535135653341003,25,16,965,713,22,3,147,943,13,3,101,700,0.1515695067264574,0.13953488372093023,0.88,0.8125,0.022797927461139896,0.0182328190743338,25,16,329651.14426011784,49900.0,0.09112648256644755,0.09253520377083986,0.8528165045451204,0.8535135653341003
500,0.0,49750.0,1963,127.44148072673518,127.48587282960311,99.3289126556372,99.3496358008219,0.04439210286793127,0.02072314518470364,2.142150840148453,0.0013334043414281297,0.0010211817225255456,0.0011772930319768377,28.13623702878121,15,23,1092,871,0,1,334952.71634538966,0.013736263736263736,0.02640642939150402,1.0,0.9565217391304348,40828,31316,448964,339045,6007,4585,112250781.57440782,0.09093824894646341,0.09236532023772656,0.8528705790144019,0.8535892195682718,15,23,975,752,15,0,117,960,22,1,118,730,0.12087912087912088,0.16073478760045926,1.0,0.9565217391304348,0.015384615384615385,0.02925531914893617,15,23,334952.71634538966,50000.0,0.09093824894646341,0.09236532023772656,0.8528705790144019,0.8535892195682718
501,0.0,49849.5,1875,127.48587282960311,127.49950405550736,99.3496358008219,99.38107782542295,0.013631225904248367,0.0314420246010485,0.4335352470843689,0.0013310149360740665,0.0010197710209756154,0.001175392978524841,28.11842623008441,17,16,1059,816,3,2,320061.56285365793,0.016052880075542966,0.0196078431372549,0.8235294117647058,0.875,40845,31332,450023,339861,6010,4587,112570843.13726148,0.09076202771858327,0.09219063087556384,0.8528583669971845,0.8536001531980084,17,16,886,707,14,3,170,872,14,2,107,693,0.17374881964117092,0.1482843137254902,0.8235294117647058,0.875,0.01580135440180587,0.019801980198019802,17,16,320061.56285365793,50100.0,0.09076202771858327,0.09219063087556384,0.8528583669971845,0.8536001531980084
502,0.0,49949.0,1825,127.49950405550736,127.52075073441887,99.38107782542295,99.40025114617471,0.021246678911509775,0.01917332075176148,1.1081376662181908,0.0013287867525143874,0.0010181215432595635,0.0011734541478869754,28.120499588244158,25,13,1049,776,4,3,311640.94315744366,0.023832221163012392,0.01675257731958763,0.84,0.7692307692307692,40870,31345,451072,340637,6014,4590,112882484.08041893,0.09060637769580022,0.09201877658621935,0.8528505015904086,0.8535651619078003,25,13,897,653,21,4,148,876,10,3,120,643,0.16110581506196378,0.16752577319587628,0.84,0.7692307692307693,0.023411371237458192,0.015313935681470138,25,13,311640.94315744366,50200.0,0.09060637769580022,0.09201877658621935,0.8528505015904086,0.8535651619078003
503,0.0,50048.5,1901,127.52075073441887,127.55006111066943,99.40025114617471,99.42277134152619,0.029310376250563763,0.022520195351475536,1.3015151863966106,0.0013267277406058212,0.0010165451623654386,0.00117163645148563,28.127289769143246,29,21,1070,831,5,1,324653.96478558605,0.027102803738317756,0.02527075812274368,0.8275862068965517,0.9523809523809523,40899,31366,452142,341468,6019,4591,113207138.04520452,0.09045609565136617,0.09185633792917638,0.8528325875938287,0.8536313205381624,29,21,915,731,24,5,150,891,20,1,99,711,0.16261682242990655,0.14320096269554752,0.8275862068965517,0.9523809523809523,0.02622950819672131,0.027359781121751026,29,21,324653.96478558605,50300.0,0.09045609565136617,0.09185633792917638,0.8528325875938287,0.8536313205381624
504,0.0,50148.0,1875,127.5519239587289,127.59026821173092,99.42277134152619,99.44870730633514,0.038344253002009054,0.02593596480895144,1.4784201507234875,0.0013248931042367915,0.0010150428101545737,0.0011699679571956826,28.141560905395778,23,17,1088,787,3,1,320293.44913016644,0.021139705882352942,0.021601016518424398,0.8695652173913043,0.9411764705882353,40922,31383,453230,342255,6022,4592,113527431.49433468,0.09028969838713236,0.09169478897313407,0.8528419920824984,0.8536787432686486,23,17,928,670,20,3,157,908,16,1,116,654,0.16268382352941177,0.16772554002541296,0.8695652173913043,0.9411764705882353,0.021551724137931036,0.023880597014925373,23,17,320293.44913016644,50400.0,0.09028969838713236,0.09169478897313407,0.8528419920824984,0.8536787432686486
505,0.0,50247.5,1896,127.59026821173092,127.6239126268873,99.44870730633514,99.46773381050595,0.03364441515638816,0.0190265041708102,1.7682920022693531,0.0013229357795780331,0.0010134095868507193,0.0011681726832143762,28.156178816381356,15,19,1109,787,0,5,323946.67840041337,0.013525698827772768,0.0241423125794155,1.0,0.736842105263158,40937,31402,454339,343042,6022,4597,113851378.1727351,0.0901023244757769,0.09153981145165899,0.852895913232528,0.853608050442647,15,19,946,675,15,0,163,931,14,5,107,661,0.16050495942290352,0.15374841168996187,1.0,0.7368421052631579,0.015856236786469344,0.02074074074074074,15,19,323946.67840041337,50500.0,0.0901023244757769,0.09153981145165899,0.852895913232528,0.853608050442647
506,0.0,50347.0,1973,127.6239126268873,127.66068521047143,99.470356019003,99.49752625569364,0.03677258358412416,0.027170236690636784,1.3534141790084764,0.0013210480128908063,0.0010119955846076881,0.001166521798749247,28.163158954777785,25,18,1110,863,5,4,337193.3849353393,0.02252252252252252,0.02085747392815759,0.8,0.7777777777777778,40962,31420,455449,343905,6027,4601,114188571.55767043,0.08993762199499834,0.09136244020877858,0.8528636297055807,0.8535646085295989,25,18,952,727,20,5,153,932,14,4,132,713,0.15585585585585585,0.16917728852838934,0.8,0.7777777777777778,0.02100840336134454,0.01925722145804677,25,18,337193.3849353393,50600.0,0.08993762199499834,0.09136244020877858,0.8528636297055807,0.8535646085295989
507,0.0,50446.5,1882,127.66068521047143,127.6966109703989,99.49752625569364,99.52304323515277,0.035925759927465606,0.025516979459126787,1.4079158540301233,0.0013191509903787428,0.0010105028315701805,0.0011648269109744615,28.173567735246124,33,17,1082,800,6,3,321728.7226219734,0.030499075785582256,0.02125,0.8181818181818181,0.8235294117647058,40995,31437,456531,344705,6033,4604,114510300.2802924,0.08979674983736044,0.0911997215009936,0.8528357116721551,0.8535483665744187,33,17,920,703,27,6,156,893,14,3,94,689,0.16913123844731978,0.135,0.8181818181818182,0.8235294117647058,0.029347826086956522,0.01991465149359886,33,17,321728.7226219734,50700.0,0.08979674983736044,0.0911997215009936,0.8528357116721551,0.8535483665744187
508,0.0,50546.0,1887,127.6966109703989,127.72992338166894,99.52557485153002,99.5440077440079,0.03331241127004603,0.018432892477875384,1.8072264735461467,0.0013172099925880375,0.0010089263399500645,0.001163068166269051,28.18591563766104,34,22,1069,818,3,3,322650.3620450157,0.031805425631431246,0.02689486552567237,0.9117647058823529,0.8636363636363636,41029,31459,457600,345523,6036,4607,114832950.64233743,0.08966127622377622,0.09104748453793235,0.8528845450778717,0.8535554213420643,34,22,919,688,31,3,147,888,19,3,127,669,0.166510757717493,0.1784841075794621,0.9117647058823529,0.8636363636363636,0.03373231773667029,0.027616279069767442,34,22,322650.3620450157,50800.0,0.08966127622377622,0.09104748453793235,0.8528845450778717,0.8535554213420643
509,0.0,50645.5,1937,127.72992338166894,127.75940606318711,99.5440077440079,99.56402482611149,0.029482681518175013,0.020017082103592543,1.4728760848157605,0.0013152013812375342,0.0010073374293038677,0.001161269405270701,28.195381237075622,23,21,1162,775,3,2,331234.0352708476,0.019793459552495698,0.027096774193548386,0.8695652173913043,0.9047619047619048,41052,31480,458762,346298,6039,4609,115164184.67760828,0.08948430776742625,0.09090436560419062,0.8528938906752411,0.85358958068615,23,21,994,658,20,3,165,974,19,2,115,639,0.15920826161790017,0.17290322580645162,0.8695652173913043,0.9047619047619048,0.02012072434607646,0.028875379939209727,23,21,331234.0352708476,50900.0,0.08948430776742625,0.09090436560419062,0.8528938906752411,0.85358958068615
510,0.0,50745.0,1928,127.75940606318711,127.80166089427814,99.56402482611149,99.59342484188197,0.04225483109102868,0.02940001577047724,1.437238381805901,0.0013134510810996376,0.0010059387287713205,0.0011596949049354792,28.208236052396174,14,16,1113,815,1,1,329782.3363861679,0.012578616352201259,0.0196319018404908,0.9285714285714286,0.9375,41066,31496,459875,347113,6040,4610,115493967.01399446,0.08929817885294918,0.0907370222377151,0.8529196902547119,0.8536322072644145,14,16,983,692,13,1,129,970,15,1,122,677,0.1275831087151842,0.16809815950920245,0.9285714285714286,0.9375,0.013224821973550356,0.02167630057803468,14,16,329782.3363861679,51000.0,0.08929817885294918,0.0907370222377151,0.8529196902547119,0.8536322072644145
511,0.0,50844.5,1863,127.80166089427814,127.81928971280297,99.59342484188197,99.6104211433462,0.017628818524826784,0.016996301464232033,1.0372149824434367,0.0013112257133973844,0.0010043027684696981,0.0011577642409335413,28.20886856945677,24,9,1024,839,5,3,318758.3141341408,0.0234375,0.010727056019070322,0.7916666666666666,0.6666666666666667,41090,31505,460899,347952,6045,4613,115812725.32812859,0.08915185322597792,0.09054409803651078,0.8528839133609151,0.8535787970163466,24,9,882,710,19,5,137,863,6,3,126,704,0.15234375,0.1573301549463647,0.7916666666666666,0.6666666666666666,0.021541950113378686,0.008450704225352112,24,9,318758.3141341408,51100.0,0.08915185322597792,0.09054409803651078,0.8528839133609151,0.8535787970163466
512,0.0,50944.0,1803,127.82173915035519,127.8619017772117,99.6104211433462,99.64087046796938,0.04016262685651384,0.030449324623177176,1.318998938516461,0.0013094969925588882,0.0010029359529965772,0.0011562164727777326,28.22103130924232,30,16,1045,758,2,2,308540.6041917229,0.028708133971291867,0.021108179419525065,0.9333333333333333,0.875,41120,31521,461944,348710,6047,4615,116121265.93232031,0.08901511871568848,0.0903931633735769,0.852942607003891,0.8535896703784778,30,16,907,643,28,2,136,879,14,2,113,629,0.1569377990430622,0.16754617414248021,0.9333333333333333,0.875,0.030871003307607496,0.02177293934681182,30,16,308540.6041917229,51200.0,0.08901511871568848,0.0903931633735769,0.852942607003891,0.8535896703784778
513,0.0,51043.5,1920,127.8619017772117,127.89255244398362,99.64087046796938,99.66685491888997,0.030650666771919077,0.025984450920589097,1.1795772350776381,0.001307541845726842,0.001001487431663652,0.001154514638695247,28.22569752509365,31,15,1148,772,5,2,328654.3965856995,0.02700348432055749,0.019430051813471502,0.8387096774193549,0.8666666666666667,41151,31536,463092,349482,6052,4617,116449920.32890601,0.08886139255266771,0.09023640702525453,0.8529318850088697,0.8535958904109588,31,15,1006,668,26,5,137,980,13,2,102,655,0.14198606271777003,0.1489637305699482,0.8387096774193549,0.8666666666666667,0.02584493041749503,0.019461077844311378,31,15,328654.3965856995,51300.0,0.08886139255266771,0.09023640702525453,0.8529318850088697,0.8535958904109588
514,0.0,51143.0,1958,127.89255244398362,127.93641247284393,99.66685491888997,99.71020467574309,0.043860028860308375,0.04334975685311804,1.0117710465809369,0.0013058512979503365,0.0010003823930194253,0.001153116845484881,28.22620779710084,20,18,1110,848,1,6,335289.352024279,0.018018018018018018,0.02122641509433962,0.95,0.6666666666666667,41171,31554,464202,350330,6053,4623,116785209.68093029,0.08869199184837635,0.09006936317186652,0.8529790386437055,0.853489256512645,20,18,955,748,19,1,154,936,12,6,94,736,0.15585585585585585,0.125,0.95,0.6666666666666666,0.019895287958115182,0.016042780748663103,20,18,335289.352024279,51400.0,0.08869199184837635,0.09006936317186652,0.8529790386437055,0.853489256512645
515,0.0,51242.5,1898,127.93641247284393,127.96709006506606,99.71224335212183,99.73905391991903,0.0306775922221334,0.026810567797198814,1.1442350812629418,0.001303911345764455,0.0009990000824344545,0.001151455714099455,28.22803614514703,22,12,1049,849,7,3,325167.4607024537,0.020972354623450904,0.014134275618374558,0.6818181818181819,0.75,41193,31566,465251,351179,6060,4626,117110377.14163274,0.08853930459042539,0.08988578474225395,0.8528876265384895,0.8534499144649306,22,12,900,728,15,7,142,885,9,3,118,719,0.14966634890371783,0.14958775029446408,0.6818181818181818,0.75,0.016666666666666666,0.012362637362637362,22,12,325167.4607024537,51500.0,0.08853930459042539,0.08988578474225395,0.8528876265384895,0.8534499144649306
516,0.0,51342.0,1871,127.96709006506606,128.0080753271231,99.74124309952406,99.77252596210084,0.04098526205703479,0.03128286257678781,1.3101506282051776,0.0013021786738164043,0.0009977127187510897,0.0011499456962837471,28.23554936502225,27,23,1078,793,3,3,320616.1683666724,0.02504638218923933,0.029003783102143757,0.8888888888888888,0.8695652173913043,41220,31589,466329,351972,6063,4629,117430993.3099994,0.0883925297375887,0.08974861636721103,0.8529112081513828,0.8534616480420399,27,23,929,670,24,3,146,905,20,3,120,650,0.15769944341372913,0.17654476670870115,0.8888888888888888,0.8695652173913043,0.02583423035522067,0.029850746268656716,27,23,320616.1683666724,51600.0,0.0883925297375887,0.08974861636721103,0.8529112081513828,0.8534616480420399
517,0.0,51441.5,1916,128.0080753271231,128.0358205757048,99.77252596210084,99.80614536115465,0.027745248581709347,0.033619399053804955,0.825274971075642,0.001300196611557218,0.0009964331854276601,0.001148314898492439,28.229675214550156,22,11,1094,822,1,0,328455.8508030683,0.02010968921389397,0.01338199513381995,0.9545454545454546,1.0,41242,31600,467423,352794,6064,4629,117759449.16080247,0.08823271426523727,0.08957068430869006,0.8529654235973037,0.853512658227848,22,11,940,722,21,1,153,919,11,0,100,711,0.1590493601462523,0.13503649635036497,0.9545454545454546,1.0,0.022340425531914895,0.015235457063711912,22,11,328455.8508030683,51700.0,0.08823271426523727,0.08957068430869006,0.8529654235973037,0.853512658227848
518,0.0,51541.0,1948,128.0358205757048,128.07863767784966,99.80614536115465,99.83004964339639,0.042817102144852015,0.023904282241744568,1.791189616648668,0.0012985131644720662,0.0009949710418697252,0.0011467421031708957,28.248588034453263,24,16,1124,824,6,3,334047.12616403116,0.021352313167259787,0.019417475728155338,0.75,0.8125,41266,31616,468547,353618,6070,4632,118093496.2869665,0.08807227449967665,0.0894072134337053,0.8529055396694616,0.8534919028340081,24,16,955,707,18,6,163,937,13,3,114,694,0.1610320284697509,0.154126213592233,0.75,0.8125,0.018848167539267015,0.018387553041018388,24,16,334047.12616403116,51800.0,0.08807227449967665,0.0894072134337053,0.8529055396694616,0.8534919028340081
519,0.0,51640.5,1872,128.07863767784966,128.09844801858355,99.83004964339639,99.84425346634133,0.019810340733897647,0.014203822944935496,1.3947189295936138,0.0012963929144583224,0.0009933276260461793,0.0011448602702522508,28.254194552242225,28,14,1116,756,1,1,321082.5370198707,0.025089605734767026,0.018518518518518517,0.9642857142857143,0.9285714285714286,41294,31630,469663,354374,6071,4633,118414578.82398637,0.08792261685506417,0.08925598379113592,0.8529810626241101,0.8535251343661081,28,14,943,651,27,1,172,916,13,1,104,638,0.17831541218637992,0.15476190476190477,0.9642857142857143,0.9285714285714286,0.02863202545068929,0.019969278033794162,28,14,321082.5370198707,51900.0,0.08792261685506417,0.08925598379113592,0.8529810626241101,0.8535251343661081
520,0.0,51740.0,1908,128.09844801858355,128.13485981474946,99.84425346634133,99.86115772105241,0.03641179616590762,0.016904254711079147,2.154001864515394,0.0012946000780106315,0.0009917424624328421,0.0011431712702217368,28.273702093697054,31,13,1132,776,4,1,327293.8963317153,0.027385159010600707,0.01675257731958763,0.8709677419354839,0.9230769230769231,41325,31643,470795,355150,6075,4634,118741872.72031808,0.08777705795516096,0.08909756440940447,0.852994555353902,0.8535537085611351,31,13,975,673,27,4,153,948,12,1,102,661,0.15901060070671377,0.14690721649484537,0.8709677419354839,0.9230769230769231,0.027692307692307693,0.017830609212481426,31,13,327293.8963317153,52000.0,0.08777705795516096,0.08909756440940447,0.852994555353902,0.8535537085611351
521,0.0,51839.5,1849,128.13485981474946,128.16962281624407,99.86115772105241,99.87284130976518,0.034763001494610535,0.011683588712770643,2.9753701837016178,0.001292782477121832,0.0009900631791788974,0.0011414228281503647,28.296781506478894,24,15,1083,766,4,2,317171.6670894709,0.0221606648199446,0.0195822454308094,0.8333333333333334,0.8666666666666667,41349,31658,471878,355916,6079,4636,119059044.38740756,0.08762646277215722,0.08894795401162071,0.8529831434859367,0.8535599216627708,24,15,938,645,20,4,141,918,13,2,119,632,0.14866112650046168,0.17232375979112272,0.8333333333333334,0.8666666666666667,0.021321961620469083,0.020155038759689922,24,15,317171.6670894709,52100.0,0.08762646277215722,0.08894795401162071,0.8529831434859367,0.8535599216627708
522,0.0,51939.0,1902,128.16962281624407,128.20518112210095,99.87284130976518,99.90162630877681,0.035558305856881134,0.028784999011634227,1.2353068291754776,0.0012909870759368644,0.0009887179431845247,0.0011398525095606946,28.30355481332414,21,17,1112,790,3,2,326306.38189623196,0.018884892086330936,0.021518987341772152,0.8571428571428572,0.8823529411764706,41370,31675,472990,356706,6082,4638,119385350.76930378,0.08746485126535444,0.08879861847011264,0.8529852550157119,0.8535753749013417,21,17,975,666,18,3,134,957,15,2,122,651,0.1366906474820144,0.17341772151898735,0.8571428571428571,0.8823529411764706,0.018461538461538463,0.02252252252252252,21,17,326306.38189623196,52200.0,0.08746485126535444,0.08879861847011264,0.8529852550157119,0.8535753749013417
523,0.0,52038.5,1859,128.20518112210095,128.2289506352502,99.90162630877681,99.93132532101338,0.023769513149233035,0.029699012236562794,0.8003469260156105,0.0012889731334044658,0.000987395327848351,0.0011381842306264084,28.29762531423681,35,17,1091,768,5,1,319040.1603454683,0.032080659945004586,0.022135416666666668,0.8571428571428572,0.9411764705882353,41405,31692,474081,357474,6087,4639,119704390.92964925,0.08733739593023133,0.08865539871431209,0.852988769472286,0.8536223652656822,35,17,938,666,30,5,148,908,16,1,101,650,0.16315307057745188,0.15234375,0.8571428571428571,0.9411764705882353,0.031982942430703626,0.024024024024024024,35,17,319040.1603454683,52300.0,0.08733739593023133,0.08865539871431209,0.852988769472286,0.8536223652656822
524,0.0,52138.0,1885,128.23095426887156,128.27619135646725,99.93132532101338,99.94747954473715,0.04523708759569445,0.016154223723773953,2.8003256838098407,0.0012874148014937142,0.0009858192723319185,0.0011366170369128165,28.328711811730102,21,20,1105,780,3,0,323584.21648413286,0.019004524886877826,0.02564102564102564,0.8571428571428572,1.0,41426,31712,475186,358254,6090,4639,120027975.14613338,0.08717849431590997,0.08851820216941053,0.852990875295708,0.8537146821392533,21,20,941,675,18,3,161,923,20,0,105,655,0.16199095022624435,0.16025641025641027,0.8571428571428571,1.0,0.019128586609989374,0.02962962962962963,21,20,323584.21648413286,52400.0,0.08717849431590997,0.08851820216941053,0.852990875295708,0.8537146821392533
525,0.0,52237.5,1921,128.27619135646725,128.31743689093335,99.94747954473715,99.96493268433645,0.0412455344660998,0.017453139599297174,2.363215754474383,0.001285748212052128,0.0009842739620912729,0.0011350110870717006,28.352504206596905,21,15,1091,830,2,2,329788.0317705928,0.01924839596700275,0.018072289156626505,0.9047619047619048,0.8666666666666667,41447,31727,476277,359084,6092,4641,120357763.17790397,0.08702288794126108,0.08835537088814874,0.853017106183801,0.853720805622971,21,15,953,703,19,2,136,934,13,2,125,690,0.14207149404216315,0.16626506024096385,0.9047619047619048,0.8666666666666667,0.01993704092339979,0.01849217638691323,21,15,329788.0317705928,52500.0,0.08702288794126108,0.08835537088814874,0.853017106183801,0.853720805622971
526,0.0,52337.0,1849,128.31743689093335,128.3609344676923,99.96493268433645,99.99758117297863,0.04349757675893784,0.03264848864218095,1.3322998572969214,0.0012841307739447844,0.0009830234125177567,0.0011335770932312706,28.36335329471366,15,11,1041,808,5,2,317499.77651517285,0.01440922190201729,0.013613861386138614,0.6666666666666667,0.8181818181818181,41462,31738,477318,359892,6097,4643,120675262.95441914,0.08686452218437185,0.08818756738132551,0.8529496888717379,0.8537084882475267,15,11,892,690,10,5,144,882,9,2,116,681,0.14793467819404418,0.1547029702970297,0.6666666666666666,0.8181818181818182,0.011210762331838564,0.013043478260869565,15,11,317499.77651517285,52600.0,0.08686452218437185,0.08818756738132551,0.8529496888717379,0.8537084882475267
527,0.0,52436.5,1909,128.3609344676923,128.38585388277343,99.99758117297863,100.02469802614647,0.02491941508114337,0.02711685316783985,0.9189641189891973,0.0012821669473354232,0.0009816726442429193,0.0011319197957891712,28.361155856626965,18,17,1100,809,3,3,327862.63992988935,0.016363636363636365,0.021013597033374538,0.8333333333333334,0.8235294117647058,41480,31755,478418,360701,6100,4646,121003125.59434903,0.0867024234038017,0.08803690591376237,0.8529411764705882,0.8536923319162337,18,17,946,694,15,3,151,931,14,3,112,680,0.1509090909090909,0.1557478368355995,0.8333333333333334,0.8235294117647058,0.015856236786469344,0.020172910662824207,18,17,327862.63992988935,52700.0,0.0867024234038017,0.08803690591376237,0.8529411764705882,0.8536923319162337
528,0.0,52536.0,1948,128.3886382900308,128.42476834776886,100.02469802614647,100.06169577263948,0.036130057738063215,0.03699774649301446,0.97654752418191,0.0012804756172267468,0.000980514130645736,0.0011304948739362414,28.36307257512938,22,23,1142,806,3,0,334720.4612266959,0.01926444833625219,0.028535980148883373,0.8636363636363636,1.0,41502,31778,479560,361507,6103,4646,121337846.05557573,0.08654183001084327,0.08790424528432368,0.8529468459351357,0.8537982251872365,22,23,991,688,19,3,148,972,23,0,118,665,0.14623467600700527,0.17493796526054592,0.8636363636363636,1.0,0.01917255297679112,0.03343023255813953,22,23,334720.4612266959,52800.0,0.08654183001084327,0.08790424528432368,0.8529468459351357,0.8537982251872365
529,0.0,52635.5,1793,128.42476834776886,128.45335949695763,100.06169577263948,100.08224497382021,0.02859114918877026,0.020549201180728005,1.391350882076349,0.0012785955338140077,0.0009790490604777995,0.0011288222971459036,28.37111452313742,24,12,1081,712,1,2,308169.01150757726,0.022201665124884366,0.016853932584269662,0.9583333333333334,0.8333333333333334,41526,31790,480641,362219,6104,4648,121646015.0670833,0.08639712384087084,0.08776458440887971,0.8530077541781053,0.8537905001572822,24,12,943,615,23,1,137,920,10,2,95,605,0.14801110083256244,0.14747191011235955,0.9583333333333334,0.8333333333333334,0.024390243902439025,0.016260162601626018,24,12,308169.01150757726,52900.0,0.08639712384087084,0.08776458440887971,0.8530077541781053,0.8537905001572822
530,0.0,52735.0,1986,128.45509837606207,128.48547682258157,100.08224497382021,100.10648324298327,0.030378446519506497,0.02423826916306382,1.2533257352302847,0.0012767890766865085,0.0009776591239328049,0.0011272241003096567,28.3789935795983,30,15,1169,817,7,1,341378.47825181024,0.02566295979469632,0.01835985312117503,0.7666666666666666,0.9333333333333333,41556,31805,481810,363036,6111,4649,121987393.54533511,0.08624976650546896,0.08760839145429103,0.8529454230436038,0.8538280144631347,30,15,1018,700,23,7,144,995,14,1,116,686,0.14285714285714285,0.1591187270501836,0.7666666666666667,0.9333333333333333,0.022593320235756387,0.02,30,15,341378.47825181024,53000.0,0.08624976650546896,0.08760839145429103,0.8529454230436038,0.8538280144631347
531,0.0,52834.5,1937,128.48547682258157,128.52682664357326,100.10648324298327,100.13256151595694,0.04134982099168383,0.026078272973663275,1.5856042703994797,0.0012751632935099177,0.0009763090742262206,0.0011257361838680692,28.394265127616322,22,12,1117,820,2,4,333061.7125460843,0.019695613249776187,0.014634146341463415,0.9090909090909091,0.6666666666666667,41578,31817,482927,363856,6113,4653,122320455.2578812,0.08609582814793955,0.08744393386394618,0.852975131078936,0.853757425275796,22,12,975,703,20,2,140,955,8,4,113,695,0.1432408236347359,0.1475609756097561,0.9090909090909091,0.6666666666666666,0.020512820512820513,0.011379800853485065,22,12,333061.7125460843,53100.0,0.08609582814793955,0.08744393386394618,0.852975131078936,0.853757425275796
532,0.0,52934.0,1932,128.52682664357326,128.56235624623926,100.13256151595694,100.15112164305992,0.0355296026660028,0.018560127102986712,1.9142973789379572,0.0012734342197000495,0.0009748227813630696,0.0011241285005315596,28.411234603179338,22,16,1097,835,2,1,332241.36294173315,0.020054694621695533,0.019161676646706587,0.9090909090909091,0.9375,41600,31833,484024,364691,6115,4654,122652696.62082292,0.08594615143050757,0.08728759415505181,0.8530048076923077,0.8537995162253008,22,16,947,742,20,2,148,927,15,1,92,727,0.15314494074749316,0.1281437125748503,0.9090909090909091,0.9375,0.021119324181626188,0.02021563342318059,22,16,332241.36294173315,53200.0,0.08594615143050757,0.08728759415505181,0.8530048076923077,0.8537995162253008
533,0.0,53033.5,1911,128.56235624623926,128.5750503654516,100.15112164305992,100.16356745586269,0.012694119212341093,0.012445812802766909,1.0199509998671186,0.001271283200886585,0.0009732273504937724,0.0011222552756901785,28.411482909588912,22,15,1112,799,0,4,328670.2753016115,0.019784172661870502,0.01877346683354193,1.0,0.7333333333333334,41622,31848,485136,365490,6115,4658,122981366.89612453,0.08579449886217473,0.08713781498809817,0.8530825044447647,0.8537427781964331,22,15,961,675,22,0,151,939,11,4,120,664,0.15557553956834533,0.1639549436795995,1.0,0.7333333333333333,0.022892819979188347,0.016296296296296295,22,15,328670.2753016115,53300.0,0.08579449886217473,0.08713781498809817,0.8530825044447647,0.8537427781964331
534,0.0,53133.0,1846,128.5750503654516,128.59912249799737,100.16356745586269,100.18518385327091,0.024072132545768454,0.02161639740822352,1.1136051993849216,0.0012693533097340964,0.0009718096288150991,0.0011205814692745977,28.413938644726457,20,17,1030,816,2,5,317582.16934143234,0.019417475728155338,0.020833333333333332,0.9,0.7058823529411764,41642,31865,486166,366306,6117,4663,123298949.06546596,0.08565387131144506,0.08699011209207602,0.8531050381826041,0.8536638945551546,20,17,883,703,18,2,145,865,12,5,108,691,0.15825242718446603,0.14705882352941177,0.9,0.7058823529411765,0.020385050962627407,0.017069701280227598,20,17,317582.16934143234,53400.0,0.08565387131144506,0.08699011209207602,0.8531050381826041,0.8536638945551546
535,0.0,53232.5,1930,128.59912249799737,128.63447382912364,100.18518385327091,100.21593584991716,0.03535133112626454,0.03075199664624506,1.1495621417018163,0.0012676414592696637,0.0009705679658948138,0.0011191047125822388,28.418537979206477,33,22,1105,825,0,3,332113.73712148383,0.02986425339366516,0.02666666666666667,1.0,0.8636363636363636,41675,31887,487271,367131,6117,4666,123631062.80258743,0.08552735541413299,0.08685455600317053,0.8532213557288543,0.8536707749239502,33,22,948,688,33,0,157,915,19,3,134,669,0.17194570135746606,0.18545454545454546,1.0,0.8636363636363636,0.03481012658227848,0.027616279069767442,33,22,332113.73712148383,53500.0,0.08552735541413299,0.08685455600317053,0.8532213557288543,0.8536707749239502
536,0.0,53332.0,1905,128.63447382912364,128.6620348383155,100.21593584991716,100.24289868629273,0.027561009191856556,0.026962836375574284,1.0221850849795668,0.0012657906544798296,0.0009692602427564946,0.001117525448618162,28.41913615202276,19,11,1097,808,3,1,327907.04512795084,0.01731996353691887,0.013613861386138614,0.8421052631578947,0.9090909090909091,41694,31898,488368,367939,6120,4667,123958969.8477154,0.08537414408806474,0.08669371825221028,0.8532162901136854,0.853689886513261,19,11,937,693,16,3,157,921,10,1,114,683,0.1577028258887876,0.15346534653465346,0.8421052631578947,0.9090909090909091,0.017075773745997867,0.01443001443001443,19,11,327907.04512795084,53600.0,0.08537414408806474,0.08669371825221028,0.8532162901136854,0.853689886513261
537,0.0,53431.5,1921,128.6620348383155,128.6920811168138,100.24289868629273,100.27082237551879,0.03004627849830399,0.027923689226057036,1.0760139269228888,0.0012639930234379362,0.0009679752830721447,0.0011159841532550404,28.421258741295006,21,19,1102,819,4,2,330773.49536405335,0.019056261343012703,0.0231990231990232,0.8095238095238095,0.8947368421052632,41715,31917,489470,368758,6124,4669,124289743.34307945,0.08522483502563998,0.08655269851772707,0.8531942946182428,0.8537143215214462,21,19,947,704,17,4,151,930,17,2,113,687,0.15245009074410162,0.15873015873015872,0.8095238095238095,0.8947368421052632,0.01795142555438226,0.024147727272727272,21,19,330773.49536405335,53700.0,0.08522483502563998,0.08655269851772707,0.8531942946182428,0.8537143215214462
538,0.0,53531.0,1943,128.69473374717683,128.7414254910255,100.27082237551879,100.29805325006711,0.04669174384866892,0.02723087454832296,1.714661927798587,0.001262560775703139,0.0009666822225933548,0.001114621499148247,28.443372240958382,18,22,1137,806,3,5,334630.42860327003,0.0158311345646438,0.02729528535980149,0.8333333333333334,0.7727272727272727,41733,31939,490607,369564,6127,4674,124624373.77168272,0.08506401253956833,0.08642346115963676,0.8531857283205138,0.8536585365853658,18,22,991,678,15,3,143,976,17,5,123,661,0.13896218117854,0.17369727047146402,0.8333333333333334,0.7727272727272727,0.015136226034308779,0.025073746312684365,18,22,334630.42860327003,53800.0,0.08506401253956833,0.08642346115963676,0.8531857283205138,0.8536585365853658
539,0.0,53630.5,1947,128.7414254910255,128.77993157532404,100.29805325006711,100.32838946832418,0.03850608429854674,0.030336218257062342,1.2693106296986254,0.0012609327609856664,0.0009654515731684518,0.001113192167077059,28.451542106999867,25,26,1126,821,4,3,335395.6998147743,0.022202486678507993,0.031668696711327646,0.84,0.8846153846153846,41758,31965,491733,370385,6131,4677,124959769.4714975,0.08492006841110929,0.08630209106740283,0.8531778341874611,0.853683716564993,25,26,991,699,21,4,131,970,23,3,119,676,0.1349911190053286,0.17295980511571254,0.84,0.8846153846153846,0.02119071644803229,0.032904148783977114,25,26,335395.6998147743,53900.0,0.08492006841110929,0.08630209106740283,0.8531778341874611,0.853683716564993
540,0.0,53730.0,1977,128.77993157532404,128.82902670843205,100.32838946832418,100.36499079311736,0.04909513310801117,0.03660132479318179,1.341348527284913,0.0012595068694488043,0.0009643415021957914,0.001111924185822298,28.464035915314696,21,14,1157,820,4,2,340663.0170938901,0.018150388936905792,0.01707317073170732,0.8095238095238095,0.8571428571428572,41779,31979,492890,371205,6135,4679,125300432.4885914,0.08476333461827183,0.08614916286149163,0.8531558917159339,0.8536852309327997,21,14,988,714,17,4,165,971,12,2,104,702,0.15730337078651685,0.14146341463414633,0.8095238095238095,0.8571428571428571,0.01720647773279352,0.01680672268907563,21,14,340663.0170938901,54000.0,0.08476333461827183,0.08614916286149163,0.8531558917159339,0.8536852309327997
541,0.0,53829.5,1993,128.82902670843205,128.8541962977273,100.36499079311736,100.38959036389966,0.025169589295245487,0.024599570782299907,1.0231718885662722,0.001257644002579125,0.0009630136911156199,0.0011103288468473724,28.46460593382764,27,15,1143,850,2,3,343556.96891949105,0.023622047244094488,0.01764705882352941,0.9259259259259259,0.8,41806,31994,494033,372055,6137,4682,125643989.45751089,0.08462187748591693,0.08599266237518646,0.853202889537387,0.8536600612614865,27,15,1004,743,25,2,137,979,12,3,104,731,0.14173228346456693,0.13647058823529412,0.9259259259259259,0.8,0.0249003984063745,0.016150740242261104,27,15,343556.96891949105,54100.0,0.08462187748591693,0.08599266237518646,0.853202889537387,0.8536600612614865
542,0.0,53929.0,1919,128.8562536268197,128.90067125385494,100.38959036389966,100.41078918556985,0.04441762703524432,0.02119882167019682,2.095287545990849,0.001256181097705873,0.0009616280352587681,0.0011089045664823207,28.489882068285084,20,14,1102,817,0,1,330866.6674423896,0.018148820326678767,0.017135862913096694,1.0,0.9285714285714286,41826,32008,495135,372872,6137,4683,125974856.12495328,0.0844739313520555,0.08584179021219078,0.8532730837278248,0.8536928267933017,20,14,955,694,20,0,147,935,13,1,122,681,0.1515426497277677,0.16523867809057527,1.0,0.9285714285714286,0.020942408376963352,0.018731988472622477,20,14,330866.6674423896,54200.0,0.0844739313520555,0.08584179021219078,0.8532730837278248,0.8536928267933017
543,0.0,54028.5,1957,128.90067125385494,128.933225615326,100.41078918556985,100.43261830020072,0.032554361471056836,0.021829114630861568,1.4913276155063169,0.0012544672165217194,0.0009602590907118986,0.001107363153616809,28.50060731512528,22,14,1148,809,4,2,337477.0357849333,0.01916376306620209,0.0173053152039555,0.8181818181818181,0.8571428571428572,41848,32022,496283,373681,6141,4685,126312333.16073821,0.08432285611233913,0.08569341229551408,0.85325463582489,0.853694335144588,22,14,984,703,18,4,160,966,12,2,104,691,0.15505226480836237,0.1433868974042027,0.8181818181818182,0.8571428571428571,0.018292682926829267,0.017069701280227598,22,14,337477.0357849333,54300.0,0.08432285611233913,0.08569341229551408,0.85325463582489,0.853694335144588
544,0.0,54128.0,1933,128.933225615326,128.97249577637285,100.43261830020072,100.47442881606963,0.039270161046857766,0.041810515868917264,0.9392412466274292,0.001252883088569416,0.0009592624842192098,0.0011060727863943128,28.49806696030322,24,18,1098,835,2,4,333438.930106539,0.02185792349726776,0.02155688622754491,0.9166666666666666,0.7777777777777778,41872,32040,497381,374516,6143,4689,126645772.09084475,0.0841849608248003,0.08555041707163379,0.8532909820405044,0.8536516853932584,24,18,935,732,22,2,161,913,14,4,99,718,0.16666666666666666,0.13532934131736526,0.9166666666666666,0.7777777777777778,0.023529411764705882,0.01912568306010929,24,18,333438.930106539,54400.0,0.0841849608248003,0.08555041707163379,0.8532909820405044,0.8536516853932584
545,0.0,54227.5,1925,128.97342626794816,129.01598769250154,100.47442881606963,100.5007895669002,0.04256142455338363,0.02636075083056255,1.614575579692445,0.0012513822373266957,0.0009579860530707445,0.0011046841451987201,28.515198125601344,20,16,1126,799,4,1,332136.20277866756,0.017761989342806393,0.02002503128911139,0.8,0.9375,41892,32056,498507,375315,6147,4690,126977908.29362342,0.08403492829589153,0.08541092149261287,0.8532655399598968,0.853693536311455,20,16,990,677,16,4,132,974,15,1,121,662,0.13143872113676733,0.1702127659574468,0.8,0.9375,0.01616161616161616,0.022156573116691284,20,16,332136.20277866756,54500.0,0.08403492829589153,0.08541092149261287,0.8532655399598968,0.853693536311455
546,0.0,54327.0,1907,129.01598769250154,129.0669348301606,100.5007895669002,100.52743649780591,0.05094713765905112,0.026646930905712907,1.9119326664418388,0.0012500234262264461,0.0009567195388875693,0.0011033714825570077,28.539498332354682,19,25,1128,779,2,6,329125.2843960929,0.016843971631205674,0.03209242618741977,0.8947368421052632,0.76,41911,32081,499635,376094,6149,4696,127307033.57801951,0.08388323476137581,0.08530048338979085,0.8532843406265658,0.8536205230510271,19,25,985,672,17,2,141,968,19,6,101,653,0.1400709219858156,0.1540436456996149,0.8947368421052632,0.76,0.017258883248730966,0.028273809523809524,19,25,329125.2843960929,54600.0,0.08388323476137581,0.08530048338979085,0.8532843406265658,0.8536205230510271
547,0.0,54426.5,1896,129.0669348301606,129.10703894499827,100.52743649780591,100.54645946960504,0.04010411483767484,0.019022971799131483,2.1081939909886134,0.0012484713562486587,0.0009553182777890388,0.0011018948170188488,28.560579475393226,26,21,1090,806,2,1,327271.2689445894,0.023853211009174313,0.026054590570719603,0.9230769230769231,0.9523809523809523,41937,32102,500725,376900,6151,4697,127634304.8469641,0.08375255878975485,0.08517378615017246,0.8533276104633141,0.8536851286524204,26,21,940,680,24,2,148,916,20,1,125,660,0.1577981651376147,0.17990074441687345,0.9230769230769231,0.9523809523809523,0.02553191489361702,0.029411764705882353,26,21,327271.2689445894,54700.0,0.08375255878975485,0.08517378615017246,0.8533276104633141,0.8536851286524204
548,0.0,54526.0,2009,129.10703894499827,129.1537528028018,100.54645946960504,100.58186960857796,0.04671385780352466,0.03541013897292089,1.3192226621659982,0.0012470455665073935,0.0009542211666794405,0.001100633366593417,28.57188319422383,29,10,1173,836,5,1,346835.91577874025,0.0247229326513214,0.011961722488038277,0.8275862068965517,0.9,41966,32112,501898,377736,6156,4698,127981140.76274285,0.08361459898226332,0.08501175424105725,0.853309822237049,0.8536995515695067,29,10,1024,707,24,5,144,1000,9,1,128,698,0.1432225063938619,0.1638755980861244,0.8275862068965517,0.9,0.0234375,0.01272984441301273,29,10,346835.91577874025,54800.0,0.08361459898226332,0.08501175424105725,0.853309822237049,0.8536995515695067
549,0.0,54625.5,1917,129.1537528028018,129.1798994509559,100.58186960857796,100.60992388504836,0.026146648154110608,0.028054276470399486,0.9320022272432636,0.0012452503404874185,0.0009529940657650954,0.0010991222031262568,28.56997556590754,14,18,1103,814,2,2,331091.54210245033,0.012692656391659111,0.022113022113022112,0.8571428571428572,0.8888888888888888,41980,32130,503001,378550,6158,4700,128312232.3048453,0.08345907861018169,0.08487650244353453,0.853311100524059,0.8537192654839714,14,18,971,697,12,2,130,959,16,2,115,681,0.128739800543971,0.16093366093366093,0.8571428571428571,0.8888888888888888,0.012358393408856848,0.02295552367288379,14,18,331091.54210245033,54900.0,0.08345907861018169,0.08487650244353453,0.853311100524059,0.8537192654839714
550,0.0,54725.0,1941,129.1798994509559,129.22357175802833,100.60992388504836,100.62952788299405,0.043672307072426975,0.019603997945694118,2.227724528099091,0.001243780290906031,0.0009516177856081715,0.0010976990382571012,28.594043875034274,14,18,1137,804,1,0,335312.8581226475,0.012313104661389622,0.022388059701492536,0.9285714285714286,1.0,41994,32148,504138,379354,6159,4700,128647545.16296795,0.08329862061578377,0.0847440649103476,0.853336190884412,0.8538011695906433,14,18,989,700,13,1,147,976,18,0,104,682,0.14072119613016712,0.1517412935323383,0.9285714285714286,1.0,0.01314459049544995,0.025714285714285714,14,18,335312.8581226475,55000.0,0.08329862061578377,0.0847440649103476,0.853336190884412,0.8538011695906433
551,0.0,54824.5,2013,129.22357175802833,129.25477568125868,100.62952788299405,100.66118256831092,0.031203923230350483,0.031654685316865994,0.9857600199779797,0.0012420892907996743,0.0009504652067834174,0.0010962772487915458,28.593593112947758,28,23,1123,890,2,3,347829.99302931695,0.024933214603739984,0.025842696629213482,0.9285714285714286,0.8695652173913043,42022,32171,505261,380244,6161,4703,128995375.15599726,0.08316889686716371,0.08460620022932644,0.8533863214506687,0.8538124397749526,28,23,968,762,26,2,153,942,20,3,125,742,0.15939447907390916,0.16292134831460675,0.9285714285714286,0.8695652173913043,0.026859504132231406,0.026246719160104987,28,23,347829.99302931695,55100.0,0.08316889686716371,0.08460620022932644,0.8533863214506687,0.8538124397749526
552,0.0,54924.0,1852,129.25477568125868,129.30017147044336,100.66118256831092,100.68293825442029,0.045395789184681234,0.02175568610937262,2.0866172161366205,0.0012406615165262088,0.00094913747427311,0.0010948994953996595,28.617233216023067,17,10,1048,804,1,1,320078.0418198402,0.016221374045801526,0.012437810945273632,0.9411764705882353,0.9,42039,32181,506309,381048,6162,4704,129315453.1978171,0.08303032337959626,0.08445392706430686,0.8534218225933062,0.8538267922065815,17,10,898,677,16,1,149,882,9,1,126,668,0.15744274809160305,0.16791044776119404,0.9411764705882353,0.9,0.017817371937639197,0.013293943870014771,17,10,320078.0418198402,55200.0,0.08303032337959626,0.08445392706430686,0.8534218225933062,0.8538267922065815
553,0.0,55023.5,1920,129.30017147044336,129.34479937508576,100.68293825442029,100.70414776546018,0.04462790464239674,0.021209511039884887,2.1041458503438917,0.0012392250201969102,0.0009478046671051638,0.001093514843651037,28.64065160962558,21,11,1125,795,5,4,331876.5968431438,0.018666666666666668,0.013836477987421384,0.7619047619047619,0.6363636363636364,42060,32192,507434,381843,6167,4708,129647329.79466024,0.0828876267652542,0.0843069010038157,0.8533761293390395,0.8537524850894632,21,11,953,697,16,5,167,937,7,4,94,690,0.16266666666666665,0.1270440251572327,0.7619047619047619,0.6363636363636364,0.016789087093389297,0.010043041606886656,21,11,331876.5968431438,55300.0,0.0828876267652542,0.0843069010038157,0.8533761293390395,0.8537524850894632
554,0.0,55123.0,1947,129.34479937508576,129.38271367784816,100.70414776546018,100.74468481016415,0.037914302762402485,0.04053704470396724,0.9353001196629395,0.001237672525625479,0.0009468255439642513,0.0010922490347948651,28.638028867684014,20,17,1109,838,2,5,336639.4847800666,0.018034265103697024,0.02028639618138425,0.9,0.7058823529411764,42080,32209,508543,382681,6169,4713,129983969.27944031,0.08274619845322814,0.08416670804142354,0.853398288973384,0.8536744388214474,20,17,950,729,18,2,157,932,12,5,104,717,0.15779981965734896,0.13842482100238662,0.9,0.7058823529411765,0.018947368421052633,0.01646090534979424,20,17,336639.4847800666,55400.0,0.08274619845322814,0.08416670804142354,0.853398288973384,0.8536744388214474
555,0.0,55222.5,1887,129.38271367784816,129.40923402810455,100.74468481016415,100.77195688014974,0.026520350256390657,0.0272720699855995,0.9724362789621113,0.00123592032918753,0.0009456109406415338,0.001090765634914532,28.637277147954805,31,22,1084,803,4,5,326381.4488335935,0.02859778597785978,0.0273972602739726,0.8709677419354839,0.7727272727272727,42111,32231,509627,383484,6173,4718,130310350.72827391,0.08263102229669934,0.08404783511176477,0.8534112227209043,0.8536191864974714,31,22,934,688,27,4,146,907,17,5,110,671,0.1595940959409594,0.1581569115815691,0.8709677419354839,0.7727272727272727,0.028907922912205567,0.024709302325581394,31,22,326381.4488335935,55500.0,0.08263102229669934,0.08404783511176477,0.8534112227209043,0.8536191864974714
556,0.0,55322.0,1871,129.40923402810455,129.44951985195206,100.77195688014974,100.80012259109769,0.04028582384751189,0.0281657109479454,1.4303144671890704,0.001234422016074738,0.0009444167790746955,0.0010894193975747167,28.64939726085437,26,19,1065,806,4,5,323697.5054583402,0.024413145539906103,0.02357320099255583,0.8461538461538461,0.736842105263158,42137,32250,510692,384290,6177,4723,130634048.23373225,0.08250961440555168,0.08392099716360041,0.8534067446662078,0.8535503875968993,26,19,895,692,22,4,166,873,14,5,109,678,0.17652582159624414,0.15260545905707196,0.8461538461538461,0.7368421052631579,0.024581005586592177,0.02023121387283237,26,19,323697.5054583402,55600.0,0.08250961440555168,0.08392099716360041,0.8534067446662078,0.8535503875968993
557,0.0,55421.5,1894,129.44951985195206,129.4902260349317,100.80012259109769,100.82586975057184,0.040706182979647565,0.025747159474150294,1.5809970424316466,0.0012329366297438975,0.0009431834843092858,0.0010880600570265916,28.66435628435987,23,16,1074,820,2,2,327795.06336742063,0.021415270018621976,0.01951219512195122,0.9130434782608696,0.875,42160,32266,511766,385110,6179,4725,130961843.29709968,0.08238140087461848,0.08378385396380254,0.8534392789373814,0.853561023988099,23,16,931,696,21,2,141,910,14,2,122,682,0.15083798882681565,0.16585365853658537,0.9130434782608695,0.875,0.022556390977443608,0.020114942528735632,23,16,327795.06336742063,55700.0,0.08238140087461848,0.08378385396380254,0.8534392789373814,0.853561023988099
558,0.0,55521.0,1956,129.4902260349317,129.5299552390304,100.82586975057184,100.8463696926167,0.03972920409867697,0.020499942044864383,1.9380154349572847,0.001231439058796304,0.000941860573800575,0.0010866498162984395,28.68358554641368,30,20,1117,839,9,0,338561.6908642243,0.02685765443151298,0.023837902264600714,0.7,1.0,42190,32286,512883,385949,6188,4725,131300404.9879639,0.08226047656093105,0.08365353971638739,0.8533301730267836,0.8536517375952425,30,20,954,722,21,9,154,933,20,0,117,702,0.1566696508504924,0.1632896305125149,0.7,1.0,0.0220125786163522,0.027700831024930747,30,20,338561.6908642243,55800.0,0.08226047656093105,0.08365353971638739,0.8533301730267836,0.8536517375952425
559,0.0,55620.5,1950,129.5299552390304,129.5695071034438,100.8463696926167,100.8675175925383,0.03955186441342562,0.021147899921601265,1.8702502168088022,0.0012299436734391268,0.0009405539877995292,0.0010852488306193281,28.701989510905506,31,16,1141,809,4,2,337553.1042683066,0.02716914986853637,0.019777503090234856,0.8709677419354839,0.875,42221,32302,514024,386758,6192,4727,131637958.09223221,0.08213818810016653,0.08351992718961211,0.8533431230904053,0.8536623119311497,31,16,986,714,27,4,151,959,14,2,93,700,0.15600350569675722,0.13226205191594562,0.8709677419354839,0.875,0.02738336713995943,0.0196078431372549,31,16,337553.1042683066,55900.0,0.08213818810016653,0.08351992718961211,0.8533431230904053,0.8536623119311497
560,0.0,55720.0,1890,129.5695071034438,129.60875282414088,100.8675175925383,100.89065724387306,0.039245720697067554,0.023139651334759037,1.696037685672252,0.0012284481618918617,0.0009392876351665794,0.0010838678985292205,28.718095580267814,22,13,1096,794,0,2,327234.7337532042,0.020072992700729927,0.0163727959697733,1.0,0.8461538461538461,42243,32315,515120,387552,6192,4729,131965192.82598542,0.08200613449293369,0.083382359012468,0.8534195014558625,0.8536592913507659,22,13,952,692,22,0,144,930,11,2,100,681,0.15145985401459855,0.1397984886649874,1.0,0.8461538461538461,0.023109243697478993,0.015895953757225433,22,13,327234.7337532042,56000.0,0.08200613449293369,0.083382359012468,0.8534195014558625,0.8536592913507659
561,0.0,55819.5,1927,129.60875282414088,129.6427923695414,100.89065724387306,100.91062508252118,0.03403954540053178,0.01996783864811391,1.70471857272079,0.001226865180237875,0.0009379692586092078,0.0010824172194235414,28.732167287020232,23,8,1111,816,6,2,333685.0944124696,0.020702070207020702,0.00980392156862745,0.7391304347826086,0.75,42266,32323,516231,388368,6198,4731,132298877.9203979,0.08187419972841616,0.08322776335846414,0.8533573084748971,0.8536336354917551,23,8,964,723,17,6,141,947,6,2,91,717,0.1422142214221422,0.11887254901960784,0.7391304347826086,0.75,0.017634854771784232,0.008298755186721992,23,8,333685.0944124696,56100.0,0.08187419972841616,0.08322776335846414,0.8533573084748971,0.8536336354917551
562,0.0,55919.0,1934,129.6427923695414,129.68986540526595,100.91062508252118,100.93463363208345,0.04707303572453725,0.024008549562267945,1.9606780327337083,0.0012255197446097744,0.0009367274725540717,0.001081123608581923,28.7552317731825,24,17,1113,821,4,3,334972.8647230489,0.0215633423180593,0.020706455542021926,0.8333333333333334,0.8235294117647058,42290,32340,517344,389189,6202,4734,132633850.78512093,0.08174444856807077,0.08309587372716085,0.8533459446677701,0.8536178107606679,24,17,935,698,20,4,174,915,14,3,120,684,0.17430368373764601,0.16321559074299635,0.8333333333333334,0.8235294117647058,0.0213903743315508,0.02005730659025788,24,17,334972.8647230489,56200.0,0.08174444856807077,0.08309587372716085,0.8533459446677701,0.8536178107606679
563,0.0,56018.5,1993,129.68986540526595,129.7177202044247,100.93463363208345,100.97022366581334,0.02785479915874589,0.035590033729889115,0.7826572846249639,0.0012238377343912624,0.0009356958080154301,0.0010797667712033462,28.747496538611358,15,19,1140,853,1,3,345266.9827630792,0.013157894736842105,0.022274325908558032,0.9333333333333333,0.8421052631578947,42305,32359,518484,390042,6203,4737,132979117.76788402,0.08159364609129693,0.08296286040990457,0.8533743056376315,0.8536110510213542,15,19,990,751,14,1,149,976,16,3,99,735,0.14298245614035088,0.13481828839390386,0.9333333333333333,0.8421052631578947,0.014141414141414142,0.02130492676431425,15,19,345266.9827630792,56300.0,0.08159364609129693,0.08296286040990457,0.8533743056376315,0.8536110510213542
564,0.0,56118.0,1853,129.7177202044247,129.7438860471421,100.97022366581334,100.99373214319407,0.026165842717404075,0.02350847738073014,1.113038598529234,0.0012221317427117992,0.000934453589869671,0.001078292666290735,28.750153903948032,25,15,1045,808,1,2,321123.2264294048,0.023923444976076555,0.018564356435643563,0.96,0.8666666666666667,42330,32374,519529,390850,6204,4739,133300240.99431342,0.08147764609867784,0.08282973007547653,0.8534372785258681,0.8536171001420894,25,15,898,698,24,1,146,874,13,2,108,685,0.16267942583732056,0.14975247524752475,0.96,0.8666666666666667,0.026726057906458798,0.01862464183381089,25,15,321123.2264294048,56400.0,0.08147764609867784,0.08282973007547653,0.8534372785258681,0.8536171001420894
565,0.0,56217.5,1949,129.74724883406157,129.79102791902042,100.99373214319407,101.02952595166916,0.04377908495885663,0.03579380847509128,1.2230909988056247,0.0012208030470942264,0.0009334332084446821,0.0010771181277694543,28.761501967351265,20,26,1153,796,1,5,337875.5749458947,0.017346053772766695,0.032663316582914576,0.95,0.8076923076923077,42350,32400,520682,391646,6205,4744,133638116.56925932,0.08133563288149005,0.08272776946528243,0.8534828807556081,0.8535802469135803,20,26,1005,666,19,1,147,986,21,5,125,645,0.14397224631396358,0.18341708542713567,0.95,0.8076923076923077,0.01890547263681592,0.03153153153153153,20,26,337875.5749458947,56500.0,0.08133563288149005,0.08272776946528243,0.8534828807556081,0.8535802469135803
566,0.0,56317.0,1905,129.79102791902042,129.8100063182459,101.02952595166916,101.05694446042955,0.01897839922548883,0.02741850876039109,0.6921747419358238,0.0012189814586581146,0.0009322684591145747,0.0010756249588863447,28.753061857816363,23,23,1049,856,4,0,330344.7277674024,0.0219256434699714,0.026869158878504672,0.8260869565217391,1.0,42373,32423,521731,392502,6209,4744,133968461.29702672,0.08121618228550728,0.082605948504721,0.8534680102895712,0.8536841131295685,23,23,914,745,19,4,131,895,23,0,111,722,0.14299332697807435,0.15654205607476634,0.8260869565217391,1.0,0.020787746170678335,0.03087248322147651,23,23,330344.7277674024,56600.0,0.08121618228550728,0.082605948504721,0.8534680102895712,0.8536841131295685
567,0.0,56416.5,1917,129.8100063182459,129.84449669365122,101.05694446042955,101.08497828468295,0.03449037540531208,0.02803382425339862,1.2303128925098656,0.0012174398754048429,0.00093111867037281,0.0010742792728888264,28.759518408968276,23,12,1125,792,3,2,332573.3064224373,0.020444444444444446,0.015151515151515152,0.8695652173913043,0.8333333333333334,42396,32435,522856,393294,6212,4746,134301034.60344917,0.08108542313753692,0.08247011141792146,0.8534767430889707,0.853676583937105,23,12,989,686,20,3,133,969,10,2,104,676,0.136,0.14393939393939395,0.8695652173913043,0.8333333333333334,0.020222446916076844,0.014577259475218658,23,12,332573.3064224373,56700.0,0.08108542313753692,0.08247011141792146,0.8534767430889707,0.853676583937105
568,0.0,56516.0,1889,129.84575417635602,129.87566687981052,101.08497828468295,101.10905155646577,0.02991270345449948,0.024073271782825145,1.2425690917443313,0.0012158452662255968,0.0009299032021464991,0.0010728742341860479,28.76661532334475,24,17,1109,780,4,3,327792.77008074854,0.02164111812443643,0.021794871794871794,0.8333333333333334,0.8235294117647058,42420,32452,523965,394074,6216,4749,134628827.3735299,0.08095960608055881,0.08235001547932622,0.8534653465346534,0.8536607913225687,24,17,952,654,20,4,153,932,14,3,123,640,0.15599639314697927,0.17564102564102563,0.8333333333333334,0.8235294117647058,0.02100840336134454,0.021406727828746176,24,17,327792.77008074854,56800.0,0.08095960608055881,0.08235001547932622,0.8534653465346534,0.8536607913225687
569,0.0,56615.5,1963,129.87566687981052,129.90235286786296,101.10905155646577,101.14013868387983,0.02668598805243505,0.03108712741405384,0.8584256659356333,0.0012141774535969479,0.0009288152725717962,0.001071496363084372,28.762214183983133,24,8,1117,846,1,1,340740.0775788603,0.021486123545210387,0.009456264775413711,0.9583333333333334,0.875,42444,32460,525082,394920,6217,4750,134969567.45110878,0.08083308892706283,0.08219386204800973,0.8535246442371125,0.8536660505237215,24,8,976,726,23,1,140,953,7,1,119,719,0.1459265890778872,0.14893617021276595,0.9583333333333334,0.875,0.0235655737704918,0.009641873278236915,24,8,340740.0775788603,56900.0,0.08083308892706283,0.08219386204800973,0.8535246442371125,0.8536660505237215
570,0.0,56715.0,1870,129.90235286786296,129.9580690821637,101.14013868387983,101.16151582015857,0.05571621430073037,0.021377136278744047,2.606346031303114,0.001213024795157317,0.0009275608095721745,0.0010702928023647459,28.79655326200512,20,23,1094,776,1,3,324672.7265393056,0.018281535648994516,0.029639175257731958,0.95,0.8695652173913043,42464,32483,526176,395696,6218,4753,135294240.1776481,0.08070303472602323,0.0820907969754559,0.8535700828937453,0.8536773081304067,20,23,932,664,19,1,161,913,20,3,109,644,0.16453382084095064,0.16623711340206185,0.95,0.8695652173913043,0.0203862660944206,0.030120481927710843,20,23,324672.7265393056,57000.0,0.08070303472602323,0.0820907969754559,0.8535700828937453,0.8536773081304067
571,0.0,56814.5,1952,129.9580690821637,129.98941795586455,101.16151582015857,101.20286148972701,0.03134887370086403,0.0413456695684431,0.7582141981996325,0.0012114494255283349,0.0009266604521047704,0.0010690549388165525,28.78655646613754,17,14,1112,840,2,0,338991.39354160475,0.015287769784172662,0.016666666666666666,0.8823529411764706,1.0,42481,32497,527288,396536,6220,4753,135633231.5711897,0.08056508018388434,0.08195220610486816,0.8535816011864128,0.8537403452626396,17,14,954,722,15,2,156,939,14,0,118,708,0.15377697841726617,0.15714285714285714,0.8823529411764706,1.0,0.015723270440251572,0.019390581717451522,17,14,338991.39354160475,57100.0,0.08056508018388434,0.08195220610486816,0.8535816011864128,0.8537403452626396
572,0.0,56914.0,1980,129.98941795586455,130.03340630013625,101.20286148972701,101.229686169018,0.04398834427169618,0.02682467929098209,1.6398460460432853,0.0012101005339499934,0.00092550937927401,0.0010678049566120017,28.803720131118254,29,25,1161,819,5,2,343967.247860093,0.024978466838931956,0.030525030525030524,0.8275862068965517,0.92,42510,32522,528449,397355,6225,4755,135977198.8190498,0.08044295665239219,0.08184620805073549,0.8535638673253352,0.853791279749093,29,25,971,706,24,5,185,947,23,2,111,683,0.18001722652885443,0.16361416361416362,0.8275862068965517,0.92,0.024716786817713696,0.032577903682719546,29,25,343967.247860093,57200.0,0.08044295665239219,0.08184620805073549,0.8535638673253352,0.853791279749093
573,0.0,57013.5,1860,130.03340630013625,130.06158884294126,101.229686169018,101.26393344710614,0.028182542805012645,0.034247278088145094,0.8229133635810959,0.0012084805075871664,0.0009244918633954889,0.0010664861854913278,28.797655395835122,23,13,1057,803,4,4,323266.30573314225,0.021759697256385997,0.0161892901618929,0.8260869565217391,0.6923076923076923,42533,32535,529506,398158,6229,4759,136300465.12478295,0.08032581311637639,0.08171379201221625,0.8535490090047728,0.8537267558014446,23,13,904,678,19,4,149,885,9,4,121,669,0.15894039735099338,0.16189290161892902,0.8260869565217391,0.6923076923076923,0.02101769911504425,0.01327433628318584,23,13,323266.30573314225,57300.0,0.08032581311637639,0.08171379201221625,0.8535490090047728,0.8537267558014446
574,0.0,57113.0,1966,130.06158884294126,130.1166559408685,101.26393344710614,101.29048140673258,0.05506709792723541,0.026547959626441298,2.0742497239746274,0.001207334497955956,0.0009233437584004871,0.0010653391281782215,28.826174534135916,24,17,1152,814,2,4,341755.38373767753,0.020833333333333332,0.020884520884520884,0.9166666666666666,0.7647058823529411,42557,32552,530658,398972,6231,4763,136642220.50852063,0.08019666150326575,0.0815896854917137,0.853584604177926,0.8536802654214795,24,17,982,692,22,2,168,960,13,4,118,679,0.16493055555555555,0.16093366093366093,0.9166666666666666,0.7647058823529411,0.02240325865580448,0.01878612716763006,24,17,341755.38373767753,57400.0,0.08019666150326575,0.0815896854917137,0.853584604177926,0.8536802654214795
575,0.0,57212.5,1923,130.1166559408685,130.15314929909826,101.29048140673258,101.31636889722776,0.03649335822976241,0.025887490495179577,1.4096908403136919,0.0012058694528852458,0.0009221881603944894,0.0010640288066398676,28.8367804018705,26,20,1102,821,5,2,334336.6784887578,0.023593466424682397,0.024360535931790498,0.8076923076923077,0.9,42583,32572,531760,399793,6236,4765,136976557.1870094,0.08007935910937265,0.08147216184375414,0.853556583613179,0.8537087068647918,26,20,960,704,21,5,137,939,18,2,115,686,0.14337568058076225,0.16199756394640683,0.8076923076923077,0.9,0.021875,0.02556818181818182,26,20,334336.6784887578,57500.0,0.08007935910937265,0.08147216184375414,0.853556583613179,0.8537087068647918
576,0.0,57312.0,1942,130.15314929909826,130.19003932705752,101.31636889722776,101.33809377935836,0.03689002795925944,0.021724882130598644,1.6980542282114979,0.001204416381403835,0.0009209643073752385,0.0010626903443895367,28.85194554769916,27,24,1127,815,2,2,337729.2188277858,0.023957409050576754,0.029447852760736196,0.9259259259259259,0.9166666666666666,42610,32596,532887,400608,6238,4767,137314286.40583718,0.07996066708326531,0.0813663231887531,0.85360244074161,0.853755061970794,27,24,969,692,25,2,156,944,22,2,121,670,0.160603371783496,0.1754601226993865,0.9259259259259259,0.9166666666666666,0.025799793601651185,0.031791907514450865,27,24,337729.2188277858,57600.0,0.07996066708326531,0.0813663231887531,0.85360244074161,0.853755061970794
577,0.0,57411.5,1954,130.19003932705752,130.22914091588845,101.33809377935836,101.36487826407088,0.03910158883093118,0.026784484712521817,1.459859663182211,0.0012030066751766348,0.0009198323845671795,0.0010614195298719073,28.86426265181757,29,23,1124,830,2,4,339874.17447224836,0.025800711743772242,0.027710843373493974,0.9310344827586207,0.8260869565217391,42639,32619,534011,401438,6240,4771,137654160.58030942,0.07984666982515341,0.08125538688415147,0.8536551044818124,0.8537355528986174,29,23,982,734,27,2,140,955,19,4,92,715,0.148576512455516,0.13373493975903614,0.9310344827586207,0.8260869565217391,0.0274949083503055,0.025885558583106268,29,23,339874.17447224836,57700.0,0.07984666982515341,0.08125538688415147,0.8536551044818124,0.8537355528986174
578,0.0,57511.0,1883,130.22914091588845,130.25875011398145,101.36487826407088,101.39581287524493,0.029609198092998668,0.030934611174046722,0.9571543642947082,0.001201437618612194,0.0009187761799429119,0.001060106899277553,28.86293723873652,26,27,1103,780,4,4,327619.11252335965,0.02357207615593835,0.03461538461538462,0.8461538461538461,0.8518518518518519,42665,32646,535114,402218,6244,4775,137981779.69283277,0.07973067421147643,0.08116494040545177,0.8536505332239541,0.8537339949764137,26,27,955,667,22,4,144,933,23,4,109,644,0.15049864007252947,0.16923076923076924,0.8461538461538461,0.8518518518518519,0.023036649214659685,0.034482758620689655,26,27,327619.11252335965,57800.0,0.07973067421147643,0.08116494040545177,0.8536505332239541,0.8537339949764137
579,0.0,57610.5,1985,130.25875011398145,130.3142765073237,101.39581287524493,101.42866114756636,0.05552639334226228,0.03284827232143073,1.6903900698009007,0.001200321601884751,0.0009177566748362994,0.0010590391383605252,28.885615359757352,41,21,1142,843,7,3,345485.52116546733,0.03590192644483362,0.02491103202846975,0.8292682926829268,0.8571428571428572,42706,32667,536256,403061,6251,4778,138327265.21399823,0.0796373373910968,0.08104728564658947,0.8536271249941461,0.8537361863654452,41,21,996,710,34,7,139,962,18,3,130,692,0.15148861646234676,0.17556346381969157,0.8292682926829268,0.8571428571428571,0.03413654618473896,0.02535211267605634,41,21,345485.52116546733,57900.0,0.0796373373910968,0.08104728564658947,0.8536271249941461,0.8537361863654452
580,0.0,57710.0,1893,130.3142765073237,130.34464564759512,101.42866114756636,101.46429088701754,0.030369140271403694,0.03562973945118131,0.8523537005656324,0.0011987756877482499,0.0009167886415943606,0.0010577821646713052,28.880354760577575,29,25,1110,783,5,3,329579.89991424605,0.026126126126126126,0.031928480204342274,0.8275862068965517,0.88,42735,32692,537366,403844,6256,4781,138656845.11391246,0.07952680296111031,0.08095205079188994,0.8536094536094536,0.8537562706472531,29,25,955,690,24,5,150,931,22,3,90,668,0.15675675675675677,0.14303959131545338,0.8275862068965517,0.88,0.025130890052356022,0.03188405797101449,29,25,329579.89991424605,58000.0,0.07952680296111031,0.08095205079188994,0.8536094536094536,0.8537562706472531
581,0.0,57809.5,1877,130.34464564759512,130.38019672491012,101.46429088701754,101.49658872431439,0.03555107731500584,0.032297837296852094,1.1007262495086885,0.0011973242851413682,0.0009157665929392388,0.0010565454390403036,28.88360800059573,31,18,1071,806,4,3,326924.71426844224,0.028944911297852476,0.022332506203473945,0.8709677419354839,0.8333333333333334,42766,32710,538437,404650,6260,4784,138983769.8281809,0.07942619099356099,0.08083528975657976,0.8536220361969789,0.8537450321002751,31,18,928,683,27,4,139,901,15,3,120,668,0.1549953314659197,0.1674937965260546,0.8709677419354839,0.8333333333333334,0.029094827586206896,0.021961932650073207,31,18,326924.71426844224,58100.0,0.07942619099356099,0.08083528975657976,0.8536220361969789,0.8537450321002751
582,0.0,57909.0,2035,130.3820181383039,130.4183038841808,101.49658872431439,101.52786678574091,0.036285745876909914,0.031278061426519344,1.1601021361939257,0.0011959217891062573,0.0009147305345566373,0.0010553261618314472,28.89043709843989,45,25,1179,856,8,5,354560.30418888485,0.03816793893129771,0.029205607476635514,0.8222222222222222,0.8,42811,32735,539616,405506,6268,4789,139338330.1323698,0.0793360463737176,0.08072630244681953,0.8535890308565556,0.8537039865587293,45,25,1005,720,37,8,166,968,20,5,131,700,0.17217981340118746,0.1764018691588785,0.8222222222222222,0.8,0.03681592039800995,0.027777777777777776,45,25,354560.30418888485,58200.0,0.0793360463737176,0.08072630244681953,0.8535890308565556,0.8537039865587293
583,0.0,58008.5,1971,130.4183038841808,130.47033182144526,101.52786678574091,101.57337265893659,0.052027937264455204,0.04550587319567967,1.1433235670641904,0.0011947628827315374,0.000913942075203979,0.0010543524789677582,28.896959162508665,36,19,1137,834,3,3,343512.0073645263,0.0316622691292876,0.022781774580335732,0.9166666666666666,0.8421052631578947,42847,32754,540753,406340,6271,4792,139681842.1397343,0.07923580636630773,0.0806073731357976,0.8536420286134385,0.8536972583501252,36,19,997,712,33,3,137,964,16,3,119,696,0.14951627088830255,0.1618705035971223,0.9166666666666666,0.8421052631578947,0.033099297893681046,0.02247191011235955,36,19,343512.0073645263,58300.0,0.07923580636630773,0.0806073731357976,0.8536420286134385,0.8536972583501252
584,0.0,58108.0,1961,130.47033182144526,130.5139520609449,101.57487809351628,101.6199230691579,0.04362023949963145,0.04504497564163046,0.9683708089147623,0.0011934639777867852,0.0009131742019625563,0.0010533190898746707,28.894028991786982,31,22,1149,812,1,1,341944.2501084622,0.026979982593559618,0.027093596059113302,0.967741935483871,0.9545454545454546,42878,32776,541902,407152,6272,4793,140023786.38984275,0.07912500784274648,0.08050064840649192,0.8537245207332431,0.8537649499633878,31,22,1006,704,30,1,142,976,21,1,107,683,0.1496953872932985,0.15763546798029557,0.967741935483871,0.9545454545454546,0.02982107355864811,0.029829545454545456,31,22,341944.2501084622,58400.0,0.07912500784274648,0.08050064840649192,0.8537245207332431,0.8537649499633878
585,0.0,58207.5,1889,130.5139520609449,130.5668408280616,101.6199230691579,101.65898043799129,0.05288876711671264,0.039057368833383066,1.3541303138553364,0.0011923279499122218,0.0009122808677512251,0.0010523044088317235,28.90786039007031,26,18,1109,780,5,1,329558.6822435223,0.023444544634806132,0.023076923076923078,0.8076923076923077,0.9444444444444444,42904,32794,543011,407932,6277,4794,140353345.07208627,0.07901129074733293,0.08039084945530138,0.8536966250233078,0.8538147222052814,26,18,972,668,21,5,132,951,17,1,111,651,0.13796212804328223,0.1641025641025641,0.8076923076923077,0.9444444444444444,0.021604938271604937,0.025449101796407185,26,18,329558.6822435223,58500.0,0.07901129074733293,0.08039084945530138,0.8536966250233078,0.8538147222052814
586,0.0,58307.0,1920,130.5668408280616,130.59541031082364,101.65898043799129,101.68647960584805,0.028569482762037524,0.02749916785676021,1.0389217197717564,0.0011907807944134302,0.0009111933435376012,0.0010509870689755156,28.90893070497559,30,21,1124,796,3,1,335082.79512568424,0.026690391459074734,0.026381909547738693,0.9,0.9523809523809523,42934,32815,544135,408728,6280,4795,140688427.86721197,0.07890321335697943,0.08028566675148265,0.8537289793636744,0.8538777997866829,30,21,967,697,27,3,154,940,20,1,98,677,0.1610320284697509,0.14824120603015076,0.9,0.9523809523809523,0.027921406411582212,0.028694404591104734,30,21,335082.79512568424,58600.0,0.07890321335697943,0.08028566675148265,0.8537289793636744,0.8538777997866829
587,0.0,58406.5,1995,130.59541031082364,130.66678586563052,101.68647960584805,101.72827979149268,0.07137555480687752,0.04180018564463239,1.7075415744246325,0.0011899681449307306,0.0009103531536106995,0.001050160649270715,28.938506074137834,35,15,1181,814,6,0,348302.66967740864,0.029635901778154106,0.018427518427518427,0.8285714285714285,1.0,42969,32830,545316,409542,6286,4795,141036730.53688937,0.07879651431463591,0.08016271835367313,0.8537084875142544,0.8539445628997868,35,15,1002,688,29,6,173,973,15,0,126,673,0.1710414902624894,0.1732186732186732,0.8285714285714286,1.0,0.028942115768463075,0.02180232558139535,35,15,348302.66967740864,58700.0,0.07879651431463591,0.08016271835367313,0.8537084875142544,0.8539445628997868
588,0.0,58506.0,2020,130.66678586563052,130.71192187408428,101.72827979149268,101.76464440219671,0.04513600845376686,0.036364610704026745,1.2412069751311496,0.0011887120087735997,0.0009094233797219743,0.001049067694247787,28.947277471887574,51,26,1174,846,7,4,352774.35136402416,0.0434412265758092,0.030732860520094562,0.8627450980392157,0.8461538461538461,43020,32856,546490,410388,6293,4799,141389504.8882534,0.0787205621328844,0.08006082049182725,0.8537192003719201,0.8539383978573167,51,26,1008,729,44,7,159,964,22,4,113,707,0.17291311754684838,0.1595744680851064,0.8627450980392157,0.8461538461538461,0.04365079365079365,0.03017832647462277,51,26,352774.35136402416,58800.0,0.0787205621328844,0.08006082049182725,0.8537192003719201,0.8539383978573167
589,0.0,58605.5,1935,130.71192187408428,130.74875649100434,101.76464440219671,101.7968535893901,0.036834616920060625,0.032209187193387834,1.1436059127757914,0.0011873191975009798,0.0009084262124761541,0.001047872704988567,28.951902901614247,30,30,1125,810,0,3,338043.5070623481,0.02666666666666667,0.037037037037037035,1.0,0.9,43050,32886,547615,411198,6293,4802,141727548.39531574,0.07861362453548569,0.07997606992251907,0.8538211382113821,0.853980417198808,30,30,984,687,30,0,141,954,27,3,120,660,0.152,0.1814814814814815,1.0,0.9,0.03048780487804878,0.039301310043668124,30,30,338043.5070623481,58900.0,0.07861362453548569,0.07997606992251907,0.8538211382113821,0.853980417198808
590,0.0,58705.0,1950,130.74875649100434,130.81559368537285,101.7987870488899,101.83177144660733,0.0668371943685031,0.03298439771742778,2.0263275667813305,0.0011864396258843427,0.000907478335119707,0.0010469589805020248,28.983822238765512,35,25,1115,835,7,3,340755.93346937525,0.03139013452914798,0.029940119760479042,0.8,0.88,43085,32911,548730,412033,6300,4805,142068304.32878512,0.07851766806990687,0.07987467023272408,0.8537774167343624,0.854000182309866,35,25,946,715,28,7,162,918,22,3,117,693,0.17040358744394618,0.1664670658682635,0.8,0.88,0.02959830866807611,0.03076923076923077,35,25,340755.93346937525,59000.0,0.07851766806990687,0.07987467023272408,0.8537774167343624,0.854000182309866
591,0.0,58804.5,1944,130.81559368537285,130.87091367076164,101.83177144660733,101.8771928539096,0.05531998538879179,0.04542140730227118,1.2179275956961744,0.0011853681541889173,0.00090671139051379,0.0010460397723513536,28.993720816852033,30,32,1096,848,4,2,339803.93447327614,0.02737226277372263,0.03773584905660377,0.8666666666666667,0.9375,43115,32943,549826,412881,6304,4807,142408108.2632584,0.0784157169722785,0.07978812297005675,0.8537863852487533,0.8540812919284826,30,32,941,733,26,4,151,915,30,2,113,703,0.16149635036496351,0.16863207547169812,0.8666666666666667,0.9375,0.02763018065887354,0.040927694406548434,30,32,339803.93447327614,59100.0,0.0784157169722785,0.07978812297005675,0.8537863852487533,0.8540812919284826
592,0.0,58904.0,1968,130.87091367076164,130.92694816291598,101.87855316539007,101.9101393629223,0.05603449215433898,0.031586197532220694,1.7740182906530257,0.0011843123717013404,0.0009057363123036769,0.0010450243420025086,29.016808799993683,35,33,1110,858,3,11,344161.3949249377,0.03153153153153153,0.038461538461538464,0.9142857142857143,0.6666666666666667,43150,32976,550936,413739,6307,4818,142752269.65818334,0.0783212569155038,0.07970242109155772,0.8538354577056779,0.8538937409024745,35,33,962,727,32,3,145,930,22,11,120,705,0.15945945945945947,0.1655011655011655,0.9142857142857143,0.6666666666666666,0.033264033264033266,0.030261348005502064,35,33,344161.3949249377,59200.0,0.0783212569155038,0.07970242109155772,0.8538354577056779,0.8538937409024745
593,0.0,59003.5,1886,130.92694816291598,130.97195468008817,101.9101393629223,101.94717784250302,0.04500651717219739,0.0370384795807297,1.2151286359932896,0.0011830741808076146,0.0009048335272842901,0.0010439538540459523,29.02477683758515,37,22,1075,811,5,3,329903.04286871926,0.03441860465116279,0.027127003699136867,0.8648648648648649,0.8636363636363636,43187,32998,552011,414550,6312,4821,143082172.70105207,0.07823575979464177,0.07959956579423472,0.8538449070322087,0.8539002363779623,37,22,922,696,32,5,148,890,19,3,112,677,0.16744186046511628,0.16152897657213316,0.8648648648648649,0.8636363636363636,0.03470715835140998,0.027298850574712645,37,22,329903.04286871926,59300.0,0.07823575979464177,0.07959956579423472,0.8538449070322087,0.8539002363779623
594,0.0,59103.0,2044,130.97195468008817,131.01795578524926,101.94717784250302,101.99076574020195,0.04600110516108202,0.043587897698927236,1.0553641627504824,0.0011818569028123338,0.0009040440415093826,0.001042950472160858,29.027190045047305,47,30,1185,859,5,4,357657.9794429566,0.039662447257383965,0.034924330616996506,0.8936170212765957,0.8666666666666667,43234,33028,553196,415409,6317,4825,143439830.68049502,0.07815313198215461,0.07950718448565149,0.8538881435906925,0.8539118323846433,47,30,1043,740,42,5,137,1001,26,4,115,714,0.15105485232067511,0.16414435389988358,0.8936170212765957,0.8666666666666667,0.040268456375838924,0.03513513513513514,47,30,357657.9794429566,59400.0,0.07815313198215461,0.07950718448565149,0.8538881435906925,0.8539118323846433
595,0.0,59202.5,1950,131.01795578524926,131.07248792567844,101.99076574020195,102.02918759877483,0.0545321404291883,0.03842185857287461,1.4192999103819346,0.0011807870952517954,0.0009031703852811799,0.0010419787402664877,29.04330032690362,36,24,1122,828,8,2,341398.25960648875,0.03208556149732621,0.028985507246376812,0.7777777777777778,0.9166666666666666,43270,33052,554318,416237,6325,4827,143781228.9401015,0.0780598862025047,0.07940668417271891,0.853824820892073,0.8539574004598813,36,24,959,706,28,8,155,931,22,2,120,684,0.16310160427807488,0.17149758454106281,0.7777777777777778,0.9166666666666666,0.029197080291970802,0.031161473087818695,36,24,341398.25960648875,59500.0,0.0780598862025047,0.07940668417271891,0.853824820892073,0.8539574004598813
596,0.0,59302.0,1940,131.07248792567844,131.12645054956823,102.02918759877483,102.05546789210162,0.05396262388978812,0.026280293326792048,2.0533493754719503,0.0011797113220028794,0.0009020959432476006,0.00104090363262524,29.070982657466615,38,25,1113,827,4,5,339725.93721785705,0.034141958670260555,0.030229746070133012,0.8947368421052632,0.8,43308,33077,555431,417064,6329,4832,144120954.87731937,0.07797188129578651,0.0793091707747492,0.8538607185739355,0.853916618798561,38,25,955,709,34,4,154,921,20,5,113,689,0.16891284815813118,0.1608222490931076,0.8947368421052632,0.8,0.0356020942408377,0.028208744710860368,38,25,339725.93721785705,59600.0,0.07797188129578651,0.0793091707747492,0.8538607185739355,0.853916618798561
597,0.0,59401.5,1883,131.12645054956823,131.1661542798391,102.05546789210162,102.08694904383307,0.039703730270872484,0.03148115173145527,1.2611905247164574,0.0011784003102452676,0.0009011122172410125,0.0010397562637431401,29.079205236006032,33,33,1083,800,6,0,329825.6622378368,0.030470914127423823,0.04125,0.8181818181818181,1.0,43341,33110,556514,417864,6335,4832,144450780.5395572,0.07787944238599569,0.07923630654949936,0.8538335525253224,0.8540622168529145,33,33,939,699,27,6,138,912,33,0,101,666,0.1523545706371191,0.1675,0.8181818181818182,1.0,0.02875399361022364,0.04721030042918455,33,33,329825.6622378368,59700.0,0.07787944238599569,0.07923630654949936,0.8538335525253224,0.8540622168529145
598,0.0,59501.0,1928,131.1661542798391,131.20492931467848,102.08761571049973,102.11913856161107,0.038775034839375166,0.03152285111133324,1.230061161105906,0.0011770781531184257,0.0009001436268740209,0.0010386108899962233,29.085790753067414,34,24,1116,812,5,1,337804.4445968,0.03046594982078853,0.029556650246305417,0.8529411764705882,0.9583333333333334,43375,33134,557630,418676,6340,4833,144788584.984154,0.07778455248103582,0.07913995547869952,0.8538328530259366,0.8541377437073701,34,24,986,717,29,5,125,957,23,1,94,694,0.13799283154121864,0.1440886699507389,0.8529411764705882,0.9583333333333334,0.029411764705882353,0.03207810320781032,34,24,337804.4445968,59800.0,0.07778455248103582,0.07913995547869952,0.8538328530259366,0.8541377437073701
599,0.0,59600.5,1930,131.20492931467848,131.25705659743676,102.11913856161107,102.15990931658375,0.052127282758277715,0.040770754972683676,1.2785459281586247,0.0011759833195198687,0.0008993215299171808,0.0010376524247185247,29.097147280853008,41,32,1096,834,6,0,338291.1499791852,0.037408759124087594,0.03836930455635491,0.8536585365853658,1.0,43416,33166,558726,419510,6346,4833,145126876.13413316,0.07770535110232923,0.07905890205239446,0.8538326884098029,0.854278477959356,41,32,944,727,35,6,146,909,32,0,107,695,0.16514598540145986,0.16666666666666666,0.8536585365853658,1.0,0.037076271186440676,0.04401650618982118,41,32,338291.1499791852,59900.0,0.07770535110232923,0.07905890205239446,0.8538326884098029,0.854278477959356
600,0.0,59700.0,1911,131.25705659743676,131.31782296875204,102.15990931658375,102.20328588829591,0.06076637131528173,0.04337657171215881,1.400903043203122,0.0011750361201759236,0.0008985456035625214,0.0010367908618692226,29.11453708045613,40,28,1115,796,4,6,335142.5478479694,0.03587443946188341,0.035175879396984924,0.9,0.7857142857142857,43456,33194,559841,420306,6350,4839,145462018.68198112,0.0776220391146772,0.07897579382640267,0.8538751840942562,0.8542206422847503,40,28,972,676,36,4,139,936,22,6,114,654,0.15695067264573992,0.1708542713567839,0.9,0.7857142857142857,0.037037037037037035,0.03254437869822485,40,28,335142.5478479694,60000.0,0.0776220391146772,0.07897579382640267,0.8538751840942562,0.8542206422847503
601,0.0,59799.5,1977,131.31782296875204,131.37452910276488,102.20328588829591,102.24453728641429,0.05670613401284186,0.041251398118376414,1.3746475658865187,0.0011740245148846632,0.0008977368986999944,0.0010358807067923287,29.129991816350596,43,29,1182,795,4,5,346786.93729840085,0.03637901861252115,0.03647798742138365,0.9069767441860466,0.8275862068965517,43499,33223,561023,421101,6354,4844,145808805.6192795,0.07753514561791584,0.07889556187232992,0.8539276764983104,0.8541973933720615,43,29,1046,663,39,4,132,1007,24,5,127,639,0.1446700507614213,0.189937106918239,0.9069767441860465,0.8275862068965517,0.0372848948374761,0.03619909502262444,43,29,346786.93729840085,60100.0,0.07753514561791584,0.07889556187232992,0.8539276764983104,0.8541973933720615
602,0.0,59899.0,1988,131.37452910276488,131.4269000438499,102.24453728641429,102.28838345518677,0.052370941085030154,0.04384616877248959,1.1944245655024999,0.0011729442572367655,0.0008969739830671454,0.0010349591201519555,29.138516588663137,31,34,1140,848,3,5,348858.2419774268,0.027192982456140352,0.04009433962264151,0.9032258064516129,0.8529411764705882,43530,33257,562163,421949,6357,4849,146157663.86125693,0.0774330576718852,0.07881758221965214,0.8539627842866988,0.8541961090898157,31,34,1000,738,28,3,137,972,29,5,105,709,0.14473684210526316,0.1580188679245283,0.9032258064516129,0.8529411764705882,0.028,0.03929539295392954,31,34,348858.2419774268,60200.0,0.0774330576718852,0.07881758221965214,0.8539627842866988,0.8541961090898157
603,0.0,59998.5,1970,131.4269000438499,131.48955403652027,102.28838345518677,102.33235855220411,0.06265399267036287,0.043975097017337816,1.4247607605199968,0.0011720381140683856,0.0008962157359479186,0.0010341269250081521,29.157195484316162,45,35,1129,841,8,2,345853.44779072044,0.03985828166519043,0.041617122473246136,0.8222222222222222,0.9428571428571428,43575,33292,563292,422790,6365,4851,146503517.30904764,0.07735774695894847,0.0787435842853426,0.8539300057372347,0.8542893187552565,45,35,980,730,37,8,141,943,33,2,109,697,0.15766164747564215,0.16884661117717004,0.8222222222222222,0.9428571428571428,0.03775510204081633,0.045205479452054796,45,35,345853.44779072044,60300.0,0.07735774695894847,0.0787435842853426,0.8539300057372347,0.8542893187552565
604,0.0,60098.0,1924,131.49167574184762,131.5554822571512,102.33235855220411,102.37367567182336,0.0638065153035825,0.041317119619250775,1.5443117983919987,0.0011711891804462677,0.0008954159933324295,0.0010333025868893486,29.181806585327834,38,26,1083,841,2,4,337918.495494863,0.03508771929824561,0.030915576694411414,0.9473684210526316,0.8461538461538461,43613,33318,564375,423631,6367,4855,146841435.8045425,0.0772766334440753,0.07864863525096133,0.8540114186137161,0.8542829701662765,38,26,956,708,36,2,125,920,22,4,129,686,0.14866112650046168,0.17954815695600476,0.9473684210526315,0.8461538461538461,0.03765690376569038,0.031073446327683617,38,26,337918.495494863,60400.0,0.0772766334440753,0.07864863525096133,0.8540114186137161,0.8542829701662765
605,0.0,60197.5,2035,131.5554822571512,131.61262007734385,102.37367567182336,102.42006187011721,0.05713782019265068,0.04638619829384538,1.2317849337575881,0.0011701977573412765,0.0008947026809185552,0.001032450219129916,29.19255820722664,47,42,1148,887,8,6,357534.8360695396,0.040940766550522645,0.04735062006764374,0.8297872340425532,0.8571428571428572,43660,33360,565523,424518,6375,4861,147198970.64061207,0.07720287238538485,0.07858324028663095,0.8539853412734768,0.8542865707434053,47,42,988,778,39,8,152,949,36,6,103,742,0.16637630662020905,0.15670800450958286,0.8297872340425532,0.8571428571428571,0.039473684210526314,0.04627249357326478,47,42,357534.8360695396,60500.0,0.07720287238538485,0.07858324028663095,0.8539853412734768,0.8542865707434053
606,0.0,60297.0,1996,131.61262007734385,131.65774280275255,102.42212619414921,102.46085340336046,0.04512272540870299,0.038727209211245395,1.165142707871666,0.0011690113373689097,0.0008938994014656079,0.0010314553694172589,29.19688939939209,55,36,1145,851,7,6,350852.0267583854,0.048034934497816595,0.04230317273795535,0.8727272727272728,0.8333333333333334,43715,33396,566668,425369,6382,4867,147549822.66737044,0.07714393613191499,0.07851065780534078,0.8540089214228526,0.8542639837106241,55,36,993,737,48,7,145,945,30,6,108,707,0.1685589519650655,0.16216216216216217,0.8727272727272727,0.8333333333333334,0.04833836858006042,0.0407055630936228,55,36,350852.0267583854,60600.0,0.07714393613191499,0.07851065780534078,0.8540089214228526,0.8542639837106241
607,0.0,60396.5,2038,131.65774280275255,131.72334476480603,102.46085340336046,102.51058563813973,0.06560196205347779,0.04973223477927036,1.3191034415534115,0.001168166210982033,0.0008932460620032143,0.0010307061364926238,29.2127591266663,48,29,1202,836,8,3,358349.0846207645,0.03993344425956739,0.034688995215311005,0.8333333333333334,0.896551724137931,43763,33425,567870,426205,6390,4870,147908171.7519912,0.07706517336714389,0.07842470172804167,0.8539862440874711,0.8543006731488407,48,29,1030,714,40,8,164,990,26,3,119,688,0.16971713810316139,0.173444976076555,0.8333333333333334,0.896551724137931,0.038834951456310676,0.036414565826330535,48,29,358349.0846207645,60700.0,0.07706517336714389,0.07842470172804167,0.8539862440874711,0.8543006731488407
608,0.0,60496.0,1978,131.72334476480603,131.78520160797942,102.51058563813973,102.56664636436253,0.06185684317338769,0.05606072622279612,1.103389972644248,0.0011672622672661644,0.0008926989587141103,0.0010299806129901374,29.21855524361689,28,28,1137,841,3,4,348013.7587778329,0.024626209322779244,0.03329369797859691,0.8928571428571429,0.8571428571428572,43791,33453,569007,427046,6393,4874,148256185.51076904,0.07696038888801017,0.07833582330709105,0.8540110981708571,0.854303052043165,28,28,992,712,25,3,142,967,24,4,125,688,0.1468777484608619,0.17717003567181927,0.8928571428571429,0.8571428571428571,0.025201612903225805,0.033707865168539325,28,28,348013.7587778329,60800.0,0.07696038888801017,0.07833582330709105,0.8540110981708571,0.854303052043165
609,0.0,60595.5,1952,131.78520160797942,131.84196694570664,102.56664636436253,102.61456150173518,0.056765337727227916,0.04791513737265518,1.1847057284995592,0.0011662776878080463,0.0008920198986402391,0.0010291487932241427,29.227405443971463,39,25,1121,831,9,2,343608.5089790695,0.03479036574487065,0.030084235860409144,0.7692307692307692,0.92,43830,33478,570128,427877,6402,4876,148599794.01974812,0.07687747312884124,0.07824211163488573,0.8539356605065024,0.8543521118346377,39,25,965,711,30,9,147,935,23,2,118,688,0.15789473684210525,0.16967509025270758,0.7692307692307693,0.92,0.031088082901554404,0.03234880450070324,39,25,343608.5089790695,60900.0,0.07687747312884124,0.07824211163488573,0.8539356605065024,0.8543521118346377
610,0.0,60695.0,1915,131.8435371724465,131.91405543730767,102.61456150173518,102.65235157395631,0.07051826486116397,0.03779007222112796,1.8660526618876925,0.0011655475357231317,0.0008911770803182243,0.001028362308020678,29.261703863351357,50,24,1115,800,7,6,337267.6456634701,0.04484304932735426,0.03,0.86,0.75,43880,33502,571243,428677,6409,4882,148937061.6654116,0.076814945653601,0.07815208187049924,0.8539425706472197,0.8542773565757268,50,24,970,672,43,7,138,927,18,6,122,654,0.16233183856502242,0.175,0.86,0.75,0.0443298969072165,0.026785714285714284,50,24,337267.6456634701,61000.0,0.076814945653601,0.07815208187049924,0.8539425706472197,0.8542773565757268
611,0.0,60794.5,1890,131.91405543730767,131.97766962613014,102.65235157395631,102.69416908256818,0.06361418882246994,0.041817508611870835,1.5212333525869504,0.0011646810780349182,0.0008904029363015312,0.0010275420071682248,29.283500543561956,48,36,1098,792,11,7,332942.2016548868,0.04371584699453552,0.045454545454545456,0.7708333333333334,0.8055555555555556,43928,33538,572341,429469,6420,4889,149270003.86706647,0.07675144712680028,0.07809178310890891,0.8538517574212348,0.854225058143002,48,36,928,686,37,11,159,891,29,7,99,657,0.1785063752276867,0.16161616161616163,0.7708333333333334,0.8055555555555556,0.03987068965517242,0.04227405247813411,48,36,332942.2016548868,61100.0,0.07675144712680028,0.07809178310890891,0.8538517574212348,0.854225058143002
612,0.0,60894.0,1914,131.97766962613014,132.02141650061213,102.69416908256818,102.74699844943035,0.043746874481996656,0.05282936686216999,0.8280787198553932,0.0011634928225884888,0.0008898112544915969,0.0010266520385400428,29.274418051181783,34,23,1075,839,3,2,337366.45959880174,0.03162790697674418,0.027413587604290822,0.9117647058823529,0.9130434782608696,43962,33561,573416,430308,6423,4891,149607370.32666528,0.07666685268635685,0.07799297247552915,0.8538965470178791,0.8542653675397038,34,23,931,727,31,3,141,900,21,2,110,706,0.16,0.15613825983313467,0.9117647058823529,0.9130434782608695,0.03329752953813104,0.02888583218707015,34,23,337366.45959880174,61200.0,0.07666685268635685,0.07799297247552915,0.8538965470178791,0.8542653675397038
613,0.0,60993.5,1947,132.02208316727882,132.1034817441558,102.74699844943035,102.79982284217358,0.08139857687697827,0.052824392743232806,1.540927829925807,0.0011629335397383225,0.0008892214219841592,0.0010260774808612408,29.303658901982217,44,47,1092,855,6,7,343321.58938223135,0.040293040293040296,0.05497076023391813,0.8636363636363636,0.851063829787234,44006,33608,574508,431163,6429,4898,149950691.9160475,0.0765977149143267,0.0779473192272992,0.8539062855065218,0.8542608902642228,44,47,945,735,38,6,141,907,40,7,113,695,0.16391941391941392,0.17894736842105263,0.8636363636363636,0.851063829787234,0.04021164021164021,0.05442176870748299,44,47,343321.58938223135,61300.0,0.0765977149143267,0.0779473192272992,0.8539062855065218,0.8542608902642228
614,0.0,61093.0,1985,132.1034817441558,132.15867593334983,102.79982284217358,102.83763464849481,0.05519418919402597,0.037811806321229824,1.4597078152025926,0.0011619384393347426,0.000888389006090394,0.0010251637227125683,29.321041284855013,43,34,1093,892,5,4,350190.91232197307,0.039341262580054895,0.03811659192825112,0.8837209302325582,0.8823529411764706,44049,33642,575601,432055,6434,4902,150300882.8283695,0.07652696920262474,0.07786508662091632,0.8539353901337148,0.8542892812555734,43,34,959,750,38,5,129,921,30,4,138,720,0.15279048490393413,0.18834080717488788,0.8837209302325582,0.8823529411764706,0.03962460896767466,0.04,43,34,350190.91232197307,61400.0,0.07652696920262474,0.07786508662091632,0.8539353901337148,0.8542892812555734
615,0.0,61192.5,1955,132.15867593334983,132.21977893339226,102.83763464849481,102.87319862349283,0.061103000042436406,0.03556397499801278,1.7181150320190777,0.0011610426532552135,0.0008875227471373692,0.0010242827001962914,29.346580309899437,41,28,1177,778,2,3,344979.0561105337,0.034834324553950725,0.03598971722365039,0.9512195121951219,0.8928571428571429,44090,33670,576778,432833,6436,4905,150645861.88448003,0.076441889253751,0.07778981731984391,0.8540258562032207,0.8543213543213544,41,28,1008,665,39,2,167,969,25,3,110,640,0.1750212404418012,0.17352185089974292,0.9512195121951219,0.8928571428571429,0.03869047619047619,0.03759398496240601,41,28,344979.0561105337,61500.0,0.076441889253751,0.07778981731984391,0.8540258562032207,0.8543213543213544
616,0.0,61292.0,1923,132.21977893339226,132.28398243417683,102.87319862349283,102.93376585082663,0.06420350078457204,0.06056722733380582,1.0600369805724394,0.001160200108376302,0.0008870651976669157,0.0010236326530216088,29.350216583350203,42,33,1117,806,5,6,339495.3693526943,0.03760071620411817,0.04094292803970223,0.8809523809523809,0.8181818181818181,44132,33703,577895,433639,6441,4911,150985357.25383273,0.07636681404061292,0.0777213304153916,0.8540514819178827,0.8542859686081358,42,33,972,688,37,5,140,935,27,6,112,661,0.1584601611459266,0.17245657568238212,0.8809523809523809,0.8181818181818182,0.03806584362139918,0.03924418604651163,42,33,339495.3693526943,61600.0,0.07636681404061292,0.0777213304153916,0.8540514819178827,0.8542859686081358
617,0.0,61391.5,1949,132.28398243417683,132.33652715088562,102.93567658553569,103.0076816692878,0.05254471670878047,0.07200508375211712,0.7297362070943433,0.0011591713353758346,0.0008868254780347355,0.0010229984067052851,29.32884548159781,35,33,1094,855,7,7,344376.57085839234,0.031992687385740404,0.03859649122807018,0.8,0.7878787878787878,44167,33736,578989,434494,6448,4918,151329733.82469112,0.07628296910649425,0.07764434031309983,0.8540086489913283,0.8542210101968224,35,33,925,743,28,7,162,897,26,7,105,717,0.1736745886654479,0.15321637426900586,0.8,0.7878787878787878,0.03027027027027027,0.034993270524899055,35,33,344376.57085839234,61700.0,0.07628296910649425,0.07764434031309983,0.8540086489913283,0.8542210101968224
618,0.0,61491.0,2011,132.33652715088562,132.4020247445632,103.0076816692878,103.06326443856072,0.06549759367757702,0.05558276927291672,1.1783794606558295,0.0011583554852162875,0.0008862898829128819,0.0010223226840645847,29.33876030600247,41,36,1141,870,4,2,355615.34987004776,0.03593339176161262,0.041379310344827586,0.9024390243902439,0.9444444444444444,44208,33772,580130,435364,6452,4920,151685349.17456117,0.0762036095357937,0.07757187089424022,0.8540535649656171,0.8543171858344191,41,36,994,748,37,4,143,957,34,2,120,714,0.15775635407537247,0.17701149425287357,0.9024390243902439,0.9444444444444444,0.03722334004024145,0.045454545454545456,41,36,355615.34987004776,61800.0,0.0762036095357937,0.07757187089424022,0.8540535649656171,0.8543171858344191
619,0.0,61590.5,2013,132.4020247445632,132.47852887524584,103.06326443856072,103.10990429642325,0.07650413068265038,0.04663985786253022,1.6403165487370124,0.0011577200826663847,0.0008856115447799456,0.0010216658137231652,29.36862457882259,49,32,1178,835,8,7,356127.07325547957,0.04159592529711375,0.03832335329341317,0.8367346938775511,0.78125,44257,33804,581308,436199,6460,4927,152041476.24781665,0.07613347829377885,0.07749673887377091,0.8540343900399937,0.8542480179860372,49,32,1009,704,41,8,161,968,25,7,124,679,0.17147707979626486,0.1784431137724551,0.8367346938775511,0.78125,0.040634291377601585,0.03551136363636364,49,32,356127.07325547957,61900.0,0.07613347829377885,0.07749673887377091,0.8540343900399937,0.8542480179860372
620,0.0,61690.0,1929,132.48126697360775,132.56811975234638,103.10990429642325,103.16182266284207,0.08685277873863129,0.05191836641881764,1.6728719474338427,0.001157297806357254,0.0008850205320693137,0.0010211591692132838,29.406297089504307,42,34,1111,818,6,4,341398.0852087373,0.037803780378037805,0.04156479217603912,0.8571428571428572,0.8823529411764706,44299,33838,582419,437017,6466,4931,152382874.3330254,0.07606036204176031,0.07742948214829172,0.854037337185941,0.854276257462025,42,34,945,691,36,6,160,909,30,4,123,661,0.17641764176417643,0.18704156479217604,0.8571428571428571,0.8823529411764706,0.0380952380952381,0.04341534008683068,42,34,341398.0852087373,62000.0,0.07606036204176031,0.07742948214829172,0.854037337185941,0.854276257462025
621,0.0,61789.5,1981,132.570445325864,132.6365702203848,103.16182266284207,103.22621130012283,0.0661248945208115,0.06438863728075717,1.0269652738958217,0.001156536464769536,0.0008846322322959454,0.0010205843485327406,29.410358920261984,52,44,1115,866,9,4,350805.899524581,0.04663677130044843,0.050808314087759814,0.8269230769230769,0.9090909090909091,44351,33882,583534,437883,6475,4935,152733680.23254997,0.07600414029002595,0.07737683353772583,0.8540055466618566,0.8543474411191783,52,44,972,750,43,9,134,929,40,4,112,710,0.15874439461883408,0.17551963048498845,0.8269230769230769,0.9090909090909091,0.044238683127572016,0.05333333333333334,52,44,350805.899524581,62100.0,0.07600414029002595,0.07737683353772583,0.8540055466618566,0.8543474411191783
622,0.0,61889.0,1950,132.6365702203848,132.70201179062917,103.22621130012283,103.26955887525959,0.06544157024436004,0.043347575136763794,1.5096939110870347,0.0011557291966629026,0.0008839069003330381,0.0010198180484979704,29.43245291536958,50,35,1147,803,8,2,345472.0375719862,0.043591979075850044,0.043586550435865505,0.84,0.9428571428571428,44401,33917,584681,438686,6483,4937,153079152.27012196,0.075940555619218,0.07731498155856353,0.8539897750050675,0.8544387770144766,50,35,998,710,42,8,141,956,33,2,91,677,0.15954664341761116,0.15442092154420922,0.84,0.9428571428571428,0.04208416833667335,0.04647887323943662,50,35,345472.0375719862,62200.0,0.075940555619218,0.07731498155856353,0.8539897750050675,0.8544387770144766
623,0.0,61988.5,1923,132.70201179062917,132.79033339385134,103.26955887525959,103.33190573884926,0.08832160322216964,0.06234686358966712,1.416616620900997,0.0011552917758532056,0.0008834888613853071,0.0010193903186192564,29.458427655002083,47,35,1104,819,12,7,340821.51769277453,0.042572463768115944,0.042735042735042736,0.7446808510638299,0.8,44448,33952,585785,439505,6495,4944,153419973.78781474,0.07587766842783615,0.07725054322476423,0.8538741900647948,0.8543826578699341,47,35,947,701,35,12,145,912,28,7,111,673,0.16304347826086957,0.16971916971916973,0.7446808510638298,0.8,0.03695881731784583,0.039942938659058486,47,35,340821.51769277453,62300.0,0.07587766842783615,0.07725054322476423,0.8538741900647948,0.8543826578699341
624,0.0,62088.0,2032,132.79033339385134,132.85148242143495,103.33190573884926,103.39321092803424,0.061149027583610405,0.06130518918497785,0.9974527180579077,0.0011544202990903577,0.0008830554688059233,0.0010187378839481404,29.458271493400716,55,39,1174,858,10,9,360362.1156792868,0.046848381601362864,0.045454545454545456,0.8181818181818181,0.7692307692307692,44503,33991,586959,440363,6505,4953,153780335.90349403,0.07581960579870144,0.07718859213875826,0.8538300788710873,0.8542849577829426,55,39,1006,725,45,10,158,961,30,9,124,695,0.17291311754684838,0.1794871794871795,0.8181818181818182,0.7692307692307693,0.04473161033797217,0.041379310344827586,55,39,360362.1156792868,62400.0,0.07581960579870144,0.07718859213875826,0.8538300788710873,0.8542849577829426
625,0.0,62187.5,1992,132.85148242143495,132.963492841816,103.39321092803424,103.46910132565543,0.11201042038103992,0.07589039762119398,1.4759498420358608,0.0011543653933379098,0.000882856826417773,0.0010186111098778414,29.49439151616056,47,38,1128,864,3,5,353566.580802896,0.041666666666666664,0.04398148148148148,0.9361702127659575,0.868421052631579,44550,34029,588087,441227,6508,4958,154133902.48429692,0.07575409760800698,0.07712356678081804,0.8539169472502806,0.8543007434834994,47,38,973,749,44,3,152,929,33,5,110,716,0.17375886524822695,0.16550925925925927,0.9361702127659575,0.868421052631579,0.045220966084275435,0.044058744993324434,47,38,353566.580802896,62500.0,0.07575409760800698,0.07712356678081804,0.8539169472502806,0.8543007434834994
626,0.0,62287.0,1919,132.963492841816,133.048411880554,103.46910132565543,103.52868031920232,0.08491903873800766,0.05957899354689289,1.4253184500535472,0.0011538778933283926,0.0008823982531095479,0.0010181380732189702,29.519731561351676,55,49,1100,819,7,5,340789.04892582627,0.05,0.05982905982905983,0.8727272727272728,0.8979591836734694,44605,34078,589187,442046,6515,4963,154474691.53322273,0.07570601523794653,0.07709152441148659,0.8539401412397714,0.8543635189858559,55,49,934,714,48,7,159,886,44,5,100,670,0.18818181818181817,0.17582417582417584,0.8727272727272727,0.8979591836734694,0.05139186295503212,0.06162464985994398,55,49,340789.04892582627,62600.0,0.07570601523794653,0.07709152441148659,0.8539401412397714,0.8543635189858559
627,0.0,62386.5,2005,133.048411880554,133.14221624419503,103.52868031920232,103.59147392450333,0.09380436364102707,0.0627936053010103,1.4938521715923487,0.0011535336600637703,0.0008819924122800433,0.0010177630361719067,29.550742319691693,57,41,1153,852,6,4,356209.5300967434,0.049436253252385085,0.04812206572769953,0.8947368421052632,0.9024390243902439,44662,34119,590340,442898,6521,4967,154830901.06331947,0.07565470745671986,0.0770357960523642,0.8539922081411491,0.8544212901902166,57,41,1003,726,51,6,144,952,37,4,122,689,0.1691240242844753,0.18661971830985916,0.8947368421052632,0.9024390243902439,0.05084745762711865,0.05096418732782369,57,41,356209.5300967434,62700.0,0.07565470745671986,0.0770357960523642,0.8539922081411491,0.8544212901902166
628,0.0,62486.0,1995,133.14221624419503,133.2424559110158,103.59147392450333,103.66532665768408,0.10023966682078367,0.07385273318074326,1.3572912267913284,0.0011532929960639997,0.0008817639646996728,0.0010175284803818363,29.577129253331734,74,54,1157,838,13,9,354683.3959669346,0.06395851339671564,0.06443914081145585,0.8243243243243243,0.8333333333333334,44736,34173,591497,443736,6534,4976,155185584.45928642,0.0756318290709843,0.07701200713938017,0.8539431330472103,0.8543879671085359,74,54,1003,714,61,13,141,942,45,9,115,669,0.17458945548833188,0.1909307875894988,0.8243243243243243,0.8333333333333334,0.06081754735792622,0.06302521008403361,74,54,354683.3959669346,62800.0,0.0756318290709843,0.07701200713938017,0.8539431330472103,0.8543879671085359
629,0.0,62585.5,1988,133.24472691202124,133.31502551460093,103.66532665768408,103.72688724723247,0.07029860257969744,0.061560589548392386,1.141941672349258,0.001152613191675744,0.000881340819915546,0.001016977005795645,29.588138267368464,65,43,1140,848,7,5,353658.462220399,0.05701754385964912,0.05070754716981132,0.8923076923076922,0.8837209302325582,44801,34216,592637,444584,6541,4981,155539242.92150682,0.07559602252306218,0.07696183398412898,0.8539987946697618,0.8544248304886602,65,43,968,729,58,7,165,910,38,5,114,691,0.1956140350877193,0.1792452830188679,0.8923076923076924,0.8837209302325582,0.05991735537190083,0.05212620027434842,65,43,353658.462220399,62900.0,0.07559602252306218,0.07696183398412898,0.8539987946697618,0.8544248304886602
630,0.0,62685.0,2012,133.31502551460093,133.4159265269046,103.72688724723247,103.8075515773631,0.100901012303666,0.0806643301306309,1.2508752275046855,0.001152385250296952,0.0008812222524256901,0.001016803751361321,29.6083749495415,67,55,1145,867,9,9,358149.4571617284,0.05851528384279476,0.06343713956170703,0.8656716417910448,0.8363636363636364,44868,34271,593782,445451,6550,4990,155897392.37866855,0.07556308544213196,0.07693551030304119,0.8540162253722029,0.8543958448834291,67,55,971,743,58,9,165,913,46,9,115,697,0.1947598253275109,0.18569780853517878,0.8656716417910447,0.8363636363636363,0.05973223480947477,0.06191117092866756,67,55,358149.4571617284,63000.0,0.07556308544213196,0.07693551030304119,0.8540162253722029,0.8543958448834291
631,0.0,62784.5,1958,133.4159265269046,133.53192063935398,103.8075515773631,103.880976161105,0.11599411244938551,0.07342458374189675,1.5797721490274952,0.0011523972247410041,0.0008809893262529379,0.001016693275496971,29.650944478248988,80,57,1169,789,10,6,348804.49970813305,0.06843455945252352,0.07224334600760456,0.875,0.8947368421052632,44948,34328,594951,446240,6560,4996,156246196.8783767,0.0755490788317021,0.07692721405521692,0.8540535730177093,0.854462829177348,80,57,990,685,70,10,169,920,51,6,98,634,0.20444824636441403,0.1888466413181242,0.875,0.8947368421052632,0.0707070707070707,0.07445255474452554,80,57,348804.49970813305,63100.0,0.0755490788317021,0.07692721405521692,0.8540535730177093,0.854462829177348
632,0.0,62884.0,2016,133.53258730602064,133.6192378630707,103.88256412861278,103.95010640883865,0.08665055705006353,0.06754228022586517,1.282908376209675,0.001151955413051805,0.0008806891888337663,0.0010163223009427857,29.66913145423206,66,59,1148,868,14,7,359342.9550287359,0.05749128919860627,0.06797235023041474,0.7878787878787878,0.8813559322033898,45014,34387,596099,447108,6574,5003,156605539.83340544,0.0755143021545079,0.07690982939245104,0.8539565468520904,0.8545089714136156,66,59,997,739,52,14,137,945,52,7,122,687,0.16463414634146342,0.20046082949308755,0.7878787878787878,0.8813559322033898,0.05215646940822467,0.07036535859269283,66,59,359342.9550287359,63200.0,0.0755143021545079,0.07690982939245104,0.8539565468520904,0.8545089714136156
633,0.0,62983.5,1951,133.6192378630707,133.72609949873006,103.95010640883865,104.00987843267899,0.10686163565935658,0.059772023840338306,1.7878202676356247,0.00115182375577462,0.0008802421604760563,0.0010160329581253382,29.716221066051077,72,36,1149,802,17,4,347990.04872302694,0.06266318537859007,0.04488778054862843,0.7638888888888888,0.8888888888888888,45086,34423,597248,447910,6591,5007,156953529.88212845,0.07548957886840978,0.07685249268826326,0.8538127134809032,0.8545449263573773,72,36,987,674,55,17,145,932,32,4,124,642,0.17406440382941687,0.19451371571072318,0.7638888888888888,0.8888888888888888,0.05572441742654509,0.04747774480712166,72,36,347990.04872302694,63300.0,0.07548957886840978,0.07685249268826326,0.8538127134809032,0.8545449263573773
634,0.0,63083.0,2010,133.72609949873006,133.83610244051678,104.01379048467629,104.07280234003437,0.11000294178671766,0.0590118553580794,1.8640820750208287,0.0011517420612353337,0.0008798462565534661,0.0010157941588943998,29.76330010048241,59,45,1186,824,10,6,358703.3376457889,0.049747048903878585,0.05461165048543689,0.8305084745762712,0.8666666666666667,45145,34468,598434,448734,6601,5013,157312233.21977425,0.07543856131169017,0.07681165233746495,0.8537822571713368,0.8545607520018568,59,45,1024,728,49,10,152,975,39,6,90,689,0.16947723440134907,0.15655339805825244,0.8305084745762712,0.8666666666666667,0.0478515625,0.05357142857142857,59,45,358703.3376457889,63400.0,0.07543856131169017,0.07681165233746495,0.8537822571713368,0.8545607520018568
635,0.0,63182.5,2075,133.83610244051678,133.94475625508747,104.07280234003437,104.1753316143161,0.10865381457068679,0.10252927428172143,1.0597345522229764,0.0011516393779037928,0.0008800753061381334,0.001015857342020963,29.769424640771376,74,57,1191,884,7,8,370545.03287129506,0.06213266162888329,0.06447963800904978,0.9054054054054054,0.8596491228070176,45219,34525,599625,449618,6608,5021,157682778.25264555,0.07541213258286429,0.07678740619815043,0.8538667374333797,0.854569152787835,74,57,1033,764,67,7,151,966,49,8,112,715,0.18303946263643997,0.18212669683257918,0.9054054054054054,0.8596491228070176,0.06485963213939981,0.06413612565445026,74,57,370545.03287129506,63500.0,0.07541213258286429,0.07678740619815043,0.8538667374333797,0.854569152787835
636,0.0,63282.0,1980,133.94545575645515,134.05129096785257,104.17808187597167,104.23602540936595,0.10583521139741947,0.05794353339427971,1.826523258035688,0.0011515036982650306,0.0008796458448871278,0.001015574771576079,29.815265558486615,81,47,1164,816,13,6,353851.0474410153,0.06958762886597938,0.05759803921568627,0.8395061728395061,0.8723404255319149,45300,34572,600789,450434,6621,5027,158036629.30008656,0.07540084788503118,0.0767526430065226,0.853841059602649,0.8545933125072313,81,47,1002,693,68,13,149,934,41,6,117,652,0.18642611683848798,0.19362745098039216,0.8395061728395061,0.8723404255319149,0.06786427145708583,0.05916305916305916,81,47,353851.0474410153,63600.0,0.07540084788503118,0.0767526430065226,0.853841059602649,0.8545933125072313
637,0.0,63381.5,1966,134.05129096785257,134.19447663095167,104.23602540936595,104.30131516482861,0.14318566309910352,0.0652897554626577,2.193080094793711,0.0011519438127591058,0.0008792898821080689,0.0010156168474335873,29.89316146612306,72,41,1133,833,8,6,351436.64499551716,0.06354810238305383,0.04921968787515006,0.8888888888888888,0.8536585365853658,45372,34613,601922,451267,6629,5033,158388065.94508207,0.0753785374184695,0.07670181954364046,0.8538966763642775,0.8545922052408055,72,41,958,726,64,8,167,894,35,6,101,691,0.20388349514563106,0.16326530612244897,0.8888888888888888,0.8536585365853658,0.06680584551148225,0.048209366391184574,72,41,351436.64499551716,63700.0,0.0753785374184695,0.07670181954364046,0.8538966763642775,0.8545922052408055
638,0.0,63481.0,2035,134.19637098875674,134.26140839378613,104.3033709957265,104.37204304668079,0.06503740502938626,0.06867205095429085,0.9470724133851214,0.0011511873453854153,0.0008790202722905355,0.0010151038088379754,29.88936534710534,64,54,1159,876,15,5,363980.4707421828,0.055220017256255395,0.06164383561643835,0.765625,0.9074074074074074,45436,34667,603081,452143,6644,5038,158752046.41582426,0.07533979681004707,0.07667264560105984,0.8537723391143587,0.8546744742839011,64,54,982,780,49,15,162,933,49,5,91,731,0.182053494391717,0.1598173515981735,0.765625,0.9074074074074074,0.04989816700610998,0.06282051282051282,64,54,363980.4707421828,63800.0,0.07533979681004707,0.07667264560105984,0.8537723391143587,0.8546744742839011
639,0.0,63580.5,2022,134.26385526903712,134.32342278032866,104.37447536845484,104.44875383583219,0.05956751129153304,0.07427846737735422,0.8019485780302165,0.0011503562914261664,0.0008788451355444065,0.0010146007134852865,29.874668944496463,50,41,1179,843,10,6,361990.2107826114,0.04240882103477523,0.04863582443653618,0.8,0.8536585365853658,45486,34708,604260,452986,6654,5044,159114036.62660688,0.0752755436401549,0.07662046950678388,0.8537132304445324,0.8546732741731013,50,41,1023,713,40,10,146,983,35,6,124,678,0.15776081424936386,0.18861209964412812,0.8,0.8536585365853658,0.039100684261974585,0.04908835904628331,50,41,361990.2107826114,63900.0,0.0752755436401549,0.07662046950678388,0.8537132304445324,0.8546732741731013
640,0.0,63680.0,1985,134.32441108435086,134.4078262218532,104.44875383583219,104.50094050390354,0.08341513750235663,0.05218666807134298,1.5983993725815577,0.0011498776634946341,0.000878287356708733,0.0010140825101016835,29.906885717949677,65,43,1128,857,9,6,355790.4965420406,0.057624113475177305,0.050175029171528586,0.8615384615384616,0.8604651162790697,45551,34751,605388,453843,6663,5050,159469827.12314892,0.07524265429773963,0.07657053210030781,0.8537243968299268,0.854680440850623,65,43,971,734,56,9,148,915,37,6,117,697,0.18085106382978725,0.17969661610268378,0.8615384615384616,0.8604651162790697,0.057672502574665295,0.05040871934604905,65,43,355790.4965420406,64000.0,0.07524265429773963,0.07657053210030781,0.8537243968299268,0.854680440850623
641,0.0,63779.5,2066,134.41105206143027,134.5266466754264,104.50094050390354,104.57330479614538,0.11559461399613724,0.07236429224184349,1.5973985292334072,0.0011499374558070169,0.0008780461017410414,0.001013991778774029,29.953341879281027,52,42,1205,861,9,8,370284.4852396721,0.043153526970954356,0.04878048780487805,0.8269230769230769,0.8095238095238095,45603,34793,606593,454704,6672,5058,159840111.6083886,0.07517890908731226,0.07651791055279919,0.8536938359318466,0.8546259305032622,52,42,1053,730,43,9,143,1010,34,8,123,696,0.15435684647302905,0.18234610917537747,0.8269230769230769,0.8095238095238095,0.04083570750237417,0.04657534246575343,52,42,370284.4852396721,64100.0,0.07517890908731226,0.07651791055279919,0.8536938359318466,0.8546259305032622
642,0.0,63879.0,2046,134.52731334209307,134.59486760197652,104.57330479614538,104.63733422241418,0.0675542598834511,0.06402942626880304,1.0550502139414837,0.001149208907223986,0.0008776757717736691,0.0010134423394988275,29.957533379562335,56,44,1209,837,11,4,366955.65039574786,0.04631927212572374,0.052568697729988054,0.8035714285714286,0.9090909090909091,45659,34837,607802,455541,6683,5062,160207067.25878435,0.07512150338432581,0.07647390684921884,0.8536323616373551,0.8546947211298332,56,44,1041,721,45,11,157,996,40,4,112,681,0.16708023159636062,0.1816009557945042,0.8035714285714286,0.9090909090909091,0.043227665706051875,0.05547850208044383,56,44,366955.65039574786,64200.0,0.07512150338432581,0.07647390684921884,0.8536323616373551,0.8546947211298332
643,0.0,63978.5,1997,134.59775575765332,134.68497768968808,104.63733422241418,104.70851764910276,0.08722193203476536,0.07118342668857736,1.22531235278059,0.0011488230471460568,0.00087741785341459,0.0010131204502803234,29.976460040585323,59,35,1125,872,7,6,358383.73421768215,0.052444444444444446,0.040137614678899085,0.8813559322033898,0.8285714285714285,45718,34872,608927,456413,6690,5068,160565450.99300203,0.07507960724356122,0.07640448453484015,0.8536681394636686,0.8546685019499886,59,35,977,746,52,7,141,925,29,6,120,717,0.17155555555555554,0.17087155963302753,0.8813559322033898,0.8285714285714286,0.05322415557830092,0.0388739946380697,59,35,358383.73421768215,64300.0,0.07507960724356122,0.07640448453484015,0.8536681394636686,0.8546685019499886
644,0.0,64078.0,2010,134.6860618350968,134.75755971318003,104.70851764910276,104.75707950490165,0.07149787808322117,0.04856185579889427,1.4723053084978919,0.0011481662104811088,0.0008768094694154818,0.0010124878399482952,30.000480208278375,71,37,1172,838,9,5,360930.3185124714,0.060580204778156996,0.0441527446300716,0.8732394366197183,0.8648648648648649,45789,34909,610099,457251,6699,5073,160926381.3115145,0.07505175389567922,0.07634537704674238,0.8536984865360676,0.8546793090607007,71,37,1008,720,62,9,155,946,32,5,113,688,0.18515358361774745,0.1730310262529833,0.8732394366197183,0.8648648648648649,0.061507936507936505,0.044444444444444446,71,37,360930.3185124714,64400.0,0.07505175389567922,0.07634537704674238,0.8536984865360676,0.8546793090607007
645,0.0,64177.5,2044,134.75755971318003,134.84973417282947,104.75707950490165,104.82293183624671,0.09217445964944204,0.06585233134505586,1.399714448475064,0.001147815169219114,0.000876471041266699,0.0010121431052429065,30.02680233658276,62,37,1185,859,10,7,367210.5896163708,0.05232067510548523,0.04307334109429569,0.8387096774193549,0.8108108108108107,45851,34946,611284,458110,6709,5080,161293591.90113086,0.0750076887338782,0.07628298880181615,0.8536782185775664,0.8546328621301437,62,37,1034,750,52,10,141,982,30,7,102,720,0.16286919831223629,0.15366705471478465,0.8387096774193549,0.8108108108108109,0.05029013539651837,0.04,62,37,367210.5896163708,64500.0,0.0750076887338782,0.07628298880181615,0.8536782185775664,0.8546328621301437
646,0.0,64277.0,1992,134.84973417282947,134.9366595635593,104.82293183624671,104.87244357952554,0.08692539072981731,0.04951174327882768,1.7556519923019664,0.0011473839598353354,0.0008758807106034197,0.0010116323352193776,30.06421598403375,56,39,1178,814,4,4,358058.17885057663,0.04753820033955857,0.04791154791154791,0.9285714285714286,0.8974358974358975,45907,34985,612462,458924,6713,5084,161651650.07998145,0.07495485434198366,0.07623266597519415,0.8537695776243275,0.8546805773903101,56,39,1028,711,52,4,146,976,35,4,99,676,0.16808149405772496,0.16461916461916462,0.9285714285714286,0.8974358974358975,0.05058365758754864,0.04922644163150492,56,39,358058.17885057663,64600.0,0.07495485434198366,0.07623266597519415,0.8537695776243275,0.8546805773903101
647,0.0,64376.5,2019,134.9366595635593,135.00686418075094,104.87244357952554,104.94465895879796,0.07020461719164928,0.07221537927242139,0.9721560407072457,0.001146695647952926,0.0008756431110394642,0.001011169379496195,30.06220522195298,53,34,1186,833,9,7,363134.561080972,0.04468802698145025,0.04081632653061224,0.8301886792452831,0.7941176470588236,45960,35019,613648,459757,6722,5091,162014784.6410624,0.07489635752092405,0.07616849770639708,0.8537423846823324,0.8546217767497644,53,34,1009,707,44,9,168,965,27,7,119,680,0.178752107925801,0.1752701080432173,0.8301886792452831,0.7941176470588235,0.04360753221010902,0.03818953323903819,53,34,363134.561080972,64700.0,0.07489635752092405,0.07616849770639708,0.8537423846823324,0.8546217767497644
648,0.0,64476.0,1973,135.00686418075094,135.08363202579903,104.94654886339539,105.00152921349388,0.07676784504809575,0.05498035009848934,1.3962778503697642,0.0011461107448704074,0.0008751694373294638,0.0010106400910999357,30.082102812305152,40,43,1156,817,5,4,355058.9665210303,0.03460207612456748,0.05263157894736842,0.875,0.9069767441860466,46000,35062,614804,460574,6727,5095,162369843.60758343,0.07482059322971224,0.076126746190623,0.8537608695652174,0.8546859848268781,40,43,997,698,35,5,154,962,39,4,115,659,0.16349480968858132,0.18849449204406366,0.875,0.9069767441860465,0.03510531594784353,0.055873925501432664,40,43,355058.9665210303,64800.0,0.07482059322971224,0.076126746190623,0.8537608695652174,0.8546859848268781
649,0.0,64575.5,2034,135.08363202579903,135.19274063027976,105.00152921349388,105.068428340938,0.10910860448072413,0.06689912744411686,1.6309421161264965,0.0011460259610490467,0.0008748517514082185,0.0010104388562286325,30.12431228934176,49,37,1167,867,8,3,366244.2596351754,0.04198800342759212,0.04267589388696655,0.8367346938775511,0.9189189189189189,46049,35099,615971,461441,6735,5098,162736087.8672186,0.07475838959951037,0.07606389549259819,0.8537427522856088,0.8547536966865152,49,37,1001,742,41,8,158,960,34,3,122,708,0.17052270779777207,0.17993079584775087,0.8367346938775511,0.918918918918919,0.04095904095904096,0.04582210242587601,49,37,366244.2596351754,64900.0,0.07475838959951037,0.07606389549259819,0.8537427522856088,0.8547536966865152
650,0.0,64675.0,2059,135.19274063027976,135.26783892837256,105.068428340938,105.11726619380002,0.07509829809279722,0.04883785286202169,1.5377067928225143,0.0011454182026180912,0.0008742571772193138,0.0010098376899187024,30.150572734572535,49,45,1207,852,8,8,370906.0372092822,0.04059652029826015,0.0528169014084507,0.8367346938775511,0.8222222222222222,46098,35144,617178,462293,6743,5106,163106993.9044279,0.07469158006280198,0.07602105158416848,0.8537246735216278,0.8547120418848168,49,45,1037,751,41,8,162,996,37,8,93,714,0.16818558409279205,0.15258215962441316,0.8367346938775511,0.8222222222222222,0.03953712632594021,0.0492676431424767,49,45,370906.0372092822,65000.0,0.07469158006280198,0.07602105158416848,0.8537246735216278,0.8547120418848168
651,0.0,64774.5,2071,135.26899257937364,135.33940673104127,105.11726619380002,105.17276027604002,0.07041415166762022,0.05549408224000274,1.2688587471920094,0.001144758079459979,0.0008737666759062274,0.0010092623776831032,30.166646455001242,50,39,1190,881,7,4,373279.9823208478,0.04201680672268908,0.04426787741203178,0.86,0.8974358974358975,46148,35183,618368,463174,6750,5110,163480273.88674873,0.07462870006209894,0.07596065409543713,0.8537314726532027,0.854759400847,50,39,1026,772,43,7,157,983,35,4,105,737,0.16806722689075632,0.15891032917139614,0.86,0.8974358974358975,0.04191033138401559,0.04533678756476684,50,39,373279.9823208478,65100.0,0.07462870006209894,0.07596065409543713,0.8537314726532027,0.854759400847
652,0.0,64874.0,2095,135.33940673104127,135.4175713721142,105.17276027604002,105.22139777636377,0.07816464107293086,0.048637500323749805,1.6070859018789436,0.001144201159722662,0.0008731725168990667,0.0010086868383108643,30.196173595750423,56,39,1199,896,7,10,377755.0916248871,0.04670558798999166,0.04352678571428571,0.875,0.7435897435897436,46204,35222,619567,464070,6757,5120,163858028.97837362,0.07457466262728647,0.07589803262438856,0.8537572504545061,0.854636306853671,56,39,1038,777,49,7,154,989,29,10,109,748,0.16930775646371976,0.15401785714285715,0.875,0.7435897435897436,0.04720616570327553,0.03732303732303732,56,39,377755.0916248871,65200.0,0.07457466262728647,0.07589803262438856,0.8537572504545061,0.854636306853671
653,0.0,64973.5,1970,135.4175713721142,135.5091107864743,105.22139777636377,105.26509948053597,0.09153941436011337,0.04370170417219299,2.094641755832467,0.0011438507661298268,0.0008725045912096683,0.0010081776786697474,30.244011305938344,60,41,1133,837,4,3,355292.68275314075,0.0529567519858782,0.04898446833930705,0.9333333333333333,0.926829268292683,46264,35263,620700,464907,6761,5123,164213321.66112676,0.0745352021910746,0.07584957851785411,0.853860453052049,0.8547202450160225,60,41,989,716,56,4,140,933,38,3,118,678,0.17299205648720212,0.1863799283154122,0.9333333333333333,0.926829268292683,0.056622851365015166,0.05307262569832402,60,41,355292.68275314075,65300.0,0.0745352021910746,0.07584957851785411,0.853860453052049,0.8547202450160225
654,0.0,65073.0,1997,135.5091107864743,135.59157472614572,105.26509948053597,105.3279462512115,0.0824639396714133,0.06284677067553446,1.3121428322412687,0.0011433626753509037,0.0008721314461264049,0.0010077470607386544,30.263628474934222,71,44,1154,843,16,5,360299.6108040158,0.06152512998266898,0.05219454329774614,0.7746478873239436,0.8863636363636364,46335,35307,621854,465750,6777,5128,164573621.27193078,0.07451105886590743,0.07580676328502416,0.853739074134024,0.8547596793836916,71,44,973,720,55,16,165,918,39,5,118,681,0.19064124783362218,0.18623962040332148,0.7746478873239436,0.8863636363636364,0.0565262076053443,0.05416666666666667,71,44,360299.6108040158,65400.0,0.07451105886590743,0.07580676328502416,0.853739074134024,0.8547596793836916
655,0.0,65172.5,2030,135.59157472614572,135.68065774089223,105.3279462512115,105.39391241033582,0.0890830147465067,0.06596615912431503,1.3504350704825383,0.0011429771295068032,0.0008718070646685679,0.0010073920970876855,30.286745330556414,65,39,1208,822,7,5,366487.65840643574,0.05380794701986755,0.04744525547445255,0.8923076923076922,0.8717948717948718,46400,35346,623062,466572,6784,5133,164940108.93033722,0.07447091942695912,0.07575679637869397,0.8537931034482759,0.854778475640808,65,39,1030,710,58,7,171,972,34,5,107,676,0.18956953642384106,0.17153284671532848,0.8923076923076924,0.8717948717948718,0.05631067961165048,0.04788732394366197,65,39,366487.65840643574,65500.0,0.07447091942695912,0.07575679637869397,0.8537931034482759,0.854778475640808
656,0.0,65272.0,1984,135.68065774089223,135.75433970751723,105.39530763577915,105.4532918269592,0.07368196662500281,0.05798419118005427,1.2707250911925863,0.0011423579870323264,0.0008713832645185149,0.0010068706257754206,30.30104788055803,60,35,1142,842,11,1,358411.39492929296,0.05253940455341506,0.04156769596199525,0.8166666666666667,0.9714285714285714,46460,35381,624204,467414,6795,5134,165298520.3252665,0.07443079506058917,0.07569520810245307,0.8537451571244081,0.8548938695910234,60,35,985,715,49,11,146,936,34,1,126,681,0.17075306479859895,0.19002375296912113,0.8166666666666667,0.9714285714285714,0.049746192893401014,0.04755244755244755,60,35,358411.39492929296,65600.0,0.07443079506058917,0.07569520810245307,0.8537451571244081,0.8548938695910234
657,0.0,65371.5,2016,135.75433970751723,135.82989429440764,105.4532918269592,105.5295942082917,0.07555458689040506,0.07630238133249634,0.9901995923451894,0.0011417692319057992,0.0008712183338469875,0.0010064937828763933,30.30030008611594,68,48,1169,847,5,12,364450.0820410576,0.058169375534645,0.05667060212514758,0.9264705882352942,0.75,46528,35429,625373,468261,6800,5146,165662970.40730757,0.07440039784256755,0.07566079600906332,0.8538514442916094,0.8547517570351971,68,48,1001,719,63,5,163,938,36,12,116,683,0.19332763045337895,0.179456906729634,0.9264705882352942,0.75,0.06293706293706294,0.05006954102920723,68,48,364450.0820410576,65700.0,0.07440039784256755,0.07566079600906332,0.8538514442916094,0.8547517570351971
658,0.0,65471.0,2123,135.82989429440764,135.9136852065525,105.5295942082917,105.58865550290339,0.08379091214484902,0.05906129461169485,1.418711064424541,0.0011413074384248611,0.0008707918818899509,0.001006049660157406,30.325029703649093,53,37,1233,890,7,6,384010.4226050367,0.042984590429845905,0.04157303370786517,0.8679245283018868,0.8378378378378378,46581,35466,626606,469151,6807,5152,166046980.8299126,0.07433857958589608,0.0755961300306298,0.8538674566883493,0.85473411154345,53,37,1071,753,46,7,155,1025,31,6,131,722,0.1630170316301703,0.18202247191011237,0.8679245283018868,0.8378378378378378,0.04295051353874883,0.041168658698539175,53,37,384010.4226050367,65800.0,0.07433857958589608,0.0755961300306298,0.8538674566883493,0.85473411154345
659,0.0,65570.5,2036,135.9136852065525,135.97410602728885,105.58865550290339,105.64100522675346,0.06042082073636834,0.05234972385007097,1.154176494023405,0.0011404924168299277,0.0008702648793961888,0.0010053786481130584,30.33310080053539,55,50,1171,865,2,6,368472.12539795495,0.04696840307429547,0.057803468208092484,0.9636363636363636,0.88,46636,35516,627777,470016,6809,5158,166415452.95531055,0.074287525665961,0.07556338507625272,0.8539969122566258,0.8547696812704133,55,50,1022,748,53,2,147,969,44,6,111,704,0.1707941929974381,0.1791907514450867,0.9636363636363636,0.88,0.05185909980430528,0.058823529411764705,55,50,368472.12539795495,65900.0,0.074287525665961,0.07556338507625272,0.8539969122566258,0.8547696812704133
660,0.0,65670.0,2083,135.9759337279308,136.0691036752528,105.64100522675346,105.69085896647283,0.09316994732199646,0.04985373971936724,1.8688657630593295,0.0011402037563190328,0.0008697016559383062,0.0010049527061286696,30.37824470877996,47,33,1207,876,8,2,377130.8264611722,0.03893951946975974,0.03767123287671233,0.8297872340425532,0.9393939393939394,46683,35549,628984,470892,6817,5160,166792583.78177172,0.07421969398267682,0.07549289433670565,0.8539725381830645,0.8548482376438156,47,33,1027,762,39,8,172,988,31,2,112,731,0.1748135874067937,0.1632420091324201,0.8297872340425532,0.9393939393939394,0.0379746835443038,0.04068241469816273,47,33,377130.8264611722,66000.0,0.07421969398267682,0.07549289433670565,0.8539725381830645,0.8548482376438156
661,0.0,65769.5,2000,136.0691036752528,136.13366101854416,105.69085896647283,105.7559088541314,0.0645573432913693,0.06504988765857433,0.992428205721273,0.0011394554502321865,0.0008693700329740814,0.001004412741603134,30.377752164412755,49,45,1176,824,4,6,362335.5782308455,0.041666666666666664,0.05461165048543689,0.9183673469387755,0.8666666666666667,46732,35594,630160,471716,6821,5166,167154919.36000258,0.07415894376031484,0.07545641869260318,0.8540400582042283,0.8548631791875035,49,45,1020,697,45,4,152,975,39,6,121,658,0.16751700680272108,0.1941747572815534,0.9183673469387755,0.8666666666666667,0.04411764705882353,0.05595408895265423,49,45,362335.5782308455,66100.0,0.07415894376031484,0.07545641869260318,0.8540400582042283,0.8548631791875035
662,0.0,65869.0,1986,136.1354887191861,136.20997831657286,105.7559088541314,105.80602897977491,0.07448959738675853,0.05012012564350243,1.4862212819774796,0.0011388870477096107,0.0008688138867859559,0.0010038504672477834,30.40394933679795,45,37,1145,841,2,5,359982.3665044259,0.039301310043668124,0.04399524375743163,0.9555555555555556,0.8648648648648649,46777,35631,631305,472557,6823,5171,167514901.726507,0.0740957223529039,0.07540042788489007,0.8541377172542062,0.854873565153939,45,37,993,732,43,2,150,950,32,5,104,700,0.1685589519650655,0.16171224732461356,0.9555555555555556,0.8648648648648649,0.0433031218529708,0.04371584699453552,45,37,359982.3665044259,66200.0,0.0740957223529039,0.07540042788489007,0.8541377172542062,0.854873565153939
663,0.0,65968.5,2040,136.20997831657286,136.28765505499646,105.80602897977491,105.87633568278824,0.07767673842360523,0.07030670301332975,1.104826923954579,0.0011383408642051257,0.0008685638915270531,0.0010034523778660893,30.411319372208226,76,51,1165,875,9,4,369972.1816318814,0.06523605150214593,0.05828571428571429,0.881578947368421,0.9215686274509804,46853,35682,632470,473432,6832,5175,167884873.9081389,0.07407940297563521,0.07536879636357492,0.854182229526391,0.854968891878258,76,51,995,750,67,9,161,928,47,4,121,703,0.19570815450643778,0.192,0.881578947368421,0.9215686274509803,0.06733668341708543,0.06266666666666666,76,51,369972.1816318814,66300.0,0.07407940297563521,0.07536879636357492,0.854182229526391,0.854968891878258
664,0.0,66068.0,2039,136.28765505499646,136.35047567305236,105.87633568278824,105.94175710606099,0.06282061805589478,0.06542142327275258,0.9602453586799142,0.0011375725890791525,0.0008682410757758489,0.0010029068324275007,30.408718566991368,68,37,1185,854,8,9,370069.21180881414,0.05738396624472574,0.04332552693208431,0.8823529411764706,0.7567567567567568,46921,35719,633655,474286,6840,5184,168254943.1199477,0.07404818079238702,0.0753110992101812,0.8542230557745999,0.8548671575352054,68,37,1042,723,60,8,135,982,28,9,122,695,0.16455696202531644,0.1756440281030445,0.8823529411764706,0.7567567567567568,0.05758157389635317,0.03872752420470263,68,37,370069.21180881414,66400.0,0.07404818079238702,0.0753110992101812,0.8542230557745999,0.8548671575352054
665,0.0,66167.5,2033,136.35114233971902,136.42892303314258,105.94175710606099,106.0070745855775,0.07778069342356275,0.06531747951650857,1.1908097801585285,0.001137041613157082,0.0008679176678350809,0.0010024796404960814,30.421848447565083,49,36,1172,861,5,5,369222.7244092812,0.041808873720136516,0.041811846689895474,0.8979591836734694,0.8611111111111112,46970,35755,634827,475147,6845,5189,168624165.84435698,0.07398866147785145,0.07525039619317811,0.8542686821375346,0.8548734442735282,49,36,1012,749,44,5,155,968,31,5,107,718,0.1697952218430034,0.1602787456445993,0.8979591836734694,0.8611111111111112,0.043478260869565216,0.04138851802403204,49,36,369222.7244092812,66500.0,0.07398866147785145,0.07525039619317811,0.8542686821375346,0.8548734442735282
666,0.0,66267.0,2046,136.42892303314258,136.50265516530553,106.0070745855775,106.08931360748988,0.07373213216294516,0.08223902191238608,0.8965589625019642,0.0011364414325391726,0.0008678493083024814,0.0010021453704208271,30.41334155781564,48,42,1164,882,9,4,371888.95633815345,0.041237113402061855,0.047619047619047616,0.8125,0.9047619047619048,47018,35797,635991,476029,6854,5193,168996054.80069515,0.07392871911709442,0.07519920004873652,0.8542260410906461,0.8549319775400173,48,42,1008,759,39,9,147,969,38,4,119,721,0.15979381443298968,0.17800453514739228,0.8125,0.9047619047619048,0.03869047619047619,0.05006587615283267,48,42,371888.95633815345,66600.0,0.07392871911709442,0.07519920004873652,0.8542260410906461,0.8549319775400173
667,0.0,66366.5,2065,136.50413018289072,136.5777140109704,106.08931360748988,106.14658761156447,0.073583828079677,0.057274004074585605,1.2847683564056702,0.0011358629423204464,0.0008674068656224865,0.0010016349039714664,30.431126399405926,66,42,1195,870,10,5,375581.67229031253,0.055230125523012555,0.04827586206896552,0.8484848484848485,0.8809523809523809,47084,35839,637186,476899,6864,5198,169371636.47298548,0.07389365114738868,0.0751500841897341,0.8542179933735452,0.8549624710510896,66,42,1032,749,56,10,153,976,37,5,116,712,0.17489539748953975,0.17586206896551723,0.8484848484848485,0.8809523809523809,0.05426356589147287,0.049399198931909215,66,42,375581.67229031253,66700.0,0.07389365114738868,0.0751500841897341,0.8542179933735452,0.8549624710510896
668,0.0,66466.0,2041,136.5777140109704,136.65961112564065,106.14658761156447,106.21256215740974,0.08189711467025518,0.06597454584526474,1.2413441217516659,0.0011353885534048506,0.0008670959952524717,0.0010012422743286612,30.447048968230916,45,34,1156,885,7,4,371462.0971441774,0.03892733564013841,0.0384180790960452,0.8444444444444444,0.8823529411764706,47129,35873,638342,477784,6871,5202,169743098.57012966,0.07383032919657488,0.07508204544312912,0.854208661333786,0.8549884314108104,45,34,1002,749,38,7,147,964,30,4,132,719,0.16003460207612458,0.18305084745762712,0.8444444444444444,0.8823529411764706,0.03792415169660679,0.04005340453938585,45,34,371462.0971441774,66800.0,0.07383032919657488,0.07508204544312912,0.854208661333786,0.8549884314108104
669,0.0,66565.5,1991,136.65961112564065,136.7206193798354,106.21256215740974,106.27233468681122,0.061008254194746314,0.05977252940148503,1.020673791215377,0.0011346033426253928,0.0008666933484643737,0.0010006483455448833,30.448284693024178,62,37,1135,856,10,4,362619.5891237308,0.05462555066079295,0.04322429906542056,0.8387096774193549,0.8918918918918919,47191,35910,639477,478640,6881,5206,170105718.1592534,0.07379624286721806,0.07502507103459803,0.8541882986162616,0.855026455026455,62,37,975,750,52,10,150,923,33,4,102,717,0.17797356828193833,0.15771028037383178,0.8387096774193549,0.8918918918918919,0.05333333333333334,0.044,62,37,362619.5891237308,66900.0,0.07379624286721806,0.07502507103459803,0.8541882986162616,0.855026455026455
670,0.0,66665.0,2071,136.7206193798354,136.8052426022605,106.27233468681122,106.31422042551944,0.08462322242510822,0.04188573870821699,2.0203349644758,0.0011341729379711026,0.0008660249365817136,0.001000098937276408,30.49102217674107,57,39,1178,893,8,7,377359.6790804763,0.04838709677419355,0.043673012318029114,0.8596491228070176,0.8205128205128205,47248,35949,640655,479533,6889,5213,170483077.83833387,0.07374952197360514,0.07496668633858358,0.8541948865560447,0.8549890122117444,57,39,1008,767,49,8,162,959,32,7,119,735,0.17911714770797962,0.1690929451287794,0.8596491228070176,0.8205128205128205,0.04861111111111111,0.041720990873533245,57,39,377359.6790804763,67000.0,0.07374952197360514,0.07496668633858358,0.8541948865560447,0.8549890122117444
671,0.0,66764.5,2055,136.8052426022605,136.87284912973413,106.31422042551944,106.35713987562485,0.06760652747362883,0.042919450105415535,1.575195565357402,0.0011334902141808868,0.0008653739225198246,0.0009994320683503557,30.515709254109282,34,31,1147,908,3,3,374530.36828252854,0.02964254577157803,0.034140969162995596,0.9117647058823529,0.9032258064516129,47282,35980,641802,480441,6892,5216,170857608.2066164,0.073670695946725,0.07488952857895143,0.8542362844211328,0.8550305725403001,34,31,995,794,31,3,149,964,28,3,111,766,0.15693112467306017,0.15308370044052863,0.9117647058823529,0.9032258064516129,0.031155778894472363,0.03526448362720403,34,31,374530.36828252854,67100.0,0.073670695946725,0.07488952857895143,0.8542362844211328,0.8550305725403001
672,0.0,66864.0,1939,136.87284912973413,136.9205463354328,106.35713987562485,106.41345469217563,0.04769720569865399,0.05631481655078119,0.8469743598586283,0.0011325132526374428,0.0008649241818099853,0.000998718717223714,30.507091643257155,45,30,1123,816,7,6,353593.1868463021,0.04007123775601069,0.03676470588235294,0.8444444444444444,0.8,47327,36010,642925,481257,6899,5222,171211201.39346272,0.07361200762141774,0.07482488566400074,0.8542269740317366,0.8549847264648709,45,30,955,693,38,7,161,917,24,6,117,669,0.1772039180765806,0.17279411764705882,0.8444444444444444,0.8,0.039790575916230364,0.03463203463203463,45,30,353593.1868463021,67200.0,0.07361200762141774,0.07482488566400074,0.8542269740317366,0.8549847264648709
673,0.0,66963.5,2042,136.9205463354328,136.97170932000267,106.41345469217563,106.45331596294659,0.051162984569884884,0.039861270770956025,1.2835261791795054,0.0011315906918544733,0.0008642312970044869,0.00099791099442948,30.518393357056084,38,30,1216,826,6,3,372561.1043055399,0.03125,0.03631961259079903,0.8421052631578947,0.9,47365,36040,644141,482083,6905,5225,171583762.49776825,0.07353203724029367,0.07475891080996426,0.8542172490235406,0.8550221975582686,38,30,1046,695,32,6,164,1014,27,3,128,668,0.1611842105263158,0.18765133171912832,0.8421052631578947,0.9,0.030592734225621414,0.03884892086330935,38,30,372561.1043055399,67300.0,0.07353203724029367,0.07475891080996426,0.8542172490235406,0.8550221975582686
674,0.0,67063.0,2014,136.97170932000267,137.04629866683823,106.45331596294659,106.50458093211388,0.07458934683555185,0.05126496916729195,1.454976917905596,0.0011310184407810327,0.0008637096625752115,0.000997364051678122,30.541717734724344,47,30,1133,881,3,3,367609.2910121281,0.04148278905560459,0.0340522133938706,0.9361702127659575,0.9,47412,36070,645274,482964,6908,5228,171951371.7887804,0.07347576378406692,0.07468465558509536,0.8542984898337973,0.8550596063210424,47,30,987,747,44,3,143,943,27,3,131,720,0.1650485436893204,0.1793416572077185,0.9361702127659575,0.9,0.044579533941236066,0.03614457831325301,47,30,367609.2910121281,67400.0,0.07347576378406692,0.07468465558509536,0.8542984898337973,0.8550596063210424
675,0.0,67162.5,2055,137.04629866683823,137.08942551672445,106.50458093211388,106.55708417941104,0.04312684988622095,0.052503247297153166,0.8214130002690211,0.001129981774200412,0.0008632079185906136,0.0009965948463955129,30.53234133731341,47,30,1198,857,9,4,375271.8272633659,0.03923205342237062,0.03500583430571762,0.8085106382978724,0.8666666666666667,47459,36100,646472,483821,6917,5232,172326643.61604375,0.07341230556002426,0.07461437184413244,0.8542531448197391,0.8550692520775623,47,30,1021,736,38,9,168,983,26,4,117,710,0.17195325542570952,0.16686114352392065,0.8085106382978723,0.8666666666666667,0.03721841332027424,0.035326086956521736,47,30,375271.8272633659,67500.0,0.07341230556002426,0.07461437184413244,0.8542531448197391,0.8550692520775623
676,0.0,67262.0,1954,137.08942551672445,137.15544724742847,106.55708417941104,106.60219878416513,0.06602173070402273,0.04511460475409024,1.4634225671241636,0.0011292868563495834,0.0008625983596097708,0.0009959426079796771,30.553248463263344,35,32,1142,812,4,8,357006.1762850009,0.03064798598949212,0.03940886699507389,0.8857142857142857,0.75,47494,36132,647614,484633,6921,5240,172683649.79232875,0.07333689512580024,0.07455538520901384,0.8542763296416389,0.8549761983837042,35,32,1001,691,31,4,137,970,24,8,113,667,0.14711033274956217,0.1687192118226601,0.8857142857142857,0.75,0.030969030969030968,0.03473227206946455,35,32,357006.1762850009,67600.0,0.07333689512580024,0.07455538520901384,0.8542763296416389,0.8549761983837042
677,0.0,67361.5,2018,137.15544724742847,137.20891287340186,106.60219878416513,106.64237726328892,0.05346562597338789,0.040178479123795796,1.3307030813349714,0.0011284085245968276,0.0008619176896417179,0.0009951631071192727,30.566535610112936,37,26,1181,837,4,3,368850.6259637547,0.03132938187976291,0.03106332138590203,0.8918918918918919,0.8846153846153846,47531,36158,648795,485470,6925,5243,173052500.4182925,0.0732604289490517,0.07448040043669021,0.8543056110748775,0.8549975109242768,37,26,996,722,33,4,181,963,23,3,112,699,0.18120237087214225,0.16129032258064516,0.8918918918918919,0.8846153846153846,0.03313253012048193,0.03185595567867036,37,26,368850.6259637547,67700.0,0.0732604289490517,0.07448040043669021,0.8543056110748775,0.8549975109242768
678,0.0,67461.0,2086,137.20891287340186,137.28926216323964,106.64386816431055,106.6764146352933,0.080349289837784,0.03254647098275143,2.4687558254892368,0.001127929298009484,0.0008611484507485055,0.0009945388743789947,30.612847527946343,34,29,1212,874,3,7,381333.25572202506,0.028052805280528052,0.03318077803203661,0.9117647058823529,0.7586206896551724,47565,36187,650007,486344,6928,5250,173433833.6740145,0.07317613502623818,0.07440618163275377,0.8543466834857563,0.8549202752369636,34,29,1059,736,31,3,150,1028,22,7,131,714,0.14933993399339934,0.17505720823798626,0.9117647058823529,0.7586206896551724,0.02927289896128423,0.029891304347826088,34,29,381333.25572202506,67800.0,0.07317613502623818,0.07440618163275377,0.8543466834857563,0.8549202752369636
679,0.0,67560.5,2080,137.28926216323964,137.34280141360279,106.67777082609304,106.72067135167076,0.05353925036314422,0.04290052557772128,1.2479858846052867,0.001127056637045746,0.0008605319834628297,0.0009937943102542879,30.622130061932026,35,32,1182,898,7,2,380414.31533264613,0.02961082910321489,0.035634743875278395,0.8,0.9375,47600,36219,651189,487242,6935,5252,173814247.98934716,0.0730970578434218,0.07433472483899171,0.8543067226890756,0.8549932355945774,35,32,1017,768,28,7,158,989,30,2,128,738,0.15736040609137056,0.1759465478841871,0.8,0.9375,0.02753195673549656,0.0390625,35,32,380414.31533264613,67900.0,0.0730970578434218,0.07433472483899171,0.8543067226890756,0.8549932355945774
680,0.0,67660.0,2025,137.34280141360279,137.40447206750804,106.72329037931296,106.76379421968967,0.06167065390525295,0.04050384037671506,1.522587817146996,0.001126306122195756,0.0008599006550756625,0.0009931033886357093,30.640677847818367,33,32,1115,910,5,7,370481.42319319677,0.029596412556053813,0.035164835164835165,0.8484848484848485,0.78125,47633,36251,652304,488152,6940,5259,174184729.41254035,0.07302270107189286,0.07426170537045838,0.8543026893120316,0.8549281399133817,33,32,980,790,28,5,130,952,25,7,113,765,0.14170403587443947,0.15164835164835164,0.8484848484848485,0.78125,0.02857142857142857,0.03164556962025317,33,32,370481.42319319677,68000.0,0.07302270107189286,0.07426170537045838,0.8543026893120316,0.8549281399133817
681,0.0,67759.5,2043,137.40447206750804,137.46294626033284,106.76379421968967,106.80518917935532,0.058474192824803595,0.04139495966565221,1.4125920956826783,0.0011255108737464937,0.0008592458077064714,0.0009923783407264825,30.657757080977518,41,26,1210,833,3,4,373880.49453414,0.033884297520661154,0.031212484993997598,0.926829268292683,0.8461538461538461,47674,36277,653514,488985,6943,5263,174558609.90707448,0.07295023519006479,0.07418836978639426,0.8543650627176238,0.8549218513107478,41,26,1040,712,38,3,167,1002,22,4,117,690,0.16942148760330578,0.16686674669867949,0.926829268292683,0.8461538461538461,0.03653846153846154,0.03089887640449438,41,26,373880.49453414,68100.0,0.07295023519006479,0.07418836978639426,0.8543650627176238,0.8549218513107478
682,0.0,67859.0,1978,137.46294626033284,137.51094310284196,106.80518917935532,106.84394138260696,0.04799684250912151,0.03875220325163298,1.238557771733894,0.0011245643305666472,0.0008585541306167498,0.0009915592305916984,30.667001720235007,39,30,1164,814,6,4,362129.0511276749,0.03350515463917526,0.036855036855036855,0.8461538461538461,0.8666666666666667,47713,36307,654678,489799,6949,5267,174920738.95820215,0.07288010289027583,0.07412632528853673,0.8543583509735292,0.8549315558983116,39,30,1013,684,33,6,145,980,26,4,126,658,0.15292096219931273,0.18673218673218672,0.8461538461538461,0.8666666666666667,0.03257650542941757,0.038011695906432746,39,30,362129.0511276749,68200.0,0.07288010289027583,0.07412632528853673,0.8543583509735292,0.8549315558983116
683,0.0,67958.5,2025,137.51094310284196,137.56845359841074,106.84394138260696,106.88340053093562,0.05751049556877774,0.039459148328660376,1.4574692562993339,0.0011237598512476444,0.0008578748295225622,0.0009908173403851033,30.685053067475124,38,30,1170,855,3,5,370827.7948603031,0.03247863247863248,0.03508771929824561,0.9210526315789473,0.8333333333333334,47751,36337,655848,490654,6952,5272,175291566.75306246,0.07280802868957441,0.07405829770061999,0.8544114259387238,0.854913724303052,38,30,1002,728,35,3,165,967,25,5,122,703,0.17094017094017094,0.17192982456140352,0.9210526315789473,0.8333333333333334,0.03493013972055888,0.034340659340659344,38,30,370827.7948603031,68300.0,0.07280802868957441,0.07405829770061999,0.8544114259387238,0.854913724303052
684,0.0,68058.0,2063,137.56845359841074,137.62970539843474,106.88340053093562,106.9263337325878,0.061251800023995884,0.04293320165218972,1.4266767365781083,0.001123012421640908,0.0008572483049421518,0.00099013036329153,30.70337166584693,42,32,1172,891,7,4,377968.43014533765,0.03583617747440273,0.03591470258136925,0.8333333333333334,0.875,47793,36369,657020,491545,6959,5276,175669535.18320778,0.0727420778667316,0.07398915663876146,0.8543929027263406,0.8549313976188513,42,32,1023,755,35,7,142,988,28,4,132,727,0.15102389078498293,0.17957351290684623,0.8333333333333334,0.875,0.03421309872922776,0.03708609271523179,42,32,377968.43014533765,68400.0,0.0727420778667316,0.07398915663876146,0.8543929027263406,0.8549313976188513
685,0.0,68157.5,2099,137.6317940983371,137.67268352446848,106.9263337325878,106.98322274701212,0.04088942613137192,0.056889014424314155,0.7187578576488035,0.0011220004053470343,0.0008568273441236132,0.0009894138747353239,30.68946077745636,42,34,1228,871,5,2,384761.0746698657,0.03420195439739414,0.03903559127439724,0.8809523809523809,0.9411764705882353,47835,36403,658248,492416,6964,5278,176054296.25787765,0.07267017902067306,0.07392732973745776,0.8544162224312741,0.8550119495645964,42,34,1050,737,37,5,173,1013,32,2,132,705,0.17100977198697068,0.18828932261768083,0.8809523809523809,0.9411764705882353,0.035238095238095235,0.04341926729986431,42,34,384761.0746698657,68500.0,0.07267017902067306,0.07392732973745776,0.8544162224312741,0.8550119495645964
686,0.0,68257.0,2043,137.67403408948948,137.72786216689875,106.98322274701212,107.03218194544785,0.0538280774092641,0.048959198435724716,1.0994476856056254,0.0011211691896312263,0.0008562920156108342,0.0009887306026210303,30.6956802214509,37,25,1196,847,1,4,374704.800398027,0.030936454849498328,0.0295159386068477,0.972972972972973,0.84,47872,36428,659444,493263,6965,5282,176429001.05827567,0.07259448869047258,0.07385106930785403,0.8545078542780749,0.8550016470846602,37,25,1034,728,36,1,161,998,21,4,115,707,0.16471571906354515,0.16056670602125148,0.972972972972973,0.84,0.03481624758220503,0.028846153846153848,37,25,374704.800398027,68600.0,0.07259448869047258,0.07385106930785403,0.8545078542780749,0.8550016470846602
687,0.0,68356.5,1946,137.72786216689875,137.7790801986428,107.03218194544785,107.06691620101194,0.05121803174404249,0.03473425556408927,1.4745682874803085,0.0011202827429468145,0.000855551186702581,0.0009879169648246977,30.712163997630853,29,30,1128,818,2,3,357102.57061873644,0.025709219858156027,0.03667481662591687,0.9310344827586207,0.9,47901,36458,660572,494081,6967,5285,176786103.62889442,0.07251442689063418,0.0737895203418063,0.8545541846725538,0.855038674639311,29,30,955,705,27,2,171,928,27,3,110,678,0.17553191489361702,0.16748166259168704,0.9310344827586207,0.9,0.028272251308900525,0.03829787234042553,29,30,357102.57061873644,68700.0,0.07251442689063418,0.0737895203418063,0.8545541846725538,0.855038674639311
688,0.0,68456.0,2006,137.7790801986428,137.84761242642855,107.06691620101194,107.10882900001963,0.06853222778576651,0.04191279900769018,1.635114557087733,0.0011196505329684873,0.0008549168506609739,0.0009872836918147305,30.73878342640893,41,34,1182,824,7,5,368194.7398690339,0.03468697123519458,0.0412621359223301,0.8292682926829268,0.8529411764705882,47942,36492,661754,494905,6974,5290,177154298.36876345,0.07244686091810552,0.07373536335256262,0.8545325601768804,0.855036720377069,41,34,1030,707,34,7,145,996,29,5,112,678,0.15143824027072758,0.17111650485436894,0.8292682926829268,0.8529411764705882,0.03300970873786408,0.04101838755304102,41,34,368194.7398690339,68800.0,0.07244686091810552,0.07373536335256262,0.8545325601768804,0.855036720377069
689,0.0,68555.5,2048,137.84761242642855,137.9035939791823,107.10882900001963,107.14055447666638,0.055981552753735286,0.031725476646755624,1.764561439913313,0.0011188380003045815,0.0008541364993051053,0.0009864872498048433,30.76303950251591,31,24,1200,848,7,4,375994.6993749431,0.025833333333333333,0.02830188679245283,0.7741935483870968,0.8333333333333334,47973,36516,662954,495753,6981,5294,177530293.0681384,0.07236248668836752,0.0736576480626441,0.8544806453630167,0.8550224559097381,31,24,1031,737,24,7,162,1007,20,4,107,717,0.155,0.14976415094339623,0.7741935483870968,0.8333333333333334,0.023278370514064017,0.027137042062415198,31,24,375994.6993749431,68900.0,0.07236248668836752,0.0736576480626441,0.8544806453630167,0.8550224559097381
690,0.0,68655.0,2021,137.9035939791823,137.9717849197127,107.14055447666638,107.18109854142274,0.06819094053039976,0.040544064756360854,1.6818969913395636,0.0011182047704567546,0.0008534862154620017,0.0009858454929593781,30.790686378289948,45,35,1154,867,5,7,371123.0559415709,0.0389948006932409,0.040369088811995385,0.8888888888888888,0.8,48018,36551,664108,496620,6986,5301,177901416.12407997,0.07230450468899637,0.073599532842012,0.8545128909992086,0.8549697682689941,45,35,993,760,40,5,156,953,28,7,100,732,0.16984402079722705,0.14763552479815456,0.8888888888888888,0.8,0.04028197381671702,0.03684210526315789,45,35,371123.0559415709,69000.0,0.07230450468899637,0.073599532842012,0.8545128909992086,0.8549697682689941
691,0.0,68754.5,2023,137.97303960403622,138.04702998915207,107.18109854142274,107.21675212800317,0.07399038511584877,0.03565358658042328,2.0752578411417244,0.0011176754592034071,0.0008527670398474463,0.0009852212495254267,30.8302778611489,41,34,1150,873,2,0,371568.062379121,0.035652173913043476,0.038946162657502864,0.9512195121951219,1.0,48059,36585,665258,497493,6988,5301,178272984.1864591,0.07224114554052713,0.07353872315791378,0.8545953931625709,0.8551045510455104,41,34,1001,767,39,2,147,962,34,0,106,733,0.1617391304347826,0.16036655211912945,0.9512195121951219,1.0,0.03896103896103896,0.04432855280312908,41,34,371568.062379121,69100.0,0.07224114554052713,0.07353872315791378,0.8545953931625709,0.8551045510455104
692,0.0,68854.0,2115,138.04702998915207,138.11750331445108,107.21675212800317,107.25853638034178,0.0704733252990195,0.0417842523386156,1.6866001269547768,0.0011170787219111915,0.0008521385362109416,0.0009846086290610666,30.858966934109304,36,32,1146,969,7,7,388542.63796453195,0.031413612565445025,0.033023735810113516,0.8055555555555556,0.78125,48095,36617,666404,498462,6995,5308,178661526.82442364,0.07217093534852732,0.07345996284571342,0.8545586859340888,0.8550400087391102,36,32,983,845,29,7,156,954,25,7,117,820,0.16143106457242584,0.14654282765737875,0.8055555555555556,0.78125,0.029501525940996948,0.029585798816568046,36,32,388542.63796453195,69200.0,0.07217093534852732,0.07345996284571342,0.8545586859340888,0.8550400087391102
693,0.0,68953.5,1973,138.11750331445108,138.1605231259446,107.25853638034178,107.29023367266528,0.04301981149350809,0.03169729232349994,1.357207772022022,0.0011160875522041554,0.0008513662914591725,0.000983726921831664,30.870289453279312,36,27,1127,846,3,5,362584.89831829007,0.03194321206743567,0.031914893617021274,0.9166666666666666,0.8148148148148149,48131,36644,667531,499308,6998,5313,179024111.72274193,0.07210301843659696,0.07338957116649443,0.8546051401383723,0.8550103700469381,36,27,972,734,33,3,152,939,22,5,107,712,0.16415261756876665,0.1524822695035461,0.9166666666666666,0.8148148148148148,0.033950617283950615,0.02997275204359673,36,27,362584.89831829007,69300.0,0.07210301843659696,0.07338957116649443,0.8546051401383723,0.8550103700469381
694,0.0,69053.0,2014,138.1605231259446,138.21960739861396,107.29023367266528,107.32405204878567,0.059084272669366555,0.03381837612039362,1.7471055516984668,0.0011153307152797886,0.0008506268353637039,0.0009829787753217463,30.895555349828285,38,42,1133,881,3,2,370207.74311258143,0.03353927625772286,0.04767309875141884,0.9210526315789473,0.9523809523809523,48169,36686,668664,500189,7001,5315,179394319.46585453,0.07203767512532452,0.07334427586372351,0.8546575598413918,0.8551218448454452,38,42,986,767,35,3,144,951,40,2,112,727,0.15798764342453664,0.17253121452894438,0.9210526315789473,0.9523809523809523,0.035496957403651115,0.05215123859191656,38,42,370207.74311258143,69400.0,0.07203767512532452,0.07334427586372351,0.8546575598413918,0.8551218448454452
695,0.0,69152.5,2042,138.21960739861396,138.30083482654788,107.32405204878567,107.35973508240492,0.0812274279339249,0.03568303361925018,2.2763599306227302,0.001114894662853975,0.0008499163368037454,0.0009824054998288602,30.94109974414296,34,29,1172,870,3,1,375425.9665904355,0.02901023890784983,0.03333333333333333,0.9117647058823529,0.9655172413793104,48203,36715,669836,501059,7004,5316,179769745.43244496,0.07196239079416454,0.07327480396520171,0.8546978403833786,0.8552090426256298,34,29,1026,745,31,3,143,995,28,1,124,717,0.14846416382252559,0.17471264367816092,0.9117647058823529,0.9655172413793104,0.030214424951267055,0.03758389261744966,34,29,375425.9665904355,69500.0,0.07196239079416454,0.07327480396520171,0.8546978403833786,0.8552090426256298
696,0.0,69252.0,2049,138.30083482654788,138.3645374425797,107.35973508240492,107.40991108548936,0.06370261603180438,0.05017600308443093,1.2695833090693232,0.0011142080701779175,0.0008494161122262174,0.0009818120912020675,30.954626357090333,51,26,1175,874,10,3,376813.40846088604,0.04340425531914894,0.029748283752860413,0.803921568627451,0.8846153846153846,48254,36741,671011,501933,7014,5319,180146558.84090585,0.0719123829564642,0.07319901261722182,0.8546441745762009,0.8552298522087042,51,26,995,749,41,10,170,954,23,3,122,726,0.17957446808510638,0.16590389016018306,0.803921568627451,0.8846153846153846,0.04120603015075377,0.030707610146862484,51,26,376813.40846088604,69600.0,0.0719123829564642,0.07319901261722182,0.8546441745762009,0.8552298522087042
697,0.0,69351.5,2072,138.3645374425797,138.44951319289413,107.40991108548936,107.45417137778038,0.08497575031444171,0.044260292291028236,1.9199093796239273,0.0011138286575996773,0.000848832449113856,0.0009813305533567665,30.995341815113747,49,31,1206,866,8,2,381225.87321966223,0.0406301824212272,0.03579676674364896,0.8367346938775511,0.935483870967742,48303,36772,672217,502799,7022,5321,180527784.7141255,0.07185626070152942,0.07313459255090006,0.8546260066662525,0.8552975089742195,49,31,1048,739,41,8,150,1007,29,2,125,710,0.1583747927031509,0.17782909930715934,0.8367346938775511,0.9354838709677419,0.039122137404580155,0.03924221921515562,49,31,381225.87321966223,69700.0,0.07185626070152942,0.07313459255090006,0.8546260066662525,0.8552975089742195
698,0.0,69451.0,2129,138.44951319289413,138.53131397917457,107.45545358931277,107.50432602795814,0.0818007862804393,0.04887243864537538,1.6737610920952029,0.00111340484557275,0.000848334904776698,0.000980869875174724,31.026987951216427,55,34,1211,918,6,7,391798.77404162794,0.04541701073492981,0.037037037037037035,0.8909090909090909,0.7941176470588236,48358,36806,673428,503717,7028,5328,180919583.48816714,0.07180871600230462,0.0730688064925345,0.8546672732536499,0.8552409933163071,55,34,1061,789,49,6,144,1012,27,7,122,762,0.1593724194880264,0.16230936819172112,0.8909090909090909,0.7941176470588235,0.046182846371347785,0.034220532319391636,55,34,391798.77404162794,69800.0,0.07180871600230462,0.0730688064925345,0.8546672732536499,0.8552409933163071
699,0.0,69550.5,2106,138.53131397917457,138.6001839572835,107.50432602795814,107.5483453966872,0.06886997810892126,0.0440193687290531,1.5645380680678997,0.001112797256067051,0.0008477510117616963,0.0009802741339143737,31.051838560596295,52,31,1208,898,6,7,387695.9625821792,0.04304635761589404,0.034521158129175944,0.8846153846153846,0.7741935483870968,48410,36837,674636,504615,7034,5335,181307279.4507493,0.07175721426072727,0.07300020807942689,0.8546994422639951,0.855172788229226,52,31,1026,757,46,6,176,980,24,7,134,733,0.1837748344370861,0.1759465478841871,0.8846153846153846,0.7741935483870968,0.04483430799220273,0.031704095112285335,52,31,387695.9625821792,69900.0,0.07175721426072727,0.07300020807942689,0.8546994422639951,0.855172788229226
700,0.0,69650.0,2027,138.60338954079458,138.68029273204945,107.5483453966872,107.59245966683821,0.07690319125487122,0.0441142701510131,1.7432724375041055,0.001112351956769326,0.0008471701427470512,0.0009797610497581887,31.087833065211242,45,39,1160,867,5,5,373284.2761895402,0.03879310344827586,0.04498269896193772,0.8888888888888888,0.8717948717948718,48455,36876,675796,505482,7039,5340,181680563.72693884,0.0717006315515333,0.0729521525989056,0.8547311938912393,0.8551903677188415,45,39,1012,748,40,5,143,972,34,5,114,714,0.15775862068965518,0.1707035755478662,0.8888888888888888,0.8717948717948718,0.039525691699604744,0.045454545454545456,45,39,373284.2761895402,70000.0,0.0717006315515333,0.0729521525989056,0.8547311938912393,0.8551903677188415
701,0.0,69749.5,2044,138.68029273204945,138.75464249386954,107.59481757186299,107.65010626988784,0.07434976182008768,0.055288698024853034,1.3447551574946914,0.001111825773690056,0.0008467839742559661,0.000979304873973011,31.104536223981697,56,33,1157,887,6,8,376579.45470420294,0.04840103716508211,0.03720405862457723,0.8928571428571429,0.7575757575757576,48511,36909,676953,506369,7045,5348,182057143.18164304,0.07166080953921469,0.07288953312702792,0.8547752056234669,0.8551030913869246,56,33,1016,759,50,6,135,966,25,8,120,734,0.1598962834917891,0.16347237880496054,0.8928571428571429,0.7575757575757576,0.04921259842519685,0.03293807641633729,56,33,376579.45470420294,70100.0,0.07166080953921469,0.07288953312702792,0.8547752056234669,0.8551030913869246
702,0.0,69849.0,2092,138.75464249386954,138.8297694825637,107.65010626988784,107.69827551931803,0.07512698869416568,0.04816924943018819,1.5596462386869325,0.0011113121613157704,0.0008462639009226982,0.0009787880311192343,31.131493963245674,65,34,1258,834,6,6,385595.49665550695,0.051669316375198726,0.0407673860911271,0.9076923076923077,0.8235294117647058,48576,36943,678211,507203,7051,5354,182442738.67829853,0.07162372771895473,0.07283671429388233,0.8548460144927537,0.8550740329697101,65,34,1084,704,59,6,168,1025,28,6,124,676,0.18044515103338632,0.18225419664268586,0.9076923076923077,0.8235294117647058,0.0544280442804428,0.03977272727272727,65,34,385595.49665550695,70200.0,0.07162372771895473,0.07283671429388233,0.8548460144927537,0.8550740329697101
703,0.0,69948.5,2002,138.8297694825637,138.8971666412494,107.69827551931803,107.7429802517317,0.06739715868570784,0.04470473241366335,1.507606802386516,0.0011106900552354593,0.0008456960252800437,0.0009781930402577516,31.15418638951772,40,27,1169,833,4,5,369181.27680859785,0.03421727972626176,0.03241296518607443,0.9,0.8148148148148149,48616,36970,679380,508036,7055,5359,182811919.95510712,0.07155936294857075,0.0727704335913203,0.854883166035873,0.8550446307817149,40,27,1012,733,36,4,153,976,22,5,95,711,0.16167664670658682,0.1404561824729892,0.9,0.8148148148148148,0.03557312252964427,0.030013642564802184,40,27,369181.27680859785,70300.0,0.07155936294857075,0.0727704335913203,0.854883166035873,0.8550446307817149
704,0.0,70048.0,2080,138.8971666412494,138.9786217763936,107.7429802517317,107.80036220649622,0.08145513514418212,0.0573819547645229,1.4195252754711445,0.0011102694036675706,0.0008453098371015851,0.0009777896203845779,31.178259569897378,49,39,1230,850,3,10,383678.6673701133,0.03983739837398374,0.04588235294117647,0.9387755102040817,0.7435897435897436,48665,37009,680610,508886,7058,5369,183195598.62247723,0.07150203493924567,0.0727255220226141,0.854967635877941,0.8549271798751655,49,39,1056,714,46,3,171,1010,29,10,126,685,0.17642276422764228,0.18235294117647058,0.9387755102040817,0.7435897435897436,0.043560606060606064,0.04061624649859944,49,39,383678.6673701133,70400.0,0.07150203493924567,0.0727255220226141,0.854967635877941,0.8549271798751655
705,0.0,70147.5,2104,138.9786217763936,139.04692384227806,107.80036220649622,107.85819942676925,0.06830206588446686,0.05783722027302929,1.1809361785029897,0.0011096633770791692,0.0008449312021592145,0.000977297289619192,31.188724415508815,52,37,1197,907,5,4,388335.80718441773,0.04344193817878028,0.040793825799338476,0.9038461538461539,0.8918918918918919,48717,37046,681807,509793,7063,5373,183583934.42966166,0.07145277182545794,0.07266871063353166,0.8550198082804771,0.8549640986881175,52,37,1041,796,47,5,151,994,33,4,107,763,0.16541353383458646,0.1543550165380375,0.9038461538461539,0.8918918918918919,0.04514889529298751,0.0414572864321608,52,37,388335.80718441773,70500.0,0.07145277182545794,0.07266871063353166,0.8550198082804771,0.8549640986881175
706,0.0,70247.0,2034,139.04692384227806,139.1150467371567,107.85819942676925,107.91630713745509,0.068122894878627,0.05810771068584586,1.172355511421321,0.0011090565294470263,0.0008445574711460407,0.0009768070002965335,31.198739599701597,48,38,1204,830,3,9,375626.40311751096,0.03986710963455149,0.04578313253012048,0.9375,0.7631578947368421,48765,37084,683011,510623,7066,5382,183959560.83277917,0.07139709316541022,0.07262500905756301,0.8551009945657746,0.8548700248085428,48,38,1046,721,45,3,155,1001,29,9,100,692,0.16611295681063123,0.15542168674698795,0.9375,0.7631578947368421,0.043021032504780114,0.04022191400832178,48,38,375626.40311751096,70600.0,0.07139709316541022,0.07262500905756301,0.8551009945657746,0.8548700248085428
707,0.0,70346.5,2060,139.1150467371567,139.18707800390027,107.91630713745509,107.98583819771756,0.07203126674357918,0.06953106026246303,1.0359581239186988,0.00110850667957148,0.0008443463723221066,0.0009764265259467934,31.201239806182713,44,44,1217,843,5,6,380671.8580340898,0.036154478225143796,0.05219454329774614,0.8863636363636364,0.8636363636363636,48809,37128,684228,511466,7071,5388,184340232.69081327,0.0713344089981702,0.07259133549444147,0.8551291769960458,0.8548804137039431,44,44,1056,723,39,5,156,1017,38,6,114,685,0.16023007395234182,0.18030842230130487,0.8863636363636364,0.8636363636363636,0.036931818181818184,0.05255878284923928,44,44,380671.8580340898,70700.0,0.0713344089981702,0.07259133549444147,0.8551291769960458,0.8548804137039431
708,0.0,70446.0,2108,139.18707800390027,139.25613108200463,107.98671122216598,108.0335349877202,0.06905307810436057,0.04682376555422252,1.4747442305637768,0.0011079163181328814,0.0008438274761747963,0.0009758718971538389,31.222596094284427,54,33,1231,877,8,6,389749.1042036423,0.043866774979691305,0.037628278221208664,0.8518518518518519,0.8181818181818181,48863,37161,685459,512343,7079,5394,184729981.7950169,0.0712850805080975,0.07253148769476699,0.8551255551235086,0.8548478243319609,54,33,1056,760,46,8,167,1010,27,6,111,733,0.17303005686433795,0.1573546180159635,0.8518518518518519,0.8181818181818182,0.043560606060606064,0.035526315789473684,54,33,389749.1042036423,70800.0,0.0712850805080975,0.07253148769476699,0.8551255551235086,0.8548478243319609
709,0.0,70545.5,2083,139.25613108200463,139.3339231537736,108.03527222847795,108.09549853100536,0.0777920717689824,0.060226302527411235,1.2916627537208734,0.0011074508800504512,0.0008435112673689808,0.000975481073709716,31.23842462276825,49,42,1173,910,4,8,385360.24754812865,0.041773231031543054,0.046153846153846156,0.9183673469387755,0.8095238095238095,48912,37203,686632,513253,7083,5402,185115342.04256505,0.07123466427431288,0.0724847200113784,0.8551889106967615,0.8547966561836411,49,42,1026,798,45,4,143,981,34,8,104,764,0.16027280477408354,0.15164835164835164,0.9183673469387755,0.8095238095238095,0.043859649122807015,0.042606516290726815,49,42,385360.24754812865,70900.0,0.07123466427431288,0.0724847200113784,0.8551889106967615,0.8547966561836411
710,0.0,70645.0,2080,139.3356219403333,139.40993725689356,108.09549853100536,108.14675192993802,0.07431531656024504,0.051253398932658456,1.449958795081815,0.0011069617112492525,0.0008430451021886394,0.000975003406718946,31.263185326955536,55,33,1206,874,7,3,384976.7998929924,0.04560530679933665,0.03775743707093822,0.8727272727272728,0.9090909090909091,48967,37236,687838,514127,7090,5405,185500318.84245804,0.07118972781381662,0.07242568470436293,0.8552086098801234,0.8548447738747449,55,33,1029,765,48,7,170,981,30,3,106,735,0.18076285240464346,0.15560640732265446,0.8727272727272727,0.9090909090909091,0.04664723032069971,0.0392156862745098,55,33,384976.7998929924,71000.0,0.07118972781381662,0.07242568470436293,0.8552086098801234,0.8548447738747449
711,0.0,70744.5,2147,139.40993725689356,139.46913018577678,108.14675192993802,108.20153322129528,0.059192928883220475,0.05478129135725851,1.0805318278678624,0.0011062373337212398,0.0008426298670429066,0.0009744336003820732,31.2675969644815,50,28,1209,938,7,5,397564.52456243435,0.0413564929693962,0.029850746268656716,0.86,0.8214285714285714,49017,37264,689047,515065,7097,5410,185897883.3670205,0.0711373825007583,0.07234815023346568,0.8552134973580594,0.8548196650923143,50,28,1046,796,43,7,156,1003,23,5,137,773,0.16459884201819686,0.17057569296375266,0.86,0.8214285714285714,0.04110898661567878,0.028894472361809045,50,28,397564.52456243435,71100.0,0.0711373825007583,0.07234815023346568,0.8552134973580594,0.8548196650923143
712,0.0,70844.0,2034,139.47048646329503,139.52834773661561,108.20153322129528,108.23893458061302,0.057861273320582995,0.03740135931774091,1.5470366418778034,0.0011055153367755476,0.0008419716981189382,0.0009737435174472428,31.289413156002595,48,47,1195,839,5,10,376798.631710629,0.0401673640167364,0.05601907032181168,0.8958333333333334,0.7872340425531915,49065,37311,690242,515904,7102,5420,186274681.9987311,0.07108376482451083,0.07232159471529587,0.8552532355039234,0.8547345286912706,48,47,1032,715,43,5,158,989,37,10,114,678,0.1682008368200837,0.1799761620977354,0.8958333333333334,0.7872340425531915,0.041666666666666664,0.05174825174825175,48,47,376798.631710629,71200.0,0.07108376482451083,0.07232159471529587,0.8552532355039234,0.8547345286912706
713,0.0,70943.5,2120,139.52834773661561,139.60823415727336,108.23893458061302,108.30563453744419,0.07988642065774343,0.06669995683117236,1.1976982362964341,0.0011050852510389444,0.0008417262954123362,0.0009734057732256403,31.302599619829166,48,25,1180,940,6,3,392895.7779962927,0.04067796610169491,0.026595744680851064,0.875,0.88,49113,37336,691422,516844,7108,5423,186667577.7767274,0.07103187344342529,0.0722384317124703,0.8552725347667623,0.8547514463252625,48,25,1014,801,42,6,160,972,22,3,136,779,0.1711864406779661,0.16808510638297872,0.875,0.88,0.04142011834319527,0.02746566791510612,48,25,392895.7779962927,71300.0,0.07103187344342529,0.0722384317124703,0.8552725347667623,0.8547514463252625
714,0.0,71043.0,2050,139.60991673739892,139.6759075987021,108.30563453744419,108.35032653113862,0.06599086130319165,0.044691993694428334,1.4765700933905441,0.0011044853198950348,0.0008411733453304481,0.0009728293326127415,31.32558106756349,34,33,1203,847,5,6,380118.91048948094,0.02826267664172901,0.03896103896103896,0.8529411764705882,0.8181818181818181,49147,37369,692625,517691,7113,5429,187047696.68721688,0.07095758888287312,0.07218398620026231,0.8552709219280933,0.8547191522384865,34,33,1027,736,29,5,171,998,27,6,105,709,0.1662510390689942,0.15584415584415584,0.8529411764705882,0.8181818181818182,0.028237585199610515,0.036684782608695655,34,33,380118.91048948094,71400.0,0.07095758888287312,0.07218398620026231,0.8552709219280933,0.8547191522384865
715,0.0,71142.5,2127,139.6759075987021,139.73621088984083,108.35032653113862,108.39236381466037,0.060303291138723125,0.042037283521750624,1.4345192192906908,0.0011037839878551637,0.000840584813148472,0.0009721844005018178,31.343847075180463,45,37,1235,892,8,7,394556.93593010464,0.03643724696356275,0.04147982062780269,0.8222222222222222,0.8108108108108107,49192,37406,693860,518583,7121,5436,187442253.62314698,0.07089614619663909,0.07213117283057871,0.8552406895430151,0.8546757204726514,45,37,1061,770,37,8,166,1024,30,7,115,740,0.16437246963562754,0.1625560538116592,0.8222222222222222,0.8108108108108109,0.034872761545711596,0.03896103896103896,45,37,394556.93593010464,71500.0,0.07089614619663909,0.07213117283057871,0.8552406895430151,0.8546757204726514
716,0.0,71242.0,2049,139.73621088984083,139.80271542056406,108.39236381466037,108.4401888645822,0.06650453072322193,0.047825049921826235,1.390579431321635,0.0011031712243347407,0.0008400787596373964,0.0009716249919860685,31.36252655598186,44,28,1183,866,2,6,380212.0312699028,0.037193575655114115,0.03233256351039261,0.9545454545454546,0.7857142857142857,49236,37434,695043,519449,7123,5442,187822465.6544169,0.07083878263646998,0.0720648225331072,0.8553294337476643,0.8546241384837314,44,28,1031,726,42,2,150,989,22,6,134,704,0.16229923922231615,0.18013856812933027,0.9545454545454546,0.7857142857142857,0.040737148399612025,0.030303030303030304,44,28,380212.0312699028,71600.0,0.07083878263646998,0.0720648225331072,0.8553294337476643,0.8546241384837314
717,0.0,71341.5,2089,139.80271542056406,139.85119057352364,108.4401888645822,108.4959153677578,0.0484751529595826,0.05572650317560601,0.8698760948058616,0.0011023087143002372,0.0008396843192916762,0.0009709965167959567,31.355275205765835,40,40,1171,918,5,9,387872.3647139195,0.034158838599487616,0.04357298474945534,0.875,0.775,49276,37474,696214,520367,7128,5451,188210338.0191308,0.070777088653776,0.0720145589555064,0.8553454014124523,0.8545391471420185,40,40,1008,785,35,5,158,973,31,9,124,754,0.16481639624252775,0.16884531590413943,0.875,0.775,0.034722222222222224,0.03949044585987261,40,40,387872.3647139195,71700.0,0.070777088653776,0.0720145589555064,0.8553454014124523,0.8545391471420185
718,0.0,71441.0,2056,139.8518572401903,139.9039806738066,108.4959153677578,108.53285325137138,0.052123433616287684,0.036937883613575195,1.4111104513072747,0.0011015087035600273,0.0008390292977273921,0.0009702690006437096,31.371127422435208,39,31,1171,885,9,6,381887.07601340674,0.033304867634500426,0.03502824858757062,0.7692307692307692,0.8064516129032258,49315,37505,697385,521252,7137,5457,188592225.0951442,0.07071416792732851,0.07195176229539647,0.8552772989962486,0.8544994000799894,39,31,987,766,30,9,175,957,25,6,113,741,0.17506404782237403,0.15593220338983052,0.7692307692307693,0.8064516129032258,0.030395136778115502,0.03263707571801567,39,31,381887.07601340674,71800.0,0.07071416792732851,0.07195176229539647,0.8552772989962486,0.8544994000799894
719,0.0,71540.5,2041,139.9066178422378,139.96457894392336,108.53285325137138,108.56310857967665,0.057961101685549465,0.03025532830527311,1.9157320357170806,0.0011008195157959212,0.0008382831558432827,0.000969551335819602,31.401470364246705,56,25,1198,843,11,4,379214.26847598143,0.04674457429048414,0.02965599051008304,0.8035714285714286,0.84,49371,37530,698583,522095,7148,5461,188971439.3636202,0.07067306247074435,0.07188346948352312,0.8552186506248607,0.8544897415401013,56,25,1044,730,45,11,143,999,21,4,109,709,0.15692821368948248,0.1542111506524318,0.8035714285714286,0.84,0.04310344827586207,0.028767123287671233,56,25,379214.26847598143,71900.0,0.07067306247074435,0.07188346948352312,0.8552186506248607,0.8544897415401013
720,0.0,71640.0,2086,139.96647790033387,140.01288196609173,108.56528579552052,108.62278324512776,0.04640406575785505,0.057497449607240014,0.8070630275749118,0.001099961475109654,0.0008379476884803214,0.0009689545817949878,31.390098720963962,36,29,1202,884,5,6,387739.9238776293,0.029950083194675542,0.032805429864253395,0.8611111111111112,0.7931034482758621,49407,37559,699785,522979,7153,5467,189359179.28749782,0.07060311381352843,0.07181741523082188,0.8552229441172303,0.8544423440453686,36,29,1052,772,31,5,145,1021,23,6,106,749,0.1464226289517471,0.14592760180995476,0.8611111111111112,0.7931034482758621,0.029467680608365018,0.029792746113989636,36,29,387739.9238776293,72000.0,0.07060311381352843,0.07181741523082188,0.8552229441172303,0.8544423440453686
721,0.0,71739.5,2063,140.01413665041522,140.067966289625,108.62278324512776,108.66724335818195,0.053829639209766356,0.04446011305418551,1.210740043421882,0.0010991998686744572,0.0008374021315344982,0.0009683010001044777,31.400722931443042,36,30,1180,883,4,2,383668.8330236498,0.030508474576271188,0.03397508493771234,0.8888888888888888,0.9333333333333333,49443,37589,700965,523862,7157,5469,189742848.12052146,0.07053561875414607,0.07175362977272641,0.8552474566672734,0.8545053074037617,36,30,1006,748,32,4,170,974,28,2,133,720,0.1711864406779661,0.1823329558323896,0.8888888888888888,0.9333333333333333,0.03180914512922465,0.0374331550802139,36,30,383668.8330236498,72100.0,0.07053561875414607,0.07175362977272641,0.8552474566672734,0.8545053074037617
722,0.0,71839.0,2050,140.067966289625,140.12638744341294,108.66724335818195,108.72119377372542,0.05842115378794688,0.053950415543468466,1.0828675404895869,0.001098486588437899,0.0008369895304595678,0.0009677380594487334,31.40519366968752,44,16,1174,876,2,1,381458.8467555753,0.03747870528109029,0.0182648401826484,0.9545454545454546,0.9375,49487,37605,702139,524738,7159,5470,190124306.96727702,0.07048034648410073,0.07166433534449573,0.8553357447410431,0.8545406195984576,44,16,1022,740,42,2,150,980,15,1,135,725,0.1635434412265758,0.17123287671232876,0.9545454545454546,0.9375,0.0410958904109589,0.02027027027027027,44,16,381458.8467555753,72200.0,0.07048034648410073,0.07166433534449573,0.8553357447410431,0.8545406195984576
723,0.0,71938.5,2091,140.12638744341294,140.17165149167556,108.72119377372542,108.75418488090085,0.045264048262623646,0.032991107175433854,1.3720075540941101,0.0010975933019844943,0.0008362881771280253,0.0009669407395562598,31.41746661077471,34,30,1194,897,3,3,389264.71802694775,0.02847571189279732,0.033444816053511704,0.9117647058823529,0.9,49521,37635,703333,525635,7162,5473,190513571.68530396,0.07040903810854887,0.07159911345325178,0.8553744875911229,0.8545768566493955,34,30,1043,784,31,3,148,1012,27,3,110,757,0.14991624790619765,0.1527313266443701,0.9117647058823529,0.9,0.029721955896452542,0.03443877551020408,34,30,389264.71802694775,72300.0,0.07040903810854887,0.07159911345325178,0.8553744875911229,0.8545768566493955
724,0.0,72038.0,2076,140.17165149167556,140.22079812685251,108.75418488090085,108.80654896278128,0.04914663517695317,0.05236408188042674,0.9385562280874016,0.0010967561100643079,0.0008358563437601748,0.0009663062269122413,31.414249164071236,34,28,1204,872,6,6,386618.9925620333,0.02823920265780731,0.03211009174311927,0.8235294117647058,0.7857142857142857,49555,37663,704537,526507,7168,5479,190900190.67786598,0.07033697307593498,0.07153371180250215,0.8553526384824942,0.8545256617900858,34,28,1070,739,28,6,128,1042,22,6,127,717,0.12956810631229235,0.17087155963302753,0.8235294117647058,0.7857142857142857,0.026168224299065422,0.029769959404600813,34,28,386618.9925620333,72400.0,0.07033697307593498,0.07153371180250215,0.8553526384824942,0.8545256617900858
725,0.0,72137.5,2077,140.22079812685251,140.27527200531654,108.8080583093994,108.87087335392107,0.05447387846402307,0.06281504452167042,0.8672106957630231,0.0010959947068568264,0.0008355906714396751,0.0009657926891482508,31.404398651395468,43,22,1204,873,3,3,387080.09111308056,0.03571428571428571,0.025200458190148912,0.9302325581395349,0.8636363636363636,49598,37685,705741,527380,7171,5482,191287270.76897907,0.07027790648410677,0.0714570139178581,0.8554175571595629,0.8545309804962187,43,22,1067,755,40,3,134,1027,19,3,115,736,0.14451827242524917,0.15349369988545247,0.9302325581395349,0.8636363636363636,0.03748828491096532,0.025165562913907286,43,22,387080.09111308056,72500.0,0.07027790648410677,0.0714570139178581,0.8554175571595629,0.8545309804962187
726,0.0,72237.0,2136,140.27527200531654,140.33411689523092,108.87087335392107,108.89825451482658,0.05884488991438275,0.027381160905505908,2.149101351745462,0.0010952956079481307,0.0008348168710782638,0.0009650562395131972,31.435862380404345,35,28,1249,887,4,2,398246.3313409666,0.02802241793434748,0.03156708004509583,0.8857142857142857,0.9285714285714286,49633,37713,706990,528267,7175,5484,191685517.10032004,0.07020325605736998,0.07139003572057312,0.8554389216851691,0.8545859517938111,35,28,1081,762,31,4,164,1050,26,2,123,736,0.15612489991993594,0.16798196166854565,0.8857142857142857,0.9285714285714286,0.028677150786308975,0.03412073490813648,35,28,398246.3313409666,72600.0,0.07020325605736998,0.07139003572057312,0.8554389216851691,0.8545859517938111
727,0.0,72336.5,1982,140.33411689523092,140.37083490704245,108.89825451482658,108.93640731454387,0.036718011811530005,0.03815279971729524,0.9623936404039355,0.0010942940735742205,0.0008341933650618878,0.0009642437193180542,31.43442759249858,37,27,1121,861,4,2,369644.9198176302,0.03300624442462088,0.0313588850174216,0.8918918918918919,0.9259259259259259,49670,37740,708111,529128,7179,5486,192055162.02013767,0.07014437002108427,0.07132489681135755,0.855466076102275,0.8546369899311076,37,27,956,740,33,4,161,923,25,2,119,715,0.17305976806422838,0.1672473867595819,0.8918918918918919,0.9259259259259259,0.034518828451882845,0.033783783783783786,37,27,369644.9198176302,72700.0,0.07014437002108427,0.07132489681135755,0.855466076102275,0.8546369899311076
728,0.0,72436.0,2115,140.37083490704245,140.41440816794125,108.93640731454387,108.97601778195938,0.04357326089879621,0.039610467415513995,1.1000440979833055,0.0010933894561778108,0.000833591594882071,0.0009634905255299409,31.43839038598186,37,23,1207,908,6,3,394562.30748917675,0.030654515327257662,0.025330396475770924,0.8378378378378378,0.8695652173913043,49707,37763,709318,530036,7185,5489,192449724.32762685,0.0700771727208389,0.07124610403821627,0.8554529543122699,0.8546460821438975,37,23,1026,772,31,6,175,995,20,3,133,752,0.17067108533554268,0.1685022026431718,0.8378378378378378,0.8695652173913043,0.030214424951267055,0.025906735751295335,37,23,394562.30748917675,72800.0,0.0700771727208389,0.07124610403821627,0.8554529543122699,0.8546460821438975
729,0.0,72535.5,2012,140.41440816794125,140.47570289278403,108.97601778195938,109.01284456621514,0.061294724842781534,0.03682678425575148,1.6644061131459975,0.0010927304133688258,0.0008329532906950688,0.0009628418520319473,31.46285832656889,34,18,1153,859,7,3,375501.6833896511,0.029488291413703384,0.020954598370197905,0.7941176470588236,0.8333333333333334,49741,37781,710471,530895,7192,5492,192825226.01101652,0.07001130236139125,0.0711647312557097,0.8554110291308981,0.8546359281120139,34,18,994,727,27,7,152,967,15,3,129,712,0.1552471812662619,0.16763678696158324,0.7941176470588235,0.8333333333333334,0.02716297786720322,0.02063273727647868,34,18,375501.6833896511,72900.0,0.07001130236139125,0.0711647312557097,0.8554110291308981,0.8546359281120139
730,0.0,72635.0,2092,140.47711102650572,140.5396160713965,109.01284456621514,109.05575134907168,0.06250504489077002,0.04290678285654792,1.4567637266057865,0.0010921090453862995,0.0008324000229387269,0.0009622545341625132,31.48386472232481,34,24,1189,903,4,1,390533.3610388186,0.028595458368376788,0.026578073089700997,0.8823529411764706,0.9583333333333334,49775,37805,711660,531798,7196,5493,193215759.37205532,0.06994210718601579,0.07108902252358978,0.855429432446007,0.8547017590265837,34,24,1022,756,30,4,163,992,23,1,146,733,0.16232127838519764,0.18715393133997785,0.8823529411764706,0.9583333333333334,0.029354207436399216,0.03042328042328042,34,24,390533.3610388186,73000.0,0.06994210718601579,0.07108902252358978,0.855429432446007,0.8547017590265837
731,0.0,72734.5,2051,140.5396160713965,140.6015026112693,109.05641801573834,109.0860551467087,0.061886539872801904,0.02963713097035736,2.0881420652592837,0.001091461653256808,0.0008316758614523131,0.0009615687573545605,31.515447464560594,34,30,1182,869,3,2,383014.3045392344,0.028764805414551606,0.03452243958573072,0.9117647058823529,0.9333333333333333,49809,37835,712842,532667,7199,5495,193598773.67659456,0.06987382898314072,0.07102936731579017,0.8554678873295991,0.8547641073080481,34,30,1014,750,31,3,165,983,28,2,117,722,0.1658206429780034,0.1668584579976985,0.9117647058823529,0.9333333333333333,0.03057199211045365,0.037333333333333336,34,30,383014.3045392344,73100.0,0.06987382898314072,0.07102936731579017,0.8554678873295991,0.8547641073080481
732,0.0,72834.0,2138,140.6015026112693,140.66074397821387,109.0860551467087,109.14103320831083,0.05924136694457616,0.05497806160212804,1.0775455739655089,0.0010907798937160825,0.0008312907586580083,0.0009610353261870454,31.519710769903043,39,33,1256,882,7,4,399581.72407294624,0.03105095541401274,0.03741496598639456,0.8205128205128205,0.8787878787878788,49848,37868,714098,533549,7206,5499,193998355.4006675,0.06980554489719898,0.07097379996963728,0.8554405392392874,0.8547850427801837,39,33,1076,760,32,7,173,1044,29,4,118,731,0.16321656050955413,0.16666666666666666,0.8205128205128205,0.8787878787878788,0.02973977695167286,0.038157894736842106,39,33,399581.72407294624,73200.0,0.06980554489719898,0.07097379996963728,0.8554405392392874,0.8547850427801837
733,0.0,72933.5,2064,140.66074397821387,140.7112618385099,109.1420531189458,109.17626244004832,0.050517860296025674,0.03420932110252295,1.476727940453047,0.0010899809833603447,0.0008306372819304734,0.0009603091326454091,31.53499939846158,31,31,1212,852,5,6,385722.3446412117,0.02557755775577558,0.036384976525821594,0.8387096774193549,0.8064516129032258,49879,37899,715310,534401,7211,5505,194384077.7453087,0.06973060631055067,0.07091865471808623,0.8554301409410774,0.8547455077970395,31,31,1038,738,26,5,169,1012,25,6,108,713,0.1608910891089109,0.15610328638497653,0.8387096774193549,0.8064516129032258,0.025048169556840076,0.03387533875338753,31,31,385722.3446412117,73300.0,0.06973060631055067,0.07091865471808623,0.8554301409410774,0.8547455077970395
734,0.0,73033.0,2040,140.7112618385099,140.77131364573177,109.17626244004832,109.22440699339717,0.06005180722186765,0.04814455334884826,1.2473229689502194,0.0010893141401571544,0.0008301615438535769,0.0009597378420053656,31.5469066523346,39,21,1190,850,1,4,381395.1667454299,0.03277310924369748,0.024705882352941175,0.9743589743589743,0.8095238095238095,49918,37920,716500,535251,7212,5509,194765472.91205412,0.06966922540125611,0.07084526698689027,0.8555230578148163,0.8547204641350211,39,21,1032,749,38,1,157,994,17,4,97,732,0.1638655462184874,0.13411764705882354,0.9743589743589743,0.8095238095238095,0.03682170542635659,0.022696929238985315,39,21,381395.1667454299,73400.0,0.06966922540125611,0.07084526698689027,0.8555230578148163,0.8547204641350211
735,0.0,73132.5,2123,140.77131364573177,140.83351264108367,109.22440699339717,109.27682727953763,0.062198995351906206,0.05242028614046035,1.1865443692017204,0.0010886783249372386,0.0008297452735373199,0.0009592117992372792,31.556685361546045,37,33,1217,906,5,4,397081.41048314277,0.030402629416598194,0.03642384105960265,0.8648648648648649,0.8787878787878788,49955,37953,717717,536157,7217,5513,195162554.32253727,0.06960264282440015,0.07078710153928794,0.8555299769792813,0.8547413906674044,37,33,1030,784,32,5,182,998,29,4,118,755,0.17584223500410848,0.16225165562913907,0.8648648648648649,0.8787878787878788,0.031067961165048542,0.036989795918367346,37,33,397081.41048314277,73500.0,0.06960264282440015,0.07078710153928794,0.8555299769792813,0.8547413906674044
736,0.0,73232.0,2076,140.83438914945512,140.8934709623566,109.27682727953763,109.31530519734767,0.059081812901467856,0.03847791781004162,1.535473234106478,0.001088013793534782,0.0008291407000380849,0.0009585772467864335,31.57816576500892,37,26,1221,855,5,7,388455.38564679364,0.030303030303030304,0.0304093567251462,0.8648648648648649,0.7307692307692308,49992,37979,718938,537012,7222,5520,195551009.70818406,0.06953589878403979,0.07072281438776042,0.8555368859017443,0.8546565207088128,37,26,1050,708,32,5,166,1018,19,7,140,689,0.16216216216216217,0.18596491228070175,0.8648648648648649,0.7307692307692307,0.030476190476190476,0.026836158192090395,37,26,388455.38564679364,73600.0,0.06953589878403979,0.07072281438776042,0.8555368859017443,0.8546565207088128
737,0.0,73331.5,2120,140.8961310905056,140.96885764731465,109.31530519734767,109.3534842106809,0.0727265568090445,0.03817901333323448,1.9048830878438836,0.0010875604055511265,0.000828533711480818,0.0009580470585159723,31.615373436633746,30,26,1210,910,5,3,396791.2710544428,0.024793388429752067,0.02857142857142857,0.8333333333333334,0.8846153846153846,50022,38005,720148,537922,7227,5523,195947800.9792385,0.06946072196270767,0.0706515070958243,0.855523569629363,0.8546770161820814,30,26,1049,798,25,5,156,1024,23,3,109,775,0.14958677685950414,0.14505494505494507,0.8333333333333334,0.8846153846153846,0.023832221163012392,0.02882205513784461,30,26,396791.2710544428,73700.0,0.06946072196270767,0.0706515070958243,0.855523569629363,0.8546770161820814
738,0.0,73431.0,2198,140.97144459282234,141.0319249715305,109.3534842106809,109.40110184266305,0.060480378708149374,0.04761763198214908,1.2701257116444238,0.0010869413172538464,0.0008280562624406291,0.0009574987898472377,31.630823128867434,56,30,1231,967,8,4,411501.3699999795,0.045491470349309504,0.031023784901758014,0.8571428571428572,0.8666666666666667,50078,38035,721379,538889,7235,5527,196359302.34923849,0.06941981954007533,0.07058039781847468,0.8555253804065658,0.8546864729854082,56,30,1055,829,48,8,168,1007,26,4,134,803,0.17546709991876522,0.1654601861427094,0.8571428571428571,0.8666666666666667,0.04549763033175355,0.031363088057901084,56,30,411501.3699999795,73800.0,0.06941981954007533,0.07058039781847468,0.8555253804065658,0.8546864729854082
739,0.0,73530.5,2073,141.0329744709547,141.08805967180896,109.40110184266305,109.46120253466731,0.055085200854250616,0.06010069200425505,0.916548529097646,0.0010862300935536176,0.0008277490238176277,0.0009569895586856226,31.626857137141656,44,25,1169,904,7,4,388330.369010047,0.037639007698887936,0.02765486725663717,0.8409090909090909,0.84,50122,38060,722548,539793,7242,5531,196747632.71824855,0.06936840182243947,0.07050850974354984,0.8555125493795139,0.8546768260641093,44,25,976,775,37,7,186,939,21,4,125,754,0.19076133447390933,0.16150442477876106,0.8409090909090909,0.84,0.03790983606557377,0.027096774193548386,44,25,388330.369010047,73900.0,0.06936840182243947,0.07050850974354984,0.8555125493795139,0.8546768260641093
740,0.0,73630.0,2102,141.08805967180896,141.1535346321606,109.46120253466731,109.51495417523522,0.06547496035165068,0.05375164056790993,1.2181016181065112,0.0010856470118103241,0.0008273568175769,0.0009565019146936121,31.638580456925396,44,35,1209,893,7,4,393971.59053612076,0.036393713813068655,0.03919372900335946,0.8409090909090909,0.8857142857142857,50166,38095,723757,540686,7249,5535,197141604.30878466,0.06931331924941658,0.07045679007779007,0.8554997408603436,0.854705341908387,44,35,1028,769,37,7,174,991,31,4,120,738,0.17452440033085195,0.1690929451287794,0.8409090909090909,0.8857142857142857,0.03599221789883268,0.04031209362808843,44,35,393971.59053612076,74000.0,0.06931331924941658,0.07045679007779007,0.8554997408603436,0.854705341908387
741,0.0,73729.5,2073,141.1535346321606,141.21320094742956,109.51495417523522,109.57202080745448,0.059666315268941617,0.05706663221926078,1.0455552211262855,0.001084987114564547,0.0008270104066519549,0.000955998760608251,31.641180139975077,30,31,1180,893,3,2,388748.3866791172,0.025423728813559324,0.03471444568868981,0.9,0.935483870967742,50196,38126,724937,541579,7252,5537,197530352.69546378,0.06924187894948113,0.0703978551605583,0.8555263367599012,0.8547710223994125,30,31,1025,769,27,3,152,998,29,2,122,740,0.15169491525423728,0.1690929451287794,0.9,0.9354838709677419,0.026341463414634145,0.0377113133940182,30,31,388748.3866791172,74100.0,0.06924187894948113,0.0703978551605583,0.8555263367599012,0.8547710223994125
742,0.0,73829.0,2098,141.21320094742956,141.2629879435382,109.57202080745448,109.59392474504314,0.04978699610865078,0.021903937588660938,2.272970140967902,0.0010841958515544687,0.0008261910386859638,0.0009551934451202163,31.669063198495067,46,25,1233,865,12,2,393591.22343235847,0.0373073803730738,0.028901734104046242,0.7391304347826086,0.92,50242,38151,726170,542444,7264,5539,197923943.91889614,0.0691876557830811,0.07033168400793446,0.8554197683213248,0.8548137663495059,46,25,1061,756,34,12,160,1027,23,2,107,733,0.1573398215733982,0.15028901734104047,0.7391304347826086,0.92,0.03204524033930255,0.03042328042328042,46,25,393591.22343235847,74200.0,0.0691876557830811,0.07033168400793446,0.8554197683213248,0.8548137663495059
743,0.0,73928.5,2039,141.2629879435382,141.3371056065684,109.59392474504314,109.64135952234462,0.07411766303019363,0.047434777301475606,1.5625173606093428,0.001083734183692756,0.0008257174945868101,0.0009547258391397831,31.695746084223785,37,37,1211,828,7,5,382598.59622997715,0.0305532617671346,0.04468599033816425,0.8108108108108107,0.8648648648648649,50279,38188,727381,543272,7271,5544,198306542.5151261,0.0691233342636115,0.07029259744658292,0.8553869408699457,0.8548235047658951,37,37,1056,719,30,7,148,1026,32,5,104,687,0.14698596201486375,0.1642512077294686,0.8108108108108109,0.8648648648648649,0.028409090909090908,0.04450625869262865,37,37,382598.59622997715,74300.0,0.0691233342636115,0.07029259744658292,0.8553869408699457,0.8548235047658951
744,0.0,74028.0,2142,141.3371056065684,141.40602074354985,109.64272227492913,109.69505330071816,0.06891513698144536,0.05233102578903015,1.3169078179218807,0.0010832038304482959,0.0008253293498141605,0.0009542665901312282,31.710967442831688,40,39,1242,900,5,7,402101.0230921539,0.0322061191626409,0.043333333333333335,0.875,0.8205128205128205,50319,38227,728623,544172,7276,5551,198708643.53821826,0.06906040572422227,0.07024800982042442,0.8554025318468172,0.8547885002746749,40,39,1069,774,35,5,168,1034,32,7,119,742,0.16344605475040258,0.16777777777777778,0.875,0.8205128205128205,0.03274087932647334,0.041343669250646,40,39,402101.0230921539,74400.0,0.06906040572422227,0.07024800982042442,0.8554025318468172,0.8547885002746749
745,0.0,74127.5,2130,141.40602074354985,141.47172138160172,109.69505330071816,109.73010903947525,0.06570063805187942,0.035055738757094446,1.874176393974387,0.0010826317533342966,0.0008246920720124917,0.0009536619126733941,31.741612342126473,37,24,1238,892,5,3,400017.00214559946,0.02988691437802908,0.026905829596412557,0.8648648648648649,0.875,50356,38251,729861,545064,7281,5554,199108660.54036385,0.06899395912372355,0.07017708012270119,0.8554094844705695,0.8548011816684531,37,24,1075,762,32,5,158,1043,21,3,127,741,0.15347334410339256,0.16591928251121077,0.8648648648648649,0.875,0.029767441860465118,0.027559055118110236,37,24,400017.00214559946,74500.0,0.06899395912372355,0.07017708012270119,0.8554094844705695,0.8548011816684531
746,0.0,74227.0,2118,141.47172138160172,141.53722112453414,109.73236395658093,109.79128866911917,0.0654997429324169,0.05892471253824283,1.1115835803171172,0.0010820585169750336,0.0008244066889353157,0.0009532326029551747,31.745932455414973,53,25,1217,901,8,3,397903.90007518034,0.043549712407559574,0.02774694783573807,0.8490566037735849,0.88,50409,38276,731078,545965,7289,5557,199506564.44043902,0.06895160297533232,0.07010705814475286,0.8554028050546529,0.8548176402967917,53,25,1051,780,45,8,158,1006,22,3,118,758,0.16680361544782252,0.15538290788013318,0.8490566037735849,0.88,0.04281636536631779,0.028205128205128206,53,25,397903.90007518034,74600.0,0.06895160297533232,0.07010705814475286,0.8554028050546529,0.8548176402967917
747,0.0,74326.5,2066,141.53722112453414,141.58552062099463,109.79128866911917,109.83046282224288,0.048299496460487035,0.0391741531237102,1.2329429638966136,0.001081256557734913,0.0008238274852436179,0.0009525420214892655,31.75505779875175,38,26,1203,863,2,6,388301.1306876686,0.03158769742310889,0.030127462340672075,0.9473684210526316,0.7692307692307692,50447,38302,732281,546828,7291,5563,199894865.57112667,0.06889022110364737,0.07004396263541736,0.8554720796083017,0.8547595425826328,38,26,1051,746,36,2,150,1015,20,6,111,726,0.1546134663341646,0.15179606025492468,0.9473684210526315,0.7692307692307693,0.03425309229305423,0.02680965147453083,38,26,388301.1306876686,74700.0,0.06889022110364737,0.07004396263541736,0.8554720796083017,0.8547595425826328
748,0.0,74426.0,2168,141.58552062099463,141.64303577206155,109.83287013876772,109.89564563039778,0.057515151066922954,0.06277549163006313,0.9162039129197197,0.001080579946709424,0.0008235975395167535,0.0009520887431130888,31.74739014166377,50,36,1253,915,11,4,407743.92431007954,0.03990422984836393,0.03934426229508197,0.78,0.8888888888888888,50497,38338,733534,547743,7302,5567,200302609.49543676,0.06884070813350165,0.06999267904838583,0.8553973503376439,0.8547915905889718,50,36,1061,788,39,11,181,1022,32,4,123,756,0.17557861133280128,0.16939890710382513,0.78,0.8888888888888888,0.036757775683317624,0.04060913705583756,50,36,407743.92431007954,74800.0,0.06884070813350165,0.06999267904838583,0.8553973503376439,0.8547915905889718
749,0.0,74525.5,2097,141.64303577206155,141.7047439494022,109.89564563039778,109.92874383323407,0.06170817734064826,0.033098202836285395,1.8643966153049825,0.0010799611240481385,0.000822939841905066,0.0009514504829766022,31.776000116168134,35,26,1238,859,4,6,394551.76171021326,0.02827140549273021,0.030267753201396973,0.8857142857142857,0.7692307692307692,50532,38364,734772,548602,7306,5573,200697161.25714698,0.06877235387303816,0.06993047783274578,0.8554183487690968,0.8547336044208111,35,26,1058,743,31,4,176,1027,20,6,110,723,0.16720516962843296,0.15133876600698487,0.8857142857142857,0.7692307692307693,0.02930056710775047,0.026917900403768506,35,26,394551.76171021326,74900.0,0.06877235387303816,0.06993047783274578,0.8554183487690968,0.8547336044208111
750,0.0,74625.0,2026,141.7047439494022,141.7670331273141,109.92874383323407,109.96309259481575,0.062289177911907245,0.03434876158168265,1.8134330043830322,0.0010793516982548997,0.0008223005722702817,0.0009508261352625907,31.80394053249836,45,23,1185,841,4,5,381285.30650682934,0.0379746835443038,0.027348394768133173,0.9111111111111111,0.782608695652174,50577,38387,735957,549443,7310,5578,201078446.56365383,0.06872276505284955,0.0698652999492213,0.8554679004290487,0.8546903899757731,45,23,1032,718,41,4,149,991,18,5,118,700,0.16033755274261605,0.16171224732461356,0.9111111111111111,0.782608695652174,0.03972868217054264,0.025069637883008356,45,23,381285.30650682934,75000.0,0.06872276505284955,0.0698652999492213,0.8554679004290487,0.8546903899757731
751,0.0,74724.5,2074,141.76861741609864,141.83909998575902,109.96309259481575,109.98736518109637,0.0704825696603848,0.024272586280616792,2.9037931453011097,0.001078874090912948,0.0008215288349740579,0.0009502014629435029,31.851734804662655,52,36,1214,860,8,6,390350.20594178,0.042833607907743,0.04186046511627907,0.8461538461538461,0.8333333333333334,50629,38423,737171,550303,7318,5584,201468796.7695956,0.06868012984775582,0.06982153468180258,0.8554583341563136,0.85467037972048,52,36,1054,727,44,8,152,1010,30,6,127,697,0.1614497528830313,0.18255813953488373,0.8461538461538461,0.8333333333333334,0.04174573055028463,0.04126547455295736,52,36,390350.20594178,75100.0,0.06868012984775582,0.06982153468180258,0.8554583341563136,0.85467037972048
752,0.0,74824.0,2086,141.83909998575902,141.90294167575362,109.98736518109637,110.04084858690726,0.06384168999460371,0.05348340581089417,1.1936728603323097,0.001078288376563258,0.000821147591919716,0.000949717984241487,31.862093088846365,33,32,1233,853,6,4,392716.0427396575,0.0267639902676399,0.03751465416178194,0.8181818181818181,0.875,50662,38455,738404,551156,7324,5588,201861512.81233525,0.06861013753988332,0.06977153473789635,0.855434053136473,0.8546872968404629,33,32,1083,742,27,6,144,1056,28,4,107,714,0.1386861313868613,0.15826494724501758,0.8181818181818182,0.875,0.024930747922437674,0.03773584905660377,33,32,392716.0427396575,75200.0,0.06861013753988332,0.06977153473789635,0.855434053136473,0.8546872968404629
753,0.0,74923.5,2037,141.90294167575362,141.97360093389176,110.04151525357393,110.11672046201218,0.07065925813813578,0.0752052084382484,0.9395527198911318,0.0010777947566493378,0.0008210646850925307,0.0009494297208709342,31.856880471879577,26,28,1164,873,4,2,383732.4264386925,0.022336769759450172,0.032073310423825885,0.8461538461538461,0.9285714285714286,50688,38483,739568,552029,7328,5590,202245245.23877394,0.06853730826644744,0.06971191730869211,0.8554292929292929,0.8547410544915937,26,28,1022,761,22,4,138,1000,26,2,110,735,0.13745704467353953,0.15578465063001146,0.8461538461538461,0.9285714285714286,0.021526418786692758,0.03416557161629435,26,28,383732.4264386925,75300.0,0.06853730826644744,0.06971191730869211,0.8554292929292929,0.8547410544915937
754,0.0,75023.0,2115,141.97360093389176,142.0158567944938,110.11882095009929,110.17079787078337,0.04225586060204023,0.05197692068408344,0.812973528364099,0.0010769257431869652,0.0008206929468997182,0.0009488093450433417,31.845058923710425,43,14,1209,906,10,0,398754.957508878,0.03556658395368073,0.01545253863134658,0.7674418604651163,1.0,50731,38497,740777,552935,7338,5590,202644000.19628283,0.06848349773278598,0.06962301174640781,0.8553547140801483,0.8547938800426007,43,14,1047,779,33,10,152,1014,14,0,127,765,0.15301902398676592,0.15562913907284767,0.7674418604651163,1.0,0.03151862464183381,0.01797175866495507,43,14,398754.957508878,75400.0,0.06848349773278598,0.06962301174640781,0.8553547140801483,0.8547938800426007
755,0.0,75122.5,2180,142.0158567944938,142.06770713991818,110.17079787078337,110.20523728664148,0.05185034542438416,0.03443941585810251,1.5055524065221741,0.0010761861110161796,0.0008200620875774418,0.0009481240992968106,31.862469853276707,47,25,1226,954,6,4,411152.28200826165,0.03833605220228385,0.02620545073375262,0.8723404255319149,0.84,50778,38522,742003,553889,7344,5594,203055152.4782911,0.06843368557809065,0.06954823078270195,0.8553704360155974,0.854784279113234,47,25,1085,819,41,6,135,1044,21,4,131,798,0.14355628058727568,0.15932914046121593,0.8723404255319149,0.84,0.03778801843317972,0.02564102564102564,47,25,411152.28200826165,75500.0,0.06843368557809065,0.06954823078270195,0.8553704360155974,0.854784279113234
756,0.0,75222.0,2072,142.06770713991818,142.11764149790434,110.20523728664148,110.24837778055773,0.049934357986160194,0.04314049391625474,1.1574822968669263,0.0010754230917950757,0.0008195479908202792,0.0009474855413076775,31.869263717346612,37,26,1180,892,3,3,390977.4225632532,0.03135593220338983,0.02914798206278027,0.9189189189189189,0.8846153846153846,50815,38548,743183,554781,7347,5597,203446129.90085435,0.06837481481680824,0.06948327358002528,0.8554167076650595,0.8548043997094532,37,26,1006,776,34,3,171,972,23,3,113,753,0.17372881355932204,0.15246636771300448,0.918918918918919,0.8846153846153846,0.033797216699801194,0.029639175257731958,37,26,390977.4225632532,75600.0,0.06837481481680824,0.06948327358002528,0.8554167076650595,0.8548043997094532
757,0.0,75321.5,2112,142.11764149790434,142.18329736978413,110.24837778055773,110.28467084582336,0.06565587187978394,0.03629306526562459,1.8090473041958979,0.0010748697702983817,0.0008189447975069847,0.0009469072839026831,31.898626523960772,38,32,1225,887,2,2,398625.241284542,0.031020408163265307,0.036076662908680945,0.9473684210526316,0.9375,50853,38580,744408,555668,7349,5599,203844755.1421389,0.068313344295064,0.06942994737865056,0.8554854187560222,0.8548729911871435,38,32,1069,767,36,2,154,1033,30,2,118,737,0.15510204081632653,0.1668545659526494,0.9473684210526315,0.9375,0.03367633302151544,0.03911342894393742,38,32,398625.241284542,75700.0,0.068313344295064,0.06942994737865056,0.8554854187560222,0.8548729911871435
758,0.0,75421.0,2069,142.18329736978413,142.22141764661356,110.28467084582336,110.32024520865157,0.03812027682943153,0.035574362828214134,1.0715659761360006,0.0010739546423274003,0.0008183337141702764,0.0009461441782488383,31.90117243796199,44,20,1244,825,7,2,390626.2435282743,0.03536977491961415,0.024242424242424242,0.8409090909090909,0.9,50897,38600,745652,556493,7356,5601,204235381.38566718,0.0682583832672614,0.06936295694644856,0.8554728176513351,0.8548963730569948,44,20,1066,705,37,7,171,1029,18,2,118,687,0.16720257234726688,0.16484848484848486,0.8409090909090909,0.9,0.03470919324577861,0.02553191489361702,44,20,390626.2435282743,75800.0,0.0682583832672614,0.06936295694644856,0.8554728176513351,0.8548963730569948
759,0.0,75520.5,2060,142.2236828838728,142.2788791605198,110.32024520865157,110.36272367505653,0.05519627664699556,0.042478466404958226,1.2993942888802799,0.0010732967510187507,0.0008178152042228183,0.0009455559776207845,31.91615548546328,37,24,1205,855,7,5,389073.6790542031,0.030705394190871368,0.028070175438596492,0.8108108108108107,0.7916666666666666,50934,38624,746857,557348,7363,5606,204624455.06472138,0.06819779422299048,0.0692996117327056,0.8554403738170966,0.8548570836785419,37,24,1053,724,30,7,145,1023,19,5,126,705,0.14522821576763487,0.1695906432748538,0.8108108108108109,0.7916666666666666,0.02849002849002849,0.026243093922651933,37,24,389073.6790542031,75900.0,0.06819779422299048,0.0692996117327056,0.8554403738170966,0.8548570836785419
760,0.0,75620.0,2145,142.2788791605198,142.34960075878692,110.36272367505653,110.38951936095509,0.070721598267113,0.026795685898562738,2.6392904639513763,0.0010728150657972407,0.0008170917064001378,0.0009449533860986892,31.96008139783183,33,26,1201,944,3,3,405194.3380446351,0.027477102414654453,0.02754237288135593,0.9090909090909091,0.8846153846153846,50967,38650,748058,558292,7366,5609,205029649.40276602,0.06813241753981643,0.06922900560996754,0.8554751113465575,0.8548771021992239,33,26,1032,810,30,3,166,1002,23,3,131,787,0.16319733555370525,0.163135593220339,0.9090909090909091,0.8846153846153846,0.029069767441860465,0.028395061728395062,33,26,405194.3380446351,76000.0,0.06813241753981643,0.06922900560996754,0.8554751113465575,0.8548771021992239
761,0.0,75719.5,2044,142.34960075878692,142.40663721821957,110.38951936095509,110.43409970389173,0.05703645943265201,0.044580342936640704,1.2794082700017453,0.0010721548155062147,0.0008166038111609345,0.0009443793133335745,31.97253751432784,48,29,1190,854,9,8,386179.18304624193,0.040336134453781515,0.03395784543325527,0.8125,0.7241379310344828,51015,38679,749248,559146,7375,5617,205415828.58581227,0.06808826983855813,0.0691751349379232,0.855434676075664,0.854779079086843,48,29,1016,732,39,9,165,977,21,8,114,711,0.17142857142857143,0.15807962529274006,0.8125,0.7241379310344828,0.038385826771653545,0.028688524590163935,48,29,386179.18304624193,76100.0,0.06808826983855813,0.0691751349379232,0.855434676075664,0.854779079086843
762,0.0,75819.0,2137,142.40663721821957,142.45352584664673,110.43409970389173,110.48490782978364,0.0468886284271548,0.050808125891904865,0.9228568777937438,0.0010713631245203425,0.0008161989259217718,0.0009437810252210571,31.96861801686309,44,25,1223,914,4,4,403960.2505192271,0.035977105478331974,0.02735229759299781,0.9090909090909091,0.84,51059,38704,750471,560060,7379,5621,205819788.8363315,0.0680359400962862,0.06910688140556369,0.8554809142364715,0.8547695328648202,44,25,1064,771,40,4,155,1024,21,4,139,750,0.15944399018806213,0.175054704595186,0.9090909090909091,0.84,0.03759398496240601,0.027237354085603113,44,25,403960.2505192271,76200.0,0.0680359400962862,0.06910688140556369,0.8554809142364715,0.8547695328648202
763,0.0,75918.5,2112,142.45352584664673,142.5048730751071,110.48622166630814,110.52844389526969,0.05134722846037221,0.042222228961549035,1.2161183746867825,0.0010706319438651439,0.0008156997931942997,0.0009431658685297218,31.97642917983741,33,24,1210,902,3,1,399417.64050881384,0.02727272727272727,0.026607538802660754,0.9090909090909091,0.9583333333333334,51092,38728,751681,560962,7382,5622,206219206.4768403,0.0679703225171316,0.06903854450034048,0.8555155405934393,0.8548337120429663,33,24,1054,777,30,3,153,1024,23,1,124,754,0.15123966942148762,0.1629711751662971,0.9090909090909091,0.9583333333333334,0.028462998102466792,0.029601029601029602,33,24,399417.64050881384,76300.0,0.0679703225171316,0.06903854450034048,0.8555155405934393,0.8548337120429663
764,0.0,76018.0,2141,142.5048730751071,142.57849973650565,110.52844389526969,110.57059753424336,0.07362666139854923,0.04215363897367297,1.7466264643138572,0.0010701942929098038,0.0008151838725091458,0.0009426890827094748,32.00790220226229,44,17,1275,866,4,1,405065.0815724666,0.034509803921568626,0.019630484988452657,0.9090909090909091,0.9411764705882353,51136,38745,752956,561828,7386,5623,206624271.55841276,0.06791366294976067,0.06896238706508041,0.8555616395494368,0.854871596335011,44,17,1094,738,40,4,177,1054,16,1,127,722,0.17019607843137255,0.1651270207852194,0.9090909090909091,0.9411764705882353,0.03656307129798903,0.02168021680216802,44,17,405065.0815724666,76400.0,0.06791366294976067,0.06896238706508041,0.8555616395494368,0.854871596335011
765,0.0,76117.5,2083,142.58025550323472,142.64887375451698,110.57059753424336,110.6213121788109,0.06861825128225973,0.050714644567534606,1.3530263667900428,0.0010697152679257564,0.0008147812092060951,0.0009422482385659258,32.02756157570609,34,24,1171,912,5,1,394232.32525193103,0.029035012809564473,0.02631578947368421,0.8529411764705882,0.9583333333333334,51170,38769,754127,562740,7391,5624,207018503.8836647,0.06785329261516959,0.06889327220385968,0.8555598983779559,0.8549356444582011,34,24,1019,778,29,5,147,990,23,1,133,755,0.1502988898377455,0.17105263157894737,0.8529411764705882,0.9583333333333334,0.02845927379784102,0.02956298200514139,34,24,394232.32525193103,76500.0,0.06785329261516959,0.06889327220385968,0.8555598983779559,0.8549356444582011
766,0.0,76217.0,2116,142.65107137785694,142.71616507985047,110.62292284470874,110.66524943100433,0.0650937019935327,0.042326586295587276,1.5378916111720307,0.0010691972496299457,0.0008142911195360275,0.0009417441845829866,32.05091564884614,34,30,1248,868,0,3,400657.90929268266,0.027243589743589744,0.03456221198156682,1.0,0.9,51204,38799,755375,563608,7391,5627,207419161.79295737,0.06778619890782724,0.06884039971043704,0.8556558081399891,0.8549704889301271,34,30,1083,737,34,0,165,1049,27,3,128,710,0.1594551282051282,0.17857142857142858,1.0,0.9,0.03139427516158818,0.036635006784260515,34,30,400657.90929268266,76600.0,0.06778619890782724,0.06884039971043704,0.8556558081399891,0.8549704889301271
767,0.0,76316.5,2053,142.71733758043425,142.77856679544414,110.66524943100433,110.70648833993826,0.061229215009888094,0.041238908933934226,1.4847438157973296,0.0010686168322978815,0.0008137671273193434,0.0009411919798086125,32.072078455505874,48,34,1181,872,4,6,388844.4382427735,0.04064352243861134,0.0389908256880734,0.9166666666666666,0.8235294117647058,51252,38833,756556,564480,7395,5633,207808006.23120013,0.06774382861281915,0.06879428854875283,0.8557129477874035,0.8549429608837844,48,34,1020,753,44,4,157,976,28,6,113,725,0.170194750211685,0.16169724770642202,0.9166666666666666,0.8235294117647058,0.043137254901960784,0.03718459495351926,48,34,388844.4382427735,76700.0,0.06774382861281915,0.06879428854875283,0.8557129477874035,0.8549429608837844
768,0.0,76416.0,2096,142.77856679544414,142.8351289429955,110.70648833993826,110.74535791717466,0.05656214755137512,0.03886957723639739,1.455177842747681,0.0010679618904270688,0.0008132136489925786,0.0009405877697098237,32.08977102582085,41,18,1233,863,4,2,397104.44443249394,0.0332522303325223,0.02085747392815759,0.9024390243902439,0.8888888888888888,51293,38851,757789,565343,7399,5635,208205110.67563263,0.06768770726415928,0.06872111266965364,0.855750297311524,0.8549586883220509,41,18,1088,745,37,4,141,1051,16,2,116,729,0.14436334144363341,0.15295480880648898,0.9024390243902439,0.8888888888888888,0.03400735294117647,0.021476510067114093,41,18,397104.44443249394,76800.0,0.06768770726415928,0.06872111266965364,0.855750297311524,0.8549586883220509
769,0.0,76515.5,2148,142.8351289429955,142.8815137080943,110.74535791717466,110.80124035486422,0.04638476509879297,0.05588243768956147,0.8300419061256769,0.001067176306240542,0.000812882843697264,0.000940029574968903,32.08027335323008,42,30,1256,892,6,4,407155.26847586525,0.03343949044585987,0.033632286995515695,0.8571428571428572,0.8666666666666667,51335,38881,759045,566235,7405,5639,208612265.9441085,0.06763103636806778,0.06866583662260368,0.8557514366416674,0.8549677220236105,42,30,1085,770,36,6,165,1049,26,4,118,744,0.16003184713375795,0.16143497757847533,0.8571428571428571,0.8666666666666667,0.03317972350230415,0.033766233766233764,42,30,407155.26847586525,76900.0,0.06763103636806778,0.06866583662260368,0.8557514366416674,0.8549677220236105
770,0.0,76615.0,2099,142.8860937195172,142.9495396705309,110.80124035486422,110.85034927495072,0.06344595101370487,0.049108920086496255,1.2919435186511248,0.0010666738170433021,0.0008124649298754038,0.000939569373459353,32.09919039558018,39,33,1182,917,5,4,398071.06077962357,0.03299492385786802,0.03598691384950927,0.8717948717948718,0.8787878787878788,51374,38914,760227,567152,7410,5643,209010337.00488812,0.0675771841831453,0.06861299968967755,0.8557636158368046,0.8549879220845968,39,33,1037,796,34,5,140,1003,29,4,117,767,0.14720812182741116,0.15921483097055616,0.8717948717948718,0.8787878787878788,0.03278688524590164,0.0364321608040201,39,33,398071.06077962357,77000.0,0.0675771841831453,0.06861299968967755,0.8557636158368046,0.8549879220845968
771,0.0,76714.5,2144,142.9495396705309,143.01477305733897,110.85034927495072,110.90777920732589,0.06523338680807456,0.05742993237517169,1.135877827296145,0.0010661364111432211,0.0008121560250684989,0.0009391462181058601,32.10699385001308,33,32,1230,914,3,3,406852.2753034165,0.026829268292682926,0.0350109409190372,0.9090909090909091,0.90625,51407,38946,761457,568066,7413,5646,209417189.28019154,0.06751136308419255,0.06855893505332127,0.8557978485420273,0.8550300415960561,33,32,1062,803,30,3,165,1032,29,3,108,774,0.15853658536585366,0.14989059080962802,0.9090909090909091,0.90625,0.02824858757062147,0.0361145703611457,33,32,406852.2753034165,77100.0,0.06751136308419255,0.06855893505332127,0.8557978485420273,0.8550300415960561
772,0.0,76814.0,2102,143.01477305733897,143.0792616755897,110.90777920732589,110.94994184717237,0.06448861825072072,0.04216263984648094,1.5295204115665255,0.0010655907502252987,0.0008116501576765252,0.0009386204539509119,32.12931982841732,40,29,1232,870,6,2,399012.20613354765,0.032467532467532464,0.03333333333333333,0.85,0.9310344827586207,51447,38975,762689,568936,7419,5648,209816201.4863251,0.06745475547700308,0.0685050691114642,0.8557933407195755,0.8550865939704939,40,29,1072,750,34,6,154,1038,27,2,118,723,0.1525974025974026,0.16666666666666666,0.85,0.9310344827586207,0.03171641791044776,0.036,40,29,399012.20613354765,77200.0,0.06745475547700308,0.0685050691114642,0.8557933407195755,0.8550865939704939
773,0.0,76913.5,2084,143.0792616755897,143.12781067688448,110.94994184717237,110.98841341076528,0.048549001294787786,0.03847156359290693,1.261945103363016,0.0010648402964901404,0.0008110978491102284,0.0009379690728001844,32.139397266119204,41,29,1211,873,6,3,395740.28967057593,0.033856317093311314,0.033218785796105384,0.8536585365853658,0.896551724137931,51488,39004,763900,569809,7425,5651,210211941.77599567,0.06740149234192958,0.06845100726734749,0.8557916407706649,0.8551174238539637,41,29,1045,754,35,6,160,1010,26,3,116,728,0.1610239471511148,0.16265750286368844,0.8536585365853658,0.896551724137931,0.03349282296650718,0.034482758620689655,41,29,395740.28967057593,77300.0,0.06740149234192958,0.06845100726734749,0.8557916407706649,0.8551174238539637
774,0.0,77013.0,2150,143.12781067688448,143.19148697664403,110.98841341076528,111.04032868667113,0.06367629975954969,0.05191527590585565,1.2265426437301759,0.00106428722504454,0.000810720659071402,0.000937503942057971,32.1511582899729,30,27,1182,968,1,1,408420.5181711272,0.025380710659898477,0.027892561983471075,0.9666666666666667,0.962962962962963,51518,39031,765082,570777,7426,5652,210620362.2941668,0.06733657307321307,0.06838222282958142,0.8558562055980434,0.8551920268504523,30,27,1036,841,29,1,145,1007,26,1,126,815,0.14720812182741116,0.15702479338842976,0.9666666666666667,0.9629629629629629,0.027992277992277992,0.030915576694411414,30,27,408420.5181711272,77400.0,0.06733657307321307,0.06838222282958142,0.8558562055980434,0.8551920268504523
775,0.0,77112.5,2152,143.19148697664403,143.25317556236175,111.04032868667113,111.07437126736949,0.06168858571771807,0.03404258069835464,1.8121007412548964,0.0010637099329569692,0.0008101138270041918,0.0009369118799805805,32.17880429499226,44,24,1267,885,5,4,408944.9443107272,0.03472770323599053,0.02711864406779661,0.8863636363636364,0.8333333333333334,51562,39055,766349,571662,7431,5656,211029307.23847753,0.06728266103302803,0.06831834195731044,0.8558822388580738,0.8551785942901037,44,24,1095,766,39,5,167,1056,20,4,115,746,0.16258879242304658,0.15254237288135594,0.8863636363636364,0.8333333333333334,0.03561643835616438,0.02610966057441253,44,24,408944.9443107272,77500.0,0.06728266103302803,0.06831834195731044,0.8558822388580738,0.8551785942901037
776,0.0,77212.0,2145,143.25436837724075,143.32287878245444,111.07437126736949,111.12099068350811,0.06851040521368645,0.046619416138625525,1.4695680660171035,0.001063237410106415,0.0008096706315588078,0.0009364540208326114,32.20188809894633,43,25,1237,908,6,3,407763.49383081595,0.034761519805982216,0.02753303964757709,0.8604651162790697,0.88,51605,39080,767586,572570,7437,5659,211437070.73230836,0.06723025172423676,0.06825366330754318,0.8558860575525628,0.8551944728761515,43,25,1074,780,37,6,157,1037,22,3,125,758,0.15683104284559418,0.1618942731277533,0.8604651162790697,0.88,0.03445065176908752,0.028205128205128206,43,25,407763.49383081595,77600.0,0.06723025172423676,0.06825366330754318,0.8558860575525628,0.8551944728761515
777,0.0,77311.5,2116,143.32287878245444,143.40378404730384,111.12099068350811,111.1577031535578,0.08090526484940597,0.036712470049693025,2.2037543303377505,0.001062910273991084,0.000809101074375974,0.000936005674183529,32.24608089374604,48,27,1193,923,5,4,402327.7394357763,0.040234702430846606,0.02925243770314193,0.8958333333333334,0.8518518518518519,51653,39107,768779,573493,7442,5663,211839398.47174412,0.06718835972366571,0.0681908933500496,0.8559231796797863,0.8551921650855345,48,27,1015,794,43,5,173,972,23,4,125,771,0.18105616093880972,0.16034669555796316,0.8958333333333334,0.8518518518518519,0.042364532019704436,0.028967254408060455,48,27,402327.7394357763,77700.0,0.06718835972366571,0.0681908933500496,0.8559231796797863,0.8551921650855345
778,0.0,77411.0,2030,143.40378404730384,143.46960699055057,111.1577031535578,111.22303478816241,0.06582294324672944,0.065331634604604,1.0075202257696274,0.0010623901186677886,0.0008089008369359613,0.0009356454778018749,32.246572202388165,36,40,1145,885,3,9,386157.8042607826,0.0314410480349345,0.04519774011299435,0.9166666666666666,0.775,51689,39147,769924,574378,7445,5672,212225556.2760049,0.06713519775977889,0.06815546556448888,0.8559654858867457,0.8551102255600684,36,40,1008,759,33,3,134,975,31,9,117,728,0.14585152838427948,0.1672316384180791,0.9166666666666666,0.775,0.03273809523809524,0.04084321475625823,36,40,386157.8042607826,77800.0,0.06713519775977889,0.06815546556448888,0.8559654858867457,0.8551102255600684
779,0.0,77510.5,2027,143.46960699055057,143.54653758819177,111.22303478816241,111.25328204359859,0.07693059764119425,0.0302472554361799,2.5433910128974753,0.0010620138874197066,0.000808250736444852,0.0009351323119322792,32.29325554459318,36,17,1196,831,4,2,385742.15601383836,0.030100334448160536,0.02045728038507822,0.8888888888888888,0.8823529411764706,51725,39164,771120,575209,7449,5674,212611298.43201876,0.06707775702873742,0.06808655636473003,0.8559884001933301,0.8551220508630375,36,17,1043,725,32,4,149,1011,15,2,104,710,0.15133779264214048,0.14320096269554752,0.8888888888888888,0.8823529411764706,0.030680728667305847,0.020689655172413793,36,17,385742.15601383836,77900.0,0.06707775702873742,0.06808655636473003,0.8559884001933301,0.8551220508630375
780,0.0,77610.0,2103,143.54653758819177,143.62139632717287,111.25328204359859,111.28703598433273,0.0748587389811064,0.03375394073414384,2.217777757291105,0.0010616120585766186,0.0008076472603818989,0.0009346296594792587,32.33436034284014,38,21,1202,901,7,4,400210.84635408066,0.03161397670549085,0.023307436182019976,0.8157894736842105,0.8095238095238095,51763,39185,772322,576110,7456,5678,213011509.27837282,0.06702256312781456,0.06801652462203399,0.8559588895543149,0.8550976138828633,38,21,1051,769,31,7,144,1020,17,4,128,752,0.14559068219633944,0.1609322974472808,0.8157894736842105,0.8095238095238095,0.029495718363463368,0.022106631989596878,38,21,400210.84635408066,78000.0,0.06702256312781456,0.06801652462203399,0.8559588895543149,0.8550976138828633
781,0.0,77709.5,2079,143.62139632717287,143.68414659720938,111.28703598433273,111.32495720947348,0.0627502700365028,0.03792122514074947,1.6547532365739017,0.0010610562207299969,0.0008070986880272581,0.0009340774543786276,32.359189387735896,39,26,1192,887,6,4,395766.05772117927,0.03271812080536913,0.029312288613303268,0.8461538461538461,0.8461538461538461,51802,39211,773514,576997,7462,5682,213407275.336094,0.06696969932024502,0.0679570257730976,0.8559515076637968,0.855091683456173,39,26,1034,744,33,6,152,1001,22,4,139,722,0.1552013422818792,0.18151071025930102,0.8461538461538461,0.8461538461538461,0.031914893617021274,0.02956989247311828,39,26,395766.05772117927,78100.0,0.06696969932024502,0.0679570257730976,0.8559515076637968,0.855091683456173
782,0.0,77809.0,2041,143.68414659720938,143.7442651538136,111.32562387614014,111.35621958450672,0.06011855660420906,0.03059570836657599,1.9649342935261156,0.0010604681508390916,0.0008064663671350651,0.0009334672589870784,32.38804556930687,30,35,1149,892,8,7,388599.398814404,0.02610966057441253,0.03923766816143498,0.7333333333333334,0.8,51832,39246,774663,577889,7470,5689,213795874.7349084,0.06690909466438955,0.06791269603678216,0.855880537119926,0.8550425521072211,30,35,1005,755,22,8,136,983,28,7,130,727,0.13751087902523934,0.17713004484304934,0.7333333333333333,0.8,0.021890547263681594,0.03708609271523179,30,35,388599.398814404,78200.0,0.06690909466438955,0.06791269603678216,0.855880537119926,0.8550425521072211
783,0.0,77908.5,2187,143.7442651538136,143.8174936592356,111.35621958450672,111.38365539242547,0.07322850542200854,0.027435807918749333,2.6690850744717807,0.0010600490153389395,0.0008057867907775331,0.0009329179030582364,32.43383826681013,42,26,1281,906,4,3,416440.2145475856,0.03278688524590164,0.02869757174392936,0.9047619047619048,0.8846153846153846,51874,39272,775944,578795,7474,5692,214212314.94945598,0.06685276257049477,0.06785131177705406,0.8559201141226819,0.8550621307801997,42,26,1120,778,38,4,157,1082,23,3,125,755,0.1522248243559719,0.16335540838852097,0.9047619047619048,0.8846153846153846,0.033928571428571426,0.02956298200514139,42,26,416440.2145475856,78300.0,0.06685276257049477,0.06785131177705406,0.8559201141226819,0.8550621307801997
784,0.0,78008.0,2150,143.8174936592356,143.88426123058167,111.38365539242547,111.42771312185909,0.06676757134607669,0.044057729433617965,1.5154564750477162,0.0010595485391885848,0.0008053209623381947,0.0009324347507633898,32.456548108722586,45,29,1246,904,7,3,409485.2535105253,0.036115569823434994,0.032079646017699116,0.8444444444444444,0.896551724137931,51919,39301,777190,579699,7481,5695,214621800.2029665,0.06680348434745687,0.0677955283690329,0.8559101677613206,0.8550927457316608,45,29,1064,780,38,7,175,1026,26,3,121,754,0.1709470304975923,0.16261061946902655,0.8444444444444444,0.896551724137931,0.03571428571428571,0.03333333333333333,45,29,409485.2535105253,78400.0,0.06680348434745687,0.0677955283690329,0.8559101677613206,0.8550927457316608
785,0.0,78107.5,2099,143.88426123058167,143.93317543331352,111.42771312185909,111.47656651623264,0.048914202731850764,0.04885339437355185,1.0012447110191351,0.0010588219066893871,0.0008049174119960257,0.0009318696593427064,32.456608917080885,42,29,1224,875,3,7,399919.88035429013,0.03431372549019608,0.03314285714285714,0.9285714285714286,0.7586206896551724,51961,39330,778414,580574,7484,5702,215021720.0833208,0.06675239653963058,0.06774330231805076,0.8559688997517368,0.855021612001017,42,29,1052,759,39,3,169,1013,22,7,109,737,0.16993464052287582,0.14971428571428572,0.9285714285714286,0.7586206896551724,0.0370722433460076,0.028985507246376812,42,29,399919.88035429013,78500.0,0.06675239653963058,0.06774330231805076,0.8559688997517368,0.855021612001017
786,0.0,78207.0,2149,143.93317543331352,143.9737019022015,111.47656651623264,111.53545296083747,0.0405264688879754,0.05888644460483761,0.6882138862336085,0.001057990408956805,0.0008046425354490185,0.0009313164722029117,32.43824894136402,39,23,1231,918,3,2,409705.3089259608,0.03168155970755483,0.02505446623093682,0.9230769230769231,0.9130434782608696,52000,39353,779645,581492,7487,5704,215431425.39224675,0.06669702236274201,0.06767590955679528,0.8560192307692308,0.8550555230859147,39,23,1066,786,36,3,162,1030,21,2,130,765,0.16084484159220147,0.1644880174291939,0.9230769230769231,0.9130434782608695,0.03377110694183865,0.026717557251908396,39,23,409705.3089259608,78600.0,0.06669702236274201,0.06767590955679528,0.8560192307692308,0.8550555230859147
787,0.0,78306.5,2065,143.9737019022015,144.03478942358737,111.53545296083747,111.56895746995885,0.061087521385871923,0.033504509121371484,1.823262688749739,0.001057422282914749,0.0008040458423813751,0.0009307340626480621,32.46583195362852,35,31,1177,888,7,1,393887.64875903993,0.029736618521665252,0.03490990990990991,0.8,0.967741935483871,52035,39384,780822,582380,7494,5705,215825313.0410058,0.06664130877459908,0.06762594869329304,0.8559815508792159,0.8551442210034532,35,31,1015,783,28,7,155,987,30,1,104,753,0.1554800339847069,0.15090090090090091,0.8,0.967741935483871,0.027586206896551724,0.038314176245210725,35,31,393887.64875903993,78700.0,0.06664130877459908,0.06762594869329304,0.8559815508792159,0.8551442210034532
788,0.0,78406.0,2105,144.03478942358737,144.09077044238566,111.56895746995885,111.6251807978992,0.05598101879829187,0.05622332794035856,0.9956902383593563,0.0010567907954846323,0.0008037389736466318,0.000930264884565632,32.46558964448646,30,22,1215,890,5,3,401654.1255822584,0.024691358024691357,0.024719101123595506,0.8333333333333334,0.8636363636363636,52065,39406,782037,583270,7499,5708,216226967.16658804,0.06657613386578896,0.06756047799475372,0.8559685009123211,0.8551489620869919,30,22,1072,767,25,5,138,1047,19,3,120,748,0.13415637860082305,0.15617977528089888,0.8333333333333334,0.8636363636363636,0.02332089552238806,0.024771838331160364,30,22,401654.1255822584,78800.0,0.06657613386578896,0.06756047799475372,0.8559685009123211,0.8551489620869919
789,0.0,78505.5,2060,144.09077044238566,144.12216162991095,111.6251807978992,111.65221853410767,0.03139118752528702,0.027037736208470164,1.1610138986211813,0.00105584925059207,0.0008030629766738029,0.0009294561136329366,32.46994309580327,31,23,1220,840,5,4,393233.4225866567,0.02540983606557377,0.02738095238095238,0.8387096774193549,0.8260869565217391,52096,39429,783257,584110,7504,5712,216620200.5891747,0.06651201329831716,0.06750269640992279,0.855958230958231,0.85513200943468,31,23,1045,723,26,5,170,1019,19,4,113,704,0.16065573770491803,0.15714285714285714,0.8387096774193549,0.8260869565217391,0.024880382775119617,0.02627939142461964,31,23,393233.4225866567,78900.0,0.06651201329831716,0.06750269640992279,0.855958230958231,0.85513200943468
790,0.0,78605.0,2215,144.12216162991095,144.1648824072748,111.65221853410767,111.69663895486943,0.04272077736385427,0.04442042076175312,0.9617373413229287,0.0010550535018870656,0.0008026087250674026,0.0009288311134772341,32.468243452405375,43,22,1249,966,6,5,422975.60823774524,0.0344275420336269,0.022774327122153208,0.8604651162790697,0.7727272727272727,52139,39451,784506,585076,7510,5717,217043176.19741243,0.06646093210249507,0.06742884685066555,0.8559619478701164,0.8550860561202505,43,22,1066,846,37,6,177,1029,17,5,115,829,0.17133706965572457,0.13664596273291926,0.8604651162790697,0.7727272727272727,0.03470919324577861,0.02009456264775414,43,22,422975.60823774524,79000.0,0.06646093210249507,0.06742884685066555,0.8559619478701164,0.8550860561202505
791,0.0,78704.5,2156,144.16590378787362,144.22488968133848,111.69663895486943,111.73195104489395,0.0589858934648646,0.03531209002451874,1.6704163764848838,0.0010544783049701877,0.0008020404724443657,0.0009282593887072767,32.492938636444535,42,39,1233,923,5,5,411877.5174738952,0.0340632603406326,0.04225352112676056,0.8809523809523809,0.8717948717948718,52181,39490,785739,585999,7515,5722,217455053.71488634,0.06641009291889546,0.06738919349691723,0.8559820624365191,0.8551025576095214,42,39,1073,771,37,5,155,1036,34,5,147,737,0.15571776155717762,0.19609967497291442,0.8809523809523809,0.8717948717948718,0.034482758620689655,0.04409857328145266,42,39,411877.5174738952,79100.0,0.06641009291889546,0.06738919349691723,0.8559820624365191,0.8551025576095214
792,0.0,78804.0,2110,144.22488968133848,144.2810315671595,111.73195104489395,111.7495231038043,0.0561418858210061,0.0175720589103463,3.194952060395732,0.0010538557551636725,0.0008012496645108544,0.0009275527098372635,32.531508463355195,35,17,1218,892,8,5,403145.5590737237,0.028735632183908046,0.01905829596412556,0.7714285714285715,0.7058823529411764,52216,39507,786957,586891,7523,5727,217858199.27396005,0.06635178288013195,0.06731573665297304,0.855925386854604,0.8550383476345964,35,17,1045,758,27,8,165,1018,12,5,129,746,0.15763546798029557,0.15807174887892378,0.7714285714285715,0.7058823529411765,0.02583732057416268,0.0158311345646438,35,17,403145.5590737237,79200.0,0.06635178288013195,0.06731573665297304,0.855925386854604,0.8550383476345964
793,0.0,78903.5,2059,144.2810315671595,144.32294174275248,111.7495231038043,111.80363678357699,0.04191017559298871,0.054113679772697765,0.774483933989162,0.0010530553087585858,0.000800921653329538,0.0009269884810440619,32.519304959175486,33,24,1190,869,6,2,393487.7560116978,0.02773109243697479,0.02761795166858458,0.8181818181818181,0.9166666666666666,52249,39531,788147,587760,7529,5729,218251687.02997175,0.06629347063428523,0.06725704369130257,0.8559015483549924,0.8550757633249855,33,24,1025,742,27,6,159,998,22,2,125,720,0.15630252100840336,0.16915995397008055,0.8181818181818182,0.9166666666666666,0.026341463414634145,0.029649595687331536,33,24,393487.7560116978,79300.0,0.06629347063428523,0.06725704369130257,0.8559015483549924,0.8550757633249855
794,0.0,79003.0,2204,144.32294174275248,144.36126866563185,111.80363678357699,111.82601184657486,0.03832692287937789,0.022375062997866735,1.7129302779184141,0.0010522117494639197,0.0008001947376830005,0.00092620324357346,32.535256819057,33,26,1266,938,6,9,421386.2997373709,0.026066350710900472,0.02771855010660981,0.8181818181818181,0.6538461538461539,52282,39557,789413,588698,7535,5738,218673073.3297091,0.06622895746586388,0.06719404516407394,0.8558777399487395,0.8549434992542407,33,26,1090,786,27,6,170,1063,17,9,143,769,0.15560821484992102,0.17057569296375266,0.8181818181818182,0.6538461538461539,0.024770642201834864,0.021628498727735368,33,26,421386.2997373709,79400.0,0.06622895746586388,0.06719404516407394,0.8558777399487395,0.8549434992542407
795,0.0,79102.5,2199,144.36126866563185,144.41949126176823,111.82601184657486,111.85241959596158,0.058222596136374705,0.026407749386720525,2.204754191042599,0.0010516205723719698,0.0007995203763700246,0.0009255704743709973,32.56707166580665,34,33,1278,921,7,5,420445.8312380241,0.026604068857589983,0.035830618892508145,0.7941176470588236,0.8484848484848485,52316,39590,790691,589619,7542,5743,219093519.16094714,0.06616491145087018,0.06714505468785775,0.85583760226317,0.8549381156857793,34,33,1109,796,27,7,162,1082,28,5,120,768,0.14788732394366197,0.16069489685124863,0.7941176470588235,0.8484848484848485,0.024346257889990983,0.035175879396984924,34,33,420445.8312380241,79500.0,0.06616491145087018,0.06714505468785775,0.85583760226317,0.8549381156857793
796,0.0,79202.0,2153,144.41949126176823,144.46987508719405,111.85241959596158,111.89221278589595,0.050383825425825535,0.03979318993437175,1.2661419079224412,0.001050932403630621,0.0007990158682330569,0.000924974135931839,32.577662301298105,23,21,1294,859,4,2,411786.2542732767,0.01777434312210201,0.024447031431897557,0.8260869565217391,0.9047619047619048,52339,39611,791985,590478,7546,5745,219505305.4152204,0.0660858475854972,0.06708293958453998,0.855824528554233,0.8549645300547828,23,21,1116,734,19,4,174,1097,19,2,123,715,0.1491499227202473,0.16530849825378346,0.8260869565217391,0.9047619047619048,0.017025089605734768,0.025885558583106268,23,21,411786.2542732767,79600.0,0.0660858475854972,0.06708293958453998,0.855824528554233,0.8549645300547828
797,0.0,79301.5,2149,144.46987508719405,144.509779812656,111.89221278589595,111.94323235654439,0.039904725461951784,0.05101957064843532,0.7821454581992958,0.0010501144799806698,0.0007986534840903358,0.0009243839820355028,32.56654745611162,33,20,1249,900,4,3,411238.73684564023,0.02642113690952762,0.022222222222222223,0.8787878787878788,0.85,52372,39631,793234,591378,7550,5748,219916544.15206605,0.06602339284498647,0.06701466743774709,0.8558389979378294,0.8549620246776514,33,20,1079,789,29,4,166,1050,17,3,108,772,0.15612489991993594,0.1388888888888889,0.8787878787878788,0.85,0.026876737720111215,0.021546261089987327,33,20,411238.73684564023,79700.0,0.06602339284498647,0.06701466743774709,0.8558389979378294,0.8549620246776514
798,0.0,79401.0,2151,144.509779812656,144.57015680753105,111.94323235654439,111.98354652716203,0.060376994875042556,0.040314170617648415,1.4976618382572207,0.0010495551509941657,0.0007981578552959575,0.0009238565031450617,32.586610280369015,22,23,1237,914,3,5,411775.9843661822,0.01778496362166532,0.02516411378555799,0.8636363636363636,0.782608695652174,52394,39654,794471,592292,7553,5753,220328320.13643223,0.06594828508529575,0.06695008543083479,0.8558422720158797,0.8549200585060776,22,23,1065,796,19,3,169,1046,18,5,113,778,0.15198059822150364,0.14332603938730853,0.8636363636363636,0.782608695652174,0.01784037558685446,0.022613065326633167,22,23,411775.9843661822,79800.0,0.06594828508529575,0.06695008543083479,0.8558422720158797,0.8549200585060776
799,0.0,79500.5,2144,144.57015680753105,144.60661216738978,111.98354652716203,112.01818191397264,0.03645535985873494,0.034635386810606406,1.0525466355574582,0.0010486978273991634,0.0007975923934847062,0.0009231451104419348,32.588430253417144,30,21,1217,927,6,4,410599.37911755644,0.024650780608052588,0.022653721682847898,0.8,0.8095238095238095,52424,39675,795688,593219,7559,5757,220738919.51554978,0.06588512080111802,0.06688086524538156,0.8558103158858538,0.8548960302457467,30,21,1061,778,24,6,150,1037,17,4,145,761,0.142974527526705,0.17475728155339806,0.8,0.8095238095238095,0.022620169651272386,0.021850899742930592,30,21,410599.37911755644,79900.0,0.06588512080111802,0.06688086524538156,0.8558103158858538,0.8548960302457467
800,0.0,79600.0,2164,144.60661216738978,144.6528931158734,112.01818191397264,112.05860114724751,0.04628094848362707,0.040419233274874955,1.1450229193831796,0.0010479654669709598,0.0007971006434087861,0.000922533055189873,32.594291968625896,29,32,1219,945,3,3,414570.8415885892,0.02378999179655455,0.033862433862433865,0.896551724137931,0.90625,52453,39707,796907,594164,7562,5760,221153490.35713837,0.06582072939502351,0.06682835042176907,0.8558328408289326,0.8549374165764223,29,32,1065,818,26,3,151,1039,29,3,124,789,0.14520098441345364,0.1619047619047619,0.896551724137931,0.90625,0.024413145539906103,0.035452322738386305,29,32,414570.8415885892,80000.0,0.06582072939502351,0.06682835042176907,0.8558328408289326,0.8549374165764223
801,0.0,79699.5,2111,144.6528931158734,144.68255268045036,112.05860114724751,112.08641828887602,0.02965956457694574,0.02781714162850335,1.0662333669306452,0.0010470274272441165,0.0007964527916895306,0.0009217401094668235,32.59613439157434,32,22,1201,910,4,2,404535.42418126523,0.026644462947543714,0.024175824175824177,0.875,0.9090909090909091,52485,39729,798108,595074,7566,5762,221558025.78131962,0.06576177660166294,0.06676312525837123,0.8558445270077165,0.8549674041632057,32,22,1039,793,28,4,158,1011,20,2,115,773,0.15487094088259784,0.14835164835164835,0.875,0.9090909090909091,0.026948989412897015,0.025220680958385876,32,22,404535.42418126523,80100.0,0.06576177660166294,0.06676312525837123,0.8558445270077165,0.8549674041632057
802,0.0,79799.0,2121,144.68255268045036,144.71035891649743,112.08641828887602,112.11104434714075,0.027806236047069888,0.024626058264729522,1.129138725660174,0.0010460686179339252,0.0007957667664912235,0.0009209176922125744,32.59931456935668,31,23,1237,884,6,1,406584.97701404034,0.025060630557801132,0.026018099547511313,0.8064516129032258,0.9565217391304348,52516,39752,799345,595958,7572,5763,221964610.75833365,0.06569879088503712,0.06670268710211122,0.855815370553736,0.8550261622056752,31,23,1072,762,25,6,159,1047,22,1,121,740,0.14874696847210994,0.16176470588235295,0.8064516129032258,0.9565217391304348,0.02332089552238806,0.028871391076115485,31,23,406584.97701404034,80200.0,0.06569879088503712,0.06670268710211122,0.855815370553736,0.8550261622056752
803,0.0,79898.5,2178,144.7125285524516,144.75836623721594,112.11104434714075,112.14590896109416,0.04583768476433647,0.03486461395341678,1.3147337534148809,0.001045363766862009,0.0007952099537552869,0.0009202868603086479,32.61245727612177,30,16,1237,941,4,5,417666.5711202792,0.024252223120452707,0.01700318809776833,0.8666666666666667,0.6875,52546,39768,800582,596899,7576,5768,222382277.32945395,0.06563475071885204,0.06662433678059437,0.8558215658660983,0.8549587608127137,30,16,1063,815,26,4,170,1037,11,5,121,804,0.15844785772029102,0.14027630180658873,0.8666666666666667,0.6875,0.024459078080903106,0.013496932515337423,30,16,417666.5711202792,80300.0,0.06563475071885204,0.06662433678059437,0.8558215658660983,0.8549587608127137
804,0.0,79998.0,2097,144.75836623721594,144.808267956027,112.14590896109416,112.1745406183405,0.049901718811071305,0.028631657246336317,1.7428861480750188,0.0010446842313162983,0.000794577001788506,0.0009196306165524021,32.63372733768651,22,21,1232,865,1,2,402198.867617693,0.017857142857142856,0.024277456647398842,0.9545454545454546,0.9047619047619048,52568,39789,801814,597764,7577,5770,222784476.19707164,0.0655613396623157,0.06656305833071245,0.8558628823618932,0.8549850461182739,22,21,1067,758,21,1,164,1046,19,2,105,739,0.15016233766233766,0.14335260115606938,0.9545454545454546,0.9047619047619048,0.019681349578256794,0.025065963060686015,22,21,402198.867617693,80400.0,0.0655613396623157,0.06656305833071245,0.8558628823618932,0.8549850461182739
805,0.0,80097.5,2163,144.808267956027,144.8576761963464,112.1745406183405,112.21881077489736,0.04940824031939428,0.044270156556862617,1.1160620192506452,0.0010440002538900594,0.0007941398894453757,0.0009190700716677175,32.63886542144904,34,22,1252,911,2,2,414970.76271257637,0.027156549520766772,0.024149286498353458,0.9411764705882353,0.9090909090909091,52602,39811,803066,598675,7579,5772,223199446.9597842,0.06550146563296168,0.06649851755961081,0.855918025930573,0.8550149456180453,34,22,1076,778,32,2,174,1044,20,2,131,758,0.1645367412140575,0.16575192096597147,0.9411764705882353,0.9090909090909091,0.02973977695167286,0.02570694087403599,34,22,414970.76271257637,80500.0,0.06550146563296168,0.06649851755961081,0.855918025930573,0.8550149456180453
806,0.0,80197.0,2132,144.8576761963464,144.89183914339037,112.21881077489736,112.24827977809842,0.03416294704396705,0.02946900320105783,1.1592841064519184,0.001043128826119029,0.0007935202246098487,0.0009183245253644389,32.64355936529195,37,29,1243,889,3,3,409155.6732445199,0.029766693483507644,0.03262092238470191,0.9189189189189189,0.896551724137931,52639,39840,804309,599564,7582,5775,223608602.63302872,0.06544624018878317,0.0664482857543148,0.8559623093143867,0.8550451807228916,37,29,1074,748,34,3,166,1040,26,3,138,722,0.16090104585679807,0.1844769403824522,0.918918918918919,0.896551724137931,0.03165735567970205,0.034759358288770054,37,29,409155.6732445199,80600.0,0.06544624018878317,0.0664482857543148,0.8559623093143867,0.8550451807228916
807,0.0,80296.5,2146,144.89183914339037,144.93134242847447,112.24827977809842,112.30217132050942,0.03950328508409484,0.053891542410994475,0.7330145569564498,0.0010423257332128604,0.0007932047291941115,0.0009177652312034859,32.62917110796505,33,16,1249,897,4,2,412062.569385996,0.02642113690952762,0.017837235228539576,0.8787878787878788,0.875,52672,39856,805558,600461,7586,5777,224020665.20241472,0.06538573262260446,0.06637566802839819,0.855976609963548,0.8550531914893618,33,16,1091,800,29,4,154,1062,14,2,95,786,0.1465172137710168,0.12151616499442586,0.8787878787878788,0.875,0.026581118240146653,0.0175,33,16,412062.569385996,80700.0,0.06538573262260446,0.06637566802839819,0.855976609963548,0.8550531914893618
808,0.0,80396.0,2150,144.93134242847447,144.9805498897305,112.30217132050942,112.34523565960349,0.04920746125603159,0.043064339094073034,1.1426498650899775,0.0010416447293506667,0.0007927560146665702,0.0009172003720086184,32.63531423012701,30,23,1230,920,4,5,413020.89542627544,0.024390243902439025,0.025,0.8666666666666667,0.782608695652174,52702,39879,806788,601381,7590,5782,224433686.097841,0.06532323237331245,0.06631237102602178,0.8559826951538841,0.8550114095137792,30,23,1066,800,26,4,160,1040,18,5,115,782,0.15121951219512195,0.14456521739130435,0.8666666666666667,0.782608695652174,0.024390243902439025,0.0225,30,23,413020.89542627544,80800.0,0.06532323237331245,0.06631237102602178,0.8559826951538841,0.8550114095137792
809,0.0,80495.5,2096,144.9805498897305,145.01795658226428,112.34523565960349,112.37441064548283,0.037406692533778596,0.029174985879336646,1.2821494649041838,0.001040819540470552,0.0007921367239918195,0.0009164781322311857,32.64354593678145,31,26,1217,879,3,2,402788.9931980327,0.025472473294987676,0.02957906712172924,0.9032258064516129,0.9230769230769231,52733,39905,808005,602260,7593,5784,224836475.09103903,0.06526321000488858,0.06625875867565503,0.8560104678284945,0.8550557574238817,31,26,1044,750,28,3,170,1016,24,2,127,726,0.16269515201314708,0.17178612059158135,0.9032258064516129,0.9230769230769231,0.02681992337164751,0.032,31,26,402788.9931980327,80900.0,0.06526321000488858,0.06625875867565503,0.8560104678284945,0.8550557574238817
810,0.0,80595.0,2139,145.01795658226428,145.0760157953871,112.37441064548283,112.4038563255756,0.058059213122817255,0.029445680092777593,1.9717395876027994,0.001040251358483833,0.0007915223043337158,0.0009158868314087744,32.67215946981149,34,17,1254,885,4,3,411152.3250172249,0.02711323763955343,0.0192090395480226,0.8823529411764706,0.8235294117647058,52767,39922,809259,603145,7597,5787,225247627.41605625,0.0652040941157281,0.06618972220610302,0.8560274413932951,0.8550423325484695,34,17,1099,751,30,4,151,1069,14,3,131,737,0.14433811802232854,0.1638418079096045,0.8823529411764706,0.8235294117647058,0.0272975432211101,0.018641810918774968,34,17,411152.3250172249,81000.0,0.0652040941157281,0.06618972220610302,0.8560274413932951,0.8550423325484695
811,0.0,80694.5,2094,145.0760157953871,145.12756339610078,112.4038563255756,112.43376755849862,0.05154760071368969,0.029911232923012676,1.7233525895226718,0.00103960428653396,0.0007909151403693465,0.0009152597134516532,32.69379583760217,32,22,1239,855,2,2,402576.9554361241,0.0258272800645682,0.025730994152046785,0.9375,0.9090909090909091,52799,39944,810498,604000,7599,5789,225650204.37149236,0.06514389918297146,0.06613245033112583,0.8560768196367355,0.8550721009413178,32,22,1093,745,30,2,144,1063,20,2,108,725,0.14043583535108958,0.1497076023391813,0.9375,0.9090909090909091,0.027447392497712716,0.026845637583892617,32,22,402576.9554361241,81100.0,0.06514389918297146,0.06613245033112583,0.8560768196367355,0.8550721009413178
812,0.0,80794.0,2127,145.12756339610078,145.18001616273926,112.43376755849862,112.46430613645906,0.05245276663848131,0.030538577960442126,1.7175903444628473,0.0010389699557209683,0.000790317197806828,0.0009146435767638982,32.715710026280206,30,23,1241,886,2,3,409010.1535613351,0.024174053182917002,0.025959367945823927,0.9333333333333333,0.8695652173913043,52829,39967,811739,604886,7601,5792,226059214.52505368,0.06508126380523789,0.06607360725822717,0.8561206912869825,0.8550804413641254,30,23,1097,762,28,2,142,1069,20,3,121,742,0.136986301369863,0.15914221218961624,0.9333333333333333,0.8695652173913043,0.02552415679124886,0.026246719160104987,30,23,409010.1535613351,81200.0,0.06508126380523789,0.06607360725822717,0.8561206912869825,0.8550804413641254
813,0.0,80893.5,2178,145.18001616273926,145.22612297334408,112.46430613645906,112.50910689343982,0.0461068106048117,0.04480075698076291,1.029152490093183,0.001038259129337607,0.0007898961527539385,0.0009140776410457728,32.717016079904255,26,26,1279,899,0,4,418955.45572497265,0.020328381548084442,0.028921023359288096,1.0,0.8461538461538461,52855,39993,813018,605785,7601,5796,226478169.98077866,0.06501086076815027,0.06601847190009658,0.8561914672216442,0.8550746380616607,26,26,1121,761,26,0,158,1095,22,4,134,739,0.14386239249413604,0.1735261401557286,1.0,0.8461538461538461,0.0231935771632471,0.02890932982917214,26,26,418955.45572497265,81300.0,0.06501086076815027,0.06601847190009658,0.8561914672216442,0.8550746380616607
814,0.0,80993.0,2222,145.22785390415206,145.28201528331022,112.50910689343982,112.54988567841107,0.05416137915815966,0.04077878497125198,1.3281754028802495,0.0010376702644362848,0.0007894267322342316,0.0009135484983352582,32.73212960489914,44,18,1310,912,6,4,427546.7737775946,0.03358778625954199,0.019736842105263157,0.8636363636363636,0.7777777777777778,52899,40011,814328,606697,7607,5800,226905716.75455627,0.0649603108329813,0.06594890035717994,0.8561976596911095,0.8550398640373897,44,18,1104,795,38,6,200,1066,14,4,113,781,0.18167938931297709,0.13925438596491227,0.8636363636363636,0.7777777777777778,0.034420289855072464,0.01761006289308176,44,18,427546.7737775946,81400.0,0.0649603108329813,0.06594890035717994,0.8561976596911095,0.8550398640373897
815,0.0,81092.5,2136,145.28201528331022,145.32139959083665,112.54988567841107,112.6073212284057,0.03938430752643285,0.05743554999462219,0.6857130736994854,0.001036880292425031,0.0007891628411516696,0.0009130215667883504,32.71407836243095,35,19,1214,922,4,4,411240.1985612185,0.028830313014827018,0.020607375271149676,0.8857142857142857,0.7894736842105263,52934,40030,815542,607619,7611,5804,227316956.9531175,0.06490652841913722,0.06588009920690432,0.8562171761060944,0.8550087434424182,35,19,1049,796,31,4,161,1018,15,4,122,781,0.15815485996705106,0.14859002169197397,0.8857142857142857,0.7894736842105263,0.029551954242135366,0.018844221105527637,35,19,411240.1985612185,81500.0,0.06490652841913722,0.06588009920690432,0.8562171761060944,0.8550087434424182
816,0.0,81192.0,2112,145.32139959083665,145.38570152206756,112.6073212284057,112.66162258684119,0.06430193123091499,0.05430135843549522,1.1841680039607019,0.0010363976196552812,0.0007888611876506932,0.0009126294036529872,32.72407893522637,33,28,1259,853,9,4,406851.84394448466,0.026211278792692614,0.032825322391559206,0.7272727272727273,0.8571428571428572,52967,40058,816801,608472,7620,5808,227723808.79706198,0.06484688436963226,0.06583376063319266,0.856136839919195,0.8550102351590194,33,28,1097,726,24,9,153,1073,24,4,123,702,0.14058776806989676,0.17233294255568582,0.7272727272727273,0.8571428571428571,0.02187784867821331,0.03305785123966942,33,28,406851.84394448466,81600.0,0.06484688436963226,0.06583376063319266,0.856136839919195,0.8550102351590194
817,0.0,81291.5,2079,145.38570152206756,145.4415152562019,112.66162258684119,112.68087642581658,0.05581373413434676,0.019253838975387794,2.8988366530796026,0.0010358122337577147,0.0007881312943852137,0.0009119717640714642,32.76063883038533,42,23,1202,877,4,4,400631.1646392232,0.03494176372712146,0.026225769669327253,0.9047619047619048,0.8260869565217391,53009,40081,818003,609349,7624,5812,228124439.9617012,0.06480294082051044,0.06577675519283695,0.856175366447207,0.8549936378832863,42,23,1038,738,38,4,160,1000,19,4,135,719,0.16472545757071547,0.17559863169897377,0.9047619047619048,0.8260869565217391,0.036608863198458574,0.025745257452574527,42,23,400631.1646392232,81700.0,0.06480294082051044,0.06577675519283695,0.856175366447207,0.8549936378832863
818,0.0,81391.0,2106,145.4415152562019,145.48166545987365,112.68087642581658,112.7131530223184,0.040150203671743157,0.03227659650181636,1.2439416798324356,0.0010350367934190345,0.0007875623881145939,0.0009112995907668141,32.76851243755526,36,23,1193,913,6,2,405882.5973235396,0.030176026823134954,0.025191675794085433,0.8333333333333334,0.9130434782608696,53045,40104,819196,610262,7630,5814,228530322.55902475,0.06475251344000703,0.06571603671865527,0.8561598642661891,0.8550269299820467,36,23,1031,792,30,6,156,1001,21,2,119,771,0.15590947191953058,0.1533406352683461,0.8333333333333334,0.9130434782608695,0.029097963142580018,0.026515151515151516,36,23,405882.5973235396,81800.0,0.06475251344000703,0.06571603671865527,0.8561598642661891,0.8550269299820467
819,0.0,81490.5,2129,145.48166545987365,145.5148215105035,112.7131530223184,112.7521960633633,0.03315605062985583,0.039043041044905635,0.8492179334012726,0.0010341778480135152,0.0007870774894849655,0.0009106276687492403,32.76262544714021,38,23,1271,858,4,5,410452.2233530943,0.02989771833202203,0.026806526806526808,0.8947368421052632,0.782608695652174,53083,40127,820467,611120,7634,5819,228940774.78237784,0.06469851925793481,0.06566140856133001,0.8561874799841758,0.8549854212874125,38,23,1087,746,34,4,180,1053,18,5,107,728,0.16837136113296616,0.1456876456876457,0.8947368421052632,0.782608695652174,0.031278748850046,0.024128686327077747,38,23,410452.2233530943,81900.0,0.06469851925793481,0.06566140856133001,0.8561874799841758,0.8549854212874125
820,0.0,81590.0,2182,145.5148215105035,145.55804038331578,112.7521960633633,112.78752516945985,0.04321887281227532,0.0353291060965546,1.2233220023783777,0.0010334437149404775,0.0007865484816453077,0.0009099960982928926,32.77051521385593,25,28,1293,889,0,6,420816.3017427527,0.019334880123743233,0.031496062992125984,1.0,0.7857142857142857,53108,40155,821760,612009,7634,5825,229361591.0841206,0.06462714174454828,0.06561178021891835,0.8562551781275891,0.8549371186651724,25,28,1118,761,25,0,175,1093,22,6,122,739,0.15467904098994587,0.16197975253093364,1.0,0.7857142857142857,0.022361359570661897,0.02890932982917214,25,28,420816.3017427527,82000.0,0.06462714174454828,0.06561178021891835,0.8562551781275891,0.8549371186651724
821,0.0,81689.5,2146,145.55804038331578,145.59610935963772,112.78752516945985,112.84276546699837,0.03806897632193795,0.05524029753851778,0.6891522677877203,0.0010326486431357015,0.0007862632861443819,0.0009094559646400417,32.75334389263935,37,36,1225,921,7,5,414076.5329532488,0.030204081632653063,0.03908794788273615,0.8108108108108107,0.8611111111111112,53145,40191,822985,612930,7641,5830,229775667.61707386,0.06457590357053895,0.0655719250159072,0.8562235393734123,0.854942648851733,37,36,1076,794,30,7,142,1046,31,5,122,763,0.1404081632653061,0.16612377850162866,0.8108108108108109,0.8611111111111112,0.027881040892193308,0.03904282115869018,37,36,414076.5329532488,82100.0,0.06457590357053895,0.0655719250159072,0.8562235393734123,0.854942648851733
822,0.0,81789.0,2189,145.59610935963772,145.67717866031944,112.84276546699837,112.88167788146502,0.08106930068171891,0.03891241446665106,2.083378834053009,0.0010323786241134161,0.0007857801485026813,0.0009090793863080487,32.79550077885442,36,23,1252,937,7,2,422580.4214731043,0.02875399361022364,0.02454642475987193,0.8055555555555556,0.9130434782608696,53181,40214,824237,613867,7648,5832,230198248.03854698,0.06452149078481068,0.06550930413265414,0.8561892405182302,0.854975879047098,36,23,1064,810,29,7,181,1035,21,2,125,789,0.16773162939297126,0.15581643543223053,0.8055555555555556,0.9130434782608695,0.02725563909774436,0.025925925925925925,36,23,422580.4214731043,82200.0,0.06452149078481068,0.06550930413265414,0.8561892405182302,0.854975879047098
823,0.0,81888.5,2071,145.67717866031944,145.74355132170373,112.88167788146502,112.92879226151186,0.06637266138429254,0.047114380046835436,1.4087559110045138,0.001031930687284412,0.0007853978443130891,0.0009086642657987506,32.814759060191875,31,24,1174,897,5,4,399905.4262684315,0.026405451448040886,0.026755852842809364,0.8387096774193549,0.8333333333333334,53212,40238,825411,614764,7653,5836,230598153.4648154,0.06446727751386885,0.06545275910755997,0.8561790573554837,0.854962970326557,31,24,1018,771,26,5,151,992,20,4,122,751,0.15076660988074958,0.15830546265328874,0.8387096774193549,0.8333333333333334,0.025540275049115914,0.02594033722438392,31,24,399905.4262684315,82300.0,0.06446727751386885,0.06545275910755997,0.8561790573554837,0.854962970326557
824,0.0,81988.0,2194,145.74355132170373,145.81001522406774,112.92879226151186,112.97075698254012,0.06646390236400634,0.04196472102826476,1.583804222581165,0.001031484944974164,0.0007849539721844114,0.0009082194585792878,32.83925824152762,34,28,1249,945,8,3,423799.3592879411,0.02722177742193755,0.02962962962962963,0.7647058823529411,0.8928571428571429,53246,40266,826660,615709,7661,5839,231021952.82410336,0.06441100331454286,0.06539777719669519,0.8561206475603801,0.8549893210152486,34,28,1039,817,26,8,202,1013,25,3,125,792,0.18254603682946358,0.15873015873015872,0.7647058823529411,0.8928571428571429,0.025024061597690085,0.030599755201958383,34,28,423799.3592879411,82400.0,0.06441100331454286,0.06539777719669519,0.8561206475603801,0.8549893210152486
825,0.0,82087.5,2103,145.81001522406774,145.88779387341708,112.97075698254012,113.0200904915018,0.07777864934934087,0.04933350896168065,1.5765886308584844,0.0010311774316996418,0.0007846004947509961,0.000907888963225319,32.86770338191528,46,25,1167,936,7,3,406350.42196828715,0.03941730934018852,0.026709401709401708,0.8478260869565217,0.88,53292,40291,827827,616645,7668,5842,231428303.24607164,0.06437576933344769,0.0653390524531943,0.8561134879531637,0.8550048397905239,46,25,1009,817,39,7,151,970,22,3,116,795,0.16281062553556128,0.14743589743589744,0.8478260869565217,0.88,0.03865213082259663,0.02692778457772338,46,25,406350.42196828715,82500.0,0.06437576933344769,0.0653390524531943,0.8561134879531637,0.8550048397905239
826,0.0,82187.0,2154,145.88779387341708,145.94856128273932,113.0200904915018,113.07261228120537,0.060767409322238564,0.052521789703561694,1.1569942620999014,0.0010306647157934952,0.0007842864722356022,0.0009074755940145487,32.875949001533954,38,34,1224,930,5,3,416404.2271399815,0.03104575163398693,0.03655913978494624,0.868421052631579,0.9117647058823529,53330,40325,829051,617575,7673,5845,231844707.47321162,0.06432656133337997,0.06529571307128688,0.8561222576411025,0.8550526968381897,38,34,1043,787,33,5,176,1010,31,3,140,756,0.1707516339869281,0.18387096774193548,0.868421052631579,0.9117647058823529,0.031639501438159155,0.03939008894536213,38,34,416404.2271399815,82600.0,0.06432656133337997,0.06529571307128688,0.8561222576411025,0.8550526968381897
827,0.0,82286.5,2112,145.94856128273932,146.0039031054019,113.07261228120537,113.11985499050854,0.055341822662569484,0.047242709303176866,1.1714362592419734,0.0010300876341862789,0.0007839093750418854,0.0009069985046140821,32.884048114893346,44,26,1203,909,6,4,408479.71824097267,0.03657522859517872,0.028602860286028604,0.8636363636363636,0.8461538461538461,53374,40351,830254,618484,7679,5849,232253187.1914526,0.06428635092393412,0.06524178475110108,0.8561284520553079,0.8550469629005477,44,26,1046,784,38,6,151,1008,22,4,121,762,0.1571072319201995,0.1573157315731573,0.8636363636363636,0.8461538461538461,0.036328871892925434,0.02806122448979592,44,26,408479.71824097267,82700.0,0.06428635092393412,0.06524178475110108,0.8561284520553079,0.8550469629005477
828,0.0,82386.0,2156,146.0039031054019,146.0704721160006,113.11985499050854,113.15991048270357,0.06656901059869824,0.040055492195023135,1.66191967569854,0.001029647540553188,0.0007834463865719679,0.000906546963562578,32.91056163329702,48,25,1228,928,7,2,417123.23764398956,0.03908794788273615,0.02693965517241379,0.8541666666666666,0.92,53422,40376,831482,619412,7686,5851,232670310.42909658,0.0642491358802716,0.06518440068968635,0.8561266893789076,0.8550871805032693,48,25,1071,809,41,7,150,1030,23,2,117,786,0.15553745928338764,0.15086206896551724,0.8541666666666666,0.92,0.03828197945845005,0.02843016069221261,48,25,417123.23764398956,82800.0,0.0642491358802716,0.06518440068968635,0.8561266893789076,0.8550871805032693
829,0.0,82485.5,2165,146.0704721160006,146.13096170137865,113.15991048270357,113.21479324205484,0.0604895853780647,0.054882759351272625,1.1021600607015045,0.00102913517422415,0.0007831633723463235,0.0009061492732852366,32.91616845932381,38,31,1293,872,5,2,419030.5493930662,0.029389017788089715,0.03555045871559633,0.868421052631579,0.935483870967742,53460,40407,832775,620284,7691,5853,233089340.97848964,0.06419501065714028,0.06514274106699512,0.8561354283576506,0.8551488603459796,38,31,1083,751,33,5,205,1050,29,2,119,722,0.1840680587780356,0.16972477064220184,0.868421052631579,0.9354838709677419,0.030470914127423823,0.03861517976031957,38,31,419030.5493930662,82900.0,0.06419501065714028,0.06514274106699512,0.8561354283576506,0.8551488603459796
830,0.0,82585.0,2226,146.13096170137865,146.21205341665808,113.21479324205484,113.26008190743194,0.08109171527942749,0.0452886653771003,1.7905521084405944,0.0010288722609453186,0.0007827654485890039,0.0009058188547671612,32.95197150922614,39,31,1281,945,2,3,431017.78250862175,0.03044496487119438,0.0328042328042328,0.9487179487179487,0.9032258064516129,53499,40438,834056,621229,7693,5856,233520358.76099825,0.06414317503860652,0.06509354843383036,0.8562029196807417,0.8551857164053613,39,31,1109,793,37,2,170,1072,28,3,149,765,0.16159250585480095,0.1873015873015873,0.9487179487179487,0.9032258064516129,0.033363390441839495,0.03530895334174023,39,31,431017.78250862175,83000.0,0.06414317503860652,0.06509354843383036,0.8562029196807417,0.8551857164053613
831,0.0,82684.5,2201,146.21205341665808,146.30181482777877,113.26008190743194,113.31284297460714,0.08976141112069058,0.05276106717519724,1.7012811894541635,0.0010287143088999055,0.0007824584031295128,0.0009055863560147091,32.988971853171634,43,38,1254,947,4,3,426287.5064687638,0.0342902711323764,0.04012671594508976,0.9069767441860466,0.9210526315789473,53542,40476,835310,622176,7697,5859,233946646.26746702,0.06409835869317977,0.0650555469834902,0.8562436965372978,0.855247554106137,43,38,1053,819,39,4,197,1014,35,3,125,784,0.18819776714513556,0.1689545934530095,0.9069767441860465,0.9210526315789473,0.037037037037037035,0.042735042735042736,43,38,426287.5064687638,83100.0,0.06409835869317977,0.0650555469834902,0.8562436965372978,0.855247554106137
832,0.0,82784.0,2116,146.30181482777877,146.35945263986181,113.31284297460714,113.38516989888375,0.05763781208304408,0.07232692427660936,0.7969067212454967,0.0010281706355969374,0.0007823872623117683,0.0009052789489543528,32.97428274097807,33,28,1202,914,6,2,410099.9138082467,0.02745424292845258,0.030634573304157548,0.8181818181818181,0.9285714285714286,53575,40504,836512,623090,7703,5861,234356746.18127528,0.0640457040664091,0.06500505544945354,0.8562202519832012,0.8552982421489236,33,28,1053,795,27,6,143,1026,26,2,117,769,0.14143094841930118,0.15645514223194748,0.8181818181818182,0.9285714285714286,0.02564102564102564,0.03270440251572327,33,28,410099.9138082467,83200.0,0.0640457040664091,0.06500505544945354,0.8562202519832012,0.8552982421489236
833,0.0,82883.5,2147,146.35945263986181,146.42533980529922,113.38516989888375,113.433859881113,0.06588716543740247,0.048689982229248585,1.353197565921956,0.001027727299485025,0.0007820325354930177,0.0009048799174890213,32.99147992418622,39,26,1224,923,3,3,416346.9626880946,0.031862745098039214,0.028169014084507043,0.9230769230769231,0.8846153846153846,53614,40530,837736,624013,7706,5864,234773093.14396337,0.06399868216239961,0.06495056994004933,0.8562688849927258,0.8553170490994325,39,26,1050,796,36,3,171,1014,23,3,124,773,0.16911764705882354,0.15926327193932827,0.9230769230769231,0.8846153846153846,0.03428571428571429,0.028894472361809045,39,26,416346.9626880946,83300.0,0.06399868216239961,0.06495056994004933,0.8562688849927258,0.8553170490994325
834,0.0,82983.0,2134,146.42533980529922,146.5004381484928,113.43550843606488,113.47644243163013,0.07509834319358788,0.04093399556525412,1.8346203969722754,0.0010273954723057095,0.0007816054287420325,0.000904500450523871,33.02399571686267,34,31,1269,865,5,3,413979.25275995093,0.026792750197005517,0.035838150289017344,0.8529411764705882,0.9032258064516129,53648,40561,839005,624878,7711,5867,235187072.39672333,0.06394240797134701,0.06491027048479864,0.8562667760214733,0.8553536648504722,34,31,1085,737,29,5,179,1056,28,3,125,709,0.16390858944050432,0.176878612716763,0.8529411764705882,0.9032258064516129,0.026728110599078342,0.037991858887381276,34,31,413979.25275995093,83400.0,0.06394240797134701,0.06491027048479864,0.8562667760214733,0.8553536648504722
835,0.0,83082.5,2174,146.5004381484928,146.57163173907063,113.47644243163013,113.52275395642363,0.07119359057782049,0.046311524793495096,1.5372758918061,0.0010270176764176527,0.0007812240033757965,0.0009041208398967246,33.048877782647,33,41,1266,908,1,4,421867.3904435183,0.026066350710900472,0.04515418502202643,0.9696969696969697,0.9024390243902439,53681,40602,840271,625786,7712,5871,235608939.78716683,0.06388534175283926,0.0648816048936857,0.8563365063989121,0.8554012117629674,33,41,1104,783,32,1,161,1072,37,4,121,746,0.1524486571879937,0.17400881057268722,0.9696969696969697,0.9024390243902439,0.028985507246376812,0.04725415070242656,33,41,421867.3904435183,83500.0,0.06388534175283926,0.0648816048936857,0.8563365063989121,0.8554012117629674
836,0.0,83182.0,2146,146.57163173907063,146.6232587197596,113.52275395642363,113.57492631385612,0.05162698068897953,0.0521723574324966,0.9895466340729819,0.0010264067339899878,0.0007809135961640132,0.0009036601650770005,33.04833240590348,44,36,1277,869,3,6,416608.61666022404,0.03445575567736883,0.04142692750287687,0.9318181818181819,0.8333333333333334,53725,40638,841548,626655,7715,5877,236025548.40382707,0.0638406840726851,0.0648490796371209,0.8563983248022335,0.8553816624833899,44,36,1122,733,41,3,152,1081,30,6,130,703,0.15113547376664058,0.18411967779056387,0.9318181818181818,0.8333333333333334,0.036541889483065956,0.040927694406548434,44,36,416608.61666022404,83600.0,0.0638406840726851,0.0648490796371209,0.8563983248022335,0.8553816624833899
837,0.0,83281.5,2073,146.6232587197596,146.69244217067612,113.57492631385612,113.62001033214267,0.0691834509165119,0.04508401828654485,1.5345449129400126,0.0010260070061228134,0.0007805192432210041,0.0009032631246719087,33.07243183853345,39,29,1219,854,4,2,402631.18724330515,0.03199343724364233,0.03395784543325527,0.8974358974358975,0.9310344827586207,53764,40667,842767,627509,7719,5879,236428179.59107038,0.06379461939065008,0.06480703862414722,0.8564280931478313,0.8554356111835149,39,29,1069,740,35,4,146,1034,27,2,112,713,0.14848236259228875,0.16276346604215455,0.8974358974358975,0.9310344827586207,0.03274087932647334,0.03648648648648649,39,29,402631.18724330515,83700.0,0.06379461939065008,0.06480703862414722,0.8564280931478313,0.8554356111835149
838,0.0,83381.0,2274,146.6934694844407,146.75029215738675,113.62001033214267,113.66608428612386,0.05682267294605481,0.04607395398119252,1.2332927399556362,0.0010254729880571614,0.0007801376445295852,0.0009028053162933732,33.08420787126289,36,36,1307,967,4,6,441817.3656391521,0.02754399387911247,0.03722854188210962,0.8888888888888888,0.8333333333333334,53800,40703,844074,628476,7723,5885,236869996.95670953,0.06373848738380758,0.0647646051718761,0.8564498141263941,0.8554160626980812,36,36,1135,830,32,4,168,1103,30,6,131,800,0.1530221882172915,0.16649431230610134,0.8888888888888888,0.8333333333333334,0.028193832599118944,0.03614457831325301,36,36,441817.3656391521,83800.0,0.06373848738380758,0.0647646051718761,0.8564498141263941,0.8554160626980812
839,0.0,83480.5,2194,146.75029215738675,146.80486848221722,113.66608428612386,113.71085419824861,0.05457632483046382,0.04476991212474957,1.219040249138508,0.0010249012243625816,0.0007797414126782359,0.0009023213185204088,33.094014283968605,40,28,1236,958,4,4,426431.24389067176,0.032362459546925564,0.029227557411273485,0.9,0.8571428571428572,53840,40731,845310,629434,7727,5889,237296428.2006002,0.06369260981178503,0.06471051770320638,0.8564821693907876,0.8554172497606246,40,28,1067,821,36,4,165,1031,24,4,133,797,0.16262135922330098,0.1638830897703549,0.9,0.8571428571428571,0.033739456419868794,0.029232643118148598,40,28,426431.24389067176,83900.0,0.06369260981178503,0.06471051770320638,0.8564821693907876,0.8554172497606246
840,0.0,83580.0,2187,146.80486848221722,146.8677731355134,113.71085419824861,113.74928554500775,0.06290465329618655,0.03843134675913973,1.636805852535641,0.0010244299687775806,0.0007792706651245611,0.0009018503169510709,33.11848759050565,46,35,1281,906,5,7,425233.8199489966,0.03590944574551132,0.03863134657836645,0.8913043478260869,0.8,53886,40766,846591,630340,7732,5896,237721662.0205492,0.06365057034624748,0.0646730336009138,0.8565118954830568,0.8553696708041014,46,35,1110,781,41,5,166,1069,28,7,118,753,0.16159250585480095,0.16114790286975716,0.8913043478260869,0.8,0.036936936936936934,0.03585147247119078,46,35,425233.8199489966,84000.0,0.06365057034624748,0.0646730336009138,0.8565118954830568,0.8553696708041014
841,0.0,83679.5,2137,146.8677731355134,146.91047226197472,113.75154024247435,113.7910728708598,0.04269912646131502,0.03953262838544447,1.0800983442081586,0.0010237195779283959,0.0007788409416922137,0.0009012802598103047,33.119399391114925,33,30,1246,891,5,6,415659.8467751226,0.026484751203852328,0.03367003367003367,0.8484848484848485,0.8,53919,40796,847837,631231,7737,5902,238137321.86732432,0.06359595063673795,0.06462927200977138,0.8565069826962666,0.8553289538190019,33,30,1078,781,28,5,163,1050,24,6,104,757,0.15329052969502407,0.143658810325477,0.8484848484848485,0.8,0.025974025974025976,0.030729833546734954,33,30,415659.8467751226,84100.0,0.06359595063673795,0.06462927200977138,0.8565069826962666,0.8553289538190019
842,0.0,83779.0,2201,146.91047226197472,146.96123688111405,113.7910728708598,113.83066402733431,0.05076461913932917,0.03959115647451483,1.2822211741151535,0.0010231066641676653,0.0007783861562089036,0.0009007464101882844,33.13057285377974,25,26,1258,943,3,4,428285.9112290631,0.01987281399046105,0.027571580063626724,0.88,0.8461538461538461,53944,40822,849095,632174,7740,5906,238565607.7785534,0.06353117142369229,0.06457399386877663,0.8565178703841021,0.8553231100876978,25,26,1069,807,22,3,186,1047,22,4,132,785,0.16534181240063592,0.1633085896076352,0.88,0.8461538461538461,0.0205799812909261,0.027261462205700124,25,26,428285.9112290631,84200.0,0.06353117142369229,0.06457399386877663,0.8565178703841021,0.8553231100876978
843,0.0,83878.5,2159,146.96123688111405,147.0360006906539,113.83066402733431,113.91016295624483,0.07476380953985995,0.07949892891052457,0.9404379475855082,0.0010227798924372156,0.0007784058515029681,0.0009005928719700918,33.125837734409075,33,31,1175,984,3,2,420349.02589608287,0.028085106382978724,0.031504065040650404,0.9090909090909091,0.935483870967742,53977,40853,850270,633158,7743,5908,238985956.80444947,0.06348218801086714,0.06452259941436418,0.8565500120421661,0.8553839375321274,33,31,1008,840,30,3,164,978,29,2,142,811,0.1651063829787234,0.17378048780487804,0.9090909090909091,0.9354838709677419,0.02976190476190476,0.034523809523809526,33,31,420349.02589608287,84300.0,0.06348218801086714,0.06452259941436418,0.8565500120421661,0.8553839375321274
844,0.0,83978.0,2185,147.0360006906539,147.09963060039627,113.91016295624483,113.94429899597937,0.06362990974236027,0.03413603973453405,1.864009716334741,0.0010223219768033132,0.0007778880251354828,0.000900105000969398,33.1553316044169,41,29,1262,923,6,5,425640.10620274954,0.03248811410459588,0.0314192849404117,0.8536585365853658,0.8275862068965517,54018,40882,851532,634081,7749,5913,239411596.91065222,0.06343625371683037,0.06447441257504956,0.8565478173942019,0.8553642189716746,41,29,1082,790,35,6,174,1047,24,5,128,766,0.16561014263074486,0.1646803900325027,0.8536585365853658,0.8275862068965517,0.03234750462107209,0.030379746835443037,41,29,425640.10620274954,84400.0,0.06343625371683037,0.06447441257504956,0.8565478173942019,0.8553642189716746
845,0.0,84077.5,2152,147.09963060039627,147.1526311138785,113.94429899597937,113.99426627541835,0.05300051348223178,0.049967279438988044,1.0607044065096125,0.001021739353321679,0.000777558776341701,0.00089964906483169,33.158364838460145,37,29,1289,863,3,2,419334.9375794983,0.028704422032583398,0.03360370799536501,0.9189189189189189,0.9310344827586207,54055,40911,852821,634944,7752,5915,239830931.84823173,0.06338375813916403,0.064432453885697,0.8565905096660809,0.8554178582777248,37,29,1138,771,34,3,148,1104,27,2,90,744,0.14119472459270752,0.13557358053302435,0.918918918918919,0.9310344827586207,0.029876977152899824,0.03501945525291829,37,29,419334.9375794983,84500.0,0.06338375813916403,0.064432453885697,0.8565905096660809,0.8554178582777248
846,0.0,84177.0,2218,147.1526311138785,147.21328645103398,113.99426627541835,114.03871053946604,0.06065533715548099,0.044444264047683646,1.364750625421645,0.0010212485897498505,0.0007771650220439884,0.0008992068058969195,33.17457591156794,36,40,1246,972,7,9,432366.6208517126,0.028892455858747994,0.0411522633744856,0.8055555555555556,0.775,54091,40951,854067,635916,7759,5924,240263298.46908346,0.06333343871148282,0.0643968700268589,0.8565565436024477,0.8553393079534077,36,40,1095,823,29,7,144,1066,31,9,140,792,0.13884430176565007,0.17592592592592593,0.8055555555555556,0.775,0.026484018264840183,0.03766707168894289,36,40,432366.6208517126,84600.0,0.06333343871148282,0.0643968700268589,0.8565565436024477,0.8553393079534077
847,0.0,84276.5,2143,147.21328645103398,147.27395631612816,114.03871053946604,114.08363708537229,0.060669865094183706,0.044926545906250226,1.350423538475128,0.0010207591565281173,0.0007767778915091815,0.0008987685240186493,33.190319230755875,38,32,1266,877,5,4,417957.81413018215,0.030015797788309637,0.036488027366020526,0.868421052631579,0.875,54129,40983,855333,636793,7764,5928,240681256.28321365,0.06328412442873127,0.06435843358830892,0.8565648728038575,0.8553546592489569,38,32,1098,738,33,5,163,1065,28,4,135,710,0.15481832543443919,0.18586088939566706,0.868421052631579,0.875,0.030054644808743168,0.037940379403794036,38,32,417957.81413018215,84700.0,0.06328412442873127,0.06435843358830892,0.8565648728038575,0.8553546592489569
848,0.0,84376.0,2187,147.27395631612816,147.3619274542066,114.08363708537229,114.12874422235728,0.08797113807844426,0.04510713698499558,1.950270931797488,0.0010205928266038913,0.0007763938036298663,0.0008984933151168788,33.233183231849324,41,28,1245,942,5,1,426638.822520113,0.03293172690763052,0.029723991507430998,0.8780487804878049,0.9642857142857143,54170,41011,856578,637735,7769,5929,241107895.10573375,0.06324000849893413,0.0643072749653069,0.8565811334687097,0.8554290312355222,41,28,1065,795,36,5,175,1029,27,1,146,768,0.16947791164658635,0.18365180467091294,0.8780487804878049,0.9642857142857143,0.03380281690140845,0.033962264150943396,41,28,426638.822520113,84800.0,0.06324000849893413,0.0643072749653069,0.8565811334687097,0.8554290312355222
849,0.0,84475.5,2231,147.3619274542066,147.41288569854711,114.12874422235728,114.1810494595707,0.05095824434050655,0.0523052372134174,0.9742474569532147,0.0010199909298038926,0.0007760954038283402,0.0008980431668161164,33.23183623897641,42,21,1309,922,6,2,435396.56233040703,0.03208556149732621,0.0227765726681128,0.8571428571428572,0.9047619047619048,54212,41032,857887,638657,7775,5931,241543291.66806415,0.06319247173578804,0.0642473189834293,0.856581568656386,0.8554542795866641,42,21,1131,802,36,6,172,1095,19,2,118,783,0.15889992360580596,0.14859002169197397,0.8571428571428571,0.9047619047619048,0.03183023872679045,0.02369077306733167,42,21,435396.56233040703,84900.0,0.06319247173578804,0.0642473189834293,0.856581568656386,0.8554542795866641
850,0.0,84575.0,2150,147.41288569854711,147.456976339624,114.1810494595707,114.21432273919022,0.044090641076877546,0.033273279619521645,1.3251065594089886,0.0010193096538991455,0.0007755738007605364,0.000897441727329841,33.24265360043377,27,36,1251,899,3,7,419788.4205117682,0.02158273381294964,0.04004449388209121,0.8888888888888888,0.8055555555555556,54239,41068,859138,639556,7778,5938,241963080.08857593,0.06313188335284901,0.06421329797547048,0.856597651136636,0.855410538618876,27,36,1055,771,24,3,193,1031,29,7,121,742,0.17346123101518784,0.1668520578420467,0.8888888888888888,0.8055555555555556,0.022748815165876776,0.03761348897535668,27,36,419788.4205117682,85000.0,0.06313188335284901,0.06421329797547048,0.856597651136636,0.855410538618876
851,0.0,84674.5,2084,147.456976339624,147.50248738679937,114.21432273919022,114.25684269788147,0.045511047175381236,0.04251995869124414,1.0703455171689296,0.0010186466701363425,0.0007751620801802214,0.000896904375158282,33.245644688917906,27,28,1193,891,3,5,407033.86331771995,0.022632020117351215,0.031425364758698095,0.8888888888888888,0.8214285714285714,54266,41096,860331,640447,7781,5943,242370113.95189366,0.06307572318096175,0.06416768288398572,0.8566137176132385,0.8553873856336383,27,28,1053,787,24,3,137,1029,23,5,99,764,0.134953897736798,0.13692480359147025,0.8888888888888888,0.8214285714285714,0.022792022792022793,0.029224904701397714,27,28,407033.86331771995,85100.0,0.06307572318096175,0.06416768288398572,0.8566137176132385,0.8553873856336383
852,0.0,84774.0,2110,147.50248738679937,147.5830647033158,114.25684269788147,114.30431678496035,0.08057731651643962,0.04747408707888212,1.6972904899161885,0.0010183968186046853,0.0007748094731269452,0.0008966031458658152,33.278747918355464,34,24,1201,909,6,5,412309.74242032453,0.028309741881765195,0.026402640264026403,0.8235294117647058,0.7916666666666666,54300,41120,861532,641356,7787,5948,242782423.69431397,0.06302725841872385,0.06411415812746743,0.8565930018416206,0.8553501945525291,34,24,1045,784,28,6,150,1017,19,5,120,765,0.1482098251457119,0.15291529152915292,0.8235294117647058,0.7916666666666666,0.026794258373205742,0.02423469387755102,34,24,412309.74242032453,85200.0,0.06302725841872385,0.06411415812746743,0.8565930018416206,0.8553501945525291
853,0.0,84873.5,2154,147.5830647033158,147.62445546519268,114.30431678496035,114.3301699392325,0.041390761876868964,0.02585315427215562,1.6009946577949161,0.0010176881560022984,0.0007742042235016164,0.0008959461897519574,33.29428552596018,28,28,1215,939,4,5,420977.70504691335,0.023045267489711935,0.029818956336528223,0.8571428571428572,0.8214285714285714,54328,41148,862747,642295,7791,5953,243203401.3993609,0.06297095208676472,0.06406402042675095,0.8565932852304521,0.8553271118887917,28,28,1043,814,24,4,168,1019,23,5,120,791,0.1580246913580247,0.15228966986155484,0.8571428571428571,0.8214285714285714,0.023010546500479387,0.028255528255528257,28,28,420977.70504691335,85300.0,0.06297095208676472,0.06406402042675095,0.8565932852304521,0.8553271118887917
854,0.0,84973.0,2171,147.6261998809362,147.6991692810194,114.3301699392325,114.36672674609895,0.07296940008319552,0.036556806866443026,1.9960550807892659,0.001017371352726262,0.0007737257268331889,0.0008955485397797254,33.33244253492046,35,27,1250,921,6,5,424385.225831026,0.028,0.029315960912052116,0.8285714285714285,0.8148148148148149,54363,41175,863997,643216,7797,5958,243627786.62519193,0.06292035736235195,0.06401426581428322,0.8565752441918216,0.8553005464480874,35,27,1075,801,29,6,169,1046,22,5,115,779,0.1584,0.1487513572204126,0.8285714285714286,0.8148148148148148,0.026976744186046512,0.02746566791510612,35,27,424385.225831026,85400.0,0.06292035736235195,0.06401426581428322,0.8565752441918216,0.8553005464480874
855,0.0,85072.5,2212,147.6991692810194,147.75454131255137,114.36907678948211,114.41023301928925,0.055372031531959465,0.04115622980714306,1.345410689740806,0.0010168290708111665,0.0007733296297630951,0.0008950793502871308,33.34430829326212,39,29,1246,966,8,4,432492.606494838,0.03130016051364366,0.030020703933747412,0.7948717948717949,0.8620689655172413,54402,41204,865243,644182,7805,5962,244060279.23168677,0.0628748224487225,0.06396328987770537,0.8565310098893423,0.8553053101640617,39,29,1050,830,31,8,188,1019,25,4,132,805,0.17576243980738362,0.16252587991718426,0.7948717948717948,0.8620689655172413,0.029523809523809525,0.030120481927710843,39,29,432492.606494838,85500.0,0.0628748224487225,0.06396328987770537,0.8565310098893423,0.8553053101640617
856,0.0,85172.0,2164,147.75454131255137,147.80322761001494,114.41255818562827,114.44879754950257,0.048686297463575556,0.03623936387430149,1.3434644612539846,0.0010162099515399336,0.000772876727511191,0.0008945433395255622,33.35443006051237,43,25,1242,922,5,4,423301.9832048619,0.03462157809983897,0.027114967462039046,0.8837209302325582,0.84,54445,41229,866485,645104,7810,5966,244483581.21489164,0.06283432488733215,0.0639106252635234,0.856552484158325,0.8552960294938029,43,25,1088,796,38,5,149,1050,21,4,122,775,0.15056360708534622,0.15509761388286333,0.8837209302325582,0.84,0.034926470588235295,0.026381909547738693,43,25,423301.9832048619,85600.0,0.06283432488733215,0.0639106252635234,0.856552484158325,0.8552960294938029
857,0.0,85271.5,2166,147.80322761001494,147.8647467012559,114.44879754950257,114.5017479040348,0.06151909124096733,0.052950354532228516,1.1618258609302305,0.0010157420180053592,0.000772592744801519,0.0008941673814034391,33.36299879722111,38,33,1270,896,4,5,423844.11178469,0.029921259842519685,0.036830357142857144,0.8947368421052632,0.8484848484848485,54483,41262,867755,646000,7814,5971,244907425.32667634,0.06278615507833432,0.06387306501547987,0.8565791164216361,0.8552905821336823,38,33,1087,765,34,4,179,1053,28,5,126,737,0.16771653543307086,0.171875,0.8947368421052632,0.8484848484848485,0.031278748850046,0.036601307189542485,38,33,423844.11178469,85700.0,0.06278615507833432,0.06387306501547987,0.8565791164216361,0.8552905821336823
858,0.0,85371.0,2206,147.8647467012559,147.91633519928453,114.5017479040348,114.55250846591662,0.05158849802862164,0.0507605618818161,1.016310618245976,0.0010151594340453136,0.0007722839019973426,0.0008937216680213281,33.363826733367915,34,23,1244,962,6,5,431881.3252812501,0.027331189710610933,0.02390852390852391,0.8235294117647058,0.782608695652174,54517,41285,868999,646962,7820,5976,245339306.6519576,0.06273540015581146,0.06381363975009352,0.8565585046866115,0.8552500908320213,34,23,1072,834,28,6,166,1044,18,5,123,816,0.15594855305466238,0.14656964656964658,0.8235294117647058,0.782608695652174,0.026119402985074626,0.02158273381294964,34,23,431881.3252812501,85800.0,0.06273540015581146,0.06381363975009352,0.8565585046866115,0.8552500908320213
859,0.0,85470.5,2183,147.91633519928453,147.97107300637776,114.55250846591662,114.59280704439502,0.054737807093232504,0.04029857847839935,1.358306152723794,0.001014614869012586,0.0007718539856792828,0.0008932344273459344,33.37826596198275,36,34,1257,926,5,9,427570.33079501166,0.028639618138424822,0.0367170626349892,0.8611111111111112,0.7352941176470589,54553,41319,870256,647888,7825,5985,245766876.98275262,0.06268615212075528,0.06377491171313561,0.8565615089912562,0.8551513831409279,36,34,1069,778,31,5,183,1038,25,9,139,753,0.17024661893396978,0.1771058315334773,0.8611111111111112,0.7352941176470589,0.028999064546304958,0.032133676092544985,36,34,427570.33079501166,85900.0,0.06268615212075528,0.06377491171313561,0.8565615089912562,0.8551513831409279
860,0.0,85570.0,2233,147.97107300637776,148.0164555225075,114.59280704439502,114.6289471359803,0.04538251612973454,0.0361400915852812,1.2557388246414272,0.0010139627879571032,0.0007713767146678567,0.0008926697513124799,33.3875083865272,54,28,1310,923,8,3,437488.6819043609,0.04122137404580153,0.030335861321776816,0.8518518518518519,0.8928571428571429,54607,41347,871566,648811,7833,5988,246204365.664657,0.06265388966526918,0.06372734124421442,0.8565568516856813,0.8551769173095992,54,28,1123,783,46,8,179,1077,25,3,137,758,0.1717557251908397,0.17551462621885158,0.8518518518518519,0.8928571428571429,0.04096170970614425,0.031928480204342274,54,28,437488.6819043609,86000.0,0.06265388966526918,0.06372734124421442,0.8565568516856813,0.8551769173095992
861,0.0,85669.5,2205,148.0188459541894,148.08747957829885,114.6289471359803,114.68983576637045,0.06863362410945228,0.0608886303901528,1.1271993419735722,0.0010136100327538006,0.0007711879917749806,0.0008923990122643906,33.397643811928404,47,26,1254,951,7,6,432224.32962860016,0.037480063795853266,0.027339642481598318,0.851063829787234,0.7692307692307692,54654,41373,872820,649762,7840,5994,246636589.99428558,0.06261772186705163,0.06367408374143148,0.8565521279320818,0.8551229062432021,47,26,1103,819,40,7,144,1063,20,6,126,799,0.1467304625199362,0.15352260778128285,0.851063829787234,0.7692307692307693,0.03626473254759746,0.02442002442002442,47,26,432224.32962860016,86100.0,0.06261772186705163,0.06367408374143148,0.8565521279320818,0.8551229062432021
862,0.0,85769.0,2142,148.08747957829885,148.1661749669949,114.68983576637045,114.73399363447358,0.07869538869604753,0.044157868103127385,1.7821374100819443,0.001013347090589307,0.0007708056143843267,0.0008920763524868169,33.432181332521324,39,28,1250,892,5,4,420078.5699212031,0.0312,0.03139013452914798,0.8717948717948718,0.8571428571428572,54693,41401,874070,650654,7845,5998,247056668.56420678,0.06257279165284245,0.06362982476093285,0.8565629970928638,0.855124272360571,39,28,1062,756,34,5,183,1028,24,4,132,732,0.1736,0.17488789237668162,0.8717948717948718,0.8571428571428571,0.032015065913371,0.031746031746031744,39,28,420078.5699212031,86200.0,0.06257279165284245,0.06362982476093285,0.8565629970928638,0.855124272360571
863,0.0,85868.5,2190,148.1661749669949,148.23669734683222,114.73399363447358,114.7880395348479,0.07052237983731402,0.054045900374319444,1.3048608562144257,0.0010129900531707485,0.0007705387005828884,0.0008917643768768185,33.44865781198432,56,29,1273,917,5,3,429603.5319596411,0.04399057344854674,0.03162486368593239,0.9107142857142857,0.896551724137931,54749,41430,875343,651571,7850,6001,247486272.09616643,0.06254576777331858,0.06358478201147688,0.8566183857239402,0.8551532705768766,56,29,1091,778,51,5,177,1040,26,3,136,752,0.1791044776119403,0.1766630316248637,0.9107142857142857,0.896551724137931,0.04674610449129239,0.033419023136246784,56,29,429603.5319596411,86300.0,0.06254576777331858,0.06358478201147688,0.8566183857239402,0.8551532705768766
864,0.0,85968.0,2169,148.23669734683222,148.3282022178636,114.7880395348479,114.82930443001085,0.09150487103138971,0.04126489516295351,2.2174991762378276,0.0010128766951350344,0.0007701244763364147,0.0008915005857357246,33.498897787852755,49,20,1274,895,8,2,425617.77695406426,0.038461538461538464,0.0223463687150838,0.8367346938775511,0.9,54798,41450,876617,652466,7858,6003,247911889.8731205,0.0625107658190521,0.0635282144970006,0.8566006058615278,0.8551749095295537,49,20,1102,771,41,8,164,1061,18,2,122,753,0.1609105180533752,0.1564245810055866,0.8367346938775511,0.9,0.03720508166969147,0.023346303501945526,49,20,425617.77695406426,86400.0,0.0625107658190521,0.0635282144970006,0.8566006058615278,0.8551749095295537
865,0.0,86067.5,2253,148.32907872623505,148.40480032686577,114.82930443001085,114.89229043260201,0.07572160063071465,0.06298600259115972,1.2021972742455387,0.0010125912666898167,0.0007699623209023975,0.0008912767937961071,33.51250989426376,41,42,1299,954,4,6,442266.13164044044,0.03156274056966898,0.0440251572327044,0.9024390243902439,0.8571428571428572,54839,41492,877916,653420,7862,6009,248354156.00476092,0.06246497386993744,0.06349973983043065,0.8566348766388884,0.8551769015713873,41,42,1144,807,37,4,151,1107,36,6,141,771,0.1447267128560431,0.18553459119496854,0.9024390243902439,0.8571428571428571,0.032342657342657344,0.04460966542750929,41,42,442266.13164044044,86500.0,0.06246497386993744,0.06349973983043065,0.8566348766388884,0.8551769015713873
866,0.0,86167.0,2117,148.40480032686577,148.4547382352243,114.89229043260201,114.94825732163713,0.04993790835854384,0.05596688903511904,0.8922759370671464,0.0010119986429217977,0.0007697194878417149,0.0008908590653817564,33.50648091358718,44,32,1219,898,5,6,415858.77944907255,0.03609515996718622,0.035634743875278395,0.8863636363636364,0.8125,54883,41524,879135,654318,7867,6015,248770014.78421,0.06242840974366849,0.06346149731476132,0.8566587103474664,0.8551440131008573,44,32,1059,759,39,5,155,1020,26,6,133,733,0.15914684167350288,0.17706013363028952,0.8863636363636364,0.8125,0.036827195467422094,0.034255599472990776,44,32,415858.77944907255,86600.0,0.06242840974366849,0.06346149731476132,0.8566587103474664,0.8551440131008573
867,0.0,86266.5,2179,148.4547382352243,148.5462196127356,114.94825732163713,115.02003854044322,0.09148137751128615,0.07178121880609467,1.2744472583895277,0.0010118865496486617,0.0007696596178304337,0.0008907730837395477,33.526181072292374,51,41,1257,922,6,8,428241.25698410434,0.0405727923627685,0.044468546637744036,0.8823529411764706,0.8048780487804879,54934,41565,880392,655240,7873,6023,249198256.0411941,0.062397204881461894,0.06343477199194189,0.8566825645319838,0.8550944304102008,51,41,1085,787,45,6,166,1040,33,8,127,754,0.16785998408910102,0.1735357917570499,0.8823529411764706,0.8048780487804879,0.041474654377880185,0.04193138500635324,51,41,428241.25698410434,86700.0,0.062397204881461894,0.06343477199194189,0.8566825645319838,0.8550944304102008
868,0.0,86366.0,2235,148.5462196127356,148.61550268078426,115.02003854044322,115.08466028636104,0.06928306804866224,0.06462174591781888,1.0721324078240053,0.0010115189737625303,0.0007695174033619404,0.0008905181885622354,33.53084239442322,53,35,1307,928,10,5,439549.17613474285,0.04055087987758225,0.03771551724137931,0.8113207547169812,0.8571428571428572,54987,41600,881699,656168,7883,6028,249637805.21732885,0.06236482064740915,0.06339839797125127,0.8566388419080874,0.8550961538461539,53,35,1112,785,43,10,185,1069,30,5,138,755,0.17444529456771232,0.1810344827586207,0.8113207547169812,0.8571428571428571,0.03866906474820144,0.03821656050955414,53,35,439549.17613474285,86800.0,0.06236482064740915,0.06339839797125127,0.8566388419080874,0.8550961538461539
869,0.0,86465.5,2225,148.61550268078426,148.6943344664523,115.08740998839436,115.13995918652064,0.0788317856680294,0.052549198126286,1.5001520190390194,0.0010112621255265323,0.000769268233739655,0.0008902651796330937,33.55437527993165,47,52,1288,937,9,8,437835.39522053924,0.036490683229813664,0.05549626467449306,0.8085106382978724,0.8461538461538461,55034,41652,882987,657105,7892,6036,250075640.6125494,0.06232707842810823,0.06338712991074485,0.8565977395791693,0.8550849899164505,47,52,1114,817,38,9,165,1076,44,8,112,773,0.15760869565217392,0.1664887940234792,0.8085106382978723,0.8461538461538461,0.03411131059245961,0.05385556915544676,47,52,437835.39522053924,86900.0,0.06232707842810823,0.06338712991074485,0.8565977395791693,0.8550849899164505
870,0.0,86565.0,2234,148.6943344664523,148.7992960371765,115.13995918652064,115.19503653293759,0.10496157072421397,0.055077346416950945,1.9057121948037488,0.001011306210103217,0.000769017090326356,0.0008901616502147865,33.60425950423891,55,39,1293,941,7,3,439738.25517823704,0.042536736272235115,0.04144527098831031,0.8727272727272728,0.9230769230769231,55089,41691,884280,658046,7899,6039,250515378.86772764,0.06229814086036097,0.06335575324521386,0.8566138430539671,0.8551485932215586,55,39,1113,820,48,7,173,1065,36,3,118,784,0.17092034029389017,0.1636556854410202,0.8727272727272727,0.9230769230769231,0.0431266846361186,0.04390243902439024,55,39,439738.25517823704,87000.0,0.06229814086036097,0.06335575324521386,0.8566138430539671,0.8551485932215586
871,0.0,86664.5,2240,148.7992960371765,148.89292167251267,115.19503653293759,115.26200601695561,0.09362563533616708,0.06696948401801706,1.39803429441055,0.0010112200449404827,0.0007689030578922042,0.0008900615514163435,33.63091565555706,49,30,1325,915,4,9,441094.5671495683,0.0369811320754717,0.03278688524590164,0.9183673469387755,0.7,55138,41721,885605,658961,7903,6048,250956473.43487722,0.06226026275822743,0.06331330685731022,0.8566687221154194,0.8550370317106493,49,30,1155,782,45,4,166,1110,21,9,124,761,0.15924528301886792,0.15846994535519127,0.9183673469387755,0.7,0.03896103896103896,0.026854219948849106,49,30,441094.5671495683,87100.0,0.06226026275822743,0.06331330685731022,0.8566687221154194,0.8550370317106493
872,0.0,86764.0,2252,148.89292167251267,148.97170394131362,115.26200601695561,115.32506415439859,0.07878226880094985,0.0630581374429795,1.2493592737684163,0.0010109638553109747,0.0007687444321084171,0.0008898541437096959,33.64663978691503,61,48,1303,949,12,12,443748.6254861013,0.04681504221028396,0.0505795574288725,0.8032786885245902,0.75,55199,41769,886908,659910,7915,6060,251400222.06036332,0.06223757142792714,0.06329499477201436,0.8566097211906013,0.8549163255045608,61,48,1138,796,49,12,153,1089,36,12,141,760,0.15502686108979277,0.18651211801896733,0.8032786885245902,0.75,0.04305799648506151,0.04522613065326633,61,48,443748.6254861013,87200.0,0.06223757142792714,0.06329499477201436,0.8566097211906013,0.8549163255045608
873,0.0,86863.5,2250,148.97170394131362,149.0781386957115,115.32506415439859,115.39928466232377,0.10643475439786698,0.0742205079251761,1.434034303634341,0.001011025005011625,0.0007687140319333235,0.0008898695184724743,33.67885403338772,65,48,1292,958,6,12,443598.1442410585,0.05030959752321981,0.05010438413361169,0.9076923076923077,0.75,55264,41817,888200,660868,7921,6072,251843820.2046044,0.06222022067102004,0.06327587354812156,0.8566698031268095,0.854795896405768,65,48,1132,813,59,6,154,1073,36,12,133,777,0.16486068111455107,0.17640918580375783,0.9076923076923077,0.75,0.052120141342756186,0.04428044280442804,65,48,443598.1442410585,87300.0,0.06222022067102004,0.06327587354812156,0.8566698031268095,0.854795896405768
874,0.0,86963.0,2140,149.0790365618469,149.1817449954117,115.40142309812809,115.46463979182828,0.10270843356479986,0.06321669370018412,1.624704291747873,0.0010110536525997148,0.0007685822667881425,0.0008898179596939287,33.717105203583415,52,44,1250,890,6,6,422167.068547807,0.0416,0.04943820224719101,0.8846153846153846,0.8636363636363636,55316,41861,889450,661758,7927,6078,252265987.2731522,0.06219124177862724,0.06325726322915627,0.8566960734687974,0.8548051886003679,52,44,1099,778,46,6,145,1053,38,6,106,740,0.1528,0.16179775280898875,0.8846153846153846,0.8636363636363636,0.04185623293903549,0.04884318766066838,52,44,422167.068547807,87400.0,0.06219124177862724,0.06325726322915627,0.8566960734687974,0.8548051886003679
875,0.0,87062.5,2229,149.1817449954117,149.28188760817875,115.46463979182828,115.52721211776591,0.10014261276705838,0.06257232593763717,1.6004297629412993,0.0010110426497140813,0.0007684189993511004,0.0008897308245325909,33.754675490412836,58,46,1316,913,4,4,439888.20651735103,0.044072948328267476,0.050383351588170866,0.9310344827586207,0.9130434782608696,55374,41907,890766,662671,7931,6082,252705875.47966954,0.06216447417166798,0.06323952609967842,0.8567739372268574,0.8548691149449973,58,46,1141,788,54,4,171,1087,42,4,121,746,0.17097264437689969,0.17853231106243153,0.9310344827586207,0.9130434782608695,0.04732690622261174,0.0532994923857868,58,46,439888.20651735103,87500.0,0.06216447417166798,0.06323952609967842,0.8567739372268574,0.8548691149449973
876,0.0,87162.0,2212,149.28188760817875,149.3779510149105,115.52944514751012,115.60963894926516,0.0960634067317585,0.08019380175504409,1.1978906677250307,0.0010109851056702497,0.0007684827542776317,0.0008897339299739407,33.76831206564535,62,41,1268,944,5,5,436769.51198565826,0.04889589905362776,0.04343220338983051,0.9193548387096774,0.8780487804878049,55436,41948,892034,663615,7936,6087,253142644.9916552,0.0621456132837986,0.06321134995441634,0.856843928133343,0.8548917707638028,62,41,1117,824,57,5,146,1060,36,5,115,788,0.16009463722397477,0.15995762711864406,0.9193548387096774,0.8780487804878049,0.051029543419874666,0.043689320388349516,62,41,436769.51198565826,87600.0,0.0621456132837986,0.06321134995441634,0.856843928133343,0.8548917707638028
877,0.0,87261.5,2213,149.38289217396363,149.49519850534458,115.61200161469515,115.6764330750486,0.11230633138094959,0.06443146035346103,1.7430356345309328,0.001011169244551288,0.0007683681117503305,0.0008897686781508093,33.81876543029597,71,49,1258,955,15,9,437226.961229601,0.05643879173290938,0.05130890052356021,0.7887323943661972,0.8163265306122449,55507,41997,893292,664570,7951,6096,253579871.9528848,0.06213757651473426,0.06319424590336609,0.8567568054479615,0.8548467747696264,71,49,1082,818,56,15,161,1026,40,9,128,778,0.1724960254372019,0.17591623036649215,0.7887323943661971,0.8163265306122449,0.051756007393715345,0.0488997555012225,71,49,437226.961229601,87700.0,0.06213757651473426,0.06319424590336609,0.8567568054479615,0.8548467747696264
878,0.0,87361.0,2202,149.49519850534458,149.56212414569077,115.6764330750486,115.75758541623689,0.06692564034619863,0.08115234118828596,0.8246914305395184,0.0010107798221810267,0.0007684172635728049,0.0008895985428769159,33.80453872945388,64,40,1271,931,13,9,435398.6916752455,0.05035405192761605,0.04296455424274973,0.796875,0.775,55571,42037,894563,665501,7964,6105,254015270.64456004,0.062120834418593215,0.06316594565597948,0.856687840780263,0.8547707971548874,64,40,1082,798,51,13,176,1031,31,9,124,767,0.17859952793076317,0.16648764769065522,0.796875,0.775,0.04713493530499076,0.03884711779448621,64,40,435398.6916752455,87800.0,0.062120834418593215,0.06316594565597948,0.856687840780263,0.8547707971548874
879,0.0,87460.5,2201,149.56212414569077,149.67627923946935,115.75758541623689,115.83511269478092,0.11415509377857802,0.07752727854402508,1.4724506770059427,0.0010109285947812597,0.000768425062801323,0.0008896768287912914,33.841166544688434,45,54,1255,946,7,8,435471.3360320615,0.035856573705179286,0.05708245243128964,0.8444444444444444,0.8518518518518519,55616,42091,895818,666447,7971,6113,254450741.9805921,0.06208403939193006,0.06315731033375498,0.8566779344073647,0.8547670523389799,45,54,1068,810,38,7,180,1030,46,8,128,764,0.17370517928286852,0.1839323467230444,0.8444444444444444,0.8518518518518519,0.035580524344569285,0.056790123456790124,45,54,435471.3360320615,87900.0,0.06208403939193006,0.06315731033375498,0.8566779344073647,0.8547670523389799
880,0.0,87560.0,2249,149.67627923946935,149.78269667600566,115.83511269478092,115.8969635395869,0.10641743653630442,0.06185084480598846,1.720549442293163,0.001010989101338739,0.0007682547030118442,0.0008896219021752916,33.88573313641875,57,45,1279,970,7,5,445203.8177650938,0.044566067240031274,0.04639175257731959,0.8771929824561404,0.8888888888888888,55673,42136,897097,667417,7978,6118,254895945.7983572,0.06205906384705333,0.06313294387167244,0.8566989384441291,0.8548034934497817,57,45,1090,841,50,7,182,1040,40,5,124,801,0.181391712275215,0.16907216494845362,0.8771929824561403,0.8888888888888888,0.045871559633027525,0.04756242568370987,57,45,445203.8177650938,88000.0,0.06205906384705333,0.06313294387167244,0.8566989384441291,0.8548034934497817
881,0.0,87659.5,2200,149.78269667600566,149.87284314662625,115.8969635395869,115.9755789825628,0.09014647062059566,0.07861544297588807,1.1466763680037297,0.0010108647830695758,0.0007682750205223402,0.000889569901795958,33.89726416406346,53,50,1273,927,5,5,435768.4293736497,0.041633935585231735,0.05393743257820928,0.9056603773584906,0.9,55726,42186,898370,668344,7983,6123,255331714.22773084,0.06203012121954206,0.06312018960295895,0.8567455047913003,0.8548570615844119,53,50,1100,808,48,5,168,1052,45,5,114,763,0.16967792615868027,0.1715210355987055,0.9056603773584906,0.9,0.04363636363636364,0.055693069306930694,53,50,435768.4293736497,88100.0,0.06203012121954206,0.06312018960295895,0.8567455047913003,0.8548570615844119
882,0.0,87759.0,2181,149.87284314662625,149.98562332199697,115.9755789825628,116.03980304410176,0.11278017537071605,0.06422406153896532,1.7560424032399649,0.001010997364668938,0.0007681321243713961,0.0008895647445201671,33.94582027789521,74,42,1304,877,9,7,432247.66986095154,0.05674846625766871,0.04789053591790194,0.8783783783783784,0.8333333333333334,55800,42228,899674,669221,7992,6130,255763961.8975918,0.06202246591543159,0.06310023146314894,0.8567741935483871,0.8548356540683907,74,42,1127,750,65,9,168,1062,35,7,120,715,0.17868098159509202,0.17673888255416192,0.8783783783783784,0.8333333333333334,0.05767524401064774,0.04666666666666667,74,42,432247.66986095154,88200.0,0.06202246591543159,0.06310023146314894,0.8567741935483871,0.8548356540683907
883,0.0,87858.5,2209,149.98562332199697,150.07769313647253,116.03980304410176,116.1415772886177,0.09206981447556473,0.10177424451593708,0.9046474863406849,0.001010895100546726,0.0007684148087663995,0.0008896549546565627,33.936115847854836,59,50,1241,968,11,4,438071.01494896575,0.04754230459307011,0.05165289256198347,0.8135593220338984,0.92,55859,42278,900915,670189,8003,6134,256202032.91254076,0.062002519660567315,0.06308369728539263,0.8567285486671798,0.8549127205638867,59,50,1069,858,48,11,161,1021,46,4,106,812,0.16841257050765512,0.15702479338842976,0.8135593220338984,0.92,0.04490177736202058,0.053613053613053616,59,50,438071.01494896575,88300.0,0.062002519660567315,0.06308369728539263,0.8567285486671798,0.8549127205638867
884,0.0,87958.0,2205,150.07769313647253,150.18298244432793,116.1415772886177,116.21063813502077,0.1052893078554007,0.06906084640307597,1.5245875679089724,0.0010109426095716212,0.000768326792539323,0.0008896347010554721,33.97234430930716,59,42,1261,944,6,9,437668.27959169203,0.046788263283108644,0.04449152542372881,0.8983050847457628,0.7857142857142857,55918,42320,902176,671133,8009,6143,256639701.19213244,0.06198125421203845,0.06305754597076883,0.8567724167531028,0.85484404536862,59,42,1064,810,53,6,191,1011,33,9,125,777,0.19349722442505948,0.1673728813559322,0.8983050847457628,0.7857142857142857,0.04981203007518797,0.040740740740740744,59,42,437668.27959169203,88400.0,0.06198125421203845,0.06305754597076883,0.8567724167531028,0.85484404536862
885,0.0,88057.5,2146,150.18298244432793,150.26101585752053,116.21063813502077,116.28940813391611,0.07803341319259971,0.0787699988953392,0.9906489055088323,0.0010106820350206092,0.00076834868315674,0.0008895153590886746,33.97160772360442,59,49,1200,946,9,6,426233.28748080524,0.049166666666666664,0.05179704016913319,0.847457627118644,0.8775510204081632,55977,42369,903376,672079,8018,6149,257065934.47961324,0.06196423194771612,0.06304169599109628,0.8567625989245583,0.8548703061200406,59,49,1064,814,50,9,127,1014,43,6,126,771,0.1475,0.17864693446088795,0.847457627118644,0.8775510204081632,0.046992481203007516,0.052825552825552825,59,49,426233.28748080524,88500.0,0.06196423194771612,0.06304169599109628,0.8567625989245583,0.8548703061200406
886,0.0,88157.0,2208,150.26101585752053,150.35476962024256,116.28940813391611,116.3680494297605,0.09375376272203084,0.07864129584439183,1.1921696065072753,0.0010105994792555975,0.0007683690717292989,0.0008894842754924481,33.98672019048206,70,59,1284,924,9,5,438872.5596541058,0.05451713395638629,0.06385281385281386,0.8714285714285714,0.9152542372881356,56047,42428,904660,673003,8027,6154,257504807.03926736,0.06195366214931577,0.06304280961600468,0.8567809160169144,0.8549542754784576,70,59,1117,804,61,9,158,1056,54,5,115,750,0.1705607476635514,0.1829004329004329,0.8714285714285714,0.9152542372881356,0.05461056401074306,0.06716417910447761,70,59,438872.5596541058,88600.0,0.06195366214931577,0.06304280961600468,0.8567809160169144,0.8549542754784576
887,0.0,88256.5,2193,150.35476962024256,150.42706522721164,116.3680494297605,116.45035652462954,0.07229560696907811,0.0823070948690372,0.8783642173753203,0.0010102751913079484,0.0007684307423910363,0.0008893529668494923,33.9767087025821,56,46,1226,967,6,8,436251.26889105194,0.04567699836867863,0.047569803516028956,0.8928571428571429,0.8260869565217391,56103,42474,905886,673970,8033,6162,257941058.30815843,0.06193163378173413,0.06302060922592993,0.8568169260110867,0.8549230117248199,56,46,1072,823,50,6,148,1022,38,8,136,785,0.16150081566068517,0.17993795243019647,0.8928571428571429,0.8260869565217391,0.04664179104477612,0.046172539489671933,56,46,436251.26889105194,88700.0,0.06193163378173413,0.06302060922592993,0.8568169260110867,0.8549230117248199
888,0.0,88356.0,2146,150.42706522721164,150.50356127017852,116.45035652462954,116.52643273993608,0.0764960429668804,0.07607621530654285,1.0055185140144773,0.0010099989359457421,0.0007684221065922461,0.0008892105212689942,33.97712853024244,53,44,1240,906,8,8,427221.03300882824,0.042741935483870966,0.04856512141280353,0.8490566037735849,0.8181818181818181,56156,42518,907126,674876,8041,6170,258368279.34116724,0.06190540233661035,0.06300120318399231,0.8568096018234916,0.8548849898866362,53,44,1077,787,45,8,155,1032,36,8,111,751,0.16129032258064516,0.16225165562913907,0.8490566037735849,0.8181818181818182,0.04178272980501393,0.045743329097839895,53,44,427221.03300882824,88800.0,0.06190540233661035,0.06300120318399231,0.8568096018234916,0.8548849898866362
889,0.0,88455.5,2233,150.50356127017852,150.5924270075838,116.52643273993608,116.61757557739449,0.08886573740528547,0.09114283745840623,0.9750161382219428,0.001009862443750137,0.000768582968535994,0.0008892227061430655,33.97485143018932,70,41,1293,940,5,5,444945.5912334797,0.054137664346481054,0.043617021276595745,0.9285714285714286,0.8780487804878049,56226,42559,908419,675816,8046,6175,258813224.93240073,0.06189434611121079,0.0629742415095233,0.8568989435492477,0.8549073051528466,70,41,1134,808,65,5,154,1069,36,5,127,772,0.16937354988399073,0.17340425531914894,0.9285714285714286,0.8780487804878049,0.05731922398589065,0.04455445544554455,70,41,444945.5912334797,88900.0,0.06189434611121079,0.0629742415095233,0.8568989435492477,0.8549073051528466
890,0.0,88555.0,2294,150.5924270075838,150.67971133558348,116.61757557739449,116.70605497853279,0.08728432799966868,0.08847940113830077,0.9864932049351905,0.00100970848963356,0.0007687135427414401,0.0008892110161875001,33.973656357050686,66,49,1316,978,14,9,457519.3902179521,0.05015197568389058,0.050102249488752554,0.7878787878787878,0.8163265306122449,56292,42608,909735,676794,8060,6184,259270744.3226187,0.06187735989051757,0.06295564085970029,0.8568180203226036,0.8548629365377394,66,49,1157,857,52,14,145,1105,40,9,112,817,0.14969604863221886,0.1554192229038855,0.7878787878787878,0.8163265306122449,0.0449438202247191,0.046674445740956826,66,49,457519.3902179521,89000.0,0.06187735989051757,0.06295564085970029,0.8568180203226036,0.8548629365377394
891,0.0,88654.5,2166,150.68132238542026,150.76238977273576,116.70605497853279,116.79187602188135,0.08106738731549967,0.08582104334855956,0.9446096685896366,0.0010095031875930317,0.0007688139881855974,0.0008891585878893146,33.97051375085441,62,38,1266,900,8,3,432397.8046306064,0.04897314375987362,0.042222222222222223,0.8709677419354839,0.9210526315789473,56354,42646,911001,677694,8068,6187,259703142.1272493,0.06185942715759917,0.06292810619542154,0.8568335876778933,0.8549219153027248,62,38,1087,789,54,8,171,1033,35,3,108,754,0.17772511848341233,0.15888888888888889,0.8709677419354839,0.9210526315789473,0.04967801287948482,0.044359949302915085,62,38,432397.8046306064,89100.0,0.06185942715759917,0.06292810619542154,0.8568335876778933,0.8549219153027248
892,0.0,88754.0,2168,150.76238977273576,150.85089921267328,116.79187602188135,116.86143954662587,0.0885094399375248,0.06956352474452387,1.272354157765595,0.0010093637158573616,0.000768731949238579,0.0008890478325479702,33.98945966604741,48,48,1235,933,4,4,433092.9160116495,0.038866396761133605,0.05144694533762058,0.9166666666666666,0.9166666666666666,56402,42694,912236,678627,8072,6191,260136235.04326096,0.06182829881741128,0.06291232149619747,0.856884507641573,0.8549913336768633,48,48,1101,808,44,4,130,1057,44,4,121,764,0.1408906882591093,0.17684887459807075,0.9166666666666666,0.9166666666666666,0.03996366939146231,0.054455445544554455,48,48,433092.9160116495,89200.0,0.06182829881741128,0.06291232149619747,0.856884507641573,0.8549913336768633
893,0.0,88853.5,2316,150.8532688550459,150.95007605296436,116.86143954662587,116.94655073961138,0.09680719791845149,0.08511119298550796,1.1374202912998181,0.001009344012259437,0.0007688242000567386,0.0008890841061580878,34.00352531335298,58,47,1351,965,9,5,462914.91233211965,0.04293116210214656,0.04870466321243523,0.8448275862068966,0.8936170212765957,56460,42741,913587,679592,8081,6196,260599149.95559308,0.06180035398927524,0.06289214705293765,0.8568721218561813,0.8550338082871247,58,47,1178,833,49,9,164,1129,42,5,127,791,0.15766099185788304,0.17512953367875647,0.8448275862068966,0.8936170212765957,0.04159592529711375,0.05042016806722689,58,47,462914.91233211965,89300.0,0.06180035398927524,0.06289214705293765,0.8568721218561813,0.8550338082871247
894,0.0,88953.0,2151,150.95007605296436,151.03467636034944,116.94655073961138,116.99064940501785,0.08460030738507385,0.0440986654064659,1.918432374433478,0.00100916130427464,0.000768457491392318,0.000888809397833479,34.04402695533159,55,47,1230,921,1,5,430232.3046082364,0.044715447154471545,0.051031487513572206,0.9818181818181818,0.8936170212765957,56515,42788,914817,680513,8082,6201,261029382.2602013,0.061777382798964164,0.06287609494601866,0.856993718481819,0.8550761895858652,55,47,1066,787,54,1,163,1012,42,5,129,745,0.17642276422764228,0.18566775244299674,0.9818181818181818,0.8936170212765957,0.05065666041275797,0.053367217280813214,55,47,430232.3046082364,89400.0,0.061777382798964164,0.06287609494601866,0.856993718481819,0.8550761895858652
895,0.0,89052.5,2260,151.03467636034944,151.11761173546282,116.99064940501785,117.04623168349173,0.08293537511337945,0.05558227847387798,1.4921190240942825,0.0010089604019806278,0.0007682199107144927,0.0008885901563475602,34.07138005197109,61,50,1290,970,8,9,452205.6008405654,0.047286821705426356,0.05154639175257732,0.8688524590163934,0.8200000000000001,56576,42838,916107,681483,8090,6210,261481587.86104187,0.061756978169580624,0.06285996862724381,0.8570065045248869,0.8550352490779215,61,50,1117,815,53,8,165,1064,41,9,146,774,0.16899224806201552,0.19278350515463918,0.8688524590163934,0.82,0.047448522829006266,0.05030674846625767,61,50,452205.6008405654,89500.0,0.061756978169580624,0.06285996862724381,0.8570065045248869,0.8550352490779215
896,0.0,89152.0,2185,151.11998137783542,151.2122578985936,117.04623168349173,117.09469106329709,0.09227652075819037,0.04845937980536519,1.9042035025791635,0.0010088906488883592,0.0007679033637137552,0.0008883970063010572,34.117566835296515,65,49,1253,932,9,9,437307.7791416971,0.05187549880287311,0.05257510729613734,0.8615384615384616,0.8163265306122449,56641,42887,917360,682415,8099,6219,261918895.64018357,0.061743481294148424,0.06284592220276518,0.8570117053018131,0.8549910229206986,65,49,1079,805,56,9,165,1023,40,9,118,765,0.17637669592976857,0.16952789699570817,0.8615384615384616,0.8163265306122449,0.051899907321594066,0.049689440993788817,65,49,437307.7791416971,89600.0,0.061743481294148424,0.06284592220276518,0.8570117053018131,0.8549910229206986
897,0.0,89251.5,2230,151.2122578985936,151.31150973360957,117.09469106329709,117.17858064336995,0.0992518350159628,0.08388958007286362,1.1831247090491577,0.0010088723966043807,0.0007679825080136604,0.0008884274523090205,34.132929090239614,43,39,1286,944,5,1,446522.3225047271,0.03343701399688958,0.0413135593220339,0.8837209302325582,0.9743589743589743,56684,42926,918646,683359,8104,6220,262365417.9626883,0.061703855456835384,0.06281617714846809,0.8570319666925411,0.8550994735125566,43,39,1121,819,38,5,160,1083,38,1,124,781,0.15396578538102643,0.1716101694915254,0.8837209302325582,0.9743589743589743,0.03389830508474576,0.0463980463980464,43,39,446522.3225047271,89700.0,0.061703855456835384,0.06281617714846809,0.8570319666925411,0.8550994735125566
898,0.0,89351.0,2264,151.31150973360957,151.43409343222058,117.17858064336995,117.23803935004545,0.1225836986110096,0.059458706675499684,2.061661032757057,0.0010091140052786631,0.0007677894173218356,0.0008884517113002493,34.196054082175124,53,36,1308,956,3,6,453533.6125814112,0.040519877675840976,0.03765690376569038,0.9433962264150944,0.8333333333333334,56737,42962,919954,684315,8107,6226,262818951.5752697,0.061673735860706076,0.06278102920438687,0.8571126425436664,0.8550812345793958,53,36,1149,823,50,3,156,1099,30,6,127,793,0.15749235474006115,0.16422594142259414,0.9433962264150944,0.8333333333333334,0.04351610095735422,0.03645200486026731,53,36,453533.6125814112,89800.0,0.061673735860706076,0.06278102920438687,0.8571126425436664,0.8550812345793958
899,0.0,89450.5,2297,151.43581261997704,151.5227278521375,117.23803935004545,117.27560364474667,0.08691523216046448,0.037564294701212475,2.3137725026329083,0.0010089774426467284,0.0007673532143515244,0.0008881653284991263,34.24712420739084,60,35,1342,955,9,8,460240.1177721208,0.044709388971684055,0.03664921465968586,0.85,0.7714285714285715,56797,42997,921296,685270,8116,6234,263279191.69304183,0.06164902485194769,0.06274461161294088,0.8571051287920137,0.8550131404516594,60,35,1158,831,51,9,175,1107,27,8,116,804,0.16840536512667661,0.14973821989528796,0.85,0.7714285714285715,0.04404145077720207,0.032490974729241874,60,35,460240.1177721208,89900.0,0.06164902485194769,0.06274461161294088,0.8571051287920137,0.8550131404516594
900,0.0,89550.0,2221,151.5227278521375,151.60818508183385,117.27827404838459,117.33371489710359,0.0854572296963454,0.05544084871900168,1.5414127249292264,0.001008805881373747,0.0007671462802506552,0.0008879760808122011,34.27447018473026,58,43,1310,911,11,6,445197.5322488481,0.044274809160305344,0.04720087815587267,0.8103448275862069,0.8604651162790697,56855,43040,922606,686181,8127,6240,263724389.2252907,0.06162435535862546,0.06272397516107266,0.8570574267874418,0.8550185873605948,58,43,1130,790,47,11,169,1083,37,6,115,753,0.1648854961832061,0.1668496158068057,0.8103448275862069,0.8604651162790697,0.0415929203539823,0.04683544303797468,58,43,445197.5322488481,90000.0,0.06162435535862546,0.06272397516107266,0.8570574267874418,0.8550185873605948
901,0.0,89649.5,2261,151.60818508183385,151.70280562305632,117.33371489710359,117.42743387357321,0.09462054122246855,0.09371897646961713,1.009619874083278,0.0010087364024956682,0.0007673350077583639,0.000888035705127016,34.275371749483114,57,34,1262,999,10,4,453563.38447019464,0.045166402535657686,0.03403403403403404,0.8245614035087719,0.8823529411764706,56912,43074,923868,687180,8137,6244,264177952.60976088,0.061601873860767986,0.06268226665502488,0.8570248805172899,0.8550401634396619,57,34,1081,863,47,10,171,1034,30,4,132,833,0.17274167987321712,0.16216216216216217,0.8245614035087719,0.8823529411764706,0.043478260869565216,0.03476245654692932,57,34,453563.38447019464,90100.0,0.061601873860767986,0.06268226665502488,0.8570248805172899,0.8550401634396619
902,0.0,89749.0,2161,151.70280562305632,151.7945312816338,117.42743387357321,117.47476763115031,0.09172565857747372,0.047333757577106894,1.9378486575474645,0.0010086349836301238,0.000767009068255052,0.0008878220259425878,34.31976365048348,56,38,1239,922,10,4,433704.10323943046,0.04519774011299435,0.04121475054229935,0.8214285714285714,0.8947368421052632,56968,43112,925107,688102,8147,6248,264611656.7130003,0.06157990373005501,0.06265350195174553,0.8569898890605252,0.855075153089627,56,38,1067,787,46,10,162,1021,34,4,131,753,0.1678773204196933,0.1789587852494577,0.8214285714285714,0.8947368421052632,0.04311152764761012,0.043202033036848796,56,38,433704.10323943046,90200.0,0.06157990373005501,0.06265350195174553,0.8569898890605252,0.855075153089627
903,0.0,89848.5,2269,151.7945312816338,151.8719091304727,117.47761146959344,117.54708287877621,0.07737784883889276,0.06947140918276773,1.1138085400761701,0.0010083748989177857,0.0007669605006005713,0.0008876676997591785,34.32482625169648,59,41,1288,981,10,4,455582.89085805963,0.04580745341614907,0.0417940876656473,0.8305084745762712,0.9024390243902439,57027,43153,926395,689083,8157,6252,265067239.60385835,0.06155797473000178,0.06262380584051558,0.8569624914514178,0.8551201538711097,59,41,1117,841,49,10,161,1068,37,4,136,804,0.16304347826086957,0.1763506625891947,0.8305084745762712,0.9024390243902439,0.043867502238137866,0.04399524375743163,59,41,455582.89085805963,90300.0,0.06155797473000178,0.06262380584051558,0.8569624914514178,0.8551201538711097
904,0.0,89948.0,2195,151.8719091304727,151.97232044997426,117.54708287877621,117.61270673637476,0.10041131950157478,0.0656238575985526,1.5301038856299944,0.001008370184643558,0.0007668380205954661,0.000887604102619512,34.3596137135995,45,36,1283,912,6,4,440954.83976207295,0.03507404520654715,0.039473684210526314,0.8666666666666667,0.8888888888888888,57072,43189,927678,689995,8163,6256,265508194.4436204,0.061521346846642906,0.0625932071971536,0.8569701429772918,0.8551483016508833,45,36,1134,774,39,6,143,1095,32,4,134,742,0.14185502727981295,0.18201754385964913,0.8666666666666667,0.8888888888888888,0.03439153439153439,0.041343669250646,45,36,440954.83976207295,90400.0,0.061521346846642906,0.0625932071971536,0.8569701429772918,0.8551483016508833
905,0.0,90047.5,2186,151.97232044997426,152.05405065645053,117.61270673637476,117.66656111686959,0.08173020647626572,0.05385438049482616,1.5176148295702263,0.0010081590596492144,0.000766585761793646,0.0008873724107214302,34.38748953958094,54,37,1284,902,8,5,439370.0499948365,0.04205607476635514,0.041019955654102,0.8518518518518519,0.8648648648648649,57126,43226,928962,690897,8171,6261,265947564.49361524,0.06149444218385682,0.06256504225666054,0.8569653047649056,0.8551566187017073,54,37,1097,776,46,8,179,1051,32,5,121,744,0.17523364485981308,0.1696230598669623,0.8518518518518519,0.8648648648648649,0.041932543299908843,0.041237113402061855,54,37,439370.0499948365,90500.0,0.06149444218385682,0.06256504225666054,0.8569653047649056,0.8551566187017073
906,0.0,90147.0,2255,152.05405065645053,152.15658124346177,117.66656111686959,117.73254425927038,0.10253058701124473,0.06598314240079617,1.5538906344964798,0.0010081779854885778,0.0007664679313987391,0.0008873229584436585,34.42403698419139,53,42,1303,952,5,1,453450.80530347215,0.04067536454336147,0.04411764705882353,0.9056603773584906,0.9761904761904762,57179,43268,930265,691849,8176,6262,266401015.29891872,0.061465281398311235,0.06253965822021858,0.8570104408961332,0.8552741055745585,53,42,1146,814,48,5,152,1098,41,1,137,773,0.15349194167306215,0.1869747899159664,0.9056603773584906,0.9761904761904762,0.041884816753926704,0.05036855036855037,53,42,453450.80530347215,90600.0,0.061465281398311235,0.06253965822021858,0.8570104408961332,0.8552741055745585
907,0.0,90246.5,2262,152.15658124346177,152.2325813898895,117.73254425927038,117.78789401373092,0.0760001464277309,0.05534975446053636,1.3730891341517693,0.0010079043619811783,0.0007662331239160562,0.0008870687429486173,34.44468737615858,47,36,1296,966,6,7,455075.467815607,0.036265432098765434,0.037267080745341616,0.8723404255319149,0.8055555555555556,57226,43304,931561,692815,8182,6269,266856090.76673433,0.06143022303424038,0.06250442037196077,0.8570230314891832,0.8552327729539997,47,36,1121,821,41,6,169,1080,29,7,138,792,0.16203703703703703,0.17287784679089027,0.8723404255319149,0.8055555555555556,0.036574487065120426,0.03532277710109622,47,36,455075.467815607,90700.0,0.06143022303424038,0.06250442037196077,0.8570230314891832,0.8552327729539997
908,0.0,90346.0,2169,152.23463137768218,152.30715900915789,117.78789401373092,117.85037333283854,0.07252763147570818,0.06247931910762361,1.1608262143634418,0.001007615674570058,0.0007660773530649111,0.0008868465138174845,34.45678567631934,53,47,1189,980,8,11,436580.5216050995,0.044575273338940284,0.04795918367346939,0.8490566037735849,0.7659574468085106,57279,43351,932750,693795,8190,6280,267292671.28833944,0.06140873760385956,0.06248387491982502,0.8570156601895983,0.8551359830223063,53,47,1034,837,45,8,147,989,36,11,132,801,0.1614802354920101,0.17142857142857143,0.8490566037735849,0.7659574468085106,0.043520309477756286,0.043010752688172046,53,47,436580.5216050995,90800.0,0.06140873760385956,0.06248387491982502,0.8570156601895983,0.8551359830223063
909,0.0,90445.5,2259,152.30715900915789,152.38260471738633,117.85037333283854,117.92781380459884,0.07544570822844321,0.07744047176029767,0.9742413303210643,0.0010073371722683136,0.0007660865140820046,0.0008867118431751591,34.45479091278749,63,43,1319,940,8,7,454963.720655597,0.047763457164518575,0.045744680851063826,0.873015873015873,0.8372093023255813,57342,43394,934069,694735,8198,6287,267747635.00899503,0.06138946908633088,0.06246122622294832,0.8570332391615221,0.8551182191086325,63,43,1154,806,55,8,157,1099,36,7,127,770,0.1607278241091736,0.17340425531914894,0.873015873015873,0.8372093023255814,0.047660311958405546,0.04466501240694789,63,43,454963.720655597,90900.0,0.06138946908633088,0.06246122622294832,0.8570332391615221,0.8551182191086325
910,0.0,90545.0,2177,152.38260471738633,152.46333421481154,117.92781380459884,117.98077222852282,0.08072949742521018,0.05295842392398242,1.5243938819080212,0.0010071173456770869,0.000765826621472288,0.0008864719835746874,34.482561986288715,50,41,1253,924,3,6,438715.8101604797,0.03990422984836393,0.044372294372294376,0.94,0.8536585365853658,57392,43435,935322,695659,8201,6293,268186350.8191555,0.06136068648016405,0.06243719983497662,0.8571055199330917,0.8551168412570508,50,41,1094,790,47,3,156,1047,35,6,128,755,0.16201117318435754,0.1764069264069264,0.94,0.8536585365853658,0.04296160877513711,0.04430379746835443,50,41,438715.8101604797,91000.0,0.06136068648016405,0.06243719983497662,0.8571055199330917,0.8551168412570508
911,0.0,90644.5,2329,152.46333421481154,152.57981704384014,117.98077222852282,118.06489444497798,0.11648282902859819,0.08412221645515672,1.3846856863393755,0.0010072904641673273,0.0007659093827709479,0.0008865999234691376,34.51492259886216,51,45,1363,966,4,7,469586.34252347914,0.03741746148202495,0.046583850931677016,0.9215686274509804,0.8444444444444444,57443,43480,936685,696625,8205,6300,268655937.16167897,0.06132584593539984,0.062415216221065856,0.8571627526417492,0.8551057957681693,51,45,1167,816,47,4,192,1120,38,7,143,778,0.17534849596478358,0.1873706004140787,0.9215686274509803,0.8444444444444444,0.04027420736932305,0.04656862745098039,51,45,469586.34252347914,91100.0,0.06132584593539984,0.062415216221065856,0.8571627526417492,0.8551057957681693
912,0.0,90744.0,2223,152.57981704384014,152.67211780139007,118.06489444497798,118.11765706334047,0.0923007575499355,0.052762618362493185,1.7493589290016809,0.0010071980487192263,0.0007656481073332878,0.000886423078026257,34.5544607380496,46,35,1298,925,5,3,448452.80021452205,0.03543913713405239,0.03783783783783784,0.8913043478260869,0.9142857142857143,57489,43515,937983,697550,8210,6303,269104389.9618935,0.06129002337995465,0.06238262490144076,0.857190071144045,0.8551533953809032,46,35,1136,797,41,5,157,1095,32,3,125,765,0.15254237288135594,0.16972972972972972,0.8913043478260869,0.9142857142857143,0.03609154929577465,0.04015056461731493,46,35,448452.80021452205,91200.0,0.06129002337995465,0.06238262490144076,0.857190071144045,0.8551533953809032
913,0.0,90843.5,2222,152.67211780139007,152.73537688127712,118.11765706334047,118.18726544821173,0.06325907988704671,0.06960838487125898,0.9087853425136162,0.0010067877450501697,0.0007655719142789387,0.0008861798296645542,34.54811143306539,59,36,1291,931,4,4,448528.9065195952,0.045701006971340045,0.03866809881847476,0.9322033898305084,0.8888888888888888,57548,43551,939274,698481,8214,6307,269552918.8684131,0.06126859680987656,0.06235101599041348,0.8572669771321332,0.8551812817156896,59,36,1129,791,55,4,158,1074,32,4,136,759,0.16498838109992253,0.18045112781954886,0.9322033898305084,0.8888888888888888,0.048715677590788306,0.040455120101137804,59,36,448528.9065195952,91300.0,0.06126859680987656,0.06235101599041348,0.8572669771321332,0.8551812817156896
914,0.0,90943.0,2263,152.73751305679866,152.85451714140288,118.18726544821173,118.25023582925024,0.1170040846042184,0.06297038103851094,1.858081254624487,0.0010069897306696526,0.0007654232620864948,0.0008862064963780737,34.60428131215264,59,28,1314,949,8,5,457009.96176332794,0.04490106544901065,0.029504741833508957,0.864406779661017,0.8214285714285714,57607,43579,940588,699430,8222,6312,270009928.8301764,0.06124573139355382,0.06230644953748052,0.8572742895828632,0.8551595952178802,59,28,1143,815,51,8,163,1092,23,5,129,792,0.1628614916286149,0.1601685985247629,0.864406779661017,0.8214285714285714,0.04461942257217848,0.02822085889570552,59,28,457009.96176332794,91400.0,0.06124573139355382,0.06230644953748052,0.8572742895828632,0.8551595952178802
915,0.0,91042.5,2282,152.85451714140288,152.92375653040304,118.25023582925024,118.30804333985017,0.06923938900015969,0.057807510599928946,1.1977576664621983,0.0010066459100787587,0.0007652185100033394,0.0008859322100410491,34.61571319055287,54,33,1285,997,9,3,461052.92452586547,0.04202334630350195,0.033099297893681046,0.8333333333333334,0.9090909090909091,57661,43612,941873,700427,8231,6315,270470981.75470227,0.061219506239163876,0.062264875568760196,0.8572518686807374,0.8552004035586536,54,33,1121,864,45,9,155,1076,30,3,130,834,0.1556420233463035,0.160481444332999,0.8333333333333334,0.9090909090909091,0.04014272970561998,0.034722222222222224,54,33,461052.92452586547,91500.0,0.061219506239163876,0.062264875568760196,0.8572518686807374,0.8552004035586536
916,0.0,91142.0,2306,152.92375653040304,153.00295973632186,118.30804333985017,118.37807795688657,0.07920320591881591,0.07003461703639857,1.1309150998520092,0.0010064116154817164,0.0007651476886718553,0.0008857796520767859,34.624881779435285,57,41,1278,1028,5,4,466163.0027562978,0.04460093896713615,0.03988326848249027,0.9122807017543859,0.9024390243902439,57718,43653,943151,701455,8236,6319,270937144.75745857,0.06119698754494243,0.062232074758894015,0.8573062129664922,0.8552447712642888,57,41,1109,885,52,5,164,1057,37,4,139,848,0.16901408450704225,0.17120622568093385,0.9122807017543859,0.9024390243902439,0.046889089269612265,0.04180790960451977,57,41,466163.0027562978,91600.0,0.06119698754494243,0.062232074758894015,0.8573062129664922,0.8552447712642888
917,0.0,91241.5,2206,153.00295973632186,153.0661297256074,118.37807795688657,118.43365857470373,0.06316998928554085,0.05558061781715651,1.1365470872121481,0.0010060029876489724,0.000764919399129325,0.0008854611933891487,34.63247115090367,60,41,1239,967,6,5,446204.7611797685,0.048426150121065374,0.04239917269906929,0.9,0.8780487804878049,57778,43694,944390,702422,8242,6324,271383349.5186383,0.0611802327428287,0.06220477149064238,0.857350548651736,0.8552661692680917,60,41,1061,825,54,6,172,1007,36,5,137,789,0.1824051654560129,0.17890382626680454,0.9,0.8780487804878049,0.05089538171536286,0.04363636363636364,60,41,446204.7611797685,91700.0,0.0611802327428287,0.06220477149064238,0.857350548651736,0.8552661692680917
918,0.0,91341.0,2232,153.0661297256074,153.15300192040357,118.43448626472494,118.50133072030404,0.0868721947961717,0.06684445557910124,1.2996170593890226,0.0010058534440327554,0.0007648233229385558,0.0008853383834856556,34.65167120009953,54,41,1310,922,11,3,451727.4233933057,0.04122137404580153,0.044468546637744036,0.7962962962962963,0.926829268292683,57832,43735,945700,703344,8253,6327,271835076.9420316,0.0611525853864862,0.06218152141768466,0.857293539908701,0.8553332571167257,54,41,1158,797,43,11,141,1115,38,3,122,759,0.14045801526717558,0.1735357917570499,0.7962962962962963,0.926829268292683,0.037132987910189985,0.04767879548306148,54,41,451727.4233933057,91800.0,0.0611525853864862,0.06218152141768466,0.857293539908701,0.8553332571167257
919,0.0,91440.5,2231,153.15300192040357,153.23528235879712,118.50133072030404,118.55862772484589,0.08228043839355337,0.05729700454185149,1.4360338564200719,0.0010056542611599619,0.0007646145598509388,0.0008851344105054503,34.67665463395123,43,39,1303,928,8,3,451756.8008297323,0.03300076745970836,0.04202586206896552,0.813953488372093,0.9230769230769231,57875,43774,947003,704272,8261,6330,272286833.74286133,0.061113850748096894,0.06215496285526047,0.8572613390928726,0.8553936126467766,43,39,1136,813,35,8,159,1101,36,3,112,777,0.1488871834228703,0.15948275862068967,0.813953488372093,0.9230769230769231,0.030809859154929578,0.04428044280442804,43,39,451756.8008297323,91900.0,0.061113850748096894,0.06215496285526047,0.8572613390928726,0.8553936126467766
920,0.0,91540.0,2203,153.2370953081423,153.30688420272637,118.55862772484589,118.60307247512898,0.06978889458406456,0.04444475028309114,1.57023932274439,0.0010053394396144536,0.0007642665521802648,0.0008848029958973592,34.70381172759738,59,49,1272,931,8,9,446272.9098519585,0.046383647798742135,0.05263157894736842,0.864406779661017,0.8163265306122449,57934,43823,948275,705203,8269,6339,272733106.6527133,0.061094091903719915,0.06214239020537349,0.8572686160113232,0.8553499304018438,59,49,1089,809,51,8,175,1038,40,9,113,769,0.17767295597484276,0.16433941997851773,0.864406779661017,0.8163265306122449,0.046831955922865015,0.049443757725587144,59,49,446272.9098519585,92000.0,0.061094091903719915,0.06214239020537349,0.8572686160113232,0.8553499304018438
921,0.0,91639.5,2336,153.30688420272637,153.39444468930273,118.60695647693494,118.65368884453612,0.08756048657636484,0.04673236760118016,1.8736582602366079,0.001005198576884974,0.0007639863102062052,0.0008845924435455896,34.74075584476661,54,31,1392,944,7,0,473331.7216726812,0.03879310344827586,0.03283898305084746,0.8703703703703703,1.0,57988,43854,949667,706147,8276,6339,273206438.37438595,0.06106140362885096,0.06210321646909213,0.8572808167207009,0.8554521822410727,54,31,1207,808,47,7,178,1160,31,0,136,777,0.16163793103448276,0.17690677966101695,0.8703703703703703,1.0,0.03893951946975974,0.038366336633663366,54,31,473331.7216726812,92100.0,0.06106140362885096,0.06210321646909213,0.8572808167207009,0.8554521822410727
922,0.0,91739.0,2300,153.39444468930273,153.47829323624973,118.65368884453612,118.71117696988323,0.08384854694699584,0.057488125347106234,1.4585368098320934,0.0010050177600656519,0.000763781207107794,0.0008843994835867229,34.7671162663665,52,43,1353,947,8,9,466203.54930153774,0.038433111603843315,0.0454065469904963,0.8461538461538461,0.7906976744186046,58040,43897,951020,707094,8284,6348,273672641.9236875,0.061029210742150536,0.06208085487926641,0.8572708476912474,0.8553887509396998,52,43,1141,809,44,8,204,1097,34,9,129,775,0.18329637841832963,0.17212249208025343,0.8461538461538461,0.7906976744186046,0.03856266432953549,0.042027194066749075,52,43,466203.54930153774,92200.0,0.061029210742150536,0.06208085487926641,0.8572708476912474,0.8553887509396998
923,0.0,91838.5,2338,153.47829323624973,153.56229209005534,118.71117696988323,118.7769404699774,0.08399885380561045,0.06576350009417808,1.2772868488647657,0.0010048389635087618,0.0007636662058010052,0.0008842525846548835,34.78535162007793,63,31,1344,994,10,6,474110.2280115898,0.046875,0.03118712273641851,0.8412698412698413,0.8064516129032258,58103,43928,952364,708088,8294,6354,274146752.1516991,0.061009235964400166,0.06203748686603925,0.857253498098205,0.8553542159898015,63,31,1145,856,53,10,189,1092,25,6,132,831,0.1800595238095238,0.1579476861167002,0.8412698412698413,0.8064516129032258,0.0462882096069869,0.029205607476635514,63,31,474110.2280115898,92300.0,0.061009235964400166,0.06203748686603925,0.857253498098205,0.8553542159898015
924,0.0,91938.0,2311,153.56229209005534,153.62893024658172,118.7769404699774,118.84176660602036,0.0666381565263805,0.06482613604295295,1.027952005071333,0.0010044726676232154,0.000763541308782205,0.0008840069882027101,34.78716364056136,47,28,1296,1015,6,2,468963.5100400602,0.036265432098765434,0.027586206896551724,0.8723404255319149,0.9285714285714286,58150,43956,953660,709103,8300,6356,274615715.6617392,0.06097560975609756,0.06198817379139561,0.8572656921754085,0.8554008554008554,47,28,1134,872,41,6,156,1093,26,2,141,846,0.15200617283950618,0.16453201970443349,0.8723404255319149,0.9285714285714286,0.036155202821869487,0.02981651376146789,47,28,468963.5100400602,92400.0,0.06097560975609756,0.06198817379139561,0.8572656921754085,0.8554008554008554
925,0.0,92037.5,2263,153.62893024658172,153.7146238839737,118.84427922994973,118.91721073997115,0.08569363739198366,0.0729315100214194,1.1749878395060807,0.0010043131689273198,0.0007635314709775841,0.000883922319952452,34.79741314400255,39,46,1289,974,8,7,459500.36200422456,0.030256012412723042,0.04722792607802875,0.7948717948717949,0.8478260869565217,58189,44002,954949,710077,8308,6363,275075216.0237434,0.06093414412706857,0.06196792742195565,0.857223873928062,0.8553929366846962,39,46,1113,835,31,8,168,1082,39,7,132,796,0.15438324282389448,0.175564681724846,0.7948717948717948,0.8478260869565217,0.027852650494159928,0.046706586826347304,39,46,459500.36200422456,92500.0,0.06093414412706857,0.06196792742195565,0.857223873928062,0.8553929366846962
926,0.0,92137.0,2378,153.71609852542431,153.77834524703266,118.91721073997115,118.99076270788913,0.062246721608346434,0.0735519679179788,0.8462958010553929,0.001003916733140778,0.0007635012206624678,0.0008837089769016229,34.78758253914353,65,34,1369,1009,9,4,483204.30201343,0.04747991234477721,0.03369672943508424,0.8615384615384616,0.8823529411764706,58254,44036,956318,711086,8317,6367,275558420.32575685,0.06091488396119282,0.0619278118258551,0.8572286881587531,0.8554137523844128,65,34,1170,878,56,9,190,1114,30,4,127,848,0.17969320672023376,0.155599603567889,0.8615384615384616,0.8823529411764706,0.04786324786324787,0.03416856492027335,65,34,483204.30201343,92600.0,0.06091488396119282,0.0619278118258551,0.8572286881587531,0.8554137523844128
927,0.0,92236.5,2257,153.77834524703266,153.83418846165554,118.99076270788913,119.05316808458083,0.05584321462288244,0.0624053766917001,0.8948462069023866,0.001003436167243354,0.0007633507919097757,0.0008833934795765649,34.78102037707471,64,35,1312,945,9,8,458977.00576233014,0.04878048780487805,0.037037037037037035,0.859375,0.7714285714285715,58318,44071,957630,712031,8326,6375,276017397.3315192,0.060898259244175725,0.06189477705324628,0.8572310435886005,0.8553470536180254,64,35,1143,810,55,9,160,1088,27,8,127,783,0.1638719512195122,0.16296296296296298,0.859375,0.7714285714285715,0.048118985126859144,0.03333333333333333,64,35,458977.00576233014,92700.0,0.060898259244175725,0.06189477705324628,0.8572310435886005,0.8553470536180254
928,0.0,92336.0,2210,153.83418846165554,153.93460493262666,119.05316808458083,119.09964995757487,0.10041647097111195,0.046481872994036166,2.1603361590871315,0.0010034369523106684,0.0007630290978774811,0.0008832330250940748,34.83495497505179,56,38,1286,924,7,6,449578.2724110939,0.04354587869362364,0.04112554112554113,0.875,0.8421052631578947,58374,44109,958916,712955,8333,6381,276466975.6039303,0.06087498800729157,0.06186785982284997,0.857248089903039,0.8553356457865742,56,38,1114,777,49,7,165,1065,32,6,141,745,0.16640746500777606,0.18722943722943722,0.875,0.8421052631578947,0.04398563734290844,0.04118404118404118,56,38,449578.2724110939,92800.0,0.06087498800729157,0.06186785982284997,0.857248089903039,0.8553356457865742
929,0.0,92435.5,2264,153.93460493262666,154.02232633350206,119.09964995757487,119.14429288681814,0.08772140087540947,0.04464292924326685,1.964956206108268,0.0010033010826190037,0.0007626883015314695,0.0008829946920752365,34.87803344668393,64,44,1340,924,11,5,460648.4901572979,0.04776119402985075,0.047619047619047616,0.828125,0.8863636363636364,58438,44153,960256,713879,8344,6386,276927624.0940876,0.06085668821647561,0.06184941705807287,0.8572161949416476,0.8553665662582384,64,44,1153,810,53,11,176,1100,39,5,109,771,0.1708955223880597,0.16017316017316016,0.828125,0.8863636363636364,0.04596704249783174,0.04814814814814815,64,44,460648.4901572979,92900.0,0.06085668821647561,0.06184941705807287,0.8572161949416476,0.8553665662582384
930,0.0,92535.0,2348,154.02232633350206,154.1096448664657,119.14756120807391,119.21981065877449,0.08731853296362146,0.07224945070058197,1.2085701983464092,0.0010031611732071943,0.0007626802256368803,0.0008829206994220374,34.889834207691194,52,41,1369,979,8,9,477979.4344508597,0.03798392987582177,0.04187946884576098,0.8461538461538461,0.7804878048780488,58490,44194,961625,714858,8352,6395,277405603.52853847,0.06082412582867542,0.061822068158991016,0.8572063600615489,0.8552970991537313,52,41,1181,856,44,8,180,1137,32,9,114,824,0.16362308254200147,0.1491317671092952,0.8461538461538461,0.7804878048780488,0.03725656223539373,0.037383177570093455,52,41,477979.4344508597,93000.0,0.06082412582867542,0.061822068158991016,0.8572063600615489,0.8552970991537313
931,0.0,92634.5,2282,154.1096448664657,154.17605243334063,119.22159316871715,119.26487838806655,0.06640756687494331,0.043285219349399995,1.534185753776568,0.001002796956768464,0.0007623450989637157,0.0008825710278660898,34.91117404527408,47,40,1310,972,10,6,464774.9153660762,0.03587786259541985,0.0411522633744856,0.7872340425531915,0.85,58537,44234,962935,715830,8362,6401,277870378.4439045,0.06079018833046883,0.06179400136904013,0.8571501785195688,0.8552923090835104,47,40,1128,837,37,10,172,1091,34,6,129,803,0.15954198473282444,0.16769547325102882,0.7872340425531915,0.85,0.03280141843971631,0.04062126642771804,47,40,464774.9153660762,93100.0,0.06079018833046883,0.06179400136904013,0.8571501785195688,0.8552923090835104
932,0.0,92734.0,2321,154.17605243334063,154.24786396215572,119.26487838806655,119.31700748527312,0.07181152881508979,0.052129097206574215,1.3775709280081938,0.001002491504334325,0.0007620864571966577,0.0008822889807654913,34.930856476882596,73,36,1326,995,13,6,472893.9832866444,0.05505279034690799,0.036180904522613064,0.821917808219178,0.8333333333333334,58610,44270,964261,716825,8375,6407,278343272.42719114,0.06078229856854109,0.061758448714818816,0.8571062958539498,0.8552744522249831,73,36,1133,873,60,13,180,1073,30,6,116,843,0.18099547511312217,0.14673366834170853,0.821917808219178,0.8333333333333334,0.0529567519858782,0.03436426116838488,73,36,472893.9832866444,93200.0,0.06078229856854109,0.061758448714818816,0.8571062958539498,0.8552744522249831
933,0.0,92833.5,2302,154.24786396215572,154.3213244887366,119.31700748527312,119.39433332904817,0.07346052658087387,0.07732584377504281,0.9500126089097203,0.001002204380820364,0.0007620984314523424,0.0008821514061363531,34.92699115968843,35,31,1310,992,4,6,469303.5950349724,0.026717557251908396,0.03125,0.8857142857142857,0.8064516129032258,58645,44301,965571,717817,8379,6413,278812576.0222261,0.06073608258740165,0.06171628702022939,0.8571233694262086,0.8552402880296156,35,31,1139,856,31,4,167,1108,25,6,130,831,0.15114503816793892,0.15625,0.8857142857142857,0.8064516129032258,0.027216856892010536,0.029205607476635514,35,31,469303.5950349724,93300.0,0.06073608258740165,0.06171628702022939,0.8571233694262086,0.8552402880296156
934,0.0,92933.0,2198,154.3213244887366,154.39299389317696,119.39433332904817,119.43557428202442,0.07166940444037095,0.04124095297625274,1.7378212497087409,0.0010018986952353354,0.0007617240321999978,0.0008818113637176666,34.957419611152545,37,38,1243,955,5,2,448348.48539641954,0.029766693483507644,0.039790575916230364,0.8648648648648649,0.9473684210526316,58682,44339,966814,718772,8384,6415,279260924.50762254,0.06069626629320635,0.061687155314898184,0.8571282505708735,0.8553192449085455,37,38,1071,822,32,5,167,1039,36,2,131,786,0.16009654062751408,0.17486910994764399,0.8648648648648649,0.9473684210526315,0.029878618113912233,0.043795620437956206,37,38,448348.48539641954,93400.0,0.06069626629320635,0.061687155314898184,0.8571282505708735,0.8553192449085455
935,0.0,93032.5,2273,154.39559277079582,154.4557061231336,119.43557428202442,119.49721827505827,0.06011335233779391,0.06164399303385437,0.9751696698943587,0.0010014978648656362,0.0007615686481338359,0.000881533256499736,34.958487848075336,57,27,1320,953,8,2,463787.5215132722,0.04318181818181818,0.02833158447009444,0.8596491228070176,0.9259259259259259,58739,44366,968134,719725,8392,6417,279724712.0291358,0.06067238626057963,0.06164298864149501,0.8571306968113179,0.8553622143082541,57,27,1137,832,49,8,175,1088,25,2,119,807,0.1696969696969697,0.15110178384050368,0.8596491228070176,0.9259259259259259,0.04309586631486367,0.030048076923076924,57,27,463787.5215132722,93500.0,0.06067238626057963,0.06164298864149501,0.8571306968113179,0.8553622143082541
936,0.0,93132.0,2255,154.4557061231336,154.5161539922658,119.49926235794757,119.54324085315184,0.060447869132190135,0.04397849520427144,1.3744869816809715,0.0010010736990819357,0.0007612467006261456,0.0008811601998540406,34.972913139113956,46,31,1259,996,2,3,460418.4558842075,0.03653693407466243,0.03112449799196787,0.9565217391304348,0.9032258064516129,58785,44397,969393,720721,8394,6420,280185130.48502004,0.060641040321108154,0.06160081362968472,0.8572084715488645,0.8553956348401919,46,31,1094,841,44,2,163,1050,28,3,152,813,0.16441620333598095,0.18072289156626506,0.9565217391304348,0.9032258064516129,0.04021937842778794,0.03329369797859691,46,31,460418.4558842075,93600.0,0.060641040321108154,0.06160081362968472,0.8572084715488645,0.8553956348401919
937,0.0,93231.5,2232,154.51708627898,154.58643421440186,119.54324085315184,119.60291345929795,0.06934793542185957,0.059672606146108365,1.1621402164346764,0.0010007553730651572,0.0007610711183004624,0.0008809132456828098,34.98352075510391,34,40,1290,942,6,7,455912.32692917786,0.02635658914728682,0.04246284501061571,0.8235294117647058,0.825,58819,44437,970683,721663,8400,6427,280641042.8119492,0.060595477617306576,0.06157583248690871,0.8571890035532737,0.8553682741859261,34,40,1130,820,28,6,154,1102,33,7,115,787,0.14108527131782947,0.15711252653927812,0.8235294117647058,0.825,0.024778761061946902,0.04024390243902439,34,40,455912.32692917786,93700.0,0.060595477617306576,0.06157583248690871,0.8571890035532737,0.8553682741859261
938,0.0,93331.0,2265,154.5887872687973,154.64374813686993,119.60504152367238,119.66488638833246,0.05496086807264078,0.059844864660078656,0.9183890444872892,0.00100029949230995,0.0007609204340489109,0.0008806099631794304,34.97886174853747,48,30,1311,954,6,3,462901.09964309074,0.036613272311212815,0.031446540880503145,0.875,0.9,58867,44467,971994,722617,8406,6430,281103943.9115923,0.060563131048134045,0.06153605575290922,0.8572035265938471,0.8553983853194503,48,30,1128,825,42,6,177,1086,27,3,126,798,0.16704805491990846,0.16037735849056603,0.875,0.9,0.03723404255319149,0.03272727272727273,48,30,462901.09964309074,93800.0,0.060563131048134045,0.06153605575290922,0.8572035265938471,0.8553983853194503
939,0.0,93430.5,2175,154.64374813686993,154.71070671337426,119.66488638833246,119.69972688465378,0.06695857650433368,0.03484049632132269,1.9218605810547664,0.0009999472945173336,0.0007604811204484469,0.0008802142074828903,35.01097982872048,57,35,1249,926,2,4,444695.69024149486,0.045636509207365894,0.03779697624190065,0.9649122807017544,0.8857142857142857,58924,44502,973243,723543,8408,6434,281548639.6018338,0.06054397514289853,0.06150567416172916,0.8573077184169439,0.8554222282144622,57,35,1099,808,55,2,148,1044,31,4,114,777,0.16253002401921537,0.15658747300215983,0.9649122807017544,0.8857142857142857,0.05004549590536852,0.038366336633663366,57,35,444695.69024149486,93900.0,0.06054397514289853,0.06150567416172916,0.8573077184169439,0.8554222282144622
940,0.0,93530.0,2278,154.71070671337426,154.80485899938148,119.69972688465378,119.75441506818092,0.09415228600721548,0.05468818352713356,1.7216202831184142,0.0009998851408636687,0.0007602538871663435,0.0008800695140150062,35.05044393120056,52,42,1316,962,10,5,465905.6918534097,0.03951367781155015,0.04365904365904366,0.8076923076923077,0.8809523809523809,58976,44544,974559,724505,8418,6439,282014545.2936872,0.06051557678909127,0.06148197735005279,0.8572639717851329,0.8554463002873564,52,42,1137,834,42,10,169,1095,37,5,123,797,0.16033434650455927,0.16632016632016633,0.8076923076923077,0.8809523809523809,0.036939313984168866,0.04436450839328537,52,42,465905.6918534097,94000.0,0.06051557678909127,0.06148197735005279,0.8572639717851329,0.8554463002873564
941,0.0,93629.5,2367,154.80485899938148,154.87792208765435,119.75441506818092,119.81760497998214,0.07306308827287467,0.06318991180121714,1.156246087234883,0.000999599004563844,0.0007601174846486453,0.0008798582446062446,35.06031710767222,48,46,1326,1041,6,3,484300.7741185368,0.03619909502262444,0.04418828049951969,0.875,0.9347826086956522,59024,44590,975885,725546,8424,6442,282498846.06780577,0.060482536364428185,0.06145716467322541,0.8572783952290594,0.8555281453240637,48,46,1152,889,42,6,168,1110,43,3,149,846,0.1583710407239819,0.1844380403458213,0.875,0.9347826086956522,0.036458333333333336,0.048368953880764905,48,46,484300.7741185368,94100.0,0.060482536364428185,0.06145716467322541,0.8572783952290594,0.8555281453240637
942,0.0,93729.0,2272,154.87792208765435,154.94783209249493,119.81992019028556,119.87371745351771,0.06991000484057963,0.0537972632321555,1.299508574235302,0.0009992800035488142,0.0007599062396918587,0.0008795931216203364,35.07411463897722,46,35,1338,934,8,5,465161.69057076855,0.0343796711509716,0.03747323340471092,0.8260869565217391,0.8571428571428572,59070,44625,977223,726480,8432,6447,282964007.75837654,0.06044679668816637,0.06142632969937232,0.8572541052987981,0.8555294117647059,46,35,1161,812,38,8,169,1123,30,5,117,782,0.1547085201793722,0.15738758029978586,0.8260869565217391,0.8571428571428571,0.03273040482342808,0.03694581280788178,46,35,465161.69057076855,94200.0,0.06044679668816637,0.06142632969937232,0.8572541052987981,0.8555294117647059
943,0.0,93828.5,2196,154.94783209249493,155.01122549794832,119.87371745351771,119.93751858825388,0.06339340545338246,0.06380113473616689,0.9936093725531608,0.0009988925741224995,0.0007597769768155807,0.0008793347754690401,35.07370690969444,37,32,1288,908,5,5,449834.13115982525,0.02872670807453416,0.03524229074889868,0.8648648648648649,0.84375,59107,44657,978511,727388,8437,6452,283413841.8895364,0.06040504399030772,0.061393644107408975,0.8572588695078417,0.855520970956401,37,32,1106,780,32,5,177,1074,27,5,123,753,0.1622670807453416,0.16519823788546256,0.8648648648648649,0.84375,0.028933092224231464,0.03461538461538462,37,32,449834.13115982525,94300.0,0.06040504399030772,0.061393644107408975,0.8572588695078417,0.855520970956401
944,0.0,93928.0,2271,155.01122549794832,155.10135554014948,119.93751858825388,119.98124139308248,0.09013004220116727,0.04372280482860447,2.061396622528711,0.0009987891926054328,0.0007594352936285791,0.000879112243117006,35.120114147067,52,47,1280,991,7,7,465332.0155836665,0.040625,0.04742684157416751,0.8653846153846154,0.851063829787234,59159,44704,979791,728379,8444,6459,283879173.9051201,0.06037920331989169,0.06137464149845067,0.8572660119339407,0.8555162848962061,52,47,1110,868,45,7,163,1065,40,7,116,828,0.1625,0.1574167507568113,0.8653846153846154,0.851063829787234,0.04054054054054054,0.04608294930875576,52,47,465332.0155836665,94400.0,0.06037920331989169,0.06137464149845067,0.8572660119339407,0.8555162848962061
945,0.0,94027.5,2314,155.10135554014948,155.19192590638534,119.98124139308248,120.03786855347525,0.0905703662358519,0.05662716039276461,1.5994156445009435,0.0009986906893988223,0.0007592308876077315,0.0008789607885032769,35.15405735291009,50,36,1326,988,9,3,474303.6709594159,0.03770739064856712,0.03643724696356275,0.8200000000000001,0.9166666666666666,59209,44740,981117,729367,8453,6462,284353477.5760795,0.06034856189424911,0.061340861322215015,0.8572345420459727,0.8555654894948592,50,36,1138,846,41,9,179,1097,33,3,139,813,0.16591251885369532,0.17408906882591094,0.82,0.9166666666666666,0.03602811950790861,0.03900709219858156,50,36,474303.6709594159,94500.0,0.06034856189424911,0.061340861322215015,0.8572345420459727,0.8555654894948592
946,0.0,94127.0,2309,155.19192590638534,155.2596217480181,120.03786855347525,120.08986617198012,0.06769584163276932,0.0519976185048705,1.3019027328420512,0.000998350591858578,0.0007589779756599947,0.0008786642837592864,35.169755576037986,57,40,1383,926,6,6,473473.3683075447,0.04121475054229935,0.04319654427645788,0.8947368421052632,0.85,59266,44780,982500,730293,8459,6468,284826950.944387,0.060321628498727735,0.06131785461451773,0.8572706104680592,0.8555605180884324,57,40,1187,795,51,6,190,1136,34,6,125,761,0.1742588575560376,0.1717062634989201,0.8947368421052632,0.85,0.04296545914069082,0.042767295597484274,57,40,473473.3683075447,94600.0,0.060321628498727735,0.06131785461451773,0.8572706104680592,0.8555605180884324
947,0.0,94226.5,2261,155.2596217480181,155.33857248969304,120.08986617198012,120.15869286000205,0.07895074167493021,0.06882668802192882,1.1470948834524157,0.0009981300605226653,0.0007589033071326022,0.0008785166838276338,35.17987962969099,45,36,1283,978,1,9,463877.5996367606,0.03507404520654715,0.03680981595092025,0.9777777777777777,0.75,59311,44816,983783,731271,8460,6477,285290828.54402375,0.060288701878361384,0.06128507762512119,0.8573620407681544,0.8554757229560871,45,36,1119,846,44,1,163,1075,27,9,123,819,0.16134060795011693,0.15337423312883436,0.9777777777777777,0.75,0.03932082216264522,0.031914893617021274,45,36,463877.5996367606,94700.0,0.060288701878361384,0.06128507762512119,0.8573620407681544,0.8554757229560871
948,0.0,94326.0,2242,155.33857248969304,155.39033356991956,120.15869286000205,120.21946764027673,0.0517610802265267,0.060774780274684304,0.8516868344497783,0.0009976231836679634,0.000758743860398018,0.0008781835220329907,35.17086592964283,53,48,1283,959,9,9,460280.1876162859,0.041309431021044424,0.05005213764337852,0.8301886792452831,0.8125,59364,44864,985066,732230,8469,6486,285751108.73164004,0.06026398231184509,0.06127036586864783,0.857337780473014,0.8554297432239657,53,48,1116,800,44,9,158,1072,39,9,150,761,0.15744349181605613,0.19708029197080293,0.8301886792452831,0.8125,0.03942652329749104,0.04875,53,48,460280.1876162859,94800.0,0.06026398231184509,0.06127036586864783,0.857337780473014,0.8554297432239657
949,0.0,94425.5,2291,155.39033356991956,155.48640937958626,120.21946764027673,120.26146862904194,0.0960758096667007,0.04200098876520997,2.2874654262016256,0.0009975843374224408,0.0007583869225974428,0.0008779856300099417,35.22494075054432,51,38,1347,944,3,7,470494.6708575182,0.0378619153674833,0.04025423728813559,0.9411764705882353,0.8157894736842105,59415,44902,986413,733174,8472,6493,286221603.40249753,0.060233391084667375,0.06124330650023051,0.8574097450138853,0.8553961961605274,51,38,1161,797,48,3,183,1113,31,7,140,766,0.1714922048997773,0.18114406779661016,0.9411764705882353,0.8157894736842105,0.041343669250646,0.03889585947302384,51,38,470494.6708575182,94900.0,0.060233391084667375,0.06124330650023051,0.8574097450138853,0.8553961961605274
950,0.0,94525.0,2293,155.48916424776246,155.5578275259029,120.26146862904194,120.3058905702959,0.06866327814043416,0.04442194125395815,1.5457063829761384,0.0009972860186074344,0.0007580562199552767,0.0008776711192813555,35.25193695560699,71,36,1342,951,11,3,471015.0419790333,0.05290611028315946,0.03785488958990536,0.8450704225352113,0.9166666666666666,59486,44938,987755,734125,8483,6496,286692618.44447654,0.06022343597349545,0.06121300868380725,0.8573950173149985,0.8554452801637812,71,36,1148,807,60,11,183,1088,33,3,141,774,0.1810730253353204,0.1829652996845426,0.8450704225352113,0.9166666666666666,0.05226480836236934,0.040892193308550186,71,36,471015.0419790333,95000.0,0.06022343597349545,0.06121300868380725,0.8573950173149985,0.8554452801637812
951,0.0,94624.5,2319,155.5578275259029,155.61634968272767,120.3058905702959,120.36928818648103,0.058522156824778904,0.06339761618512796,0.9230971185712696,0.0009968527226554263,0.000757925746708059,0.0008773892346817427,35.247061496246644,59,43,1308,1011,3,5,476632.5549576608,0.04510703363914373,0.04253214638971316,0.9491525423728814,0.8837209302325582,59545,44981,989063,735136,8486,6501,287169250.99943423,0.060203445078827134,0.06118731772080268,0.8574859350071374,0.8554723105311132,59,43,1134,873,56,3,171,1078,38,5,133,835,0.1735474006116208,0.16913946587537093,0.9491525423728814,0.8837209302325582,0.04938271604938271,0.043528064146620846,59,43,476632.5549576608,95100.0,0.060203445078827134,0.06118731772080268,0.8574859350071374,0.8554723105311132
952,0.0,94724.0,2231,155.61827094604345,155.69438125510686,120.36928818648103,120.44184355962715,0.07611030906340943,0.07255537314611615,1.048996177169872,0.0009966252678246872,0.0007578917424903626,0.0008772585051575249,35.25253769547972,45,46,1267,964,3,6,458783.9310420001,0.035516969218626675,0.04771784232365145,0.9333333333333333,0.8695652173913043,59590,45027,990330,736100,8489,6507,287628034.93047625,0.06017186190461765,0.06116967803287597,0.8575432119483135,0.8554867079752149,45,46,1115,827,42,3,149,1073,40,6,131,787,0.15074980268350435,0.17738589211618258,0.9333333333333333,0.8695652173913043,0.03766816143497758,0.04836759371221282,45,46,458783.9310420001,95200.0,0.06017186190461765,0.06116967803287597,0.8575432119483135,0.8554867079752149
953,0.0,94823.5,2333,155.69438125510686,155.76267298612956,120.44184355962715,120.49729225886186,0.06829173102269692,0.055448699234716514,1.2316200734234604,0.0009962960884358125,0.0007576783062362775,0.0008769871973360449,35.2653807272677,55,39,1362,971,8,9,480051.0184055405,0.04038179148311307,0.04016477857878476,0.8545454545454545,0.7692307692307692,59645,45066,991692,737071,8497,6516,288108085.9488818,0.06014468201820727,0.06114200667235585,0.8575404476485875,0.855412062308614,55,39,1188,822,47,8,166,1141,30,9,140,792,0.15638766519823788,0.17507723995880536,0.8545454545454545,0.7692307692307693,0.03956228956228956,0.0364963503649635,55,39,480051.0184055405,95300.0,0.06014468201820727,0.06114200667235585,0.8575404476485875,0.855412062308614
954,0.0,94923.0,2305,155.76267298612956,155.85259035399704,120.49729225886186,120.55746070843256,0.08991736786748561,0.060168449570696225,1.4944272041086126,0.000996194282974847,0.0007575147907116136,0.0008768545368432303,35.29512964556449,56,34,1339,966,6,4,474512.0997009526,0.041822255414488425,0.035196687370600416,0.8928571428571429,0.8823529411764706,59701,45100,993031,738037,8503,6520,288582598.04858273,0.06011997611353523,0.06110804742851646,0.8575735749819936,0.8554323725055433,56,34,1176,829,50,6,157,1126,30,4,133,799,0.15459297983569828,0.16873706004140787,0.8928571428571429,0.8823529411764706,0.04251700680272109,0.03618817852834741,56,34,474512.0997009526,95400.0,0.06011997611353523,0.06110804742851646,0.8575735749819936,0.8554323725055433
955,0.0,95022.5,2212,155.85259035399704,155.9637717901914,120.55746070843256,120.61952214306655,0.11118143619435727,0.062061434633989165,1.791473833147044,0.0009963153511203641,0.0007573714394609626,0.0008768433952906634,35.344249647124855,65,44,1271,941,6,11,455557.5441582871,0.05114083398898505,0.04675876726886291,0.9076923076923077,0.75,59766,45144,994302,738978,8509,6531,289038155.592741,0.06010849822287394,0.061089775338372725,0.8576280828564735,0.8553296119085593,65,44,1101,811,59,6,164,1042,33,11,119,778,0.17545239968528717,0.16153028692879914,0.9076923076923077,0.75,0.053587647593097185,0.040690505548705305,65,44,455557.5441582871,95500.0,0.06010849822287394,0.061089775338372725,0.8576280828564735,0.8553296119085593
956,0.0,95122.0,2297,155.9637717901914,156.0490487297654,120.61952214306655,120.67622369409314,0.08527693957398697,0.0567015510265918,1.503961320811029,0.000996165198447372,0.0007571723223802146,0.0008766687604137933,35.37282503567225,67,40,1324,973,7,5,473240.8856873439,0.05060422960725076,0.041109969167523124,0.8955223880597015,0.875,59833,45184,995626,739951,8516,6536,289511396.47842836,0.06009585928852802,0.061063502853567334,0.8576705162702856,0.8553470254957507,67,40,1152,845,60,7,165,1092,35,5,123,810,0.16993957703927492,0.16238437821171633,0.8955223880597015,0.875,0.052083333333333336,0.04142011834319527,67,40,473240.8856873439,95600.0,0.06009585928852802,0.061063502853567334,0.8576705162702856,0.8553470254957507
957,0.0,95221.5,2238,156.0490487297654,156.11416851699698,120.67622369409314,120.74380813029603,0.06511978723159473,0.06758443620289256,0.9635322995978126,0.0009958047310219473,0.0007570873401854902,0.0008764460356037187,35.37036038670095,72,36,1284,954,10,6,461363.94313250924,0.056074766355140186,0.03773584905660377,0.8611111111111112,0.8333333333333334,59905,45220,996910,740905,8526,6542,289972760.4215609,0.060090680201823635,0.06103346582895243,0.8576746515315917,0.8553295002211411,72,36,1100,820,62,10,174,1038,30,6,128,790,0.1838006230529595,0.16561844863731656,0.8611111111111112,0.8333333333333334,0.056363636363636366,0.036585365853658534,72,36,461363.94313250924,95700.0,0.060090680201823635,0.06103346582895243,0.8576746515315917,0.8553295002211411
958,0.0,95321.0,2204,156.11416851699698,156.19251585463144,120.74380813029603,120.83531299901769,0.07834733763445456,0.09150486872165686,0.856209497144623,0.0009955830907769814,0.0007572522267690299,0.0008764176587730057,35.35720285561375,52,48,1253,951,8,5,454700.03882906743,0.041500399042298484,0.050473186119873815,0.8461538461538461,0.8958333333333334,59957,45268,998163,741856,8534,6547,290427460.46039,0.060067343710395994,0.06101992839580727,0.8576646596727655,0.855372448528762,52,48,1057,818,44,8,188,1013,43,5,128,775,0.18515562649640863,0.17981072555205047,0.8461538461538461,0.8958333333333334,0.041627246925260174,0.05256723716381418,52,48,454700.03882906743,95800.0,0.060067343710395994,0.06101992839580727,0.8576646596727655,0.855372448528762
959,0.0,95420.5,2213,156.19251585463144,156.26673085492143,120.83531299901769,120.90735820702503,0.07421500028999617,0.0720452080073386,1.0301170937342086,0.0009953188226978604,0.000757213853310536,0.0008762663380041982,35.35937264789641,72,51,1245,968,10,5,456982.705515753,0.05783132530120482,0.05268595041322314,0.8611111111111112,0.9019607843137255,60029,45319,999408,742824,8544,6552,290884443.1659057,0.06006455821846533,0.06100906809688432,0.8576687934165154,0.8554248769831638,72,51,1106,859,62,10,129,1044,46,5,104,813,0.1534136546184739,0.15495867768595042,0.8611111111111112,0.9019607843137255,0.05605786618444846,0.05355064027939464,72,51,456982.705515753,95900.0,0.06006455821846533,0.06100906809688432,0.8576687934165154,0.8554248769831638
960,0.0,95520.0,2247,156.2673975215881,156.35927854760828,120.90735820702503,120.97730499105563,0.09188102602018944,0.06994678403060561,1.313584710055953,0.000995246070723038,0.0007571537012136564,0.0008761998859683472,35.38197355655265,66,46,1341,906,13,10,464222.60373502027,0.049217002237136466,0.05077262693156733,0.803030303030303,0.782608695652174,60095,45365,1000749,743730,8557,6562,291348665.76964074,0.06005002253312269,0.06099659822785151,0.857608786088693,0.8553510415518571,66,46,1150,780,53,13,178,1097,36,10,116,744,0.17225950782997762,0.16777041942604856,0.803030303030303,0.782608695652174,0.04608695652173913,0.046153846153846156,66,46,464222.60373502027,96000.0,0.06005002253312269,0.06099659822785151,0.857608786088693,0.8553510415518571
961,0.0,95619.5,2261,156.35927854760828,156.4587573223037,120.97730499105563,121.04103740417135,0.09947877469542732,0.06373241311571576,1.560881972487197,0.0009952455937992412,0.0007570290086329524,0.0008761373012160968,35.41771991813236,78,50,1270,991,7,5,467359.6834547562,0.06141732283464567,0.050454086781029264,0.9102564102564102,0.9,60173,45415,1002019,744721,8564,6567,291816025.4530955,0.06005175550563412,0.060982569311191705,0.8576770312266299,0.85540019817241,78,50,1128,838,71,7,135,1057,45,5,148,793,0.16220472440944883,0.19475277497477295,0.9102564102564102,0.9,0.06294326241134751,0.05369928400954654,78,50,467359.6834547562,96100.0,0.06005175550563412,0.060982569311191705,0.8576770312266299,0.85540019817241
962,0.0,95719.0,2273,156.4587573223037,156.56364155595597,121.04103740417135,121.12328248716597,0.10488423365225685,0.08224508299461775,1.2752644879587591,0.000995301307669016,0.0007570970146842136,0.0008761991611766148,35.44035906879,82,56,1292,981,6,6,470145.1864127389,0.06346749226006192,0.05708460754332314,0.926829268292683,0.8928571428571429,60255,45471,1003311,745702,8570,6573,292286170.63950825,0.060056154073861445,0.06097744139079686,0.8577711393245374,0.8554463284291087,82,56,1143,847,76,6,143,1067,50,6,128,797,0.16950464396284828,0.18144750254842,0.926829268292683,0.8928571428571429,0.06649168853893263,0.0590318772136954,82,56,470145.1864127389,96200.0,0.060056154073861445,0.06097744139079686,0.8577711393245374,0.8554463284291087
963,0.0,95818.5,2224,156.56364155595597,156.67221489946579,121.12328248716597,121.20681132275445,0.10857334350981773,0.08352883558848134,1.2998306841570533,0.0009953952143433972,0.0007571782102617843,0.0008762867123025908,35.46540357671134,87,62,1278,946,16,6,460330.8861633798,0.06807511737089202,0.06553911205073996,0.8160919540229885,0.9032258064516129,60342,45533,1004589,746648,8586,6579,292746501.5256716,0.06006635549463512,0.06098322100909666,0.857711047031918,0.8555113873454417,87,62,1084,828,71,16,178,1013,56,6,112,772,0.19483568075117372,0.17758985200845667,0.8160919540229885,0.9032258064516129,0.06549815498154982,0.06763285024154589,87,62,460330.8861633798,96300.0,0.06006635549463512,0.06098322100909666,0.857711047031918,0.8555113873454417
964,0.0,95918.0,2245,156.67221489946579,156.7931146707112,121.20681132275445,121.30666371352946,0.12089977124540496,0.09985239077501262,1.2107849427242687,0.000995616793698284,0.0007574285688691373,0.0008765226812837107,35.48645095718173,86,61,1325,920,9,10,465046.95413415716,0.0649056603773585,0.06630434782608696,0.8953488372093024,0.8360655737704918,60428,45594,1005914,747568,8595,6589,293211548.47980577,0.0600727298755162,0.060989769492541146,0.8577646124313232,0.8554853708821336,86,61,1167,792,77,9,149,1090,51,10,118,741,0.17056603773584905,0.18369565217391304,0.8953488372093024,0.8360655737704918,0.06598114824335904,0.06439393939393939,86,61,465046.95413415716,96400.0,0.0600727298755162,0.060989769492541146,0.8577646124313232,0.8554853708821336
965,0.0,96017.5,2344,156.79431884151103,156.9397196447498,121.30666371352946,121.42087995358064,0.14540080323877191,0.11421624005117792,1.2730309032552711,0.0009961042889798256,0.0007578272567775753,0.0008769657728787004,35.51883969116916,99,64,1361,983,16,12,486001.2491852389,0.07274063188831742,0.06510681586978637,0.8383838383838383,0.8125,60527,45658,1007275,748551,8611,6601,293697549.72899103,0.06008984636767516,0.0609951760133912,0.8577329125844664,0.8554251171755224,99,64,1175,832,83,16,170,1092,52,12,139,780,0.18589272593681117,0.1943031536113937,0.8383838383838383,0.8125,0.07063829787234042,0.0625,99,64,486001.2491852389,96500.0,0.06008984636767516,0.0609951760133912,0.8577329125844664,0.8554251171755224
966,0.0,96117.0,2361,156.9397196447498,157.13180749213146,121.42282932314238,121.52833441620739,0.19208784738165718,0.10550509306500544,1.820649997088814,0.0009970616121525344,0.000758155121549304,0.0008776083668509192,35.60347307592407,95,82,1356,1005,12,6,489857.2492352937,0.0700589970501475,0.08159203980099503,0.8736842105263158,0.926829268292683,60622,45740,1008631,749556,8623,6607,294187406.9782263,0.06010324885909713,0.06102279215962517,0.8577579096697568,0.8555531263664189,95,82,1192,877,83,12,152,1109,76,6,122,801,0.1733038348082596,0.19701492537313434,0.8736842105263158,0.926829268292683,0.06963087248322147,0.08665906499429875,95,82,489857.2492352937,96600.0,0.06010324885909713,0.06102279215962517,0.8577579096697568,0.8555531263664189
967,0.0,96216.5,2302,157.1333048948635,157.30218103763232,121.52833441620739,121.66046481660024,0.16887614276882346,0.13213040039285318,1.2781021041843283,0.0009977924020624167,0.0007587374885424572,0.0008782649453024369,35.641716221032084,128,81,1281,1021,24,8,478095.2629433065,0.09992193598750976,0.07933398628795299,0.8125,0.9012345679012346,60750,45821,1009912,750577,8647,6615,294665502.24116963,0.060153755970817256,0.06104770063564431,0.8576625514403292,0.8556338796621636,128,81,1118,897,104,24,139,1014,73,8,116,824,0.18969555035128804,0.1851126346718903,0.8125,0.9012345679012346,0.09302325581395349,0.08138238573021182,128,81,478095.2629433065,96700.0,0.060153755970817256,0.06104770063564431,0.8576625514403292,0.8556338796621636
968,0.0,96316.0,2381,157.30218103763232,157.4979637332786,121.6635356706854,121.78943495243132,0.1957826956462725,0.12589928174591591,1.5550739681056485,0.0009987841732963013,0.000759286004936846,0.0008790350891165737,35.708528780847274,129,83,1419,962,12,11,494969.48669315997,0.09090909090909091,0.08627858627858628,0.9069767441860466,0.8674698795180723,60879,45904,1011331,751539,8659,6626,295160471.7278628,0.06019690882609156,0.06107999717912178,0.8577670461078533,0.8556552805855699,129,83,1255,830,117,12,152,1138,72,11,121,758,0.18957011980267793,0.20062370062370063,0.9069767441860465,0.8674698795180723,0.09322709163346614,0.08674698795180723,129,83,494969.48669315997,96800.0,0.06019690882609156,0.06107999717912178,0.8577670461078533,0.8556552805855699
969,0.0,96415.5,2269,157.4979637332786,157.68237785526387,121.79206181240191,121.9352728847398,0.18441412198527019,0.1432110723378912,1.287708547773211,0.0009996565747891356,0.0007600074634695065,0.000879832019129321,35.74710497052406,134,82,1309,960,24,8,472172.1542628114,0.10236822001527884,0.08541666666666667,0.8208955223880597,0.9024390243902439,61013,45986,1012640,752499,8683,6634,295632643.8821256,0.06025142202559646,0.06111104466584009,0.8576860669037746,0.8557387030835472,134,82,1146,833,110,24,139,1036,74,8,119,759,0.19022154316271964,0.20104166666666667,0.8208955223880597,0.9024390243902439,0.09598603839441536,0.08883553421368548,134,82,472172.1542628114,96900.0,0.06025142202559646,0.06111104466584009,0.8576860669037746,0.8557387030835472
970,0.0,96515.0,2322,157.68237785526387,157.8853573903557,121.9352728847398,122.08413495626321,0.20297953509182776,0.14886207152341058,1.3635409813567352,0.0010007185735274131,0.0007607586111517381,0.0008807385923395757,35.80122243409248,129,106,1288,1034,13,11,483772.9011510412,0.10015527950310558,0.10251450676982592,0.8992248062015504,0.8962264150943396,61142,46092,1013928,753533,8696,6645,296116416.7832767,0.06030211218153557,0.061167858607386806,0.8577737071080436,0.8558318146316064,129,106,1094,882,116,13,181,978,95,11,141,787,0.23059006211180125,0.22823984526112184,0.8992248062015504,0.8962264150943396,0.10603290676416818,0.10770975056689343,129,106,483772.9011510412,97000.0,0.06030211218153557,0.061167858607386806,0.8577737071080436,0.8558318146316064
971,0.0,96614.5,2260,157.8853573903557,158.08909720969191,122.08413495626321,122.23538259014242,0.20373981933622076,0.15124763387920837,1.3470612009635436,0.001001786214742485,0.0007615327797692873,0.0008816594972558861,35.85371461954949,149,94,1323,937,16,5,471359.1149016339,0.1126228269085412,0.10032017075773746,0.8926174496644296,0.9468085106382979,61291,46186,1015251,754470,8712,6650,296587775.89817834,0.060370292666542556,0.06121648309409254,0.8578584131438547,0.8560169748408608,149,94,1149,825,133,16,158,1016,89,5,107,736,0.2199546485260771,0.20917822838847386,0.8926174496644296,0.9468085106382979,0.11575282854656223,0.10787878787878788,149,94,471359.1149016339,97100.0,0.060370292666542556,0.06121648309409254,0.8578584131438547,0.8560169748408608
972,0.0,96714.0,2327,158.0900385885162,158.29435641051714,122.23538259014242,122.37899812253987,0.20431782200094517,0.1436155323974475,1.422672176123037,0.0010028672906617336,0.0007622268358847248,0.0008825470632732291,35.91535828797727,135,117,1361,966,17,19,485900.4960433141,0.09919177075679647,0.12111801242236025,0.8740740740740741,0.8376068376068376,61426,46303,1016612,755436,8729,6669,297073676.39422166,0.0604222653283652,0.06129308108165351,0.857894051378895,0.8559704554780467,135,117,1188,831,118,17,156,1070,98,19,116,733,0.20132255694342396,0.22153209109730848,0.8740740740740741,0.8376068376068376,0.09932659932659933,0.11793020457280386,135,117,485900.4960433141,97200.0,0.0604222653283652,0.06129308108165351,0.857894051378895,0.8559704554780467
973,0.0,96813.5,2304,158.29435641051714,158.54451512833748,122.38245087094195,122.54291172188908,0.2501587178203408,0.16046085094713192,1.5590015654520133,0.0010044075988709235,0.0007631280785955237,0.0008837678387332236,36.001603406448396,159,86,1300,1004,24,7,481674.8432483159,0.12230769230769231,0.08565737051792828,0.8490566037735849,0.9186046511627907,61585,46389,1017912,756440,8753,6676,297555351.23747,0.06050130070182884,0.06132541906826715,0.857871234878623,0.8560865722477311,159,86,1114,877,135,24,162,979,79,7,120,798,0.22846153846153847,0.19820717131474103,0.8490566037735849,0.9186046511627907,0.12118491921005387,0.09007981755986318,159,86,481674.8432483159,97300.0,0.06050130070182884,0.06132541906826715,0.857871234878623,0.8560865722477311
974,0.0,96913.0,2253,158.54451512833748,158.73790994859596,122.54598984517968,122.7084050160786,0.19339482025847587,0.16241517089892454,1.190743569015673,0.0010053619526735045,0.0007640436893381312,0.0008847028210058178,36.029504932517355,147,106,1286,967,17,20,471639.3872073859,0.11430793157076205,0.10961737331954498,0.8843537414965986,0.8113207547169812,61732,46495,1019198,757407,8770,6696,298026990.62467736,0.06056919263970298,0.0613870745847345,0.8579342966370764,0.8559845144639209,147,106,1106,826,130,17,163,976,86,20,121,740,0.22783825816485226,0.2140641158221303,0.8843537414965986,0.8113207547169812,0.11754068716094032,0.10411622276029056,147,106,471639.3872073859,97400.0,0.06056919263970298,0.0613870745847345,0.8579342966370764,0.8559845144639209
975,0.0,97012.5,2344,158.73933615716314,158.9361929259203,122.70955333386547,122.91834802697664,0.19685676875715785,0.20879469311117305,0.9428245796091244,0.0010063644837715248,0.0007654133164352003,0.0008858889001033625,36.01784489894365,135,123,1336,1008,22,19,491419.8933922977,0.10104790419161677,0.12202380952380952,0.837037037037037,0.8455284552845528,61867,46618,1020534,758415,8792,6715,298518410.5180697,0.06062218407226021,0.061467666119472845,0.857888696720384,0.8559569265090737,135,123,1145,863,113,22,169,1032,104,19,126,759,0.21107784431137724,0.22817460317460317,0.837037037037037,0.8455284552845529,0.09868995633187773,0.1205098493626883,135,123,491419.8933922977,97500.0,0.06062218407226021,0.061467666119472845,0.857888696720384,0.8559569265090737
976,0.0,97112.0,2343,158.9371343047446,159.15549310138132,122.92005586662602,123.10039727048354,0.2183587966367213,0.1803414038575255,1.210807900825872,0.0010075803006473843,0.000766494340122325,0.0008870373203848546,36.055095830897784,141,111,1348,995,14,16,492175.1808312801,0.10459940652818991,0.11155778894472362,0.900709219858156,0.8558558558558559,62008,46729,1021882,759410,8806,6731,299010585.69890094,0.06068019595217452,0.06153329558473025,0.857986066314024,0.8559566864259882,141,111,1162,861,127,14,172,1035,95,16,118,766,0.2218100890207715,0.21407035175879396,0.900709219858156,0.8558558558558559,0.10929432013769363,0.11033681765389082,141,111,492175.1808312801,97600.0,0.06068019595217452,0.06153329558473025,0.857986066314024,0.8559566864259882
977,0.0,97211.5,2260,159.15706332812118,159.40250317252315,123.10331796975723,123.27605106644515,0.24543984440197164,0.1727330966879208,1.420919610127821,0.001009077250914294,0.0007675076908075796,0.0008882924708609368,36.126452106078005,182,127,1299,961,30,17,475530.73245825263,0.1401077752117013,0.13215400624349635,0.8351648351648352,0.8661417322834646,62190,46856,1023181,760371,8836,6748,299486116.4313592,0.06078103483156939,0.061622550044649255,0.8579192796269497,0.8559842922998122,182,127,1117,841,152,30,152,965,110,17,103,731,0.2340261739799846,0.22164412070759626,0.8351648351648352,0.8661417322834646,0.1360787824529991,0.13079667063020214,182,127,475530.73245825263,97700.0,0.06078103483156939,0.061622550044649255,0.8579192796269497,0.8559842922998122
978,0.0,97311.0,2430,159.40250317252315,159.65076568169872,123.27605106644515,123.45270861267876,0.2482625091755608,0.17665754623361352,1.4053320362961244,0.0010105839460480786,0.0007685292324962591,0.0008895565892721689,36.19805706901995,168,132,1410,1020,22,21,511916.805194575,0.11914893617021277,0.12941176470588237,0.8690476190476191,0.8409090909090909,62358,46988,1024591,761391,8858,6769,299998033.2365537,0.0608613583371316,0.061713364092824845,0.8579492607203567,0.8559419426236485,168,132,1252,888,146,22,136,1106,111,21,111,777,0.2,0.21764705882352942,0.8690476190476191,0.8409090909090909,0.11661341853035144,0.125,168,132,511916.805194575,97800.0,0.0608613583371316,0.061713364092824845,0.8579492607203567,0.8559419426236485
979,0.0,97410.5,2325,159.65225340874585,159.87958960668212,123.45270861267876,123.61526416355294,0.22733619793626758,0.16255555087417406,1.3985139031778553,0.0010118890076454086,0.0007694046423800645,0.0008906468250127366,36.26432544312918,167,111,1349,976,28,16,490438.5205686927,0.12379540400296515,0.11372950819672131,0.8323353293413174,0.8558558558558559,62525,47099,1025940,762367,8886,6785,300488471.7571224,0.06094410979199563,0.061779956372718124,0.8578808476609356,0.8559417397396972,167,111,1161,858,139,28,160,1022,95,16,102,763,0.22164566345441067,0.20184426229508196,0.8323353293413174,0.8558558558558559,0.11972437553832903,0.11072261072261072,167,111,490438.5205686927,97900.0,0.06094410979199563,0.061779956372718124,0.8578808476609356,0.8559417397396972
980,0.0,97510.0,2305,159.87958960668212,160.08439213313403,123.61734093416851,123.79358815100275,0.204802526451914,0.17624721683424127,1.1620184995291511,0.0010129462895401777,0.0007704391681271238,0.0008916927288336507,36.29080398213128,162,127,1315,990,17,17,486861.036921667,0.12319391634980989,0.12828282828282828,0.8950617283950617,0.8661417322834646,62687,47226,1027255,763357,8903,6802,300975332.7940441,0.06102379642834545,0.061866204148255666,0.8579769330164149,0.8559691695252615,162,127,1121,854,145,17,177,976,110,17,119,744,0.24486692015209124,0.2313131313131313,0.8950617283950617,0.8661417322834646,0.12934879571810884,0.1288056206088993,162,127,486861.036921667,98000.0,0.06102379642834545,0.061866204148255666,0.8579769330164149,0.8559691695252615
981,0.0,97609.5,2429,160.08439213313403,160.28475586873762,123.79664518004803,123.96870893836608,0.2003637356035881,0.1720637583180462,1.1644737832195413,0.0010139561683031701,0.0007714389323529201,0.0008926975503280451,36.31604693037154,152,108,1363,1066,25,15,513847.55584817415,0.11151870873074102,0.10131332082551595,0.8355263157894737,0.8611111111111112,62839,47334,1028618,764423,8928,6817,301489180.34989226,0.061090706170803935,0.06192121377823535,0.8579226276675314,0.8559809016774411,152,108,1174,914,127,25,164,1047,93,15,137,821,0.21349963316214232,0.21575984990619138,0.8355263157894737,0.8611111111111112,0.10817717206132879,0.10175054704595186,152,108,513847.55584817415,98100.0,0.061090706170803935,0.06192121377823535,0.8579226276675314,0.8559809016774411
982,0.0,97709.0,2374,160.28816644165096,160.53060132374503,123.9729896702269,124.14296233031276,0.2424348820940736,0.1699726600858611,1.426316926331614,0.0010154271442520204,0.000772427827451814,0.0008939274858519172,36.387638993432276,134,113,1368,1006,14,15,502967.45386959205,0.097953216374269,0.11232604373757456,0.8955223880597015,0.8672566371681416,62973,47447,1029986,765429,8942,6832,301992147.80376184,0.061139665976042396,0.06198746062665512,0.8580026360503707,0.8560077560225093,134,113,1196,886,120,14,158,1076,98,15,105,788,0.20321637426900585,0.20178926441351888,0.8955223880597015,0.8672566371681416,0.10033444816053512,0.11060948081264109,134,113,502967.45386959205,98200.0,0.061139665976042396,0.06198746062665512,0.8580026360503707,0.8560077560225093
983,0.0,97808.5,2445,160.53403384727545,160.71873947378018,124.14296233031276,124.27947539148398,0.1847056265047229,0.13651306117122886,1.3530253070293832,0.0010163080744209924,0.0007730307804368195,0.0008946694274289059,36.43926408229619,163,105,1406,1039,24,15,518637.33344701637,0.11593172119487909,0.10105871029836382,0.852760736196319,0.8571428571428572,63136,47552,1031392,766468,8966,6847,302510785.1372089,0.06121435884707269,0.062040424388232776,0.8579891028890015,0.8560102624495289,163,105,1223,907,139,24,159,1084,90,15,117,817,0.2119487908961593,0.19923002887391722,0.852760736196319,0.8571428571428571,0.11365494685200327,0.09922822491730982,163,105,518637.33344701637,98300.0,0.06121435884707269,0.062040424388232776,0.8579891028890015,0.8560102624495289
984,0.0,97908.0,2431,160.7200183290882,160.90030766126029,124.27947539148398,124.40733361297889,0.18028933217209442,0.127858221494904,1.4100722664852658,0.001017120446169346,0.0007735445522198605,0.0008953324991946033,36.4929740482814,162,114,1380,1051,21,11,516116.9408845193,0.11739130434782609,0.10846812559467174,0.8703703703703703,0.9035087719298246,63298,47666,1032772,767519,8987,6858,303026902.0780934,0.06128942302850968,0.062104000031269584,0.8580207905463048,0.856123861872194,162,114,1194,912,141,21,165,1053,103,11,128,809,0.2217391304347826,0.219790675547098,0.8703703703703703,0.9035087719298246,0.11809045226130653,0.11293859649122807,162,114,516116.9408845193,98400.0,0.06128942302850968,0.062104000031269584,0.8580207905463048,0.856123861872194
985,0.0,98007.5,2360,160.90030766126029,161.103777266025,124.40733361297889,124.54906509825679,0.203469604764706,0.14173148527790147,1.4355991850769847,0.0010181535178459733,0.0007741981261290575,0.0008961758219875154,36.5547121677682,143,96,1365,995,12,9,501577.4222591593,0.10476190476190476,0.0964824120603015,0.916083916083916,0.90625,63441,47762,1034137,768514,8999,6867,303528479.50035256,0.061346804146839344,0.062148509981600854,0.8581516684793745,0.8562246137096436,143,96,1175,881,131,12,178,1044,87,9,105,794,0.22637362637362637,0.192964824120603,0.916083916083916,0.90625,0.11148936170212766,0.09875141884222474,143,96,501577.4222591593,98500.0,0.061346804146839344,0.062148509981600854,0.8581516684793745,0.8562246137096436
986,0.0,98107.0,2323,161.103777266025,161.2837978278891,124.5528318892903,124.67842069524636,0.18002056186409732,0.12558880595605615,1.4334124804649149,0.001018946674134812,0.0007747248582221271,0.0008968357661784695,36.60537713264273,114,99,1326,997,13,7,494241.4393089772,0.08597285067873303,0.09929789368104312,0.8859649122807017,0.9292929292929293,63555,47861,1035463,769511,9012,6874,304022720.93966156,0.061378339931026024,0.06219664176340559,0.858201557705924,0.8563757547899125,114,99,1152,883,101,13,161,1051,92,7,107,791,0.1975867269984917,0.1995987963891675,0.8859649122807017,0.9292929292929293,0.0876736111111111,0.10419026047565119,114,99,494241.4393089772,98600.0,0.061378339931026024,0.06219664176340559,0.858201557705924,0.8563757547899125
987,0.0,98206.5,2407,161.2837978278891,161.4531462010416,124.67842069524636,124.81893706825062,0.16934837315250206,0.14051637300426023,1.205186054349465,0.0010196300956721882,0.0007753636007467679,0.000897496848209478,36.63420913279097,124,95,1399,1008,12,7,512577.4951048102,0.08863473909935668,0.09424603174603174,0.9032258064516129,0.9263157894736842,63679,47956,1036862,770519,9024,6881,304535298.43476635,0.061415115994221024,0.06223856906838118,0.8582892319288934,0.8565143047793811,124,95,1232,869,112,12,155,1120,88,7,132,781,0.1908506075768406,0.21825396825396826,0.9032258064516129,0.9263157894736842,0.09090909090909091,0.10126582278481013,124,95,512577.4951048102,98700.0,0.061415115994221024,0.06223856906838118,0.8582892319288934,0.8565143047793811
988,0.0,98306.0,2445,161.45457178073227,161.6412216062863,124.81973725442278,124.9719512339045,0.18664982555404208,0.1522139794817292,1.2262331369928234,0.0010205016786243896,0.0007761275461473673,0.0008983146123858784,36.6692703723818,125,94,1360,1085,16,11,521330.8251690999,0.09191176470588236,0.08663594470046083,0.872,0.8829787234042553,63804,48050,1038222,771604,9040,6892,305056629.25993544,0.06145506452377237,0.06227287572381688,0.8583160930349194,0.8565660770031218,125,94,1162,933,109,16,182,1053,83,11,141,850,0.2139705882352941,0.2064516129032258,0.872,0.8829787234042553,0.09380378657487091,0.08896034297963558,125,94,521330.8251690999,98800.0,0.06145506452377237,0.06227287572381688,0.8583160930349194,0.8565660770031218
989,0.0,98405.5,2400,161.6412216062863,161.80167895019662,124.9719512339045,125.08852190242399,0.1604573439103092,0.11657066851948628,1.3764812876876202,0.0010210922466329625,0.0007765214583203172,0.0008988068524766399,36.713157047772626,104,77,1416,984,11,14,512270.62593749433,0.07344632768361582,0.0782520325203252,0.8942307692307693,0.8181818181818181,63908,48127,1039638,772588,9051,6906,305568899.88587296,0.06147139677464656,0.062293227438168855,0.8583745383989485,0.8565046647412056,104,77,1223,846,93,11,182,1130,63,14,124,783,0.1942090395480226,0.19004065040650406,0.8942307692307693,0.8181818181818182,0.07604251839738348,0.07446808510638298,104,77,512270.62593749433,98900.0,0.06147139677464656,0.062293227438168855,0.8583745383989485,0.8565046647412056
990,0.0,98505.0,2342,161.80362680403482,161.95559721714042,125.08852190242399,125.17588541711933,0.15197041310560166,0.08736351469534043,1.7395180772609997,0.0010216155702923615,0.0007766195529553001,0.0008991175616238308,36.77971180002109,111,97,1329,1013,19,13,500231.08263937547,0.0835214446952596,0.09575518262586377,0.8288288288288288,0.865979381443299,64019,48224,1040967,773601,9070,6919,306069130.96851236,0.061499548016411665,0.06233704454880488,0.8583233102672644,0.8565237226277372,111,97,1157,899,92,19,153,1065,84,13,101,815,0.18434913468773514,0.18262586377097728,0.8288288288288288,0.865979381443299,0.07951598962834917,0.09343715239154617,111,97,500231.08263937547,99000.0,0.061499548016411665,0.06233704454880488,0.8583233102672644,0.8565237226277372
991,0.0,98604.5,2274,161.95559721714042,162.09650269503092,125.17990853059389,125.28955779094835,0.1409054778904988,0.10964926035445899,1.2850563463446905,0.001022006528121436,0.0007769829275116421,0.0008994947278165391,36.80694490408257,107,70,1310,964,11,13,486139.8125640298,0.0816793893129771,0.07261410788381743,0.897196261682243,0.8142857142857143,64126,48294,1042277,774565,9081,6932,306555270.7810764,0.061524911323957064,0.06234983506871599,0.8583881732838474,0.8564625005176627,107,70,1129,809,96,11,170,1033,57,13,142,752,0.20305343511450383,0.20643153526970953,0.897196261682243,0.8142857142857143,0.08503100088573959,0.07045735475896168,107,70,486139.8125640298,99100.0,0.061524911323957064,0.06234983506871599,0.8583881732838474,0.8564625005176627
992,0.0,98704.0,2431,162.09650269503092,162.23458634118174,125.28955779094835,125.38040975223187,0.13808364615081814,0.09085196128351924,1.5198752365940045,0.001022368251844608,0.000777115524976686,0.000899741888410647,36.85417658894987,108,78,1380,1051,13,10,520041.6688115552,0.0782608695652174,0.07421503330161751,0.8796296296296297,0.8717948717948718,64234,48372,1043657,775616,9094,6942,307075312.44988793,0.06154704083812977,0.06236591302912781,0.8584238876607404,0.8564872240138923,108,78,1204,919,95,13,163,1109,68,10,122,851,0.18695652173913044,0.1807802093244529,0.8796296296296297,0.8717948717948718,0.07890365448504984,0.07399347116430903,108,78,520041.6688115552,99200.0,0.06154704083812977,0.06236591302912781,0.8584238876607404,0.8564872240138923
993,0.0,98803.5,2355,162.23790463525066,162.35601741839687,125.38040975223187,125.48045596652666,0.11811278314621632,0.10004621429479243,1.18058223370841,0.0010225615474340408,0.0007773404460421152,0.000899950996738078,36.87556145187021,108,81,1311,1044,11,19,504165.536374819,0.08237986270022883,0.07758620689655173,0.8981481481481481,0.7654320987654322,64342,48453,1044968,776660,9105,6961,307579477.98626274,0.061573177360455054,0.062386372415213866,0.8584905660377359,0.8563350050564464,108,81,1134,886,97,11,166,1037,62,19,139,824,0.20061022120518687,0.1925287356321839,0.8981481481481481,0.7654320987654321,0.0855379188712522,0.06997742663656885,108,81,504165.536374819,99300.0,0.061573177360455054,0.062386372415213866,0.8584905660377359,0.8563350050564464
994,0.0,98903.0,2394,162.35601741839687,162.4581781285548,125.48045596652666,125.58205903852385,0.10216071015793204,0.10160307199718943,1.0054883986259593,0.0010225605872269436,0.0007775805771024067,0.0009000705821646752,36.876119090030954,94,65,1347,1047,15,10,512924.81221101654,0.06978470675575353,0.06208213944603629,0.8404255319148937,0.8461538461538461,64436,48518,1046315,777707,9120,6971,308092402.7984738,0.06158374867989085,0.062385962836903876,0.8584642125519896,0.856321365266499,94,65,1170,895,79,15,162,1091,55,10,142,840,0.1789161098737936,0.18815663801337154,0.8404255319148937,0.8461538461538461,0.06752136752136752,0.061452513966480445,94,65,512924.81221101654,99400.0,0.06158374867989085,0.062385962836903876,0.8584642125519896,0.856321365266499
995,0.0,99002.5,2400,162.46016874629368,162.5831153917864,125.5839064064377,125.66469360512394,0.12294664549273193,0.08078719868623807,1.5218580108246238,0.001022788539031053,0.0007776295872420032,0.0009002090631365281,36.91842178666246,93,77,1357,1043,13,11,514634.13632819185,0.06853352984524687,0.0738255033557047,0.8602150537634409,0.8571428571428572,64529,48595,1047672,778750,9133,6982,308607036.934802,0.061592750402797825,0.062401284109149274,0.8584667358861907,0.8563226669410433,93,77,1208,909,80,13,136,1128,66,11,123,843,0.159174649963154,0.18120805369127516,0.8602150537634409,0.8571428571428571,0.06622516556291391,0.07260726072607261,93,77,514634.13632819185,99500.0,0.061592750402797825,0.062401284109149274,0.8584667358861907,0.8563226669410433
996,0.0,99102.0,2347,162.58378205845307,162.7086831620679,125.6653602717906,125.73787961118715,0.12490110361483175,0.07251933939654975,1.7223144150810366,0.0010230223634926834,0.0007775836339020335,0.0009003029986973585,36.970803550880746,101,63,1360,987,7,7,503491.60026389244,0.07426470588235294,0.06382978723404255,0.9306930693069306,0.8888888888888888,64630,48658,1049032,779737,9140,6989,309110528.5350659,0.061609178747645446,0.062403092324719744,0.8585796069936562,0.8563648320933865,101,63,1207,857,94,7,146,1113,56,7,123,801,0.17647058823529413,0.18135764944275581,0.9306930693069307,0.8888888888888888,0.07787903893951947,0.06534422403733955,101,63,503491.60026389244,99600.0,0.061609178747645446,0.062403092324719744,0.8585796069936562,0.8563648320933865
997,0.0,99201.5,2433,162.70964664554617,162.81883742896426,125.73966016562869,125.83190934229276,0.10919078341808586,0.09224917666406895,1.1836504927920475,0.00102310112006788,0.0007777468371890485,0.0009004239786284642,36.9869280866715,77,69,1386,1047,12,14,522357.04305298766,0.05555555555555555,0.0659025787965616,0.8441558441558441,0.7971014492753623,64707,48727,1050418,780784,9152,7003,309632885.57811886,0.06160119114485852,0.06240778499559417,0.858562443012348,0.85628091202003,77,69,1202,899,65,12,172,1137,55,14,134,844,0.170995670995671,0.18051575931232092,0.8441558441558441,0.7971014492753623,0.054076539101497505,0.06117908787541713,77,69,522357.04305298766,99700.0,0.06160119114485852,0.06240778499559417,0.858562443012348,0.85628091202003
998,0.0,99301.0,2442,162.81883742896426,162.96905407666776,125.83375803890281,125.897549416995,0.15021664770350185,0.0637913780921906,2.354811138997662,0.0010235811454756627,0.0007776252479203445,0.0009006031966980036,37.071504659672755,85,82,1402,1040,12,9,524486.1190221123,0.06062767475035663,0.07884615384615384,0.8588235294117648,0.8902439024390244,64792,48809,1051820,781824,9164,7012,310157371.697141,0.0615998935179023,0.06242965168631303,0.8585627855290776,0.8563379704562684,85,82,1206,893,73,12,184,1133,73,9,138,820,0.1833095577746077,0.20288461538461539,0.8588235294117647,0.8902439024390244,0.06053067993366501,0.08174692049272117,85,82,524486.1190221123,99800.0,0.0615998935179023,0.06242965168631303,0.8585627855290776,0.8563379704562684
999,0.0,99400.5,2405,162.9734843246607,163.07792816120704,125.89909779944877,126.01468142185054,0.10444383654635203,0.11558362240177189,0.9036214160454528,0.0010236463704005046,0.0007780193368098691,0.0009008328536051868,37.0632467393565,92,78,1406,999,7,14,516915.6627681481,0.06543385490753911,0.07807807807807808,0.9239130434782609,0.8205128205128205,64884,48887,1053226,782823,9171,7026,310674287.3599091,0.06160501164992129,0.062449621434219484,0.8586554466432402,0.8562808108495101,92,78,1233,860,85,7,166,1148,64,14,125,796,0.17852062588904694,0.1891891891891892,0.9239130434782609,0.8205128205128205,0.0689375506893755,0.07441860465116279,92,78,516915.6627681481,99900.0,0.06160501164992129,0.062449621434219484,0.8586554466432402,0.8562808108495101
1000,0.0,99500.0,2418,163.07792816120704,163.20178434639737,126.01468142185054,126.08037188013938,0.12385618519033414,0.06569045828884157,1.885451683800672,0.0010238612858820076,0.0007778982220559476,0.0009008797539689776,37.12141246625799,108,57,1412,1006,15,11,520096.255431893,0.0764872521246459,0.05666003976143141,0.8611111111111112,0.8070175438596492,64992,48944,1054638,783829,9186,7037,311194383.615341,0.061624936708140614,0.06244219083499079,0.8586595273264401,0.8562234390323635,108,57,1241,863,93,15,156,1148,46,11,132,817,0.1763456090651558,0.17693836978131214,0.8611111111111112,0.8070175438596491,0.0749395648670427,0.05330243337195829,108,57,520096.255431893,100000.0,0.061624936708140614,0.06244219083499079,0.8586595273264401,0.8562234390323635
