episode,time_start,time_end,timesteps_in_episode,mu_M_start,mu_M_end,mu_F_start,mu_F_end,delta_mu_M,delta_mu_F,rho_episode,R_M,R_F,R_total,wealth_gap,loans_M_episode,loans_F_episode,applications_M_episode,applications_F_episode,defaults_M_episode,defaults_F_episode,profit_episode,approval_rate_M_episode,approval_rate_F_episode,success_prob_M_episode,success_prob_F_episode,total_loans_M,total_loans_F,total_applications_M,total_applications_F,total_defaults_M,total_defaults_F,cumulative_profit,approval_rate_M_cumulative,approval_rate_F_cumulative,success_prob_M_cumulative,success_prob_F_cumulative,actual_approvals_M_episode,actual_approvals_F_episode,true_approvals_M_episode,true_approvals_F_episode,true_positive_M,false_positive_M,true_negative_M,false_negative_M,true_positive_F,false_positive_F,true_negative_F,false_negative_F,accuracy_M,accuracy_F,precision_M,precision_F,recall_M,recall_F,hawkes_events_M,hawkes_events_F,total_profit,cumulative_time,approval_rate_M,approval_rate_F,success_prob_M,success_prob_F
1,0.0,99.5,1111,60.81565575819663,61.26208775105042,48.29054967454462,48.721948242503196,0.4464319928537961,0.4313985679585741,1.0348481103364848,0.0044643199285379605,0.004313985679585741,0.00438915280406185,12.540139508547227,287,237,597,514,51,32,1047.2601800174248,0.4807370184254606,0.46108949416342415,0.8222996515679443,0.8649789029535865,287,237,597,514,51,32,1047.2601800174248,0.4807370184254606,0.46108949416342415,0.8222996515679443,0.8649789029535865,287,237,487,442,236,51,59,251,205,32,40,237,0.49413735343383586,0.4766536964980545,0.8222996515679443,0.8649789029535865,0.48459958932238195,0.4638009049773756,287,237,1047.2601800174248,100.0,0.4807370184254606,0.46108949416342415,0.8222996515679443,0.8649789029535865
2,0.0,199.0,1133,61.26382678712119,61.871125287718876,48.72587298093149,49.246630156798986,0.6072985005976861,0.5207571758674945,1.1661836432422237,0.005277347647611243,0.004780402411271823,0.005028875029441533,12.62449513091989,374,288,626,507,67,27,1150.5121850406151,0.597444089456869,0.5680473372781065,0.820855614973262,0.90625,661,525,1223,1021,118,59,2197.77236505804,0.5404742436631235,0.5142017629774731,0.8214826021180031,0.8876190476190476,374,288,522,448,307,67,37,215,261,27,32,187,0.549520766773163,0.5779092702169625,0.820855614973262,0.90625,0.5881226053639846,0.5825892857142857,374,288,1150.5121850406151,200.0,0.5404742436631235,0.5142017629774731,0.8214826021180031,0.8876190476190476
3,0.0,298.5,1094,61.88750851031598,62.60203925733513,49.246630156798986,49.79538662555257,0.7145307470191469,0.5487564687535809,1.3020907956531205,0.005954611663795006,0.005016123170026484,0.005485367416910745,12.806652631782562,398,313,604,490,63,50,1220.8917258157414,0.6589403973509934,0.6387755102040816,0.8417085427135679,0.8402555910543131,1059,838,1827,1511,181,109,3418.664090873782,0.5796387520525451,0.5545996029119789,0.8290840415486308,0.869928400954654,398,313,501,416,335,63,40,166,263,50,24,153,0.6208609271523179,0.5857142857142857,0.8417085427135679,0.8402555910543131,0.6686626746506986,0.6322115384615384,398,313,1220.8917258157414,300.0,0.5796387520525451,0.5545996029119789,0.8290840415486308,0.869928400954654
4,0.0,398.0,1107,62.60959209144196,63.304959123258016,49.805557852027384,50.4198943899866,0.6953670318160547,0.6143365379592183,1.1318991934388503,0.006223258412653472,0.005323361788604953,0.005773310100629212,12.885064733271413,426,343,608,499,74,46,1322.2765220339506,0.7006578947368421,0.687374749498998,0.8262910798122065,0.8658892128279884,1485,1181,2435,2010,255,155,4740.940612907732,0.6098562628336756,0.5875621890547263,0.8282828282828283,0.8687552921253175,426,343,508,431,352,74,26,156,297,46,22,134,0.6217105263157895,0.6392785571142284,0.8262910798122066,0.8658892128279884,0.6929133858267716,0.6890951276102089,426,343,1322.2765220339506,400.0,0.6098562628336756,0.5875621890547263,0.8282828282828283,0.8687552921253175
5,0.0,497.5,1120,63.307132818907114,64.00358376511856,50.42280752109775,51.04393060289788,0.6964509462114492,0.6211230818001283,1.121276871876999,0.006375856013843872,0.005506761856706518,0.005941308935275195,12.959653162220683,408,368,609,511,66,50,1379.262214587432,0.6699507389162561,0.7201565557729941,0.8382352941176471,0.8641304347826086,1893,1549,3044,2521,321,205,6120.2028274951645,0.6218791064388962,0.614438714795716,0.8304278922345483,0.8676565526145901,408,368,507,442,342,66,36,165,318,50,19,124,0.6206896551724138,0.6594911937377691,0.8382352941176471,0.8641304347826086,0.6745562130177515,0.7194570135746606,408,368,1379.262214587432,500.0,0.6218791064388962,0.614438714795716,0.8304278922345483,0.8676565526145901
6,0.0,597.0,1210,64.00514799015795,64.80341158104521,51.04393060289788,51.67794923743977,0.7982635908872595,0.6340186345418886,1.2590538312238195,0.0066462597047476394,0.00564566593815858,0.00614596282145311,13.125462343605442,459,376,672,538,71,45,1515.4571192294718,0.6830357142857143,0.6988847583643123,0.8453159041394336,0.8803191489361702,2352,1925,3716,3059,392,250,7635.659946724636,0.6329386437029063,0.6292906178489702,0.8333333333333334,0.8701298701298701,459,376,569,473,388,71,32,181,331,45,20,142,0.625,0.6524163568773235,0.8453159041394336,0.8803191489361702,0.6818980667838312,0.6997885835095138,459,376,1515.4571192294718,600.0,0.6329386437029063,0.6292906178489702,0.8333333333333334,0.8701298701298701
7,0.0,696.5,1158,64.81434355366792,65.57139460507281,51.68002449857256,52.28420909493661,0.7570510514048863,0.6041845963640498,1.253012830781815,0.006793912638394549,0.0057052277434171215,0.006249570190905836,13.287185510136204,467,369,646,512,75,55,1477.1016332844877,0.7229102167182663,0.720703125,0.8394004282655246,0.8509485094850948,2819,2294,4362,3571,467,305,9112.761580009124,0.6462631820265933,0.6423970876505181,0.8343384178786803,0.8670444638186574,467,369,536,434,392,75,35,144,314,55,23,120,0.6609907120743034,0.658203125,0.8394004282655246,0.8509485094850948,0.7313432835820896,0.7235023041474654,467,369,1477.1016332844877,700.0,0.6462631820265933,0.6423970876505181,0.8343384178786803,0.8670444638186574
8,0.0,796.0,1185,65.5735479345615,66.40279279096855,52.28600384955957,53.00967718474866,0.829244856407044,0.7236733351890905,1.145882839790371,0.0069839212909649,0.005898909387755049,0.006441415339359975,13.393115606219887,466,400,635,550,72,49,1535.3839549259449,0.7338582677165354,0.7272727272727273,0.8454935622317596,0.8775,3285,2694,4997,4121,539,354,10648.145534935069,0.6573944366619972,0.6537248240718272,0.8359208523592085,0.8685968819599109,466,400,541,477,394,72,22,147,351,49,24,126,0.6551181102362205,0.6818181818181818,0.8454935622317596,0.8775,0.7282809611829945,0.7358490566037735,466,400,1535.3839549259449,800.0,0.6573944366619972,0.6537248240718272,0.8359208523592085,0.8685968819599109
9,0.0,895.5,1213,66.41143005367046,67.25045484357578,53.014410160310476,53.69989409690676,0.8390247899053236,0.6854839365962846,1.223988988088377,0.007149776761532394,0.006010382691513488,0.006580079726522941,13.55056074666902,487,403,668,545,67,61,1598.8595664946924,0.7290419161676647,0.7394495412844037,0.8624229979466119,0.8486352357320099,3772,3097,5665,4666,606,415,12247.00510142976,0.6658428949691085,0.663737676810973,0.8393425238600212,0.8659993542137552,487,403,573,465,420,67,28,153,342,61,19,123,0.6706586826347305,0.6623853211009174,0.8624229979466119,0.8486352357320099,0.7329842931937173,0.7354838709677419,487,403,1598.8595664946924,900.0,0.6658428949691085,0.663737676810973,0.8393425238600212,0.8659993542137552
10,0.0,995.0,1266,67.25264590561905,68.12872365240628,53.70439255677357,54.43535606946345,0.8760777467872316,0.7309635126898826,1.1985245933320818,0.007313067894209652,0.006144806394918831,0.006728937144564242,13.693367582942827,521,426,701,565,84,56,1685.5327059154781,0.7432239657631954,0.7539823008849558,0.8387715930902111,0.8685446009389671,4293,3523,6366,5231,690,471,13932.53780734524,0.674363807728558,0.6734849933091187,0.8392732354996506,0.8663071246097076,521,426,579,490,437,84,38,142,370,56,19,120,0.6776034236804565,0.6884955752212389,0.8387715930902111,0.8685446009389671,0.7547495682210709,0.7551020408163265,521,426,1685.5327059154781,1000.0,0.674363807728558,0.6734849933091187,0.8392732354996506,0.8663071246097076
11,0.0,1094.5,1259,68.13179879660623,69.00866239541851,54.43535606946345,55.17669949805228,0.8768635988122782,0.7413434285888272,1.182803495650347,0.007448187852019895,0.00626013620318878,0.006854162027604338,13.831962897366232,525,434,692,567,78,57,1696.9635146365135,0.7586705202312138,0.7654320987654321,0.8514285714285714,0.868663594470046,4818,3957,7058,5798,768,528,15629.501321981752,0.6826296401246812,0.6824767161090031,0.8405977584059776,0.866565579984837,525,434,584,492,447,78,30,137,377,57,18,115,0.6893063583815029,0.6966490299823633,0.8514285714285714,0.868663594470046,0.7654109589041096,0.766260162601626,525,434,1696.9635146365135,1100.0,0.6826296401246812,0.6824767161090031,0.8405977584059776,0.866565579984837
12,0.0,1194.0,1221,69.01508470186863,70.00617909144488,55.18501088568009,55.87569698721365,0.9910943895762472,0.6906861015335579,1.4349418460508772,0.0076587694443735425,0.006320956093890858,0.0069898627691322,14.130482104231227,563,397,716,505,83,57,1665.5094233727523,0.7863128491620112,0.7861386138613862,0.852575488454707,0.8564231738035264,5381,4354,7774,6303,851,585,17295.010745354506,0.6921790583997942,0.6907821672219578,0.8418509570711763,0.8656407900780891,563,397,617,428,480,83,16,137,340,57,20,88,0.6927374301675978,0.7128712871287128,0.8525754884547069,0.8564231738035264,0.7779578606158833,0.794392523364486,563,397,1665.5094233727523,1200.0,0.6921790583997942,0.6907821672219578,0.8418509570711763,0.8656407900780891
13,0.0,1293.5,1300,70.01379867296632,71.08319009729112,55.883199883998,56.596337625746635,1.069391424324806,0.713137741748632,1.4995580260590764,0.007898103337764997,0.00638906765477078,0.007143585496267889,14.486852471544488,604,406,770,530,102,49,1796.9153392110331,0.7844155844155845,0.7660377358490567,0.8311258278145696,0.8793103448275862,5985,4760,8544,6833,953,634,19091.92608456554,0.7004915730337079,0.6966193472852334,0.8407685881370092,0.8668067226890757,604,406,644,463,502,102,24,142,357,49,18,106,0.6831168831168831,0.7075471698113207,0.8311258278145696,0.8793103448275862,0.7795031055900621,0.7710583153347732,604,406,1796.9153392110331,1300.0,0.7004915730337079,0.6966193472852334,0.8407685881370092,0.8668067226890757
14,0.0,1393.0,1319,71.086222712014,72.13803068835679,56.60195409145896,57.39599031719841,1.0518079763427863,0.794036225739454,1.3246347487021513,0.008087410664400118,0.006503886173324135,0.0072956484188621265,14.742040371158382,610,461,758,561,92,75,1848.478956824027,0.8047493403693932,0.82174688057041,0.8491803278688524,0.8373101952277657,6595,5221,9302,7394,1045,709,20940.405041389567,0.7089873145560095,0.7061130646470111,0.8415466262319939,0.8642022601034285,610,461,647,471,518,92,19,129,386,75,15,85,0.7084432717678101,0.714795008912656,0.8491803278688524,0.8373101952277657,0.8006182380216383,0.8195329087048833,610,461,1848.478956824027,1400.0,0.7089873145560095,0.7061130646470111,0.8415466262319939,0.8642022601034285
15,0.0,1492.5,1285,72.14896835203086,73.15850447366643,57.39793960818489,58.174630543699934,1.0095361216355627,0.7766909355150418,1.299791301112734,0.008228565810313199,0.0065893872461035416,0.0074089765282083705,14.983873929966492,575,483,712,573,80,80,1824.7580676278853,0.8075842696629213,0.8429319371727748,0.8608695652173913,0.834368530020704,7170,5704,10014,7967,1125,789,22765.163109017452,0.7159976033553026,0.7159533073929961,0.8430962343096234,0.8616760168302945,575,483,615,481,495,80,17,120,403,80,12,78,0.7191011235955056,0.7242582897033158,0.8608695652173913,0.8343685300207039,0.8048780487804879,0.8378378378378378,575,483,1824.7580676278853,1500.0,0.7159976033553026,0.7159533073929961,0.8430962343096234,0.8616760168302945
16,0.0,1592.0,1265,73.1640974480256,74.22131562608035,58.179555572783634,58.96313994290177,1.0572181780547538,0.7835843701181346,1.3492078433052022,0.008378537417427329,0.006670368917723217,0.0075244531675752735,15.258175683178585,578,441,722,543,83,62,1814.7553741800805,0.8005540166204986,0.8121546961325967,0.856401384083045,0.8594104308390023,7748,6145,10736,8510,1208,851,24579.918483197533,0.7216840536512668,0.7220916568742656,0.8440887971089314,0.861513425549227,578,441,617,465,495,83,22,122,379,62,16,86,0.7160664819944599,0.7274401473296501,0.856401384083045,0.8594104308390023,0.8022690437601296,0.8150537634408602,578,441,1814.7553741800805,1600.0,0.7216840536512668,0.7220916568742656,0.8440887971089314,0.861513425549227
17,0.0,1691.5,1324,74.22350724845877,75.30245962249641,58.96492672135026,59.74177455064751,1.078952374037641,0.7768478292972532,1.3888850986604102,0.008521649331941052,0.006736014633001701,0.007628831982471376,15.560685071848901,612,465,760,564,78,63,1916.6854256413374,0.8052631578947368,0.824468085106383,0.8725490196078431,0.864516129032258,8360,6610,11496,9074,1286,914,26496.60390883887,0.7272094641614475,0.7284549261626625,0.8461722488038277,0.8617246596066566,612,465,659,492,534,78,23,125,402,63,9,90,0.7328947368421053,0.7287234042553191,0.8725490196078431,0.864516129032258,0.8103186646433991,0.8170731707317073,612,465,1916.6854256413374,1700.0,0.7272094641614475,0.7284549261626625,0.8461722488038277,0.8617246596066566
18,0.0,1791.0,1308,75.3113386748588,76.33565349534673,59.74756213804321,60.59942144282152,1.0243148204879304,0.8518593047783156,1.2024460080934303,0.008622220965083392,0.006838262093487167,0.007730241529285279,15.73623205252521,577,475,714,594,81,65,1905.2537077018046,0.8081232492997199,0.7996632996632996,0.8596187175043327,0.8631578947368421,8937,7085,12210,9668,1367,979,28401.857616540678,0.731941031941032,0.732829954489036,0.8470403938681884,0.8618207480592801,577,475,619,513,496,81,14,123,410,65,16,103,0.7142857142857143,0.7171717171717171,0.8596187175043327,0.8631578947368421,0.8012924071082391,0.7992202729044834,577,475,1905.2537077018046,1800.0,0.731941031941032,0.732829954489036,0.8470403938681884,0.8618207480592801
19,0.0,1890.5,1349,76.34324879580201,77.46754153280102,60.60115546275027,61.38658698566561,1.12429273699901,0.7854315229153386,1.4314331729720977,0.008764150407686523,0.006892651216379467,0.007828400812032996,16.080954547135413,647,453,793,556,88,66,1979.6983211314232,0.8158890290037831,0.814748201438849,0.8639876352395672,0.8543046357615894,9584,7538,13003,10224,1455,1045,30381.5559376721,0.7370606783050065,0.7372848200312989,0.8481844741235393,0.8613690634120457,647,453,682,474,559,88,23,123,387,66,16,87,0.733921815889029,0.7248201438848921,0.8639876352395672,0.8543046357615894,0.8196480938416423,0.8164556962025317,647,453,1979.6983211314232,1900.0,0.7370606783050065,0.7372848200312989,0.8481844741235393,0.8613690634120457
20,0.0,1990.0,1402,77.4699170805711,78.53590090520153,61.39518261465732,62.25792205002706,1.065983824630436,0.8627394353697397,1.2355802701583856,0.008860122573502452,0.00698368618774122,0.007921904380621837,16.277978855174467,596,519,763,639,86,85,2068.0256367508896,0.781127129750983,0.812206572769953,0.8557046979865772,0.836223506743738,10180,8057,13766,10863,1541,1130,32449.581574422988,0.7395031236379486,0.7416919819571021,0.8486247544204322,0.8597492863348641,596,519,655,541,510,86,22,145,434,85,13,107,0.6972477064220184,0.6995305164319249,0.8557046979865772,0.8362235067437379,0.7786259541984732,0.8022181146025879,596,519,2068.0256367508896,2000.0,0.7395031236379486,0.7416919819571021,0.8486247544204322,0.8597492863348641
21,0.0,2089.5,1322,78.54339811039546,79.69959468194898,62.26017528275022,63.045459758125226,1.1561965715535223,0.7852844753750077,1.4723283189845155,0.008992351868453501,0.007026147658847907,0.008009249763650705,16.654134923823754,633,425,790,532,90,73,1959.9956669178957,0.8012658227848102,0.7988721804511278,0.8578199052132701,0.8282352941176471,10813,8482,14556,11395,1631,1203,34409.577241340885,0.742855179994504,0.7443615620886354,0.8491630444834921,0.8581702428672483,633,425,680,447,543,90,20,137,352,73,12,95,0.7126582278481013,0.6842105263157895,0.8578199052132701,0.8282352941176471,0.7985294117647059,0.7874720357941835,633,425,1959.9956669178957,2100.0,0.742855179994504,0.7443615620886354,0.8491630444834921,0.8581702428672483
22,0.0,2189.0,1481,79.69959468194898,80.845559802562,63.05800171221197,63.92270323812366,1.1459651206130133,0.8647015259116912,1.3252724625468586,0.009104501838347894,0.007105524347081381,0.008105013092714638,16.922856564438334,702,515,852,629,95,77,2206.535943466489,0.823943661971831,0.8187599364069952,0.8646723646723646,0.8504854368932039,11515,8997,15408,12024,1726,1280,36616.11318480737,0.7473390446521287,0.748253493013972,0.8501085540599218,0.857730354562632,702,515,726,530,607,95,31,119,438,77,22,92,0.7488262910798122,0.7313195548489666,0.8646723646723646,0.8504854368932039,0.8360881542699724,0.8264150943396227,702,515,2206.535943466489,2200.0,0.7473390446521287,0.748253493013972,0.8501085540599218,0.857730354562632
23,0.0,2288.5,1365,80.8609185436845,81.98273797457334,63.9274658986051,64.75088820122551,1.1218194308888343,0.8234223026204077,1.362386502428737,0.009203079224511614,0.007156668924643863,0.008179874074577738,17.231849773347832,641,470,788,577,93,66,2041.944147052257,0.8134517766497462,0.8145580589254766,0.8549141965678627,0.8595744680851064,12156,9467,16196,12601,1819,1346,38658.05733185963,0.7505556927636453,0.7512895801920483,0.8503619611714379,0.8578219076793071,641,470,670,498,548,93,25,122,404,66,13,94,0.7271573604060914,0.7227036395147314,0.8549141965678627,0.8595744680851064,0.817910447761194,0.8112449799196787,641,470,2041.944147052257,2300.0,0.7505556927636453,0.7512895801920483,0.8503619611714379,0.8578219076793071
24,0.0,2388.0,1385,81.99049362530629,83.07455819847357,64.75088820122551,65.63147137009881,1.0840645731672822,0.8805831688733008,1.2310757364966836,0.009274542683448725,0.007225384039814244,0.008249963361631484,17.44308682837476,614,490,770,615,95,61,2079.490841372367,0.7974025974025974,0.7967479674796748,0.8452768729641693,0.8755102040816327,12770,9957,16966,13216,1914,1407,40737.548173232,0.7526818342567488,0.7534049636803875,0.8501174628034456,0.8586923772220548,614,490,652,537,519,95,23,133,429,61,17,108,0.7038961038961039,0.7252032520325203,0.8452768729641694,0.8755102040816326,0.7960122699386503,0.7988826815642458,614,490,2079.490841372367,2400.0,0.7526818342567488,0.7534049636803875,0.8501174628034456,0.8586923772220548
25,0.0,2487.5,1485,83.07666134840932,84.2545051632781,65.63964454525012,66.63094420123505,1.1778438148687798,0.9912996559849319,1.1881814018168926,0.009375539762032589,0.007336157810676172,0.00835584878635438,17.623560962043044,653,539,816,669,110,72,2239.012930601704,0.8002450980392157,0.8056801195814649,0.8315467075038285,0.8664192949907236,13423,10496,17782,13885,2024,1479,42976.5611038337,0.754864469688449,0.7559236586244148,0.8492140356105192,0.8590891768292683,653,539,687,580,543,110,19,144,467,72,17,113,0.6887254901960784,0.7234678624813154,0.8315467075038285,0.8664192949907236,0.7903930131004366,0.8051724137931034,653,539,2239.012930601704,2500.0,0.754864469688449,0.7559236586244148,0.8492140356105192,0.8590891768292683
26,0.0,2587.0,1477,84.2545051632781,85.42404060848996,66.64313625234796,67.50795577089936,1.1695354452118636,0.8648195185513998,1.352346264305959,0.009464763403958975,0.007391310037059514,0.008428036720509244,17.916084837590603,670,516,828,649,95,58,2234.4247556011987,0.8091787439613527,0.7950693374422187,0.8582089552238806,0.8875968992248062,14093,11012,18610,14534,2119,1537,45210.9858594349,0.7572810317033852,0.7576716664373194,0.8496416660753565,0.8604249909189975,670,516,717,567,575,95,16,142,458,58,24,109,0.7137681159420289,0.7426810477657936,0.8582089552238806,0.8875968992248062,0.8019525801952581,0.8077601410934744,670,516,2234.4247556011987,2600.0,0.7572810317033852,0.7576716664373194,0.8496416660753565,0.8604249909189975
27,0.0,2686.5,1502,85.42404060848996,86.60942511363014,67.5131831928324,68.46439967783974,1.1853845051401777,0.9512164850073361,1.2461774199918703,0.00955324790941982,0.007471796297516709,0.008512522103468265,18.1450254357904,678,538,848,654,84,77,2277.158735321281,0.7995283018867925,0.8226299694189603,0.8761061946902655,0.8568773234200744,14771,11550,19458,15188,2203,1614,47488.14459475618,0.7591222119436736,0.7604687911509086,0.8508564078261458,0.8602597402597403,678,538,745,558,594,84,19,151,461,77,19,97,0.722877358490566,0.7339449541284404,0.8761061946902655,0.8568773234200744,0.7973154362416107,0.8261648745519713,678,538,2277.158735321281,2700.0,0.7591222119436736,0.7604687911509086,0.8508564078261458,0.8602597402597403
28,0.0,2786.0,1456,86.60942511363014,87.67282119170895,68.47427871220798,69.37668192555527,1.06339607807881,0.9024032133472986,1.1784045782974755,0.009591844797682972,0.00753076151821809,0.00856130315795053,18.296139266153673,641,549,803,653,106,82,2211.905073199404,0.7982565379825654,0.8407350689127105,0.8346333853354134,0.8506375227686703,15412,12099,20261,15841,2309,1696,49700.04966795559,0.7606732145501209,0.7637775392967616,0.8501816766156242,0.8598231258781718,641,549,674,553,535,106,23,139,467,82,18,86,0.6948941469489415,0.7427258805513017,0.8346333853354134,0.8506375227686703,0.7937685459940653,0.8444846292947559,641,549,2211.905073199404,2800.0,0.7606732145501209,0.7637775392967616,0.8501816766156242,0.8598231258781718
29,0.0,2885.5,1533,87.68245103884006,88.90740058818992,69.37808057820101,70.33751372065345,1.2249495493498586,0.9594331424524398,1.276743000787656,0.009686808562066652,0.00760240139520994,0.008644604978638296,18.569886867536468,706,534,870,663,107,79,2334.8671277270673,0.8114942528735632,0.8054298642533937,0.8484419263456091,0.8520599250936329,16118,12633,21131,16504,2416,1775,52034.91679568266,0.7627656050352563,0.7654507998061076,0.8501054721429457,0.85949497348215,706,534,735,567,599,107,28,136,455,79,17,112,0.7206896551724138,0.7119155354449472,0.8484419263456091,0.8520599250936329,0.8149659863945579,0.8024691358024691,706,534,2334.8671277270673,2900.0,0.7627656050352563,0.7654507998061076,0.8501054721429457,0.85949497348215
30,0.0,2985.0,1531,88.918111983073,90.1629194134602,70.33991833307446,71.3567283260327,1.2448074303871977,1.0168099929582297,1.224228163578182,0.009782421218421192,0.007688726217162691,0.008735573717791942,18.806191087427507,703,541,853,678,105,75,2337.0197325432027,0.8241500586166471,0.7979351032448377,0.8506401137980085,0.8613678373382625,16821,13174,21984,17182,2521,1850,54371.93652822586,0.7651473799126638,0.7667326271679665,0.8501278164199513,0.8595718840139669,703,541,730,595,598,105,18,132,466,75,8,129,0.7221570926143025,0.6991150442477876,0.8506401137980085,0.8613678373382625,0.8191780821917808,0.7831932773109244,703,541,2337.0197325432027,3000.0,0.7651473799126638,0.7667326271679665,0.8501278164199513,0.8595718840139669
31,0.0,3084.5,1501,90.16849903984465,91.39369054753176,71.3567283260327,72.25954190506658,1.2251915076871143,0.9028135790338894,1.3570813910422184,0.009863882190108107,0.00773193297758773,0.008797907583847919,19.134148642465178,709,529,858,643,97,74,2297.996124298577,0.8263403263403264,0.8227060653188181,0.8631875881523272,0.8601134215500945,17530,13703,22842,17825,2618,1924,56669.93265252443,0.7674459329305665,0.7687517531556802,0.8506560182544209,0.8595927899000219,709,529,738,560,612,97,23,126,455,74,9,105,0.7400932400932401,0.7216174183514774,0.8631875881523272,0.8601134215500945,0.8292682926829268,0.8125,709,529,2297.996124298577,3100.0,0.7674459329305665,0.7687517531556802,0.8506560182544209,0.8595927899000219
32,0.0,3184.0,1585,91.39369054753176,92.74935147570781,72.26267076953685,73.24681628958788,1.35566092817605,0.9841455200510296,1.3775004819467722,0.009979279911722245,0.00779883331720102,0.008889056614461632,19.50253518611993,711,552,910,675,84,66,2430.9805754953477,0.7813186813186813,0.8177777777777778,0.8818565400843882,0.8804347826086957,18241,14255,23752,18500,2702,1990,59100.91322801978,0.7679774334792859,0.7705405405405406,0.851872156131791,0.8603998596983514,711,552,796,594,627,84,30,169,486,66,15,108,0.721978021978022,0.7422222222222222,0.8818565400843882,0.8804347826086957,0.7876884422110553,0.8181818181818182,711,552,2430.9805754953477,3200.0,0.7679774334792859,0.7705405405405406,0.851872156131791,0.8603998596983514
33,0.0,3283.5,1546,92.75046892190542,94.02043644127413,73.2513576551792,74.15789674192912,1.2699675193687057,0.9065390867499161,1.400896594455444,0.010062054752447728,0.007838590020419546,0.008950322386433637,19.862539699345007,695,519,885,661,113,78,2375.9451768009353,0.7853107344632768,0.7851739788199698,0.837410071942446,0.8497109826589595,18936,14774,24637,19161,2815,2068,61476.85840482072,0.7686000730608434,0.7710453525390115,0.8513413603717787,0.8600243671314471,695,519,750,565,582,113,22,168,441,78,18,124,0.6824858757062147,0.6944024205748865,0.837410071942446,0.8497109826589595,0.776,0.7805309734513274,695,519,2375.9451768009353,3300.0,0.7686000730608434,0.7710453525390115,0.8513413603717787,0.8600243671314471
34,0.0,3383.0,1587,94.02586669404207,95.3506867594944,74.15891691291247,75.1063968385172,1.3248200654523288,0.9474799256047248,1.3982566064465887,0.010157362059205225,0.00788701387175664,0.009022187965480932,20.244289920977195,743,565,917,670,111,69,2442.9604520111156,0.8102508178844057,0.8432835820895522,0.8506056527590848,0.8778761061946903,19679,15339,25554,19831,2926,2137,63919.81885683184,0.770094701416608,0.7734859563309969,0.8513135830072667,0.8606819218984288,743,565,783,580,632,111,23,151,496,69,21,84,0.7142857142857143,0.7716417910447761,0.8506056527590848,0.8778761061946903,0.8071519795657727,0.8551724137931035,743,565,2442.9604520111156,3400.0,0.770094701416608,0.7734859563309969,0.8513135830072667,0.8606819218984288
35,0.0,3482.5,1658,95.35813279096791,96.74577015095001,75.10813085844595,76.11567694683328,1.3876373599820937,1.007546088387329,1.3772445508702593,0.010265746969358109,0.007950036363511045,0.009107891666434578,20.630093204116733,779,569,950,708,107,74,2557.0281244215403,0.82,0.8036723163841808,0.8626444159178434,0.8699472759226714,20458,15908,26504,20539,3033,2211,66476.84698125337,0.7718834892846362,0.7745265105409221,0.8517450386157005,0.8610133266281117,779,569,817,610,672,107,26,145,495,74,24,115,0.7347368421052631,0.7330508474576272,0.8626444159178434,0.8699472759226714,0.8225214198286414,0.8114754098360656,779,569,2557.0281244215403,3500.0,0.7718834892846362,0.7745265105409221,0.8517450386157005,0.8610133266281117
36,0.0,3582.0,1571,96.75424950185568,98.18578384751494,76.12859098717543,77.05903359101305,1.4315343456592586,0.9304426038376192,1.5385520178836198,0.010380591135921755,0.00799124553235234,0.009185918334137047,21.126750256501893,778,530,931,640,97,66,2428.226317648604,0.8356605800214822,0.828125,0.8753213367609255,0.8754716981132076,21236,16438,27435,21179,3130,2277,68905.07329890197,0.774047749225442,0.7761461825393078,0.8526087775475608,0.8614794987224723,778,530,817,554,681,97,17,136,464,66,20,90,0.7497314715359829,0.75625,0.8753213367609255,0.8754716981132076,0.8335373317013464,0.8375451263537906,778,530,2428.226317648604,3600.0,0.774047749225442,0.7761461825393078,0.8526087775475608,0.8614794987224723
37,0.0,3681.5,1708,98.19484233592043,99.66659114841337,77.06095261785188,78.04407926723334,1.4717488124929474,0.983126649381461,1.4970083594203305,0.010500252808166688,0.008041494484510464,0.009270873646338575,21.62251188118003,823,592,995,713,109,95,2645.871972565712,0.8271356783919598,0.8302945301542777,0.8675577156743621,0.839527027027027,22059,17030,28430,21892,3239,2372,71550.94527146769,0.7759057333802322,0.7779097387173397,0.8531665080012694,0.8607163828537874,823,592,864,601,714,109,22,150,497,95,17,104,0.7396984924623116,0.7208976157082749,0.8675577156743621,0.839527027027027,0.8263888888888888,0.826955074875208,823,592,2645.871972565712,3700.0,0.7759057333802322,0.7779097387173397,0.8531665080012694,0.8607163828537874
38,0.0,3781.0,1630,99.67267496500253,101.08107212684077,78.0479338235851,79.07372858547292,1.4083971618382378,1.0257947618878234,1.3729814327052046,0.010596162202274774,0.008100836555507447,0.009348499378891111,22.007343541367845,784,562,944,686,125,68,2531.966273585916,0.8305084745762712,0.8192419825072886,0.840561224489796,0.8790035587188612,22843,17592,29374,22578,3364,2440,74082.9115450536,0.7776605161026758,0.7791655593941005,0.8527338790876855,0.8613005911778081,784,562,791,599,659,125,28,132,494,68,19,105,0.7277542372881356,0.7478134110787172,0.8405612244897959,0.8790035587188612,0.8331226295828066,0.8247078464106845,784,562,2531.966273585916,3800.0,0.7776605161026758,0.7791655593941005,0.8527338790876855,0.8613005911778081
39,0.0,3880.5,1670,101.08322748521599,102.55540533967236,79.07556847314262,80.09947032999835,1.4721778544563762,1.0239018568557299,1.4378114900360117,0.010702499892686086,0.008156133501398393,0.00942931669704224,22.455935009674008,842,561,979,691,110,62,2600.111781288331,0.8600612870275791,0.8118668596237337,0.8693586698337292,0.8894830659536542,23685,18153,30353,23269,3474,2502,76683.02332634194,0.7803182551971799,0.7801366625123555,0.853324889170361,0.8621715418939018,842,561,850,606,732,110,19,118,499,62,23,107,0.7671092951991828,0.7554269175108539,0.8693586698337292,0.8894830659536542,0.8611764705882353,0.8234323432343235,842,561,2600.111781288331,3900.0,0.7803182551971799,0.7801366625123555,0.853324889170361,0.8621715418939018
40,0.0,3980.0,1707,102.56097461402618,104.04045996753821,80.10588041629043,81.1406550011563,1.4794853535120325,1.0347745848658718,1.429765839971615,0.010806201052335396,0.00821252633165292,0.009509363691994158,22.899804966381907,827,605,965,742,112,92,2662.590480062089,0.8569948186528498,0.8153638814016172,0.864570737605804,0.8479338842975207,24512,18758,31318,24011,3586,2594,79345.61380640403,0.7826808863912127,0.7812252717504478,0.8537043080939948,0.8617123360699435,827,605,830,621,715,112,23,115,513,92,29,108,0.7647668393782383,0.7304582210242587,0.8645707376058042,0.8479338842975207,0.8614457831325302,0.8260869565217391,827,605,2662.590480062089,4000.0,0.7826808863912127,0.7812252717504478,0.8537043080939948,0.8617123360699435
41,0.0,4079.5,1686,104.04506902722731,105.5486914823768,81.14627035259377,82.1678406546464,1.5036224551494826,1.0215703020526234,1.4718736949657603,0.010910496518092724,0.008262753897585799,0.009586625207839261,23.3808508277304,847,581,999,687,117,88,2634.5946904054194,0.8478478478478478,0.8457059679767104,0.8618654073199528,0.8485370051635112,25359,19339,32317,24698,3703,2682,81980.20849680944,0.7846953615744036,0.7830188679245284,0.8539768918332742,0.8613165106779047,847,581,861,586,730,117,21,131,493,88,13,93,0.7517517517517518,0.7365356622998545,0.8618654073199528,0.8485370051635112,0.8478513356562137,0.841296928327645,847,581,2634.5946904054194,4100.0,0.7846953615744036,0.7830188679245284,0.8539768918332742,0.8613165106779047
42,0.0,4179.0,1755,105.5549816440333,107.13199561478775,82.1743070017571,83.26241004741249,1.5770139707544502,1.0881030456553873,1.4493241031271826,0.01102769996585503,0.008326633422111396,0.009677166693983212,23.869585567375267,875,606,1028,727,119,83,2749.428484587457,0.8511673151750972,0.8335625859697386,0.864,0.863036303630363,26234,19945,33345,25425,3822,2765,84729.6369813969,0.7867446393762183,0.7844641101278269,0.8543111992071357,0.8613687641012785,875,606,890,628,756,119,19,134,523,83,16,105,0.7538910505836576,0.7414030261348006,0.864,0.863036303630363,0.849438202247191,0.8328025477707006,875,606,2749.428484587457,4200.0,0.7867446393762183,0.7844641101278269,0.8543111992071357,0.8613687641012785
43,0.0,4278.5,1831,107.13395356742704,108.72181934794811,83.26832682104725,84.47028297948172,1.5878657805210707,1.20195615843447,1.3210679685598867,0.011140968276686392,0.008413891466264442,0.009777429871475417,24.25153636846639,904,655,1052,779,124,82,2876.0842054509617,0.8593155893536122,0.8408215661103979,0.8628318584070797,0.8748091603053435,27138,20600,34397,26204,3946,2847,87605.72118684786,0.7889641538506265,0.7861395206838651,0.8545950327953423,0.8617961165048544,904,655,899,682,780,124,29,119,573,82,15,109,0.7690114068441065,0.754813863928113,0.8628318584070797,0.8748091603053435,0.8676307007786429,0.8401759530791789,904,655,2876.0842054509617,4300.0,0.7889641538506265,0.7861395206838651,0.8545950327953423,0.8617961165048544
44,0.0,4378.0,1835,108.72735608413478,110.4066540502311,84.47226282736077,85.59861656231938,1.679297966096314,1.126353734958613,1.490915255106797,0.011270681430007834,0.0084791061108579,0.009874893770432866,24.80803748791172,934,620,1096,739,133,97,2890.333954787662,0.8521897810218978,0.8389715832205683,0.8576017130620985,0.8435483870967742,28072,21220,35493,26943,4079,2944,90496.05514163553,0.7909165187501761,0.7875886129978102,0.8546950698204616,0.8612629594721961,934,620,938,625,801,133,25,137,523,97,17,102,0.7536496350364964,0.7307171853856563,0.8576017130620985,0.8435483870967742,0.8539445628997868,0.8368,934,620,2890.333954787662,4400.0,0.7909165187501761,0.7875886129978102,0.8546950698204616,0.8612629594721961
45,0.0,4477.5,1801,110.41592512645099,112.05303883403681,85.60011089168154,86.73740805177248,1.6371137075858258,1.137297160090938,1.4394775306173475,0.011386085127964485,0.008543746306050634,0.009964915717007559,25.315630782264336,915,659,1051,750,128,83,2843.47302003922,0.8705994291151284,0.8786666666666667,0.8601092896174863,0.874051593323217,28987,21879,36544,27693,4207,3027,93339.52816167475,0.7932081873905429,0.7900552486187845,0.8548659744023183,0.8616481557658029,915,659,912,656,787,128,11,125,576,83,11,80,0.7592768791627021,0.7826666666666666,0.8601092896174863,0.874051593323217,0.8629385964912281,0.8780487804878049,915,659,2843.47302003922,4500.0,0.7932081873905429,0.7900552486187845,0.8548659744023183,0.8616481557658029
46,0.0,4577.0,1763,112.0607296028165,113.640258094149,86.74517864938467,87.8490798904566,1.5795284913325105,1.1039012410719238,1.4308603275042406,0.011483609203467908,0.008599680481719994,0.010041644842593952,25.79117820369241,902,631,1037,726,140,82,2789.690999857184,0.8698167791706847,0.8691460055096418,0.8447893569844789,0.8700475435816165,29889,22510,37581,28419,4347,3109,96129.21916153193,0.7953221042548096,0.7920757239874732,0.8545618789521229,0.8618836072856508,902,631,872,630,762,140,25,110,549,82,14,81,0.7589199614271939,0.7754820936639119,0.844789356984479,0.8700475435816165,0.8738532110091743,0.8714285714285714,902,631,2789.690999857184,4600.0,0.7953221042548096,0.7920757239874732,0.8545618789521229,0.8618836072856508
47,0.0,4676.5,1943,113.64595272275544,115.36712424578118,87.85941412622898,89.17181058997532,1.7211715230257454,1.3123964637463388,1.3114722346268186,0.01160669542289033,0.008698140620304405,0.010152418021597368,26.19531365580586,950,741,1087,856,123,83,3081.6794472070437,0.8739650413983441,0.8656542056074766,0.8705263157894737,0.8879892037786774,30839,23251,38668,29275,4470,3192,99210.89860873898,0.797532843695045,0.7942271562766866,0.8550536658127695,0.8627155821254999,950,741,942,757,827,123,22,115,658,83,16,99,0.781048758049678,0.7873831775700935,0.8705263157894737,0.8879892037786775,0.8779193205944799,0.869220607661823,950,741,3081.6794472070437,4700.0,0.797532843695045,0.7942271562766866,0.8550536658127695,0.8627155821254999
48,0.0,4776.0,1970,115.36848543723735,117.06601846445588,89.1803469298187,90.4776936367267,1.697533027218526,1.2973467069080016,1.3084652068561522,0.01171882556380401,0.0087889883254546,0.010253906944629305,26.58832482772918,967,751,1110,860,132,107,3131.0425961130077,0.8711711711711712,0.8732558139534884,0.8634953464322648,0.8575233022636485,31806,24002,39778,30135,4602,3299,102341.94120485199,0.7995877118004927,0.7964824954371993,0.8553103188077721,0.8625531205732856,967,751,957,740,835,132,21,122,644,107,13,96,0.7711711711711712,0.763953488372093,0.8634953464322648,0.8575233022636485,0.8725182863113897,0.8702702702702703,967,751,3131.0425961130077,4800.0,0.7995877118004927,0.7964824954371993,0.8553103188077721,0.8625531205732856
49,0.0,4875.5,1833,117.07755210834198,118.69895549341295,90.48031124487504,91.70742736144983,1.6214033850709768,1.2271161165747912,1.3213121098896057,0.011812918313309455,0.00886058728304188,0.010336752798175667,26.991528131963122,882,665,1037,796,106,81,2920.556942373709,0.8505303760848602,0.835427135678392,0.8798185941043084,0.8781954887218045,32688,24667,40815,30931,4708,3380,105262.49814722569,0.8008820286659316,0.7974847240632376,0.8559716103768967,0.8629748246645316,882,665,906,691,776,106,25,130,584,81,24,107,0.772420443587271,0.7638190954773869,0.8798185941043084,0.8781954887218045,0.8565121412803532,0.8451519536903039,882,665,2920.556942373709,4900.0,0.8008820286659316,0.7974847240632376,0.8559716103768967,0.8629748246645316
50,0.0,4975.0,2022,118.70538344196713,120.43637642439026,91.7123910037146,93.05621266376306,1.7309929824231318,1.3438216600484623,1.2881121311593586,0.011924144133238727,0.008953132597843689,0.010438638365541208,27.380163760627198,988,750,1144,878,149,98,3229.046086475068,0.8636363636363636,0.8542141230068337,0.8491902834008097,0.8693333333333333,33676,25417,41959,31809,4857,3478,108491.54423370076,0.802593007459663,0.7990505831682857,0.8557726570851645,0.8631624503285202,988,750,977,766,839,149,18,138,652,98,14,114,0.7491258741258742,0.7585421412300684,0.8491902834008097,0.8693333333333333,0.8587512794268168,0.8511749347258486,988,750,3229.046086475068,5000.0,0.802593007459663,0.7990505831682857,0.8557726570851645,0.8631624503285202
51,0.0,5074.5,1993,120.45585053471343,122.24666288820619,93.06913087778993,94.34239349924113,1.790812353492754,1.2732626214511953,1.4064752418881847,0.01204529551568815,0.0090297732989601,0.010537534407324124,27.904269388965062,1027,732,1166,827,157,102,3190.620873737039,0.8807890222984562,0.8851269649334945,0.8471275559883155,0.860655737704918,34703,26149,43125,32636,5014,3580,111682.16510743779,0.8047072463768116,0.8012317685990931,0.8555168141082904,0.8630922788634364,1027,732,992,714,870,157,17,122,630,102,11,84,0.7607204116638079,0.7750906892382105,0.8471275559883155,0.860655737704918,0.8770161290322581,0.8823529411764706,1027,732,3190.620873737039,5100.0,0.8047072463768116,0.8012317685990931,0.8555168141082904,0.8630922788634364
52,0.0,5174.0,1977,122.25091682753211,124.04552732384985,94.34239349924113,95.66282105549914,1.7946104963177447,1.3204275562580108,1.3591131810392776,0.012159590685702543,0.0091100521886451,0.01063482143717382,28.382706268350717,999,735,1139,838,126,90,3172.836871683282,0.8770851624231782,0.8770883054892601,0.8738738738738738,0.8775510204081632,35702,26884,44264,33474,5140,3670,114855.00197912107,0.8065696728718598,0.8031307880743264,0.8560304744832222,0.8634875762535337,999,735,981,731,873,126,32,108,645,90,17,86,0.7945566286215979,0.7899761336515513,0.8738738738738738,0.8775510204081632,0.8899082568807339,0.8823529411764706,999,735,3172.836871683282,5200.0,0.8065696728718598,0.8031307880743264,0.8560304744832222,0.8634875762535337
53,0.0,5273.5,2042,124.05647583920118,125.86315172974719,95.66861065696756,97.06768610431588,1.8066758905460034,1.3990754473483236,1.2913355701940217,0.01227311244746237,0.009203233288636087,0.010738172868049229,28.795465625431305,1036,766,1171,871,132,106,3284.8891341643557,0.8847139197267293,0.8794489092996556,0.8725868725868726,0.8616187989556136,36738,27650,45435,34345,5272,3776,118139.89111328543,0.8085836909871245,0.805066239627311,0.8564973596820731,0.8634358047016275,1036,766,1025,752,904,132,14,121,660,106,13,92,0.7839453458582408,0.7726750861079219,0.8725868725868726,0.8616187989556136,0.8819512195121951,0.8776595744680851,1036,766,3284.8891341643557,5300.0,0.8085836909871245,0.805066239627311,0.8564973596820731,0.8634358047016275
54,0.0,5373.0,2069,125.87419764264637,127.68170885533898,97.0731832424743,98.45267881978522,1.8075112126926172,1.3794955773109194,1.31026966843637,0.012382602425396733,0.009289283175044556,0.010835942800220644,29.229030035553762,1026,793,1169,900,141,109,3334.8228258132135,0.8776732249786142,0.8811111111111111,0.8625730994152047,0.862547288776797,37764,28443,46604,35245,5413,3885,121474.71393909864,0.8103167110119303,0.8070080862533693,0.8566624298273489,0.8634110325914988,1026,793,1015,781,885,141,13,130,684,109,10,97,0.7681779298545766,0.7711111111111111,0.8625730994152047,0.862547288776797,0.8719211822660099,0.8758002560819462,1026,793,3334.8228258132135,5400.0,0.8103167110119303,0.8070080862533693,0.8566624298273489,0.8634110325914988
55,0.0,5472.5,2156,127.69501927785657,129.6602521427358,98.45851675994554,99.89969291737144,1.9652328648792263,1.4411761574259003,1.3636312637792656,0.012517199342643486,0.009383480589604877,0.01095033996612418,29.76055922536436,1113,780,1259,897,159,84,3482.1291973781395,0.8840349483717236,0.8695652173913043,0.8571428571428572,0.8923076923076922,38877,29223,47863,36142,5572,3969,124956.84313647677,0.8122558134676054,0.808560677328316,0.8566761838619235,0.8641823221435171,1113,780,1078,803,954,159,22,124,696,84,10,107,0.7752184273232724,0.7870680044593088,0.8571428571428571,0.8923076923076924,0.8849721706864564,0.8667496886674969,1113,780,3482.1291973781395,5500.0,0.8122558134676054,0.808560677328316,0.8566761838619235,0.8641823221435171
56,0.0,5572.0,2083,129.6771163477652,131.65897105956913,99.89969291737144,101.19646465966443,1.9818547118039191,1.2967717422929894,1.528298810937649,0.012650592018102232,0.009447484818771393,0.011049038418436814,30.462506399904697,1133,735,1249,834,165,96,3372.509310084158,0.9071257005604484,0.8812949640287769,0.854368932038835,0.8693877551020408,40010,29958,49112,36976,5737,4065,128329.35244656094,0.8146685127870988,0.8102012115967114,0.8566108472881779,0.8643100340476667,1133,735,1063,732,968,165,21,95,639,96,6,93,0.7918334667734187,0.7733812949640287,0.8543689320388349,0.8693877551020408,0.9106302916274694,0.8729508196721312,1133,735,3372.509310084158,5600.0,0.8146685127870988,0.8102012115967114,0.8566108472881779,0.8643100340476667
57,0.0,5671.5,2098,131.66612204645403,133.54544736521572,101.204391507956,102.60018260422206,1.879325318761687,1.395791096266052,1.3464230598612934,0.012759612562634928,0.009528005777136393,0.01114380916988566,30.945264760993666,1065,778,1210,888,153,98,3403.796905989889,0.8801652892561983,0.8761261261261262,0.856338028169014,0.8740359897172236,41075,30736,50322,37864,5890,4163,131733.14935255083,0.8162433925519653,0.8117473061483204,0.8566037735849057,0.8645562207183759,1065,778,1043,773,912,153,14,131,680,98,17,93,0.7652892561983471,0.7849099099099099,0.856338028169014,0.8740359897172236,0.8744007670182167,0.8796895213454075,1065,778,3403.796905989889,5700.0,0.8162433925519653,0.8117473061483204,0.8566037735849057,0.8645562207183759
58,0.0,5771.0,2174,133.5518058892781,135.53308421766414,102.6046621507921,104.03328142517935,1.9812783283860256,1.428619274387259,1.3868483814456476,0.01288231525163233,0.009610815819074954,0.011246565535353642,31.499802792484786,1097,796,1260,914,156,96,3533.376339333746,0.8706349206349207,0.8708971553610503,0.8577939835916135,0.8793969849246231,42172,31532,51582,38778,6046,4259,135266.52569188457,0.8175720212477221,0.8131414719686421,0.8566347339466944,0.8649308638843081,1097,796,1088,799,941,156,16,147,700,96,19,99,0.7595238095238095,0.7866520787746171,0.8577939835916135,0.8793969849246231,0.8648897058823529,0.8760951188986232,1097,796,3533.376339333746,5800.0,0.8175720212477221,0.8131414719686421,0.8566347339466944,0.8649308638843081
59,0.0,5870.5,2191,135.54128661019124,137.50700802432195,104.03852890209198,105.5210886404809,1.9657214141307122,1.4825597383889146,1.325896935705839,0.012998534282394123,0.009700091350158691,0.011349312816276408,31.98591938384105,1107,811,1269,922,150,111,3567.7937895495993,0.8723404255319149,0.8796095444685467,0.8644986449864499,0.8631319358816276,43279,32343,52851,39700,6196,4370,138834.31948143416,0.8188870598474958,0.8146851385390428,0.8568358788326902,0.8648857558049655,1107,811,1095,796,957,150,24,138,700,111,15,96,0.7730496453900709,0.7754880694143167,0.8644986449864499,0.8631319358816276,0.873972602739726,0.8793969849246231,1107,811,3567.7937895495993,5900.0,0.8188870598474958,0.8146851385390428,0.8568358788326902,0.8648857558049655
60,0.0,5970.0,2193,137.5191829281652,139.48324489995554,105.52408306453191,107.0276564422235,1.9640619717903292,1.5035733776915947,1.3062628009586823,0.013111264856959818,0.009789517794613147,0.011450391325786482,32.455588457732034,1122,840,1263,930,147,113,3578.0428464693723,0.8883610451306413,0.9032258064516129,0.8689839572192514,0.8654761904761905,44401,33183,54114,40630,6343,4483,142412.36232790354,0.8205085560113834,0.8167117893182377,0.8571428571428572,0.8649007021667722,1122,840,1099,808,975,147,17,124,727,113,9,81,0.7854315122723674,0.7913978494623656,0.8689839572192514,0.8654761904761905,0.8871701546860783,0.8997524752475248,1122,840,3578.0428464693723,6000.0,0.8205085560113834,0.8167117893182377,0.8571428571428572,0.8649007021667722
61,0.0,6069.5,2284,139.4935634895575,141.6218455428154,107.03715593578761,108.57962859472927,2.1282820532579194,1.5424726589416622,1.3797859177083884,0.013246916358134226,0.009883455560686007,0.011565185959410116,33.042216948086136,1164,871,1315,969,135,101,3733.724842641679,0.8851711026615969,0.8988648090815273,0.884020618556701,0.8840413318025259,45565,34054,55429,41599,6478,4584,146146.08717054522,0.8220426130725793,0.8186254477271089,0.8578294743772632,0.8653902625242262,1164,871,1154,854,1029,135,26,125,770,101,14,84,0.8022813688212928,0.8090815273477813,0.884020618556701,0.8840413318025259,0.891681109185442,0.9016393442622951,1164,871,3733.724842641679,6100.0,0.8220426130725793,0.8186254477271089,0.8578294743772632,0.8653902625242262
62,0.0,6169.0,2343,141.62950162761618,143.76348399360762,108.58574499565256,110.19193481552917,2.133982365991443,1.6061898198766045,1.328599110505747,0.013378681973453386,0.009984094377578152,0.01168138817551577,33.571549178078456,1197,885,1352,991,165,115,3836.9499291230536,0.8853550295857988,0.893037336024218,0.8621553884711779,0.8700564971751412,46762,34939,56781,42590,6643,4699,149983.03709966826,0.8235501312058611,0.820356891289035,0.8579402078610838,0.8655084575975271,1197,885,1174,863,1032,165,13,142,770,115,13,93,0.7729289940828402,0.7901109989909183,0.8621553884711779,0.8700564971751412,0.879045996592845,0.8922363847045192,1197,885,3836.9499291230536,6200.0,0.8235501312058611,0.820356891289035,0.8579402078610838,0.8655084575975271
63,0.0,6268.5,2339,143.77182441386785,145.93368160712785,110.19418481813086,111.78047098246029,2.161857193260005,1.5862861643294224,1.362841864143659,0.013510797753798607,0.010077765286970741,0.011794281520384673,34.153210624667565,1241,886,1360,979,176,115,3838.75631968523,0.9125,0.9050051072522982,0.8581788879935536,0.8702031602708804,48003,35825,58141,43569,6819,4814,153821.7934193535,0.8256307941039885,0.8222589455805733,0.857946378351353,0.8656245638520587,1241,886,1171,857,1065,176,13,106,771,115,7,86,0.7926470588235294,0.7946884576098059,0.8581788879935536,0.8702031602708804,0.9094790777113578,0.8996499416569428,1241,886,3838.75631968523,6300.0,0.8256307941039885,0.8222589455805733,0.857946378351353,0.8656245638520587
64,0.0,6368.0,2303,145.9429998510191,148.13665932261264,111.7880184193857,113.27771112913024,2.1936594715935485,1.4896927097445456,1.472558372101935,0.013643906806940003,0.010154243977279003,0.011899075392109503,34.858948193482405,1257,825,1372,931,157,90,3786.5500735704295,0.9161807580174927,0.8861439312567132,0.8750994431185362,0.8909090909090909,49260,36650,59513,44500,6976,4904,157608.34349292392,0.8277183136457581,0.8235955056179776,0.8583840844498579,0.8661937244201909,1257,825,1205,825,1100,157,10,105,735,90,16,90,0.8090379008746356,0.8066595059076263,0.8750994431185362,0.8909090909090909,0.9128630705394191,0.8909090909090909,1257,825,3786.5500735704295,6400.0,0.8277183136457581,0.8235955056179776,0.8583840844498579,0.8661937244201909
65,0.0,6467.5,2471,148.14519445827452,150.5438767683007,113.29471400432716,114.93839436538809,2.3986823100261745,1.6436803610609303,1.4593362352263675,0.013804341693862163,0.010253514567822072,0.012028928130842118,35.6054824029126,1288,902,1450,1021,165,116,4070.704055321767,0.8882758620689655,0.8834476003917727,0.8718944099378882,0.8713968957871396,50548,37552,60963,45521,7141,5020,161679.0475482457,0.8291586700129587,0.8249379407306517,0.8587283374218564,0.8663187047294418,1288,902,1260,889,1123,165,25,137,786,116,16,103,0.7917241379310345,0.7855044074436827,0.8718944099378882,0.8713968957871396,0.8912698412698413,0.8841394825646794,1288,902,4070.704055321767,6500.0,0.8291586700129587,0.8249379407306517,0.8587283374218564,0.8663187047294418
66,0.0,6567.0,2399,150.55575500444436,152.8557872862885,114.94353175207635,116.52407545098993,2.300032281844125,1.5805436989135728,1.4552158750340853,0.013945474473953312,0.010338412996431106,0.012141943735192208,36.33171183529856,1268,899,1404,995,152,113,3960.728005048738,0.9031339031339032,0.9035175879396985,0.8801261829652997,0.8743047830923248,51816,38451,62367,46516,7293,5133,165639.77555329443,0.8308239934580788,0.8266187978330037,0.859251968503937,0.8665054224857611,1268,899,1233,869,1116,152,19,117,786,113,13,83,0.8084045584045584,0.8030150753768844,0.8801261829652997,0.8743047830923248,0.9051094890510949,0.904487917146145,1268,899,3960.728005048738,6600.0,0.8308239934580788,0.8266187978330037,0.859251968503937,0.8665054224857611
67,0.0,6666.5,2433,152.85734373514126,155.19456209237018,116.5359115557167,118.19090052229426,2.3372183572289202,1.6549889665775623,1.4122259449633525,0.014086403930473664,0.010432888186231289,0.012259646058352476,37.00366157007592,1278,903,1420,1013,147,110,4025.6860659061354,0.9,0.8914116485686081,0.8849765258215962,0.8781838316722037,53094,39354,63787,47529,7440,5243,169665.46161920056,0.8323639613087306,0.8279997475225652,0.8598711718838287,0.8667733902525792,1278,903,1260,889,1131,147,13,129,793,110,14,96,0.8056338028169014,0.7966436327739388,0.8849765258215962,0.8781838316722038,0.8976190476190476,0.8920134983127109,1278,903,4025.6860659061354,6700.0,0.8323639613087306,0.8279997475225652,0.8598711718838287,0.8667733902525792
68,0.0,6766.0,2498,155.2055929576233,157.59216140324523,118.19798137705354,119.8769945021276,2.3865684456219185,1.6790131250740643,1.421411429119497,0.014231839065448323,0.010527418356997498,0.01237962871122291,37.71516690111763,1318,941,1459,1039,155,113,4141.418906727642,0.9033584647018505,0.9056785370548605,0.8823975720789075,0.8799149840595112,54412,40295,65246,48568,7595,5356,173806.8805259282,0.8339515066057689,0.8296615055180365,0.8604168198191575,0.8670802829135129,1318,941,1280,913,1163,155,24,117,828,113,13,85,0.8135709389993147,0.809432146294514,0.8823975720789075,0.8799149840595112,0.90859375,0.9069003285870756,1318,941,4141.418906727642,6800.0,0.8339515066057689,0.8296615055180365,0.8604168198191575,0.8670802829135129
69,0.0,6865.5,2548,157.604699382629,160.01024543668487,119.88809643614493,121.68293456747658,2.4055460540558613,1.7948381313316446,1.3402579386204114,0.014376027489635977,0.010636577520714776,0.012506302505175378,38.32731086920829,1327,985,1469,1079,164,119,4232.094424610429,0.9033356024506467,0.9128822984244671,0.8764129615674454,0.8791878172588833,55739,41280,66715,49647,7759,5475,178038.97495053863,0.8354792775237952,0.8314701794670373,0.860797646172339,0.8673691860465116,1327,985,1288,944,1163,164,17,125,866,119,16,78,0.8032675289312458,0.8174235403151066,0.8764129615674454,0.8791878172588833,0.9029503105590062,0.9173728813559322,1327,985,4232.094424610429,6900.0,0.8354792775237952,0.8314701794670373,0.860797646172339,0.8673691860465116
70,0.0,6965.0,2559,160.02474992920224,162.3766128423155,121.69263336897711,123.48246563541824,2.3518629131132514,1.789832266441124,1.3140130263656833,0.014508708154874124,0.010741702280124802,0.012625205217499463,38.89414720689726,1316,986,1469,1090,167,116,4258.306780113173,0.8958475153165418,0.9045871559633027,0.8731003039513678,0.8823529411764706,57055,42266,68184,50737,7926,5591,182297.2817306518,0.8367798897101959,0.8330409760135601,0.8610814126719832,0.8677187337339706,1316,986,1285,959,1149,167,17,136,870,116,15,89,0.7937372362151123,0.8119266055045872,0.8731003039513677,0.8823529411764706,0.8941634241245137,0.9071949947862357,1316,986,4258.306780113173,7000.0,0.8367798897101959,0.8330409760135601,0.8610814126719832,0.8677187337339706
71,0.0,7064.5,2508,162.38983342658693,164.7154166175642,123.49268165727752,125.25236442400902,2.3255831909772553,1.7596827667315011,1.321592297739483,0.01463376913512219,0.010839692218234422,0.012736730676678305,39.46305219355517,1327,938,1462,1046,184,102,4180.406235835256,0.9076607387140903,0.8967495219885278,0.8613413715146948,0.8912579957356077,58382,43204,69646,51783,8110,5693,186477.68796648705,0.8382678115038911,0.8343278682192997,0.8610873214346888,0.8682297935376354,1327,938,1258,933,1143,184,20,115,836,102,11,97,0.7954856361149111,0.8097514340344169,0.8613413715146948,0.8912579957356077,0.9085850556438791,0.8960342979635584,1327,938,4180.406235835256,7100.0,0.8382678115038911,0.8343278682192997,0.8610873214346888,0.8682297935376354
72,0.0,7164.0,2627,164.7260875501788,167.09036907628968,125.26026692401618,127.18297170039615,2.3642815261108865,1.9227047763799732,1.2296643536519967,0.014760376849735145,0.010957280836923823,0.012858828843329485,39.907397375893524,1302,1053,1465,1162,166,137,4385.865202735701,0.8887372013651877,0.9061962134251291,0.8725038402457758,0.8698955365622032,59684,44257,71111,52945,8276,5830,190863.55316922275,0.8393075614180647,0.8359051846255549,0.8613363715568662,0.8682694263054432,1302,1053,1281,1015,1136,166,18,145,916,137,10,99,0.7877133105802048,0.7969018932874354,0.8725038402457758,0.8698955365622032,0.8868071818891491,0.9024630541871921,1302,1053,4385.865202735701,7200.0,0.8393075614180647,0.8359051846255549,0.8613363715568662,0.8682694263054432
73,0.0,7263.5,2646,167.10148359792802,169.55646670093884,127.19240974816964,129.11710143125921,2.454983103010818,1.924691683089577,1.2755201908858462,0.014896001499005784,0.011072130377632137,0.01298406593831896,40.43936526967963,1367,1046,1488,1158,170,129,4425.734305325792,0.9186827956989247,0.9032815198618307,0.8756400877834675,0.8766730401529637,61051,45303,72599,54103,8446,5959,195289.28747454853,0.8409344481328944,0.8373472820361163,0.8616566477207581,0.8684634571661921,1367,1046,1306,1011,1197,170,12,109,917,129,18,94,0.8125,0.8074265975820379,0.8756400877834675,0.8766730401529637,0.9165390505359877,0.9070227497527201,1367,1046,4425.734305325792,7300.0,0.8409344481328944,0.8373472820361163,0.8616566477207581,0.8684634571661921
74,0.0,7363.0,2602,169.5644096576044,171.92471791974205,129.12717193158176,131.05922844820594,2.3603082621376643,1.9320565166241863,1.2216559100774893,0.01501473812993857,0.011184956591035314,0.013099847360486942,40.86548947153611,1355,1012,1469,1133,160,128,4359.966856216192,0.9223961878829136,0.8932038834951457,0.8819188191881919,0.8735177865612649,62406,46315,74068,55236,8606,6087,199649.25433076473,0.8425500891073068,0.838493011803896,0.8620965932762875,0.868573896145957,1355,1012,1287,988,1195,160,22,92,884,128,17,104,0.8284547311095983,0.795233892321271,0.8819188191881919,0.8735177865612648,0.9285159285159286,0.8947368421052632,1355,1012,4359.966856216192,7400.0,0.8425500891073068,0.838493011803896,0.8620965932762875,0.868573896145957
75,0.0,7462.5,2642,171.94001573338903,174.35616754028945,131.07701905346784,132.9925946998843,2.416151806900416,1.915575646416471,1.2613189207225457,0.015138734904279043,0.011293606003378625,0.013216170453828835,41.36357284040514,1348,1079,1471,1171,179,139,4434.592510002029,0.9163834126444595,0.9214346712211785,0.8672106824925816,0.871177015755329,63754,47394,75539,56407,8785,6226,204083.84684076675,0.8439878738135268,0.8402148669491375,0.8622047244094488,0.8686331603156517,1348,1079,1277,1012,1169,179,15,108,940,139,20,72,0.8048946295037389,0.8198121263877028,0.8672106824925816,0.871177015755329,0.9154267815191856,0.9288537549407114,1348,1079,4434.592510002029,7500.0,0.8439878738135268,0.8402148669491375,0.8622047244094488,0.8686331603156517
76,0.0,7562.0,2782,174.36195212102098,176.94445968593106,133.0000338454165,134.93079885037469,2.582507564910088,1.9307650049581753,1.337556646343935,0.015280105779965058,0.011400032786293429,0.013340069283129244,42.01366083555638,1441,1080,1588,1194,198,146,4676.849706416712,0.9074307304785895,0.9045226130653267,0.8625954198473282,0.8648148148148148,65195,48474,77127,57601,8983,6372,208760.69654718347,0.8452941252738989,0.84154788979358,0.8622133599202393,0.8685480876346082,1441,1080,1372,1033,1243,198,18,129,934,146,15,99,0.7940806045340051,0.7948073701842546,0.8625954198473282,0.8648148148148148,0.9059766763848397,0.904162633107454,1441,1080,4676.849706416712,7600.0,0.8452941252738989,0.84154788979358,0.8622133599202393,0.8685480876346082
77,0.0,7661.5,2679,176.95054711844253,179.4745859839667,134.9502136668723,136.88797761121216,2.524038865524176,1.9377639443398778,1.3025522912100729,0.015410250678671439,0.011506159472294487,0.013458205075482963,42.58660837275454,1383,1049,1517,1162,163,134,4510.36661719242,0.9116677653263019,0.9027538726333907,0.8821402747650036,0.8722592945662535,66578,49523,78644,58763,9146,6506,213271.0631643759,0.8465744367021006,0.8427581981859333,0.8626272943014208,0.8686266987056519,1383,1049,1340,1024,1220,163,14,120,915,134,4,109,0.8134475939353988,0.7908777969018933,0.8821402747650036,0.8722592945662536,0.9104477611940298,0.8935546875,1383,1049,4510.36661719242,7700.0,0.8465744367021006,0.8427581981859333,0.8626272943014208,0.8686266987056519
78,0.0,7761.0,2836,179.49829252786708,182.04927454130677,136.8992099875918,138.90728074328365,2.550982013439693,2.008070755691847,1.2703646055344278,0.015542771638860276,0.011617529624197312,0.013580150631528794,43.14199379802312,1441,1129,1589,1247,197,159,4781.506768454334,0.906859660163625,0.9053728949478749,0.8632893823733518,0.8591674047829938,68019,50652,80233,60010,9343,6665,218052.56993283023,0.8477683746089514,0.8440593234460924,0.8626413208074215,0.8684158572218273,1441,1129,1375,1072,1244,197,17,131,970,159,16,102,0.7935808684707363,0.7906976744186046,0.8632893823733518,0.8591674047829938,0.9047272727272727,0.9048507462686567,1441,1129,4781.506768454334,7800.0,0.8477683746089514,0.8440593234460924,0.8626413208074215,0.8684158572218273
79,0.0,7860.5,2804,182.0601606436339,184.75963341990308,138.91010864284073,140.78370750093742,2.6994727762691753,1.873598858096699,1.4407954854388858,0.01568911109641854,0.011707994661568709,0.013698552878993624,43.97592591896566,1472,1065,1640,1164,181,133,4734.422374985258,0.8975609756097561,0.9149484536082474,0.8770380434782609,0.8751173708920188,69491,51717,81873,61174,9524,6798,222786.9923078155,0.8487657713776214,0.8454081799457286,0.8629462808133428,0.8685538604327397,1472,1065,1440,1012,1291,181,19,149,932,133,19,80,0.7987804878048781,0.8170103092783505,0.8770380434782609,0.8751173708920188,0.8965277777777778,0.9209486166007905,1472,1065,4734.422374985258,7900.0,0.8487657713776214,0.8454081799457286,0.8629462808133428,0.8685538604327397
80,0.0,7960.0,2834,184.76661827098874,187.38424107633364,140.79719988085304,142.89534807196605,2.6176228053448938,2.0981481911130118,1.247587189709567,0.015821073164767125,0.011825599799677679,0.013823336482222403,44.48889300436758,1443,1140,1577,1257,184,138,4792.780310652517,0.9150285351934052,0.9069212410501193,0.8724878724878725,0.8789473684210526,70934,52857,83450,62431,9708,6936,227579.772618468,0.8500179748352307,0.8466466979545418,0.8631403840189472,0.8687780237243885,1443,1140,1371,1104,1259,184,22,112,1002,138,15,102,0.8123018389346861,0.8090692124105012,0.8724878724878725,0.8789473684210526,0.9183078045222466,0.907608695652174,1443,1140,4792.780310652517,8000.0,0.8500179748352307,0.8466466979545418,0.8631403840189472,0.8687780237243885
81,0.0,8059.5,2820,187.40017364112418,189.98245985076971,142.90040977446324,144.96552999074166,2.582286209645531,2.065120216278416,1.250429001319404,0.015946519023774457,0.011935182755086053,0.013940850889430256,45.01692986002806,1448,1124,1584,1236,184,128,4776.8670515986205,0.9141414141414141,0.9093851132686084,0.8729281767955801,0.8861209964412812,72382,53981,85034,63667,9892,7064,232356.63967006662,0.851212456193993,0.8478646708655976,0.8633361885551656,0.8691391415498045,1448,1124,1383,1095,1264,184,17,119,996,128,13,99,0.8087121212121212,0.8163430420711975,0.8729281767955801,0.8861209964412812,0.9139551699204628,0.9095890410958904,1448,1124,4776.8670515986205,8100.0,0.851212456193993,0.8478646708655976,0.8633361885551656,0.8691391415498045
82,0.0,8159.0,2906,189.99915024076756,192.69728852417344,144.97979134038502,147.1479442208155,2.698138283405882,2.1681528804304833,1.2444409745082972,0.016083125947070342,0.01205577982271596,0.014069452884893151,45.54934430335794,1478,1164,1623,1283,178,135,4930.1504513473155,0.9106592729513248,0.9072486360093531,0.8795669824086604,0.884020618556701,73860,55145,86657,64950,10070,7199,237286.79012141394,0.8523258363432844,0.8490377213240955,0.863660980232873,0.869453259588358,1478,1164,1428,1135,1300,178,17,128,1029,135,13,106,0.8114602587800369,0.8121590023382697,0.8795669824086604,0.884020618556701,0.9103641456582633,0.9066079295154185,1478,1164,4930.1504513473155,8200.0,0.8523258363432844,0.8490377213240955,0.863660980232873,0.869453259588358
83,0.0,8258.5,3026,192.717418509497,195.41117646711007,147.15853107621615,149.49150276324787,2.693757957613059,2.3329716870317156,1.1546466562739894,0.016216327796254634,0.012192885914301595,0.014204606855278114,45.9196737038622,1501,1279,1652,1374,193,148,5141.7723148440455,0.9085956416464891,0.9308588064046579,0.871419053964024,0.8842845973416732,75361,56424,88309,66324,10263,7347,242428.56243625798,0.8533784778448402,0.8507327664193957,0.8638155013866589,0.8697894512973203,1501,1279,1440,1211,1308,193,19,132,1131,148,15,80,0.8032687651331719,0.834061135371179,0.871419053964024,0.8842845973416732,0.9083333333333333,0.9339388934764657,1501,1279,5141.7723148440455,8300.0,0.8533784778448402,0.8507327664193957,0.8638155013866589,0.8697894512973203
84,0.0,8358.0,2962,195.42493998877993,198.05775797137727,149.4936962088871,151.74672306831806,2.632817982597345,2.2530268594309746,1.1685692833960668,0.016338345501569127,0.012316211118306362,0.014327278309937744,46.31103490305921,1480,1227,1633,1329,195,128,5040.8076812492745,0.906307409675444,0.9232505643340858,0.8682432432432432,0.895680521597392,76841,57651,89942,67653,10458,7475,247469.37011750726,0.854339463209624,0.852157332269079,0.8639007821345376,0.8703404971292779,1480,1227,1421,1188,1285,195,17,136,1099,128,13,89,0.7973055725658298,0.836719337848006,0.8682432432432432,0.895680521597392,0.904292751583392,0.9250841750841751,1480,1227,5040.8076812492745,8400.0,0.854339463209624,0.852157332269079,0.8639007821345376,0.8703404971292779
85,0.0,8457.5,3030,198.073426039245,200.89088123699852,151.7533142462572,153.96986324962714,2.8174551977535316,2.2165490033699484,1.2710998915295761,0.016479438291623752,0.012432860420597944,0.014456149356110847,46.921017987371386,1573,1206,1708,1322,189,142,5163.728063431802,0.9209601873536299,0.9122541603630863,0.8798474253019708,0.8822553897180763,78414,58857,91650,68975,10647,7617,252633.09818093907,0.8555810147299509,0.8533091699891265,0.8642206748794858,0.8705846373413528,1573,1206,1506,1158,1384,189,13,122,1064,142,22,94,0.8179156908665105,0.8214826021180031,0.8798474253019708,0.8822553897180763,0.9189907038512616,0.918825561312608,1573,1206,5163.728063431802,8500.0,0.8555810147299509,0.8533091699891265,0.8642206748794858,0.8705846373413528
86,0.0,8557.0,3000,200.9058787836188,203.6907611810012,153.97826199814781,156.2494197034438,2.784882397382404,2.271157705295991,1.2261950770254684,0.016613384351488902,0.012553356980104556,0.014583370665796729,47.44134147755739,1508,1229,1672,1328,195,135,5119.976998910416,0.9019138755980861,0.9254518072289156,0.8706896551724138,0.8901545972335232,79922,60086,93322,70303,10842,7752,257753.0751798495,0.8564111356378988,0.8546719201172069,0.8643427341658116,0.8709849216123556,1508,1229,1456,1181,1313,195,21,143,1094,135,12,87,0.7978468899521531,0.8328313253012049,0.8706896551724138,0.8901545972335232,0.9017857142857143,0.9263336155800169,1508,1229,5119.976998910416,8600.0,0.8564111356378988,0.8546719201172069,0.8643427341658116,0.8709849216123556
87,0.0,8656.5,3048,203.6955507189079,206.37778631729617,156.26515197448776,158.5685447188707,2.6822355983882744,2.3033927443829327,1.164471671159506,0.016731279374609144,0.012675631614290354,0.01470345549444975,47.80924159842547,1529,1237,1687,1361,203,144,5209.1375761104755,0.9063426200355661,0.9088905216752388,0.8672334859385219,0.883589329021827,81451,61323,95009,71664,11045,7896,262962.21275595995,0.8572977296887663,0.8557016075016745,0.864396999422966,0.8712391761655496,1529,1237,1469,1200,1326,203,15,143,1093,144,17,107,0.7949021932424422,0.8155767817781043,0.8672334859385219,0.883589329021827,0.9026548672566371,0.9108333333333334,1529,1237,5209.1375761104755,8700.0,0.8572977296887663,0.8557016075016745,0.864396999422966,0.8712391761655496
88,0.0,8756.0,3157,206.39178914112878,209.1970820912839,158.57619477153642,160.91903126480426,2.8052929501551205,2.342836493267839,1.1973916908910007,0.01686152571966901,0.012798691089802233,0.014830108404735622,48.27805082647964,1608,1281,1744,1413,210,157,5402.369956104164,0.9220183486238532,0.9065817409766455,0.8694029850746269,0.87743950039032,83059,62604,96753,73077,11255,8053,268364.5827120641,0.8584643370231414,0.8566854140153537,0.864493913964772,0.8713660468979618,1608,1281,1513,1239,1398,210,21,115,1124,157,17,115,0.8136467889908257,0.8075017692852088,0.8694029850746269,0.87743950039032,0.9239920687376074,0.9071832122679581,1608,1281,5402.369956104164,8800.0,0.8584643370231414,0.8566854140153537,0.864493913964772,0.8713660468979618
89,0.0,8855.5,3128,209.21303998769068,212.05794842470857,160.93187594890782,163.28586616438258,2.8449084370178923,2.3539902154747665,1.2085472651143176,0.016993516029945165,0.012920822077509884,0.014957169053727525,48.77208226032599,1563,1300,1708,1420,179,147,5358.787372790949,0.9151053864168618,0.9154929577464789,0.8854766474728087,0.8869230769230769,84622,63904,98461,74497,11434,8200,273723.37008485507,0.8594468876001665,0.8578063546183068,0.8648814729030276,0.8716825237856785,1563,1300,1516,1260,1384,179,13,132,1153,147,13,107,0.8179156908665105,0.8211267605633803,0.8854766474728087,0.8869230769230769,0.9129287598944591,0.915079365079365,1563,1300,5358.787372790949,8900.0,0.8594468876001665,0.8578063546183068,0.8648814729030276,0.8716825237856785
90,0.0,8955.0,3116,212.06902141737962,214.9705196645067,163.29244230466725,165.55076419167565,2.90149824712708,2.2583218870084067,1.2848027837921223,0.01712831821181223,0.013028912724125671,0.015078615467968952,49.41975547283104,1578,1239,1741,1375,180,137,5345.404864345117,0.9063756461803562,0.901090909090909,0.8859315589353612,0.8894269572235673,86200,65143,100202,75872,11614,8337,279068.77494920016,0.8602622702141673,0.8585907844791227,0.8652668213457076,0.8720200174999616,1578,1239,1539,1215,1398,180,22,141,1102,137,23,113,0.8156232050545663,0.8181818181818182,0.8859315589353612,0.8894269572235673,0.9083820662768031,0.9069958847736626,1578,1239,5345.404864345117,9000.0,0.8602622702141673,0.8585907844791227,0.8652668213457076,0.8720200174999616
91,0.0,9054.5,3160,214.98661804439786,217.78768883465185,165.56852642576115,167.91648978437405,2.8010707902539878,2.347963358612901,1.1929789193596136,0.017249673964445628,0.01314570770437686,0.015197690834411245,49.871199050277795,1609,1256,1767,1393,213,126,5427.124518337451,0.9105829088851161,0.9016511127063891,0.867619639527657,0.8996815286624203,87809,66399,101969,77265,11827,8463,284495.8994675376,0.8611342662966196,0.8593671131819064,0.8653099340614288,0.8725432611936927,1609,1256,1528,1248,1396,213,26,132,1130,126,19,118,0.8047538200339559,0.8248384781048098,0.867619639527657,0.8996815286624203,0.9136125654450262,0.905448717948718,1609,1256,5427.124518337451,9100.0,0.8611342662966196,0.8593671131819064,0.8653099340614288,0.8725432611936927
92,0.0,9154.0,3174,217.79365174756109,220.59776227885345,167.92317618440777,170.2900599152963,2.804110531292366,2.3668837308885315,1.1847267758436528,0.01736762027398444,0.013260816330516486,0.015314218302250462,50.307702363557155,1587,1284,1746,1428,201,174,5456.694516737534,0.9089347079037801,0.8991596638655462,0.8733459357277883,0.8644859813084113,89396,67683,103715,78693,12028,8637,289952.5939842751,0.8619389673624838,0.8600892074263277,0.8654525929571792,0.8723904082265856,1587,1284,1520,1240,1386,201,25,134,1110,174,14,130,0.8081328751431844,0.7871148459383753,0.8733459357277883,0.8644859813084113,0.9118421052631579,0.8951612903225806,1587,1284,5456.694516737534,9200.0,0.8619389673624838,0.8600892074263277,0.8654525929571792,0.8723904082265856
93,0.0,9253.5,3179,220.60558731222142,223.4035383552112,170.31148405825186,172.64638196258616,2.79795104298978,2.334897904334298,1.198318366638606,0.017482568021184364,0.013371594869681886,0.015427081445433125,50.757156392625035,1578,1272,1763,1416,192,152,5470.3035482811,0.8950652297220647,0.8983050847457628,0.8783269961977186,0.8805031446540881,90974,68955,105478,80109,12220,8789,295422.8975325562,0.8624926524962552,0.8607647080852339,0.8656759074021149,0.8725400623595099,1578,1272,1545,1249,1386,192,26,159,1120,152,15,129,0.8009075439591605,0.8015536723163842,0.8783269961977186,0.8805031446540881,0.8970873786407767,0.8967173738991193,1578,1272,5470.3035482811,9300.0,0.8624926524962552,0.8607647080852339,0.8656759074021149,0.8725400623595099
94,0.0,9353.0,3194,223.42082622430547,226.16580267274097,172.65533131411073,175.13415230772233,2.7449764484354944,2.478820993611606,1.107371793086238,0.017590441161121736,0.013494000280125288,0.015542220720623511,51.031650365018635,1571,1312,1746,1448,214,147,5500.607401690747,0.8997709049255441,0.9060773480662984,0.8637810311903247,0.8879573170731707,92545,70267,107224,81557,12434,8936,300923.50493424694,0.8630996791763038,0.861569209264686,0.8656437408828137,0.8728279277612535,1571,1312,1511,1287,1357,214,21,154,1165,147,14,122,0.7892325315005727,0.8142265193370166,0.8637810311903247,0.8879573170731707,0.8980807412309728,0.9052059052059052,1571,1312,5500.607401690747,9400.0,0.8630996791763038,0.861569209264686,0.8656437408828137,0.8728279277612535
95,0.0,9452.5,3322,226.1800676924369,229.05280457255046,175.14563953813465,177.67061195956194,2.872736880113564,2.524972421427293,1.1377300028052146,0.017709173559405666,0.013618953924738665,0.015664063742072167,51.38219261298852,1591,1368,1789,1533,178,178,5725.940624181642,0.8893236444941308,0.8923679060665362,0.8881206788183532,0.8698830409356725,94136,71635,109013,83090,12612,9114,306649.4455584286,0.8635300377019255,0.8621374413286798,0.8660236253930483,0.8727716898164305,1591,1368,1579,1339,1413,178,32,166,1190,178,16,149,0.8077138065958636,0.786692759295499,0.8881206788183532,0.8698830409356725,0.8948701709943002,0.888722927557879,1591,1368,5725.940624181642,9500.0,0.8635300377019255,0.8621374413286798,0.8660236253930483,0.8727716898164305
96,0.0,9552.0,3327,229.06473039194398,232.00659078778762,177.68416931712255,180.22038230263146,2.9418603958436336,2.536212985508911,1.159942170729532,0.017832389065582398,0.013742690898759046,0.015787539982170723,51.78620848515615,1626,1386,1792,1535,201,158,5738.570093914248,0.9073660714285714,0.9029315960912052,0.8763837638376384,0.886002886002886,95762,73021,110805,84625,12813,9272,312388.0156523428,0.8642389783854519,0.8628774002954209,0.8661995363505357,0.8730228290491776,1626,1386,1575,1362,1425,201,16,150,1228,158,15,134,0.8041294642857143,0.8097719869706841,0.8763837638376384,0.886002886002886,0.9047619047619048,0.9016152716593245,1626,1386,5738.570093914248,9600.0,0.8642389783854519,0.8628774002954209,0.8661995363505357,0.8730228290491776
97,0.0,9651.5,3384,232.02760136336056,234.9535519469036,180.2304021387154,182.84061414217138,2.9259505835430275,2.6102120034559846,1.120962810556766,0.01795236043182546,0.013871140666765645,0.015911750549295552,52.11293780473221,1650,1409,1824,1560,203,155,5841.3392128501855,0.9046052631578947,0.9032051282051282,0.876969696969697,0.8899929027679205,97412,74430,112629,86185,13016,9427,318229.354865193,0.8648927008141776,0.8636073562684922,0.8663819652609535,0.8733440816874916,1650,1409,1598,1391,1447,203,23,151,1254,155,14,137,0.805921052631579,0.8128205128205128,0.876969696969697,0.8899929027679205,0.9055068836045056,0.901509705248023,1650,1409,5841.3392128501855,9700.0,0.8648927008141776,0.8636073562684922,0.8663819652609535,0.8733440816874916
98,0.0,9751.0,3339,234.9708669220512,237.81993921982226,182.85652635608582,185.4722894444621,2.849072297771073,2.6157630883762693,1.089193555192963,0.0180616615777169,0.013998136711216068,0.016029899144466484,52.34764977536017,1567,1398,1776,1563,212,145,5767.727274179069,0.8823198198198198,0.8944337811900192,0.8647096362476069,0.896280400572246,98979,75828,114405,87748,13228,9572,323997.08213937207,0.8651632358725581,0.8641564480102111,0.866355489548288,0.873766946246769,1567,1398,1534,1391,1355,212,30,179,1253,145,27,138,0.7798423423423423,0.818937939859245,0.8647096362476069,0.8962804005722461,0.8833116036505867,0.9007907979870596,1567,1398,5767.727274179069,9800.0,0.8651632358725581,0.8641564480102111,0.866355489548288,0.873766946246769
99,0.0,9850.5,3364,237.83717878992556,240.82424960559638,185.48469694904625,188.0746011647991,2.987070815670819,2.5899042157528527,1.153351848883923,0.018182686247212098,0.014119601160631766,0.01615114370392193,52.74964844079727,1613,1367,1827,1537,207,162,5815.371313645665,0.8828680897646415,0.8893949251789199,0.8716676999380037,0.8814923189465984,100592,77195,116232,89285,13435,9734,329812.45345301775,0.8654415307316402,0.8645909167273338,0.86644067122634,0.8739037502428914,1613,1367,1589,1360,1406,207,31,183,1205,162,15,155,0.7865353037766831,0.7937540663630449,0.8716676999380037,0.8814923189465984,0.8848332284455632,0.8860294117647058,1613,1367,5815.371313645665,9900.0,0.8654415307316402,0.8645909167273338,0.86644067122634,0.8739037502428914
100,0.0,9950.0,3351,240.84433355534927,243.7041744080464,188.08987754426232,190.67732527858547,2.859840852697147,2.587447734323149,1.1052748292306098,0.01828885186498498,0.014238677560404084,0.016263764712694532,53.02684912946094,1592,1405,1784,1567,196,167,5797.066560471434,0.8923766816143498,0.8966177409061902,0.8768844221105527,0.8811387900355871,102184,78600,118016,90852,13631,9901,335609.5200134892,0.8658486984815619,0.8651433099986792,0.8666033821341893,0.8740330788804072,1592,1405,1567,1388,1396,196,21,171,1238,167,12,150,0.7942825112107623,0.797702616464582,0.8768844221105527,0.8811387900355871,0.8908742820676452,0.8919308357348703,1592,1405,5797.066560471434,10000.0,0.8658486984815619,0.8651433099986792,0.8666033821341893,0.8740330788804072
101,0.0,10049.5,3458,243.71838857465937,246.67483475802615,190.68935459061953,193.3907164825511,2.9564461833667792,2.701361891931583,1.0944280335770933,0.01840189891087421,0.014366353149307573,0.01638412603009089,53.28411827547504,1677,1414,1858,1600,222,144,5986.19153447579,0.9025834230355221,0.88375,0.8676207513416816,0.8981612446958982,103861,80014,119874,92452,13853,10045,341595.71154796495,0.866418072309258,0.8654653225457535,0.8666198091680226,0.8744594695928213,1677,1414,1600,1434,1455,222,36,145,1270,144,22,164,0.802475780409042,0.8075,0.8676207513416816,0.8981612446958982,0.909375,0.8856345885634589,1677,1414,5986.19153447579,10100.0,0.866418072309258,0.8654653225457535,0.8666198091680226,0.8744594695928213
102,0.0,10149.0,3454,246.68979816017657,249.68249565956012,193.40323428954332,196.02149135972132,2.992697499383553,2.6182570701780037,1.1430113312670602,0.018516356853074855,0.014483425655409481,0.016499891254242168,53.661004299838794,1638,1443,1862,1592,197,174,5982.824949639449,0.8796992481203008,0.9064070351758794,0.8797313797313797,0.8794178794178794,105499,81457,121736,94044,14050,10219,347578.5364976044,0.8666212131169088,0.8661583939432606,0.8668233822121536,0.8745473071681992,1638,1443,1645,1406,1441,197,20,204,1269,174,12,137,0.784640171858217,0.8046482412060302,0.8797313797313797,0.8794178794178794,0.8759878419452888,0.9025604551920341,1638,1443,5982.824949639449,10200.0,0.8666212131169088,0.8661583939432606,0.8668233822121536,0.8745473071681992
103,0.0,10248.5,3467,249.6939811382916,252.69637504566316,196.0416221893243,198.66250218059184,3.0023939073715553,2.620879991267543,1.1455671062296522,0.018629196047326848,0.014599218689907498,0.016614207368617174,54.03387286507132,1673,1435,1868,1599,210,166,6008.975342188157,0.895610278372591,0.8974358974358975,0.8744769874476988,0.8843205574912892,107172,82892,123604,95643,14260,10385,353587.51183979254,0.867059318468658,0.866681304434198,0.8669428582092338,0.8747164985764609,1673,1435,1643,1419,1463,210,15,180,1269,166,14,150,0.791220556745182,0.8023764853033146,0.8744769874476988,0.8843205574912892,0.8904443091905052,0.8942917547568711,1673,1435,6008.975342188157,10300.0,0.867059318468658,0.866681304434198,0.8669428582092338,0.8747164985764609
104,0.0,10348.0,3507,252.71357997813985,255.67319156416323,198.6800653827223,201.32411166734443,2.959611586023385,2.644046284622135,1.119349386293496,0.01873630151980448,0.01471476557623075,0.016725533548017615,54.34907989681881,1700,1443,1902,1605,227,166,6081.259719448685,0.8937960042060988,0.8990654205607477,0.8664705882352941,0.884961884961885,108872,84335,125506,97248,14487,10551,359668.7715592412,0.8674645036890667,0.8672157782165186,0.8669354838709677,0.8748918005573012,1700,1443,1646,1426,1473,227,29,173,1277,166,13,149,0.7896950578338591,0.8037383177570093,0.8664705882352941,0.884961884961885,0.8948967193195626,0.8955119214586256,1700,1443,6081.259719448685,10400.0,0.8674645036890667,0.8672157782165186,0.8669354838709677,0.8748918005573012
105,0.0,10447.5,3525,255.68407601359513,258.6862646754518,201.34214750886204,204.004050286117,3.002188661856678,2.6619027772549657,1.1278355796873338,0.018844819896881446,0.014829857201102132,0.01683733854899179,54.6822143893348,1650,1475,1877,1648,211,169,6114.96528660889,0.8790623335109217,0.8950242718446602,0.8721212121212121,0.8854237288135594,110522,85810,127383,98896,14698,10720,365783.73684585013,0.867635398758076,0.8676791781265167,0.8670129024085702,0.8750728353338771,1650,1475,1644,1460,1439,211,22,205,1306,169,19,154,0.7783697389451252,0.804004854368932,0.8721212121212121,0.8854237288135594,0.8753041362530414,0.8945205479452055,1650,1475,6114.96528660889,10500.0,0.867635398758076,0.8676791781265167,0.8670129024085702,0.8750728353338771
106,0.0,10547.0,3537,258.7115761423626,261.6488134474273,204.01535195086814,206.76899040640802,2.9372373050646843,2.7536384555398854,1.0666750019979663,0.01894652431030478,0.01495079629545881,0.016948660302881797,54.87982304101928,1674,1484,1873,1664,228,185,6138.759108257889,0.8937533368926855,0.8918269230769231,0.8637992831541219,0.8753369272237197,112196,87294,129256,100560,14926,10905,371922.495954108,0.8680138639598936,0.8680787589498806,0.866964954187315,0.8750773249020551,1674,1484,1626,1463,1446,228,19,180,1299,185,16,164,0.7821676454885211,0.7902644230769231,0.8637992831541219,0.8753369272237197,0.8892988929889298,0.8879015721120984,1674,1484,6138.759108257889,10600.0,0.8680138639598936,0.8680787589498806,0.866964954187315,0.8750773249020551
107,0.0,10646.5,3535,261.6711649153745,264.70029057357357,206.78600279618325,209.6316550887508,3.0291256581990638,2.845652292567536,1.0644749768307027,0.019054638767792238,0.015078607982636091,0.017066623375214165,55.06863548482278,1674,1520,1854,1681,217,154,6138.848366110523,0.9029126213592233,0.9042236763831053,0.8703703703703703,0.8986842105263158,113870,88814,131110,102241,15143,11059,378061.34432021854,0.8685073602318664,0.8686730372355513,0.8670150171247915,0.875481343031504,1674,1520,1614,1507,1457,217,23,157,1366,154,20,141,0.7982740021574973,0.8245092207019631,0.8703703703703703,0.8986842105263158,0.90272614622057,0.9064366290643663,1674,1520,6138.848366110523,10700.0,0.8685073602318664,0.8686730372355513,0.8670150171247915,0.875481343031504
108,0.0,10746.0,3602,264.71839332129815,267.690427087566,209.65287547483268,212.50198210227964,2.9720337662678276,2.8491066274469574,1.0431458540851535,0.019155071419386053,0.015204762261827317,0.017179916840606685,55.18844498528634,1681,1544,1876,1726,197,172,6259.31280044127,0.8960554371002132,0.8945538818076477,0.8828078524687686,0.8886010362694301,115551,90358,132986,103967,15340,11231,384320.65712065983,0.868895974012302,0.8691026960477843,0.8672447663802131,0.8757055269040926,1681,1544,1656,1530,1484,197,23,172,1372,172,24,158,0.8033049040511727,0.8088064889918888,0.8828078524687686,0.8886010362694301,0.8961352657004831,0.8967320261437909,1681,1544,6259.31280044127,10800.0,0.868895974012302,0.8691026960477843,0.8672447663802131,0.8757055269040926
109,0.0,10845.5,3552,267.71252994719123,270.7598572552193,212.5177025221247,215.3569608460368,3.047327308028059,2.839258323912105,1.0732828648818624,0.019260935917158044,0.015327193685457999,0.01729406480130802,55.40289640918249,1677,1521,1870,1682,197,129,6175.555445790692,0.8967914438502674,0.9042806183115338,0.8825283243887895,0.9151873767258383,117228,91879,134856,105649,15537,11360,390496.21256645053,0.8692827905321232,0.8696627511855295,0.8674634046473539,0.876359124500702,1677,1521,1653,1532,1480,197,20,173,1392,129,21,140,0.8021390374331551,0.8400713436385255,0.8825283243887895,0.9151873767258383,0.8953418027828192,0.9086161879895561,1677,1521,6175.555445790692,10900.0,0.8692827905321232,0.8696627511855295,0.8674634046473539,0.876359124500702
110,0.0,10945.0,3587,270.76921381832096,273.8392219960366,215.36600653732063,218.17354252862916,3.0700081777156356,2.8075359913085265,1.0934884493804038,0.019365778748894544,0.015443908441280412,0.01740484359508748,55.66567946740744,1698,1523,1919,1668,221,164,6240.019413468592,0.8848358520062533,0.9130695443645084,0.8698468786808009,0.8923177938279712,118926,93402,136775,107317,15758,11524,396736.23197991913,0.8695010053006763,0.8703374115936897,0.8674974353799842,0.8766193443395216,1698,1523,1670,1486,1477,221,28,193,1359,164,18,127,0.7842626367899947,0.8255395683453237,0.8698468786808009,0.8923177938279712,0.884431137724551,0.914535666218035,1698,1523,6240.019413468592,11000.0,0.8695010053006763,0.8703374115936897,0.8674974353799842,0.8766193443395216
111,0.0,11044.5,3632,273.85332616266777,276.9951207888643,218.19242233941452,221.05400706662633,3.1417946261965426,2.861584727211806,1.0979212309599373,0.019475627480240332,0.015564275440728081,0.017519951460484205,55.941113722237986,1722,1558,1895,1737,205,174,6322.2293213689445,0.9087071240105541,0.8969487622337363,0.8809523809523809,0.8883183568677792,120648,94960,138670,109054,15963,11698,403058.4613012881,0.8700367779620682,0.8707612742311148,0.8676894768251442,0.8768112889637742,1722,1558,1676,1549,1517,205,14,159,1384,174,14,165,0.807915567282322,0.8048359240069085,0.8809523809523809,0.8883183568677792,0.9051312649164678,0.8934796642995481,1722,1558,6322.2293213689445,11100.0,0.8700367779620682,0.8707612742311148,0.8676894768251442,0.8768112889637742
112,0.0,11144.0,3624,277.0114446342555,280.0616396756039,221.0750863585707,224.05371109129504,3.0501950413483883,2.9786247327243416,1.0240279709752447,0.019575534278339937,0.01569313941220986,0.0176343368452749,56.00792858430884,1676,1584,1861,1763,197,170,6312.460607569732,0.9005910800644814,0.8984685195689166,0.8824582338902148,0.8926767676767677,122324,96544,140531,110817,16160,11868,409370.9219088578,0.8704413972717764,0.8712020718842777,0.8678918282593767,0.8770715942989725,1676,1584,1646,1576,1479,197,18,167,1414,170,17,162,0.8044062332079527,0.8116846284741918,0.8824582338902148,0.8926767676767676,0.8985419198055893,0.8972081218274112,1676,1584,6312.460607569732,11200.0,0.8704413972717764,0.8712020718842777,0.8678918282593767,0.8770715942989725
113,0.0,11243.5,3662,280.07725224293233,283.1976462515692,224.07169137088954,226.96659438135623,3.120394008636879,2.8949030104666917,1.0778924189704842,0.019679822167555098,0.015812039354585097,0.017745930761070096,56.23105187021298,1740,1565,1905,1757,231,175,6382.749014153402,0.9133858267716536,0.8907228229937393,0.8672413793103448,0.8881789137380192,124064,98109,142436,112574,16391,12043,415753.6709230112,0.8710157544441012,0.8715067422317764,0.8678827057002837,0.8772487743224373,1740,1565,1658,1566,1509,231,16,149,1390,175,16,176,0.800524934383202,0.8002276607854297,0.8672413793103448,0.8881789137380192,0.9101326899879373,0.8876117496807152,1740,1565,6382.749014153402,11300.0,0.8710157544441012,0.8715067422317764,0.8678827057002837,0.8772487743224373
114,0.0,11343.0,3695,283.21444468422504,286.4101040890159,226.97877347679014,229.9427978253938,3.195659404790831,2.964024348603658,1.0781488371700778,0.0197889866956859,0.01593440773253063,0.017861697214108265,56.46730626362208,1771,1608,1924,1771,223,199,6444.441608722275,0.9204781704781705,0.9079616036137775,0.8740824392998305,0.8762437810945274,125835,99717,144360,114345,16614,12242,422198.11253173347,0.8716749792186201,0.8720713629804538,0.8679699606627727,0.8772325681679152,1771,1608,1680,1554,1548,223,21,132,1409,199,18,145,0.8154885654885655,0.805759457933371,0.8740824392998306,0.8762437810945274,0.9214285714285714,0.9066924066924067,1771,1608,6444.441608722275,11400.0,0.8716749792186201,0.8720713629804538,0.8679699606627727,0.8772325681679152
115,0.0,11442.5,3692,286.42093918350497,289.53921409721914,229.95802132048465,232.96352990855303,3.118274913714174,3.0055085880683805,1.0375198813583386,0.01988900507295848,0.016058520020348556,0.01797376254665352,56.575684188666116,1718,1603,1913,1779,205,163,6442.944190788478,0.8980658651332984,0.9010680157391793,0.880675203725262,0.8983156581409857,127553,101320,146273,116124,16819,12405,428641.05672252196,0.8720201267492975,0.8725155867865385,0.8681410864503383,0.8775661271219898,1718,1603,1687,1593,1513,205,21,174,1440,163,23,153,0.8018818609513853,0.822372119168072,0.880675203725262,0.8983156581409857,0.8968583283935981,0.903954802259887,1718,1603,6442.944190788478,11500.0,0.8720201267492975,0.8725155867865385,0.8681410864503383,0.8775661271219898
116,0.0,11542.0,3713,289.54444258034766,292.6606167587603,232.9770861823933,235.89280487363948,3.1161741784126207,2.915718691246184,1.0687499407155638,0.01998663456901411,0.016172608206818522,0.018079621387916314,56.76781188512081,1742,1587,1917,1796,226,196,6482.973092012374,0.9087115284298383,0.8836302895322939,0.870264064293915,0.8764965343415249,129295,102907,148190,117920,17045,12601,435124.02981453435,0.8724947702274107,0.8726848710990502,0.8681696894698171,0.8775496321921735,1742,1587,1674,1579,1516,226,17,158,1391,196,21,188,0.7996870109546166,0.7861915367483296,0.870264064293915,0.8764965343415249,0.9056152927120669,0.8809373020899304,1742,1587,6482.973092012374,11600.0,0.8724947702274107,0.8726848710990502,0.8681696894698171,0.8775496321921735
117,0.0,11641.5,3735,292.6789215950838,295.83911631155365,235.9089195596194,238.91880737699742,3.160194716469846,3.0098878173780292,1.0499377080514423,0.020087475260970687,0.01629301347884212,0.018190244369906405,56.92030893455623,1750,1627,1942,1793,208,181,6524.436735224957,0.9011328527291452,0.9074177356385945,0.8811428571428571,0.8887523048555623,131045,104534,150132,119713,17253,12782,441648.4665497593,0.8728652119468201,0.8732050821548203,0.8683429356327979,0.8777239941071804,1750,1627,1704,1596,1542,208,30,162,1446,181,16,150,0.8094747682801235,0.8153931957612939,0.8811428571428571,0.8887523048555623,0.9049295774647887,0.9060150375939849,1750,1627,6524.436735224957,11700.0,0.8728652119468201,0.8732050821548203,0.8683429356327979,0.8777239941071804
118,0.0,11741.0,3774,295.85125166844944,298.8959322973696,238.93296017106132,241.95177622263552,3.044680628920162,3.0188160515741913,1.0085677884654427,0.02017629462196381,0.016411968351533128,0.01829413148674847,56.94415607473408,1725,1664,1942,1832,255,186,6595.576420857717,0.888259526261586,0.9082969432314411,0.8521739130434782,0.8882211538461539,132770,106198,152074,121545,17508,12968,448244.04297061707,0.8730617988610808,0.8737340079805833,0.8681328613391579,0.8778884724759412,1725,1664,1660,1629,1470,255,27,190,1478,186,17,151,0.770854788877446,0.8160480349344978,0.8521739130434782,0.8882211538461539,0.8855421686746988,0.907305095150399,1725,1664,6595.576420857717,11800.0,0.8730617988610808,0.8737340079805833,0.8681328613391579,0.8778884724759412
119,0.0,11840.5,3766,298.91036919574833,302.067010234704,241.97140763821483,245.0072430953904,3.1566410389556836,3.0358354571755797,1.0397931915231324,0.020273223065252723,0.016530814573180317,0.01840201881921652,57.05976713931361,1737,1646,1948,1818,212,165,6584.291824252544,0.8916837782340863,0.9053905390539054,0.8779504893494531,0.8997569866342648,134507,107844,154022,123363,17720,13133,454828.3347948696,0.8732973211619119,0.8742005301427495,0.8682596444794695,0.8782222469492972,1737,1646,1710,1635,1525,212,26,185,1481,165,18,154,0.7962012320328542,0.8245324532453245,0.8779504893494531,0.8997569866342648,0.8918128654970761,0.9058103975535168,1737,1646,6584.291824252544,11900.0,0.8732973211619119,0.8742005301427495,0.8682596444794695,0.8782222469492972
120,0.0,11940.0,3729,302.07602948194466,305.27308089991703,245.02064199931206,248.02435952525963,3.197051417972375,3.0037175259475646,1.0643648713151947,0.020371452095143367,0.01664448415422625,0.01850796812468481,57.24872137465741,1770,1613,1942,1787,218,179,6523.289736951074,0.9114315139031925,0.9026301063234471,0.8768361581920904,0.889026658400496,136277,109457,155964,125150,17938,13312,461351.62453182065,0.8737721525480239,0.87460647223332,0.86837103839973,0.8783814648674823,1770,1613,1707,1589,1552,218,17,155,1434,179,19,155,0.8079299691040165,0.8130945719082261,0.8768361581920904,0.889026658400496,0.9091974223784417,0.9024543738200126,1770,1613,6523.289736951074,12000.0,0.8737721525480239,0.87460647223332,0.86837103839973,0.8783814648674823
121,0.0,12039.5,3780,305.286229969406,308.4923008320389,248.03903878156794,251.14224291711542,3.2060708626328847,3.103204135547486,1.0331485531058209,0.020469144220978702,0.0167646027473199,0.018616873484149303,57.35005791492347,1773,1666,1948,1832,217,177,6616.0359443292145,0.910164271047228,0.9093886462882096,0.8776085730400451,0.8937575030012005,138050,111123,157912,126982,18155,13489,467967.6604761499,0.8742210851613557,0.8751082830637413,0.8684896776530242,0.8786119885172287,1773,1666,1712,1633,1556,217,19,156,1489,177,22,144,0.8085215605749486,0.8247816593886463,0.8776085730400451,0.8937575030012005,0.9088785046728972,0.9118187385180649,1773,1666,6616.0359443292145,12100.0,0.8742210851613557,0.8751082830637413,0.8684896776530242,0.8786119885172287
122,0.0,12139.0,3775,308.5136505682071,311.6272350678703,251.1622582591573,254.23935139455398,3.1135844996632045,3.077093135396666,1.0118590379494101,0.020558326172924073,0.016881049321312243,0.018719687747118158,57.38788367331631,1759,1690,1951,1824,235,170,6610.287946453827,0.9015889287544849,0.9265350877192983,0.8664013644115975,0.8994082840236687,139809,112813,159863,128806,18390,13659,474577.9484226037,0.8745550877939235,0.8758365293542226,0.8684634036435422,0.878923528316772,1759,1690,1694,1645,1524,235,22,170,1520,170,9,125,0.7924141465914916,0.8382675438596491,0.8664013644115975,0.8994082840236687,0.8996458087367178,0.9240121580547113,1759,1690,6610.287946453827,12200.0,0.8745550877939235,0.8758365293542226,0.8684634036435422,0.878923528316772
123,0.0,12238.5,3819,311.6498746830869,314.78160363014285,254.2601925022297,257.3680041681455,3.131728947055933,3.10781166591579,1.0076958592447702,0.020647638038369612,0.01699816703200007,0.018822902535184843,57.413599461997364,1745,1691,1945,1874,208,190,6690.535297507572,0.897172236503856,0.9023479188900747,0.8808022922636103,0.8876404494382022,141554,114504,161808,130680,18598,13849,481268.4837201113,0.8748269554039355,0.8762167125803489,0.8686155106885005,0.8790522601830504,1745,1691,1717,1669,1537,208,20,180,1501,190,15,168,0.8005141388174807,0.8089647812166488,0.8808022922636103,0.8876404494382022,0.895165987186954,0.8993409227082085,1745,1691,6690.535297507572,12300.0,0.8748269554039355,0.8762167125803489,0.8686155106885005,0.8790522601830504
124,0.0,12338.0,3825,314.7959534732183,317.94935420757906,257.3768224764555,260.483779475895,3.153400734360787,3.1069569994394897,1.0149483030919564,0.020736588584627617,0.017112357242044386,0.018924472913336002,57.46557473168406,1779,1695,1954,1871,216,195,6704.198035183002,0.9104401228249744,0.9059326563335115,0.8785834738617201,0.8849557522123894,143333,116199,163762,132551,18814,14044,487972.6817552943,0.8752518899378366,0.8766361626845516,0.8687392296261154,0.8791383746848079,1779,1695,1711,1662,1563,216,27,148,1500,195,14,162,0.8137154554759468,0.809192944949225,0.8785834738617201,0.8849557522123894,0.9135008766803039,0.9025270758122743,1779,1695,6704.198035183002,12400.0,0.8752518899378366,0.8766361626845516,0.8687392296261154,0.8791383746848079
125,0.0,12437.5,3773,317.9694599432049,321.13231597249415,260.5032162782103,263.5718974501943,3.1628560292892303,3.0686811719839966,1.0306890328539235,0.020825332817143802,0.017222507822051973,0.01902392031959789,57.56041852229987,1764,1653,1934,1839,212,175,6616.411283630937,0.9120992761116856,0.8988580750407831,0.8798185941043084,0.8941318814277072,145097,117852,165696,134390,19026,14219,494589.09303892526,0.8756819718037853,0.8769402485303966,0.8688739257186572,0.8793486746088314,1764,1653,1699,1646,1552,212,23,147,1478,175,18,168,0.8143743536711479,0.8134855899945622,0.8798185941043084,0.8941318814277072,0.9134785167745733,0.8979343863912516,1764,1653,6616.411283630937,12500.0,0.8756819718037853,0.8769402485303966,0.8688739257186572,0.8793486746088314
126,0.0,12537.0,3844,321.14315724799707,324.27273565610733,263.59379476715134,266.71103000896,3.1295784081102624,3.1172352418086575,1.003959651853045,0.02090929205538974,0.017334958756699635,0.019122125406044688,57.561705647147335,1763,1676,1953,1891,225,168,6743.585569976572,0.9027137736815156,0.8863035430988895,0.8723766307430516,0.8997613365155132,146860,119528,167649,136281,19251,14387,501332.67860890186,0.8759968744221558,0.8770701711904081,0.8689159743973853,0.879634897262566,1763,1676,1702,1697,1538,225,26,164,1508,168,26,189,0.8008192524321557,0.8112109994711793,0.8723766307430516,0.8997613365155132,0.9036427732079906,0.8886269888037713,1763,1676,6743.585569976572,12600.0,0.8759968744221558,0.8770701711904081,0.8689159743973853,0.879634897262566
127,0.0,12636.5,3826,324.28613049463735,327.47908703235464,266.7273797032249,269.77615204051034,3.1929565377172935,3.0487723372854134,1.0472925441721437,0.020997120572768348,0.01743981120991856,0.019218465891343454,57.7029349918443,1799,1705,1974,1852,231,195,6714.443687163893,0.9113475177304965,0.9206263498920086,0.8715953307392996,0.8856304985337243,148659,121233,169623,138133,19482,14582,508047.12229606573,0.8764082701048796,0.8776541449183034,0.868948398684237,0.8797192183646367,1799,1705,1721,1645,1568,231,22,153,1510,195,12,135,0.8054711246200608,0.8218142548596112,0.8715953307392996,0.8856304985337243,0.9110981987216734,0.9179331306990881,1799,1705,6714.443687163893,12700.0,0.8764082701048796,0.8776541449183034,0.868948398684237,0.8797192183646367
128,0.0,12736.0,3792,327.4948973987232,330.5987178427801,269.78947434728894,272.83336170954277,3.1038204440569075,3.0438873622538267,1.0196896516429252,0.021076801725358085,0.01754240719023423,0.019309604457796156,57.76535613323733,1772,1663,1976,1816,216,187,6657.03398958142,0.8967611336032388,0.9157488986784141,0.8781038374717833,0.8875526157546603,150431,122896,171599,139949,19698,14769,514704.1562856471,0.8766426377776094,0.8781484683706208,0.8690562450558728,0.8798252180705637,1772,1663,1737,1617,1556,216,23,181,1476,187,12,141,0.7990890688259109,0.8193832599118943,0.8781038374717833,0.8875526157546603,0.895797351755901,0.9128014842300557,1772,1663,6657.03398958142,12800.0,0.8766426377776094,0.8781484683706208,0.8690562450558728,0.8798252180705637
129,0.0,12835.5,3881,330.619370080918,333.7689457125399,272.8475363112897,276.01761384102696,3.1495756316219286,3.1700775297372843,0.9935326824271535,0.021159169763902582,0.017653260788099406,0.019406215276000994,57.751331871512946,1793,1743,1972,1909,256,189,6815.833211453957,0.9092292089249493,0.9130434782608695,0.8572225320691578,0.891566265060241,152224,124639,173571,141858,19954,14958,521519.9894971011,0.8770128650523417,0.8786180546743927,0.8689168593651461,0.8799894094143887,1793,1743,1688,1702,1537,256,28,151,1554,189,18,148,0.7936105476673428,0.8234677841801991,0.8572225320691579,0.891566265060241,0.9105450236966824,0.9130434782608695,1793,1743,6815.833211453957,12900.0,0.8770128650523417,0.8786180546743927,0.8689168593651461,0.8799894094143887
130,0.0,12935.0,3867,333.7809666685776,336.9680592576932,276.03302003950853,279.2989928294807,3.1870925891155935,3.2659727899721815,0.9758478695539714,0.021242492576884354,0.017769880242687393,0.019506186409785874,57.66906642821249,1787,1729,1973,1894,226,173,6794.274589710647,0.905727318803852,0.912882787750792,0.8735310576385003,0.8999421631000578,154011,126368,175544,143752,20180,15131,528314.2640868118,0.8773355967734585,0.8790695085981413,0.868970398218309,0.8802624082046088,1787,1729,1722,1703,1561,226,25,161,1556,173,18,147,0.8038520020273695,0.8310454065469906,0.8735310576385003,0.8999421631000578,0.9065040650406504,0.913681738109219,1787,1729,6794.274589710647,13000.0,0.8773355967734585,0.8790695085981413,0.868970398218309,0.8802624082046088
131,0.0,13034.5,3890,336.9809897994604,340.20110638520765,279.3118260669565,282.5109252455529,3.2201165857472347,3.199099178596441,1.0065697891742182,0.021327133635649698,0.017879417982519717,0.019603275809084705,57.690181139654726,1777,1744,1974,1916,217,207,6837.585682076212,0.9002026342451874,0.9102296450939458,0.8778840742824986,0.8813073394495413,155788,128112,177518,145668,20397,15338,535151.849768888,0.8775898782095337,0.8794793640332812,0.8690720723033867,0.8802766329461721,1777,1744,1727,1695,1560,217,30,167,1537,207,14,158,0.8054711246200608,0.8094989561586639,0.8778840742824986,0.8813073394495413,0.903300521134916,0.9067846607669616,1777,1744,6837.585682076212,13100.0,0.8775898782095337,0.8794793640332812,0.8690720723033867,0.8802766329461721
132,0.0,13134.0,3875,340.21460618075207,343.37328416804814,282.5236322391916,285.7153356063969,3.1586779872960733,3.191703367205264,0.9896527414644712,0.021405880940140266,0.017986726206958504,0.019696303573549387,57.65794856165127,1787,1737,1973,1902,242,177,6813.878367612116,0.905727318803852,0.9132492113564669,0.8645775041969782,0.8981001727115717,157575,129849,179491,147570,20639,15515,541965.7281365001,0.8778991704319437,0.8799146167920309,0.8690211010629859,0.8805150598002295,1787,1737,1706,1706,1545,242,25,161,1560,177,19,146,0.7957425240750127,0.8301787592008412,0.8645775041969782,0.8981001727115717,0.9056271981242673,0.9144196951934349,1787,1737,6813.878367612116,13200.0,0.8778991704319437,0.8799146167920309,0.8690211010629859,0.8805150598002295
133,0.0,13233.5,3877,343.3843858699013,346.58333977063955,285.7344030944821,288.88891574767405,3.1989539007382746,3.1545126531919436,1.0140881500352716,0.021486292031010747,0.018090102712265372,0.01978819737163806,57.69442402296551,1794,1728,1976,1901,234,182,6820.076212045492,0.9078947368421053,0.908995265649658,0.8695652173913043,0.8946759259259259,159369,131577,181467,149471,20873,15697,548785.8043485456,0.8782257931194102,0.8802844698971707,0.8690272261230226,0.8807010343753088,1794,1728,1723,1706,1560,234,19,163,1546,182,13,160,0.7990890688259109,0.8200946870068385,0.8695652173913043,0.8946759259259259,0.9053975623911782,0.9062133645955451,1794,1728,6820.076212045492,13300.0,0.8782257931194102,0.8802844698971707,0.8690272261230226,0.8807010343753088
134,0.0,13333.0,3923,346.5965063005907,349.78291014519084,288.9059306492382,292.1800216617417,3.186403844600136,3.2740910125035043,0.9732178587679763,0.02156472047664136,0.018200706864716202,0.01988271367067878,57.602888483449135,1795,1742,1981,1942,221,182,6903.347672196703,0.906108026249369,0.8970133882595263,0.8768802228412256,0.8955223880597015,161164,133319,183448,151413,21094,15879,555689.1520207423,0.8785268850028346,0.8804990324476762,0.869114690625698,0.8808946961798393,1795,1742,1728,1744,1574,221,32,154,1560,182,16,184,0.8107016658253408,0.811534500514933,0.8768802228412256,0.8955223880597015,0.9108796296296297,0.8944954128440367,1795,1742,6903.347672196703,13400.0,0.8785268850028346,0.8804990324476762,0.869114690625698,0.8808946961798393
135,0.0,13432.5,3917,349.7981211343652,352.98446305354213,292.19603962680765,295.37724946976687,3.1863419191769253,3.1812098429592197,1.001613246680053,0.021642133873729298,0.018302718503349795,0.019972426188539547,57.60721358377526,1765,1753,1984,1933,227,190,6895.37728580674,0.889616935483871,0.9068804966373513,0.8713881019830029,0.8916143753565317,162929,135072,185432,153346,21321,16069,562584.529306549,0.8786455412226585,0.8808315834778866,0.8691393183533932,0.8810338190002369,1765,1753,1727,1720,1538,227,30,189,1563,190,23,157,0.7903225806451613,0.8204862907397827,0.8713881019830029,0.8916143753565317,0.8905616676317313,0.9087209302325582,1765,1753,6895.37728580674,13500.0,0.8786455412226585,0.8808315834778866,0.8691393183533932,0.8810338190002369
136,0.0,13532.0,3914,352.99770745215244,356.20564732699546,295.391076292698,298.6147805941588,3.207939874843021,3.2237043014607707,0.995109840995464,0.02171985232123521,0.01840619344997163,0.02006302288560342,57.59086673283667,1786,1754,1969,1945,216,196,6891.968173071551,0.9070594210259014,0.9017994858611825,0.8790593505039194,0.8882554161915621,164715,136826,187401,155291,21537,16265,569476.4974796205,0.8789440824755471,0.8810942037851518,0.8692468809762317,0.8811263941063833,1786,1754,1729,1732,1570,216,24,159,1558,196,17,174,0.8095479939055358,0.8097686375321337,0.8790593505039194,0.8882554161915621,0.9080393290919607,0.8995381062355658,1786,1754,6891.968173071551,13600.0,0.8789440824755471,0.8810942037851518,0.8692468809762317,0.8811263941063833
137,0.0,13631.5,3897,356.2176420378767,359.3896534651304,298.63312326302304,301.86491174413675,3.172011427253665,3.2317884811137105,0.9815034139117156,0.02179372246036013,0.018509077523327894,0.02015139999184401,57.52474172099363,1774,1750,1973,1924,210,192,6864.152215016456,0.8991383679675621,0.9095634095634095,0.8816234498308906,0.8902857142857143,166489,138576,189374,157215,21747,16457,576340.6496946369,0.8791544773833789,0.8814426104379353,0.8693787577557677,0.8812420621175384,1774,1750,1741,1708,1564,210,22,177,1558,192,24,150,0.8038520020273695,0.8222453222453222,0.8816234498308907,0.8902857142857142,0.8983342906375646,0.9121779859484778,1774,1750,6864.152215016456,13700.0,0.8791544773833789,0.8814426104379353,0.8693787577557677,0.8812420621175384
138,0.0,13731.0,3918,359.4110477645743,362.57907427731186,301.87374907095216,305.1511287128775,3.1680265127375833,3.277379641925336,0.9666339755733908,0.021866914385443133,0.01861308543756035,0.020239999911501744,57.42794556443437,1783,1747,1989,1929,228,169,6903.623113168525,0.8964303670186023,0.9056505961638155,0.8721256309590577,0.9032627361190613,168272,140323,191363,159144,21975,16626,583244.2728078054,0.8793340405407524,0.881736037802242,0.8694078634591613,0.8815162161584345,1783,1747,1738,1741,1555,228,23,183,1578,169,19,163,0.7933634992458521,0.8278900984966304,0.8721256309590578,0.9032627361190613,0.8947065592635213,0.9063756461803562,1783,1747,6903.623113168525,13800.0,0.8793340405407524,0.881736037802242,0.8694078634591613,0.8815162161584345
139,0.0,13830.5,3955,362.59789495480885,365.78467719694186,305.17089625019224,308.4471724236118,3.186782242133006,3.2762761734195465,0.9726842529294064,0.021940217369693902,0.01871630379489692,0.02032826058229541,57.33750477333007,1796,1761,1988,1967,204,173,6970.491067767417,0.903420523138833,0.8952719877986782,0.8864142538975501,0.9017603634298694,170068,142084,193351,161111,22179,16799,590214.7638755728,0.8795816933969827,0.881901297862964,0.8695874591339935,0.88176712367332,1796,1761,1762,1766,1592,204,22,170,1588,173,28,178,0.8118712273641852,0.8215556685307575,0.8864142538975501,0.9017603634298694,0.9035187287173666,0.89920724801812,1796,1761,6970.491067767417,13900.0,0.8795816933969827,0.881901297862964,0.8695874591339935,0.88176712367332
140,0.0,13930.0,3929,365.8001826252112,368.98207211221506,308.4600943198333,311.65788546892077,3.1818894870038434,3.197791149087493,0.995027298112265,0.02201188688242989,0.01881195255674115,0.02041191971958552,57.3241866432943,1767,1740,1980,1949,203,184,6925.974952653925,0.8924242424242425,0.8927655207798871,0.8851160158460668,0.8942528735632184,171835,143824,195331,163060,22382,16983,597140.7388282268,0.879711873691324,0.8820311541763768,0.8697471411528501,0.8819181777728334,1767,1740,1750,1749,1564,203,27,186,1556,184,16,193,0.8035353535353535,0.8065674704976912,0.8851160158460668,0.8942528735632184,0.8937142857142857,0.8896512292738707,1767,1740,6925.974952653925,14000.0,0.879711873691324,0.8820311541763768,0.8697471411528501,0.8819181777728334
141,0.0,14029.5,3910,368.99803450917955,372.0873957705299,311.6733126474705,314.87820171465796,3.089361261350348,3.20488906718748,0.9639526350475163,0.022076009929952716,0.01890692567660378,0.02049146780327825,57.20919405587193,1767,1741,1980,1930,231,181,6893.456517250062,0.8924242424242425,0.9020725388601036,0.8692699490662139,0.8960367604824814,173602,145565,197311,164990,22613,17164,604034.1953454769,0.8798394412881188,0.8822655918540517,0.8697422840750683,0.8820870401538832,1767,1741,1719,1732,1536,231,30,183,1560,181,17,172,0.7909090909090909,0.8170984455958549,0.8692699490662139,0.8960367604824814,0.893542757417103,0.9006928406466512,1767,1741,6893.456517250062,14100.0,0.8798394412881188,0.8822655918540517,0.8697422840750683,0.8820870401538832
142,0.0,14129.0,3918,372.10200524017387,375.28693069836334,314.8855219000951,317.98245286591344,3.1849254581894684,3.0969309658183306,1.028413449748269,0.02214586443240611,0.01899238754868795,0.020569125990547027,57.30447783244989,1795,1725,1989,1929,216,178,6907.9817344709945,0.9024635495223731,0.8942457231726283,0.8796657381615599,0.8968115942028986,175397,147290,199300,166919,22829,17342,610942.1770799479,0.8800652282990467,0.8824040402830116,0.8698438399744579,0.8822594880847308,1795,1725,1754,1729,1579,216,19,175,1547,178,22,182,0.8034188034188035,0.8133748055987559,0.8796657381615599,0.8968115942028986,0.9002280501710376,0.8947368421052632,1795,1725,6907.9817344709945,14200.0,0.8800652282990467,0.8824040402830116,0.8698438399744579,0.8822594880847308
143,0.0,14228.5,3938,375.3033224275758,378.4160180591273,318.0012838789697,321.2084671422477,3.112695631551503,3.2071832632780115,0.9705387488116491,0.022209815545519627,0.01908516905368553,0.02064749229960258,57.2075509168796,1763,1738,1989,1949,236,163,6944.049903834862,0.886375062845651,0.8917393535146229,0.866137266023823,0.9062140391254315,177160,149028,201289,168868,23065,17505,617886.2269837827,0.8801275777613282,0.8825117843522752,0.8698069541657258,0.8825388517594009,1763,1738,1721,1767,1527,236,32,194,1575,163,19,192,0.7838109602815485,0.8178553104155978,0.866137266023823,0.9062140391254315,0.8872748402091807,0.8913412563667232,1763,1738,6944.049903834862,14300.0,0.8801275777613282,0.8825117843522752,0.8698069541657258,0.8825388517594009
144,0.0,14328.0,3939,378.4234869496894,381.6033621328345,321.22673415079026,324.4254386014745,3.1798751831451,3.198704450684261,0.994113470678689,0.022276924053794295,0.01917603395325902,0.020726479003526657,57.177923531359966,1765,1739,1983,1956,207,171,6946.385140626798,0.8900655572365104,0.8890593047034765,0.8827195467422096,0.9016676250718804,178925,150767,203272,170824,23272,17676,624832.6121244095,0.8802245267424929,0.88258675595935,0.8699343300265474,0.8827594898087778,1765,1739,1747,1766,1558,207,29,189,1568,171,19,198,0.800302571860817,0.8113496932515337,0.8827195467422096,0.9016676250718804,0.8918145392100744,0.8878822197055493,1765,1739,6946.385140626798,14400.0,0.8802245267424929,0.88258675595935,0.8699343300265474,0.8827594898087778
145,0.0,14427.5,3956,381.612681342863,384.7393956455297,324.4500136323294,327.72242298231924,3.1267143026666986,3.272409349989857,0.9554777438453382,0.022339568268091938,0.019271163676398247,0.020805365972245093,57.01697266321048,1755,1762,1984,1972,225,157,6976.815924106256,0.8845766129032258,0.8935091277890467,0.8717948717948718,0.9108967082860386,180680,152529,205256,172796,23497,17833,631809.4280485158,0.8802665939119928,0.8827114053566055,0.8699524020367501,0.8830845281880823,1755,1762,1725,1790,1530,225,34,195,1605,157,25,185,0.7883064516129032,0.8265720081135902,0.8717948717948718,0.9108967082860386,0.8869565217391304,0.8966480446927374,1755,1762,6976.815924106256,14500.0,0.8802665939119928,0.8827114053566055,0.8699524020367501,0.8830845281880823
146,0.0,14527.0,3941,384.751796861422,387.92601003105045,327.73995516908866,330.95846331017333,3.1742131696284446,3.218508141084669,0.9862374213410264,0.02240481878581191,0.01936081600244032,0.020882817394126115,56.967546720877124,1766,1752,1989,1952,228,177,6951.348128284856,0.8878833584715937,0.8975409836065574,0.8708946772366931,0.898972602739726,182446,154281,207245,174748,23725,18010,638760.7761768007,0.8803396945644044,0.8828770572481516,0.869961522861559,0.8832649516142623,1766,1752,1736,1751,1538,228,25,198,1575,177,24,176,0.7858220211161387,0.8191598360655737,0.8708946772366931,0.898972602739726,0.8859447004608295,0.8994860079954312,1766,1752,6951.348128284856,14600.0,0.8803396945644044,0.8828770572481516,0.869961522861559,0.8832649516142623
147,0.0,14626.5,3954,387.9439098657565,391.17806571264737,330.978448018853,334.11092122781656,3.2341558468908715,3.1324732089635745,1.0324608164680649,0.022473633330234746,0.01944356269069877,0.020958598010466758,57.067144484830806,1804,1739,1995,1959,230,198,6974.941904817132,0.9042606516290727,0.8876978050025524,0.8725055432372506,0.8861414606095457,184250,156020,209240,176707,23955,18208,645735.7180816178,0.8805677690690117,0.8829305007724652,0.8699864314789688,0.8832970132034355,1804,1739,1735,1738,1574,230,30,161,1541,198,23,197,0.8040100250626566,0.7983665135273098,0.8725055432372506,0.8861414606095457,0.9072046109510087,0.8866513233601842,1804,1739,6974.941904817132,14700.0,0.8805677690690117,0.8829305007724652,0.8699864314789688,0.8832970132034355
148,0.0,14726.0,3964,391.1961126661261,394.32423039537224,334.1282514128209,337.45014809740707,3.128117729246128,3.321896684586193,0.9416661703420184,0.022534363151160516,0.019537810704247465,0.021036086927703992,56.874082297965174,1760,1760,1990,1974,209,169,6993.671348469118,0.8844221105527639,0.8915906788247214,0.88125,0.9039772727272727,186010,157780,211230,178681,24164,18377,652729.389430087,0.8806040808597264,0.8830261751389348,0.8700930057523789,0.8835276967930029,1760,1760,1755,1786,1551,209,26,204,1591,169,19,195,0.7924623115577889,0.8156028368794326,0.88125,0.9039772727272727,0.8837606837606837,0.8908174692049272,1760,1760,6993.671348469118,14800.0,0.8806040808597264,0.8830261751389348,0.8700930057523789,0.8835276967930029
149,0.0,14825.5,3966,394.3442856710985,397.55802712849743,337.4627299322146,340.6843063262995,3.213741457398953,3.2215763940849342,0.9975679804767732,0.02260015915236918,0.019623742057164755,0.02111195060476697,56.87372080219791,1790,1760,1994,1972,223,183,6998.465455448485,0.8976930792377131,0.8924949290060852,0.8754189944134079,0.8960227272727272,187800,159540,213224,180653,24387,18560,659727.8548855354,0.8807638914943908,0.8831295356290789,0.8701437699680511,0.883665538422966,1790,1760,1745,1765,1567,223,26,178,1577,183,24,188,0.7988966900702106,0.8118661257606491,0.8754189944134079,0.8960227272727272,0.8979942693409743,0.8934844192634561,1790,1760,6998.465455448485,14900.0,0.8807638914943908,0.8831295356290789,0.8701437699680511,0.883665538422966
150,0.0,14925.0,3960,397.5734207103687,400.82475025754,340.6987842941081,344.01648956413,3.2513295471713377,3.317705270021861,0.9799934842162499,0.022667272966622895,0.01971506265930569,0.02119116781296429,56.808260693410034,1810,1782,1996,1964,215,181,6989.629831707593,0.906813627254509,0.9073319755600815,0.8812154696132597,0.8984287317620651,189610,161322,215220,182617,24602,18741,666717.484717243,0.8810054827618251,0.8833898267959719,0.8702494594166974,0.8838286160598059,1810,1782,1760,1760,1595,215,21,165,1601,181,23,159,0.8096192384769539,0.8268839103869654,0.8812154696132597,0.8984287317620651,0.90625,0.9096590909090909,1810,1782,6989.629831707593,15000.0,0.8810054827618251,0.8833898267959719,0.8702494594166974,0.8838286160598059
151,0.0,15024.5,3964,400.8414132331997,404.08868094051496,344.03143699518023,347.3522404333288,3.2472677073152454,3.320803438148573,0.9778560423093497,0.02273331292598135,0.01980540998402544,0.021269361455003397,56.73644050718616,1812,1803,1994,1970,204,189,6998.660169882371,0.9087261785356068,0.915228426395939,0.8874172185430463,0.8951747088186356,191422,163125,217214,184587,24806,18930,673716.1448871254,0.8812599556198035,0.8837296234296023,0.8704119693661125,0.8839540229885058,1812,1803,1766,1764,1608,204,24,158,1614,189,17,150,0.8184553660982948,0.8279187817258883,0.8874172185430463,0.8951747088186356,0.9105322763306908,0.9149659863945578,1812,1803,6998.660169882371,15100.0,0.8812599556198035,0.8837296234296023,0.8704119693661125,0.8839540229885058
152,0.0,15124.0,3981,404.11066618929635,407.3811392239629,347.3709109823671,350.70570311942004,3.2704730346665656,3.3347921370529434,0.9807127101951192,0.02280036075432673,0.019895733779268118,0.021348047266797426,56.67543610454288,1800,1799,1995,1986,219,198,7031.026650901428,0.9022556390977443,0.905840886203424,0.8783333333333333,0.8899388549193996,193222,164924,219209,186573,25025,19128,680747.1715380268,0.8814510353133311,0.883964989575126,0.8704857624908137,0.8840193058620941,1800,1799,1753,1763,1581,219,23,172,1601,198,25,162,0.8040100250626566,0.8187311178247734,0.8783333333333333,0.8899388549193996,0.9018824871648602,0.9081111741349972,1800,1799,7031.026650901428,15200.0,0.8814510353133311,0.883964989575126,0.8704857624908137,0.8840193058620941
153,0.0,15223.5,3972,407.3956036171232,410.56978760499226,350.7257186346293,354.136230705368,3.174183987869071,3.4105120707387186,0.9307059825715677,0.022859747179529127,0.019989913792864272,0.0214248304861967,56.43355689962425,1829,1828,1993,1979,241,171,7017.504533699821,0.9177119919719017,0.9236988377968671,0.868234007654456,0.9064551422319475,195051,166752,221202,188552,25266,19299,687764.6760717266,0.8817777416117395,0.8843820272391701,0.8704646477075226,0.8842652561888313,1829,1828,1729,1791,1588,241,23,141,1657,171,17,134,0.8083291520321124,0.8458817584638706,0.868234007654456,0.9064551422319475,0.91844997108155,0.9251814628699051,1829,1828,7017.504533699821,15300.0,0.8817777416117395,0.8843820272391701,0.8704646477075226,0.8842652561888313
154,0.0,15323.0,3952,410.58527639655506,413.8012344918356,354.1551030605527,357.52770004517623,3.2159580952805413,3.3725969846235557,0.9535554084709299,0.022921141476210324,0.020080334439651404,0.021500737957930866,56.27353444665937,1827,1810,1993,1959,221,163,6984.739392590218,0.916708479678876,0.923940786115365,0.8790366721401204,0.9099447513812154,196878,168562,223195,190511,25487,19462,694749.4154643168,0.8820896525459799,0.8847888048459144,0.8705441948821098,0.8845409997508336,1827,1810,1750,1783,1606,221,22,144,1647,163,13,136,0.81685900652283,0.8473711077080143,0.8790366721401204,0.9099447513812154,0.9177142857142857,0.9237240605720696,1827,1810,6984.739392590218,15400.0,0.8820896525459799,0.8847888048459144,0.8705441948821098,0.8845409997508336
155,0.0,15422.5,3981,413.8175336870392,417.05330419463525,357.54592153195983,360.8893146317237,3.235770507596044,3.3433930997638868,0.9678103684022548,0.022983074092673462,0.02016766225530188,0.02157536817398767,56.163989562911524,1831,1816,1996,1985,254,169,7038.373379976118,0.9173346693386774,0.9148614609571788,0.8612779901693064,0.9069383259911894,198709,170378,225191,192496,25741,19631,701787.788844293,0.88240204981549,0.8850989111462056,0.8704588116290657,0.8847797250818767,1831,1816,1722,1788,1577,254,20,145,1647,169,28,141,0.8001002004008017,0.8438287153652393,0.8612779901693064,0.9069383259911894,0.9157955865272939,0.9211409395973155,1831,1816,7038.373379976118,15500.0,0.88240204981549,0.8850989111462056,0.8704588116290657,0.8847797250818767
156,0.0,15522.0,3989,417.0710115836409,420.3177771287089,360.90863003538334,364.3154867262485,3.2467655450680013,3.4068566908651405,0.9530091341304745,0.023045007780161043,0.020258008785365635,0.02165150828276334,56.0022904024604,1827,1823,1999,1990,219,166,7055.047610901519,0.9139569784892446,0.9160804020100503,0.8801313628899836,0.9089413055403182,200536,172201,227190,194486,25960,19797,708842.8364551945,0.8826796954091289,0.8854159168269181,0.8705469342163004,0.8850355108274632,1827,1823,1756,1809,1608,219,24,148,1657,166,15,152,0.8164082041020511,0.8402010050251256,0.8801313628899836,0.9089413055403182,0.9157175398633257,0.9159756771697071,1827,1823,7055.047610901519,15600.0,0.8826796954091289,0.8854159168269181,0.8705469342163004,0.8850355108274632
157,0.0,15621.5,3964,420.3392998504556,423.55457494760816,364.3313307055618,367.66240211570175,3.2152750971525847,3.3310714101399412,0.9652375170838827,0.02310438975728736,0.020342156206443127,0.021723272981865244,55.89217283190641,1809,1824,1995,1969,232,193,7013.373199739383,0.9067669172932331,0.9263585576434739,0.8717523493642897,0.8941885964912281,202345,174025,229185,196455,26192,19990,715856.2096549339,0.882889368850492,0.885826270647222,0.8705577108403963,0.8851314466312311,1809,1824,1742,1762,1577,232,21,165,1631,193,14,131,0.8010025062656642,0.8354494667343829,0.8717523493642897,0.8941885964912281,0.9052812858783008,0.9256526674233825,1809,1824,7013.373199739383,15700.0,0.882889368850492,0.885826270647222,0.8705577108403963,0.8851314466312311
158,0.0,15721.0,3940,423.57369706206504,426.7696967788795,367.6814593564527,370.8902489648423,3.1959997168144696,3.2087896083896226,0.9960141071444159,0.023161648165866005,0.020417702486727706,0.021789675326296856,55.87944781403718,1793,1762,1988,1952,210,172,6972.533048137141,0.9019114688128773,0.9026639344262295,0.882877858337981,0.902383654937571,204138,175787,231173,198407,26402,20162,722828.742703071,0.8830529516855342,0.8859919256881058,0.8706659220723236,0.8853043740435869,1793,1762,1763,1762,1583,210,15,180,1590,172,18,172,0.8038229376257545,0.8237704918032787,0.882877858337981,0.9023836549375709,0.8979013045944413,0.9023836549375709,1793,1762,6972.533048137141,15800.0,0.8830529516855342,0.8859919256881058,0.8706659220723236,0.8853043740435869
159,0.0,15820.5,3982,426.78652882022504,429.9207503223022,370.90753935283266,374.27559792116364,3.134221502077139,3.36805856833098,0.9305721496494886,0.02321415689082425,0.02050220429224019,0.02185818059153222,55.645152401138546,1785,1802,1997,1985,251,149,7047.961459855729,0.8938407611417125,0.9078085642317381,0.8593837535014006,0.9173140954495006,205923,177589,233170,200392,26653,20311,729876.7041629268,0.8831453445983617,0.8862080322567767,0.8705681249787542,0.8856291774828395,1785,1802,1720,1820,1534,251,26,186,1653,149,16,167,0.7811717576364546,0.8408060453400503,0.8593837535014006,0.9173140954495006,0.891860465116279,0.9082417582417582,1785,1802,7047.961459855729,15900.0,0.8831453445983617,0.8862080322567767,0.8705681249787542,0.8856291774828395
160,0.0,15920.0,3973,429.93981152754424,433.20256765941986,374.2960935041771,377.6036683823312,3.2627561318756193,3.307574878154071,0.9864496654106091,0.023274181993826453,0.02058206991923666,0.021928125956531555,55.59889927708866,1809,1771,1991,1982,220,169,7033.679973516643,0.9085886489201407,0.8935418768920282,0.8783858485351023,0.9045736871823828,207732,179360,235161,202374,26873,20480,736910.3841364434,0.8833607613507342,0.8862798580845366,0.8706362043402076,0.8858162355040142,1809,1771,1736,1789,1589,220,35,147,1602,169,24,187,0.8156705173279759,0.8203834510595358,0.8783858485351023,0.9045736871823828,0.9153225806451613,0.8954723309111235,1809,1771,7033.679973516643,16000.0,0.8833607613507342,0.8862798580845366,0.8706362043402076,0.8858162355040142
161,0.0,16019.5,3966,433.223311548503,436.42868959107716,377.6132040465974,380.9054460099917,3.205378042574182,3.2922419633943036,0.9736155720673201,0.02333000210142115,0.020659310331394225,0.021994656216407688,55.52324358108547,1777,1795,1988,1978,202,178,7022.43098320446,0.8938631790744467,0.9074823053589485,0.8863252673044457,0.9008356545961003,209509,181155,237149,204352,27075,20658,743932.8151196479,0.8834488022298218,0.886485084559975,0.870769274828289,0.8859650575474042,1777,1795,1760,1785,1575,202,26,185,1617,178,15,168,0.8053319919517102,0.8250758341759353,0.8863252673044457,0.9008356545961003,0.8948863636363636,0.9058823529411765,1777,1795,7022.43098320446,16100.0,0.8834488022298218,0.886485084559975,0.870769274828289,0.8859650575474042
162,0.0,16119.0,3980,436.44567708637004,439.65528609897353,380.92205782309486,384.2441675689481,3.2096090126034937,3.322109745853254,0.9661357565353803,0.023385162366714625,0.02073787764780268,0.022061520007258653,55.41111853002542,1787,1779,1996,1984,214,192,7048.362895159206,0.8952905811623246,0.8966733870967742,0.8802462227196418,0.8920741989881956,211296,182934,239145,206336,27289,20850,750981.178014807,0.883547638462021,0.8865830490074442,0.8708494245040133,0.8860244678408606,1787,1779,1753,1765,1573,214,29,180,1587,192,27,178,0.8026052104208417,0.813508064516129,0.8802462227196418,0.8920741989881956,0.8973188819167142,0.8991501416430595,1787,1779,7048.362895159206,16200.0,0.883547638462021,0.8865830490074442,0.8708494245040133,0.8860244678408606
163,0.0,16218.5,3984,439.66906994829526,442.84901363492014,384.2588046251846,387.454711312023,3.179943686624881,3.1959066868383843,0.9950051732488802,0.0234376293175904,0.02080761727837291,0.022122623297981654,55.39430232289715,1800,1774,1997,1987,228,190,7056.394788500244,0.901352028042063,0.8928032209360846,0.8733333333333333,0.8928974069898534,213096,184708,241142,208323,27517,21040,758037.5728033073,0.883695084224233,0.8866423774619221,0.870870405826482,0.886090477943565,1800,1774,1742,1776,1572,228,27,170,1584,190,21,192,0.800701051577366,0.8077503774534474,0.8733333333333333,0.8928974069898534,0.9024110218140069,0.8918918918918919,1800,1774,7056.394788500244,16300.0,0.883695084224233,0.8866423774619221,0.870870405826482,0.886090477943565
164,0.0,16318.0,3984,442.86685782133895,446.04703124739433,387.4666343257859,390.7219074002939,3.180173426055376,3.255273074508011,0.9769298468258348,0.02348971801763401,0.020879960836935933,0.02218483942728497,55.32512384710043,1789,1801,1996,1988,243,207,7057.112025711992,0.8962925851703407,0.9059356136820925,0.864169927333706,0.8850638534147696,214885,186509,243138,210311,27760,21247,765094.6848290194,0.8837985012626575,0.8868247500130759,0.8708146217744375,0.8860805644767813,1789,1801,1727,1767,1546,243,26,181,1594,207,14,173,0.7875751503006012,0.8088531187122736,0.864169927333706,0.8850638534147696,0.8951939779965258,0.9020939445387662,1789,1801,7057.112025711992,16400.0,0.8837985012626575,0.8868247500130759,0.8708146217744375,0.8860805644767813
165,0.0,16417.5,3973,446.06357851201443,449.2922129237423,390.73582021814065,394.0081959177796,3.228634411727853,3.2723756996389284,0.9866331705384863,0.02354403376760883,0.02095258462080212,0.022248309194205475,55.28401700596271,1812,1813,1989,1984,215,201,7038.274158546558,0.9110105580693816,0.9138104838709677,0.8813465783664459,0.8891340319911748,216697,188322,245127,212295,27975,21448,772132.958987566,0.8840193042790064,0.8870769448173532,0.8709026890081543,0.886109960599399,1812,1813,1760,1769,1597,215,14,163,1612,201,14,157,0.8099547511312217,0.8195564516129032,0.8813465783664459,0.8891340319911748,0.9073863636363636,0.9112492933860938,1812,1813,7038.274158546558,16500.0,0.8840193042790064,0.8870769448173532,0.8709026890081543,0.886109960599399
166,0.0,16517.0,3983,449.3094612454949,452.464422027682,394.0228893433032,397.3532200556193,3.1549607821871177,3.3303307123161403,0.9473415869839971,0.023593299172860568,0.021027871709703293,0.02231058544128193,55.1112019720627,1799,1778,1994,1989,237,182,7056.726313284981,0.9022066198595787,0.8939165409753645,0.868260144524736,0.8976377952755905,218496,190100,247121,214284,28212,21630,779189.6853008509,0.8841660563044015,0.887140430456777,0.8708809314586995,0.8862177801157286,1799,1778,1733,1788,1562,237,24,171,1596,182,19,192,0.7953861584754263,0.811965811965812,0.868260144524736,0.8976377952755905,0.9013271783035199,0.8926174496644296,1799,1778,7056.726313284981,16600.0,0.8841660563044015,0.887140430456777,0.8708809314586995,0.8862177801157286
167,0.0,16616.5,3987,452.4788405583583,455.65699945623487,397.37218328775964,400.68873730902465,3.1781588978765853,3.3165540212650058,0.9582714098726987,0.023643194233415463,0.021101687882304192,0.022372441057859828,54.968262147210226,1787,1790,1997,1990,221,182,7064.7322154118965,0.8948422633950927,0.8994974874371859,0.876329043088976,0.8983240223463687,220283,191890,249118,216274,28433,21812,786254.4175162627,0.8842516397851621,0.8872541313334011,0.8709251281306319,0.8863307103027777,1787,1790,1745,1791,1566,221,31,179,1608,182,17,183,0.799699549323986,0.8165829145728644,0.876329043088976,0.8983240223463688,0.8974212034383954,0.897822445561139,1787,1790,7064.7322154118965,16700.0,0.8842516397851621,0.8872541313334011,0.8709251281306319,0.8863307103027777
168,0.0,16716.0,3994,455.67189985096064,458.9020668940108,400.7085631978154,403.9651956606364,3.2301670430501304,3.256632462821017,0.9918733783830304,0.02369561971046513,0.021171109880124515,0.02243336479529482,54.93687123337435,1752,1781,1998,1996,186,178,7077.212568867234,0.8768768768768769,0.8922845691382766,0.8938356164383562,0.9000561482313307,222035,193671,251116,218270,28619,21990,793331.63008513,0.8841929626148871,0.8873001328629679,0.871105906726417,0.8864569295351394,1752,1781,1792,1794,1566,186,20,226,1603,178,24,191,0.7937937937937938,0.8151302605210421,0.8938356164383562,0.9000561482313307,0.8738839285714286,0.8935340022296544,1752,1781,7077.212568867234,16800.0,0.8841929626148871,0.8873001328629679,0.871105906726417,0.8864569295351394
169,0.0,16815.5,3992,458.9199598052814,462.1311488562036,403.9818678096865,407.252302014324,3.2111890509222007,3.2704342046375245,0.9818846214269307,0.023746478881538875,0.021240340375134878,0.022493409628336875,54.87884684187958,1771,1746,1998,1994,205,177,7073.723448414357,0.8863863863863863,0.8756268806419257,0.8842461885940147,0.8986254295532646,223806,195417,253114,220264,28824,22167,800405.3535335443,0.8842102767922754,0.8871944575600189,0.8712098871343932,0.8865656519136002,1771,1746,1763,1796,1566,205,30,197,1569,177,21,227,0.7987987987987988,0.7973921765295887,0.8842461885940147,0.8986254295532646,0.8882586500283608,0.873608017817372,1771,1746,7073.723448414357,16900.0,0.8842102767922754,0.8871944575600189,0.8712098871343932,0.8865656519136002
170,0.0,16915.0,3979,462.14647589240997,465.38216619003066,407.2670339917365,410.57557743642093,3.2356902976206925,3.3085434446844033,0.9779802960783971,0.023798030025402,0.021310883985992724,0.022554457005697363,54.80658875360973,1751,1787,1998,1981,207,179,7050.83068510591,0.8763763763763763,0.9020696617869762,0.881781838949172,0.8998321208729715,225557,197204,255112,222245,29031,22346,807456.1842186502,0.8841489228260528,0.8873270489774798,0.8712919572436235,0.8866858684408024,1751,1787,1752,1786,1544,207,39,208,1608,179,16,178,0.7922922922922923,0.8197879858657244,0.881781838949172,0.8998321208729715,0.8812785388127854,0.9003359462486002,1751,1787,7050.83068510591,17000.0,0.8841489228260528,0.8873270489774798,0.8712919572436235,0.8866858684408024
171,0.0,17014.5,3991,465.39476270271786,468.49172080996533,410.5959423159227,413.87648205326576,3.096958107247474,3.2805397373430765,0.944039199401899,0.023840705558582965,0.021379294291153286,0.022609999924868125,54.61523875669957,1790,1782,1995,1996,230,169,7072.379587797214,0.8972431077694235,0.8927855711422845,0.8715083798882681,0.9051627384960719,227347,198986,257107,224241,29261,22515,814528.5638064474,0.8842505260455763,0.8873756360344451,0.8712936612315095,0.8868513362749139,1790,1782,1739,1802,1560,230,26,179,1613,169,25,189,0.7949874686716792,0.8206412825651302,0.8715083798882681,0.9051627384960719,0.8970672800460034,0.8951165371809101,1790,1782,7072.379587797214,17100.0,0.8842505260455763,0.8873756360344451,0.8712936612315095,0.8868513362749139
172,0.0,17114.0,3996,468.5031815053499,471.6235552952412,413.8935740307678,417.1616309528569,3.120373789891289,3.2680569220891016,0.9548101101912857,0.023884180205642126,0.021445993097576298,0.022665086651609212,54.46192434238429,1770,1776,2000,1996,233,190,7081.242582650476,0.885,0.8897795591182365,0.868361581920904,0.8930180180180181,229117,200762,259107,226237,29494,22705,821609.8063890979,0.8842563110992756,0.8873968449015855,0.8712710100079872,0.886905888564569,1770,1776,1743,1788,1537,233,24,206,1586,190,18,202,0.7805,0.8036072144288577,0.868361581920904,0.8930180180180181,0.8818129661503156,0.8870246085011185,1770,1776,7081.242582650476,17200.0,0.8842563110992756,0.8873968449015855,0.8712710100079872,0.886905888564569
173,0.0,17213.5,3998,471.6375553159553,474.82665318804624,417.18382301494046,420.48343469321,3.18909787209094,3.299611678269514,0.9665070265975865,0.023931271527736973,0.021514039596454645,0.02272265556209581,54.343218494836265,1766,1780,1999,1999,205,172,7084.80276218533,0.8834417208604303,0.8904452226113057,0.8839184597961495,0.9033707865168539,230883,202542,261106,228236,29699,22877,828694.6091512833,0.884250074682313,0.8874235440508947,0.87136774903306,0.8870505870387376,1766,1780,1769,1805,1561,205,25,208,1608,172,22,197,0.7933966983491746,0.815407703851926,0.8839184597961495,0.903370786516854,0.8824194460146976,0.8908587257617728,1766,1780,7084.80276218533,17300.0,0.884250074682313,0.8874235440508947,0.87136774903306,0.8870505870387376
174,0.0,17313.0,3993,474.8389963757349,477.93403713624446,420.49635713935083,423.75247822287236,3.095040760509562,3.2561210835215206,0.9505299960044026,0.023972320768853323,0.021578271755651017,0.022775296262252172,54.1815589133721,1757,1775,1997,1996,247,184,7075.792110226056,0.8798197295943916,0.8892785571142284,0.8594194649971543,0.8963380281690141,232640,204317,263103,230232,29946,23061,835770.4012615093,0.8842164475509592,0.8874396261162654,0.8712775103163686,0.8871312715045738,1757,1775,1710,1791,1510,247,40,200,1591,184,21,200,0.7761642463695543,0.8076152304609219,0.8594194649971543,0.8963380281690141,0.8830409356725146,0.8883305415968733,1757,1775,7075.792110226056,17400.0,0.8842164475509592,0.8874396261162654,0.8712775103163686,0.8871312715045738
175,0.0,17412.5,3994,477.94801553618737,481.049918470218,423.77075511607,427.02518198797264,3.1019029340306474,3.2544268719026377,0.9531333952565294,0.024013386440686936,0.021641978989338746,0.022827682715012843,54.02473648224537,1764,1768,1999,1995,222,182,7077.27190453311,0.8824412206103052,0.8862155388471178,0.8741496598639455,0.8970588235294118,234404,206085,265102,232227,30168,23243,842847.6731660424,0.884203061463135,0.8874291103101707,0.8712991245883176,0.8872164398185215,1764,1768,1745,1790,1542,222,32,203,1586,182,23,204,0.7873936968484242,0.8065162907268171,0.8741496598639455,0.8970588235294118,0.8836676217765043,0.8860335195530726,1764,1768,7077.27190453311,17500.0,0.884203061463135,0.8874291103101707,0.8712991245883176,0.8872164398185215
176,0.0,17512.0,3990,481.05940842755757,484.1944160006669,427.04073674835263,430.2441163762125,3.1350075731093057,3.2033796278598743,0.9786562747181335,0.024055611377413084,0.021701907198958405,0.022878759288185745,53.950299624454374,1764,1753,1998,1992,224,175,7069.60197968774,0.8828828828828829,0.8800200803212851,0.873015873015873,0.9001711351968055,236168,207838,267100,234219,30392,23418,849917.2751457301,0.884193186072632,0.8873660975411901,0.8713119474272552,0.8873257055976289,1764,1753,1748,1793,1540,224,26,208,1578,175,24,215,0.7837837837837838,0.8042168674698795,0.873015873015873,0.9001711351968055,0.8810068649885584,0.8800892359174568,1764,1753,7069.60197968774,17600.0,0.884193186072632,0.8873660975411901,0.8713119474272552,0.8873257055976289
177,0.0,17611.5,3992,484.2139439208456,487.39242150864595,430.2631038117754,433.53386577160717,3.17847758780033,3.270761959831759,0.9717850540134765,0.024100382245788098,0.021765159101528958,0.02293277067365853,53.858555737038785,1795,1765,2000,1992,216,200,7073.329269662766,0.8975,0.8860441767068273,0.8796657381615599,0.886685552407932,237963,209603,269100,236211,30608,23618,856990.6044153929,0.8842920847268674,0.8873549496001456,0.8713749616537024,0.8873203150718263,1795,1765,1763,1771,1579,216,21,184,1565,200,21,206,0.8,0.7961847389558233,0.8796657381615599,0.886685552407932,0.89563244469654,0.883681535855449,1795,1765,7073.329269662766,17700.0,0.8842920847268674,0.8873549496001456,0.8713749616537024,0.8873203150718263
178,0.0,17711.0,3995,487.4053656899111,490.632117144267,433.5530875793031,436.78153694203644,3.226751454355906,3.228449362733329,0.9994740792911228,0.024146992212700582,0.02182533636334224,0.02298616428802141,53.85058020223056,1815,1757,2000,1995,205,195,7079.156486529675,0.9075,0.8807017543859649,0.8870523415977961,0.8890153671030165,239778,211360,271100,238206,30813,23813,864069.7609019225,0.8844632976761343,0.8872992283989488,0.8714936316092385,0.8873344057532173,1815,1757,1770,1779,1610,205,25,160,1562,195,21,217,0.8175,0.7934837092731829,0.8870523415977961,0.8890153671030165,0.9096045197740112,0.8780213603147836,1815,1757,7079.156486529675,17800.0,0.8844632976761343,0.8872992283989488,0.8714936316092385,0.8873344057532173
179,0.0,17810.5,3992,490.651491040519,493.780536280337,436.796859295107,440.0251076843366,3.1290452398180264,3.2282483892295772,0.969270286096162,0.02418798215207488,0.021884612179317985,0.023036297165696433,53.7554285960004,1770,1774,1997,1995,232,194,7074.629337461101,0.8863294942413621,0.8892230576441102,0.8689265536723164,0.8906426155580609,241548,213134,273097,240201,31045,24007,871144.3902393836,0.8844769440894628,0.8873152068475985,0.8714748207395632,0.8873619413139152,1770,1774,1734,1784,1538,232,31,196,1580,194,17,204,0.785678517776665,0.800501253132832,0.8689265536723164,0.8906426155580609,0.8869665513264129,0.8856502242152466,1770,1774,7074.629337461101,17900.0,0.8844769440894628,0.8873152068475985,0.8714748207395632,0.8873619413139152
180,0.0,17910.0,3997,493.795868657263,496.90202372149594,440.04060392087365,443.3299537400493,3.1061550642329507,3.2893498191756407,0.9443066973677487,0.024227020442405517,0.0219466335591947,0.023086827000800107,53.572069981446646,1790,1785,2000,1997,241,193,7083.833669290467,0.895,0.8938407611417125,0.8653631284916201,0.89187675070028,243338,214919,275097,242198,31286,24200,878228.223908674,0.8845534484200118,0.8873690121305708,0.871429862988929,0.8873994388583606,1790,1785,1728,1785,1549,241,31,179,1592,193,19,193,0.79,0.8067100650976464,0.8653631284916201,0.8918767507002802,0.8964120370370371,0.8918767507002802,1790,1785,7083.833669290467,18000.0,0.8845534484200118,0.8873690121305708,0.871429862988929,0.8873994388583606
181,0.0,18009.5,3988,496.91550203366177,500.0912925074574,443.3444381130999,446.6520279943004,3.1757904737956437,3.3075898812004993,0.9601524336030988,0.02426937219609176,0.02200892145413015,0.023139146825110955,53.43926451315701,1783,1790,1999,1989,216,167,7068.226420872485,0.8919459729864933,0.8999497234791353,0.878855860908581,0.9067039106145252,245121,216709,277096,244187,31502,24367,885296.4503295465,0.8846067788780784,0.8874714870160983,0.8714838793901787,0.8875588923394967,1783,1790,1759,1805,1567,216,24,192,1623,167,17,182,0.7958979489744873,0.824534942182001,0.878855860908581,0.9067039106145252,0.8908470722001137,0.8991689750692521,1783,1790,7068.226420872485,18100.0,0.8846067788780784,0.8874714870160983,0.8714838793901787,0.8875588923394967
182,0.0,18109.0,3998,500.1070400081191,503.2860998515795,446.67439060942775,449.95696061900577,3.1790598434603794,3.2825700095780235,0.9684667300878221,0.024311562862273785,0.022069583018926437,0.02319057294060011,53.32913923257371,1783,1781,2000,1998,233,173,7086.6500978754,0.8915,0.8913913913913913,0.8693213684800898,0.9028635597978664,246904,218490,279096,246185,31735,24540,892383.1004274219,0.884656175652822,0.8875033003635477,0.8714682629686032,0.8876836468488261,1783,1781,1732,1810,1550,233,35,182,1608,173,15,202,0.7925,0.8123123123123123,0.8693213684800898,0.9028635597978664,0.894919168591224,0.8883977900552487,1783,1781,7086.6500978754,18200.0,0.884656175652822,0.8875033003635477,0.8714682629686032,0.8876836468488261
183,0.0,18208.5,3996,503.2991610952227,506.5033616573067,449.975273621152,453.27560572613106,3.2042005620839973,3.300332104979077,0.9708721607895006,0.024354519448038802,0.022130330931780677,0.023242425189909738,53.227755931175636,1787,1775,2000,1996,207,183,7083.73063287803,0.8935,0.8892785571142284,0.8841634023503078,0.8969014084507042,248691,220265,281096,248181,31942,24723,899466.8310602999,0.8847190995247175,0.887517577896777,0.8715594854658995,0.8877579279504233,1787,1775,1770,1786,1580,207,23,190,1592,183,27,194,0.8015,0.811122244488978,0.8841634023503078,0.8969014084507042,0.8926553672316384,0.8913773796192609,1787,1775,7083.73063287803,18300.0,0.8847190995247175,0.887517577896777,0.8715594854658995,0.8877579279504233
184,0.0,18308.0,3999,506.51724740370315,509.6631342409191,453.290220014048,456.5821135803705,3.145886837215926,3.2918935663225284,0.9556465826841082,0.02439388470014796,0.022189758907925322,0.02329182180403664,53.081020660548575,1765,1774,2000,1999,212,194,7089.468707060515,0.8825,0.8874437218609305,0.8798866855524079,0.8906426155580609,250456,222039,283096,250180,32154,24917,906556.2997673604,0.8847034221606804,0.8875169877688065,0.8716181684607276,0.8877809754142291,1765,1774,1760,1784,1553,212,28,207,1580,194,21,204,0.7905,0.8009004502251126,0.8798866855524079,0.8906426155580609,0.8823863636363637,0.8856502242152466,1765,1774,7089.468707060515,18400.0,0.8847034221606804,0.8875169877688065,0.8716181684607276,0.8877809754142291
185,0.0,18407.5,3991,509.6798084693979,512.8622490038659,456.59960026334136,459.93193639300455,3.1824405344680144,3.33233612966319,0.9550178645362747,0.024434950986252396,0.0222508857685654,0.0233429183774089,52.93031261086139,1765,1795,2000,1991,230,179,7075.728414244592,0.8825,0.9015570065293822,0.8696883852691218,0.9002785515320334,252221,223834,285096,252171,32384,25096,913632.028181605,0.8846879647557314,0.8876278398388395,0.8716046641635709,0.8878811976732758,1765,1795,1743,1800,1535,230,27,208,1616,179,12,184,0.781,0.8176795580110497,0.8696883852691218,0.9002785515320334,0.8806655192197361,0.8977777777777778,1765,1795,7075.728414244592,18500.0,0.8846879647557314,0.8876278398388395,0.8716046641635709,0.8878811976732758
186,0.0,18507.0,3995,512.87986876234,516.0724299149102,459.9498526210583,463.2060936393454,3.1925611525701925,3.256241018287085,0.9804437492927379,0.024476170653586753,0.022307287309935527,0.023391728981761138,52.866336275564834,1799,1802,2000,1995,218,183,7083.357751116336,0.8995,0.9032581453634085,0.8788215675375208,0.8984461709211986,254020,225636,287096,254166,32602,25279,920715.3859327214,0.8847911499986068,0.8877505252472794,0.871655775135816,0.8879655728695776,1799,1802,1759,1789,1581,218,23,178,1619,183,23,170,0.802,0.8230576441102757,0.8788215675375208,0.8984461709211987,0.8988061398521887,0.9049748462828395,1799,1802,7083.357751116336,18600.0,0.8847911499986068,0.8877505252472794,0.871655775135816,0.8879655728695776
187,0.0,18606.5,3997,516.0904983772689,519.217064173226,463.22126445979313,466.57737220489923,3.1265657959571627,3.356107745106101,0.9316047139774765,0.024513444300268954,0.022368279279698106,0.02344086178998353,52.639691968326815,1802,1801,1997,2000,221,159,7087.217214607367,0.9023535302954432,0.9005,0.8773584905660378,0.9117157134925041,255822,227437,289093,256166,32823,25438,927802.6031473288,0.8849124676142279,0.8878500659728458,0.8716959448366443,0.8881536425471669,1802,1801,1749,1823,1581,221,27,168,1642,159,18,181,0.8052078117175764,0.83,0.8773584905660378,0.9117157134925041,0.9039451114922813,0.9007131102578168,1802,1801,7087.217214607367,18700.0,0.8849124676142279,0.8878500659728458,0.8716959448366443,0.8881536425471669
188,0.0,18706.0,3998,519.2321303631605,522.3507471403146,466.59747319451566,469.86354315051125,3.1186167771541022,3.26606995599559,0.9548530249418555,0.02454973890330415,0.0224240953976578,0.023486917150480978,52.48720398980339,1794,1821,1999,1999,220,183,7089.329293081757,0.897448724362181,0.9109554777388694,0.8773690078037905,0.8995057660626029,257616,229258,291092,258165,33043,25621,934891.9324404106,0.8849985571571874,0.8880289737183584,0.8717354512142104,0.8882438126477593,1794,1821,1756,1800,1574,220,23,182,1638,183,16,162,0.7988994497248624,0.8274137068534267,0.8773690078037905,0.899505766062603,0.8963553530751709,0.91,1794,1821,7089.329293081757,18800.0,0.8849985571571874,0.8880289737183584,0.8717354512142104,0.8882438126477593
189,0.0,18805.5,3998,522.3732100985081,525.5768979987555,469.88028189484635,473.1894388057729,3.2036879002473597,3.3091569109265606,0.9681281324765982,0.024590541917489887,0.022481422705355997,0.02353598231142294,52.38745919298259,1807,1817,2000,1998,218,179,7089.959902112337,0.9035,0.9094094094094094,0.8793580520199226,0.9014859658778206,259423,231075,293092,260163,33261,25800,941981.892342523,0.8851248072277647,0.8881931712042066,0.8717885461196578,0.8883479389808504,1807,1817,1759,1802,1589,218,23,170,1638,179,17,164,0.806,0.8283283283283284,0.8793580520199226,0.9014859658778206,0.9033541785105174,0.9089900110987791,1807,1817,7089.959902112337,18900.0,0.8851248072277647,0.8881931712042066,0.8717885461196578,0.8883479389808504
190,0.0,18905.0,4000,525.594768825425,528.8163591333006,473.2091278041709,476.5525333813292,3.2215903078755446,3.3434055771583076,0.9635655123282116,0.024631615967110734,0.02254010440562024,0.023585860186365486,52.26382575197135,1807,1801,2000,2000,222,178,7094.444158023999,0.9035,0.9005,0.8771444382955175,0.9011660188784009,261230,232876,295092,262163,33483,25978,949076.336500547,0.8852493459666816,0.8882870580516702,0.8718255943038702,0.8884470705439805,1807,1801,1753,1807,1585,222,25,168,1623,178,15,184,0.805,0.819,0.8771444382955175,0.9011660188784009,0.9041642897889333,0.8981737686773658,1807,1801,7094.444158023999,19000.0,0.8852493459666816,0.8882870580516702,0.8718255943038702,0.8884470705439805
191,0.0,19004.5,3993,528.8282564465698,532.0346810346065,476.5658984345165,479.92642698348914,3.2064245880367253,3.3605285489726384,0.9541429395137783,0.024671153155832976,0.02259873703188191,0.023634945093857444,52.10825405111734,1832,1796,2000,1993,238,158,7083.036724459938,0.916,0.9011540391369794,0.8700873362445415,0.9120267260579065,263062,234672,297092,264156,33721,26136,956159.373225007,0.8854563569534016,0.888384136646527,0.8718134888353316,0.888627531192473,1832,1796,1743,1817,1594,238,19,149,1638,158,18,179,0.8065,0.8309081786251882,0.8700873362445415,0.9120267260579065,0.9145152036718301,0.9014859658778206,1832,1796,7083.036724459938,19100.0,0.8854563569534016,0.888384136646527,0.8718134888353316,0.888627531192473
192,0.0,19104.0,3999,532.0491734953733,535.2560663976598,479.94628080836776,483.3153581916148,3.2068929022864268,3.3690773832470313,0.9518608620368656,0.024710438054138705,0.02265754211026407,0.023683990082201387,51.940708206044974,1777,1815,2000,1999,233,178,7094.712692452788,0.8885,0.9079539769884942,0.8688801350590883,0.9019283746556473,264839,236487,299092,266155,33954,26314,963254.0859174598,0.8854767095074425,0.8885311190847438,0.8717938068033786,0.8887296130442688,1777,1815,1739,1805,1544,233,28,195,1637,178,16,168,0.786,0.8269134567283641,0.8688801350590883,0.9019283746556473,0.8878665899942496,0.9069252077562326,1777,1815,7094.712692452788,19200.0,0.8854767095074425,0.8885311190847438,0.8717938068033786,0.8887296130442688
193,0.0,19203.5,3999,535.2742526696298,538.3945966763756,483.33135535099433,486.66335045184934,3.1203440067457677,3.3319951008550106,0.9364791700759308,0.024745022845501504,0.022713616620585738,0.02372931973304362,51.731246224526274,1771,1812,2000,1999,212,176,7095.3732460498595,0.8855,0.9064532266133066,0.8802936194240543,0.9028697571743929,266610,238299,301092,268154,34166,26490,970349.4591635097,0.8854768642142601,0.8886647225101993,0.8718502681819886,0.8888371331814233,1771,1812,1762,1808,1559,212,26,203,1636,176,15,172,0.7925,0.8259129564782391,0.8802936194240542,0.9028697571743929,0.8847900113507378,0.9048672566371682,1771,1812,7095.3732460498595,19300.0,0.8854768642142601,0.8886647225101993,0.8718502681819886,0.8888371331814233
194,0.0,19303.0,4000,538.408028013379,541.5801501652049,486.67972355841766,490.0191575313326,3.172122151825988,3.3394339729149465,0.9498981496726782,0.02478167496943342,0.0227695158689066,0.023775595419170008,51.56099263387233,1807,1811,2000,2000,227,172,7097.794132379739,0.9035,0.9055,0.874377421140011,0.9050248481501932,268417,240110,303092,270154,34393,26662,977447.2532958894,0.8855957926966069,0.8887893571814595,0.8718672811334602,0.8889592270209488,1807,1811,1746,1809,1580,227,27,166,1639,172,19,170,0.8035,0.829,0.874377421140011,0.9050248481501932,0.9049255441008018,0.9060254284134881,1807,1811,7097.794132379739,19400.0,0.8855957926966069,0.8887893571814595,0.8718672811334602,0.8889592270209488
195,0.0,19402.5,3999,541.6016023729331,544.8171770390251,490.0332639854448,493.33158365657584,3.215574666091925,3.2983196711310256,0.9749129819758414,0.02482059083491428,0.022822617127283652,0.023821603981098966,51.485593382449224,1838,1813,2000,1999,244,193,7097.030177169896,0.919,0.9069534767383692,0.8672470076169749,0.8935466078323221,270255,241923,305092,272153,34637,26855,984544.2834730593,0.8858147706265651,0.8889227750566777,0.871835858726018,0.8889936054033721,1838,1813,1734,1783,1594,244,22,140,1620,193,23,163,0.808,0.8219109554777388,0.8672470076169749,0.8935466078323221,0.9192618223760092,0.9085810431856421,1838,1813,7097.030177169896,19500.0,0.8858147706265651,0.8889227750566777,0.871835858726018,0.8889936054033721
196,0.0,19502.0,4000,544.8350135080054,548.0981695221827,493.34815826708683,496.6856917730305,3.263156014177298,3.337533505943668,0.9777148329345865,0.024861352743060516,0.022877303168290095,0.023869327955675305,51.41247774915223,1787,1810,2000,2000,224,186,7099.973366865372,0.8935,0.905,0.8746502518186905,0.8972375690607735,272042,243733,307092,274153,34861,27041,991644.2568399247,0.8858648222682454,0.8890400615714583,0.8718543460200998,0.8890548263878917,1787,1810,1749,1800,1563,224,27,186,1624,186,14,176,0.795,0.819,0.8746502518186905,0.8972375690607735,0.8936535162950258,0.9022222222222223,1787,1810,7099.973366865372,19600.0,0.8858648222682454,0.8890400615714583,0.8718543460200998,0.8890548263878917
197,0.0,19601.5,3998,548.1125484577553,551.2733911881472,496.70537125072224,499.91152223792267,3.1608427303918916,3.206150987200431,0.9858683334036923,0.02489633174771323,0.022924922465146092,0.02391062710642966,51.36186895022456,1776,1780,2000,1998,220,189,7096.982583157537,0.888,0.8908908908908909,0.8761261261261262,0.8938202247191012,273818,245513,309092,276151,35081,27230,998741.2394230822,0.885878638075395,0.8890534526400411,0.871882053042532,0.8890893761226493,1776,1780,1744,1782,1556,220,36,188,1591,189,27,191,0.796,0.8098098098098098,0.8761261261261262,0.8938202247191012,0.8922018348623854,0.8928170594837261,1776,1780,7096.982583157537,19700.0,0.885878638075395,0.8890534526400411,0.871882053042532,0.8890893761226493
198,0.0,19701.0,3999,551.2920148955218,554.5228253653524,499.93366932987175,503.22294458083724,3.230810469830658,3.2892752509654883,0.9822256343193931,0.024934705535714943,0.02297638358112589,0.023955544558420416,51.29988078451521,1795,1753,2000,1999,211,168,7099.11469635207,0.8975,0.8769384692346173,0.8824512534818941,0.9041642897889333,275613,247266,311092,278150,35292,27398,1005840.3541194343,0.8859533514201586,0.888966385044041,0.8719508876576939,0.8891962501921008,1795,1753,1762,1810,1584,211,27,178,1585,168,21,225,0.8055,0.8034017008504252,0.8824512534818941,0.9041642897889333,0.8989784335981839,0.8756906077348067,1795,1753,7099.11469635207,19800.0,0.8859533514201586,0.888966385044041,0.8719508876576939,0.8891962501921008
199,0.0,19800.5,3999,554.5378178560858,557.7167555140736,503.24374152900447,506.53771733435036,3.178937657987831,3.2939758053458945,0.9650762014792686,0.02496990451034558,0.023027495862301798,0.02399870018632369,51.17903817972325,1801,1784,2000,1999,218,180,7099.563061713583,0.9005,0.8924462231115557,0.8789561354802887,0.899103139013453,277414,249050,313092,280149,35510,27578,1012939.9171811478,0.8860462739386507,0.8889912153889538,0.8719963664414918,0.8892672154185907,1801,1784,1760,1800,1583,218,22,177,1604,180,19,196,0.8025,0.8119059529764883,0.8789561354802887,0.899103139013453,0.8994318181818182,0.8911111111111111,1801,1784,7099.563061713583,19900.0,0.8860462739386507,0.8889912153889538,0.8719963664414918,0.8892672154185907
200,0.0,19900.0,4000,557.7398823850849,560.8954511736888,506.55061949437766,509.90126437371924,3.155568788603887,3.350644879341587,0.9417795386373403,0.025003989770774608,0.023080535734958732,0.02404226275286667,50.994186799969555,1767,1788,2000,2000,221,161,7101.575122537441,0.8835,0.894,0.8749292586304471,0.9099552572706935,279181,250838,315092,282149,35731,27739,1020041.4923036853,0.8860301118403514,0.8890267199245788,0.8720149293827302,0.889414681985983,1767,1788,1751,1817,1546,221,28,205,1627,161,22,190,0.787,0.8245,0.8749292586304471,0.9099552572706935,0.8829240434037693,0.895432030820033,1767,1788,7101.575122537441,20000.0,0.8860301118403514,0.8890267199245788,0.8720149293827302,0.889414681985983
201,0.0,19999.5,4000,560.91538210294,564.1041288539866,509.92058250967847,513.1638922344828,3.1887467510465513,3.2433097248043055,0.9831767612755373,0.025039227517203482,0.023128026993031747,0.024083627255117614,50.94023661950382,1776,1764,2000,2000,224,176,7101.280828066013,0.888,0.882,0.8738738738738738,0.9002267573696145,280957,252602,317092,284149,35955,27915,1027142.7731317513,0.8860425365509064,0.8889772619294807,0.8720266802393248,0.8894901861426275,1776,1764,1745,1806,1552,224,31,193,1588,176,18,218,0.7915,0.803,0.8738738738738738,0.9002267573696145,0.8893982808022922,0.8792912513842747,1776,1764,7101.280828066013,20100.0,0.8860425365509064,0.8889772619294807,0.8720266802393248,0.8894901861426275
202,0.0,20099.0,3999,564.1227828910464,567.2294877357148,513.1852386998875,516.393076699932,3.106704844668343,3.2078380000444895,0.9684731101212892,0.025069991682055353,0.02317339242699937,0.024121692054527362,50.83641103578282,1740,1751,2000,1999,193,176,7099.595027863634,0.87,0.8759379689844923,0.889080459770115,0.8994860079954312,282697,254353,319092,286148,36148,28091,1034242.368159615,0.8859419853835258,0.8888861707927366,0.8721316462502255,0.8895589987143852,1740,1751,1773,1805,1547,193,34,226,1575,176,18,230,0.7905,0.7968984492246123,0.889080459770115,0.8994860079954312,0.8725324309080654,0.8725761772853186,1740,1751,7099.595027863634,20200.0,0.8859419853835258,0.8888861707927366,0.8721316462502255,0.8895589987143852
203,0.0,20198.5,3999,567.2444274407194,570.3910130877676,516.4011780105154,519.7022386309596,3.146585647048255,3.3010606204442183,0.9532044420998316,0.025102234351210395,0.023222250687508127,0.02416224251935926,50.688774456808005,1743,1754,1999,2000,195,145,7099.062933126513,0.871935967983992,0.877,0.8881239242685026,0.9173318129988598,284440,256107,321091,288148,36343,28236,1041341.4310927414,0.885854788829335,0.8888036703360773,0.8722296442131908,0.8897492063863932,1743,1754,1771,1837,1548,195,33,223,1609,145,18,228,0.7908954477238619,0.8135,0.8881239242685026,0.9173318129988598,0.8740824392998306,0.8758845944474687,1743,1754,7099.062933126513,20300.0,0.885854788829335,0.8888036703360773,0.8722296442131908,0.8897492063863932
204,0.0,20298.0,3999,570.4064572004347,573.5551545773983,519.7128287816417,522.9668724300498,3.1486973769635824,3.2540436484080146,0.9676260422948011,0.025134289157804003,0.02326844719389731,0.024201368175850654,50.58828214734854,1751,1766,2000,1999,199,200,7098.417033030414,0.8755,0.8834417208604303,0.8863506567675614,0.8867497168742922,286191,257873,323091,290147,36542,28436,1048439.8481257719,0.8857906905484833,0.8887667285893013,0.8723160406861152,0.8897286648854281,1751,1766,1764,1773,1552,199,37,212,1566,200,26,207,0.7945,0.7963981990995498,0.8863506567675614,0.8867497168742922,0.8798185941043084,0.883248730964467,1751,1766,7098.417033030414,20400.0,0.8857906905484833,0.8887667285893013,0.8723160406861152,0.8897286648854281
205,0.0,20397.5,3995,573.565861270147,576.6640943987452,522.979679063701,526.1649582307055,3.0982331285981672,3.18527916700441,0.9726723989193999,0.025163338470270663,0.023310946758837114,0.02423714261455389,50.49913616803974,1771,1741,2000,1995,216,185,7090.520970471631,0.8855,0.8726817042606516,0.8780350084697911,0.8937392303273981,287962,259614,325091,292142,36758,28621,1055530.3690962435,0.8857889021843115,0.8886568860348735,0.8723512130072718,0.8897555601778024,1771,1741,1747,1778,1555,216,37,192,1556,185,32,222,0.796,0.7959899749373434,0.8780350084697911,0.893739230327398,0.8900973096737264,0.875140607424072,1771,1741,7090.520970471631,20500.0,0.8857889021843115,0.8886568860348735,0.8723512130072718,0.8897555601778024
206,0.0,20497.0,4000,576.6718785622512,579.82455899956,526.179409163864,529.4801571029874,3.1526804373088453,3.3007479391234256,0.9551412272171554,0.025194606953464246,0.02335871880720596,0.0242766628803351,50.34440189657266,1737,1748,2000,2000,225,161,7098.69081479259,0.8685,0.874,0.8704663212435233,0.9078947368421053,289699,261362,327091,294142,36983,28782,1062629.0599110362,0.8856831890819374,0.8885572274615662,0.872339911425307,0.8898768757508743,1737,1748,1746,1808,1512,225,29,234,1587,161,31,221,0.7705,0.809,0.8704663212435233,0.9078947368421053,0.865979381443299,0.8777654867256637,1737,1748,7098.69081479259,20600.0,0.8856831890819374,0.8885572274615662,0.872339911425307,0.8898768757508743
207,0.0,20596.5,4000,579.8398714603562,583.0167333588325,529.4976963794508,532.7820642066758,3.176861898476318,3.2843678272250827,0.9672673907417991,0.025227105198098353,0.023405387175465274,0.024316246186781812,50.2346691521567,1752,1751,2000,2000,227,187,7098.571431359362,0.876,0.8755,0.870433789954338,0.8932038834951457,291451,263113,329091,296142,37210,28969,1069727.6313423954,0.8856243409877511,0.8884690452553167,0.8723284531533603,0.8898990167722614,1752,1751,1746,1793,1525,227,27,221,1564,187,20,229,0.776,0.792,0.8704337899543378,0.8932038834951457,0.8734249713631157,0.8722810931399888,1752,1751,7098.571431359362,20700.0,0.8856243409877511,0.8884690452553167,0.8723284531533603,0.8898990167722614
208,0.0,20696.0,4000,583.032044212522,586.1796248495722,532.7959107352599,536.0115844433927,3.1475806370501687,3.21567370813284,0.9788246329500236,0.025257883129393057,0.023448126671579236,0.02435300490048615,50.16804040617944,1765,1733,2000,2000,210,160,7098.172763883496,0.8825,0.8665,0.8810198300283286,0.9076745527986151,293216,264846,331091,298142,37420,29129,1076825.804106279,0.8856054679831225,0.8883216722233029,0.8723807704900142,0.890015329663276,1765,1733,1758,1813,1555,210,32,203,1573,160,27,240,0.7935,0.8,0.8810198300283286,0.9076745527986151,0.8845278725824801,0.8676227247655819,1765,1733,7098.172763883496,20800.0,0.8856054679831225,0.8883216722233029,0.8723807704900142,0.890015329663276
209,0.0,20795.5,4000,586.1955319957525,589.3974476898027,536.0285685447793,539.376203398269,3.2019156940501716,3.3476348534896943,0.9564710113805812,0.025290994829263447,0.02349692123080021,0.024393958030031828,50.02124429153366,1782,1777,2000,2000,210,175,7098.056890823747,0.891,0.8885,0.8821548821548821,0.9015194147439505,294998,266623,333091,300142,37630,29304,1083923.8609971027,0.8856378587232918,0.8883228605126907,0.8724398131512756,0.8900920025654201,1782,1777,1766,1802,1572,210,24,194,1602,175,23,200,0.798,0.8125,0.8821548821548821,0.9015194147439505,0.8901472253680635,0.8890122086570478,1782,1777,7098.056890823747,20900.0,0.8856378587232918,0.8883228605126907,0.8724398131512756,0.8900920025654201
210,0.0,20895.0,4000,589.418482571323,592.611923842958,539.3860359329619,542.7522825197975,3.193441271635038,3.3662465868355866,0.9486652832040469,0.02532363181356007,0.0235457968021549,0.024434714307857486,49.85964132316053,1786,1786,2000,2000,219,165,7098.50702188666,0.893,0.893,0.8773796192609182,0.9076147816349385,296784,268409,335091,302142,37849,29469,1091022.3680189895,0.8856817998692892,0.8883538203890886,0.8724695401369347,0.8902085995626078,1786,1786,1760,1811,1567,219,21,193,1621,165,24,190,0.794,0.8225,0.8773796192609182,0.9076147816349384,0.8903409090909091,0.895085588072888,1786,1786,7098.50702188666,21000.0,0.8856817998692892,0.8883538203890886,0.8724695401369347,0.8902085995626078
211,0.0,20994.5,3999,592.6249333225408,595.916078663731,542.7723807581954,546.1211960058281,3.2911453411902585,3.3488152476327286,0.9827790122243272,0.02536020961637604,0.023593869494373622,0.02447703955537483,49.79488265790292,1809,1836,2000,1999,200,168,7097.666702797322,0.9045,0.9184592296148074,0.8894416804864567,0.9084967320261438,298593,270245,337091,304141,38049,29637,1098120.0347217869,0.8857934504332658,0.8885516914851993,0.8725723643889843,0.8903328461211123,1809,1836,1780,1814,1609,200,20,171,1668,168,17,146,0.8145,0.8429214607303652,0.8894416804864566,0.9084967320261438,0.9039325842696629,0.9195148842337376,1809,1836,7097.666702797322,21100.0,0.8857934504332658,0.8885516914851993,0.8725723643889843,0.8903328461211123
212,0.0,21094.0,4000,595.9281176264913,599.1408337670324,546.1378529792105,549.4485160201529,3.212716140541147,3.3106630409423587,0.9704147177801182,0.025392697075888482,0.023639526714415483,0.02451611189515198,49.69231774687955,1819,1825,2000,2000,239,181,7100.140439176456,0.9095,0.9125,0.8686091258933479,0.9008219178082192,300412,272070,339091,306141,38288,29818,1105220.1751609633,0.88593327454872,0.8887081442864563,0.8725483669094444,0.8904032050575219,1819,1825,1736,1798,1580,239,25,156,1644,181,21,154,0.8025,0.8325,0.868609125893348,0.9008219178082192,0.9101382488479263,0.914349276974416,1819,1825,7100.140439176456,21200.0,0.88593327454872,0.8887081442864563,0.8725483669094444,0.8904032050575219
213,0.0,21193.5,4000,599.1577406655997,602.4502701233148,549.4645144168591,552.883739993286,3.2925294577150908,3.419225576426925,0.9629459607504952,0.025428855134512592,0.023689821141724944,0.024559338138118766,49.56653013002881,1832,1842,2000,2000,209,174,7101.538419056928,0.916,0.921,0.8859170305676856,0.9055374592833876,302244,273912,341091,308141,38497,29992,1112321.7135800202,0.8861095719324169,0.8889177357118981,0.8726293987639127,0.89050497970151,1832,1842,1766,1817,1623,209,25,143,1668,174,9,149,0.824,0.8385,0.8859170305676856,0.9055374592833876,0.919026047565119,0.9179966978536048,1832,1842,7101.538419056928,21300.0,0.8861095719324169,0.8889177357118981,0.8726293987639127,0.89050497970151
214,0.0,21293.0,4000,602.4619651873212,605.6959581340006,552.896055564778,556.3534562571456,3.23399294667945,3.457400692367628,0.9353827439841264,0.025461696372701122,0.02374125731694397,0.024601476844822546,49.34250187685507,1845,1868,2000,2000,222,170,7103.1365720844315,0.9225,0.934,0.8796747967479674,0.9089935760171306,304089,275780,343091,310141,38719,30162,1119424.8501521046,0.8863217047372272,0.8892084567986819,0.872672145325875,0.8906302124882153,1845,1868,1758,1819,1623,222,20,135,1698,170,11,121,0.8215,0.8545,0.8796747967479674,0.9089935760171306,0.9232081911262798,0.9334799340296867,1845,1868,7103.1365720844315,21400.0,0.8863217047372272,0.8892084567986819,0.872672145325875,0.8906302124882153
215,0.0,21392.5,4000,605.7129278373021,608.9992779839367,556.3716713241542,559.827988101902,3.286350146634618,3.456316777747702,0.9508243479858804,0.025496912661662333,0.02379243899662127,0.0246446758291418,49.171289882034785,1858,1853,2000,2000,220,172,7105.447675084591,0.929,0.9265,0.8815931108719053,0.9071775499190502,305947,277633,345091,312141,38939,30334,1126530.2978271893,0.8865690499027793,0.8894473971698688,0.8727263218792798,0.8907406540288798,1858,1853,1759,1813,1638,220,21,121,1681,172,15,132,0.8295,0.848,0.8815931108719053,0.9071775499190502,0.93121091529278,0.92719249862107,1858,1853,7105.447675084591,21500.0,0.8865690499027793,0.8894473971698688,0.8727263218792798,0.8907406540288798
216,0.0,21492.0,4000,609.01266066067,612.2740339000609,559.8464549442698,563.2113733092552,3.2613732393908776,3.364918364985442,0.9692280422990255,0.025530480469530752,0.02383892702012549,0.02468470374482812,49.06266059080565,1871,1887,2000,2000,209,198,7107.561560950706,0.9355,0.9435,0.8882950293960449,0.8950715421303657,307818,279520,347091,314141,39148,30532,1133637.85938814,0.8868509987294398,0.8897915267348102,0.8728209526408462,0.8907698912421294,1871,1887,1771,1794,1662,209,20,109,1689,198,8,105,0.841,0.8485,0.8882950293960449,0.8950715421303657,0.9384528514963297,0.9414715719063546,1871,1887,7107.561560950706,21600.0,0.8868509987294398,0.8897915267348102,0.8728209526408462,0.8907698912421294
217,0.0,21591.5,3999,612.2862556399115,615.63858753032,563.2273647050818,566.6474479097743,3.35233189040855,3.4200832046925598,0.9801901561368299,0.025567877040190017,0.023887414665217956,0.024727645852703987,48.99113962054571,1894,1905,1999,2000,215,199,7108.293291472456,0.9474737368684342,0.9525,0.8864836325237593,0.8955380577427822,309712,281425,349090,316141,39363,30731,1140746.1526796124,0.887198143745166,0.8901882387921844,0.8729045048302939,0.8908021675401973,1894,1905,1769,1791,1679,215,15,90,1706,199,10,85,0.847423711855928,0.858,0.8864836325237593,0.8955380577427822,0.9491237987563595,0.9525404801786711,1894,1905,7108.293291472456,21700.0,0.887198143745166,0.8901882387921844,0.8729045048302939,0.8908021675401973
218,0.0,21691.0,3998,615.6569510464064,618.9532611811586,566.6683093469412,570.117693732796,3.2963101347521615,3.4493843858548416,0.955622733224397,0.025602642450594588,0.023937024956800522,0.024769833703697557,48.83556744836255,1880,1881,2000,1998,227,209,7109.120512887109,0.94,0.9414414414414415,0.8792553191489362,0.8888888888888888,311592,283306,351090,318139,39590,30940,1147855.2731924995,0.8874989318978039,0.8905101229336863,0.872942822665537,0.8907894643953888,1880,1881,1755,1776,1653,227,18,102,1672,209,13,104,0.8355,0.8433433433433434,0.8792553191489362,0.8888888888888888,0.9418803418803419,0.9414414414414415,1880,1881,7109.120512887109,21800.0,0.8874989318978039,0.8905101229336863,0.872942822665537,0.8907894643953888
219,0.0,21790.5,4000,618.9697261993731,622.3653481692551,570.1365457907427,573.4290228414615,3.3956219698819723,3.2924770507187304,1.0313274527276435,0.025641538466258378,0.02397892571538433,0.024810232090821352,48.93632532779361,1903,1901,2000,2000,215,224,7115.2513980904105,0.9515,0.9505,0.8870204939569102,0.882167280378748,313495,285207,353090,320139,39805,31164,1154970.52459059,0.8878614517545101,0.8908848968729208,0.8730282779629659,0.8907319946565126,1903,1901,1776,1769,1688,215,9,88,1677,224,7,92,0.8485,0.842,0.8870204939569102,0.882167280378748,0.9504504504504504,0.9479932165065008,1903,1901,7115.2513980904105,21900.0,0.8878614517545101,0.8908848968729208,0.8730282779629659,0.8907319946565126
220,0.0,21890.0,4000,622.3814531573462,625.7710859794353,573.4447926733219,576.9207538556849,3.3896328220890837,3.475961182362994,0.9751641759660782,0.025679792282783574,0.024028645644597283,0.02485421896369043,48.85033212375038,1894,1890,2000,2000,220,209,7118.104567301466,0.947,0.945,0.883843717001056,0.8894179894179894,315389,287097,355090,322139,40025,31373,1162088.6291578915,0.8881945422287307,0.8912208704937931,0.8730932277282974,0.8907233443748976,1894,1890,1770,1783,1674,220,10,96,1681,209,8,102,0.842,0.8445,0.883843717001056,0.8894179894179894,0.9457627118644067,0.9427930454290522,1894,1890,7118.104567301466,22000.0,0.8881945422287307,0.8912208704937931,0.8730932277282974,0.8907233443748976
221,0.0,21989.5,3998,625.78722581768,629.1232311452325,576.9398271216361,580.4126769524798,3.3360053275524706,3.4728498308437565,0.9605959053927654,0.025715274904390763,0.024077924311218787,0.024896599607804777,48.710554192752625,1884,1894,2000,1998,221,170,7117.3583814443155,0.942,0.9479479479479479,0.8826963906581741,0.9102428722280886,317273,288991,357090,324137,40246,31543,1169205.9875393359,0.8884958973928141,0.8915705396175074,0.8731502523063734,0.890851272184947,1884,1894,1759,1817,1663,221,20,96,1724,170,11,93,0.8415,0.8683683683683684,0.8826963906581741,0.9102428722280888,0.9454235361000568,0.9488167308750688,1884,1894,7117.3583814443155,22100.0,0.8884958973928141,0.8915705396175074,0.8731502523063734,0.890851272184947
222,0.0,22089.0,4000,629.1395761820005,632.4386471341319,580.4299880471499,583.9118368801514,3.2990709521313875,3.48184883300155,0.9475055093897924,0.025748783395312398,0.024127085009261567,0.02493793420228698,48.52681025398044,1879,1897,2000,2000,241,187,7123.763709319041,0.9395,0.9485,0.8717402873869079,0.9014232999472852,319152,290888,359090,326137,40487,31730,1176329.751248655,0.8887799715948648,0.8919196533971919,0.8731419511706021,0.8909202167157119,1879,1897,1736,1798,1638,241,23,98,1710,187,15,88,0.8305,0.8625,0.8717402873869079,0.9014232999472852,0.9435483870967742,0.9510567296996663,1879,1897,7123.763709319041,22200.0,0.8887799715948648,0.8919196533971919,0.8731419511706021,0.8909202167157119
223,0.0,22188.5,3998,632.4581984273952,635.8003814564875,583.9281224333814,587.3633258039893,3.3421830290922117,3.4352033706078373,0.9729214455506411,0.025784068416963714,0.024173667091006483,0.0249788677539851,48.4370556524982,1886,1895,1998,2000,263,210,7122.9585634947025,0.943943943943944,0.9475,0.8605514316012726,0.8891820580474934,321038,292783,361088,328137,40750,31940,1183452.7098121496,0.889085209145693,0.892258416454103,0.8730679857213165,0.8909089667091327,1886,1895,1724,1782,1623,263,11,101,1685,210,8,97,0.8178178178178178,0.8465,0.8605514316012726,0.8891820580474934,0.941415313225058,0.9455667789001122,1886,1895,7122.9585634947025,22300.0,0.889085209145693,0.892258416454103,0.8730679857213165,0.8909089667091327
224,0.0,22288.0,4000,635.8122137119308,639.1296308213621,587.3810818864412,590.8505351023056,3.3174171094312896,3.469453215864405,0.9561786549713609,0.025817588172462744,0.024221427920882183,0.025019508046672464,48.2790957190565,1902,1899,2000,2000,238,186,7129.386871369447,0.951,0.9495,0.8748685594111462,0.9020537124802528,322940,294682,363088,330137,40988,32126,1190582.0966835192,0.8894262547922267,0.8926051911782078,0.8730785904502385,0.8909807860676933,1902,1899,1748,1803,1664,238,14,84,1713,186,11,90,0.839,0.862,0.8748685594111462,0.9020537124802528,0.9519450800915332,0.9500831946755408,1902,1899,7129.386871369447,22400.0,0.8894262547922267,0.8926051911782078,0.8730785904502385,0.8909807860676933
225,0.0,22387.5,4000,639.1454104375698,642.5534705332892,590.8657505628087,594.2752679559517,3.4080600957194065,3.4095173931430054,0.9995725795602246,0.025855013990004116,0.024265987479173644,0.025060500734588882,48.27820257733754,1893,1895,2000,2000,197,187,7131.990560071076,0.9465,0.9475,0.895932382461701,0.9013192612137203,324833,296577,365088,332137,41185,32313,1197714.0872435903,0.8897389122622491,0.8929357463938074,0.8732117734343493,0.8910468444956959,1893,1895,1794,1807,1696,197,9,98,1708,187,6,99,0.8525,0.857,0.895932382461701,0.9013192612137203,0.9453734671125975,0.945213060320974,1893,1895,7131.990560071076,22500.0,0.8897389122622491,0.8929357463938074,0.8732117734343493,0.8910468444956959
226,0.0,22487.0,4000,642.5724245569722,645.8998712411372,594.2852401602069,597.7167314134676,3.327446684165011,3.4314912532607877,0.9696794887654433,0.02588868210101507,0.024310892997297478,0.025099787549156274,48.183139827669606,1903,1893,2000,2000,229,185,7134.33576621773,0.9515,0.9465,0.8796636889122438,0.9022715266772319,326736,298470,367088,334137,41414,32498,1204848.423009808,0.8900754042627381,0.8932563589186472,0.8732493511581215,0.8911180353134318,1903,1893,1762,1802,1674,229,9,88,1708,185,13,94,0.8415,0.8605,0.8796636889122438,0.9022715266772319,0.9500567536889898,0.9478357380688124,1903,1893,7134.33576621773,22600.0,0.8900754042627381,0.8932563589186472,0.8732493511581215,0.8911180353134318
227,0.0,22586.5,4000,645.919042216271,649.3404219125815,597.7395148030595,601.1741775968379,3.4213796963105096,3.4346627937784433,0.9961326341869733,0.025926201152175546,0.02435610695692922,0.025141154054552382,48.1662443157436,1876,1885,2000,2000,210,178,7136.569911222281,0.938,0.9425,0.8880597014925373,0.9055702917771883,328612,300355,369088,336137,41624,32676,1211984.9929210301,0.8903350962372117,0.8935493563636255,0.873333901379134,0.8912087363286777,1876,1885,1774,1805,1666,210,16,108,1707,178,17,98,0.841,0.862,0.8880597014925373,0.9055702917771883,0.939120631341601,0.9457063711911358,1876,1885,7136.569911222281,22700.0,0.8903350962372117,0.8935493563636255,0.873333901379134,0.8912087363286777
228,0.0,22686.0,4000,649.3601333565965,652.7193072155173,601.192010743908,604.5999242800481,3.359173858920826,3.407913536140086,0.9856980886685102,0.025960686467426348,0.024399533973925587,0.02518011022067597,48.119382935469275,1872,1865,2000,2000,222,164,7138.627727440021,0.936,0.9325,0.8814102564102564,0.9120643431635389,330484,302220,371088,338137,41846,32840,1219123.6206484702,0.8905812098477989,0.8937797401644896,0.8733796492417182,0.8913374363046787,1872,1865,1766,1820,1650,222,12,116,1701,164,16,119,0.831,0.8585,0.8814102564102564,0.9120643431635389,0.9343148357870895,0.9346153846153846,1872,1865,7138.627727440021,22800.0,0.8905812098477989,0.8937797401644896,0.8733796492417182,0.8913374363046787
229,0.0,22785.5,4000,652.7350695567799,656.0141473444909,604.6179530145739,607.9785193991601,3.279077787711003,3.36056638458615,0.9757515288943824,0.025991200505951714,0.024440522695398054,0.025215861600674884,48.035627945330816,1876,1871,2000,2000,231,203,7140.460999445844,0.938,0.9355,0.8768656716417911,0.8915018706574025,332360,304091,373088,340137,42077,33043,1226264.081647916,0.8908354061240243,0.8940250546103482,0.8733993260320134,0.8913384480303593,1876,1871,1753,1784,1645,231,16,108,1668,203,13,116,0.8305,0.8405,0.8768656716417911,0.8915018706574025,0.9383913291500285,0.9349775784753364,1876,1871,7140.460999445844,22900.0,0.8908354061240243,0.8940250546103482,0.8733993260320134,0.8913384480303593
230,0.0,22885.0,4000,656.0229543274835,659.3578759833322,607.9998803817606,611.3131488558174,3.3349216558486887,3.3132684740568266,1.0065352934606442,0.026023574792397197,0.02447924344266403,0.025251409117530613,48.04472712751476,1847,1863,2000,2000,208,205,7141.865920919083,0.9235,0.9315,0.887384948565241,0.8899624261943102,334207,305954,375088,342137,42285,33248,1233405.947568835,0.8910095764194003,0.8942441185840759,0.8734766177847861,0.8913300692260928,1847,1863,1770,1781,1639,208,22,131,1658,205,14,123,0.8305,0.836,0.887384948565241,0.8899624261943102,0.9259887005649717,0.9309376754632229,1847,1863,7141.865920919083,23000.0,0.8910095764194003,0.8942441185840759,0.8734766177847861,0.8913300692260928
231,0.0,22984.5,4000,659.3787336179441,662.7160921336863,611.3320786368456,614.6288878510848,3.337358515742153,3.296809214239147,1.0122995596250675,0.026056295946990896,0.0245168111764736,0.025286553561732247,48.08720428260153,1830,1836,2000,2000,203,189,7143.1879418277595,0.915,0.918,0.8890710382513661,0.8970588235294118,336037,307790,377088,344137,42488,33437,1240549.1355106628,0.8911368168703326,0.8943821791902643,0.87356154233016,0.8913642418532116,1830,1836,1780,1796,1627,203,17,153,1647,189,15,149,0.822,0.831,0.8890710382513661,0.8970588235294118,0.9140449438202247,0.9170378619153675,1830,1836,7143.1879418277595,23100.0,0.8911368168703326,0.8943821791902643,0.87356154233016,0.8913642418532116
232,0.0,23084.0,4000,662.7312290342063,666.0069163251583,614.6474114307911,618.0563339270883,3.2756872909519643,3.4089224962972366,0.9609157422939383,0.026085830196851796,0.0245588700108855,0.02532235010386865,47.95058239806997,1844,1803,2000,2000,228,167,7144.104650332263,0.922,0.9015,0.8763557483731019,0.9073765945646145,337881,309593,379088,346137,42716,33604,1247693.2401609952,0.8912996454649053,0.8944233063786882,0.8735767918290759,0.8914574941939901,1844,1803,1753,1809,1616,228,19,137,1636,167,24,173,0.8175,0.83,0.8763557483731019,0.9073765945646145,0.9218482601254991,0.904367053620785,1844,1803,7144.104650332263,23200.0,0.8912996454649053,0.8944233063786882,0.8735767918290759,0.8914574941939901
233,0.0,23183.5,4000,666.0199007656852,669.2985695083453,618.0740123168721,621.4668684930195,3.278668742660102,3.392856176147461,0.9663447468566093,0.026115146512881916,0.024599842009376604,0.02535749426112926,47.831701015325734,1808,1834,2000,2000,215,175,7145.1178927737765,0.904,0.917,0.8810840707964602,0.9045801526717557,339689,311427,381088,348137,42931,33779,1254838.358053769,0.8913662985976992,0.8945530064313761,0.8736167494384569,0.8915347737993173,1808,1834,1766,1807,1593,215,19,173,1659,175,18,148,0.806,0.8385,0.8810840707964602,0.9045801526717557,0.9020385050962627,0.9180962921970116,1808,1834,7145.1178927737765,23300.0,0.8913662985976992,0.8945530064313761,0.8736167494384569,0.8915347737993173
234,0.0,23283.0,4000,669.3110566182511,672.5041454060424,621.4820229748905,624.8005049641822,3.193088787791339,3.3184819892917403,0.9622136862863723,0.026140533745634437,0.024637177576480238,0.025388855661057336,47.703640441860216,1778,1807,2000,2000,210,195,7145.723302485372,0.889,0.9035,0.8818897637795275,0.8920863309352518,341467,313234,383088,350137,43141,33974,1261984.0813562544,0.8913539447855323,0.8946041121046905,0.873659826571821,0.8915379556497698,1778,1807,1762,1780,1568,210,28,194,1612,195,25,168,0.798,0.8185,0.8818897637795275,0.8920863309352518,0.8898978433598184,0.9056179775280899,1778,1807,7145.723302485372,23400.0,0.8913539447855323,0.8946041121046905,0.873659826571821,0.8915379556497698
235,0.0,23382.5,4000,672.5274203846998,675.74333149089,624.8221051052245,628.0670415742482,3.2159111061902195,3.244936469023628,0.9910551830180694,0.02616713513756142,0.024671340080838447,0.025419237609199934,47.67628991664185,1774,1797,2000,2000,217,184,7145.7282584443565,0.887,0.8985,0.8776775648252537,0.897607122982749,343241,315031,385088,352137,43358,34158,1269129.8096146989,0.8913313320591657,0.8946262392193948,0.8736805917707966,0.8915725753973418,1774,1797,1756,1793,1557,217,27,199,1613,184,23,180,0.792,0.818,0.8776775648252536,0.897607122982749,0.8866742596810934,0.8996095928611266,1774,1797,7145.7282584443565,23500.0,0.8913313320591657,0.8946262392193948,0.8736805917707966,0.8915725753973418
236,0.0,23482.0,4000,675.7559945229814,678.8620767321733,628.0823011693489,631.4371383015455,3.106082209191868,3.3548371321966215,0.9258518630852646,0.02618840766838884,0.024709601213008508,0.025449004440698676,47.424938430627776,1750,1747,2000,2000,214,145,7145.3193335401365,0.875,0.8735,0.8777142857142857,0.9170005724098454,344991,316778,387088,354137,43572,34303,1276275.128948239,0.8912469515975695,0.8945069281097429,0.8737010530709497,0.8917128083389629,1750,1747,1744,1831,1536,214,42,208,1602,145,24,229,0.789,0.813,0.8777142857142857,0.9170005724098454,0.8807339449541285,0.8749317312943746,1750,1747,7145.3193335401365,23600.0,0.8912469515975695,0.8945069281097429,0.8737010530709497,0.8917128083389629
237,0.0,23581.5,4000,678.8811511847737,682.0065504056674,631.4541630691018,634.6254840333328,3.125399220893769,3.171320964230972,0.985519679699674,0.026210586272045183,0.02473987064805013,0.025475228460047655,47.38106637233466,1741,1753,2000,2000,205,186,7144.464697180677,0.8705,0.8765,0.8822515795519816,0.8938961779806047,346732,318531,389088,356137,43777,34489,1283419.5936454197,0.8911403075910848,0.8944058045078158,0.8737439867101969,0.891724824271421,1741,1753,1759,1789,1536,205,36,223,1567,186,25,222,0.786,0.796,0.8822515795519816,0.8938961779806047,0.8732234223990903,0.8759083286752376,1741,1753,7144.464697180677,23700.0,0.8911403075910848,0.8944058045078158,0.8737439867101969,0.891724824271421
238,0.0,23681.0,3997,682.0187461661196,685.2172096562639,634.6401785191771,637.883161023148,3.1984634901442632,3.242982503970893,0.9862722004290438,0.02623535940748182,0.024772798796159803,0.02550407910182081,47.33404863311591,1727,1735,2000,1997,193,175,7138.165069479772,0.8635,0.8688032048072108,0.8882455124493341,0.899135446685879,348459,320266,391088,358134,43970,34664,1290557.7587148994,0.8909989567565356,0.8942630412080395,0.8738158578197148,0.8917649703683813,1727,1735,1772,1799,1534,193,35,238,1560,175,23,239,0.7845,0.7926890335503255,0.8882455124493341,0.899135446685879,0.8656884875846501,0.8671484157865481,1727,1735,7138.165069479772,23800.0,0.8909989567565356,0.8942630412080395,0.8738158578197148,0.8917649703683813
239,0.0,23780.5,4000,685.2343500848796,688.302398376722,637.8987103467116,641.1932862318,3.0680482918423877,3.2945758850884204,0.9312422596573601,0.02625467542336926,0.02480764588105671,0.025531160652212986,47.10911214492194,1746,1736,2000,2000,228,174,7142.4736714216815,0.873,0.868,0.8694158075601375,0.8997695852534562,350205,322002,393088,360134,44198,34838,1297700.232386321,0.8909073795180723,0.894117189712718,0.8737939207035879,0.8918081254153701,1746,1736,1743,1800,1518,228,29,225,1562,174,26,238,0.7735,0.794,0.8694158075601375,0.8997695852534562,0.8709122203098106,0.8677777777777778,1746,1736,7142.4736714216815,23900.0,0.8909073795180723,0.894117189712718,0.8737939207035879,0.8918081254153701
240,0.0,23880.0,4000,688.3205983701846,691.339931713455,641.2118856445564,644.4600061502643,3.019333343270432,3.2481205057079023,0.9295632160089431,0.0262718448314691,0.024840394019821653,0.025556119425645375,46.87992556319068,1724,1722,2000,2000,223,169,7141.371892424589,0.862,0.861,0.8706496519721578,0.9018583042973287,351929,323724,395088,362134,44421,35007,1304841.6042787456,0.8907610456404649,0.89393428951714,0.8737785178260388,0.8918615857953072,1724,1722,1740,1802,1501,223,37,239,1553,169,29,249,0.769,0.791,0.8706496519721578,0.9018583042973287,0.8626436781609196,0.8618201997780244,1724,1722,7141.371892424589,24000.0,0.8907610456404649,0.89393428951714,0.8737785178260388,0.8918615857953072
241,0.0,23979.5,4000,691.3593271993664,694.5355201372072,644.4753298346288,647.6652373894456,3.176192937840824,3.1899075548167275,0.9957006224349059,0.026295430057220355,0.02487031899231954,0.025582874524769948,46.87028274776162,1753,1701,2000,2000,210,179,7139.97447595551,0.8765,0.8505,0.8802053622361665,0.8947677836566725,353682,325425,397088,364134,44631,35186,1311981.5787547012,0.8906892175034249,0.8936957273970572,0.8738103720291109,0.8918767765230083,1753,1701,1761,1784,1543,210,29,218,1522,179,37,262,0.786,0.7795,0.8802053622361665,0.8947677836566725,0.8762067007382169,0.8531390134529148,1753,1701,7139.97447595551,24100.0,0.8906892175034249,0.8936957273970572,0.8738103720291109,0.8918767765230083
242,0.0,24079.0,4000,694.5527407905951,697.6330633936446,647.6800052713295,650.8298160271345,3.0803226030495807,3.1498107558049924,0.9779389435929294,0.026314768910555703,0.024898316791429332,0.025606542850992516,46.80324736651016,1699,1735,2000,2000,211,178,7138.68052953958,0.8495,0.8675,0.8758092995879929,0.8974063400576369,355381,327160,399088,366134,44842,35364,1319120.2592842407,0.8904828007857916,0.8935526337351899,0.8738199284711338,0.8919061009903411,1699,1735,1734,1796,1488,211,55,246,1557,178,26,239,0.7715,0.7915,0.8758092995879929,0.8974063400576369,0.8581314878892734,0.8669265033407573,1699,1735,7138.68052953958,24200.0,0.8904828007857916,0.8935526337351899,0.8738199284711338,0.8919061009903411
243,0.0,24178.5,4000,697.6488952337116,700.7231704681835,650.8428130646702,654.014688760854,3.0742752344718838,3.171875696183861,0.9692294178396077,0.026333642580657898,0.02492691930396335,0.025630280942310624,46.7084817073295,1720,1718,2000,2000,210,175,7137.075055871333,0.86,0.859,0.877906976744186,0.8981373690337602,357101,328878,401088,368134,45052,35539,1326257.334340112,0.8903308002233924,0.8933649160360086,0.8738396140027611,0.8919386520229386,1720,1718,1761,1798,1510,210,29,251,1543,175,27,255,0.7695,0.785,0.877906976744186,0.8981373690337602,0.8574673480976718,0.8581757508342603,1720,1718,7137.075055871333,24300.0,0.8903308002233924,0.8933649160360086,0.8738396140027611,0.8919386520229386
244,0.0,24278.0,4000,700.7408232632014,703.7794697163386,654.0282571914946,657.2808821792814,3.0386464531371757,3.2526249877868167,0.9342135858105061,0.026350975981891064,0.02495862018462036,0.025654798083255714,46.49858753705712,1714,1725,2000,2000,221,162,7135.671107266848,0.857,0.8625,0.8710618436406068,0.9060869565217391,358815,330603,403088,370134,45273,35701,1333393.0054473788,0.8901654229349423,0.8931981390523432,0.8738263450524644,0.8920124741759754,1714,1725,1745,1819,1493,221,34,252,1563,162,19,256,0.7635,0.791,0.8710618436406068,0.9060869565217391,0.8555873925501433,0.8592633315008247,1714,1725,7135.671107266848,24400.0,0.8901654229349423,0.8931981390523432,0.8738263450524644,0.8920124741759754
245,0.0,24377.5,4000,703.7901699994887,706.8242983048082,657.2948907965986,660.4296970347209,3.0341283053194275,3.134806238122337,0.9678838418851645,0.026367699695780063,0.02498527132082352,0.025676485508301792,46.394601270087264,1701,1701,2000,2000,219,170,7133.831437695647,0.8505,0.8505,0.871252204585538,0.9000587889476779,360516,332304,405088,372134,45492,35871,1340526.8368850744,0.8899695868552018,0.8929686618261164,0.8738141996471724,0.8920536617073523,1701,1701,1740,1801,1482,219,41,258,1531,170,29,270,0.7615,0.78,0.8712522045855379,0.9000587889476779,0.8517241379310345,0.8500832870627429,1701,1701,7133.831437695647,24500.0,0.8899695868552018,0.8929686618261164,0.8738141996471724,0.8920536617073523
246,0.0,24477.0,4000,706.8337181125362,709.8405718542108,660.4463498061072,663.6023981377125,3.006853741674604,3.156048331605348,0.9527274064732542,0.026383126670569683,0.02501267676679544,0.02569790171868256,46.238173716498295,1669,1670,2000,2000,186,149,7131.70376349873,0.8345,0.835,0.8885560215698023,0.9107784431137724,362185,333974,407088,374134,45678,36020,1347658.540648573,0.8896970679558228,0.8926587800093014,0.8738821320595829,0.8921472929030404,1669,1670,1782,1818,1483,186,32,299,1521,149,33,297,0.7575,0.777,0.8885560215698023,0.9107784431137724,0.8322109988776656,0.8366336633663366,1669,1670,7131.70376349873,24600.0,0.8896970679558228,0.8926587800093014,0.8738821320595829,0.8921472929030404
247,0.0,24576.5,4000,709.8522765268732,712.858631387551,663.619460060548,666.6382209360718,3.0063548606777886,3.0187608755237534,0.9958903618545764,0.02639850103762568,0.025034318674555755,0.025716409856090718,46.22041045147921,1625,1654,2000,2000,183,166,7128.952689664656,0.8125,0.827,0.8873846153846154,0.8996372430471584,363810,335628,409088,376134,45861,36186,1354787.4933382377,0.8893196573842302,0.8923096556014611,0.873942442483714,0.8921842039400765,1625,1654,1768,1794,1442,183,49,326,1488,166,40,306,0.7455,0.764,0.8873846153846154,0.8996372430471584,0.8156108597285068,0.8294314381270903,1625,1654,7128.952689664656,24700.0,0.8893196573842302,0.8923096556014611,0.873942442483714,0.8921842039400765
248,0.0,24676.0,4000,712.8697450859689,715.885080423058,666.6491678425267,669.7479290554269,3.0153353370890272,3.098761212900172,0.9730776687587795,0.02641408970422828,0.02505876529761622,0.02573642750092225,46.13715136763108,1659,1670,2000,2000,185,151,7126.18884571133,0.8295,0.835,0.8884870403857745,0.9095808383233532,365469,337298,411088,378134,46046,36337,1361913.682183949,0.8890286264741369,0.8920065373650611,0.8740084658343115,0.8922703366162859,1659,1670,1764,1820,1474,185,51,290,1519,151,29,301,0.7625,0.774,0.8884870403857745,0.9095808383233533,0.8356009070294784,0.8346153846153846,1659,1670,7126.18884571133,24800.0,0.8890286264741369,0.8920065373650611,0.8740084658343115,0.8922703366162859
249,0.0,24775.5,4000,715.8970417484506,718.8749570633828,669.760894405741,672.6760256284261,2.9779153149321473,2.9151312226850905,1.0215373125430791,0.02642808438976651,0.025075721925858694,0.025751903157812603,46.19893143495665,1607,1571,2000,2000,187,182,7123.2020851904745,0.8035,0.7855,0.8836341008089608,0.8841502227880331,367076,338869,413088,380134,46233,36519,1369036.8842691395,0.8886145324967077,0.8914461742438193,0.8740506053242381,0.8922326916891188,1607,1571,1754,1774,1420,187,59,334,1389,182,44,385,0.7395,0.7165,0.8836341008089608,0.8841502227880331,0.8095781071835804,0.7829763246899661,1607,1571,7123.2020851904745,24900.0,0.8886145324967077,0.8914461742438193,0.8740506053242381,0.8922326916891188
250,0.0,24875.0,4000,718.8975243460226,721.6733810155109,672.6926397225019,675.6422582514484,2.7758566694883484,2.94961852894653,0.9410900569843377,0.026434309010292572,0.02509406834307615,0.02576418867668436,46.0311227640625,1526,1550,2000,2000,170,153,7119.162945305969,0.763,0.775,0.8885976408912188,0.9012903225806451,368602,340419,415088,382134,46403,36672,1376156.0472144454,0.8880092895964229,0.8908367221969257,0.8741108295668498,0.8922739330060896,1526,1550,1762,1805,1356,170,68,406,1397,153,42,408,0.712,0.7195,0.8885976408912188,0.9012903225806451,0.7695800227014756,0.7739612188365651,1526,1550,7119.162945305969,25000.0,0.8880092895964229,0.8908367221969257,0.8741108295668498,0.8922739330060896
251,0.0,24974.5,4000,721.6904414886519,724.4191143785451,675.6608246686945,678.5150464420128,2.7286728898932324,2.8542217733182724,0.956012919318782,0.026438384805591575,0.02510854568794694,0.025773465246769257,45.90406793653233,1485,1525,2000,2000,173,165,7114.342401526361,0.7425,0.7625,0.8835016835016835,0.8918032786885246,370087,341944,417088,384134,46576,36837,1383270.3896159718,0.8873115505600736,0.8901685349383288,0.8741485110257858,0.892271833984512,1485,1525,1763,1797,1312,173,64,451,1360,165,38,437,0.688,0.699,0.8835016835016835,0.8918032786885246,0.7441860465116279,0.756816917084029,1485,1525,7114.342401526361,25100.0,0.8873115505600736,0.8901685349383288,0.8741485110257858,0.892271833984512
252,0.0,25074.0,4000,724.433921110765,727.027598648925,678.5304436895303,681.3031352558462,2.5936775381600228,2.7726915663158707,0.9354367321881001,0.02643698186074319,0.025119547046877046,0.025778264453810117,45.72446339307885,1429,1435,2000,2000,168,138,7108.533033724553,0.7145,0.7175,0.8824352694191743,0.9038327526132404,371516,343379,419088,386134,46744,36975,1390378.9226496965,0.8864868476310465,0.8892741897890369,0.8741803852323992,0.8923201477085086,1429,1435,1762,1797,1261,168,70,501,1297,138,65,500,0.6655,0.681,0.8824352694191743,0.9038327526132404,0.7156640181611805,0.7217584863661658,1429,1435,7108.533033724553,25200.0,0.8864868476310465,0.8892741897890369,0.8741803852323992,0.8923201477085086
253,0.0,25173.5,4000,727.0424973659199,729.6755343106743,681.3190855516182,683.9148685329922,2.6330369447543944,2.5957829813739863,1.014351724950708,0.026437149349900303,0.025123490863970258,0.025780320106935282,45.76066577768211,1423,1393,2000,2000,170,118,7101.1938413694215,0.7115,0.6965,0.8805340829234013,0.9152907394113424,372939,344772,421088,388134,46914,37093,1397480.1164910658,0.8856557299186868,0.8882808514585169,0.874204628639,0.8924129569686634,1423,1393,1766,1808,1253,170,64,513,1275,118,74,533,0.6585,0.6745,0.8805340829234013,0.9152907394113424,0.7095130237825594,0.7051991150442478,1423,1393,7101.1938413694215,25300.0,0.8856557299186868,0.8882808514585169,0.874204628639,0.8924129569686634
254,0.0,25273.0,4000,729.6900012909407,732.231571660853,683.9287312043797,686.5959518563074,2.5415703699122787,2.667220651927664,0.9528909308929596,0.026433697476482533,0.025130133944163885,0.02578191571032321,45.63561980454563,1389,1375,2000,2000,172,124,7093.904437131772,0.6945,0.6875,0.8761699064074874,0.9098181818181819,374328,346147,423088,390134,47086,37217,1404574.0209281975,0.884752108308437,0.8872515597205063,0.8742119210959373,0.892482095757005,1389,1375,1750,1815,1217,172,78,533,1251,124,61,564,0.6475,0.656,0.8761699064074874,0.9098181818181819,0.6954285714285714,0.6892561983471074,1389,1375,7093.904437131772,25400.0,0.884752108308437,0.8872515597205063,0.8742119210959373,0.892482095757005
255,0.0,25372.5,4000,732.2448302491974,734.7296925337721,686.6141896867445,689.1415256483713,2.4848622845746604,2.527335961626818,0.9831942892844299,0.02642800144217943,0.025131410822503003,0.025779706132341217,45.588166885400824,1365,1348,2000,2000,132,148,7085.949950433045,0.6825,0.674,0.9032967032967033,0.8902077151335311,375693,347495,425088,392134,47218,37365,1411659.9708786306,0.8838005307136405,0.8861639133561486,0.8743175944188473,0.8924732729967337,1365,1348,1780,1781,1233,132,88,547,1200,148,71,581,0.6605,0.6355,0.9032967032967033,0.8902077151335311,0.6926966292134832,0.673778775968557,1365,1348,7085.949950433045,25500.0,0.8838005307136405,0.8861639133561486,0.8743175944188473,0.8924732729967337
256,0.0,25472.0,4000,734.7464975432097,737.1714388374999,689.1494915346485,691.6425413593914,2.4249412942901927,2.4930498247429114,0.9726806380776035,0.026420147776535282,0.025130937175189327,0.025775542475862306,45.52889747810843,1310,1336,2000,2000,164,132,7077.321350660122,0.655,0.668,0.8748091603053435,0.9011976047904191,377003,348831,427088,394134,47382,37497,1418737.2922292908,0.8827290862773012,0.8850568588348126,0.8743193024989191,0.8925066866190218,1310,1336,1750,1809,1146,164,86,604,1204,132,59,605,0.616,0.6315,0.8748091603053435,0.9011976047904192,0.6548571428571428,0.6655610834715312,1310,1336,7077.321350660122,25600.0,0.8827290862773012,0.8850568588348126,0.8743193024989191,0.8925066866190218
257,0.0,25571.5,4000,737.1836996919591,739.6616387644526,691.6463194303994,694.1412339238489,2.477939072493541,2.4949144934494143,0.9931959908844799,0.026414240583901013,0.025130376819039076,0.025772308701470042,45.52040484060376,1331,1286,2000,2000,165,129,7068.545374355612,0.6655,0.643,0.8760330578512396,0.8996889580093312,378334,350117,429088,396134,47547,37626,1425805.8376036463,0.8817165709598032,0.8838347629842427,0.8743253315853188,0.8925330675174299,1331,1286,1753,1791,1166,165,82,587,1157,129,80,634,0.624,0.6185,0.8760330578512396,0.8996889580093312,0.6651454649172847,0.6460078168620882,1331,1286,7068.545374355612,25700.0,0.8817165709598032,0.8838347629842427,0.8743253315853188,0.8925330675174299
258,0.0,25671.0,4000,739.6771065209763,742.0250061756652,694.1563578401102,696.5453741132943,2.347899654688945,2.3890162731840974,0.9827893099947987,0.026403463194475528,0.025126155985998048,0.02576480959023679,45.47963206237091,1235,1264,2000,2000,148,126,7059.3133817234475,0.6175,0.632,0.8801619433198381,0.9003164556962026,379569,351381,431088,398134,47695,37752,1432865.1509853697,0.8804907582674535,0.8825696875926196,0.8743443221127121,0.8925610661931066,1235,1264,1765,1806,1087,148,87,678,1138,126,68,668,0.587,0.603,0.8801619433198381,0.9003164556962026,0.6158640226628895,0.6301218161683277,1235,1264,7059.3133817234475,25800.0,0.8804907582674535,0.8825696875926196,0.8743443221127121,0.8925610661931066
259,0.0,25770.5,4000,742.0279741659454,744.3087931225215,696.5605587543184,698.8778632417819,2.2808189565761268,2.3173044874635025,0.9842551848128891,0.026389696423333005,0.025119201296032328,0.025754448859682665,45.43092988073954,1160,1204,2000,2000,128,109,7048.599296695317,0.58,0.602,0.8896551724137931,0.909468438538206,380729,352585,433088,400134,47823,37861,1439913.750282065,0.8791030922122063,0.8811673089515012,0.8743909710056235,0.8926188011401506,1160,1204,1774,1809,1032,128,98,742,1095,109,82,714,0.565,0.5885,0.8896551724137931,0.909468438538206,0.5817361894024803,0.6053067993366501,1160,1204,7048.599296695317,25900.0,0.8791030922122063,0.8811673089515012,0.8743909710056235,0.8926188011401506
260,0.0,25870.0,4000,744.3221262070609,746.5854975432167,698.8917337797882,701.1731674523977,2.2633713361557284,2.2814336726095235,0.9920829009097883,0.026375763145577696,0.02511086991453281,0.025743316530055252,45.412330090818955,1155,1114,2000,2000,113,114,7037.585831841859,0.5775,0.557,0.9021645021645022,0.8976660682226212,381884,353699,435088,402134,47936,37975,1446951.336113907,0.8777166917956827,0.879555073681907,0.8744749714573011,0.8926346978645685,1155,1114,1791,1815,1042,113,96,749,1000,114,71,815,0.569,0.5355,0.9021645021645022,0.8976660682226212,0.5817978782802904,0.5509641873278237,1155,1114,7037.585831841859,26000.0,0.8777166917956827,0.879555073681907,0.8744749714573011,0.8926346978645685
261,0.0,25969.5,4000,746.5956628095828,748.6512098230485,701.1849997028785,703.2591490042911,2.0555470134656844,2.0741493014126036,0.9910313650351736,0.026353852646162905,0.025094582349798715,0.02572421749798081,45.392060818757386,1064,1077,2000,2000,119,92,7025.546646350199,0.532,0.5385,0.8881578947368421,0.914577530176416,382948,354776,437088,404134,48055,38067,1453976.8827602572,0.8761347829270079,0.8778672420533783,0.8745129887086498,0.8927013101224435,1064,1077,1746,1816,945,119,135,801,985,92,92,831,0.54,0.5385,0.8881578947368421,0.914577530176416,0.5412371134020618,0.5424008810572687,1064,1077,7025.546646350199,26100.0,0.8761347829270079,0.8778672420533783,0.8745129887086498,0.8927013101224435
262,0.0,26069.0,4000,748.665816852729,750.5429511807376,703.2732452537842,705.3106398583631,1.8771343280086512,2.0373946045788216,0.9213405806562937,0.02632546929093668,0.025077102678771696,0.02570128598485419,45.232311322374585,1003,1020,2000,2000,129,93,7012.111180209178,0.5015,0.51,0.8713858424725822,0.9088235294117647,383951,355796,439088,406134,48184,38160,1460988.9939404663,0.874428360601975,0.8760556860543565,0.8745048196254209,0.892747529483187,1003,1020,1741,1808,874,129,130,867,927,93,99,881,0.502,0.513,0.8713858424725822,0.9088235294117647,0.5020103388856979,0.5127212389380531,1003,1020,7012.111180209178,26200.0,0.874428360601975,0.8760556860543565,0.8745048196254209,0.892747529483187
263,0.0,26168.5,4000,750.5484742219588,752.470984564338,705.3233413282101,707.241093410106,1.9225103423791552,1.9177520818959692,1.0024811655938768,0.026298681703655565,0.025055153754203856,0.02567691772892971,45.22989115423195,938,968,2000,2000,112,93,6997.842305809934,0.469,0.484,0.8805970149253731,0.9039256198347108,384889,356764,441088,408134,48296,38253,1467986.8362462763,0.8725900500580384,0.8741344754418892,0.8745196667091031,0.8927778587525648,938,968,1751,1807,826,112,137,925,875,93,100,932,0.4815,0.4875,0.8805970149253731,0.9039256198347108,0.47173043974871504,0.48422800221361373,938,968,6997.842305809934,26300.0,0.8725900500580384,0.8741344754418892,0.8745196667091031,0.8927778587525648
264,0.0,26268.0,4000,752.4782144156295,754.1209805793856,707.2539974566149,709.0185585250575,1.6427661637560504,1.7645610684426174,0.9309772232512974,0.026261565334135945,0.025027576092822457,0.0256445707134792,45.10242205432803,879,944,2000,2000,114,89,6982.4870165465145,0.4395,0.472,0.870307167235495,0.9057203389830508,385768,357708,443088,410134,48410,38342,1474969.3232628228,0.8706351785649803,0.8721734847635163,0.8745100682275357,0.8928120142686213,879,944,1753,1818,765,114,133,988,855,89,93,963,0.449,0.474,0.8703071672354948,0.9057203389830508,0.43639475185396465,0.47029702970297027,879,944,6982.4870165465145,26400.0,0.8706351785649803,0.8721734847635163,0.8745100682275357,0.8928120142686213
265,0.0,26367.5,4000,754.1263998132531,755.7551038243831,709.0367467813127,710.8174508915506,1.6287040111300257,1.7807041102379344,0.9146404513619061,0.026224130115705152,0.025001015140264374,0.02561257262798476,44.93765293283252,844,844,2000,2000,119,91,6966.177563438336,0.422,0.422,0.8590047393364929,0.8921800947867299,386612,358552,445088,412134,48529,38433,1481935.5008262612,0.8686192393414336,0.8699888871095324,0.8744762190516591,0.8928105267855151,844,844,1738,1813,725,119,143,1013,753,91,96,1060,0.434,0.4245,0.8590047393364929,0.8921800947867299,0.41714614499424624,0.4153337010479868,844,844,6966.177563438336,26500.0,0.8686192393414336,0.8699888871095324,0.8744762190516591,0.8928105267855151
266,0.0,26467.0,4000,755.7586986661092,757.3191629767665,710.8219114846961,712.4386206972488,1.5604643106572667,1.6167092125526779,0.9652102545969883,0.026184342376637967,0.024967972594838503,0.025576157485738236,44.88054227951773,847,832,2000,2000,94,81,6949.255637965735,0.4235,0.416,0.8890200708382526,0.9026442307692307,387459,359384,447088,414134,48623,38514,1488884.7564642269,0.866628046380131,0.8677964137211627,0.8745080124606732,0.8928332925227611,847,832,1774,1820,753,94,132,1021,751,81,99,1069,0.4425,0.425,0.8890200708382526,0.9026442307692307,0.42446448703494927,0.4126373626373626,847,832,6949.255637965735,26600.0,0.866628046380131,0.8677964137211627,0.8745080124606732,0.8928332925227611
267,0.0,26566.5,4000,757.3272148929409,758.8765191927521,712.447102693513,713.9604175864837,1.5493042998111832,1.5133148929706977,1.0237818361582611,0.026144601626762378,0.024931455727038917,0.025538028676900647,44.9161016062684,760,749,2000,2000,87,74,6932.010130345637,0.38,0.3745,0.8855263157894737,0.9012016021361816,388219,360133,449088,416134,48710,38588,1495816.7665945725,0.8644608629043751,0.86542556003595,0.8745295825294486,0.8928506968258949,760,749,1777,1793,673,87,136,1104,675,74,133,1118,0.4045,0.404,0.8855263157894737,0.9012016021361816,0.3787281935846933,0.37646402677077523,760,749,6932.010130345637,26700.0,0.8644608629043751,0.86542556003595,0.8745295825294486,0.8928506968258949
268,0.0,26666.0,4000,758.8884857754474,760.2761351026944,713.9684191855663,715.4198517805071,1.3876493272470043,1.4514325949407976,0.9560549570706073,0.02609927161733201,0.024892884406938896,0.02549607801213545,44.85628332218732,745,774,2000,2000,81,89,6914.153829842402,0.3725,0.387,0.8912751677852349,0.8850129198966408,388964,360907,451088,418134,48791,38677,1502730.9204244148,0.8622796438832334,0.8631371761205738,0.8745616560915663,0.8928338879545146,745,774,1762,1788,664,81,157,1098,685,89,123,1103,0.4105,0.404,0.8912751677852349,0.8850129198966409,0.376844494892168,0.3831096196868009,745,774,6914.153829842402,26800.0,0.8622796438832334,0.8631371761205738,0.8745616560915663,0.8928338879545146
269,0.0,26765.5,4000,760.2804639130181,761.7163515469424,715.4297025224758,716.9476770539632,1.435887633924267,1.5179745314873117,0.9459234026261192,0.026055787947537018,0.02485714228176277,0.025456465114649895,44.768674492979244,741,690,2000,2000,85,63,6895.974778191962,0.3705,0.345,0.8852901484480432,0.908695652173913,389705,361597,453088,420134,48876,38740,1509626.8952026067,0.8601088530263437,0.8606706431757487,0.8745820556574845,0.8928641553995194,741,690,1768,1808,656,85,147,1112,627,63,129,1181,0.4015,0.378,0.8852901484480432,0.908695652173913,0.37104072398190047,0.3467920353982301,741,690,6895.974778191962,26900.0,0.8601088530263437,0.8606706431757487,0.8745820556574845,0.8928641553995194
270,0.0,26865.0,4000,761.721001614597,763.0672149410794,716.9557207449212,718.3561625572148,1.3462133264824843,1.400441812293593,0.9612775873048982,0.026009317006773437,0.024817244921580377,0.02541328096417691,44.711052383864626,736,707,2000,2000,90,65,6877.957136488175,0.368,0.3535,0.8777173913043478,0.9080622347949081,390441,362304,455088,422134,48966,38805,1516504.852339095,0.8579461554688323,0.8582677538411974,0.8745879659154648,0.8928938129305777,736,707,1760,1815,646,90,150,1114,642,65,120,1173,0.398,0.381,0.8777173913043478,0.9080622347949081,0.36704545454545456,0.3537190082644628,736,707,6877.957136488175,27000.0,0.8579461554688323,0.8582677538411974,0.8745879659154648,0.8928938129305777
271,0.0,26964.5,4000,763.0733574847737,764.4199431794211,718.3599768241768,719.6759982342024,1.3465856946473878,1.3160214100256553,1.0232247624460278,0.02596325783842157,0.024774370795559327,0.025368814316990448,44.743944945218686,663,672,2000,2000,77,67,6859.180028051196,0.3315,0.336,0.8838612368024132,0.9002976190476191,391104,362976,457088,424134,49043,38872,1523364.032367146,0.8556426771212545,0.8558050050219977,0.8746036859761086,0.8929075200564225,663,672,1777,1801,586,77,146,1191,605,67,132,1196,0.366,0.3685,0.8838612368024132,0.9002976190476191,0.3297692740574001,0.3359244863964464,663,672,6859.180028051196,27100.0,0.8556426771212545,0.8558050050219977,0.8746036859761086,0.8929075200564225
272,0.0,27064.0,4000,764.4242114003257,765.6601936577886,719.6816840276609,720.8761586539326,1.2359822574628652,1.194474626271699,1.034749696877801,0.02591340212866147,0.02472741209483044,0.025320407111745956,44.784035003855934,634,653,2000,2000,75,72,6840.162924345558,0.317,0.3265,0.8817034700315457,0.889739663093415,391738,363629,459088,426134,49118,38944,1530204.1952914917,0.8532961000940996,0.8533207864192953,0.8746151764699877,0.8929018312620831,634,653,1759,1793,559,75,166,1200,581,72,135,1212,0.3625,0.358,0.8817034700315457,0.889739663093415,0.3177942012507106,0.32403792526491915,634,653,6840.162924345558,27200.0,0.8532961000940996,0.8533207864192953,0.8746151764699877,0.8929018312620831
273,0.0,27163.5,4000,765.6639341015544,766.871090637962,720.8840951734966,722.0265173894791,1.207156536407524,1.1424222159824922,1.0566640945172445,0.02586283644248225,0.024678973176371223,0.025270904809426738,44.8445732484829,590,595,2000,2000,70,65,6820.322516681724,0.295,0.2975,0.8813559322033898,0.8907563025210083,392328,364224,461088,428134,49188,39009,1537024.5178081733,0.8508744534665834,0.8507243059415978,0.8746253135131828,0.8928983263046917,590,595,1751,1791,520,70,179,1231,530,65,144,1261,0.3495,0.337,0.8813559322033898,0.8907563025210085,0.29697315819531694,0.29592406476828587,590,595,6820.322516681724,27300.0,0.8508744534665834,0.8507243059415978,0.8746253135131828,0.8928983263046917
274,0.0,27263.0,4000,766.8871191658058,767.9180939862318,722.0326511010658,723.1428101983623,1.0309748204260814,1.1101590972965596,0.9286730369878458,0.025806658329490337,0.02462964454466488,0.025218151437077608,44.77528378786951,569,562,2000,2000,69,53,6799.996960033909,0.2845,0.281,0.8787346221441125,0.905693950177936,392897,364786,463088,430134,49257,39062,1543824.5147682072,0.8484283764640845,0.8480752509683029,0.8746312646826013,0.8929180396177485,569,562,1761,1811,500,69,170,1261,509,53,136,1302,0.335,0.3225,0.8787346221441125,0.905693950177936,0.2839295854628052,0.28106018774157926,569,562,6799.996960033909,27400.0,0.8484283764640845,0.8480752509683029,0.8746312646826013,0.8929180396177485
275,0.0,27362.5,4000,767.9265694903613,768.9719695881034,723.1477772724178,724.1287909750613,1.0454000977421174,0.9810137026435086,1.0656325135164868,0.025751138684723885,0.024575936047291514,0.0251635373660077,44.84317861304214,557,527,2000,2000,68,49,6779.18266433857,0.2785,0.2635,0.8779174147217235,0.9070208728652751,393454,365313,465088,432134,49325,39111,1550603.6974325457,0.8459775354341544,0.8453697232802788,0.8746359167780732,0.8929383843443841,557,527,1746,1800,489,68,186,1257,478,49,151,1322,0.3375,0.3145,0.8779174147217235,0.9070208728652751,0.2800687285223368,0.26555555555555554,557,527,6779.18266433857,27500.0,0.8459775354341544,0.8453697232802788,0.8746359167780732,0.8929383843443841
276,0.0,27462.0,4000,768.9818391435834,769.9701781165513,724.1352345428057,725.0732760954369,0.9883389729678811,0.9380415526311481,1.0536196079967373,0.025694004433273722,0.024521113276119284,0.025107558854696503,44.89690202111444,488,489,2000,2000,61,47,6758.2850209395865,0.244,0.2445,0.875,0.9038854805725971,393942,365802,467088,434134,49386,39158,1557361.9824534853,0.8433999588942555,0.8426015930565217,0.8746363677901823,0.8929530182995172,488,489,1749,1815,427,61,190,1322,442,47,138,1373,0.3085,0.29,0.875,0.9038854805725971,0.2441395082904517,0.24352617079889807,488,489,6758.2850209395865,27600.0,0.8433999588942555,0.8426015930565217,0.8746363677901823,0.8929530182995172
277,0.0,27561.5,4000,769.9728049291546,770.8986725374995,725.0772152206075,726.0649143792565,0.9258676083449018,0.9876991586489794,0.9373983973129494,0.025634765948711294,0.024468388617498622,0.025051577283104958,44.83375815824297,480,459,2000,2000,76,45,6737.270021184857,0.24,0.2295,0.8416666666666667,0.9019607843137255,394422,366261,469088,436134,49462,39203,1564099.25247467,0.8408273074561703,0.8397900645214544,0.8745962446313846,0.8929643068740598,480,459,1744,1802,404,76,180,1340,414,45,153,1388,0.292,0.2835,0.8416666666666667,0.9019607843137255,0.231651376146789,0.2297447280799112,480,459,6737.270021184857,27700.0,0.8408273074561703,0.8397900645214544,0.8745962446313846,0.8929643068740598
278,0.0,27661.0,4000,770.9029585730067,771.850083572248,726.0670886966518,727.0529637594506,0.9471249992412822,0.9858750627987547,0.9606947522869006,0.025576777978922712,0.02441591417571604,0.024996346077319376,44.797119812797405,453,444,2000,2000,52,43,6715.995075623668,0.2265,0.222,0.8852097130242825,0.9031531531531531,394875,366705,471088,438134,49514,39246,1570815.2475502938,0.8382191862242299,0.8369699680919536,0.8746084203861981,0.8929766433509224,453,444,1769,1822,401,52,179,1368,401,43,135,1421,0.29,0.268,0.8852097130242825,0.9031531531531531,0.22668174109666478,0.22008781558726673,453,444,6715.995075623668,27800.0,0.8382191862242299,0.8369699680919536,0.8746084203861981,0.8929766433509224
279,0.0,27760.5,4000,771.8507524085554,772.713464483642,727.0529637594506,727.9721236649193,0.8627120750866197,0.9191599054687458,0.9385875841121036,0.02551605049195145,0.02436134673800626,0.024938698614978855,44.74134081872273,462,460,2000,2000,56,45,6694.6392090388445,0.231,0.23,0.8787878787878788,0.9021739130434783,395337,367165,473088,440134,49570,39291,1577509.8867593326,0.835652140827922,0.8342118536627482,0.8746133045983553,0.8929881660833685,462,460,1745,1805,406,56,199,1339,415,45,150,1390,0.3025,0.2825,0.8787878787878788,0.9021739130434783,0.23266475644699142,0.2299168975069252,462,460,6694.6392090388445,27900.0,0.835652140827922,0.8342118536627482,0.8746133045983553,0.8929881660833685
280,0.0,27860.0,4000,772.7176083822983,773.4830863486595,727.9801341352227,728.7916323795164,0.7654779663612317,0.8114982442937162,0.9432897381404219,0.025452408235373675,0.024303610096606133,0.024878009165989902,44.69145396914314,420,415,2000,2000,48,39,6673.073395786367,0.21,0.2075,0.8857142857142857,0.9060240963855422,395757,367580,475088,442134,49618,39330,1584182.960155119,0.8330183039773684,0.8313769128816151,0.8746250855954538,0.8930028837259916,420,415,1772,1811,372,48,180,1400,376,39,150,1435,0.276,0.263,0.8857142857142857,0.9060240963855422,0.20993227990970656,0.20762009939260076,420,415,6673.073395786367,28000.0,0.8330183039773684,0.8313769128816151,0.8746250855954538,0.8930028837259916
281,0.0,27959.5,4000,773.4890050661573,774.3620979868599,728.8041877176165,729.551236587178,0.8730929207025611,0.7470488695614677,1.168722631512827,0.025393111823084104,0.024244152559168446,0.024818632191126275,44.810861399681926,413,403,2000,2000,54,37,6651.077937276407,0.2065,0.2015,0.8692493946731235,0.9081885856079405,396170,367983,477088,444134,49672,39367,1590834.0380923953,0.8303918773894963,0.8285404855291421,0.8746194815357043,0.8930195144884411,413,403,1765,1818,359,54,181,1406,366,37,145,1452,0.27,0.2555,0.8692493946731235,0.9081885856079405,0.20339943342776204,0.20132013201320131,413,403,6651.077937276407,28100.0,0.8303918773894963,0.8285404855291421,0.8746194815357043,0.8930195144884411
282,0.0,28059.0,4000,774.3648406220212,775.0331018904056,729.5533706969937,730.2703209203758,0.6682612683844127,0.716950223382014,0.932088793043505,0.025326859791922306,0.02418367983141245,0.024755269811667376,44.762780970029894,342,356,2000,2000,46,38,6628.650398953945,0.171,0.178,0.8654970760233918,0.8932584269662921,396512,368339,479088,446134,49718,39405,1597462.6884913493,0.8276391811107772,0.825624139832427,0.8746116132676943,0.8930197453975821,342,356,1730,1808,296,46,224,1434,318,38,154,1490,0.26,0.236,0.8654970760233918,0.8932584269662921,0.17109826589595376,0.17588495575221239,342,356,6628.650398953945,28200.0,0.8276391811107772,0.825624139832427,0.8746116132676943,0.8930197453975821
283,0.0,28158.5,4000,775.0345575160956,775.7056132259926,730.2716626579461,730.9539098633779,0.6710557098970185,0.6822472054318496,0.9835961284330258,0.025261129239144735,0.02412238021868669,0.024691754728915712,44.75170336261465,349,357,2000,2000,42,27,6606.250631101434,0.1745,0.1785,0.8796561604584527,0.9243697478991597,396861,368696,481088,448134,49760,39432,1604068.9391224508,0.8249239224424637,0.82273605662592,0.8746160494480435,0.8930501008961312,349,357,1757,1785,307,42,201,1450,330,27,188,1455,0.254,0.259,0.8796561604584527,0.9243697478991597,0.1747296528173022,0.18487394957983194,349,357,6606.250631101434,28300.0,0.8249239224424637,0.82273605662592,0.8746160494480435,0.8930501008961312
284,0.0,28258.0,4000,775.7056132259926,776.3612540877826,730.9584440627725,731.58477976611,0.6556408617900615,0.6263357033375314,1.0467882611455372,0.02519526754681641,0.024059655989139627,0.024627461767978018,44.776474321672595,339,346,2000,2000,48,38,6583.750487651832,0.1695,0.173,0.8584070796460177,0.8901734104046243,397200,369042,483088,450134,49808,39470,1610652.6896101027,0.8222104461298977,0.8198492004603074,0.87460221550856,0.8930474038185355,339,346,1756,1797,291,48,196,1465,308,38,165,1489,0.2435,0.2365,0.8584070796460177,0.8901734104046243,0.16571753986332574,0.17139677239844184,339,346,6583.750487651832,28400.0,0.8222104461298977,0.8198492004603074,0.87460221550856,0.8930474038185355
285,0.0,28357.5,4000,776.3639009969188,777.0685188648318,731.5937772477499,732.1970014774752,0.7046178679130435,0.6032242297252424,1.1680861497124944,0.02513167940725036,0.02399671760712037,0.024564198507185366,44.871517387356675,311,308,2000,2000,31,28,6561.078313964335,0.1555,0.154,0.9003215434083601,0.9090909090909091,397511,369350,485088,452134,49839,39498,1617213.767924067,0.8194616234580118,0.8169038382426449,0.874622337495063,0.8930607824556653,311,308,1751,1816,280,31,218,1471,280,28,156,1536,0.249,0.218,0.9003215434083601,0.9090909090909091,0.1599086236436322,0.15418502202643172,311,308,6561.078313964335,28500.0,0.8194616234580118,0.8169038382426449,0.874622337495063,0.8930607824556653
286,0.0,28457.0,4000,777.0703901233238,777.7122096026212,732.1970014774752,732.784438328278,0.6418194792973964,0.5874368508028738,1.0925761269831737,0.025066313071483378,0.02393335275013054,0.024499832910806957,44.92777127434317,304,313,2000,2000,39,33,6538.759899330042,0.152,0.1565,0.8717105263157895,0.8945686900958466,397815,369663,487088,454134,49878,39531,1623752.5278233972,0.8167210031862826,0.8139954286620249,0.8746201123637872,0.8930620592269175,304,313,1760,1794,265,39,201,1495,280,33,173,1514,0.233,0.2265,0.8717105263157895,0.8945686900958466,0.15056818181818182,0.15607580824972128,304,313,6538.759899330042,28600.0,0.8167210031862826,0.8139954286620249,0.8746201123637872,0.8930620592269175
287,0.0,28556.5,4000,777.7169653291207,778.3545193120672,732.7974641320055,733.4121490927178,0.6375539829464287,0.6146849607122249,1.037204460326646,0.025001354130796884,0.023871832732340528,0.024436593431568704,44.942370219349414,302,287,2000,2000,33,29,6516.224278853271,0.151,0.1435,0.890728476821192,0.8989547038327526,398117,369950,489088,456134,49911,39560,1630268.7521022505,0.8139987077990055,0.8110555231576686,0.8746323317014848,0.8930666306257602,302,287,1729,1815,269,33,238,1460,258,29,156,1557,0.2535,0.207,0.890728476821192,0.8989547038327527,0.15558126084441873,0.14214876033057852,302,287,6516.224278853271,28700.0,0.8139987077990055,0.8110555231576686,0.8746323317014848,0.8930666306257602
288,0.0,28656.0,4000,778.359605585544,778.9393648377851,733.41787052066,734.0604726691911,0.5797592522410469,0.6426021485310685,0.9022055926304092,0.024934851009707933,0.023811455659536334,0.024373153334622134,44.87889216859401,285,269,2000,2000,26,33,6493.765912111911,0.1425,0.1345,0.9087719298245613,0.8773234200743494,398402,370219,491088,458134,49937,39593,1636762.5180143623,0.8112639689831558,0.8081019963591438,0.874656753731156,0.8930551916568301,285,269,1758,1802,259,26,216,1499,236,33,165,1566,0.2375,0.2005,0.9087719298245615,0.8773234200743495,0.14732650739476677,0.1309655937846837,285,269,6493.765912111911,28800.0,0.8112639689831558,0.8081019963591438,0.874656753731156,0.8930551916568301
289,0.0,28755.5,4000,778.9393648377851,779.4829280214049,734.0648150621088,734.6575471152215,0.5435631836197672,0.5927320531127407,0.9170470548458406,0.02486737966308679,0.02374972309483311,0.02430855137895995,44.82538090618334,295,278,2000,2000,27,20,6471.357160307797,0.1475,0.139,0.9084745762711864,0.9280575539568345,398697,370497,493088,460134,49964,39613,1643233.87517467,0.8085716951132456,0.8051937044426188,0.8746817758849452,0.8930814554503815,295,278,1775,1818,268,27,198,1507,258,20,162,1560,0.233,0.21,0.9084745762711864,0.9280575539568345,0.15098591549295776,0.1419141914191419,295,278,6471.357160307797,28900.0,0.8085716951132456,0.8051937044426188,0.8746817758849452,0.8930814554503815
290,0.0,28855.0,4000,779.4829280214049,780.0088452784413,734.6600316575666,735.1994158450356,0.5259172570364399,0.5393841874689542,0.9750327674681982,0.024799765155870505,0.02368651262656865,0.024243138891219578,44.80942943340574,292,281,2000,2000,24,30,6448.767751714398,0.146,0.1405,0.9178082191780822,0.8932384341637011,398989,370778,495088,462134,49988,39643,1649682.6429263845,0.8058951135959668,0.8023170768651516,0.8747133379616983,0.8930815744191942,292,281,1761,1797,268,24,215,1493,251,30,173,1546,0.2415,0.212,0.9178082191780822,0.8932384341637011,0.1521862578080636,0.13967723984418476,292,281,6448.767751714398,29000.0,0.8058951135959668,0.8023170768651516,0.8747133379616983,0.8930815744191942
291,0.0,28954.5,4000,780.0088452784413,780.5608122373189,735.2014274181407,735.7800717029811,0.5519669588776424,0.5786442848403794,0.953896847058472,0.024733510531928602,0.02362506948551328,0.02417929000872094,44.78074053433784,279,245,2000,2000,30,22,6426.010277748902,0.1395,0.1225,0.8924731182795699,0.9102040816326531,399268,371023,497088,464134,50018,39665,1656108.6532041333,0.8032139178576027,0.7993876768347072,0.8747257481190579,0.8930928810343294,279,245,1789,1811,249,30,181,1540,223,22,167,1588,0.215,0.195,0.8924731182795699,0.9102040816326531,0.13918390162101732,0.12313638873550524,279,245,6426.010277748902,29100.0,0.8032139178576027,0.7993876768347072,0.8747257481190579,0.8930928810343294
292,0.0,29054.0,4000,780.5619448599331,781.08544233132,735.785211651393,736.369259896547,0.5234974713869178,0.5840482451540083,0.8963257329005007,0.024666773512778198,0.023564339391164462,0.02411555645197133,44.71618243477303,257,299,2000,2000,36,29,6403.867181713126,0.1285,0.1495,0.8599221789883269,0.903010033444816,399525,371322,499088,466134,50054,39694,1662512.5203858465,0.8005101304779919,0.7965992611566631,0.8747162255178024,0.8931008666332725,257,299,1788,1817,221,36,176,1567,270,29,154,1547,0.1985,0.212,0.8599221789883269,0.903010033444816,0.12360178970917227,0.14859658778205834,257,299,6403.867181713126,29200.0,0.8005101304779919,0.7965992611566631,0.8747162255178024,0.8931008666332725
293,0.0,29153.5,4000,781.0893677344934,781.568114028013,736.3705763752738,736.9393976779193,0.4787462935196345,0.5688213026454605,0.8416462099662806,0.02459906000920875,0.02350337365199231,0.02405121683060053,44.62871635009378,281,283,2000,2000,23,29,6381.8272070641815,0.1405,0.1415,0.9181494661921709,0.8975265017667844,399806,371605,501088,468134,50077,39723,1668894.3475929108,0.7978758222108692,0.793800493021229,0.8747467521748048,0.8931042370258743,281,283,1776,1811,258,23,201,1518,254,29,160,1557,0.2295,0.207,0.9181494661921709,0.8975265017667845,0.14527027027027026,0.14025400331308668,281,283,6381.8272070641815,29300.0,0.7978758222108692,0.793800493021229,0.8747467521748048,0.8931042370258743
294,0.0,29253.0,4000,781.5726620853743,782.1010633024279,736.9433028338798,737.486566785511,0.5284012170535561,0.543263951631161,0.9726417802378029,0.024533517263409226,0.023442041398332187,0.023987779330870707,44.614496516916915,291,287,2000,2000,41,34,6359.762255690279,0.1455,0.1435,0.859106529209622,0.8815331010452961,400097,371892,503088,470134,50118,39757,1675254.109848601,0.7952823362910664,0.7910340456125274,0.8747353766711572,0.8930953072397363,291,287,1749,1795,250,41,210,1499,253,34,171,1542,0.23,0.212,0.8591065292096219,0.8815331010452961,0.1429388221841052,0.14094707520891364,291,287,6359.762255690279,29400.0,0.7952823362910664,0.7910340456125274,0.8747353766711572,0.8930953072397363
295,0.0,29352.5,4000,782.1049786102468,782.6316631841753,737.4910518959892,738.1583963366731,0.5266845739284918,0.6673444406839053,0.7892244871160341,0.024468339234778938,0.023385350734309442,0.023926844984544192,44.473266847502146,270,300,2000,2000,30,33,6338.306246107344,0.135,0.15,0.8888888888888888,0.89,400367,372192,505088,472134,50148,39790,1681592.4160947085,0.7926678123416118,0.7883185705753027,0.8747449215344921,0.893092812311925,270,300,1772,1802,240,30,198,1532,267,33,165,1535,0.219,0.216,0.8888888888888888,0.89,0.13544018058690746,0.14816870144284128,270,300,6338.306246107344,29500.0,0.7926678123416118,0.7883185705753027,0.8747449215344921,0.893092812311925
296,0.0,29452.0,4000,782.6316631841753,783.2129566574637,738.1583963366731,738.7711020972665,0.5812934732883832,0.6127057605933715,0.9487318557694525,0.024405314219569832,0.02332704568995682,0.023866179954763325,44.44185456019716,278,290,2000,2000,46,24,6317.2669203705,0.139,0.145,0.8345323741007195,0.9172413793103449,400645,372482,507088,474134,50194,39814,1687909.683015079,0.7900896885747641,0.7856049133789182,0.8747170188071735,0.8931116134470928,278,290,1740,1802,232,46,214,1508,266,24,174,1536,0.223,0.22,0.8345323741007195,0.9172413793103448,0.13333333333333333,0.14761376248612654,278,290,6317.2669203705,29600.0,0.7900896885747641,0.7856049133789182,0.8747170188071735,0.8931116134470928
297,0.0,29551.5,4000,783.2215332271571,783.7465380366451,738.7760185850074,739.2129870443736,0.5250048094879958,0.43696845936619866,1.201470719990842,0.02434110714742251,0.023263381729623868,0.02380224443852319,44.53355099227156,257,249,2000,2000,34,26,6296.075641996901,0.1285,0.1245,0.867704280155642,0.8955823293172691,400902,372731,509088,476134,50228,39840,1694205.758657076,0.7874905713746936,0.7828279433940866,0.8747125232600486,0.8931132639893113,257,249,1762,1783,223,34,204,1539,223,26,191,1560,0.2135,0.207,0.867704280155642,0.8955823293172691,0.12656072644721908,0.1250701065619742,257,249,6296.075641996901,29700.0,0.7874905713746936,0.7828279433940866,0.8747125232600486,0.8931132639893113
298,0.0,29651.0,4000,783.7511524195396,784.2399582852951,739.2150624511623,739.6989828445464,0.4888058657554666,0.4839203933840963,1.0100956116711794,0.024275983306278472,0.023201625274161135,0.023738804290219802,44.54097544074864,214,237,2000,2000,25,22,6274.434179837482,0.107,0.1185,0.883177570093458,0.9071729957805907,401116,372968,511088,478134,50253,39862,1700480.1928369135,0.7848276617725323,0.7800491075723542,0.8747170394599069,0.8931221981510478,214,237,1754,1786,189,25,221,1565,215,22,192,1571,0.205,0.2035,0.883177570093458,0.9071729957805907,0.10775370581527936,0.12038073908174692,214,237,6274.434179837482,29800.0,0.7848276617725323,0.7800491075723542,0.8747170394599069,0.8931221981510478
299,0.0,29750.5,4000,784.2423922949657,784.5921448766558,739.6996500824348,740.1097134387695,0.34975258169004064,0.41006335633471735,0.852923277066855,0.024206571542423384,0.023137764674388793,0.02367216810840609,44.48243143788625,217,198,2000,2000,16,17,6252.658881570172,0.1085,0.099,0.9262672811059908,0.9141414141414141,401333,373166,513088,480134,50269,39879,1706732.8517184837,0.7821913589871523,0.7772121949289157,0.874744912578831,0.8931333508411806,217,198,1763,1819,201,16,221,1562,181,17,164,1638,0.211,0.1725,0.9262672811059908,0.9141414141414141,0.11401020986954055,0.09950522264980759,217,198,6252.658881570172,29900.0,0.7821913589871523,0.7772121949289157,0.874744912578831,0.8931333508411806
300,0.0,29850.0,4000,784.5941233180475,784.9599213380128,740.1111250127196,740.4622871386407,0.3657980199652684,0.3511621259210642,1.0416784526685947,0.024138142185993874,0.0230723912488032,0.023605266717398536,44.4976341993721,184,182,2000,2000,26,16,6230.544890547233,0.092,0.091,0.8586956521739131,0.9120879120879121,401517,373348,515088,482134,50295,39895,1712963.396609031,0.7795114621190942,0.7743656327908839,0.874737557811998,0.8931425908267889,184,182,1773,1810,158,26,201,1615,166,16,174,1644,0.1795,0.17,0.8586956521739131,0.9120879120879121,0.08911449520586577,0.09171270718232044,184,182,6230.544890547233,30000.0,0.7795114621190942,0.7743656327908839,0.874737557811998,0.8931425908267889
301,0.0,29949.5,4000,784.9642955140196,785.2932873467458,740.4622871386407,740.8416060747044,0.32899183272627397,0.37931893606366884,0.8673224599339605,0.024069024305267417,0.023008340744191353,0.023538682524729383,44.45168127204147,174,193,2000,2000,21,22,6208.576032062129,0.087,0.0965,0.8793103448275862,0.8860103626943006,401691,373541,517088,484134,50316,39917,1719171.972641093,0.7768329568661427,0.7715653104305833,0.8747395386005661,0.89313890576938,174,193,1756,1795,153,21,223,1603,171,22,183,1624,0.188,0.177,0.8793103448275862,0.8860103626943006,0.08712984054669703,0.09526462395543175,174,193,6208.576032062129,30100.0,0.7768329568661427,0.7715653104305833,0.8747395386005661,0.89313890576938
302,0.0,30049.0,4000,785.2932873467458,785.6006806574568,740.8428363006514,741.134551033156,0.30739331071094966,0.29171473250460167,1.053746268046646,0.023999504135737093,0.02294185434962289,0.023470679242679992,44.466129624300834,146,144,2000,2000,16,14,6186.328480395576,0.073,0.072,0.8904109589041096,0.9027777777777778,401837,373685,519088,486134,50332,39931,1725358.3011214884,0.7741211509416515,0.7686872343839353,0.8747452325196535,0.8931426201212251,146,144,1770,1786,130,16,214,1640,130,14,200,1656,0.172,0.165,0.8904109589041096,0.9027777777777778,0.07344632768361582,0.07278835386338185,146,144,6186.328480395576,30200.0,0.7741211509416515,0.7686872343839353,0.8747452325196535,0.8931426201212251
303,0.0,30148.5,4000,785.6045846867814,785.9199158747534,741.134551033156,741.419251585214,0.3153311879719922,0.28470055205809786,1.1075889586179786,0.023930833667213096,0.022875534716523743,0.023403184191868417,44.50066428953937,128,145,2000,2000,11,22,6164.306703606123,0.064,0.0725,0.9140625,0.8482758620689655,401965,373830,521088,488134,50343,39953,1731522.6078250946,0.7713956183984279,0.7658347912663326,0.874757752540644,0.8931252173447823,128,145,1747,1801,117,11,242,1630,123,22,177,1678,0.1795,0.15,0.9140625,0.8482758620689655,0.06697195191757298,0.06829539144919489,128,145,6164.306703606123,30300.0,0.7713956183984279,0.7658347912663326,0.874757752540644,0.8931252173447823
304,0.0,30248.0,4000,785.9199158747534,786.1555344941474,741.419251585214,741.6713932790936,0.23561861939401751,0.25214169387959373,0.9344690906476318,0.023859864432103646,0.022808580381728585,0.023334222406916114,44.484141215053796,148,152,2000,2000,15,11,6142.363651208982,0.074,0.076,0.8986486486486487,0.9276315789473684,402113,373982,523088,490134,50358,39964,1737664.9714763036,0.7687291622059769,0.7630199088412557,0.8747665457222223,0.8931392419956041,148,152,1753,1822,133,15,232,1620,141,11,167,1681,0.1825,0.154,0.8986486486486487,0.9276315789473685,0.07586993725042784,0.07738748627881449,148,152,6142.363651208982,30400.0,0.7687291622059769,0.7630199088412557,0.8747665457222223,0.8931392419956041
305,0.0,30347.5,4000,786.157158537298,786.3966572986712,741.6736634806712,741.9396863958184,0.23949876137328374,0.2660229151472322,0.900293725601539,0.02378954103411392,0.02274259464659914,0.02326606784035653,44.456970902852845,148,142,2000,2000,19,17,6120.3159136054355,0.074,0.071,0.8716216216216216,0.8802816901408451,402261,374124,525088,492134,50377,39981,1743785.2873899092,0.7660830184654762,0.7602075857388435,0.8747653886407084,0.8931343618693267,148,142,1748,1813,129,19,233,1619,125,17,170,1688,0.181,0.1475,0.8716216216216216,0.8802816901408451,0.07379862700228833,0.06894649751792609,148,142,6120.3159136054355,30500.0,0.7660830184654762,0.7602075857388435,0.8747653886407084,0.8931343618693267
306,0.0,30447.0,4000,786.3966572986712,786.6129343478633,741.941283057391,742.1818630175667,0.21627704919205826,0.2405799601756371,0.8989819810185506,0.0237188653133878,0.022676186710556274,0.023197526011972038,44.43107133029662,161,130,2000,2000,15,12,6098.298485400032,0.0805,0.065,0.906832298136646,0.9076923076923077,402422,374254,527088,494134,50392,39993,1749883.585875309,0.7634816197674772,0.75739374339754,0.874778217890672,0.8931394186835678,161,130,1758,1800,146,15,227,1612,118,12,188,1682,0.1865,0.153,0.906832298136646,0.9076923076923077,0.08304891922639362,0.06555555555555556,161,130,6098.298485400032,30600.0,0.7634816197674772,0.75739374339754,0.874778217890672,0.8931394186835678
307,0.0,30546.5,4000,786.615590106958,786.8408039639058,742.1831436557954,742.4263200089081,0.22521385694778928,0.24317635311263075,0.9261338697824707,0.023649027628850464,0.02261028567864376,0.02312965665374711,44.41448395499776,143,109,2000,2000,11,11,6076.47798779423,0.0715,0.0545,0.9230769230769231,0.8990825688073394,402565,374363,529088,496134,50403,40004,1755960.0638631033,0.7608658673037377,0.754560259929777,0.8747953746599928,0.8931411490986022,143,109,1782,1808,132,11,207,1650,98,11,181,1710,0.1695,0.1395,0.9230769230769231,0.8990825688073395,0.07407407407407407,0.05420353982300885,143,109,6076.47798779423,30700.0,0.7608658673037377,0.754560259929777,0.8747953746599928,0.8931411490986022
308,0.0,30646.0,4000,786.8435790229371,787.0218205926841,742.4287161937717,742.6699591196469,0.17824156974700145,0.24124292587521268,0.7388468246285496,0.023578122234885958,0.02254478602094488,0.023061454127915416,44.35186147303716,121,136,2000,2000,13,16,6054.712496807433,0.0605,0.068,0.8925619834710744,0.8823529411764706,402686,374499,531088,498134,50416,40020,1762014.7763599106,0.7582283915283343,0.7518037315260553,0.8748007132107896,0.8931372313410717,121,136,1771,1807,108,13,216,1663,120,16,177,1687,0.162,0.1485,0.8925619834710744,0.8823529411764706,0.060982495765104464,0.06640841173215274,121,136,6054.712496807433,30800.0,0.7582283915283343,0.7518037315260553,0.8748007132107896,0.8931372313410717
309,0.0,30745.5,4000,787.0218205926841,787.2482051376629,742.6699591196469,742.942129718102,0.22638454497882776,0.27217059845509084,0.8317744321533762,0.023509143992862986,0.02248063365836755,0.02299488882561527,44.3060754195609,131,129,2000,2000,17,15,6033.110969614088,0.0655,0.0645,0.8702290076335878,0.8837209302325582,402817,374628,533088,500134,50433,40035,1768047.8873295246,0.7556294645536947,0.7490552531921445,0.8747992264477418,0.8931339889170057,131,129,1738,1817,114,17,245,1624,114,15,168,1703,0.1795,0.141,0.8702290076335878,0.8837209302325582,0.06559263521288838,0.06274078150798018,131,129,6033.110969614088,30900.0,0.7556294645536947,0.7490552531921445,0.8747992264477418,0.8931339889170057
310,0.0,30845.0,4000,787.2482051376629,787.4366029887873,742.942129718102,743.1436912048903,0.18839785112436402,0.20156148678825048,0.9346917118263002,0.023439385394535182,0.022414617468720827,0.022927001431628007,44.29291178389701,142,125,2000,2000,15,13,6011.726222461394,0.071,0.0625,0.8943661971830986,0.896,402959,374753,535088,502134,50448,40048,1774059.613551986,0.7530705229793978,0.7463207032385778,0.8748061217146161,0.8931349448836967,142,125,1748,1800,127,15,237,1621,112,13,187,1688,0.182,0.1495,0.8943661971830986,0.896,0.07265446224256293,0.06222222222222222,142,125,6011.726222461394,31000.0,0.7530705229793978,0.7463207032385778,0.8748061217146161,0.8931349448836967
311,0.0,30944.5,4000,787.4366029887873,787.6897216976153,743.1436912048903,743.3668036803051,0.2531187088279694,0.2231124754148368,1.1344892676097178,0.023372156461074555,0.02234971877832027,0.022860937619697413,44.322918017310144,131,144,2000,2000,19,15,5990.457769478652,0.0655,0.072,0.8549618320610687,0.8958333333333334,403090,374897,537088,504134,50467,40063,1780050.0713214646,0.7505101584842707,0.7436455386861429,0.874799672529708,0.893135981349544,131,144,1765,1817,112,19,216,1653,129,15,168,1688,0.164,0.1485,0.8549618320610687,0.8958333333333334,0.06345609065155808,0.07099614749587231,131,144,5990.457769478652,31100.0,0.7505101584842707,0.7436455386861429,0.874799672529708,0.893135981349544
312,0.0,31044.0,4000,787.6897216976153,787.9122417580058,743.3693564906024,743.6140426463081,0.22252006039059324,0.24468615570572183,0.9094100961650351,0.023304377756404142,0.022286009390120626,0.022795193573262384,44.29819911169773,150,120,2000,2000,17,12,5969.355518867584,0.075,0.06,0.8866666666666667,0.9,403240,375017,539088,506134,50484,40075,1786019.426840332,0.7480040364467396,0.7409440978080903,0.8748040868961413,0.8931381777359426,150,120,1749,1806,133,17,234,1616,108,12,182,1698,0.1835,0.145,0.8866666666666667,0.9,0.07604345340194396,0.059800664451827246,150,120,5969.355518867584,31200.0,0.7480040364467396,0.7409440978080903,0.8748040868961413,0.8931381777359426
313,0.0,31143.5,4000,787.9122417580058,788.1198015125993,743.6140426463081,743.8348721642885,0.20755975459348974,0.2208295179804054,0.9399094672294077,0.023236554177456955,0.022221863338330476,0.022729208757893714,44.28492934831081,123,122,2000,2000,16,12,5948.397744171529,0.0615,0.061,0.8699186991869918,0.9016393442622951,403363,375139,541088,508134,50500,40087,1791967.8245845037,0.7454665414867822,0.7382678584782754,0.8748025971643408,0.8931409424240082,123,122,1738,1787,107,16,246,1631,110,12,201,1677,0.1765,0.1555,0.8699186991869918,0.9016393442622951,0.061565017261219795,0.06155567991046446,123,122,5948.397744171529,31300.0,0.7454665414867822,0.7382678584782754,0.8748025971643408,0.8931409424240082
314,0.0,31243.0,4000,788.1198015125993,788.3439472072831,743.8348721642885,744.0972838449044,0.2241456946837843,0.2624116806158554,0.8541757522292284,0.023169690810480464,0.022159450132814004,0.022664570471647234,44.24666336237874,119,130,2000,2000,14,14,5927.702217680062,0.0595,0.065,0.8823529411764706,0.8923076923076922,403482,375269,543088,510134,50514,40101,1797895.5268021838,0.7429403706213358,0.7356282859013514,0.8748048240070189,0.8931406537710282,119,130,1760,1810,105,14,226,1655,116,14,176,1694,0.1655,0.146,0.8823529411764706,0.8923076923076924,0.05965909090909091,0.06408839779005525,119,130,5927.702217680062,31400.0,0.7429403706213358,0.7356282859013514,0.8748048240070189,0.8931406537710282
315,0.0,31342.5,4000,788.3439472072831,788.5893497437736,744.0972838449044,744.3447548276574,0.24540253649047372,0.24747098275304324,0.9916416614200233,0.02310392679319292,0.022096958893749612,0.022600442843471267,44.24459491611617,117,131,2000,2000,17,10,5907.249743534868,0.0585,0.0655,0.8547008547008547,0.9236641221374046,403599,375400,545088,512134,50531,40111,1803802.7765457188,0.7404290683339204,0.7330112822034858,0.8747989960331913,0.893151305274374,117,131,1763,1804,100,17,220,1663,121,10,186,1683,0.16,0.1535,0.8547008547008547,0.9236641221374046,0.05672149744753262,0.06707317073170732,117,131,5907.249743534868,31500.0,0.7404290683339204,0.7330112822034858,0.8747989960331913,0.893151305274374
316,0.0,31442.0,4000,788.5893497437736,788.8320902218085,744.3447548276574,744.571954453901,0.2427404780348752,0.2271996262435323,1.0684017489301891,0.023038494761506705,0.022034221670232796,0.022536358215869752,44.260135767907514,122,144,2000,2000,8,17,5887.069736155568,0.061,0.072,0.9344262295081968,0.8819444444444444,403721,375544,547088,514134,50539,40128,1809689.8462818745,0.73794526657503,0.7304399242220899,0.874817014720562,0.8931470080736212,122,144,1778,1789,114,8,214,1664,127,17,194,1662,0.164,0.1605,0.9344262295081968,0.8819444444444444,0.06411698537682789,0.07098937954164337,122,144,5887.069736155568,31600.0,0.73794526657503,0.7304399242220899,0.874817014720562,0.8931470080736212
317,0.0,31541.5,4000,788.8347100279449,789.0198479035773,744.574496494537,744.8314019464965,0.18513787563244932,0.2569054519594829,0.7206459583490965,0.02297174107714135,0.0219728975480111,0.022472319312576226,44.18844595708083,142,126,2000,2000,12,9,5866.830726737114,0.071,0.063,0.9154929577464789,0.9285714285714286,403863,375670,549088,516134,50551,40137,1815556.6770086116,0.7355159828661344,0.7278536194089132,0.8748313165603188,0.8931588894508478,142,126,1760,1806,130,12,228,1630,117,9,185,1689,0.179,0.151,0.9154929577464789,0.9285714285714286,0.07386363636363637,0.06478405315614617,142,126,5866.830726737114,31700.0,0.7355159828661344,0.7278536194089132,0.8748313165603188,0.8931588894508478
318,0.0,31641.0,4000,789.0198479035773,789.2200461840499,744.8314019464965,745.0858094055429,0.20019828047259125,0.25440745904643336,0.7869198537769756,0.02290579844106457,0.021911800620471645,0.022408799530768107,44.13423677850699,138,140,2000,2000,17,16,5846.680439621363,0.069,0.07,0.8768115942028986,0.8857142857142857,404001,375810,551088,518134,50568,40153,1821403.357448233,0.7330970734256598,0.7253143009337353,0.8748319929901164,0.8931561161225087,138,140,1761,1808,121,17,222,1640,124,16,176,1684,0.1715,0.15,0.8768115942028986,0.8857142857142857,0.06871095968199886,0.06858407079646017,138,140,5846.680439621363,31800.0,0.7330970734256598,0.7253143009337353,0.8748319929901164,0.8931561161225087
319,0.0,31740.5,4000,789.2216580392071,789.4434800711495,745.0858094055429,745.3386279020397,0.22182203194233807,0.2528184964967295,0.877396373351218,0.022840997627365293,0.021851036935031192,0.02234601728119824,44.10485216910979,157,127,2000,2000,22,14,5826.915768111137,0.0785,0.0635,0.8598726114649682,0.889763779527559,404158,375937,553088,520134,50590,40167,1827230.2732163442,0.730730010414256,0.7227695170859817,0.8748261818397756,0.8931549701146735,157,127,1757,1797,135,22,221,1622,113,14,189,1684,0.178,0.151,0.8598726114649682,0.889763779527559,0.07683551508252703,0.06288258208124652,157,127,5826.915768111137,31900.0,0.730730010414256,0.7227695170859817,0.8748261818397756,0.8931549701146735
320,0.0,31840.0,4000,789.4481134436511,789.6644043966091,745.3386279020397,745.6492622469412,0.21629095295804746,0.3106343449015867,0.6962879556237461,0.022776523394950392,0.021792459767887393,0.022284491581418892,44.015142149667895,146,148,2000,2000,23,9,5807.4253274501625,0.073,0.074,0.8424657534246576,0.9391891891891891,404304,376085,555088,522134,50613,40176,1833037.6985437945,0.7283601879341653,0.7202844480535648,0.8748144960227947,0.893173085871545,146,148,1741,1790,123,23,236,1618,139,9,201,1651,0.1795,0.17,0.8424657534246576,0.9391891891891891,0.07064905226881103,0.0776536312849162,146,148,5807.4253274501625,32000.0,0.7283601879341653,0.7202844480535648,0.8748144960227947,0.893173085871545
321,0.0,31939.5,4000,789.6644043966091,789.8855841614231,745.6492622469412,745.886705820135,0.22117976481399637,0.2374435731937865,0.9315045332201237,0.02271245882876095,0.02173196748117104,0.022222213154965996,43.998878341288105,153,161,2000,2000,20,19,5788.009269062868,0.0765,0.0805,0.869281045751634,0.8819875776397516,404457,376246,557088,524134,50633,40195,1838825.7078128573,0.7260199465793555,0.7178431469814971,0.8748124028017812,0.8931682994636487,153,161,1726,1794,133,20,254,1593,142,19,187,1652,0.1935,0.1645,0.869281045751634,0.8819875776397516,0.07705677867902665,0.07915273132664437,153,161,5788.009269062868,32100.0,0.7260199465793555,0.7178431469814971,0.8748124028017812,0.8931682994636487
322,0.0,32039.0,4000,789.8855841614231,790.0616752070138,745.8894413178825,746.1255108612979,0.17609104559062416,0.23606954341539677,0.7459286913634928,0.022647391908348358,0.021671893204557556,0.022159642556452957,43.93616434571584,144,147,2000,2000,15,10,5768.457289143222,0.072,0.0735,0.8958333333333334,0.9319727891156463,404601,376393,559088,526134,50648,40205,1844594.1651020006,0.7236803508571101,0.7153937970174898,0.8748198842810572,0.8931834545275815,144,147,1754,1806,129,15,231,1625,137,10,184,1669,0.18,0.1605,0.8958333333333334,0.9319727891156463,0.07354618015963511,0.07585825027685493,144,147,5768.457289143222,32200.0,0.7236803508571101,0.7153937970174898,0.8748198842810572,0.8931834545275815
323,0.0,32138.5,4000,790.0616752070138,790.3166613025426,746.1279594432885,746.3933423645751,0.2549860955288068,0.26538292128657304,0.9608233050289651,0.02258517045028935,0.021613089556966888,0.02209913000362812,43.92331893796745,131,139,2000,2000,13,8,5749.171495203061,0.0655,0.0695,0.9007633587786259,0.9424460431654677,404732,376532,561088,528134,50661,40213,1850343.3365972037,0.7213342648568496,0.7129478503561596,0.8748282814306751,0.8932016402324371,131,139,1775,1786,118,13,212,1657,131,8,206,1655,0.165,0.1685,0.9007633587786259,0.9424460431654677,0.06647887323943662,0.07334826427771557,131,139,5749.171495203061,32300.0,0.7213342648568496,0.7129478503561596,0.8748282814306751,0.8932016402324371
324,0.0,32238.0,4000,790.3166613025426,790.5642032172773,746.3960095171394,746.6604505859406,0.2475419147347111,0.2644410688011476,0.9360948201311945,0.02252310331663829,0.02155462657133938,0.022038864943988837,43.903752631336715,121,138,2000,2000,24,14,5730.20111328427,0.0605,0.069,0.8016528925619835,0.8985507246376812,404853,376670,563088,530134,50685,40227,1856073.537710488,0.7189870854999574,0.7105184726880374,0.8748064112159228,0.8932035999681419,121,138,1760,1784,97,24,216,1663,124,14,202,1660,0.1565,0.163,0.8016528925619835,0.8985507246376812,0.055113636363636365,0.06950672645739911,121,138,5730.20111328427,32400.0,0.7189870854999574,0.7105184726880374,0.8748064112159228,0.8932035999681419
325,0.0,32337.5,4000,790.5662654923958,790.8212260473482,746.6653828693119,746.8930259761822,0.25496055495239034,0.22764310687034595,1.120001209162916,0.022461709855050818,0.021495460809281157,0.021978585332165988,43.928200071165975,142,143,2000,2000,17,8,5711.468657895735,0.071,0.0715,0.8802816901408451,0.9440559440559441,404995,376813,565088,532134,50702,40235,1861785.0063683838,0.7166936831077637,0.7081167525472907,0.8748083309670489,0.8932228983607253,142,143,1753,1789,125,17,230,1628,135,8,203,1654,0.1775,0.169,0.8802816901408451,0.9440559440559441,0.0713063320022818,0.07546115148127445,142,143,5711.468657895735,32500.0,0.7166936831077637,0.7081167525472907,0.8748083309670489,0.8932228983607253
326,0.0,32437.0,4000,790.8212260473482,791.0847905017808,746.8970468343763,747.1520322955397,0.26356445443263965,0.2549854611634146,1.0336450291325707,0.022400893703790926,0.02143746879205506,0.021919181247922994,43.93275820624115,130,149,2000,2000,14,16,5692.666344737943,0.065,0.0745,0.8923076923076922,0.8926174496644296,405125,376962,567088,534134,50716,40251,1867477.6727131216,0.7143952966735322,0.705744251442522,0.8748139463128664,0.8932226590478616,130,149,1779,1813,116,14,207,1663,133,16,171,1680,0.1615,0.152,0.8923076923076924,0.8926174496644296,0.06520517144463181,0.07335907335907337,130,149,5692.666344737943,32600.0,0.7143952966735322,0.705744251442522,0.8748139463128664,0.8932226590478616
327,0.0,32536.5,4000,791.086482826467,791.3095741570169,747.1520322955397,747.4133258473104,0.2230913305498916,0.26129355177067737,0.8537957750510671,0.02233926355959695,0.021379901412011185,0.021859582485804066,43.89624830970649,145,132,2000,2000,11,13,5673.9978412350165,0.0725,0.066,0.9241379310344827,0.9015151515151515,405270,377094,569088,536134,50727,40264,1873151.6705543566,0.7121394230769231,0.7033577426538887,0.8748315937523132,0.893225561796263,145,132,1766,1801,134,11,223,1632,119,13,186,1682,0.1785,0.1525,0.9241379310344827,0.9015151515151515,0.07587768969422423,0.06607440310938367,145,132,5673.9978412350165,32700.0,0.7121394230769231,0.7033577426538887,0.8748315937523132,0.893225561796263
328,0.0,32636.0,4000,791.3095741570169,791.5363725747376,747.4133258473104,747.6471509349577,0.2267984177207154,0.23382508764734666,0.969949033282396,0.022278070634650638,0.021321847599402838,0.021799959117026736,43.88922163977986,127,149,2000,2000,12,15,5655.432100402097,0.0635,0.0745,0.905511811023622,0.8993288590604027,405397,377243,571088,538134,50739,40279,1878807.1026547588,0.7098678312274115,0.7010205636514325,0.8748412050409845,0.8932279724209594,127,149,1755,1790,115,12,233,1640,134,15,195,1656,0.174,0.1645,0.905511811023622,0.8993288590604027,0.06552706552706553,0.07486033519553073,127,149,5655.432100402097,32800.0,0.7098678312274115,0.7010205636514325,0.8748412050409845,0.8932279724209594
329,0.0,32735.5,4000,791.5363725747376,791.7809883093031,747.6471509349577,747.8961220720585,0.24461573456551378,0.24897113710073882,0.982506395777665,0.022217791262951564,0.02126460706375422,0.02174119916335289,43.88486623724464,160,142,2000,2000,15,12,5637.089399870549,0.08,0.071,0.90625,0.9154929577464789,405557,377385,573088,540134,50754,40291,1884444.1920546293,0.707669677257245,0.6986877330440224,0.8748535964118485,0.8932363501464022,160,142,1745,1798,145,15,240,1600,130,12,190,1668,0.1925,0.16,0.90625,0.9154929577464789,0.0830945558739255,0.07230255839822025,160,142,5637.089399870549,32900.0,0.707669677257245,0.6986877330440224,0.8748535964118485,0.8932363501464022
330,0.0,32835.0,4000,791.7831574925082,792.0615494373773,747.897107782504,748.1767735090489,0.27839194486909946,0.279665726544863,0.9954453422251611,0.022158966475126687,0.02120867344953043,0.021683819962328557,43.884775928328395,127,128,2000,2000,10,14,5618.96981464852,0.0635,0.064,0.9212598425196851,0.890625,405684,377513,575088,542134,50764,40305,1890063.161869278,0.7054294299307237,0.6963462907694408,0.874868123958549,0.8932354647389626,127,128,1782,1817,117,10,208,1665,114,14,169,1703,0.1625,0.1415,0.9212598425196851,0.890625,0.06565656565656566,0.06274078150798018,127,128,5618.96981464852,33000.0,0.7054294299307237,0.6963462907694408,0.874868123958549,0.8932354647389626
331,0.0,32934.5,4000,792.0641188046044,792.3000224137064,748.1804083744324,748.4370658237332,0.23590360910202435,0.2566574493007465,0.91913797844066,0.022099225578716308,0.02115246272354044,0.021625844151128372,43.86295658997324,137,129,2000,2000,20,14,5600.949558309412,0.0685,0.0645,0.8540145985401459,0.8914728682170543,405821,377642,577088,544134,50784,40319,1895664.1114275875,0.7032220389264722,0.6940238985249957,0.874861084074013,0.8932348626476928,137,129,1769,1814,117,20,211,1652,115,14,172,1699,0.164,0.1435,0.8540145985401459,0.8914728682170543,0.06613906161673262,0.06339581036383682,137,129,5600.949558309412,33100.0,0.7032220389264722,0.6940238985249957,0.874861084074013,0.8932348626476928
332,0.0,33034.0,4000,792.3000224137064,792.5486782589433,748.4398435973902,748.6668041976301,0.24865584523683992,0.2269606002398632,1.095590357859682,0.022040151280142972,0.021095670316960406,0.02156791079855169,43.88187406131317,120,124,2000,2000,19,10,5582.939393053111,0.06,0.062,0.8416666666666667,0.9193548387096774,405941,377766,579088,546134,50803,40329,1901247.0508206405,0.7010005387782168,0.6917093607063468,0.8748512714901919,0.8932434364130176,120,124,1756,1795,101,19,225,1655,114,10,195,1681,0.163,0.1545,0.8416666666666667,0.9193548387096774,0.057517084282460135,0.06350974930362117,120,124,5582.939393053111,33200.0,0.7010005387782168,0.6917093607063468,0.8748512714901919,0.8932434364130176
333,0.0,33133.5,4000,792.5510932555636,792.8163683627605,748.6691521711458,748.9101772544315,0.2652751071968851,0.2410250832856491,1.100612034152878,0.021982003381518435,0.021039628455852458,0.021510815918685446,43.90619110832904,167,130,2000,2000,23,11,5565.15967116263,0.0835,0.065,0.8622754491017964,0.9153846153846154,406108,377896,581088,548134,50826,40340,1906812.2104918032,0.698875213392808,0.6894226594226959,0.8748461000522029,0.8932510531998221,167,130,1772,1791,144,23,205,1628,119,11,198,1672,0.1745,0.1585,0.8622754491017964,0.9153846153846154,0.08126410835214447,0.0664433277498604,167,130,5565.15967116263,33300.0,0.698875213392808,0.6894226594226959,0.8748461000522029,0.8932510531998221
334,0.0,33233.0,4000,792.8193849711109,793.0626619247437,748.9101772544315,749.1557695956155,0.24327695363274415,0.24559234118407858,0.9905722322602928,0.021923563058878656,0.020983988620391344,0.021453775839635,43.90689232912814,164,146,2000,2000,22,9,5547.435733220728,0.082,0.073,0.8658536585365854,0.9383561643835616,406272,378042,583088,550134,50848,40349,1912359.646225024,0.696759322778037,0.6871816684662282,0.8748424700693131,0.8932684728151898,164,146,1748,1804,142,22,230,1606,137,9,187,1667,0.186,0.162,0.8658536585365854,0.9383561643835616,0.08123569794050343,0.07594235033259424,164,146,5547.435733220728,33400.0,0.696759322778037,0.6871816684662282,0.8748424700693131,0.8932684728151898
335,0.0,33332.5,4000,793.0626619247437,793.2957322167948,749.1557695956155,749.4111998993975,0.2330702920511385,0.25543030378196363,0.9124613978852261,0.021865076909211887,0.020928974633577697,0.021397025771394792,43.884532317397316,137,137,2000,2000,17,20,5529.79153004643,0.0685,0.0685,0.8759124087591241,0.8540145985401459,406409,378179,585088,552134,50865,40369,1917889.4377550704,0.6946117507110041,0.6849406122426802,0.8748428307443978,0.8932542526158248,137,137,1744,1759,120,17,239,1624,117,20,221,1642,0.1795,0.169,0.8759124087591241,0.8540145985401459,0.06880733944954129,0.06651506537805571,137,137,5529.79153004643,33500.0,0.6946117507110041,0.6849406122426802,0.8748428307443978,0.8932542526158248
336,0.0,33432.0,4000,793.2977909632644,793.5880635475521,749.4131984071596,749.7079416444988,0.29027258428766345,0.2947432373391621,0.9848320419770845,0.02180870261277844,0.020875517618153396,0.02134211011546592,43.88012190305335,158,144,2000,2000,15,11,5512.4244867441475,0.079,0.072,0.9050632911392404,0.9236111111111112,406567,378323,587088,554134,50880,40380,1923401.8622418146,0.6925145804376857,0.6827283653412352,0.8748545750146962,0.893265807259934,158,144,1754,1807,143,15,231,1611,133,11,182,1674,0.187,0.1575,0.9050632911392406,0.9236111111111112,0.0815279361459521,0.07360265633646929,158,144,5512.4244867441475,33600.0,0.6925145804376857,0.6827283653412352,0.8748545750146962,0.893265807259934
337,0.0,33531.5,4000,793.5880635475521,793.8511106193658,749.7136687320005,749.9807322937899,0.2630470718137303,0.267063561789314,0.9849605466628492,0.02175179391279434,0.02082166714003695,0.021286730526415644,43.870378325575984,158,151,2000,2000,20,15,5495.323523219925,0.079,0.0755,0.8734177215189873,0.9006622516556292,406725,378474,589088,556134,50900,40395,1928897.1857650345,0.6904316502797545,0.680544616944837,0.8748540168418465,0.8932687582238146,158,151,1778,1809,138,20,202,1640,136,15,176,1673,0.17,0.156,0.8734177215189873,0.9006622516556292,0.07761529808773904,0.07517965726920951,158,151,5495.323523219925,33700.0,0.6904316502797545,0.680544616944837,0.8748540168418465,0.8932687582238146
338,0.0,33631.0,4000,793.8540748819004,794.1142713101333,749.9807322937899,750.2857607553656,0.26019642823291633,0.3050284615757164,0.8530234421037083,0.021695225312187476,0.02076908908523139,0.021232157198709432,43.82851055476772,161,157,2000,2000,22,12,5478.23929591604,0.0805,0.0785,0.8633540372670807,0.9235668789808917,406886,378631,591088,558134,50922,40407,1934375.4250609505,0.6883678910754405,0.6783872690070843,0.874849466435316,0.8932813213920677,161,157,1746,1822,139,22,232,1607,145,12,166,1677,0.1855,0.1555,0.8633540372670807,0.9235668789808917,0.07961053837342497,0.07958287596048298,161,157,5478.23929591604,33800.0,0.6883678910754405,0.6783872690070843,0.874849466435316,0.8932813213920677
339,0.0,33730.5,4000,794.1159370060356,794.3718919128394,750.2881489618469,750.5885214252384,0.25595490680382227,0.3003724633914544,0.8521250713659932,0.0216388270252107,0.020716754328929016,0.02117779067706986,43.78337048760102,157,148,2000,2000,17,14,5461.359547319179,0.0785,0.074,0.89171974522293,0.9054054054054054,407043,378779,593088,560134,50939,40421,1939836.7846082696,0.6863113062479766,0.6762292594272085,0.8748559734475228,0.8932860586252142,157,148,1762,1806,140,17,221,1622,134,14,180,1672,0.1805,0.157,0.89171974522293,0.9054054054054054,0.07945516458569807,0.07419712070874862,157,148,5461.359547319179,33900.0,0.6863113062479766,0.6762292594272085,0.8748559734475228,0.8932860586252142
340,0.0,33830.0,4000,794.3718919128394,794.6523539575628,750.591113469134,750.9225060292953,0.2804620447234356,0.3313925601612482,0.8463136426085398,0.02158343229998136,0.020665645775139723,0.021124539037560543,43.72984792826753,152,157,2000,2000,17,15,5444.575627966072,0.076,0.0785,0.8881578947368421,0.9044585987261147,407195,378936,595088,562134,50956,40436,1945281.3602362357,0.6842601430376684,0.6741026161022105,0.8748609388622159,0.8932906876095171,152,157,1748,1803,135,17,235,1613,142,15,182,1661,0.185,0.162,0.8881578947368421,0.9044585987261147,0.07723112128146453,0.07875762617859124,152,157,5444.575627966072,34000.0,0.6842601430376684,0.6741026161022105,0.8748609388622159,0.8932906876095171
341,0.0,33929.5,4000,794.6523539575628,794.9419823858359,750.9225060292953,751.2310899333377,0.2896284282730903,0.30858390404239344,0.9385727009056862,0.02152863127940291,0.020614092089700674,0.021071361684551794,43.71089245249823,164,168,2000,2000,22,14,5427.965862616828,0.082,0.084,0.8658536585365854,0.9166666666666666,407359,379104,597088,564134,50978,40450,1950709.3260988526,0.6822428184790181,0.6720105506847663,0.8748573125915962,0.893301046678484,164,168,1757,1802,142,22,221,1615,154,14,184,1648,0.1815,0.169,0.8658536585365854,0.9166666666666666,0.08081957882754695,0.08546059933407325,164,168,5427.965862616828,34100.0,0.6822428184790181,0.6720105506847663,0.8748573125915962,0.893301046678484
342,0.0,34029.0,4000,794.9419823858359,795.3256000336168,751.233312478617,751.5633700470509,0.38361764778085217,0.33005756843385825,1.1622749619138852,0.021476898955421642,0.020563532759430007,0.021020215857425827,43.7622299865659,178,186,2000,2000,16,18,5411.641757109506,0.089,0.093,0.9101123595505618,0.9032258064516129,407537,379290,599088,566134,50994,40468,1956120.967855962,0.6802623320780921,0.6699650612752458,0.874872710944037,0.8933059136808247,178,186,1742,1798,162,16,242,1580,168,18,184,1630,0.202,0.176,0.9101123595505618,0.9032258064516129,0.09299655568312284,0.09343715239154617,178,186,5411.641757109506,34200.0,0.6802623320780921,0.6699650612752458,0.874872710944037,0.8933059136808247
343,0.0,34128.5,4000,795.3289391920167,795.7548753304359,751.5707666815848,751.9369857097762,0.42593613841916067,0.36621902819138086,1.1630639197605332,0.02142679940443846,0.020514473353796837,0.020970636379117648,43.817889620659685,213,200,2000,2000,20,20,5395.817474053317,0.1065,0.1,0.9061032863849765,0.9,407750,379490,601088,568134,51014,40488,1961516.7853300152,0.6783532527683135,0.6679586153970718,0.8748890251379522,0.893309441619015,213,200,1760,1799,193,20,220,1567,180,20,181,1619,0.2065,0.1805,0.9061032863849765,0.9,0.10965909090909091,0.1000555864369094,213,200,5395.817474053317,34300.0,0.6783532527683135,0.6679586153970718,0.8748890251379522,0.893309441619015
344,0.0,34228.0,4000,795.7562621477889,796.1919215202032,751.9395235895333,752.3888638249422,0.43565937241430674,0.44934023540884027,0.9695534432119444,0.021377217027965308,0.020467974248558066,0.02092259563826169,43.80305769526103,243,246,2000,2000,25,19,5380.376465235738,0.1215,0.123,0.897119341563786,0.9227642276422764,407993,379736,603088,570134,51039,40507,1966897.161795251,0.6765065794709894,0.6660469293183707,0.874902265480045,0.8933285229738556,243,246,1787,1793,218,25,188,1569,227,19,188,1566,0.203,0.2075,0.897119341563786,0.9227642276422764,0.12199216564073867,0.12660345789180144,243,246,5380.376465235738,34400.0,0.6765065794709894,0.6660469293183707,0.874902265480045,0.8933285229738556
345,0.0,34327.5,4000,796.1944222982556,796.6649343950627,752.3888638249422,752.8361452582619,0.47051209680705597,0.4472814333197448,1.0519374643273074,0.02132896459817003,0.020421611466194704,0.020875288032182367,43.828789136800765,230,239,2000,2000,26,29,5364.972021990878,0.115,0.1195,0.8869565217391304,0.8786610878661087,408223,379975,605088,572134,51065,40536,1972262.133817242,0.6746506293299487,0.6641363736467331,0.8749090570594993,0.8933192973221923,230,239,1754,1815,204,26,220,1550,210,29,156,1605,0.212,0.183,0.8869565217391304,0.8786610878661087,0.11630558722919042,0.11570247933884298,230,239,5364.972021990878,34500.0,0.6746506293299487,0.6641363736467331,0.8749090570594993,0.8933192973221923
346,0.0,34427.0,4000,796.6696280313828,797.2238085668561,752.8416770370723,753.3381883608995,0.5541805354732787,0.4965113238272352,1.1161488346358641,0.02128347262452773,0.020377099383998697,0.02083028600426321,43.88562020595657,283,289,2000,2000,33,27,5350.031804644003,0.1415,0.1445,0.88339222614841,0.9065743944636678,408506,380264,607088,574134,51098,40563,1977612.165621886,0.6728942097356562,0.662326216527849,0.874914933929979,0.8933293711737109,283,289,1759,1806,250,33,208,1509,262,27,167,1544,0.229,0.2145,0.8833922261484098,0.9065743944636678,0.14212620807276863,0.1450719822812846,283,289,5350.031804644003,34600.0,0.6728942097356562,0.662326216527849,0.874914933929979,0.8933293711737109
347,0.0,34526.5,4000,797.2314789250628,797.7163116057754,753.3381883608995,753.9266339780254,0.48483268071265684,0.5884456171258989,0.8239209650004514,0.021236330139699677,0.020335333841598868,0.020785831990649272,43.78967762775005,254,287,2000,2000,35,32,5335.5442789191975,0.127,0.1435,0.8622047244094488,0.8885017421602788,408760,380551,609088,576134,51133,40595,1982947.7099008053,0.6711017127245981,0.6605251556061611,0.8749070359134945,0.8933257303226112,254,287,1759,1800,219,35,206,1540,255,32,168,1545,0.2125,0.2115,0.8622047244094488,0.8885017421602788,0.1245025582717453,0.14166666666666666,254,287,5335.5442789191975,34700.0,0.6711017127245981,0.6605251556061611,0.8749070359134945,0.8933257303226112
348,0.0,34626.0,4000,797.7221810482106,798.2913392895521,753.9281885509233,754.5120824446611,0.5691582413414835,0.5838938937378089,0.9747631332432769,0.0211918299865332,0.02029372220603783,0.020742776096285515,43.77925684489094,286,302,2000,2000,27,36,5321.342514588087,0.143,0.151,0.9055944055944056,0.880794701986755,409046,380853,611088,578134,51160,40631,1988269.0524153933,0.6693733144817113,0.6587625014270048,0.8749284921500271,0.8933157937576965,286,302,1774,1828,259,27,199,1515,266,36,136,1562,0.229,0.201,0.9055944055944056,0.8807947019867549,0.1459977452085682,0.14551422319474835,286,302,5321.342514588087,34800.0,0.6693733144817113,0.6587625014270048,0.8749284921500271,0.8933157937576965
349,0.0,34725.5,4000,798.2962195282188,798.9403544833176,754.5120824446611,755.1212581296704,0.6441349550988207,0.6091756850092906,1.0573878290775787,0.021149704834530686,0.020253028895562342,0.020701366865046512,43.81909635364718,340,335,2000,2000,34,45,5307.421700962707,0.17,0.1675,0.9,0.8656716417910448,409386,381188,613088,580134,51194,40676,1993576.474116356,0.6677442716216921,0.657068884085401,0.8749493143390346,0.89329149920774,340,335,1795,1790,306,34,171,1489,290,45,165,1500,0.2385,0.2275,0.9,0.8656716417910447,0.17047353760445683,0.16201117318435754,340,335,5307.421700962707,34900.0,0.6677442716216921,0.657068884085401,0.8749493143390346,0.89329149920774
350,0.0,34825.0,4000,798.9432927285104,799.6301091462267,755.1260973231317,755.7919392676991,0.6868164177162726,0.6658419445674326,1.0315006786820349,0.021108984382515145,0.02021432541694727,0.020661654899731208,43.83816987852754,364,367,2000,2000,38,40,5294.0588395472905,0.182,0.1835,0.8956043956043956,0.8910081743869209,409750,381555,615088,582134,51232,40716,1998870.5329559033,0.6661648414535807,0.6554418742076566,0.874967663209274,0.8932893029838425,364,367,1786,1794,326,38,176,1460,327,40,166,1467,0.251,0.2465,0.8956043956043956,0.8910081743869209,0.18253079507278835,0.18227424749163879,364,367,5294.0588395472905,35000.0,0.6661648414535807,0.6554418742076566,0.874967663209274,0.8932893029838425
351,0.0,34924.5,4000,799.6301091462267,800.4049660857384,755.7950079244099,756.5892353055916,0.7748569395116647,0.7942273811817131,0.9756109621387926,0.021070920522152186,0.02017944973307826,0.02062518512761522,43.81573078014674,391,388,2000,2000,37,32,5281.305994481447,0.1955,0.194,0.9053708439897699,0.9175257731958762,410141,381943,617088,584134,51269,40748,2004151.8389503849,0.6646394031321302,0.6538619563319376,0.8749966474943982,0.8933139238053845,391,388,1763,1809,354,37,200,1409,356,32,159,1453,0.277,0.2575,0.9053708439897699,0.9175257731958762,0.20079410096426545,0.19679380873410723,391,388,5281.305994481447,35100.0,0.6646394031321302,0.6538619563319376,0.8749966474943982,0.8933139238053845
352,0.0,35024.0,4000,800.4077596345606,801.2536174499355,756.5920066880792,757.4113100775567,0.8458578153748704,0.8193033894774544,1.0324109801551684,0.021035169366242584,0.02014547614781284,0.020590322757027713,43.842307372378855,441,457,2000,2000,46,39,5269.052901552673,0.2205,0.2285,0.8956916099773242,0.9146608315098468,410582,382400,619088,586134,51315,40787,2009420.8918519376,0.6632045848086218,0.6524105409343256,0.8750188756448164,0.8933394351464435,441,457,1772,1812,395,46,182,1377,418,39,149,1394,0.2885,0.2835,0.8956916099773242,0.9146608315098468,0.2229119638826185,0.2306843267108168,441,457,5269.052901552673,35200.0,0.6632045848086218,0.6524105409343256,0.8750188756448164,0.8933394351464435
353,0.0,35123.5,4000,801.2556033807226,802.2144782310713,757.4143663273236,758.2615507917859,0.9588748503487068,0.8471844644623161,1.131837150669751,0.02100279950348087,0.020112492949496918,0.020557646226488896,43.95292743928542,477,463,2000,2000,54,47,5257.411526084214,0.2385,0.2315,0.8867924528301887,0.8984881209503239,411059,382863,621088,588134,51369,40834,2014678.3033780218,0.6618369699623886,0.650979198618002,0.8750325379081835,0.8933456615029397,477,463,1779,1803,423,54,167,1356,416,47,150,1387,0.295,0.283,0.8867924528301887,0.8984881209503239,0.23777403035413153,0.230726566833056,477,463,5257.411526084214,35300.0,0.6618369699623886,0.650979198618002,0.8750325379081835,0.8933456615029397
354,0.0,35223.0,4000,802.2174064159648,803.1536563975493,758.2639389982672,759.2376278956212,0.936249981584524,0.973688897354009,0.9615494067240318,0.02097000001806081,0.020083250797205552,0.02052662540763318,43.916028501928054,514,484,2000,2000,61,38,5246.338758483631,0.257,0.242,0.8813229571984436,0.9214876033057852,411573,383347,623088,590134,51430,40872,2019924.6421365053,0.6605375163700793,0.6495931432522105,0.875040393806202,0.8933811924966153,514,484,1772,1799,453,61,167,1319,446,38,163,1353,0.31,0.3045,0.8813229571984436,0.9214876033057852,0.25564334085778784,0.24791550861589773,514,484,5246.338758483631,35400.0,0.6605375163700793,0.6495931432522105,0.875040393806202,0.8933811924966153
355,0.0,35322.5,4000,803.1536563975493,804.1618377191944,759.2424259582857,760.244310052502,1.008181321645111,1.0018840942162797,1.0062853851709836,0.020939329069323883,0.02005503550360443,0.020497182286464157,43.91752766669242,534,517,2000,2000,69,53,5235.621594041792,0.267,0.2585,0.8707865168539326,0.8974854932301741,412107,383864,625088,592134,51499,40925,2025160.2637305472,0.6592783736049964,0.6482721816345625,0.8750348817176121,0.8933867202967718,534,517,1723,1787,465,69,208,1258,464,53,160,1323,0.3365,0.312,0.8707865168539326,0.8974854932301741,0.2698781195589089,0.259653049804141,534,517,5235.621594041792,35500.0,0.6592783736049964,0.6482721816345625,0.8750348817176121,0.8933867202967718
356,0.0,35422.0,4000,804.1654856809993,805.1201555757932,760.244310052502,761.3775174062665,0.9546698947939376,1.1332073537645329,0.8424494348916013,0.020907429770157207,0.020030532801452863,0.020468981285805037,43.742638169526685,574,548,2000,2000,81,52,5225.426816973186,0.287,0.274,0.8588850174216027,0.9051094890510949,412681,384412,627088,594134,51580,40977,2030385.6905475203,0.6580910494220907,0.647012290156766,0.8750124187932083,0.8934034317347013,574,548,1728,1798,493,81,191,1235,496,52,150,1302,0.342,0.323,0.8588850174216028,0.9051094890510949,0.28530092592592593,0.27586206896551724,574,548,5225.426816973186,35600.0,0.6580910494220907,0.647012290156766,0.8750124187932083,0.8934034317347013
357,0.0,35521.5,4000,805.1309352601618,806.2321539579557,761.3775174062665,762.5271219565242,1.101218697793911,1.1496045502576635,0.9579108725231579,0.020880013955175324,0.020006626674565254,0.02044332031487029,43.705032001431505,606,579,2000,2000,75,47,5215.724615937433,0.303,0.2895,0.8762376237623762,0.918825561312608,413287,384991,629088,596134,51655,41024,2035601.4151634576,0.656962142021466,0.6458128541569513,0.875014215303167,0.8934416648700879,606,579,1759,1799,531,75,166,1228,532,47,154,1267,0.3485,0.343,0.8762376237623762,0.918825561312608,0.3018760659465605,0.29571984435797666,606,579,5215.724615937433,35700.0,0.656962142021466,0.6458128541569513,0.875014215303167,0.8934416648700879
358,0.0,35621.0,4000,806.2430574495909,807.4579566400719,762.5326040347874,763.6053746669575,1.2148991904809918,1.0727706321700907,1.1324873687336048,0.020855930192231153,0.01998086103330762,0.020418395612769386,43.85258197311441,623,618,2000,2000,62,60,5206.57893720138,0.3115,0.309,0.9004815409309791,0.9029126213592233,413910,385609,631088,598134,51717,41084,2040807.994100659,0.6558673275359379,0.6446866421236713,0.8750525476552874,0.8934568435902689,623,618,1777,1795,561,62,161,1216,558,60,145,1237,0.361,0.3515,0.9004815409309791,0.9029126213592233,0.3157006190208216,0.3108635097493036,623,618,5206.57893720138,35800.0,0.6558673275359379,0.6446866421236713,0.8750525476552874,0.8934568435902689
359,0.0,35720.5,4000,807.4618647238507,808.5943727063934,763.6129526859804,764.9405851634081,1.1325079825427338,1.3276324774276418,0.8530282301748356,0.020829490722790996,0.019962396531723214,0.020395943627257107,43.653787542985356,657,607,2000,2000,91,56,5197.991831651111,0.3285,0.3035,0.8614916286149163,0.9077429983525536,414567,386216,633088,600134,51808,41140,2046005.98593231,0.6548331353619086,0.6435496072543798,0.8750310564999144,0.8934792965594383,657,607,1759,1797,566,91,150,1193,551,56,147,1246,0.358,0.349,0.8614916286149162,0.9077429983525536,0.32177373507674817,0.30662214802448523,657,607,5197.991831651111,35900.0,0.6548331353619086,0.6435496072543798,0.8750310564999144,0.8934792965594383
360,0.0,35820.0,4000,808.6002121266868,809.8555055960763,764.9509017137685,766.1805637278358,1.255293469389585,1.2296620140672303,1.0208443092729003,0.020806662495496658,0.019941389279258086,0.02037402588737737,43.67494186824058,631,631,2000,2000,66,71,5189.437111935184,0.3155,0.3155,0.8954041204437401,0.8874801901743264,415198,386847,635088,602134,51874,41211,2051195.4230442452,0.6537645176731414,0.6424599839902746,0.8750620186031725,0.8934695112021032,631,631,1767,1795,565,66,167,1202,560,71,134,1235,0.366,0.347,0.8954041204437401,0.8874801901743264,0.31975099037917376,0.31197771587743733,631,631,5189.437111935184,36000.0,0.6537645176731414,0.6424599839902746,0.8750620186031725,0.8934695112021032
361,0.0,35919.5,4000,809.8555055960763,811.1365218669634,766.1874523735046,767.4952169147462,1.2810162708871076,1.3077645412415677,0.9795465701118752,0.02078451152655864,0.01992256695956237,0.020353539243060506,43.6413049522173,672,671,2000,2000,69,51,5181.098410605334,0.336,0.3355,0.8973214285714286,0.9239940387481371,415870,387518,637088,604134,51943,41262,2056376.5214548504,0.6527669646893365,0.6414437856502034,0.8750979873518167,0.8935223654127034,672,671,1768,1816,603,69,163,1165,620,51,133,1196,0.383,0.3765,0.8973214285714286,0.9239940387481371,0.3410633484162896,0.34140969162995594,672,671,5181.098410605334,36100.0,0.6527669646893365,0.6414437856502034,0.8750979873518167,0.8935223654127034
362,0.0,36019.0,4000,811.1465739988778,812.3358360150821,767.5017798968571,768.803900456567,1.1892620162043386,1.3021205597099197,0.9133271165530762,0.020760225973947114,0.019903683723260287,0.0203319548486037,43.5319355585151,689,644,2000,2000,82,71,5173.208697181231,0.3445,0.322,0.8809869375907111,0.889751552795031,416559,388162,639088,606134,52025,41333,2061549.7301520316,0.651802255714393,0.6403897488014202,0.8751077278368731,0.893516109253353,689,644,1744,1783,607,82,174,1137,573,71,146,1210,0.3905,0.3595,0.8809869375907112,0.889751552795031,0.3480504587155963,0.3213684800897364,689,644,5173.208697181231,36200.0,0.651802255714393,0.6403897488014202,0.8751077278368731,0.893516109253353
363,0.0,36118.5,4000,812.3429982180157,813.6083845283712,768.8078478987549,770.0660878096666,1.2653863103554386,1.2582399109116977,1.005679679512441,0.0207380917016577,0.019883623640086005,0.020310857670871853,43.54229671870462,693,674,2000,2000,91,59,5165.26820411086,0.3465,0.337,0.8686868686868687,0.9124629080118695,417252,388836,641088,608134,52116,41392,2066714.9983561425,0.6508498053309374,0.6393919761105282,0.8750970636449915,0.8935489512287957,693,674,1760,1813,602,91,149,1158,615,59,128,1198,0.3755,0.3715,0.8686868686868687,0.9124629080118695,0.34204545454545454,0.33921676778819637,693,674,5165.26820411086,36300.0,0.6508498053309374,0.6393919761105282,0.8750970636449915,0.8935489512287957
364,0.0,36218.0,4000,813.6173185862671,815.0077280743966,770.071068421705,771.4298029707368,1.390409488129535,1.3587345490317375,1.023312087795493,0.02071956242626923,0.01986646300264264,0.020293012714455935,43.57792510365982,704,724,2000,2000,77,74,5157.727651292251,0.352,0.362,0.890625,0.8977900552486188,417956,389560,643088,610134,52193,41466,2071872.7260074348,0.6499203841464932,0.6384826939655879,0.8751232187120175,0.8935568333504467,704,724,1795,1794,627,77,128,1168,650,74,132,1144,0.3775,0.391,0.890625,0.8977900552486188,0.3493036211699164,0.36231884057971014,704,724,5157.727651292251,36400.0,0.6499203841464932,0.6384826939655879,0.8751232187120175,0.8935568333504467
365,0.0,36317.5,4000,815.016216414218,816.3842736198311,771.4368747127982,772.8832273171803,1.3680572056131268,1.4463526043821275,0.945867004676603,0.020700510078400944,0.01985185418199002,0.020276182130195483,43.50104630265082,749,717,2000,2000,93,72,5150.538011428828,0.3745,0.3585,0.8758344459279038,0.899581589958159,418705,390277,645088,612134,52286,41538,2077023.2640188637,0.649066483952577,0.6375679181355717,0.8751244909900765,0.8935679017723309,749,717,1749,1798,656,93,158,1093,645,72,130,1153,0.407,0.3875,0.8758344459279038,0.899581589958159,0.37507146941109204,0.35873192436040047,749,717,5150.538011428828,36500.0,0.649066483952577,0.6375679181355717,0.8751244909900765,0.8935679017723309
366,0.0,36417.0,4000,816.3935042024083,817.892867789583,772.8881090038439,774.3087393605113,1.4993635871746847,1.4206303566674023,1.055421334717906,0.020685169727633505,0.019836562559725865,0.020260866143679685,43.58412842907171,748,751,2000,2000,89,72,5143.63630890926,0.374,0.3755,0.8810160427807486,0.9041278295605859,419453,391028,647088,614134,52375,41610,2082166.9003277728,0.6482163167915338,0.6367144629673654,0.8751349972464137,0.8935881829434209,748,751,1743,1803,659,89,168,1084,679,72,125,1124,0.4135,0.402,0.8810160427807486,0.9041278295605859,0.3780837636259323,0.37659456461453134,748,751,5143.63630890926,36600.0,0.6482163167915338,0.6367144629673654,0.8751349972464137,0.8935881829434209
367,0.0,36516.5,4000,817.9004434885034,819.3326153603626,774.3154097199075,775.7570067009456,1.432171871859282,1.4415969810380602,0.9934620359901202,0.020668037046380545,0.019821974305896484,0.020245005676138517,43.57560865941707,766,731,2000,2000,92,73,5136.918746864719,0.383,0.3655,0.8798955613577023,0.9001367989056087,420219,391759,649088,616134,52467,41683,2087303.8190746375,0.647399119996056,0.6358340880392902,0.8751436750837064,0.8936004022881414,766,731,1734,1788,674,92,174,1060,658,73,139,1130,0.424,0.3985,0.8798955613577023,0.9001367989056087,0.3886966551326413,0.3680089485458613,766,731,5136.918746864719,36700.0,0.647399119996056,0.6358340880392902,0.8751436750837064,0.8936004022881414
368,0.0,36616.0,4000,819.3431651566192,820.807271243228,775.7641979639936,777.2125866154412,1.4641060866088083,1.4483886514475444,1.010851669643749,0.02065194607296281,0.01980766404730697,0.02022980506013489,43.59468462778682,750,739,2000,2000,82,67,5130.2911739544115,0.375,0.3695,0.8906666666666667,0.9093369418132612,420969,392498,651088,618134,52549,41750,2092434.110248592,0.646562369449291,0.6349723522731318,0.8751713309056011,0.893630031235828,750,739,1751,1799,668,82,167,1083,672,67,134,1127,0.4175,0.403,0.8906666666666667,0.9093369418132612,0.3814962878355226,0.3735408560311284,750,739,5130.2911739544115,36800.0,0.646562369449291,0.6349723522731318,0.8751713309056011,0.893630031235828
369,0.0,36715.5,4000,820.8173937377269,822.2740697014369,777.2198702390507,778.647491297019,1.4566759637100404,1.427621057968281,1.0203519733612705,0.020635729375155565,0.01979287104667952,0.020214300210917545,43.626578404417955,760,794,2000,2000,100,74,5123.789584793683,0.38,0.397,0.868421052631579,0.906801007556675,421729,393292,653088,620134,52649,41824,2097557.899833386,0.6457460556617178,0.6342048654000587,0.8751591661944045,0.8936566215432808,760,794,1734,1795,660,100,166,1074,720,74,131,1075,0.413,0.4255,0.868421052631579,0.906801007556675,0.3806228373702422,0.4011142061281337,760,794,5123.789584793683,36900.0,0.6457460556617178,0.6342048654000587,0.8751591661944045,0.8936566215432808
370,0.0,36815.0,4000,822.2783013805657,823.7364334714487,778.6570265714658,780.1012348733354,1.4581320908829412,1.444208301869594,1.0096411224027186,0.020619480478736543,0.019778667167534885,0.020199073823135714,43.63519859811322,809,769,2000,2000,121,85,5117.438612321758,0.4045,0.3845,0.8504326328800988,0.8894668400520156,422538,394061,655088,622134,52770,41909,2102675.3384457077,0.6450095254378038,0.6334021288018337,0.8751118242619599,0.893648445291465,809,769,1728,1790,688,121,151,1040,684,85,125,1106,0.4195,0.4045,0.8504326328800988,0.8894668400520156,0.39814814814814814,0.38212290502793295,809,769,5117.438612321758,37000.0,0.6450095254378038,0.6334021288018337,0.8751118242619599,0.893648445291465
371,0.0,36914.5,4000,823.7405891523481,825.2180814925131,780.1162795297143,781.6864649973696,1.4774923401649858,1.5701854676552784,0.9409667651371725,0.02060383896857996,0.019768083970965633,0.020185961469772796,43.53161649514345,825,848,2000,2000,88,78,5111.292489433389,0.4125,0.424,0.8933333333333333,0.9080188679245284,423363,394909,657088,624134,52858,41987,2107786.630935141,0.6443018286743937,0.6327311122291046,0.8751473321948304,0.8936793033331729,825,848,1765,1832,737,88,147,1028,770,78,90,1062,0.442,0.43,0.8933333333333333,0.9080188679245284,0.41756373937677055,0.4203056768558952,825,848,5111.292489433389,37100.0,0.6443018286743937,0.6327311122291046,0.8751473321948304,0.8936793033331729
372,0.0,37014.0,4000,825.2268860796007,826.7443646472924,781.688350369801,783.3618248067759,1.5174785676916827,1.6734744369748569,0.9067832374152256,0.020589481421749888,0.01975998051430729,0.02017473096802859,43.38253984051653,829,861,2000,2000,90,65,5105.474918284849,0.4145,0.4305,0.8914354644149578,0.924506387921022,424192,395770,659088,626134,52948,42052,2112892.105853426,0.6436044959094992,0.6320851447134319,0.8751791641520821,0.893746367839907,829,861,1737,1824,739,90,173,998,796,65,111,1028,0.456,0.4535,0.8914354644149578,0.924506387921022,0.4254461715601612,0.43640350877192985,829,861,5105.474918284849,37200.0,0.6436044959094992,0.6320851447134319,0.8751791641520821,0.893746367839907
373,0.0,37113.5,4000,826.7538959146847,828.2861802095048,783.3677529884549,784.9608564524983,1.5322842948201014,1.5931034640434518,0.9618234655839707,0.020575617277514963,0.019749874176352645,0.020162745726933804,43.32532375700646,820,838,2000,2000,105,79,5099.731446791626,0.41,0.419,0.8719512195121951,0.905727923627685,425012,396608,661088,628134,53053,42131,2117991.8373002172,0.6428977685270342,0.6314066743720289,0.8751729362935635,0.8937716838792964,820,838,1751,1781,715,105,144,1036,759,79,140,1022,0.4295,0.4495,0.8719512195121951,0.905727923627685,0.40833809251856085,0.4261650758001123,820,838,5099.731446791626,37300.0,0.6428977685270342,0.6314066743720289,0.8751729362935635,0.8937716838792964
374,0.0,37213.0,4000,828.2935490858412,829.8926973765626,784.9664296058892,786.572326718248,1.5991482907214731,1.6058971123587753,0.9957974757004268,0.020563557262523156,0.019740154466409178,0.02015185586446617,43.32037065831469,808,832,2000,2000,97,89,5094.391055877541,0.404,0.416,0.879950495049505,0.8930288461538461,425820,397440,663088,630134,53150,42220,2123086.2283560946,0.64217720724851,0.6307229890785134,0.8751820017847917,0.8937701288244766,808,832,1767,1776,711,97,136,1056,743,89,135,1033,0.4235,0.439,0.879950495049505,0.8930288461538461,0.40237691001697795,0.41835585585585583,808,832,5094.391055877541,37400.0,0.64217720724851,0.6307229890785134,0.8751820017847917,0.8937701288244766
375,0.0,37312.5,4000,829.8973581320691,831.4907161709775,786.5786377485823,788.207065655111,1.5933580389083772,1.6284279065287137,0.9784639728416997,0.020551334944340825,0.019731107092815104,0.020141221018577966,43.2836505158665,834,832,2000,2000,103,71,5089.052844893076,0.417,0.416,0.8764988009592326,0.9146634615384616,426654,398272,665088,632134,53253,42291,2128175.2812009878,0.6415000721709007,0.630043629989844,0.8751845757920939,0.893813775510204,834,832,1749,1813,731,103,148,1018,761,71,116,1052,0.4395,0.4385,0.8764988009592326,0.9146634615384616,0.4179531160663236,0.419746276889134,834,832,5089.052844893076,37500.0,0.6415000721709007,0.630043629989844,0.8751845757920939,0.893813775510204
376,0.0,37412.0,4000,831.5012492272767,833.1273197809409,788.216534081342,789.9219785977074,1.6260705536641353,1.7054445163653327,0.9534584901827471,0.020540203830392133,0.01972424013093518,0.020132221980663657,43.205341183233486,838,835,2000,2000,83,73,5083.858661740897,0.419,0.4175,0.9009546539379475,0.9125748502994012,427492,399107,667088,634134,53336,42364,2133259.139862729,0.6408329935480777,0.6293732870339708,0.8752350921186829,0.8938530268825152,838,835,1757,1825,755,83,160,1002,762,73,102,1063,0.4575,0.432,0.9009546539379475,0.9125748502994012,0.42970973249857713,0.41753424657534244,838,835,5083.858661740897,37600.0,0.6408329935480777,0.6293732870339708,0.8752350921186829,0.8938530268825152
377,0.0,37511.5,4000,833.1300407715545,834.6313263037352,789.9266342178911,791.5940601948421,1.5012855321807592,1.6674259769509945,0.9003611272303466,0.020525614603329936,0.019716273488602054,0.020120944045965997,43.037266108893164,812,872,2000,2000,94,93,5078.500060674414,0.406,0.436,0.8842364532019704,0.893348623853211,428304,399979,669088,636134,53430,42457,2138337.639923403,0.6401310440480176,0.6287653230294247,0.875252157346184,0.8938519272261793,812,872,1738,1783,718,94,168,1020,779,93,124,1004,0.443,0.4515,0.8842364532019704,0.893348623853211,0.4131185270425777,0.4369040942232193,812,872,5078.500060674414,37700.0,0.6401310440480176,0.6287653230294247,0.875252157346184,0.8938519272261793
378,0.0,37611.0,4000,834.6365198620729,836.2029825373672,791.6051388312037,793.185990287984,1.5664626752943605,1.5808514567803513,0.9908980812686248,0.0205128922428352,0.019706228587657127,0.020109560415246162,43.01699224938318,827,811,2000,2000,99,71,5073.083550663184,0.4135,0.4055,0.8802902055622732,0.9124537607891492,429131,400790,671088,638134,53529,42528,2143410.7234740662,0.6394556302601149,0.6280655787029057,0.8752618664230736,0.8938895681029966,827,811,1749,1815,728,99,152,1021,740,71,114,1075,0.44,0.427,0.8802902055622733,0.9124537607891492,0.41623785020011433,0.40771349862258954,827,811,5073.083550663184,37800.0,0.6394556302601149,0.6280655787029057,0.8752618664230736,0.8938895681029966
379,0.0,37710.5,4000,836.2062580557647,837.8203120742077,793.1958350194047,794.8848395621401,1.614054018442971,1.689004542735347,0.9556244388952362,0.020501442119155965,0.019699057780675343,0.020100249949915654,42.93547251206758,808,845,2000,2000,84,77,5067.629229706044,0.404,0.4225,0.8960396039603961,0.9088757396449704,429939,401635,673088,640134,53613,42605,2148478.3527037725,0.6387560021869354,0.6274233207422196,0.8753009147809341,0.8939210975139119,808,845,1772,1803,724,84,144,1048,768,77,120,1035,0.434,0.444,0.8960396039603961,0.9088757396449704,0.40857787810383744,0.4259567387687188,808,845,5067.629229706044,37900.0,0.6387560021869354,0.6274233207422196,0.8753009147809341,0.8939210975139119
380,0.0,37810.0,4000,837.8303563300951,839.4787958524377,794.8925766324467,796.5698996763218,1.648439522342528,1.6773230438751625,0.9827799888410857,0.020491135265637922,0.019691561842152032,0.020091348553894977,42.90889617611583,837,830,2000,2000,110,70,5062.547967011567,0.4185,0.415,0.8685782556750299,0.9156626506024097,430776,402465,675088,642134,53723,42675,2153540.900670784,0.6381034768800512,0.6267617039434137,0.8752878526194589,0.8939659349260184,837,830,1751,1801,727,110,139,1024,760,70,129,1041,0.433,0.4445,0.8685782556750299,0.9156626506024096,0.41519131924614505,0.42198778456413105,837,830,5062.547967011567,38000.0,0.6381034768800512,0.6267617039434137,0.8752878526194589,0.8939659349260184
381,0.0,37909.5,4000,839.4904496680197,841.1061706260367,796.5768187392089,798.2877502442086,1.6157209580170502,1.710931504999735,0.9443516314332528,0.020480066007029923,0.0196849658942169,0.020082515950623412,42.818420381828105,857,853,2000,2000,109,57,5057.3552373436,0.4285,0.4265,0.8728121353558926,0.9331770222743259,431633,403318,677088,644134,53832,42732,2158598.255908128,0.6374843447232856,0.6261399025668573,0.875282937124826,0.8940488646675824,857,853,1735,1835,748,109,156,987,796,57,108,1039,0.452,0.452,0.8728121353558926,0.9331770222743259,0.43112391930835736,0.4337874659400545,857,853,5057.3552373436,38100.0,0.6374843447232856,0.6261399025668573,0.875282937124826,0.8940488646675824
382,0.0,38009.0,4000,841.1214717897785,842.67148563401,798.2987978168017,799.8391806114016,1.5500138442314437,1.5403827945999637,1.006252374192469,0.020467430101461084,0.019674047930284214,0.020070739015872648,42.83230502260835,775,777,2000,2000,85,78,5051.931123115887,0.3875,0.3885,0.8903225806451613,0.8996138996138996,432408,404095,679088,646134,53917,42810,2163650.187031244,0.6367481092288481,0.6254043278948329,0.8753098925089268,0.8940595652012522,775,777,1759,1792,690,85,156,1069,699,78,130,1093,0.423,0.4145,0.8903225806451613,0.8996138996138996,0.3922683342808414,0.3900669642857143,775,777,5051.931123115887,38200.0,0.6367481092288481,0.6254043278948329,0.8753098925089268,0.8940595652012522
383,0.0,38108.5,4000,842.6745288100026,844.2128980174073,799.842345606735,801.4191675608774,1.5383692074046849,1.5768219541424742,0.975613767529828,0.020454236090318816,0.019663932581888584,0.0200590843361037,42.79373045652983,784,754,2000,2000,75,61,5046.11094448535,0.392,0.377,0.9043367346938775,0.9190981432360743,433192,404849,681088,648134,53992,42871,2168696.297975729,0.6360294117647058,0.624637806379545,0.8753624258989086,0.8941061976193593,784,754,1749,1818,709,75,176,1040,693,61,121,1125,0.4425,0.407,0.9043367346938775,0.9190981432360743,0.40537449971412237,0.3811881188118812,784,754,5046.11094448535,38300.0,0.6360294117647058,0.624637806379545,0.8753624258989086,0.8941061976193593
384,0.0,38208.0,4000,844.2128980174073,845.7723364170563,801.4350128559964,803.0418776984081,1.559438399649025,1.60686484241171,0.9704851077010911,0.020441580225491137,0.019654982500621445,0.02004828136305629,42.73045871864815,812,791,2000,2000,80,54,5040.291796213536,0.406,0.3955,0.9014778325123153,0.93173198482933,434004,405640,683088,650134,54072,42925,2173736.5897719427,0.6353559131473544,0.6239329122919275,0.8754112865319214,0.8941795680899319,812,791,1749,1829,732,80,171,1017,737,54,117,1092,0.4515,0.427,0.9014778325123153,0.93173198482933,0.41852487135506006,0.40295243302351014,812,791,5040.291796213536,38400.0,0.6353559131473544,0.6239329122919275,0.8754112865319214,0.8941795680899319
385,0.0,38307.5,4000,845.777327909588,847.370590865314,803.0629503707705,804.6385433009987,1.5932629557260043,1.5755929302281402,1.0112148418280258,0.020429998314470583,0.01964540243185595,0.020037700373163266,42.732047564315394,785,798,2000,2000,96,72,5034.93999578824,0.3925,0.399,0.8777070063694268,0.9097744360902256,434789,406438,685088,652134,54168,42997,2178771.5297677307,0.6346469358680928,0.6232430758095728,0.8754154313931586,0.8942101870395976,785,798,1768,1789,689,96,136,1079,726,72,139,1063,0.4125,0.4325,0.8777070063694268,0.9097744360902256,0.3897058823529412,0.4058133035215204,785,798,5034.93999578824,38500.0,0.6346469358680928,0.6232430758095728,0.8754154313931586,0.8942101870395976
386,0.0,38407.0,4000,847.3795181458431,848.9952670821345,804.6496682603564,806.2463127090639,1.6157489362914248,1.5966444487074796,1.011965398808364,0.020419160915127927,0.019636159664106714,0.02002766028961732,42.74895437307066,821,833,2000,2000,103,64,5029.537848704633,0.4105,0.4165,0.8745432399512789,0.9231692677070829,435610,407271,687088,654134,54271,43061,2183801.0676164352,0.6339944810562839,0.6226109635028908,0.875413787562269,0.8942694176604766,821,833,1726,1804,718,103,171,1008,769,64,132,1035,0.4445,0.4505,0.8745432399512789,0.9231692677070829,0.4159907300115875,0.4262749445676275,821,833,5029.537848704633,38600.0,0.6339944810562839,0.6226109635028908,0.875413787562269,0.8942694176604766
387,0.0,38506.5,4000,849.0046042217313,850.6595220162567,806.2585827612075,807.9245925512112,1.6549177945254314,1.6660097900036135,0.9933421786926246,0.02040940222889044,0.01962878663763996,0.020019094433265203,42.734929465045525,843,825,2000,2000,79,73,5024.293930324752,0.4215,0.4125,0.9062870699881376,0.9115151515151515,436453,408096,689088,656134,54350,43134,2188825.36154676,0.6333777398532553,0.6219705121209996,0.8754734186728009,0.8943042813455657,843,825,1766,1797,764,79,155,1002,752,73,130,1045,0.4595,0.441,0.9062870699881376,0.9115151515151515,0.43261608154020387,0.41847523650528656,843,825,5024.293930324752,38700.0,0.6333777398532553,0.6219705121209996,0.8754734186728009,0.8943042813455657
388,0.0,38606.0,4000,850.668566606511,852.3053277825127,807.9325977920735,809.6302319065375,1.6367611760016416,1.6976341144639946,0.9641424863321784,0.020399218351142168,0.019622156758556514,0.02001068755484934,42.67509587597522,854,842,2000,2000,85,82,5019.2823736677265,0.427,0.421,0.9004683840749415,0.9026128266033254,437307,408938,691088,658134,54435,43216,2193844.6439204277,0.6327804852638159,0.6213597838738008,0.8755222303782011,0.8943213885723508,854,842,1768,1798,769,85,147,999,760,82,120,1038,0.458,0.44,0.9004683840749415,0.9026128266033254,0.43495475113122173,0.42269187986651835,854,842,5019.2823736677265,38800.0,0.6327804852638159,0.6213597838738008,0.8755222303782011,0.8943213885723508
389,0.0,38705.5,4000,852.3173353870592,854.0809300184849,809.6404771682684,811.3899446305375,1.7635946314256898,1.749467462269081,1.0080751254088978,0.020392423502835173,0.019616951027146345,0.02000468726499076,42.69098538794742,862,841,2000,2000,96,65,5014.629702211374,0.431,0.4205,0.888631090487239,0.9227110582639715,438169,409779,693088,660134,54531,43281,2198859.273622639,0.6321982201394339,0.6207512414146219,0.8755480191432986,0.8943796534229426,862,841,1736,1821,766,96,168,970,776,65,114,1045,0.467,0.445,0.888631090487239,0.9227110582639715,0.4412442396313364,0.42613948380010985,862,841,5014.629702211374,38900.0,0.6321982201394339,0.6207512414146219,0.8755480191432986,0.8943796534229426
390,0.0,38805.0,4000,854.0942073216609,855.8471134847945,811.4000278659944,813.2337110264149,1.7529061631336162,1.8336831604204917,0.9559482253911564,0.020385421992989688,0.01961392721415052,0.019999674603570106,42.613402458379596,900,847,2000,2000,98,82,5010.530713354098,0.45,0.4235,0.8911111111111111,0.9031877213695395,439069,410626,695088,662134,54629,43363,2203869.8043359932,0.6316739750938011,0.6201554368149045,0.8755799202403267,0.8943978218622298,900,847,1738,1797,802,98,164,936,765,82,121,1032,0.483,0.443,0.8911111111111111,0.9031877213695395,0.4614499424626007,0.4257095158597663,900,847,5010.530713354098,39000.0,0.6316739750938011,0.6201554368149045,0.8755799202403267,0.8943978218622298
391,0.0,38904.5,4000,855.850269450256,857.6267430398211,813.2411613813232,814.9685973403933,1.776473589565171,1.7274359590701351,1.0283875244332834,0.020378800186230808,0.01960813421140278,0.019993467198816794,42.65814569942779,932,910,2000,2000,104,83,5006.191097471979,0.466,0.455,0.8884120171673819,0.9087912087912088,440001,411536,697088,664134,54733,43446,2208875.995433465,0.6311986434998164,0.6196580810499086,0.8756071008929525,0.8944296489250029,932,910,1757,1797,828,104,139,929,827,83,120,970,0.4835,0.4735,0.8884120171673819,0.9087912087912088,0.47125782583949916,0.4602114635503617,932,910,5006.191097471979,39100.0,0.6311986434998164,0.6196580810499086,0.8756071008929525,0.8944296489250029
392,0.0,39004.0,4000,857.6331020130893,859.5074924485227,814.9784168650275,816.8589713626349,1.8743904354333836,1.8805544976073634,0.99672221029392,0.020374791752304236,0.019606337287961486,0.019990564520132863,42.648521085887865,932,939,2000,2000,106,75,5002.2284033749365,0.466,0.4695,0.8862660944206009,0.9201277955271565,440933,412475,699088,666134,54839,43521,2213878.22383684,0.6307260316297805,0.6192072465900255,0.8756296308055872,0.894488150797018,932,939,1742,1808,826,106,152,916,864,75,117,944,0.489,0.4905,0.8862660944206009,0.9201277955271565,0.47416762342135477,0.4778761061946903,932,939,5002.2284033749365,39200.0,0.6307260316297805,0.6192072465900255,0.8756296308055872,0.894488150797018
393,0.0,39103.5,4000,859.5224626634658,861.3116807851202,816.8674329936756,818.7458135577738,1.7892181216543577,1.8783805640981655,0.9525322801204473,0.020368855598649455,0.019604459640794634,0.019986657619722042,42.565867227346416,980,972,2000,2000,108,92,4998.485133075704,0.49,0.486,0.889795918367347,0.9053497942386831,441913,413447,701088,668134,54947,43613,2218876.7089699158,0.6303245812223287,0.6188085024860283,0.8756610464050616,0.8945136861556621,980,972,1743,1785,872,108,149,871,880,92,123,905,0.5105,0.5015,0.889795918367347,0.9053497942386831,0.5002868617326449,0.49299719887955185,980,972,4998.485133075704,39300.0,0.6303245812223287,0.6188085024860283,0.8756610464050616,0.8945136861556621
394,0.0,39203.0,4000,861.315451164192,863.2798050702312,818.755266834007,820.6223640622976,1.9643539060391504,1.8670972282906177,1.052089776726611,0.02036711038863032,0.019602330314409975,0.019984720351520147,42.657441007933585,958,945,2000,2000,91,80,4994.986103886123,0.479,0.4725,0.9050104384133612,0.9153439153439153,442871,414392,703088,670134,55038,43693,2223871.695073802,0.6298941242063583,0.618371848018456,0.8757245337807171,0.8945611884399313,958,945,1773,1782,867,91,136,906,865,80,138,917,0.5015,0.5015,0.9050104384133612,0.9153439153439153,0.4890016920473773,0.48540965207631875,958,945,4994.986103886123,39400.0,0.6298941242063583,0.618371848018456,0.8757245337807171,0.8945611884399313
395,0.0,39302.5,4000,863.2886732413715,865.0995725592152,820.6384078701698,822.5258181856399,1.8108993178436776,1.887410315470106,0.9594624459772694,0.02036161814686123,0.01960089287369861,0.01998125551027992,42.5737543735753,908,953,2000,2000,95,86,4991.55630712238,0.454,0.4765,0.8953744493392071,0.9097586568730325,443779,415345,705088,672134,55133,43779,2228863.2513809246,0.6293951960606335,0.6179496945549549,0.8757647387551011,0.8945960586981907,908,953,1752,1805,813,95,153,939,867,86,109,938,0.483,0.488,0.8953744493392071,0.9097586568730325,0.464041095890411,0.48033240997229915,908,953,4991.55630712238,39500.0,0.6293951960606335,0.6179496945549549,0.8757647387551011,0.8945960586981907
396,0.0,39402.0,4000,865.1021465900435,866.9454240401128,822.5373822459874,824.4122767145842,1.8432774500693085,1.8748944685968354,0.9831366409912186,0.02035681233035142,0.01959903351111211,0.019977922920731764,42.5331473255286,934,922,2000,2000,95,76,4987.718703446001,0.467,0.461,0.8982869379014989,0.9175704989154013,444713,416267,707088,674134,55228,43855,2233850.9700843706,0.6289358608829453,0.6174840610323764,0.8758120405744829,0.8946469453499797,934,922,1765,1808,839,95,140,926,846,76,116,962,0.4895,0.481,0.8982869379014989,0.9175704989154013,0.4753541076487252,0.46792035398230086,934,922,4987.718703446001,39600.0,0.6289358608829453,0.6174840610323764,0.8758120405744829,0.8946469453499797
397,0.0,39501.5,4000,866.9505679027754,868.8432067915895,824.4234505589163,826.2855031196988,1.8926388888140764,1.8620525607824447,1.0164261356933872,0.02035333881696204,0.019596850212724285,0.01997509451484316,42.55770367189075,953,971,2000,2000,95,88,4983.956915949802,0.4765,0.4855,0.9003147953830011,0.9093717816683831,445666,417238,709088,676134,55323,43943,2238834.9270003205,0.6285059118191254,0.6170936530332745,0.8758644365960159,0.894681213120569,953,971,1771,1792,858,95,134,913,883,88,120,909,0.496,0.5015,0.9003147953830011,0.9093717816683831,0.484472049689441,0.4927455357142857,953,971,4983.956915949802,39700.0,0.6285059118191254,0.6170936530332745,0.8758644365960159,0.894681213120569
398,0.0,39601.0,4000,868.858712975464,870.8956996498089,826.2945134136847,828.2244414000884,2.0369866743449165,1.9299279864036407,1.055472892613354,0.020353769947025434,0.019596328937827732,0.019975049442426583,42.671258249720495,990,985,2000,2000,104,82,4980.852335216567,0.495,0.4925,0.8949494949494949,0.9167512690355331,446656,418223,711088,678134,55427,44025,2243815.779335537,0.6281304142384627,0.6167261927583634,0.8759067380713569,0.8947331925790787,990,985,1767,1795,886,104,129,881,903,82,123,892,0.5075,0.513,0.8949494949494949,0.916751269035533,0.5014148273910582,0.5030640668523677,990,985,4980.852335216567,39800.0,0.6281304142384627,0.6167261927583634,0.8759067380713569,0.8947331925790787
399,0.0,39700.5,4000,870.9080701039043,872.9937847147311,828.2389074261397,830.3379893194117,2.0857146108268125,2.0990818932720003,0.9936318432891862,0.020355341577858007,0.01960018645726484,0.019977764017561423,42.65579539531939,1035,1055,2000,2000,94,89,4978.077602294902,0.5175,0.5275,0.9091787439613527,0.9156398104265403,447691,419278,713088,680134,55521,44114,2248793.8569378317,0.6278201287919584,0.6164638144836164,0.8759836583715107,0.8947857984439918,1035,1055,1782,1792,941,94,124,841,966,89,119,826,0.5325,0.5425,0.9091787439613527,0.9156398104265403,0.5280583613916947,0.5390625,1035,1055,4978.077602294902,39900.0,0.6278201287919584,0.6164638144836164,0.8759836583715107,0.8947857984439918
400,0.0,39800.0,4000,873.0031365842996,875.0708128353875,830.3486307235614,832.351524602677,2.06767625108796,2.002893879115618,1.0323443856151513,0.020356378926929774,0.01960152437320331,0.019978951650066544,42.71928823271048,1057,1027,2000,2000,111,84,4975.73660196582,0.5285,0.5135,0.8949858088930936,0.9182083739045764,448748,420305,715088,682134,55632,44198,2253769.5935397977,0.6275423444387265,0.6161619271286873,0.8760284168397408,0.8948430306563091,1057,1027,1767,1805,946,111,122,821,943,84,111,862,0.534,0.527,0.8949858088930936,0.9182083739045764,0.5353706847764572,0.522437673130194,1057,1027,4975.73660196582,40000.0,0.6275423444387265,0.6161619271286873,0.8760284168397408,0.8948430306563091
401,0.0,39899.5,4000,875.0809567015033,877.1369037485651,832.3661993317089,834.5657403070957,2.0559470470618635,2.1995409753867534,0.9347164113186656,0.020357138353874527,0.019607860115524962,0.019982499234699747,42.57116344146948,1073,1121,2000,2000,104,94,4973.685406408239,0.5365,0.5605,0.9030754892823858,0.9161462979482605,449821,421426,717088,684134,55736,44292,2258743.278946206,0.6272884220625642,0.6159992048341407,0.8760929347451542,0.8948996976930707,1073,1121,1747,1818,969,104,149,778,1027,94,88,791,0.559,0.5575,0.9030754892823858,0.9161462979482605,0.5546651402404121,0.564906490649065,1073,1121,4973.685406408239,40100.0,0.6272884220625642,0.6159992048341407,0.8760929347451542,0.8948996976930707
402,0.0,39999.0,4000,877.151761320678,879.457816050814,834.5774978507789,836.7460435040596,2.3060547301359975,2.1685456532807166,1.063410736429389,0.020364232843099937,0.019613320742027734,0.019988776792563834,42.711772546754446,1133,1086,2000,2000,107,84,4972.165879226438,0.5665,0.543,0.9055604589585172,0.9226519337016574,450954,422512,719088,686134,55843,44376,2263715.4448254323,0.627119351178159,0.6157864207283126,0.8761669704670543,0.8949710304086038,1133,1086,1773,1821,1026,107,120,747,1002,84,95,819,0.573,0.5485,0.9055604589585172,0.9226519337016574,0.5786802030456852,0.5502471169686985,1133,1086,4972.165879226438,40200.0,0.627119351178159,0.6157864207283126,0.8761669704670543,0.8949710304086038
403,0.0,40098.5,4000,879.4704230793805,881.6398680225047,836.7556433205141,839.0206722401675,2.16944494312429,2.265028919653446,0.9578001076720114,0.020367846458171416,0.019621094852744984,0.019994470655458202,42.619195782337215,1141,1112,2000,2000,137,85,4971.319120294392,0.5705,0.556,0.8799298860648554,0.9235611510791367,452095,423624,721088,688134,55980,44461,2268686.7639457267,0.6269623125055471,0.6156126568371858,0.8761764673354051,0.895046078598002,1141,1112,1703,1808,1004,137,160,699,1027,85,107,781,0.582,0.567,0.8799298860648553,0.9235611510791367,0.5895478567234292,0.5680309734513275,1141,1112,4971.319120294392,40300.0,0.6269623125055471,0.6156126568371858,0.8761764673354051,0.895046078598002
404,0.0,40198.0,4000,881.6505496834815,883.8237175437206,839.0343381779246,841.25899374538,2.1731678602391185,2.224655567455443,0.9768558746937999,0.020371486677859506,0.01962793178393157,0.019999709230895536,42.56472379834054,1155,1175,2000,2000,130,107,4970.393435604146,0.5775,0.5875,0.8874458874458875,0.908936170212766,453250,424799,723088,690134,56110,44568,2273657.1573813306,0.6268255039497267,0.6155311866970762,0.8762051847766134,0.8950844987864849,1155,1175,1752,1808,1025,130,118,727,1068,107,85,740,0.5715,0.5765,0.8874458874458875,0.908936170212766,0.5850456621004566,0.5907079646017699,1155,1175,4970.393435604146,40400.0,0.6268255039497267,0.6155311866970762,0.8762051847766134,0.8950844987864849
405,0.0,40297.5,4000,883.840263814968,886.0657041743407,841.2731990664289,843.5988407876177,2.2254403593726693,2.3256417211888447,0.9569145320608742,0.02037654440533689,0.01963724175587835,0.02000689308060762,42.466863386722935,1193,1139,2000,2000,104,92,4969.618126900116,0.5965,0.5695,0.9128248113998324,0.9192273924495171,454443,425938,725088,692134,56214,44660,2278626.7755082306,0.6267418575400503,0.6153981743419626,0.8763013183171486,0.8951490592527551,1193,1139,1774,1829,1089,104,122,685,1047,92,79,782,0.6055,0.563,0.9128248113998324,0.9192273924495171,0.6138669673055243,0.5724439584472389,1193,1139,4969.618126900116,40500.0,0.6267418575400503,0.6153981743419626,0.8763013183171486,0.8951490592527551
406,0.0,40397.0,4000,886.0764259568006,888.2820997673656,843.6105988055759,845.7920432082567,2.205673810565031,2.181444402680768,1.0111070480890954,0.020380946896777562,0.019642893929401776,0.02001192041308967,42.49005655910889,1179,1138,2000,2000,129,99,4968.680858734196,0.5895,0.569,0.8905852417302799,0.9130052724077329,455622,427076,727088,694134,56343,44759,2283595.4563669646,0.6266394164117686,0.6152644878366424,0.8763382804166612,0.8951966394740046,1179,1138,1752,1801,1050,129,119,702,1039,99,100,762,0.5845,0.5695,0.8905852417302799,0.9130052724077329,0.5993150684931506,0.5769017212659634,1179,1138,4968.680858734196,40600.0,0.6266394164117686,0.6152644878366424,0.8763382804166612,0.8951966394740046
407,0.0,40496.5,4000,888.2893194305719,890.461927074272,845.8016359301358,848.1077545001347,2.1726076437000756,2.30611856999883,0.9421057841363195,0.020384429270665243,0.01965152837409312,0.02001797882237918,42.35417257413735,1158,1164,2000,2000,143,101,4967.875610641202,0.579,0.582,0.8765112262521589,0.9132302405498282,456780,428240,729088,696134,56486,44860,2288563.331977606,0.6265087341994382,0.6151689186277355,0.8763387188580936,0.8952456566411358,1158,1164,1738,1804,1015,143,119,723,1063,101,95,741,0.567,0.579,0.8765112262521589,0.9132302405498282,0.5840046029919448,0.5892461197339246,1158,1164,4967.875610641202,40700.0,0.6265087341994382,0.6151689186277355,0.8763387188580936,0.8952456566411358
408,0.0,40596.0,4000,890.4757250558729,892.7396000215341,848.1106373234499,850.3486172423727,2.2638749656612163,2.2379799189228606,1.0115707234543994,0.02039029275155239,0.019658285969799707,0.02002428936067605,42.39098277916139,1189,1211,2000,2000,165,94,4967.28280618689,0.5945,0.6055,0.8612279226240538,0.9223781998348473,457969,429451,731088,698134,56651,44954,2293530.6147837928,0.6264211695445692,0.6151412193074682,0.8762994875198976,0.8953221671389751,1189,1211,1737,1817,1024,165,98,713,1117,94,89,700,0.561,0.603,0.8612279226240538,0.9223781998348473,0.5895221646516984,0.6147495872317006,1189,1211,4967.28280618689,40800.0,0.6264211695445692,0.6151412193074682,0.8762994875198976,0.8953221671389751
409,0.0,40695.5,4000,892.7525218645515,895.0536328178391,850.3609534351912,852.6805173986418,2.3011109532876617,2.319563963450605,0.9920446211211643,0.02039701655402549,0.0196672363746723,0.020032126464348897,42.37311541919735,1247,1195,2000,2000,142,95,4966.868944272478,0.6235,0.5975,0.8861267040898155,0.9205020920502092,459216,430646,733088,700134,56793,45049,2298497.483728065,0.6264132000523812,0.6150908254705528,0.876326173304066,0.895392038936853,1247,1195,1758,1817,1105,142,100,653,1100,95,88,717,0.6025,0.594,0.8861267040898155,0.9205020920502092,0.6285551763367463,0.6053935057787562,1247,1195,4966.868944272478,40900.0,0.6264132000523812,0.6150908254705528,0.876326173304066,0.895392038936853
410,0.0,40795.0,4000,895.0587514275771,897.3957958001292,852.6905121032707,855.0349181309615,2.3370443725521,2.344406027690752,0.9968599060692983,0.02040439365955933,0.019676691913571142,0.020040542786565238,42.360877669167735,1277,1264,2000,2000,153,121,4966.76641686721,0.6385,0.632,0.880187940485513,0.9042721518987342,460493,431910,735088,702134,56946,45170,2303464.2501449324,0.62644608536665,0.6151389905630549,0.8763368824281802,0.895418026903753,1277,1264,1745,1781,1124,153,102,621,1143,121,98,638,0.613,0.6205,0.880187940485513,0.9042721518987342,0.6441260744985673,0.6417742841100506,1277,1264,4966.76641686721,41000.0,0.62644608536665,0.6151389905630549,0.8763368824281802,0.895418026903753
411,0.0,40894.5,4000,897.4046207391284,899.8169699067839,855.046284354404,857.4987445365947,2.4123491676555204,2.452460182190748,0.983644580724896,0.020413657278554435,0.01968876386525669,0.020051210571905564,42.318225370189225,1266,1245,2000,2000,143,101,4966.989911039711,0.633,0.6225,0.8870458135860979,0.9188755020080321,461759,433155,737088,704134,57089,45271,2308431.2400559722,0.6264638686289833,0.6151598985420389,0.876366242996888,0.8954854497812561,1266,1245,1750,1812,1123,143,107,627,1144,101,87,668,0.615,0.6155,0.8870458135860979,0.9188755020080321,0.6417142857142857,0.6313465783664459,1266,1245,4966.989911039711,41100.0,0.6264638686289833,0.6151598985420389,0.876366242996888,0.8954854497812561
412,0.0,40994.0,4000,899.8272077909196,902.3099998517125,857.5105533071743,859.9805173750742,2.4827920607929173,2.469964067899923,1.0051935949432256,0.020424620002269803,0.01970121280826528,0.020062916405267542,42.329482476638304,1325,1356,2000,2000,151,130,4967.809670161284,0.6625,0.678,0.8860377358490567,0.9041297935103245,463084,434511,739088,706134,57240,45401,2313399.0497261337,0.626561383759444,0.6153378820450509,0.8763939155747121,0.8955124266129051,1325,1356,1749,1784,1174,151,100,575,1226,130,86,558,0.637,0.656,0.8860377358490567,0.9041297935103245,0.6712407089765581,0.6872197309417041,1325,1356,4967.809670161284,41200.0,0.626561383759444,0.6153378820450509,0.8763939155747121,0.8955124266129051
413,0.0,41093.5,4000,902.3251691167834,904.8155941666153,859.9921563179543,862.6149034871484,2.490425049831856,2.622747169194099,0.9495482748331773,0.020435833859768007,0.01971729670248435,0.02007656528112618,42.2006906794669,1354,1346,2000,2000,151,109,4968.911898787016,0.677,0.673,0.8884785819793205,0.9190193164933135,464438,435857,741088,708134,57391,45510,2318367.961624921,0.6266975042100263,0.6155007385607809,0.8764291466245225,0.8955850198574303,1354,1346,1750,1815,1203,151,99,547,1237,109,76,578,0.651,0.6565,0.8884785819793205,0.9190193164933135,0.6874285714285714,0.6815426997245179,1354,1346,4968.911898787016,41300.0,0.6266975042100263,0.6155007385607809,0.8764291466245225,0.8955850198574303
414,0.0,41193.0,4000,904.822611628747,907.3379563287853,862.6357501313578,865.2247032278907,2.515344700038213,2.5889530965329186,0.9715682773112883,0.02044739856450697,0.01973270902302768,0.020090053793767326,42.11325310089455,1336,1385,2000,2000,138,124,4970.344649398262,0.668,0.6925,0.8967065868263473,0.9104693140794224,465774,437242,743088,710134,57529,45634,2323338.306274319,0.6268086686906531,0.6157175969605736,0.8764873092959247,0.8956321670836744,1336,1385,1749,1809,1198,138,113,551,1261,124,67,548,0.6555,0.664,0.8967065868263473,0.9104693140794223,0.6849628359062321,0.6970702045328911,1336,1385,4970.344649398262,41400.0,0.6268086686906531,0.6157175969605736,0.8764873092959247,0.8956321670836744
415,0.0,41292.5,4000,907.3463880267856,909.9912746121371,865.2424198047926,867.8642745349662,2.6448865853515144,2.6218547301735953,1.0087845657171075,0.02046206310491423,0.01974876445446799,0.02010541377969111,42.12700007717092,1401,1338,2000,2000,168,107,4971.982073279268,0.7005,0.669,0.880085653104925,0.9200298953662183,467175,438580,745088,712134,57697,45741,2328310.288347598,0.6270064744030235,0.6158672384691645,0.8764981002836196,0.8957065985681062,1401,1338,1752,1815,1233,168,80,519,1231,107,78,584,0.6565,0.6545,0.880085653104925,0.9200298953662183,0.7037671232876712,0.6782369146005509,1401,1338,4971.982073279268,41500.0,0.6270064744030235,0.6158672384691645,0.8764981002836196,0.8957065985681062
416,0.0,41392.0,4000,909.9990924237624,912.6090376278105,867.8789378150161,870.4246977783338,2.609945204048131,2.545759963317664,1.0252126051376893,0.020475802448788796,0.019762840098648777,0.020119321273718786,42.184339849476714,1409,1398,2000,2000,142,141,4973.724851645436,0.7045,0.699,0.8992193044712562,0.8991416309012875,468584,439978,747088,714134,57839,45882,2333284.0131992437,0.6272139292827619,0.6161000596526702,0.8765664213886945,0.8957175131483847,1409,1398,1773,1776,1267,142,85,506,1257,141,83,519,0.676,0.67,0.8992193044712562,0.8991416309012875,0.7146080090242527,0.7077702702702703,1409,1398,4973.724851645436,41600.0,0.6272139292827619,0.6161000596526702,0.8765664213886945,0.8957175131483847
417,0.0,41491.5,4000,912.6181227753265,915.3019261178076,870.4362884913163,873.1601472146394,2.6838033424811556,2.723858723323133,0.985294618807135,0.02049127746665734,0.019781045504558628,0.020136161485607984,42.14177890316819,1430,1372,2000,2000,156,112,4975.6395870043325,0.715,0.686,0.8909090909090909,0.9183673469387755,470014,441350,749088,716134,57995,45994,2338259.652786248,0.6274483104788756,0.6162952743480968,0.8766100584237917,0.8957879234167894,1430,1372,1773,1807,1274,156,71,499,1260,112,81,547,0.6725,0.6705,0.8909090909090909,0.9183673469387755,0.718556119571348,0.6972883231876038,1430,1372,4975.6395870043325,41700.0,0.6274483104788756,0.6162952743480968,0.8766100584237917,0.8957879234167894
418,0.0,41591.0,4000,915.3125117426713,917.9016150915177,873.1756370026251,875.8081339257959,2.589103348846379,2.6324969231708337,0.9835161918167838,0.020504448787878493,0.019797071393570606,0.02015076009072455,42.093481165721755,1435,1432,2000,2000,164,134,4977.575807278698,0.7175,0.716,0.8857142857142857,0.9064245810055866,471449,442782,751088,718134,58159,46128,2343237.2285935264,0.6276881004622628,0.6165729515661422,0.8766377699390602,0.8958223234006802,1435,1432,1752,1799,1271,164,84,481,1298,134,67,501,0.6775,0.6825,0.8857142857142857,0.9064245810055865,0.7254566210045662,0.7215119510839355,1435,1432,4977.575807278698,41800.0,0.6276881004622628,0.6165729515661422,0.8766377699390602,0.8958223234006802
419,0.0,41690.5,4000,917.9172028126177,920.5051802954621,875.8184030274202,878.4114107476436,2.587977482844394,2.5930077202233406,0.9980600762042802,0.020517649750292733,0.019811953724894964,0.02016480173759385,42.09376954781851,1439,1420,2000,2000,183,134,4979.29152720715,0.7195,0.71,0.8728283530229326,0.9056338028169014,472888,444202,753088,720134,58342,46262,2348216.5201207334,0.6279319282739866,0.6168324228546354,0.8766261778687554,0.8958536881869059,1439,1420,1741,1800,1256,183,76,485,1286,134,66,514,0.666,0.676,0.8728283530229326,0.9056338028169014,0.7214244686961516,0.7144444444444444,1439,1420,4979.29152720715,41900.0,0.6279319282739866,0.6168324228546354,0.8766261778687554,0.8958536881869059
420,0.0,41790.0,4000,920.5163517242928,923.0749367405818,878.4220748931201,881.0894113437337,2.558585016289044,2.6673364506135613,0.9592284526762638,0.020529982880532982,0.01982854432545688,0.02017926360299493,41.985525396848175,1411,1419,2000,2000,165,124,4981.093347983716,0.7055,0.7095,0.8830616583982991,0.9126145172656801,474299,445621,755088,722134,58507,46386,2353197.6134687173,0.628137382662683,0.6170890721112702,0.8766453228870397,0.8959070600353215,1411,1419,1748,1814,1246,165,87,502,1295,124,62,519,0.6665,0.6785,0.8830616583982991,0.9126145172656801,0.7128146453089245,0.7138919514884233,1411,1419,4981.093347983716,42000.0,0.628137382662683,0.6170890721112702,0.8766453228870397,0.8959070600353215
421,0.0,41889.5,4000,923.0894801375438,925.706226377587,881.1022865701783,883.7604583064622,2.6167462400431987,2.6581717362838617,0.9844157938799786,0.020543719017087656,0.019844890941375714,0.020194304979231685,41.9457680711248,1426,1414,2000,2000,156,136,4982.902895894549,0.713,0.707,0.8906030855539973,0.9038189533239038,475725,447035,757088,724134,58663,46522,2358180.5163646117,0.628361564309565,0.617337398879213,0.8766871617005623,0.8959320858545752,1426,1414,1765,1808,1270,156,79,495,1278,136,56,530,0.6745,0.667,0.8906030855539971,0.9038189533239038,0.7195467422096318,0.706858407079646,1426,1414,4982.902895894549,42100.0,0.628361564309565,0.617337398879213,0.8766871617005623,0.8959320858545752
422,0.0,41989.0,4000,925.7143952408262,928.3110123118377,883.770721057598,886.3455067685497,2.596617071011451,2.574785710951687,1.0084789036877537,0.02055676200364078,0.019859122206019077,0.02020794210482993,41.96550554328792,1454,1399,2000,2000,165,158,4984.542187357898,0.727,0.6995,0.8865199449793673,0.8870621872766262,477179,448434,759088,726134,58828,46680,2363165.0585519695,0.6286214510043632,0.6175637003638447,0.876717122924521,0.8959044140274823,1454,1399,1761,1772,1289,165,74,472,1241,158,70,531,0.6815,0.6555,0.8865199449793673,0.8870621872766261,0.7319704713231119,0.7003386004514672,1454,1399,4984.542187357898,42200.0,0.6286214510043632,0.6175637003638447,0.876717122924521,0.8959044140274823
423,0.0,42088.5,4000,928.3210508396952,930.8844513601316,886.356895859492,888.9588923222462,2.563400520436403,2.6019964627541867,0.985166796776914,0.020569002260093026,0.01987395609096221,0.02022147917552762,41.925559037885364,1422,1336,2000,2000,139,125,4986.010381428717,0.711,0.668,0.9022503516174403,0.906437125748503,478601,449770,761088,728134,58967,46805,2368151.068933398,0.6288379267574841,0.6177022361268668,0.8767929862244332,0.8959357004691286,1422,1336,1779,1789,1283,139,82,496,1211,125,86,578,0.6825,0.6485,0.9022503516174403,0.906437125748503,0.7211916807195053,0.6769144773616546,1422,1336,4986.010381428717,42300.0,0.6288379267574841,0.6177022361268668,0.8767929862244332,0.8959357004691286
424,0.0,42188.0,4000,930.8924627740197,933.3063339746677,888.9687392146307,891.5041854744755,2.413871200648032,2.535446259844889,0.9520498378836494,0.02057761033529413,0.019887114051885164,0.020232362193589648,41.802148500192175,1422,1380,2000,2000,178,131,4987.357281840014,0.711,0.69,0.8748241912798875,0.9050724637681159,480023,451150,763088,730134,59145,46936,2373138.426215238,0.6290532677751453,0.6179002758397774,0.8767871539488733,0.895963648453951,1422,1380,1728,1791,1244,178,94,484,1249,131,78,542,0.669,0.6635,0.8748241912798875,0.9050724637681159,0.7199074074074074,0.6973757677275265,1422,1380,4987.357281840014,42400.0,0.6290532677751453,0.6179002758397774,0.8767871539488733,0.895963648453951
425,0.0,42287.5,4000,933.32033166236,935.9335204553051,891.5134147666772,894.0859880481667,2.6131887929451523,2.57257328148944,1.0157878929039477,0.020591008581108437,0.01990106913820287,0.020246038859655653,41.84753240713849,1368,1387,2000,2000,127,134,4988.65391508341,0.684,0.6935,0.9071637426900585,0.9033886085075703,481391,452537,765088,732134,59272,47070,2378127.0801303214,0.6291969028399348,0.6181067946578085,0.8768734770695754,0.8959864055314815,1368,1387,1771,1800,1241,127,102,530,1253,134,66,547,0.6715,0.6595,0.9071637426900585,0.9033886085075703,0.7007340485601355,0.6961111111111111,1368,1387,4988.65391508341,42500.0,0.6291969028399348,0.6181067946578085,0.8768734770695754,0.8959864055314815
426,0.0,42387.0,4000,935.9475721277752,938.4923928429072,894.0985843079445,896.7937042592188,2.544820715132005,2.6951199512742505,0.9442328212251984,0.02060274030715283,0.019917914426870284,0.020260327367011555,41.69868858368841,1410,1379,2000,2000,139,118,4990.177472499233,0.705,0.6895,0.9014184397163121,0.9144307469180566,482801,453916,767088,734134,59411,47188,2383117.2576028206,0.6293945414346203,0.6183012910449591,0.876945159599918,0.8960424395703169,1410,1379,1790,1820,1271,139,71,519,1261,118,62,559,0.671,0.6615,0.9014184397163121,0.9144307469180566,0.7100558659217877,0.6928571428571428,1410,1379,4990.177472499233,42600.0,0.6293945414346203,0.6183012910449591,0.876945159599918,0.8960424395703169
427,0.0,42486.5,4000,938.5067711513999,941.0695549893269,896.8007269477714,899.4057746573387,2.562783837926986,2.605047709567316,0.9837761621466236,0.020614845415248953,0.01993244086610759,0.020273643140678272,41.663780331988164,1381,1410,2000,2000,164,114,4991.709350272604,0.6905,0.705,0.8812454742939899,0.9191489361702128,484182,455326,769088,736134,59575,47302,2388108.966953093,0.6295534451194141,0.618536842477049,0.8769574251004788,0.8961139930511326,1381,1410,1736,1818,1217,164,100,519,1296,114,68,522,0.6585,0.682,0.8812454742939899,0.9191489361702128,0.701036866359447,0.7128712871287128,1381,1410,4991.709350272604,42700.0,0.6295534451194141,0.618536842477049,0.8769574251004788,0.8961139930511326
428,0.0,42586.0,4000,941.0858412707934,943.6229130486893,899.4191408439083,901.9146724922084,2.5370717778959033,2.4955316483001297,1.0166458035601629,0.020626337787161043,0.019944488850879995,0.02028541331902052,41.70824055648086,1357,1400,2000,2000,155,140,4993.357235654719,0.6785,0.7,0.8857774502579219,0.9,485539,456726,771088,738134,59730,47442,2393102.324188748,0.6296803996431017,0.6187575697637556,0.8769820755902203,0.8961259048094481,1357,1400,1758,1790,1202,155,87,556,1260,140,70,530,0.6445,0.665,0.8857774502579219,0.9,0.6837315130830489,0.7039106145251397,1357,1400,4993.357235654719,42800.0,0.6296803996431017,0.6187575697637556,0.8769820755902203,0.8961259048094481
429,0.0,42685.5,4000,943.634924766408,946.2166582397206,901.9337810381098,904.5399775693014,2.5817334733126245,2.6061965311915856,0.9906135022488974,0.02063871800656233,0.019959194123420905,0.020298956064991616,41.67668067041916,1372,1358,2000,2000,151,122,4994.861370304069,0.686,0.679,0.8899416909620992,0.9101620029455081,486911,458084,773088,740134,59881,47564,2398097.185559052,0.6298261000041392,0.6189203576649633,0.8770185927202302,0.8961675151282298,1372,1358,1768,1802,1221,151,81,547,1236,122,76,566,0.651,0.656,0.8899416909620991,0.9101620029455081,0.6906108597285068,0.6859045504994451,1372,1358,4994.861370304069,42900.0,0.6298261000041392,0.6189203576649633,0.8770185927202302,0.8961675151282298
430,0.0,42785.0,4000,946.2406856658957,948.7166572794939,904.5561791744796,907.0740632859444,2.475971613598176,2.5178841114648094,0.9833540798499062,0.020648860500495286,0.01997170961886976,0.020310285059682524,41.64259399354955,1385,1348,2000,2000,157,141,4996.062807282616,0.6925,0.674,0.8866425992779783,0.8954005934718101,488296,459432,775088,742134,60038,47705,2403093.2483663345,0.6299878207377743,0.619068793506294,0.8770458901977489,0.8961652649358338,1385,1348,1746,1787,1228,157,97,518,1207,141,72,580,0.6625,0.6395,0.8866425992779784,0.8954005934718101,0.7033218785796106,0.6754336877448237,1385,1348,4996.062807282616,43000.0,0.6299878207377743,0.619068793506294,0.8770458901977489,0.8961652649358338
431,0.0,42884.5,4000,948.7286604557893,951.2576914133722,907.0815896440465,909.6208867285145,2.529030957582904,2.5392970844679894,0.995957098935812,0.02065990801984166,0.019984462576658233,0.020322185298249945,41.63680468485768,1337,1357,2000,2000,143,143,4997.194970728035,0.6685,0.6785,0.8930441286462228,0.894620486366986,489633,460789,777088,744134,60181,47848,2408090.4433370624,0.6300869399604678,0.6192285260450403,0.877089575253302,0.8961607156420834,1337,1357,1766,1791,1194,143,91,572,1214,143,66,577,0.6425,0.64,0.8930441286462228,0.894620486366986,0.6761041902604756,0.6778336125069794,1337,1357,4997.194970728035,43100.0,0.6300869399604678,0.6192285260450403,0.877089575253302,0.8961607156420834
432,0.0,42984.0,4000,951.2719481561049,953.6895540657715,909.6378495111045,912.0373320629482,2.4176059096665767,2.3994825518436755,1.0075530275512843,0.02066837727563831,0.019994138481213043,0.020331257878425678,41.65222200282335,1310,1289,2000,2000,147,118,4998.131794965748,0.655,0.6445,0.8877862595419848,0.9084561675717611,490943,462078,779088,746134,60328,47966,2413088.575132028,0.6301508943790689,0.6192962658182042,0.8771181175818782,0.8961950146944888,1310,1289,1740,1800,1163,147,113,577,1171,118,82,629,0.638,0.6265,0.8877862595419848,0.9084561675717611,0.6683908045977012,0.6505555555555556,1310,1289,4998.131794965748,43200.0,0.6301508943790689,0.6192962658182042,0.8771181175818782,0.8961950146944888
433,0.0,43083.5,4000,953.7019636140049,956.0798120564486,912.0487858707171,914.5438257100997,2.377848442443792,2.495039839382571,0.9530302502232673,0.020675846565779494,0.020005849331075173,0.020340847948427332,41.53598634634898,1295,1311,2000,2000,141,137,4998.836602485873,0.6475,0.6555,0.8911196911196911,0.8954996186117468,492238,463389,781088,748134,60469,48103,2418087.411734514,0.6301953173009955,0.6193930499081716,0.8771549534981046,0.8961930473101434,1295,1311,1745,1790,1154,141,114,591,1174,137,73,616,0.634,0.6235,0.8911196911196911,0.8954996186117468,0.6613180515759313,0.6558659217877095,1295,1311,4998.836602485873,43300.0,0.6301953173009955,0.6193930499081716,0.8771549534981046,0.8961930473101434
434,0.0,43183.0,4000,956.0854914748082,958.4365783218184,914.5578074321455,916.9236573999117,2.3510868470101514,2.3658499677661666,0.9937599082963174,0.020682509736488983,0.020014587735607537,0.020348548736048258,41.5129209219067,1293,1277,2000,2000,156,111,4999.220816033013,0.6465,0.6385,0.8793503480278422,0.9130775254502741,493531,464666,783088,750134,60625,48214,2423086.632550547,0.6302369593200253,0.6194439926733091,0.8771607052039284,0.8962394494109748,1293,1277,1744,1802,1137,156,100,607,1166,111,87,636,0.6185,0.6265,0.8793503480278422,0.9130775254502741,0.6519495412844036,0.6470588235294118,1293,1277,4999.220816033013,43400.0,0.6302369593200253,0.6194439926733091,0.8771607052039284,0.8962394494109748
435,0.0,43282.5,4000,958.4510323814767,960.8645151806338,916.9338126979807,919.3551903448193,2.413482799157123,2.421377646838664,0.9967395223575105,0.02069077837752729,0.020024474498167234,0.020357626437847262,41.50932483581448,1243,1259,2000,2000,136,108,4999.496036246825,0.6215,0.6295,0.8905872888173774,0.9142176330420969,494774,465925,785088,752134,60761,48322,2428086.128586794,0.63021470204614,0.619470732608817,0.8771944362476606,0.8962880291892472,1243,1259,1746,1815,1107,136,118,639,1151,108,77,664,0.6125,0.614,0.8905872888173774,0.9142176330420969,0.634020618556701,0.634159779614325,1243,1259,4999.496036246825,43500.0,0.63021470204614,0.619470732608817,0.8771944362476606,0.8962880291892472
436,0.0,43382.0,4000,960.8710927451782,963.2548443743827,919.3690009634342,921.7342368657338,2.3837516292045393,2.3652359022995597,1.0078282791526114,0.020698146527894177,0.020033112091541037,0.02036562930971761,41.520607508648936,1266,1259,2000,2000,140,114,4999.792670749384,0.633,0.6295,0.8894154818325435,0.90945194598888,496040,467184,787088,754134,60901,48436,2433085.9212575434,0.6302217795214766,0.6194973307131093,0.8772256269655673,0.896323504229597,1266,1259,1764,1791,1126,140,96,638,1145,114,95,646,0.611,0.62,0.8894154818325435,0.90945194598888,0.6383219954648526,0.6393076493579006,1266,1259,4999.792670749384,43600.0,0.6302217795214766,0.6194973307131093,0.8772256269655673,0.896323504229597
437,0.0,43481.5,4000,963.2590930039951,965.4835677881047,921.7462811619556,923.978684531111,2.2244747841095887,2.2324033691553495,0.9964484084035581,0.02070178288397959,0.020038630088250946,0.020370206486115268,41.50488325699371,1216,1168,2000,2000,139,101,4999.449607991222,0.608,0.584,0.8856907894736842,0.913527397260274,497256,468352,789088,756134,61040,48537,2438085.3708655345,0.6301654568311773,0.6194034390729686,0.8772463278472256,0.8963664081716316,1216,1168,1738,1796,1077,139,123,661,1067,101,103,729,0.6,0.585,0.8856907894736842,0.913527397260274,0.6196777905638665,0.594097995545657,1216,1168,4999.449607991222,43700.0,0.6301654568311773,0.6194034390729686,0.8772463278472256,0.8963664081716316
438,0.0,43581.0,4000,965.4955591495793,967.760241060428,923.9903070308709,926.2255395217165,2.264681910848708,2.2352324908456467,1.0131751037637788,0.020706497381329483,0.020044177850392052,0.020375337615860765,41.53470153871149,1166,1165,2000,2000,138,102,4998.793910723855,0.583,0.5825,0.8816466552315609,0.9124463519313305,498422,469517,791088,758134,61178,48639,2443084.164776258,0.6300462148332423,0.6193060857315461,0.8772566218987123,0.8964063069068852,1166,1165,1744,1811,1028,138,118,716,1063,102,87,748,0.573,0.575,0.8816466552315609,0.9124463519313305,0.5894495412844036,0.5869685256764219,1166,1165,4998.793910723855,43800.0,0.6300462148332423,0.6193060857315461,0.8772566218987123,0.8964063069068852
439,0.0,43680.5,4000,967.770573864926,969.8980599054688,926.2348404605311,928.491629982868,2.1274860405428626,2.256789522336817,0.9427046782545917,0.020708027429322828,0.020050138503606454,0.02037908296646464,41.406429922600864,1131,1128,2000,2000,115,105,4997.86384546212,0.5655,0.564,0.8983200707338639,0.9069148936170213,499553,470645,793088,760134,61293,48744,2448082.02862172,0.6298834429470627,0.6191605690575609,0.8773043100531875,0.8964314929511628,1131,1128,1757,1810,1016,115,128,741,1023,105,85,787,0.572,0.554,0.8983200707338639,0.9069148936170213,0.5782583949914627,0.5651933701657459,1131,1128,4997.86384546212,43900.0,0.6298834429470627,0.6191605690575609,0.8773043100531875,0.8964314929511628
440,0.0,43780.0,4000,969.9054427447267,972.0150628675142,928.4972291333794,930.6318265373413,2.1096201227875326,2.1345974039619477,0.9882988327784641,0.020709077434302673,0.020053210837790835,0.020381144136046754,41.38323633017285,1163,1096,2000,2000,119,81,4996.6438225816655,0.5815,0.548,0.8976784178847808,0.926094890510949,500716,471741,795088,762134,61412,48825,2453078.6724443017,0.6297617370655827,0.6189738287492751,0.877351632462314,0.8965004101827062,1163,1096,1756,1828,1044,119,125,712,1015,81,91,813,0.5845,0.553,0.8976784178847808,0.926094890510949,0.5945330296127562,0.5552516411378556,1163,1096,4996.6438225816655,44000.0,0.6297617370655827,0.6189738287492751,0.877351632462314,0.8965004101827062
441,0.0,43879.5,4000,972.0234984099435,974.0243105009171,930.6419094252633,932.6471221577078,2.000812090973568,2.0052127324445337,0.9978053991979191,0.020707679245866677,0.0200534370177588,0.02038055813181274,41.37718834320924,1067,1035,2000,2000,115,93,4995.101065573452,0.5335,0.5175,0.8922211808809747,0.9101449275362319,501783,472776,797088,764134,61527,48918,2458073.773509875,0.6295202035408889,0.6187082370369595,0.8773832513257723,0.8965302807249099,1067,1035,1738,1796,952,115,147,786,942,93,111,854,0.5495,0.5265,0.8922211808809747,0.9101449275362319,0.5477560414269275,0.5244988864142539,1067,1035,4995.101065573452,44100.0,0.6295202035408889,0.6187082370369595,0.8773832513257723,0.8965302807249099
442,0.0,43979.0,4000,974.0342196020937,976.0017145239999,932.6571158285523,934.6526353019265,1.9674949219062228,1.9955194733742019,0.985956262596329,0.02070556694040279,0.020053440851298232,0.020379503895850512,41.34907922207344,1030,990,2000,2000,116,93,4993.186328865396,0.515,0.495,0.887378640776699,0.906060606060606,502813,473766,799088,766134,61643,49011,2463066.9598387405,0.6292335762769558,0.6183852955227154,0.8774037266339574,0.896550195666215,1030,990,1755,1796,914,116,129,841,897,93,111,899,0.5215,0.504,0.887378640776699,0.906060606060606,0.5207977207977208,0.4994432071269488,1030,990,4993.186328865396,44200.0,0.6292335762769558,0.6183852955227154,0.8774037266339574,0.896550195666215
443,0.0,44078.5,4000,976.0078683780807,978.01094391054,934.667955540641,936.6474777288029,2.00307553245932,1.9795221881619227,1.011898499768405,0.020704182576802337,0.020053203793549846,0.020378693185176093,41.36346618173718,1030,983,2000,2000,97,88,4991.169402474406,0.515,0.4915,0.9058252427184466,0.9104781281790437,503843,474749,801088,768134,61740,49099,2468058.129241215,0.628948380202924,0.6180549227087982,0.8774618283870174,0.8965790343950172,1030,983,1767,1799,933,97,136,834,895,88,113,904,0.5345,0.504,0.9058252427184466,0.9104781281790437,0.5280135823429541,0.4974986103390773,1030,983,4991.169402474406,44300.0,0.628948380202924,0.6180549227087982,0.8774618283870174,0.8965790343950172
444,0.0,44178.0,4000,978.0203274663293,979.8506599769751,936.6581243540455,938.5377247923949,1.8303325106458033,1.879600438349371,0.9737880845852357,0.020698986581504018,0.020050612052203834,0.020374799316853924,41.31293518458017,971,947,2000,2000,104,83,4988.431537209042,0.4855,0.4735,0.8928939237899073,0.9123548046462513,504814,475696,803088,770134,61844,49182,2473046.560778424,0.6285911382065228,0.6176795207067861,0.8774915117251106,0.896610440281188,971,947,1760,1811,867,104,136,893,864,83,106,947,0.5015,0.485,0.8928939237899073,0.9123548046462513,0.49261363636363636,0.4770844837106571,971,947,4988.431537209042,44400.0,0.6285911382065228,0.6176795207067861,0.8774915117251106,0.896610440281188
445,0.0,44277.5,4000,979.8604883688075,981.7016009332245,938.5447890776788,940.4096837521043,1.841112564417017,1.8648946744255,0.9872474781902579,0.020694066183708493,0.02004762099050696,0.020370843587107727,41.2919171811202,973,930,2000,2000,100,69,4985.522161830654,0.4865,0.465,0.8972250770811921,0.9258064516129032,505787,476626,805088,772134,61944,49251,2478032.082940255,0.6282381553320879,0.6172840465515053,0.8775294738694351,0.8966674079886536,973,930,1759,1808,873,100,141,886,861,69,123,947,0.507,0.492,0.8972250770811921,0.9258064516129032,0.496304718590108,0.476216814159292,973,930,4985.522161830654,44500.0,0.6282381553320879,0.6172840465515053,0.8775294738694351,0.8966674079886536
446,0.0,44377.0,4000,981.7133719034207,983.5037315473833,940.4174131424699,942.2353050729314,1.7903596439625744,1.817891930461542,0.9848548277058596,0.02068807344818804,0.02004360438112975,0.020365838914658894,41.26842647445187,934,919,2000,2000,104,88,4982.564675247443,0.467,0.4595,0.8886509635974305,0.9042437431991295,506721,477545,807088,774134,62048,49339,2483014.647615502,0.6278386000039649,0.6168764064102598,0.8775499732594465,0.8966819880848925,934,919,1744,1788,830,104,152,914,831,88,124,957,0.491,0.4775,0.8886509635974305,0.9042437431991295,0.47591743119266056,0.46476510067114096,934,919,4982.564675247443,44600.0,0.6278386000039649,0.6168764064102598,0.8775499732594465,0.8966819880848925
447,0.0,44476.5,4000,983.511560810698,985.3134078831216,942.2481369901348,944.0151163352938,1.801847072423584,1.7669793451590294,1.019732956901891,0.02068227633389094,0.020038580909636446,0.020360428621763692,41.29829154782783,923,941,2000,2000,113,80,4979.354073697099,0.4615,0.4705,0.8775731310942578,0.9149840595111584,507644,478486,809088,776134,62161,49419,2487994.0016891994,0.6274274244581554,0.6164992127648061,0.8775500153650984,0.8967179812993483,923,941,1743,1794,810,113,144,933,861,80,126,933,0.477,0.4935,0.8775731310942578,0.9149840595111584,0.46471600688468157,0.479933110367893,923,941,4979.354073697099,44700.0,0.6274274244581554,0.6164992127648061,0.8775500153650984,0.8967179812993483
448,0.0,44576.0,4000,985.3232607484276,987.1756443740231,944.0232832988453,945.7597792131858,1.8523836255955075,1.7364959143404803,1.066736529753968,0.020677678317317556,0.02003279530220181,0.02035523680975968,41.41586516083737,938,867,2000,2000,96,54,4976.247077317056,0.469,0.4335,0.8976545842217484,0.9377162629757786,508582,479353,811088,778134,62257,49473,2492970.2487665163,0.627036770362772,0.6160288587826775,0.8775870950997086,0.8967921343978238,938,867,1759,1815,842,96,145,917,813,54,131,1002,0.4935,0.472,0.8976545842217484,0.9377162629757786,0.47868106878908473,0.4479338842975207,938,867,4976.247077317056,44800.0,0.627036770362772,0.6160288587826775,0.8775870950997086,0.8967921343978238
449,0.0,44675.5,4000,987.1837552755059,989.0610337516625,945.7664499727149,947.6281001117568,1.8772784761566754,1.861650139041899,1.008394884080002,0.020673616436380087,0.02002978954203145,0.02035170298920577,41.43293363990574,932,952,2000,2000,105,95,4973.190507807723,0.466,0.476,0.8873390557939914,0.9002100840336135,509514,480305,813088,780134,62362,49568,2497943.439274324,0.6266406588216774,0.6156698720988958,0.877604933328623,0.896798909026556,932,952,1739,1783,827,105,156,912,857,95,122,926,0.4915,0.4895,0.8873390557939914,0.9002100840336135,0.47556066705002875,0.4806505888951206,932,952,4973.190507807723,44900.0,0.6266406588216774,0.6156698720988958,0.877604933328623,0.896798909026556
450,0.0,44775.0,4000,989.0695107130808,990.9233991943761,947.6359783397327,949.545084410355,1.8538884812952574,1.9091060706223288,0.9710767305301838,0.020669060965248433,0.020027878549684675,0.020348469757466556,41.378314784021086,941,950,2000,2000,105,68,4970.5983548370195,0.4705,0.475,0.8884165781083954,0.9284210526315789,510455,481255,815088,782134,62467,49636,2502914.037629161,0.6262575329289598,0.6153101642429558,0.8776248640918396,0.8968613313108436,941,950,1774,1806,836,105,121,938,882,68,126,924,0.4785,0.504,0.8884165781083954,0.9284210526315789,0.47125140924464487,0.4883720930232558,941,950,4970.5983548370195,45000.0,0.6262575329289598,0.6153101642429558,0.8776248640918396,0.8968613313108436
451,0.0,44874.5,4000,990.9308361240695,992.8442081445695,949.5545612284276,951.3899856395243,1.9133720204999918,1.8354244110967102,1.0424684388700627,0.020665821560673456,0.020024377737582696,0.020345099649128076,41.45422250504521,992,933,2000,2000,124,84,4967.784091536455,0.496,0.4665,0.875,0.909967845659164,511447,482188,817088,784134,62591,49720,2507881.8217206975,0.6259386993812172,0.6149306113495907,0.8776197729187971,0.896886691497922,992,933,1733,1792,868,124,143,865,849,84,124,943,0.5055,0.4865,0.875,0.909967845659164,0.500865551067513,0.47377232142857145,992,933,4967.784091536455,45100.0,0.6259386993812172,0.6149306113495907,0.8776197729187971,0.896886691497922
452,0.0,44974.0,4000,992.8533111679716,994.7436241572531,951.4004444326333,953.2711772321343,1.8903129892814832,1.8707327995009564,1.0104665881657444,0.02066212319466939,0.020021695299946674,0.020341909247308033,41.47244692511879,989,1005,2000,2000,103,83,4965.035477915941,0.4945,0.5025,0.8958543983822043,0.9174129353233831,512436,483193,819088,786134,62694,49803,2512846.857198613,0.6256177602406578,0.6146445771331605,0.8776549656932768,0.8969293843246902,989,1005,1748,1820,886,103,149,862,922,83,97,898,0.5175,0.5095,0.8958543983822043,0.9174129353233831,0.5068649885583524,0.5065934065934066,989,1005,4965.035477915941,45200.0,0.6256177602406578,0.6146445771331605,0.8776549656932768,0.8969293843246902
453,0.0,45073.5,4000,994.7553180331447,996.6905308371439,953.2863583935466,955.3433417308519,1.9352128039992067,2.056983337305269,0.9408014002361408,0.02065948951609155,0.02002324044274409,0.02034136497941782,41.347189106292035,985,1015,2000,2000,102,88,4962.774617317851,0.4925,0.5075,0.8964467005076142,0.9133004926108375,513421,484208,821088,788134,62796,49891,2517809.6318159313,0.6252935129973888,0.6143726828178965,0.8776910177028209,0.8969637015497472,985,1015,1779,1810,883,102,119,896,927,88,102,883,0.501,0.5145,0.8964467005076142,0.9133004926108375,0.4963462619449129,0.5121546961325967,985,1015,4962.774617317851,45300.0,0.6252935129973888,0.6143726828178965,0.8776910177028209,0.8969637015497472
454,0.0,45173.0,4000,996.7021930585292,998.679883227537,955.3532093226402,957.4241110467519,1.9776901690077011,2.0709017241117635,0.9549898703454689,0.020657802367166085,0.020024968312163157,0.02034138533966462,41.255772180785016,1085,1047,2000,2000,116,98,4961.038314523248,0.5425,0.5235,0.8930875576036866,0.9063992359121299,514506,485255,823088,790134,62912,49989,2522770.6701304545,0.6250923352059561,0.6141426644088218,0.8777234862178478,0.8969840599272547,1085,1047,1766,1790,969,116,118,797,949,98,112,841,0.5435,0.5305,0.8930875576036866,0.9063992359121299,0.5486976217440543,0.5301675977653632,1085,1047,4961.038314523248,45400.0,0.6250923352059561,0.6141426644088218,0.8777234862178478,0.8969840599272547
455,0.0,45272.5,4000,998.6914092387462,1000.7255190008055,957.4317801502714,959.551740253988,2.034109762059302,2.1199601037166076,0.9595037937238549,0.02065735963170569,0.02002771847427348,0.020342539052989585,41.17377874681756,1101,1075,2000,2000,112,75,4959.433146665327,0.5505,0.5375,0.8982742960944596,0.9302325581395349,515607,486330,825088,792134,63024,50064,2527730.10327712,0.6249115245888923,0.6139491550671983,0.8777673693336203,0.8970575535130467,1101,1075,1736,1811,989,112,152,747,1000,75,114,811,0.5705,0.557,0.8982742960944596,0.9302325581395349,0.5697004608294931,0.5521811154058531,1101,1075,4959.433146665327,45500.0,0.6249115245888923,0.6139491550671983,0.8777673693336203,0.8970575535130467
456,0.0,45372.0,4000,1000.7322792854964,1002.9938487276252,959.5628038137393,961.7595341751029,2.2615694421288026,2.1967303613636204,1.029516176361733,0.020661802477399748,0.020032214572380663,0.020347008524890207,41.23431455252228,1130,1062,2000,2000,135,84,4958.37867548688,0.565,0.531,0.8805309734513275,0.9209039548022598,516737,487392,827088,794134,63159,50148,2532688.4819526067,0.6247666511906834,0.613740250385955,0.8777734127805827,0.8971095134922198,1130,1062,1727,1809,995,135,138,732,978,84,107,831,0.5665,0.5425,0.8805309734513275,0.9209039548022598,0.5761436016213086,0.5406301824212272,1130,1062,4958.37867548688,45600.0,0.6247666511906834,0.613740250385955,0.8777734127805827,0.8971095134922198
457,0.0,45471.5,4000,1002.9980821560246,1005.0917587395443,961.7789800761211,963.9591895082849,2.0936765835197093,2.1802094321637924,0.9603098457572483,0.020662496782961656,0.020036512906646396,0.020349504844804026,41.13256923125937,1149,1142,2000,2000,139,103,4957.638791650857,0.5745,0.571,0.8790252393385553,0.9098073555166375,517886,488534,829088,796134,63298,50251,2537646.1207442577,0.6246453934926087,0.6136328808969345,0.8777761901267847,0.8971391960436735,1149,1142,1734,1809,1010,139,127,724,1039,103,88,770,0.5685,0.5635,0.8790252393385553,0.9098073555166375,0.5824682814302191,0.574350469872858,1149,1142,4957.638791650857,45700.0,0.6246453934926087,0.6136328808969345,0.8777761901267847,0.8971391960436735
458,0.0,45571.0,4000,1005.105533818252,1007.275800042979,963.9700374788015,966.1615874256282,2.1702662247270155,2.19154994682674,0.9902882787907517,0.020665068652506165,0.020040852352643745,0.020352960502574957,41.114212617350745,1202,1186,2000,2000,137,104,4956.907297159555,0.601,0.593,0.8860232945091514,0.9123102866779089,519088,489720,831088,798134,63435,50355,2542603.0280414172,0.6245884912307722,0.6135811780979133,0.877795287118947,0.8971759372702769,1202,1186,1738,1780,1065,137,125,673,1082,104,116,698,0.595,0.599,0.8860232945091514,0.9123102866779089,0.6127733026467204,0.6078651685393258,1202,1186,4956.907297159555,45800.0,0.6245884912307722,0.6135811780979133,0.877795287118947,0.8971759372702769
459,0.0,45670.5,4000,1007.2803044917621,1009.548240500079,966.1663786468367,968.4656549187331,2.2679360083169513,2.2992762718963604,0.9863695094136901,0.020669555223134694,0.02004738791381674,0.020358471568475717,41.08258558134594,1251,1209,2000,2000,120,115,4956.435512881274,0.6255,0.6045,0.9040767386091128,0.9048800661703887,520339,490929,833088,800134,63555,50470,2547559.4635542985,0.6245906794960436,0.6135584789547751,0.877858473033926,0.8971949100582772,1251,1209,1745,1811,1131,120,135,614,1094,115,74,717,0.633,0.584,0.9040767386091128,0.9048800661703887,0.6481375358166189,0.6040861402540033,1251,1209,4956.435512881274,45900.0,0.6245906794960436,0.6135584789547751,0.877858473033926,0.8971949100582772
460,0.0,45770.0,4000,1009.5654788846962,1011.9507647301889,968.4735765810078,970.8534318416534,2.3852858454927173,2.379855260645627,1.002281897112355,0.02067685019504331,0.020055714829719757,0.020366282512381532,41.09733288853545,1244,1241,2000,2000,123,115,4956.55211885373,0.622,0.6205,0.9011254019292605,0.9073327961321515,521583,492170,835088,802134,63678,50585,2552516.015673152,0.6245844749295882,0.6135757865892731,0.877913965754252,0.8972204726009305,1244,1241,1771,1797,1121,123,106,650,1126,115,88,671,0.6135,0.607,0.9011254019292605,0.9073327961321515,0.6329757199322417,0.6265998887033946,1244,1241,4956.55211885373,46000.0,0.6245844749295882,0.6135757865892731,0.877913965754252,0.8972204726009305
461,0.0,45869.5,4000,1011.9574238252793,1014.2179486209438,970.8618816469964,973.1948344536778,2.260524795664537,2.332952806681419,0.9689543608385677,0.02068117771936545,0.020062999669829353,0.020372088694597404,41.023114167266044,1279,1281,2000,2000,143,114,4956.511152403785,0.6395,0.6405,0.8881939014855356,0.9110070257611241,522862,493451,837088,804134,63821,50699,2557472.526825556,0.6246201116250621,0.6136427510837746,0.8779391120410357,0.8972562625265731,1279,1281,1743,1818,1136,143,114,607,1167,114,68,651,0.625,0.6175,0.8881939014855356,0.9110070257611241,0.6517498565691336,0.641914191419142,1279,1281,4956.511152403785,46100.0,0.6246201116250621,0.6136427510837746,0.8779391120410357,0.8972562625265731
462,0.0,45969.0,4000,1014.2308485051489,1016.5757866469304,973.2041672008537,975.5525961313875,2.3449381417815403,2.348428930533828,0.9985135642356892,0.020687448720535365,0.02007060706616543,0.020379027893350398,41.023190515542865,1302,1306,2000,2000,147,113,4956.751880196124,0.651,0.653,0.8870967741935484,0.9134762633996937,524164,494757,839088,806134,63968,50812,2562429.278705752,0.6246829891501249,0.6137403955173706,0.8779618592654208,0.8972990781333059,1302,1306,1778,1813,1155,147,75,623,1193,113,74,620,0.615,0.6335,0.8870967741935484,0.9134762633996937,0.6496062992125984,0.6580253723110866,1302,1306,4956.751880196124,46200.0,0.6246829891501249,0.6137403955173706,0.8779618592654208,0.8972990781333059
463,0.0,46068.5,4000,1016.5860953604544,1019.001043526844,975.5641974836587,978.0837642871895,2.4149481663896495,2.519566803530779,0.9584775299489885,0.02069514876390167,0.02008192688148261,0.020388537822692142,40.917279239654476,1318,1302,2000,2000,148,126,4957.419912994305,0.659,0.651,0.8877086494688923,0.9032258064516129,525482,496059,841088,808134,64116,50938,2567386.6986187464,0.6247645906254756,0.6138326069686463,0.877986305905816,0.8973146339447525,1318,1302,1748,1801,1170,148,104,578,1176,126,73,625,0.637,0.6245,0.8877086494688923,0.9032258064516129,0.6693363844393593,0.6529705719044975,1318,1302,4957.419912994305,46300.0,0.6247645906254756,0.6138326069686463,0.877986305905816,0.8973146339447525
464,0.0,46168.0,4000,1019.0085430541785,1021.4380720194786,978.0950177867071,980.5754706136223,2.429528965300051,2.4804528269152115,0.9794699334482037,0.020703069315975903,0.020092347434031845,0.020397708375003876,40.86260140585625,1327,1364,2000,2000,155,121,4958.2617883900875,0.6635,0.682,0.8831951770911831,0.9112903225806451,526809,497423,843088,810134,64271,51059,2572344.9604071365,0.6248564799878542,0.6140008936793172,0.8779994267372045,0.8973529571411053,1327,1364,1756,1795,1172,155,89,584,1243,121,84,552,0.6305,0.6635,0.8831951770911831,0.9112903225806451,0.6674259681093394,0.6924791086350975,1327,1364,4958.2617883900875,46400.0,0.6248564799878542,0.6140008936793172,0.8779994267372045,0.8973529571411053
465,0.0,46267.5,4000,1021.4430251316182,1023.9757616443492,980.5888308439183,983.1072807206288,2.532736512730935,2.518449876710406,1.0056727895014492,0.02071312055669145,0.020103585613894283,0.020408353085292867,40.868480923720426,1359,1324,2000,2000,148,112,4959.208138100125,0.6795,0.662,0.8910963944076526,0.9154078549848943,528168,498747,845088,812134,64419,51171,2577304.168545237,0.6249858002953539,0.6141190985724031,0.8780331258236016,0.8974008866218744,1359,1324,1761,1806,1211,148,91,550,1212,112,82,594,0.651,0.647,0.8910963944076526,0.9154078549848943,0.6876774559909142,0.6710963455149501,1359,1324,4959.208138100125,46500.0,0.6249858002953539,0.6141190985724031,0.8780331258236016,0.8974008866218744
466,0.0,46367.0,4000,1023.9897781307602,1026.5052622474784,983.1195692320741,985.6728407678055,2.5154841167181985,2.553271535731369,0.9852003915430222,0.020722952928954545,0.02011549980886826,0.0204192263689114,40.83242147967292,1332,1377,2000,2000,132,141,4960.454551044064,0.666,0.6885,0.9009009009009009,0.8976034858387799,529500,500124,847088,814134,64551,51312,2582264.6230962807,0.6250826360425363,0.6143018225500961,0.8780906515580736,0.8974014444417784,1332,1377,1771,1794,1200,132,97,571,1236,141,65,558,0.6485,0.6505,0.9009009009009009,0.8976034858387799,0.6775832862789385,0.6889632107023411,1332,1377,4960.454551044064,46600.0,0.6250826360425363,0.6143018225500961,0.8780906515580736,0.8974014444417784
467,0.0,46466.5,4000,1026.5190556359928,1029.0172244738399,985.6870052506231,988.3401841661607,2.498168837847061,2.6531789155376373,0.9415757162915772,0.020732367638450606,0.020129542494467155,0.02043095506645888,40.677040307679135,1421,1418,2000,2000,141,120,4961.72400543017,0.7105,0.709,0.9007741027445461,0.9153737658674189,530921,501542,849088,816134,64692,51432,2587226.3471017107,0.6252838339488958,0.6145338878174418,0.8781513633855131,0.8974522572386759,1421,1418,1782,1810,1280,141,77,502,1298,120,70,512,0.6785,0.684,0.9007741027445461,0.9153737658674189,0.7182940516273849,0.7171270718232045,1421,1418,4961.72400543017,46700.0,0.6252838339488958,0.6145338878174418,0.8781513633855131,0.8974522572386759
468,0.0,46566.0,4000,1029.023259844092,1031.4758320920462,988.3509908079222,990.9616688587644,2.4525722479540946,2.6106780508421252,0.939438797197904,0.02074060205841559,0.020142545281714098,0.02044157367006484,40.514163233281806,1392,1388,2000,2000,156,138,4963.005644685177,0.696,0.694,0.8879310344827587,0.9005763688760807,532313,502930,851088,818134,64848,51570,2592189.352746396,0.6254500122196529,0.6147281496674138,0.8781769372530823,0.897460879247609,1392,1388,1740,1800,1236,156,104,504,1250,138,62,550,0.67,0.656,0.8879310344827587,0.9005763688760807,0.7103448275862069,0.6944444444444444,1392,1388,4963.005644685177,46800.0,0.6254500122196529,0.6147281496674138,0.8781769372530823,0.897460879247609
469,0.0,46665.5,4000,1031.4826876021716,1034.0577019451123,990.9729213979439,993.6632666145656,2.575014342940676,2.690345216621722,0.9571315707112609,0.020751429556224214,0.02015720078763371,0.02045431517192896,40.394435330546685,1398,1398,2000,2000,148,115,4964.482555363794,0.699,0.699,0.894134477825465,0.9177396280400573,533711,504328,853088,820134,64996,51685,2597153.8353017597,0.6256224445778161,0.6149336571828506,0.878218736357317,0.8975170920512048,1398,1398,1775,1807,1250,148,77,525,1283,115,78,524,0.6635,0.6805,0.894134477825465,0.9177396280400573,0.704225352112676,0.710016602102933,1398,1398,4964.482555363794,46900.0,0.6256224445778161,0.6149336571828506,0.878218736357317,0.8975170920512048
470,0.0,46765.0,4000,1034.0737730170367,1036.5639724222635,993.6756295035457,996.3658802420518,2.4901994052268037,2.6902507385061654,0.9256384059612058,0.020760602482214188,0.020171815543989516,0.020466209013101852,40.19809218021169,1373,1379,2000,2000,145,105,4966.070815212976,0.6865,0.6895,0.8943918426802622,0.9238578680203046,535084,505707,855088,822134,65141,51790,2602119.9061169727,0.6257648335609902,0.6151150542369006,0.878260235776065,0.8975889200663625,1373,1379,1768,1826,1228,145,87,540,1274,105,69,552,0.6575,0.6715,0.8943918426802622,0.9238578680203046,0.6945701357466063,0.6976998904709748,1373,1379,4966.070815212976,47000.0,0.6257648335609902,0.6151150542369006,0.878260235776065,0.8975889200663625
471,0.0,46864.5,4000,1036.5730023672152,1039.1407558655433,996.3800141779748,998.945376756321,2.567753498328102,2.565362578346253,1.0009320008025495,0.02077123354792668,0.020183754290483576,0.020477493919205128,40.195379109222245,1420,1382,2000,2000,144,132,4967.450502446859,0.71,0.691,0.8985915492957747,0.9044862518089725,536504,507089,857088,824134,65285,51922,2607087.3566194195,0.6259613948626045,0.6152992110506301,0.8783140479847308,0.8976077177773527,1420,1382,1777,1804,1276,144,79,501,1250,132,64,554,0.6775,0.657,0.8985915492957747,0.9044862518089725,0.7180641530669668,0.6929046563192904,1420,1382,4967.450502446859,47100.0,0.6259613948626045,0.6152992110506301,0.8783140479847308,0.8976077177773527
472,0.0,46964.0,4000,1039.1587096394503,1041.7739776288215,998.9650110625297,1001.4795630320981,2.6152679893712047,2.5145519695684015,1.040053266355871,0.02078301529386917,0.020194682486388844,0.02048884889012901,40.29441459672341,1389,1374,2000,2000,151,129,4969.119783200364,0.6945,0.687,0.8912886969042476,0.9061135371179039,537893,508463,859088,826134,65436,52051,2612056.47640262,0.6261209561767829,0.6154727925493927,0.8783475523942494,0.8976307027256654,1389,1374,1759,1801,1238,151,90,521,1245,129,70,556,0.664,0.6575,0.8912886969042476,0.9061135371179039,0.7038089823763501,0.691282620766241,1389,1374,4969.119783200364,47200.0,0.6261209561767829,0.6154727925493927,0.8783475523942494,0.8976307027256654
473,0.0,47063.5,4000,1041.7939422323518,1044.3311779950136,1001.4896152688412,1004.1269719549812,2.537235762661794,2.637356686139924,0.9620373975183961,0.0207931400050067,0.020207958187747073,0.020500549096376885,40.20420604003243,1357,1390,2000,2000,147,122,4970.672305889716,0.6785,0.695,0.8916728076639646,0.9122302158273381,539250,509853,861088,828134,65583,52173,2617027.1487085097,0.6262426139953176,0.6156648561706197,0.8783810848400556,0.8976705050279198,1357,1390,1764,1808,1210,147,89,554,1268,122,70,540,0.6495,0.669,0.8916728076639646,0.9122302158273381,0.6859410430839002,0.7013274336283186,1357,1390,4970.672305889716,47300.0,0.6262426139953176,0.6156648561706197,0.8783810848400556,0.8976705050279198
474,0.0,47163.0,4000,1044.3459332732539,1046.922643732148,1004.1406161525963,1006.6968946664783,2.576710458894013,2.5562785138820345,1.0079928477671825,0.020803944893965216,0.02021954314328974,0.02051174401862748,40.22574906566956,1379,1368,2000,2000,128,131,4972.168626824325,0.6895,0.684,0.9071791153009428,0.9042397660818713,540629,511221,863088,830134,65711,52304,2621999.317335334,0.6263891978569972,0.6158294925879436,0.8784545409143794,0.8976880840184578,1379,1368,1782,1785,1251,128,90,531,1237,131,84,548,0.6705,0.6605,0.9071791153009428,0.9042397660818714,0.702020202020202,0.6929971988795518,1379,1368,4972.168626824325,47400.0,0.6263891978569972,0.6158294925879436,0.8784545409143794,0.8976880840184578
475,0.0,47262.5,4000,1046.9411818778706,1049.4499848993325,1006.7138676233603,1009.2718756373481,2.508803021461972,2.5580080139877737,0.9807643321456628,0.020813354297708125,0.02023118580974323,0.02052227005372568,40.178109261984446,1434,1363,2000,2000,150,119,4973.536272331315,0.717,0.6815,0.895397489539749,0.9126925898752751,542063,512584,865088,832134,65861,52423,2626972.8536076653,0.6265986812902271,0.6159873289638448,0.878499362620212,0.8977279821453654,1434,1363,1765,1798,1284,150,85,481,1244,119,83,554,0.6845,0.6635,0.895397489539749,0.9126925898752751,0.7274787535410765,0.6918798665183538,1434,1363,4973.536272331315,47500.0,0.6265986812902271,0.6159873289638448,0.878499362620212,0.8977279821453654
476,0.0,47362.0,4000,1049.463640690832,1052.0445086719992,1009.2948244404198,1011.9212939393113,2.5808679811671027,2.626469498891538,0.9826377128142243,0.02082413556541602,0.020244343366906864,0.020534239466161442,40.12321473268787,1402,1354,2000,2000,162,112,4975.0157668093525,0.701,0.677,0.884450784593438,0.9172821270310192,543465,513938,867088,834134,66023,52535,2631947.8693744745,0.6267702932113004,0.6161336188190387,0.8785147157590645,0.897779498694395,1402,1354,1761,1823,1240,162,77,521,1242,112,65,581,0.6585,0.6535,0.884450784593438,0.9172821270310192,0.704145371947757,0.6812945693911135,1402,1354,4975.0157668093525,47600.0,0.6267702932113004,0.6161336188190387,0.8785147157590645,0.897779498694395
477,0.0,47461.5,4000,1052.0620614949253,1054.6054251343176,1011.9320649830413,1014.5843942368631,2.5433636393922825,2.65232925382179,0.9589170106718473,0.02083416707287465,0.020257732590405,0.020545949831639827,40.021030897454466,1398,1378,2000,2000,172,123,4976.518740958211,0.699,0.689,0.876967095851216,0.9107402031930334,544863,515316,869088,836134,66195,52658,2636924.3881154326,0.6269365127582017,0.6163079123681132,0.8785107449028471,0.8978141567504211,1398,1378,1753,1807,1226,172,75,527,1255,123,70,552,0.6505,0.6625,0.876967095851216,0.9107402031930334,0.6993725042783799,0.6945213060320974,1398,1378,4976.518740958211,47700.0,0.6269365127582017,0.6163079123681132,0.8785107449028471,0.8978141567504211
478,0.0,47561.0,4000,1054.6237060237167,1057.1773505509636,1014.5961529950345,1017.2686935358627,2.553644527246888,2.6725405408282086,0.9555119887743686,0.020844386920350774,0.020271509285801632,0.020557948103076203,39.90865701510097,1411,1408,2000,2000,150,118,4978.179870391705,0.7055,0.704,0.8936924167257264,0.9161931818181819,546274,516724,871088,838134,66345,52776,2641902.5679858243,0.6271168928971586,0.6165171678991664,0.8785499584457617,0.8978642370007973,1411,1408,1770,1827,1261,150,80,509,1290,118,55,537,0.6705,0.6725,0.8936924167257264,0.9161931818181818,0.7124293785310735,0.7060755336617406,1411,1408,4978.179870391705,47800.0,0.6271168928971586,0.6165171678991664,0.8785499584457617,0.8978642370007973
479,0.0,47660.5,4000,1057.1881379742524,1059.8107339084092,1017.2854930984854,1019.9087660871044,2.622595934156834,2.6232729886189645,0.9997419046873628,0.0208558471430107,0.02028430514431231,0.020570076143661506,39.90196782130488,1466,1445,2000,2000,162,129,4979.699527466431,0.733,0.7225,0.8894952251023193,0.9107266435986159,547740,518169,873088,840134,66507,52905,2646882.2675132905,0.6273594414308752,0.6167694677277672,0.8785792529302223,0.8979001059499893,1466,1445,1755,1808,1304,162,83,451,1316,129,63,492,0.6935,0.6895,0.8894952251023193,0.9107266435986159,0.743019943019943,0.7278761061946902,1466,1445,4979.699527466431,47900.0,0.6273594414308752,0.6167694677277672,0.8785792529302223,0.8979001059499893
480,0.0,47760.0,4000,1059.8293072151116,1062.4212801303427,1019.9228316820053,1022.6494755532115,2.5919729152310538,2.7266438712061927,0.9506092609316213,0.020866783841086377,0.02029914428913889,0.020582964065112633,39.771804577131206,1448,1416,2000,2000,180,130,4981.576432809466,0.724,0.708,0.8756906077348067,0.9081920903954802,549188,519585,875088,842134,66687,53035,2651863.8439460997,0.6275803119229152,0.6169861328482166,0.8785716366708668,0.8979281541999865,1448,1416,1736,1813,1268,180,84,468,1286,130,57,527,0.676,0.6715,0.8756906077348067,0.9081920903954802,0.7304147465437788,0.7093215664644236,1448,1416,4981.576432809466,48000.0,0.6275803119229152,0.6169861328482166,0.8785716366708668,0.8979281541999865
481,0.0,47859.5,4000,1062.438622680679,1065.0528864633482,1022.6633865574639,1025.5293318616255,2.6142637826692408,2.865945304161528,0.9121820220620295,0.020878112904473004,0.020316814598484008,0.020597463751478508,39.52355460172271,1454,1446,2000,2000,177,123,4983.742116265289,0.727,0.723,0.8782668500687758,0.9149377593360996,550642,521031,877088,844134,66864,53158,2656847.586062365,0.6278070159436682,0.6172373106639467,0.8785708318653499,0.8979753603912243,1454,1446,1746,1819,1277,177,77,469,1323,123,58,496,0.677,0.6905,0.8782668500687758,0.9149377593360996,0.7313860252004581,0.7273227047828478,1454,1446,4983.742116265289,48100.0,0.6278070159436682,0.6172373106639467,0.8785708318653499,0.8979753603912243
482,0.0,47959.0,4000,1065.0658201579372,1067.7431451832317,1025.5446458831625,1028.335368793454,2.6773250252945218,2.7907229102916062,0.9593661253222608,0.020890611813797408,0.020332880064707664,0.020611745939252538,39.40777638977761,1522,1474,2000,2000,174,150,4986.022922001348,0.761,0.737,0.885676741130092,0.898236092265943,552164,522505,879088,846134,67038,53308,2661833.6089843665,0.6281100413155452,0.61752039275103,0.8785904187886208,0.897976095922527,1522,1474,1756,1791,1348,174,70,408,1324,150,59,467,0.709,0.6915,0.885676741130092,0.898236092265943,0.7676537585421412,0.739251814628699,1522,1474,4986.022922001348,48200.0,0.6281100413155452,0.61752039275103,0.8785904187886208,0.897976095922527
483,0.0,48058.5,4000,1067.7530999099242,1070.520646753502,1028.3507468415664,1031.1260977499282,2.7675468435777475,2.7753509083618155,0.9971880799791639,0.02090486523799804,0.020348562071954113,0.020626713654976078,39.39454900357373,1539,1499,2000,2000,156,124,4988.331137012824,0.7695,0.7495,0.898635477582846,0.9172781854569714,553703,524004,881088,848134,67194,53432,2666821.940121379,0.6284309853272317,0.6178316162304541,0.8786461333964237,0.8980313127380707,1539,1499,1769,1816,1383,156,75,386,1375,124,60,441,0.729,0.7175,0.898635477582846,0.9172781854569713,0.7817976257772753,0.7571585903083701,1539,1499,4988.331137012824,48300.0,0.6284309853272317,0.6178316162304541,0.8786461333964237,0.8980313127380707
484,0.0,48158.0,4000,1070.5311855207979,1073.30837860921,1031.1376066090495,1033.9853259472827,2.7771930884121048,2.847719338233219,0.9752341289837678,0.0209192711332854,0.02036559455108963,0.020642432842187516,39.32305266192725,1548,1517,2000,2000,169,150,4990.643153966712,0.774,0.7585,0.8908268733850129,0.90112063282795,555251,525521,883088,850134,67363,53582,2671812.583275346,0.6287606671135832,0.6181625484923553,0.8786800924266683,0.8980402305521569,1548,1517,1766,1791,1379,169,65,387,1367,150,59,424,0.722,0.713,0.8908268733850129,0.9011206328279499,0.7808607021517554,0.7632607481853713,1548,1517,4990.643153966712,48400.0,0.6287606671135832,0.6181625484923553,0.8786800924266683,0.8980402305521569
485,0.0,48257.5,4000,1073.323296082226,1076.134640094426,1033.9986285650518,1036.8471233473867,2.8113440121999247,2.8484947823349103,0.9869577538405975,0.02093441204816968,0.020382609766450354,0.020658510907310017,39.28751674703926,1580,1564,2000,2000,183,154,4993.09765055106,0.79,0.782,0.8841772151898735,0.90153452685422,556831,527085,885088,852134,67546,53736,2676805.6809258973,0.6291250135579739,0.6185470829705187,0.8786956904339018,0.8980505990494891,1580,1564,1757,1792,1397,183,60,360,1410,154,54,382,0.7285,0.732,0.8841772151898735,0.90153452685422,0.7951052931132613,0.7868303571428571,1580,1564,4993.09765055106,48500.0,0.6291250135579739,0.6185470829705187,0.8786956904339018,0.8980505990494891
486,0.0,48357.0,4000,1076.149611161084,1078.9530947343474,1036.8598526803698,1039.7810488739467,2.803483573263293,2.9211961935768613,0.9597039662818966,0.020949330020085408,0.020401039078176995,0.0206751845491312,39.17204586040066,1539,1575,2000,2000,158,140,4995.76068126093,0.7695,0.7875,0.8973359324236517,0.9111111111111111,558370,528660,887088,854134,67704,53876,2681801.441607158,0.6294414984759122,0.6189426951742935,0.8787470673567706,0.8980895093254644,1539,1575,1772,1805,1381,158,70,391,1435,140,55,370,0.7255,0.745,0.8973359324236517,0.9111111111111111,0.7793453724604966,0.7950138504155124,1539,1575,4995.76068126093,48600.0,0.6294414984759122,0.6189426951742935,0.8787470673567706,0.8980895093254644
487,0.0,48456.5,4000,1078.9639379729592,1081.793470921999,1039.7932059013478,1042.7200107430463,2.8295329490397307,2.926804841698413,0.9667651593051774,0.02096463686167972,0.020419496120503113,0.020692066491091416,39.0734601789527,1608,1543,2000,2000,180,146,4998.646995457307,0.804,0.7715,0.8880597014925373,0.9053791315618924,559978,530203,889088,856134,67884,54022,2686800.0886026155,0.6298341671465592,0.6192990816858108,0.8787738089710667,0.898110723628497,1608,1543,1755,1804,1428,180,65,327,1397,146,50,407,0.7465,0.7235,0.8880597014925373,0.9053791315618924,0.8136752136752137,0.774390243902439,1608,1543,4998.646995457307,48700.0,0.6298341671465592,0.6192990816858108,0.8787738089710667,0.898110723628497
488,0.0,48556.0,4000,1081.8047893231676,1084.6843158775455,1042.7395374121113,1045.7201423837564,2.8795265543778896,2.980604971645107,0.9660879525368876,0.0209809151663801,0.020439130998139585,0.020710023082259842,38.964173493789076,1571,1611,2000,2000,174,153,5001.642243350177,0.7855,0.8055,0.8892425206874602,0.9050279329608939,561549,531814,891088,858134,68058,54175,2691801.730845966,0.6301835508950856,0.6197330486847042,0.8788030964350395,0.8981316776166103,1571,1611,1767,1797,1397,174,59,370,1458,153,50,339,0.728,0.754,0.8892425206874602,0.9050279329608939,0.790605546123373,0.8113522537562604,1571,1611,5001.642243350177,48800.0,0.6301835508950856,0.6197330486847042,0.8788030964350395,0.8981316776166103
489,0.0,48655.5,4000,1084.696726867669,1087.5383595648448,1045.7387884529953,1048.729498925104,2.8416326971757826,2.9907104721087308,0.950153056832735,0.020996374310974397,0.02045887421780285,0.020727624264388622,38.808860639740715,1621,1609,2000,2000,200,127,5004.720047908118,0.8105,0.8045,0.8766193707587908,0.9210689869484152,563170,533423,893088,860134,68258,54302,2696806.450893874,0.630587355333405,0.6201626723278001,0.878796810909672,0.8982008649795753,1621,1609,1743,1821,1421,200,57,322,1482,127,52,339,0.739,0.767,0.8766193707587908,0.9210689869484152,0.8152610441767069,0.8138385502471169,1621,1609,5004.720047908118,48900.0,0.630587355333405,0.6201626723278001,0.878796810909672,0.8982008649795753
490,0.0,48755.0,4000,1087.5568342230222,1090.4498968546525,1048.7460273068675,1051.7293632823616,2.8930626316303005,2.9833359754941284,0.9697408053918982,0.021012943695846036,0.02047834313485341,0.02074564341534972,38.72053357229083,1632,1632,2000,2000,184,154,5007.922321030616,0.816,0.816,0.8872549019607843,0.9056372549019608,564802,535055,895088,862134,68442,54456,2701814.373214904,0.6310016445310406,0.6206169806549794,0.8788212506329651,0.8982235471119792,1632,1632,1760,1795,1448,184,56,312,1478,154,51,317,0.752,0.7645,0.8872549019607843,0.9056372549019608,0.8227272727272728,0.8233983286908078,1632,1632,5007.922321030616,49000.0,0.6310016445310406,0.6206169806549794,0.8788212506329651,0.8982235471119792
491,0.0,48854.5,4000,1090.4653232561886,1093.4916850564694,1051.746854276671,1054.7143747512825,3.0263618002807107,2.967520474611547,1.019828448084041,0.0210320983563803,0.020497430245962074,0.020764764301171187,38.7773103051868,1623,1619,2000,2000,172,163,5011.190370007622,0.8115,0.8095,0.8940234134319162,0.8993205682520075,566425,536674,897088,864134,68614,54619,2706825.5635849116,0.6314040540058501,0.6210541420659296,0.8788648099924968,0.8982268565274263,1623,1619,1768,1792,1451,172,60,317,1456,163,45,336,0.7555,0.7505,0.8940234134319162,0.8993205682520075,0.8207013574660633,0.8125,1623,1619,5011.190370007622,49100.0,0.6314040540058501,0.6210541420659296,0.8788648099924968,0.8982268565274263
492,0.0,48954.0,4000,1093.5030547053498,1096.4995700238235,1054.7334888678863,1057.7877401179499,2.996515318473712,3.054251250063544,0.9810965350055498,0.021050486062309488,0.02051823557811799,0.02078436082021374,38.71182990587363,1631,1624,2000,2000,182,156,5014.822570809943,0.8155,0.812,0.8884120171673819,0.9039408866995073,568056,538298,899088,866134,68796,54775,2711840.3861557217,0.6318135710853665,0.6214950573467847,0.8788922218936162,0.8982440952780801,1631,1624,1786,1801,1449,182,32,337,1468,156,43,333,0.7405,0.7555,0.8884120171673819,0.9039408866995073,0.8113101903695409,0.8151027207107163,1631,1624,5014.822570809943,49200.0,0.6318135710853665,0.6214950573467847,0.8788922218936162,0.8982440952780801
493,0.0,49053.5,4000,1096.5154036276658,1099.569917335803,1057.8043486612535,1060.8352674278215,3.054513708137165,3.030918766567993,1.0077847489115948,0.021070066157760775,0.020538432408788575,0.020804249283274675,38.73464990798152,1648,1609,2000,2000,190,149,5018.37760455974,0.824,0.8045,0.8847087378640777,0.9073958980733374,569704,539907,901088,868134,68986,54924,2716858.7637602813,0.632240136368479,0.621916662635031,0.8789090475053712,0.8982713689579872,1648,1609,1760,1796,1458,190,50,302,1460,149,55,336,0.754,0.7575,0.8847087378640777,0.9073958980733374,0.8284090909090909,0.8129175946547884,1648,1609,5018.37760455974,49300.0,0.632240136368479,0.621916662635031,0.8789090475053712,0.8982713689579872
494,0.0,49153.0,4000,1099.5798472285321,1102.567916534825,1060.8468407294627,1063.9147252828382,2.9880693062928003,3.0678845533755066,0.9739836210606792,0.021088102444871016,0.020559193838224566,0.02082364814154779,38.653191251986755,1664,1670,2000,2000,197,166,5022.065719266569,0.832,0.835,0.8816105769230769,0.9005988023952096,571368,541577,903088,870134,69183,55090,2721880.8294795477,0.632682529277324,0.6224064339515523,0.8789169151930105,0.8982785458023512,1664,1670,1741,1794,1467,197,62,274,1504,166,40,290,0.7645,0.772,0.8816105769230769,0.9005988023952096,0.842619184376795,0.8383500557413601,1664,1670,5022.065719266569,49400.0,0.632682529277324,0.6224064339515523,0.8789169151930105,0.8982785458023512
495,0.0,49252.5,4000,1102.5803965654059,1105.5913533193782,1063.930059802861,1067.105356304239,3.010956753972323,3.175296501377943,0.9482442829089177,0.021106579748710736,0.02058211730565039,0.020844348527180562,38.48599701513922,1682,1664,2000,2000,197,183,5025.725742083034,0.841,0.832,0.8828775267538644,0.8900240384615384,573050,543241,905088,872134,69380,55273,2726906.5552216307,0.6331428546174516,0.6228870792791016,0.8789285402669924,0.8982532614438159,1682,1664,1754,1781,1485,197,49,269,1481,183,36,300,0.767,0.7585,0.8828775267538644,0.8900240384615384,0.8466362599771949,0.8315553060078608,1682,1664,5025.725742083034,49500.0,0.6331428546174516,0.6228870792791016,0.8789285402669924,0.8982532614438159
496,0.0,49352.0,4000,1105.606318956548,1108.7281973385127,1067.1144142476478,1070.2016342769448,3.121878381964734,3.0872200292969865,1.0112263953779932,0.021127268983474112,0.02060304606053226,0.020865157522003186,38.52656306156791,1684,1684,2000,2000,188,178,5029.627121566497,0.842,0.842,0.8883610451306413,0.8942992874109263,574734,544925,907088,874134,69568,55451,2731936.182343197,0.6336033549115411,0.6233884049813873,0.878956177988426,0.8982410423452769,1684,1684,1756,1773,1496,188,56,260,1506,178,49,267,0.776,0.7775,0.8883610451306413,0.8942992874109263,0.8519362186788155,0.8494077834179357,1684,1684,5029.627121566497,49600.0,0.6336033549115411,0.6233884049813873,0.878956177988426,0.8982410423452769
497,0.0,49451.5,4000,1108.7422145378637,1111.7967074093008,1070.2132771084275,1073.3831913720883,3.0544928714371054,3.1699142636607576,0.9635884813836074,0.02114650003322141,0.020625606472787602,0.020886053253004508,38.4135160372125,1703,1739,2000,2000,195,157,5033.629943883821,0.8515,0.8695,0.8854961832061069,0.909718228867165,576437,546664,909088,876134,69763,55608,2736969.812287081,0.634082729064733,0.6239502176607687,0.8789754994908376,0.8982775525734272,1703,1739,1751,1808,1508,195,54,243,1582,157,35,226,0.781,0.8085,0.8854961832061069,0.909718228867165,0.8612221587664192,0.875,1703,1739,5033.629943883821,49700.0,0.634082729064733,0.6239502176607687,0.8789754994908376,0.8982775525734272
498,0.0,49551.0,4000,1111.8146861971097,1114.8966440543545,1073.4003770169522,1076.612603211916,3.081957857244788,3.212226194963705,0.9594460882228162,0.021166284905545337,0.02064903721962593,0.020907661062585632,38.28404084243857,1734,1739,2000,2000,203,159,5037.806721985394,0.867,0.8695,0.8829296424452133,0.9085681426106959,578171,548403,911088,878134,69966,55767,2742007.6190090664,0.6345940238484098,0.6245094712196544,0.8789873584112659,0.898310184298773,1734,1739,1758,1814,1531,203,39,227,1580,159,27,234,0.785,0.8035,0.8829296424452133,0.9085681426106959,0.8708759954493743,0.8710033076074972,1734,1739,5037.806721985394,49800.0,0.6345940238484098,0.6245094712196544,0.8789873584112659,0.898310184298773
499,0.0,49650.5,4000,1114.9071844575808,1118.0625710358024,1076.631810915482,1079.8564743216257,3.1553865782216235,3.2246634061436907,0.9785165708178784,0.021187312931414945,0.02067266382058279,0.020929988375998868,38.20609671417674,1750,1743,2000,2000,200,170,5042.18451096884,0.875,0.8715,0.8857142857142857,0.9024670109007459,579921,550146,913088,880134,70166,55937,2747049.803520035,0.6351206017382771,0.6250707278664385,0.8790076579396159,0.8983233541641673,1750,1743,1767,1799,1550,200,33,217,1573,170,31,226,0.7915,0.802,0.8857142857142857,0.9024670109007459,0.8771929824561403,0.8743746525847693,1750,1743,5042.18451096884,49900.0,0.6351206017382771,0.6250707278664385,0.8790076579396159,0.8983233541641673
500,0.0,49750.0,4000,1118.0794552120342,1121.2170621956082,1079.8731005354978,1083.1217773340097,3.13760698357396,3.2486767985119513,0.9658107525535115,0.021208028128748228,0.020696624553189304,0.020952326340968767,38.09528486159843,1775,1764,2000,2000,224,157,5046.550329872691,0.8875,0.882,0.8738028169014085,0.9109977324263039,581696,551910,915088,882134,70390,56094,2752096.353849908,0.6356721976465651,0.6256532454252982,0.8789917757729123,0.898363863673425,1775,1764,1744,1811,1551,224,32,193,1607,157,32,204,0.7915,0.8195,0.8738028169014085,0.9109977324263039,0.8893348623853211,0.8873550524572059,1775,1764,5046.550329872691,50000.0,0.6356721976465651,0.6256532454252982,0.8789917757729123,0.898363863673425
501,0.0,49849.5,4000,1121.2306088314353,1124.3761709670316,1083.1429742333298,1086.3692181905328,3.145562135596265,3.226243957202996,0.9749920270515815,0.02122875279857954,0.020720133104111544,0.02097444295134554,38.00695277649879,1795,1781,2000,2000,224,171,5051.104008488557,0.8975,0.8905,0.8752089136490251,0.9039865244244807,583491,553691,917088,884134,70614,56265,2757147.457858396,0.6362431958547053,0.6262523554121886,0.8789801385111339,0.8983819494989083,1795,1781,1752,1787,1571,224,24,181,1610,171,42,177,0.7975,0.826,0.8752089136490251,0.9039865244244806,0.896689497716895,0.9009513150531617,1795,1781,5051.104008488557,50100.0,0.6362431958547053,0.6262523554121886,0.8789801385111339,0.8983819494989083
502,0.0,49949.0,4000,1124.3943129918769,1127.6064622701037,1086.3846656854996,1089.6812328816945,3.212149278226889,3.2965671961949283,0.974392174360808,0.021250812878723248,0.020744834326835656,0.02099782360277945,37.92522938840921,1823,1805,2000,2000,229,168,5055.825217650081,0.9115,0.9025,0.8743828853538124,0.9069252077562326,585314,555496,919088,886134,70843,56433,2762203.2830760465,0.6368421739811639,0.6268758449625,0.8789658200555599,0.8984097095208606,1823,1805,1743,1802,1594,229,28,149,1637,168,30,165,0.811,0.8335,0.8743828853538124,0.9069252077562326,0.9145152036718301,0.9084350721420644,1823,1805,5055.825217650081,50200.0,0.6368421739811639,0.6268758449625,0.8789658200555599,0.8984097095208606
503,0.0,50048.5,4000,1127.6208111896617,1130.891499905848,1089.6952312651522,1093.002801595254,3.270688716186214,3.3075703301017256,0.9888493334276652,0.021273873641106385,0.020769627274765595,0.02102175045793599,37.88869831059401,1815,1793,2000,2000,221,168,5060.624893476294,0.9075,0.8965,0.878236914600551,0.9063022866703848,587129,557289,921088,888134,71064,56601,2767263.9079695228,0.6374298655503057,0.6274830149504467,0.8789635667800433,0.8984351027922676,1815,1793,1751,1809,1594,221,28,157,1625,168,23,184,0.811,0.824,0.878236914600551,0.9063022866703848,0.9103369503141062,0.8982863460475401,1815,1793,5060.624893476294,50300.0,0.6374298655503057,0.6274830149504467,0.8789635667800433,0.8984351027922676
504,0.0,50148.0,4000,1130.90736077697,1134.1281085367823,1093.0200418670988,1096.3118925465649,3.220747759812184,3.2918506794660516,0.9784003204952781,0.02129588199957511,0.020794074263333736,0.021044978131454423,37.816215990217415,1860,1824,2000,2000,223,188,5065.5609009710415,0.93,0.912,0.8801075268817204,0.8969298245614035,588989,559113,923088,890134,71287,56789,2772329.4688704936,0.6380637599015478,0.6281222827124905,0.8789671793530949,0.8984301921078566,1860,1824,1753,1787,1637,223,24,116,1636,188,25,151,0.8305,0.8305,0.8801075268817204,0.8969298245614035,0.9338277239018825,0.9155008393956351,1860,1824,5065.5609009710415,50400.0,0.6380637599015478,0.6281222827124905,0.8789671793530949,0.8984301921078566
505,0.0,50247.5,4000,1134.1438703970862,1137.4544329357282,1096.327757557325,1099.6880299263962,3.310562538641989,3.3602723690712537,0.9852066067956854,0.02131957974608973,0.020819752084195082,0.021069665915142408,37.76640300933195,1854,1829,2000,2000,206,182,5070.488818846631,0.927,0.9145,0.8888888888888888,0.900492072170585,590843,560942,925088,892134,71493,56971,2777399.95768934,0.6386884274793317,0.6287642887727628,0.8789983125804994,0.8984369150464754,1854,1829,1773,1799,1648,206,21,125,1647,182,19,152,0.8345,0.833,0.8888888888888888,0.900492072170585,0.9294980259447264,0.9155086158977209,1854,1829,5070.488818846631,50500.0,0.6386884274793317,0.6287642887727628,0.8789983125804994,0.8984369150464754
506,0.0,50347.0,4000,1137.4745452063794,1140.808030975221,1099.7004374632725,1103.0231237721548,3.3334857688416832,3.3226863088823393,1.0032502195378705,0.021343722830375975,0.02084451727465633,0.021094120052516152,37.78490720306627,1843,1838,2000,2000,212,181,5075.518675539646,0.9215,0.919,0.8849701573521432,0.9015233949945594,592686,562780,927088,894134,71705,57152,2782475.47636488,0.6392985347669261,0.6294134883585681,0.8790168824639016,0.8984469952734638,1843,1838,1766,1797,1631,212,22,135,1657,181,22,140,0.8265,0.8395,0.8849701573521432,0.9015233949945594,0.9235560588901472,0.9220923761825265,1843,1838,5075.518675539646,50600.0,0.6392985347669261,0.6294134883585681,0.8790168824639016,0.8984469952734638
507,0.0,50446.5,4000,1140.8267127707495,1144.1285018421777,1103.0405849176375,1106.4136567278615,3.301789071428175,3.373071810224019,0.9788671149603809,0.021367117279762936,0.020870278245627552,0.021118697762695246,37.71484511431618,1849,1841,2000,2000,216,181,5080.640900894635,0.9245,0.9205,0.8831800973499189,0.9016838674633352,594535,564621,929088,896134,71921,57333,2787556.1172657744,0.6399124733071572,0.6300631378789333,0.8790298300352376,0.8984575494003942,1849,1841,1760,1802,1633,216,24,127,1660,181,17,142,0.8285,0.8385,0.8831800973499189,0.9016838674633352,0.9278409090909091,0.9211986681465039,1849,1841,5080.640900894635,50700.0,0.6399124733071572,0.6300631378789333,0.8790298300352376,0.8984575494003942
508,0.0,50546.0,4000,1144.1468824534807,1147.3799041520522,1106.430032040328,1109.7935666910605,3.2330216985715197,3.3635346507326176,0.9611976787179313,0.02138906000775306,0.02089572868142748,0.021142394344590268,37.58633746099167,1843,1835,2000,2000,229,173,5085.775475121164,0.9215,0.9175,0.8757460661964189,0.9057220708446867,596378,566456,931088,898134,72150,57506,2792641.8927408955,0.6405173302630901,0.6307032135516526,0.8790196821478995,0.8984810823788608,1843,1835,1743,1800,1614,229,28,129,1662,173,27,138,0.821,0.8445,0.8757460661964189,0.9057220708446867,0.9259896729776248,0.9233333333333333,1843,1835,5085.775475121164,50800.0,0.6405173302630901,0.6307032135516526,0.8790196821478995,0.8984810823788608
509,0.0,50645.5,4000,1147.3974531570832,1150.654659778125,1109.8123959647694,1113.253926571121,3.2572066210418598,3.4415306063515345,0.946441276747766,0.021411375324556548,0.020922659663979888,0.02116701749426822,37.40073320700412,1880,1862,2000,2000,259,180,5090.85934989908,0.94,0.931,0.8622340425531915,0.9033297529538131,598258,568318,933088,900134,72409,57686,2797732.7520907945,0.641159247573648,0.6313704404010958,0.8789669339983752,0.8984969682466506,1880,1862,1721,1803,1621,259,20,100,1682,180,17,121,0.8205,0.8495,0.8622340425531915,0.9033297529538131,0.9418942475305055,0.9328896283971159,1880,1862,5090.85934989908,50900.0,0.641159247573648,0.6313704404010958,0.8789669339983752,0.8984969682466506
510,0.0,50745.0,4000,1150.673137562746,1153.9577014843662,1113.2712767250418,1116.7154193536232,3.284563921620247,3.444142628581403,0.9536666380663554,0.02143415775933666,0.020949507248609386,0.021191832503973024,37.24228213074298,1871,1887,2000,2000,220,179,5095.9966895472535,0.9355,0.9435,0.8824158204168894,0.9051404345521993,600129,570205,935088,902134,72629,57865,2802828.748780342,0.6417887942097428,0.6320624208820419,0.8789776864640769,0.8985189537096308,1871,1887,1760,1808,1651,220,20,109,1708,179,13,100,0.8355,0.8605,0.8824158204168894,0.9051404345521993,0.9380681818181819,0.9446902654867256,1871,1887,5095.9966895472535,51000.0,0.6417887942097428,0.6320624208820419,0.8789776864640769,0.8985189537096308
511,0.0,50844.5,4000,1153.9723174031294,1157.309089938724,1116.7329020356487,1120.17477776937,3.3367725355944913,3.44187573372119,0.9694633954686487,0.021457797146389963,0.020976207986200104,0.021217002566295034,37.13431216935396,1883,1888,2000,2000,223,198,5101.264132638973,0.9415,0.944,0.8815719596388741,0.8951271186440678,602012,572093,937088,904134,72852,58063,2807930.0129129807,0.6424284592268815,0.6327524459869887,0.8789858009474895,0.8985077601019414,1883,1888,1757,1791,1660,223,20,97,1690,198,11,101,0.84,0.8505,0.8815719596388741,0.8951271186440678,0.9447922595332954,0.943606923506421,1883,1888,5101.264132638973,51100.0,0.6424284592268815,0.6327524459869887,0.8789858009474895,0.8985077601019414
512,0.0,50944.0,4000,1157.32952498033,1160.7179834562219,1120.1931810455212,1123.6406501616113,3.3884584758918663,3.447469116090133,0.9828829096908076,0.021482467337852054,0.021002931650138022,0.021242699493995036,37.077333294610526,1895,1906,2000,2000,217,188,5106.597535322062,0.9475,0.953,0.8854881266490765,0.9013641133263379,603907,573999,939088,906134,73069,58251,2813036.6104483027,0.6430781779769308,0.6334592896856315,0.8790062045977278,0.8985172448035623,1895,1906,1768,1797,1678,217,15,90,1718,188,15,79,0.8465,0.8665,0.8854881266490765,0.9013641133263379,0.9490950226244343,0.9560378408458542,1895,1906,5106.597535322062,51200.0,0.6430781779769308,0.6334592896856315,0.8790062045977278,0.8985172448035623
513,0.0,51043.5,4000,1160.731977436176,1164.1227519533181,1123.654671908286,1127.0872581572403,3.390774517142063,3.432586248954294,0.987819175170043,0.02150696093947605,0.021029175603951185,0.021268068271713618,37.035493796077844,1904,1890,2000,2000,232,184,5111.927686846897,0.952,0.945,0.8781512605042017,0.9026455026455027,605811,575889,941088,908134,73301,58435,2818148.5381351495,0.6437346985616648,0.6341454014495658,0.879003517598723,0.8985307932605068,1904,1890,1752,1802,1672,232,16,80,1706,184,14,96,0.844,0.86,0.8781512605042017,0.9026455026455027,0.954337899543379,0.946725860155383,1904,1890,5111.927686846897,51300.0,0.6437346985616648,0.6341454014495658,0.879003517598723,0.8985307932605068
514,0.0,51143.0,4000,1164.1383150493912,1167.490143256944,1127.1013118771148,1130.5785881393076,3.3518282075528987,3.477276262192845,0.9639234719415604,0.02153063205250481,0.021056187518769708,0.02129340978563726,36.91155511763645,1896,1897,2000,2000,237,172,5117.264678137613,0.948,0.9485,0.875,0.9093305218766473,607707,577786,943088,910134,73538,58607,2823265.8028132874,0.6443799518178579,0.634836188956791,0.8789910269258047,0.8985662511725795,1896,1897,1747,1808,1659,237,16,88,1725,172,20,83,0.8375,0.8725,0.875,0.9093305218766473,0.9496279336004579,0.9540929203539823,1896,1897,5117.264678137613,51400.0,0.6443799518178579,0.634836188956791,0.8789910269258047,0.8985662511725795
515,0.0,51242.5,4000,1167.5125787539932,1170.9442701936607,1130.5960854917842,1134.0375490627766,3.4316914396674747,3.4414635709924823,0.9971604722457691,0.02155589542593134,0.02108246600753849,0.021319180716734915,36.90672113088408,1884,1888,2000,2000,222,179,5122.627535530225,0.942,0.944,0.8821656050955414,0.9051906779661016,609591,579674,945088,912134,73760,58786,2828388.4303488177,0.6450097768673393,0.6355140801680454,0.8790008382669692,0.8985878269510104,1884,1888,1765,1813,1662,222,13,103,1709,179,8,104,0.8375,0.8585,0.8821656050955414,0.9051906779661016,0.941643059490085,0.9426365140650855,1884,1888,5122.627535530225,51500.0,0.6450097768673393,0.6355140801680454,0.8790008382669692,0.8985878269510104
516,0.0,51342.0,4000,1170.9567905828387,1174.3108641912702,1134.0514964461422,1137.4907007112172,3.354073608431463,3.4392042650749772,0.9752469902680647,0.02157936450451693,0.021108530058850244,0.021343947281683588,36.820163480053,1896,1893,2000,2000,235,175,5128.00568040402,0.948,0.9465,0.8760548523206751,0.907554146856841,611487,581567,947088,914134,73995,58961,2833516.436029222,0.6456496122852364,0.6361944747706573,0.8789917038301713,0.8986170123132846,1896,1893,1742,1807,1661,235,23,81,1718,175,18,89,0.842,0.868,0.8760548523206751,0.907554146856841,0.9535017221584385,0.9507470946319867,1896,1893,5128.00568040402,51600.0,0.6456496122852364,0.6361944747706573,0.8789917038301713,0.8986170123132846
517,0.0,51441.5,4000,1174.329022646448,1177.6917610119335,1137.512100533201,1140.8959838653268,3.362738365485484,3.3838833321258335,0.9937512719662631,0.021603019443979434,0.02113356739247161,0.02136829341822552,36.795777146606724,1895,1896,2000,2000,248,195,5133.270439056097,0.9475,0.948,0.8691292875989446,0.8971518987341772,613382,583463,949088,916134,74243,59156,2838649.706468278,0.646285697427425,0.6368751732825111,0.8789612345976895,0.8986122513338464,1895,1896,1735,1787,1647,248,17,88,1701,195,18,86,0.832,0.8595,0.8691292875989446,0.8971518987341772,0.9492795389048991,0.9518746502518187,1895,1896,5133.270439056097,51700.0,0.646285697427425,0.6368751732825111,0.8789612345976895,0.8986122513338464
518,0.0,51541.0,4000,1177.7095460111618,1181.1149135195703,1140.910065028519,1144.351023152627,3.405367508408517,3.440958124107965,0.9896567716270379,0.021627398798482116,0.021159468599962983,0.02139343369922255,36.763890366943315,1887,1881,2000,2000,211,177,5138.518188023147,0.9435,0.9405,0.8881822999470058,0.9059011164274322,615269,585344,951088,918134,74454,59333,2843788.224656301,0.6469106959608364,0.6375365687361539,0.8789895151551598,0.8986356740651651,1887,1881,1776,1808,1676,211,13,100,1704,177,15,104,0.8445,0.8595,0.8881822999470058,0.9059011164274322,0.9436936936936937,0.9424778761061947,1887,1881,5138.518188023147,51800.0,0.6469106959608364,0.6375365687361539,0.8789895151551598,0.8986356740651651
519,0.0,51640.5,4000,1181.1308765970657,1184.4943532888014,1144.3732547238792,1147.822482481881,3.363476691735741,3.4492277580018254,0.9751390536426157,0.021650841956273693,0.02118558637393712,0.021418214165105406,36.671870806920424,1906,1885,2000,2000,237,187,5143.752864028519,0.953,0.9425,0.8756558237145855,0.9007957559681697,617175,587229,953088,920134,74691,59520,2848931.9775203294,0.6475530066478646,0.6381994361690797,0.8789792198323004,0.8986426079093506,1906,1885,1750,1801,1669,237,13,81,1698,187,12,103,0.841,0.855,0.8756558237145855,0.9007957559681697,0.9537142857142857,0.9428095502498612,1906,1885,5143.752864028519,51900.0,0.6475530066478646,0.6381994361690797,0.8789792198323004,0.8986426079093506
520,0.0,51740.0,4000,1184.5132819891844,1187.8464417228754,1147.8434038800879,1151.2093436452933,3.333159733690991,3.3659397652054395,0.9902612542704109,0.021673668960859205,0.021209976807129785,0.021441822883994495,36.637098077582095,1896,1893,2000,2000,245,193,5148.964071441089,0.948,0.9465,0.8707805907172996,0.8980454305335447,619071,589122,955088,922134,74936,59713,2854080.9415917704,0.6481821570368385,0.638868103767999,0.8789541102716812,0.8986406890253632,1896,1893,1743,1789,1651,245,12,92,1700,193,18,89,0.8315,0.859,0.8707805907172996,0.8980454305335447,0.9472174411933448,0.9502515371716043,1896,1893,5148.964071441089,52000.0,0.6481821570368385,0.638868103767999,0.8789541102716812,0.8986406890253632
521,0.0,51839.5,4000,1187.8597195714742,1191.230096236034,1151.2273626051067,1154.695049232552,3.3703766645596716,3.467686627445346,0.9719380747627236,0.021697014212626434,0.021236170816852352,0.021466592514739393,36.53504700348185,1896,1871,2000,2000,218,177,5154.115783893872,0.948,0.9355,0.8850210970464135,0.9053981827899519,620967,590993,957088,924134,75154,59890,2859235.0573756644,0.6488086779899027,0.6395100710503022,0.8789726346166543,0.8986620822920068,1896,1871,1762,1808,1678,218,20,84,1694,177,15,114,0.849,0.8545,0.8850210970464135,0.9053981827899519,0.9523269012485811,0.9369469026548672,1896,1871,5154.115783893872,52100.0,0.6488086779899027,0.6395100710503022,0.8789726346166543,0.8986620822920068
522,0.0,51939.0,4000,1191.24562414347,1194.530973932483,1154.7110992020462,1158.0953492961314,3.2853497890130257,3.384250094085246,0.9707763013008195,0.02171868425621238,0.021260628345241128,0.021489656300726752,36.43562463635158,1913,1895,2000,2000,263,200,5159.315414022382,0.9565,0.9475,0.8625196027182436,0.8944591029023746,622880,592888,959088,926134,75417,60090,2864394.3727896865,0.6494503111289058,0.6401751798335878,0.8789221037760082,0.8986486486486487,1913,1895,1727,1783,1650,263,10,77,1695,200,17,88,0.83,0.856,0.8625196027182436,0.8944591029023746,0.9554140127388535,0.9506449803701627,1913,1895,5159.315414022382,52200.0,0.6494503111289058,0.6401751798335878,0.8789221037760082,0.8986486486486487
523,0.0,52038.5,4000,1194.5472087132655,1197.8881523316882,1158.111878560743,1161.510963920994,3.3409436184226706,3.3990853602510924,0.9828948862219433,0.0217413479268354,0.02128528516723613,0.021513316547035765,36.37718841069409,1892,1901,2000,2000,265,187,5164.416081560389,0.946,0.9505,0.8599365750528541,0.9016307206733298,624772,594789,961088,928134,75682,60277,2869558.788871247,0.6500674235866019,0.6408438867663505,0.8788646098096585,0.8986581796233623,1892,1901,1720,1800,1627,265,15,93,1714,187,13,86,0.821,0.8635,0.8599365750528541,0.9016307206733298,0.9459302325581396,0.9522222222222222,1892,1901,5164.416081560389,52300.0,0.6500674235866019,0.6408438867663505,0.8788646098096585,0.8986581796233623
524,0.0,52138.0,4000,1197.9025113198584,1201.2815643206188,1161.5211284764475,1164.9645456448275,3.3790530007604502,3.4434171683799377,0.9813080540427899,0.02176461657561874,0.021310572442180972,0.021537594508899856,36.31701867579136,1892,1916,2000,2000,220,183,5169.536733070926,0.946,0.958,0.8837209302325582,0.9044885177453027,626664,596705,963088,930134,75902,60460,2874728.3256043177,0.6506819729868921,0.641525844663242,0.8788792718266887,0.8986769006460479,1892,1916,1763,1805,1672,220,17,91,1733,183,12,72,0.8445,0.8725,0.8837209302325582,0.9044885177453027,0.9483834373227453,0.9601108033240997,1892,1916,5169.536733070926,52400.0,0.6506819729868921,0.641525844663242,0.8788792718266887,0.8986769006460479
525,0.0,52237.5,4000,1201.296546081629,1204.6254655852365,1164.9813155681059,1168.4768638252801,3.3289195036074943,3.4955482571742778,0.9523311534249902,0.021786853520515043,0.021336882174299725,0.021561867847407386,36.148601759956364,1903,1900,2000,2000,239,166,5174.6758600743,0.9515,0.95,0.8744088281660536,0.9126315789473685,628567,598605,965088,932134,76141,60626,2879903.001464392,0.6513053731887662,0.6421877112089034,0.8788657374631503,0.898721193441418,1903,1900,1744,1815,1664,239,17,80,1734,166,19,81,0.8405,0.8765,0.8744088281660536,0.9126315789473685,0.9541284403669725,0.9553719008264463,1903,1900,5174.6758600743,52500.0,0.6513053731887662,0.6421877112089034,0.8788657374631503,0.898721193441418
526,0.0,52337.0,4000,1204.6432708159998,1208.0066881273272,1168.49461246452,1171.9030956071877,3.363417311327339,3.408483142667592,0.9867783323390642,0.021809715444280047,0.02136145524586774,0.021585585345073894,36.1035925201395,1895,1914,2000,2000,244,181,5179.777935391251,0.9475,0.957,0.8712401055408971,0.9054336468129571,630462,600519,967088,934134,76385,60807,2885082.7793997834,0.6519179226709462,0.6428617307581139,0.8788428168549413,0.8987425876616727,1895,1914,1738,1805,1651,244,18,87,1733,181,14,72,0.8345,0.8735,0.8712401055408971,0.9054336468129571,0.9499424626006905,0.9601108033240997,1895,1914,5179.777935391251,52600.0,0.6519179226709462,0.6428617307581139,0.8788428168549413,0.8987425876616727
527,0.0,52436.5,4000,1208.0276030988846,1211.418016972926,1171.920804452853,1175.389762775705,3.3904138740413146,3.4689583228521315,0.9773579151143451,0.021833061882632433,0.021387081842526766,0.0216100718625796,36.028254197220804,1916,1917,2000,2000,234,203,5184.90929880528,0.958,0.9585,0.8778705636743215,0.8941053729786124,632378,602436,969088,936134,76619,61010,2890267.6886985884,0.6525496136573768,0.643536074963627,0.8788398710897596,0.8987278316700861,1916,1917,1752,1781,1682,234,14,70,1714,203,16,67,0.848,0.865,0.8778705636743215,0.8941053729786124,0.9600456621004566,0.9623806850084222,1916,1917,5184.90929880528,52700.0,0.6525496136573768,0.643536074963627,0.8788398710897596,0.8987278316700861
528,0.0,52536.0,4000,1211.4373812252004,1214.7499501718182,1175.4017421835076,1178.9026209954834,3.31256894661783,3.500878811975781,0.9462106872383638,0.021854816182076166,0.02141310741138142,0.021633961796728794,35.847329176334824,1910,1924,2000,2000,262,187,5190.127678788307,0.955,0.962,0.86282722513089,0.9028066528066528,634288,604360,971088,938134,76881,61197,2895457.8163773767,0.6531725240143015,0.6442150055322587,0.8787916530030523,0.8987408167317493,1910,1924,1714,1799,1648,262,24,66,1737,187,14,62,0.836,0.8755,0.86282722513089,0.9028066528066528,0.9614935822637106,0.9655364091161757,1910,1924,5190.127678788307,52800.0,0.6531725240143015,0.6442150055322587,0.8787916530030523,0.8987408167317493
529,0.0,52635.5,4000,1214.7655546552653,1218.1498233607078,1178.9170999135395,1182.3887167898752,3.384268705442537,3.471616876335702,0.9748393402830323,0.02187777254447091,0.021438528678928745,0.021658150611699827,35.76110657083268,1923,1916,2000,2000,241,179,5195.327793057177,0.9615,0.958,0.87467498699948,0.9065762004175365,636211,606276,973088,940134,77122,61376,2900653.1441704337,0.6538062333519682,0.6448825380211757,0.8787792100419515,0.8987655787133253,1923,1916,1749,1816,1682,241,10,67,1737,179,5,79,0.846,0.871,0.87467498699948,0.9065762004175365,0.9616923956546598,0.9564977973568282,1923,1916,5195.327793057177,52900.0,0.6538062333519682,0.6448825380211757,0.8787792100419515,0.8987655787133253
530,0.0,52735.0,4000,1218.1705738771518,1221.5579777934054,1182.408473455814,1185.9608291035524,3.387403916253561,3.5523556477385227,0.953565535705871,0.0219007985289662,0.02146547697035864,0.02168313774966242,35.59714868985293,1913,1912,2000,2000,243,184,5200.541321181723,0.9565,0.956,0.872974385781495,0.9037656903765691,638124,608188,975088,942134,77365,61560,2905853.6854916154,0.654427087606452,0.6455429906998368,0.878761808049846,0.898781297888153,1913,1912,1740,1810,1670,243,17,70,1728,184,6,82,0.8435,0.867,0.872974385781495,0.9037656903765691,0.9597701149425287,0.9546961325966851,1913,1912,5200.541321181723,53000.0,0.654427087606452,0.6455429906998368,0.878761808049846,0.898781297888153
531,0.0,52834.5,4000,1221.5749905914035,1224.9685396775753,1185.9768251383966,1189.4450843289044,3.393549086171788,3.4682591905077516,0.9784589039537653,0.02192378312465873,0.021490669202530316,0.021707226163594523,35.52345534867095,1936,1914,2000,2000,227,192,5205.752631626219,0.968,0.957,0.8827479338842975,0.8996865203761756,640060,610102,977088,944134,77592,61752,2911059.4381232415,0.6550689395428048,0.6462027635907615,0.878773864950161,0.8987841377343461,1936,1914,1763,1794,1709,227,10,54,1722,192,14,72,0.8595,0.868,0.8827479338842975,0.8996865203761756,0.9693703913783324,0.959866220735786,1936,1914,5205.752631626219,53100.0,0.6550689395428048,0.6462027635907615,0.878773864950161,0.8987841377343461
532,0.0,52934.0,4000,1224.9885029392426,1228.3827561049745,1189.459503055835,1192.9077415382737,3.394253165731925,3.4482384824386827,0.9843440884435064,0.02194675000651838,0.02151536074931822,0.0217310553779183,35.47501456670079,1919,1915,2000,2000,257,191,5210.96317613816,0.9595,0.9575,0.8660760812923398,0.9002610966057442,641979,612017,979088,946134,77849,61943,2916270.4012993798,0.6556908061379569,0.6468608040721504,0.8787359088069859,0.8987887591357756,1919,1915,1729,1801,1662,257,14,67,1724,191,8,77,0.838,0.866,0.8660760812923397,0.9002610966057442,0.9612492770387507,0.9572459744586341,1919,1915,5210.96317613816,53200.0,0.6556908061379569,0.6468608040721504,0.8787359088069859,0.8987887591357756
533,0.0,53033.5,4000,1228.4006017723855,1231.8017532557274,1192.9220081469616,1196.4580172213903,3.4011514833418914,3.536009074428648,0.9618616388566403,0.02196972040333078,0.021541603518702546,0.021755661961016665,35.3437360343371,1932,1936,2000,2000,239,170,5216.221811787416,0.966,0.968,0.8762939958592133,0.9121900826446281,643911,613953,981088,948134,78088,62113,2921486.623111167,0.6563233879121955,0.6475382171718344,0.8787285820555947,0.8988310180095219,1932,1936,1751,1823,1693,239,10,58,1766,170,7,57,0.8515,0.8865,0.8762939958592133,0.9121900826446281,0.9668760708166761,0.9687328579264948,1932,1936,5216.221811787416,53300.0,0.6563233879121955,0.6475382171718344,0.8787285820555947,0.8988310180095219
534,0.0,53133.0,4000,1231.8223604528885,1235.1748786732671,1196.4757081816429,1199.906539910245,3.35251822037867,3.430831728602243,0.9771736084953724,0.02199174574747323,0.021565842513777165,0.021778794130625195,35.26833876302203,1940,1930,2000,2000,260,216,5221.46348426178,0.97,0.965,0.865979381443299,0.8880829015544042,645851,615883,983088,950134,78348,62329,2926708.0865954286,0.6569615334537702,0.6482064635093576,0.8786902861495918,0.8987973365070963,1940,1930,1732,1773,1680,260,8,52,1714,216,11,59,0.844,0.8625,0.865979381443299,0.8880829015544042,0.9699769053117783,0.9667230682459109,1940,1930,5221.46348426178,53400.0,0.6569615334537702,0.6482064635093576,0.8786902861495918,0.8987973365070963
535,0.0,53232.5,4000,1235.1988114721473,1238.632841399758,1199.9246354002655,1203.4289702251356,3.434029927610709,3.5043348248700568,0.979937734042878,0.02201527449797311,0.02159137234674002,0.021803323422356566,35.20387117462246,1937,1945,2000,2000,236,210,5226.711912537403,0.9685,0.9725,0.8781621063500258,0.8920308483290489,647788,617828,985088,952134,78584,62539,2931934.798507966,0.6575940423596673,0.6488876565693484,0.878688706799138,0.8987760347540092,1937,1945,1751,1777,1701,236,13,50,1735,210,13,42,0.857,0.874,0.8781621063500258,0.8920308483290489,0.9714448886350657,0.9763646595385481,1937,1945,5226.711912537403,53500.0,0.6575940423596673,0.6488876565693484,0.878688706799138,0.8987760347540092
536,0.0,53332.0,4000,1238.6481879192715,1242.0651732594786,1203.446977079087,1206.992725269474,3.4169853402070203,3.5457481903870303,0.9636852807175923,0.02203823726681496,0.021617577902890477,0.02182790758485272,35.07244799000455,1934,1938,2000,2000,258,197,5231.960858782443,0.967,0.969,0.8665977249224406,0.8983488132094943,649722,619766,987088,954134,78842,62736,2937166.7593667484,0.6582209488920947,0.6495586573793618,0.8786527160847255,0.8987746988379485,1934,1938,1738,1797,1676,258,4,62,1741,197,6,56,0.84,0.8735,0.8665977249224406,0.8983488132094943,0.9643268124280783,0.9688369504730105,1934,1938,5231.960858782443,53600.0,0.6582209488920947,0.6495586573793618,0.8786527160847255,0.8987746988379485
537,0.0,53431.5,4000,1242.080027113948,1245.4908917613036,1207.0125098323238,1210.5730423977313,3.410864647355538,3.560532565407584,0.9579647383354537,0.022060991359461952,0.021643994277899196,0.021852492818680576,34.91784936357226,1937,1939,2000,2000,245,212,5237.2437608562,0.9685,0.9695,0.8735157459989675,0.8906652913873131,651659,621705,989088,956134,79087,62948,2942404.0031276047,0.6588483532304507,0.6502278969265815,0.8786374468855644,0.8987494068730346,1937,1939,1750,1783,1692,245,5,58,1727,212,5,56,0.8485,0.866,0.8735157459989675,0.8906652913873131,0.9668571428571429,0.968592260235558,1937,1939,5237.2437608562,53700.0,0.6588483532304507,0.6502278969265815,0.8786374468855644,0.8987494068730346
538,0.0,53531.0,4000,1245.5069904623886,1248.9043235139986,1210.593205174318,1214.070851582264,3.397333051610076,3.47764640794594,0.9769058302901757,0.022083432486167322,0.02166877884586839,0.021876105666017855,34.83347193173472,1929,1940,2000,2000,245,219,5242.500357379517,0.9645,0.97,0.8729911871435977,0.8871134020618556,653588,623645,991088,958134,79332,63167,2947646.5034849844,0.6594651534475243,0.6508953862403379,0.8786207825113068,0.8987132102397999,1929,1940,1746,1773,1684,245,9,62,1721,219,8,52,0.8465,0.8645,0.8729911871435977,0.8871134020618556,0.9644902634593356,0.9706711787930062,1929,1940,5242.500357379517,53800.0,0.6594651534475243,0.6508953862403379,0.8786207825113068,0.8987132102397999
539,0.0,53630.5,4000,1248.924123457569,1252.352351692765,1214.0919940574408,1217.5310300206224,3.428228235196002,3.4390359631815954,0.9968573378989632,0.022106432206578264,0.02169277329027974,0.021899602748429003,34.82132167214263,1956,1938,2000,2000,244,213,5247.625300514002,0.978,0.969,0.8752556237218814,0.8900928792569659,655544,625583,993088,960134,79576,63380,2952894.1287854984,0.6601066572146678,0.651558011694201,0.8786107416130725,0.8986865052279234,1956,1938,1747,1776,1712,244,9,35,1725,213,11,51,0.8605,0.868,0.8752556237218814,0.8900928792569659,0.979965655409273,0.9712837837837838,1956,1938,5247.625300514002,53900.0,0.6601066572146678,0.651558011694201,0.8786107416130725,0.8986865052279234
540,0.0,53730.0,4000,1252.3642938062972,1255.7791566966625,1217.548094554892,1221.075346185643,3.4148628903653844,3.527251630750925,0.9681370222056956,0.0221289537210827,0.021718236972427748,0.021923595346755226,34.70381051101958,1950,1947,2000,2000,258,186,5252.816176690754,0.975,0.9735,0.8676923076923077,0.9044684129429892,657494,627530,995088,962134,79834,63566,2958146.944962189,0.6607395526827778,0.6522272365387773,0.8785783596504303,0.8987044444090322,1950,1947,1737,1809,1692,258,5,45,1761,186,5,48,0.8485,0.883,0.8676923076923077,0.9044684129429892,0.9740932642487047,0.9734660033167496,1950,1947,5252.816176690754,54000.0,0.6607395526827778,0.6522272365387773,0.8785783596504303,0.8987044444090322
541,0.0,53829.5,4000,1255.7961528937003,1259.1990182788377,1221.0897043125397,1224.6484271114698,3.4028653851373747,3.558722798930148,0.9562041151843497,0.022151263632544195,0.02174413821510028,0.021947700923822238,34.550591167367884,1957,1947,2000,2000,265,181,5258.024943800661,0.9785,0.9735,0.8645886561062851,0.9070364663585002,659451,629477,997088,964134,80099,63747,2963404.9699059897,0.6613769296190507,0.652893684902721,0.8785368435259027,0.8987302157187633,1957,1947,1730,1811,1692,265,5,38,1766,181,8,45,0.8485,0.887,0.8645886561062851,0.9070364663585002,0.9780346820809248,0.9751518498067366,1957,1947,5258.024943800661,54100.0,0.6613769296190507,0.652893684902721,0.8785368435259027,0.8987302157187633
542,0.0,53929.0,4000,1259.2149175504928,1262.6633261803054,1224.6682875602373,1228.147581940789,3.4484086298125476,3.4792943805516643,0.9911229843293055,0.022174311262400527,0.02176857993111152,0.021971445596756026,34.51574423951638,1944,1921,2000,2000,233,202,5263.245052480021,0.972,0.9605,0.8801440329218106,0.8948464341488808,661395,631398,999088,966134,80332,63949,2968668.21495847,0.6619987428534824,0.6535304626480385,0.8785415674445679,0.89871839948812,1944,1921,1761,1791,1711,233,6,50,1719,202,7,72,0.8585,0.863,0.8801440329218106,0.8948464341488808,0.9716070414537195,0.9597989949748744,1944,1921,5263.245052480021,54200.0,0.6619987428534824,0.6535304626480385,0.8785415674445679,0.89871839948812
543,0.0,54028.5,4000,1262.6791559759195,1266.2053807435796,1228.1667064488013,1231.6818780004683,3.5262247676600964,3.515171551666981,1.0031444314539566,0.02219870580083578,0.021793578790532665,0.021996142295684223,34.523502743111294,1950,1955,2000,2000,217,193,5268.425553119379,0.975,0.9775,0.8887179487179487,0.9012787723785166,663345,633353,1001088,968134,80549,64142,2973936.640511589,0.6626240650172612,0.6541997285499734,0.8785714824111134,0.8987263027095475,1950,1955,1773,1802,1733,217,10,40,1762,193,5,40,0.8715,0.8835,0.8887179487179487,0.9012787723785166,0.9774393683023125,0.9778024417314095,1950,1955,5268.425553119379,54300.0,0.6626240650172612,0.6541997285499734,0.8785714824111134,0.8987263027095475
544,0.0,54128.0,4000,1266.2201759875422,1269.7051329881594,1231.6983057074522,1235.264834038288,3.4849570006172144,3.5665283308358084,0.9771286465010421,0.022222233037315492,0.021819380227274695,0.022020806632295095,34.440298949871476,1935,1947,2000,2000,245,203,5273.6014051930815,0.9675,0.9735,0.8733850129198967,0.8957370313302516,665280,635300,1003088,970134,80794,64345,2979210.241916782,0.6632319397699903,0.6548579886902222,0.8785563973063973,0.898717141507949,1935,1947,1745,1794,1690,245,10,55,1744,203,3,50,0.85,0.8735,0.8733850129198967,0.8957370313302516,0.9684813753581661,0.9721293199554069,1935,1947,5273.6014051930815,54400.0,0.6632319397699903,0.6548579886902222,0.8785563973063973,0.898717141507949
545,0.0,54227.5,4000,1269.7235067694298,1273.1003066233375,1235.2787959897466,1238.853057172871,3.3767998539076416,3.574261183124463,0.9447546446384174,0.022243755061745703,0.021845183623822505,0.022044469342784104,34.24724945046637,1956,1951,2000,2000,253,187,5278.60756651675,0.978,0.9755,0.8706543967280164,0.9041517170681702,667236,637251,1005088,972134,81047,64532,2984488.849483299,0.6638582890254385,0.6555176549734913,0.8785332326193431,0.8987337799391448,1956,1951,1738,1809,1703,253,9,35,1764,187,4,45,0.856,0.884,0.8706543967280164,0.9041517170681702,0.979861910241657,0.9751243781094527,1956,1951,5278.60756651675,54500.0,0.6638582890254385,0.6555176549734913,0.8785332326193431,0.8987337799391448
546,0.0,54327.0,4000,1273.1119026728425,1276.5102962649792,1238.8767228224006,1242.4451648600352,3.3983935921366992,3.568442037634668,0.9523465860718632,0.022265469606351326,0.02187096364808591,0.02206821662721862,34.06513140494394,1959,1942,2000,2000,240,187,5283.675454215107,0.9795,0.971,0.877488514548239,0.903707518022657,669195,639193,1007088,974134,81287,64719,2989772.524937514,0.664485129402793,0.6561653735523039,0.8785301743139144,0.8987488911799723,1959,1942,1756,1807,1719,240,4,37,1755,187,6,52,0.8615,0.8805,0.877488514548239,0.903707518022657,0.9789293849658315,0.9712230215827338,1959,1942,5283.675454215107,54600.0,0.664485129402793,0.6561653735523039,0.8785301743139144,0.8987488911799723
547,0.0,54426.5,4000,1276.5256343186759,1280.0126491735143,1242.4647551518212,1245.9368642661757,3.487014854838435,3.4721091143544527,1.0042929931039202,0.02228879329826906,0.021894813795093806,0.022091803546681433,34.07578490733863,1944,1941,2000,2000,217,208,5288.734824973118,0.972,0.9705,0.8883744855967078,0.8928387429160227,671139,641134,1009088,976134,81504,64927,2995061.2597624874,0.6650946200925985,0.6568094134616763,0.8785586890346113,0.8987309985120115,1944,1941,1778,1781,1727,217,5,51,1733,208,11,48,0.866,0.872,0.8883744855967078,0.8928387429160227,0.9713160854893138,0.9730488489612578,1944,1941,5288.734824973118,54700.0,0.6650946200925985,0.6568094134616763,0.8785586890346113,0.8987309985120115
548,0.0,54526.0,4000,1280.0265962362362,1283.5059632409998,1245.949404178106,1249.425561730847,3.479367004763617,3.476157552740915,1.0009232757646935,0.022311866924868667,0.02191852211781574,0.022115194521342203,34.0804015101528,1955,1942,2000,2000,232,202,5293.766153525285,0.9775,0.971,0.8813299232736573,0.8959835221421215,673094,643076,1011088,978134,81736,65129,3000355.0259160125,0.6657125789248809,0.6574518419766617,0.8785667380781882,0.8987227015158394,1955,1942,1761,1788,1723,232,7,38,1740,202,10,48,0.865,0.875,0.8813299232736573,0.8959835221421215,0.9784213515048268,0.9731543624161074,1955,1942,5293.766153525285,54800.0,0.6657125789248809,0.6574518419766617,0.8785667380781882,0.8987227015158394
549,0.0,54625.5,4000,1283.5169467980602,1286.9604866161383,1249.4380054224987,1252.965514772376,3.4435398180780794,3.5275093498773913,0.9761958017766188,0.022334149924552668,0.02194307768848509,0.02213861380651888,33.99497184376219,1953,1939,2000,2000,243,185,5298.706777455479,0.9765,0.9695,0.8755760368663594,0.9045899948427024,675047,645015,1013088,980134,81979,65314,3005653.7326934678,0.6663261236931046,0.6580885878869623,0.8785580855851518,0.8987403393719526,1953,1939,1753,1809,1710,243,4,43,1754,185,6,55,0.857,0.88,0.8755760368663594,0.9045899948427024,0.975470621791215,0.9695964621337756,1953,1939,5298.706777455479,54900.0,0.6663261236931046,0.6580885878869623,0.8785580855851518,0.8987403393719526
550,0.0,54725.0,4000,1286.9808952208061,1290.4351533383817,1252.9867996987816,1256.546235814104,3.4542581175755913,3.5594361153223417,0.9704509381994554,0.022356718137821547,0.021968285202537446,0.022162501670179496,33.88891752427776,1935,1945,2000,2000,228,175,5303.708478139801,0.9675,0.9725,0.882170542635659,0.910025706940874,676982,646960,1015088,982134,82207,65489,3010957.4411716075,0.6669195183077723,0.6587288496274439,0.8785684109769536,0.8987742673426486,1935,1945,1760,1816,1707,228,12,53,1770,175,9,46,0.8595,0.8895,0.8821705426356589,0.910025706940874,0.9698863636363636,0.974669603524229,1935,1945,5303.708478139801,55000.0,0.6669195183077723,0.6587288496274439,0.8785684109769536,0.8987742673426486
551,0.0,54824.5,4000,1290.453838025646,1293.8670632117578,1256.5639993260577,1260.0407792530725,3.413225186111731,3.4767799270148316,0.9817202289942841,0.02237842844743305,0.02199183719743245,0.02218513282243275,33.82628395868528,1944,1954,2000,2000,251,201,5308.711132075447,0.972,0.977,0.8708847736625515,0.8971340839303992,678926,648914,1017088,984134,82458,65690,3016266.152303683,0.6675194280140951,0.6593756541284013,0.8785464100653091,0.898769328447221,1944,1954,1740,1797,1693,251,9,47,1753,201,2,44,0.851,0.8775,0.8708847736625515,0.8971340839303992,0.9729885057471265,0.9755147468002225,1944,1954,5308.711132075447,55100.0,0.6675194280140951,0.6593756541284013,0.8785464100653091,0.898769328447221
552,0.0,54924.0,4000,1293.8831519828775,1297.2227568810704,1260.0603799800715,1263.6319105731936,3.3396048981928743,3.5715305931221337,0.9350626604246679,0.022398679368168,0.022017053639468282,0.02220786650381814,33.590846307876745,1934,1946,2000,2000,254,189,5313.646930948611,0.967,0.973,0.8686659772492245,0.9028776978417266,680860,650860,1019088,986134,82712,65879,3021579.799234632,0.6681071703326896,0.6600117225448063,0.8785183444467292,0.8987816120210184,1934,1946,1742,1805,1680,254,4,62,1757,189,6,48,0.842,0.8815,0.8686659772492245,0.9028776978417267,0.9644087256027555,0.9734072022160665,1934,1946,5313.646930948611,55200.0,0.6681071703326896,0.6600117225448063,0.8785183444467292,0.8987816120210184
553,0.0,55023.5,4000,1297.2366267568812,1300.7301781861022,1263.6479250214177,1267.2075588851021,3.493551429221043,3.5596338636844393,0.9814356091120571,0.022421600767231563,0.02204189890073341,0.022231749833982486,33.52261930100008,1934,1938,2000,2000,229,179,5318.56474065891,0.967,0.969,0.8815925542916235,0.9076367389060888,682794,652798,1021088,988134,82941,66058,3026898.3639752907,0.6686926102353568,0.6606371200667116,0.8785270520830587,0.8988079007594999,1934,1938,1762,1811,1705,229,9,57,1759,179,10,52,0.857,0.8845,0.8815925542916235,0.9076367389060888,0.9676503972758229,0.9712865819988956,1934,1938,5318.56474065891,55300.0,0.6686926102353568,0.6606371200667116,0.8785270520830587,0.8988079007594999
554,0.0,55123.0,4000,1300.7425873084767,1304.1557392447196,1267.2224289385977,1270.7637979254073,3.4131519362429117,3.54136898680963,0.9637944955625121,0.022442961795785612,0.022066304120051675,0.022254632957918644,33.39194131931231,1945,1939,2000,2000,257,176,5323.507170980484,0.9725,0.9695,0.867866323907455,0.9092315626611656,684739,654737,1023088,990134,83198,66234,3032221.871146271,0.66928651298813,0.6612610010362234,0.8784967703022611,0.8988387703765023,1945,1939,1734,1817,1688,257,9,46,1763,176,7,54,0.8485,0.885,0.867866323907455,0.9092315626611656,0.9734717416378316,0.9702806824435883,1945,1939,5323.507170980484,55400.0,0.66928651298813,0.6612610010362234,0.8784967703022611,0.8988387703765023
555,0.0,55222.5,4000,1304.1713590158927,1307.58763108857,1270.7796754469025,1274.238334607136,3.4162720726774296,3.4586591602335375,0.9877446473929956,0.022464359915862583,0.022089149278064713,0.022276754596963648,33.34929648143407,1953,1949,2000,2000,224,213,5328.294232488038,0.9765,0.9745,0.8853046594982079,0.8907131862493587,686692,656686,1025088,992134,83422,66447,3037550.165378759,0.6698859024786165,0.6618924459800793,0.8785161324145323,0.8988146541878462,1953,1949,1770,1781,1729,224,6,41,1736,213,6,45,0.8675,0.871,0.8853046594982079,0.8907131862493587,0.9768361581920904,0.9747332959011791,1953,1949,5328.294232488038,55500.0,0.6698859024786165,0.6618924459800793,0.8785161324145323,0.8988146541878462
556,0.0,55322.0,4000,1307.6030465709039,1311.0720333987836,1274.2556480360913,1277.7530063038812,3.4689868278796894,3.4973582677898776,0.991887751343211,0.022486625497132855,0.02211263411203843,0.022299629804585643,33.31902709490237,1947,1938,2000,2000,234,191,5333.122525054018,0.9735,0.969,0.8798151001540833,0.9014447884416925,688639,658624,1027088,994134,83656,66638,3042883.287903813,0.6704771158849095,0.6625102853337679,0.8785198050066871,0.8988223933534156,1947,1938,1758,1800,1713,234,8,45,1747,191,9,53,0.8605,0.878,0.8798151001540832,0.9014447884416925,0.9744027303754266,0.9705555555555555,1947,1938,5333.122525054018,55600.0,0.6704771158849095,0.6625102853337679,0.8785198050066871,0.8988223933534156
557,0.0,55421.5,4000,1311.0842501915856,1314.5180170889478,1277.7750927012703,1281.2438267233854,3.4337668973621476,3.468734022115086,0.989919341024707,0.022508121388343825,0.02213560641021258,0.022321863899278205,33.27419036556239,1951,1949,2000,2000,245,205,5337.986368813475,0.9755,0.9745,0.8744233726294208,0.8948178553104156,690590,660573,1029088,996134,83901,66843,3048221.2742726267,0.6710699182188501,0.6631366864297373,0.8785082320914002,0.8988105780890228,1951,1949,1747,1790,1706,245,8,41,1744,205,5,46,0.857,0.8745,0.8744233726294208,0.8948178553104156,0.976531196336577,0.9743016759776536,1951,1949,5337.986368813475,55700.0,0.6710699182188501,0.6631366864297373,0.8785082320914002,0.8988105780890228
558,0.0,55521.0,4000,1314.5359668694098,1317.9201628613698,1281.2604357015248,1284.7564756289407,3.3841959919600413,3.49603992741595,0.9680083929880696,0.02252875460758375,0.022158887561906742,0.022343821084745245,33.16368723242908,1939,1949,2000,2000,248,193,5342.785623953218,0.9695,0.9745,0.8720990201134605,0.900974858902001,692529,662522,1031088,998134,84149,67036,3053564.05989658,0.6716487826451283,0.6637605772371244,0.878490287049351,0.8988169449467338,1939,1949,1740,1803,1691,248,12,49,1756,193,4,47,0.8515,0.88,0.8720990201134605,0.900974858902001,0.9718390804597701,0.9739323349972269,1939,1949,5342.785623953218,55800.0,0.6716487826451283,0.6637605772371244,0.878490287049351,0.8988169449467338
559,0.0,55620.5,4000,1317.9380517246536,1321.3786232378088,1284.7755937266686,1288.2977258583305,3.4405715131551915,3.5221321316619196,0.9768433961424827,0.02255032142181775,0.022182597069477387,0.02236645924564757,33.0808973794783,1929,1929,2000,2000,252,212,5347.583195119806,0.9645,0.9645,0.869362363919129,0.8900984966303784,694458,664451,1033088,1000134,84401,67248,3058911.6430916996,0.6722157260562508,0.6643619754952836,0.8784649323645203,0.8987916339955844,1929,1929,1743,1780,1677,252,5,66,1717,212,8,63,0.841,0.8625,0.8693623639191291,0.8900984966303784,0.9621342512908778,0.9646067415730337,1929,1929,5347.583195119806,55900.0,0.6722157260562508,0.6643619754952836,0.8784649323645203,0.8987916339955844
560,0.0,55720.0,4000,1321.394001317202,1324.8830012333958,1288.3178124160638,1291.7669603779539,3.488999916193734,3.4491479618900485,1.0115541446015113,0.022572631169199983,0.022204935905418024,0.022388783537309005,33.11604085544195,1930,1930,2000,2000,220,205,5352.342660385813,0.965,0.965,0.8860103626943006,0.8937823834196891,696388,666381,1035088,1002134,84621,67453,3064263.985752085,0.6727814446694388,0.6649619711535583,0.8784858440984049,0.8987771259984904,1930,1930,1767,1785,1710,220,13,57,1725,205,10,60,0.8615,0.8675,0.8860103626943006,0.8937823834196891,0.967741935483871,0.9663865546218487,1930,1930,5352.342660385813,56000.0,0.6727814446694388,0.6649619711535583,0.8784858440984049,0.8987771259984904
561,0.0,55819.5,4000,1324.8978437987196,1328.2950015586662,1291.7842694117903,1295.3053393506357,3.3971577599465945,3.5210699388453577,0.9648083732925234,0.02259321472015097,0.022228427623459734,0.022410821171805352,32.989662208030495,1937,1919,2000,2000,267,198,5357.0025125149905,0.9685,0.9595,0.862157976251936,0.8968212610734758,698325,668300,1037088,1004134,84888,67651,3069620.9882646003,0.6733517310006479,0.6655486219966658,0.8784405541832241,0.8987715098009876,1937,1919,1726,1795,1670,267,7,56,1721,198,7,74,0.8385,0.864,0.862157976251936,0.8968212610734758,0.9675550405561993,0.9587743732590529,1937,1919,5357.0025125149905,56100.0,0.6733517310006479,0.6655486219966658,0.8784405541832241,0.8987715098009876
562,0.0,55919.0,4000,1328.3125001915823,1331.59385989197,1295.3235503115038,1298.8499840109014,3.281359700387611,3.5264336993975576,0.9305037270226252,0.022611711817326925,0.022251947230184286,0.022431829523755605,32.74387588106856,1938,1931,2000,2000,255,195,5361.72268120038,0.969,0.9655,0.868421052631579,0.8990160538581046,700263,670231,1039088,1006134,85143,67846,3074982.710945801,0.6739207843801488,0.6661448673834698,0.8784128248957892,0.8987722143559459,1938,1931,1739,1794,1683,255,6,56,1736,195,11,58,0.8445,0.8735,0.868421052631579,0.8990160538581046,0.9677975848188615,0.967670011148272,1938,1931,5361.72268120038,56200.0,0.6739207843801488,0.6661448673834698,0.8784128248957892,0.8987722143559459
563,0.0,56018.5,4000,1331.6094256329657,1334.9798724637355,1298.8684469166858,1302.3848222907745,3.370446830769879,3.5163753740887387,0.9585002942535176,0.02263169123810904,0.022275209105084015,0.02245345017159653,32.59505017296101,1937,1938,2000,2000,267,189,5366.406204660756,0.9685,0.969,0.862157976251936,0.9024767801857585,702200,672169,1041088,1008134,85410,68035,3080349.1171504618,0.674486690846499,0.6667456905530416,0.8783679863286813,0.8987828953730386,1937,1938,1725,1806,1670,267,8,55,1749,189,5,57,0.839,0.877,0.862157976251936,0.9024767801857585,0.9681159420289855,0.96843853820598,1937,1938,5366.406204660756,56300.0,0.674486690846499,0.6667456905530416,0.8783679863286813,0.8987828953730386
564,0.0,56118.0,4000,1334.9939345242058,1338.3566734094215,1302.4007053328735,1305.9707524346397,3.3627388852157765,3.5700471017662494,0.9419312377005029,0.022651436483177745,0.022299294375178993,0.02247536542917837,32.38592097478181,1930,1929,2000,2000,237,189,5371.01739560818,0.965,0.9645,0.8772020725388601,0.9020217729393468,704130,674098,1043088,1010134,85647,68224,3085720.13454607,0.6750437163499149,0.667335224831557,0.8783647905926463,0.8987921637506713,1930,1929,1752,1802,1693,237,11,59,1740,189,9,62,0.852,0.8745,0.8772020725388601,0.9020217729393468,0.966324200913242,0.9655937846836848,1930,1929,5371.01739560818,56400.0,0.6750437163499149,0.667335224831557,0.8783647905926463,0.8987921637506713
565,0.0,56217.5,4000,1338.371823289921,1341.7611610542285,1305.9876851852866,1309.4639903801756,3.3893377643075837,3.476305194888937,0.974982797623978,0.02267160186364658,0.02232165381779878,0.02249662784072268,32.29717067405295,1938,1931,2000,2000,226,184,5375.564517394615,0.969,0.9655,0.8833849329205367,0.9047125841532885,706068,676029,1045088,1012134,85873,68408,3091095.6990634645,0.6756062647356013,0.6679244052664963,0.8783785697694839,0.8988090747586273,1938,1931,1764,1806,1712,226,10,52,1747,184,10,59,0.861,0.8785,0.8833849329205367,0.9047125841532885,0.9705215419501134,0.9673311184939092,1938,1931,5375.564517394615,56500.0,0.6756062647356013,0.6679244052664963,0.8783785697694839,0.8988090747586273
566,0.0,56317.0,4000,1341.7794093704283,1345.1001439403024,1309.484653351864,1312.9150422059215,3.3207345698740482,3.4303888540575826,0.9680344448257429,0.02269053866046123,0.022343188913981925,0.022516863787221578,32.18510173438085,1933,1930,2000,2000,281,214,5380.147855422213,0.9665,0.965,0.8546301086394206,0.8891191709844559,708001,677959,1047088,1014134,86154,68622,3096475.8469188865,0.6761618889720826,0.6685102757623747,0.8783137311952949,0.8987814897361049,1933,1930,1711,1778,1652,281,8,59,1716,214,8,62,0.83,0.862,0.8546301086394206,0.8891191709844559,0.9655172413793104,0.9651293588301463,1933,1930,5380.147855422213,56600.0,0.6761618889720826,0.6685102757623747,0.8783137311952949,0.8987814897361049
567,0.0,56416.5,4000,1345.1146604133705,1348.5327726586204,1312.9354255856808,1316.450514638131,3.4181122452498585,3.5150890524500937,0.9724112801259928,0.02271106026279407,0.0223661369482114,0.022538598605502735,32.08225802048946,1923,1926,2000,2000,229,180,5384.718753771258,0.9615,0.963,0.8809152366094644,0.9065420560747663,709924,679885,1049088,1016134,86383,68802,3101860.565672658,0.6767058626159101,0.6690899034969797,0.8783207779987717,0.8988034741169463,1923,1926,1760,1815,1694,229,11,66,1746,180,5,69,0.8525,0.8755,0.8809152366094644,0.9065420560747663,0.9625,0.9619834710743802,1923,1926,5384.718753771258,56700.0,0.6767058626159101,0.6690899034969797,0.8783207779987717,0.8988034741169463
568,0.0,56516.0,4000,1348.550162388545,1351.8785975295725,1316.4681968341033,1320.0173800061611,3.328435141027512,3.5491831720578375,0.9378031450255259,0.022729981369214364,0.022389556872035504,0.022559769120624934,31.86121752341137,1928,1927,2000,2000,260,173,5389.220267449582,0.964,0.9635,0.8651452282157677,0.9102231447846394,711852,681812,1051088,1018134,86643,68975,3107249.7859401074,0.6772525230998736,0.6696682362046646,0.8782850929687631,0.8988357494441283,1928,1927,1731,1818,1668,260,9,63,1754,173,9,64,0.8385,0.8815,0.8651452282157677,0.9102231447846393,0.9636048526863085,0.9647964796479648,1928,1927,5389.220267449582,56800.0,0.6772525230998736,0.6696682362046646,0.8782850929687631,0.8988357494441283
569,0.0,56615.5,4000,1351.8977782326883,1355.2524565731135,1320.03365266001,1323.5224396186302,3.354678340425153,3.488786958620267,0.9615601010363353,0.022749328661070593,0.02241180825912277,0.022580568460096682,31.73001695448329,1929,1917,2000,2000,239,181,5393.721038681373,0.9645,0.9585,0.8761016070502852,0.9055816379760042,713781,683729,1053088,1020134,86882,69156,3112643.506978789,0.6777980567625878,0.6702344986050852,0.8782791920771217,0.898854663177955,1929,1917,1754,1810,1690,239,7,64,1736,181,9,74,0.8485,0.8725,0.8761016070502852,0.9055816379760042,0.9635119726339795,0.9591160220994475,1929,1917,5393.721038681373,56900.0,0.6777980567625878,0.6702344986050852,0.8782791920771217,0.898854663177955
570,0.0,56715.0,4000,1355.2704322889304,1358.648788178587,1323.543090257848,1327.0352854989487,3.378355889656632,3.492195241100717,0.9674017792292152,0.02276900232316474,0.022434118172357968,0.022601560247761353,31.61350267963826,1932,1926,2000,2000,261,191,5398.178802905787,0.966,0.963,0.8649068322981366,0.9008307372793354,715713,685655,1055088,1022134,87143,69347,3118041.6857816945,0.6783443655884628,0.6708073501126075,0.8782430946482738,0.8988602139559982,1932,1926,1725,1801,1671,261,14,54,1735,191,8,66,0.8425,0.8715,0.8649068322981367,0.9008307372793354,0.9686956521739131,0.963353692393115,1932,1926,5398.178802905787,57000.0,0.6783443655884628,0.6708073501126075,0.8782430946482738,0.8988602139559982
571,0.0,56814.5,4000,1358.6581217439866,1361.9696187010707,1327.0541772127033,1330.5614542093076,3.311496957084046,3.5072769966043325,0.9441789058264185,0.02278728481511163,0.02245658326680846,0.022621934040960044,31.408164491763046,1924,1937,2000,2000,272,190,5402.636460572511,0.962,0.9685,0.8586278586278586,0.9019101703665462,717637,687592,1057088,1024134,87415,69537,3123444.322242267,0.6788810392323061,0.6713887049936824,0.8781905057849582,0.8988688059197897,1924,1937,1720,1803,1652,272,8,68,1747,190,7,56,0.83,0.877,0.8586278586278586,0.9019101703665462,0.9604651162790697,0.968940654464781,1924,1937,5402.636460572511,57100.0,0.6788810392323061,0.6713887049936824,0.8781905057849582,0.8988688059197897
572,0.0,56914.0,4000,1361.988906666187,1365.381055717123,1330.5791553241534,1334.0202023350912,3.392149050936041,3.4410470109378366,0.985789801811377,0.02280708741186934,0.022477791130429137,0.02264243927114924,31.36085338203179,1922,1909,2000,2000,256,197,5407.0997171814315,0.961,0.9545,0.8668054110301768,0.8968046097433211,719559,689501,1059088,1026134,87671,69734,3128851.4219594486,0.679413797531461,0.6719405067954087,0.8781600952805816,0.8988630908439582,1922,1909,1736,1793,1666,256,8,70,1712,197,10,81,0.837,0.861,0.8668054110301769,0.8968046097433211,0.9596774193548387,0.954824316787507,1922,1909,5407.0997171814315,57200.0,0.679413797531461,0.6719405067954087,0.8781600952805816,0.8988630908439582
573,0.0,57013.5,4000,1365.400248020235,1368.8003155863532,1334.0362020298785,1337.5692025582846,3.400067566118196,3.5330005284060917,0.9623739195001286,0.022826957414103954,0.02250050005032705,0.022663728732215505,31.23111302806865,1916,1928,2000,2000,234,190,5411.426884349141,0.958,0.964,0.8778705636743215,0.9014522821576764,721475,691429,1061088,1028134,87905,69924,3134262.8488437976,0.6799388929099188,0.6725086418696395,0.8781593263799854,0.898870310617576,1916,1928,1749,1802,1682,234,17,67,1738,190,8,64,0.8495,0.873,0.8778705636743215,0.9014522821576764,0.9616923956546598,0.9644839067702553,1916,1928,5411.426884349141,57300.0,0.6799388929099188,0.6725086418696395,0.8781593263799854,0.898870310617576
574,0.0,57113.0,4000,1368.815232578902,1372.1550150830528,1337.584171122117,1341.0419123149752,3.3397825041508895,3.4577411928582933,0.965885622396772,0.022845633437715264,0.022521800742864646,0.022683717090289955,31.113102768077624,1932,1917,2000,2000,254,193,5415.772716752406,0.966,0.9585,0.8685300207039337,0.8993218570683359,723407,693346,1063088,1030134,88159,70117,3139678.62156055,0.6804770630465211,0.673063892658625,0.8781336094342466,0.8988715590772861,1932,1917,1735,1796,1678,254,11,57,1724,193,11,72,0.8445,0.8675,0.8685300207039337,0.8993218570683359,0.9671469740634006,0.9599109131403119,1932,1917,5415.772716752406,57400.0,0.6804770630465211,0.673063892658625,0.8781336094342466,0.8988715590772861
575,0.0,57212.5,4000,1372.1711630844368,1375.5476652230398,1341.061161202409,1344.6027687423934,3.376502138602973,3.5416075399843976,0.9533812260343922,0.022864904512432054,0.022544560331614765,0.022704732422023408,30.94489648064632,1924,1933,2000,2000,228,181,5420.094712922441,0.962,0.9665,0.8814968814968815,0.9063631660631143,725331,695279,1065088,1032134,88387,70298,3145098.716273472,0.6810057009373873,0.6736324934553072,0.8781425307893913,0.8988923870848968,1924,1933,1763,1810,1696,228,9,67,1752,181,9,58,0.8525,0.8805,0.8814968814968815,0.9063631660631143,0.9619965967101531,0.9679558011049724,1924,1933,5420.094712922441,57500.0,0.6810057009373873,0.6736324934553072,0.8781425307893913,0.8988923870848968
576,0.0,57312.0,4000,1375.557074655015,1378.9428193940103,1344.6227687615703,1348.1300691936437,3.3857447389952995,3.507300432073407,0.965342092748454,0.022884152146455096,0.022566658324984362,0.02272540523571973,30.81275020036651,1930,1917,2000,2000,230,193,5424.41864820691,0.965,0.9585,0.8808290155440415,0.8993218570683359,727261,697196,1067088,1034134,88617,70491,3150523.1349216793,0.6815379799979008,0.6741834230380203,0.8781496601632701,0.8988935679493284,1930,1917,1761,1796,1700,230,9,61,1724,193,11,72,0.8545,0.8675,0.8808290155440415,0.8993218570683359,0.9653605905735377,0.9599109131403119,1930,1917,5424.41864820691,57600.0,0.6815379799979008,0.6741834230380203,0.8781496601632701,0.8988935679493284
577,0.0,57411.5,4000,1378.9591716940204,1382.4001760786673,1348.1496630615827,1351.6075269440146,3.4410043846469307,3.457863882431866,0.99512430264517,0.0229044110974085,0.022587815897217853,0.022746113497313175,30.79264913465272,1926,1927,2000,2000,236,194,5428.694681057498,0.963,0.9635,0.877466251298027,0.8993253762324858,729187,699123,1069088,1036134,88853,70685,3155951.829602737,0.6820645260259212,0.6747418770159072,0.8781478550769556,0.8988947581469927,1926,1927,1748,1801,1690,236,16,58,1733,194,5,68,0.853,0.869,0.877466251298027,0.8993253762324858,0.9668192219679634,0.9622431982232094,1926,1927,5428.694681057498,57700.0,0.6820645260259212,0.6747418770159072,0.8781478550769556,0.8988947581469927
578,0.0,57511.0,4000,1382.411993505051,1385.8025646573578,1351.631010936231,1355.07642531459,3.3905711523068476,3.445414378359146,0.9840822554184564,0.02292364894289206,0.02260875217370321,0.022766200558297638,30.726139342767738,1944,1924,2000,2000,254,202,5432.923595039517,0.972,0.962,0.8693415637860082,0.895010395010395,731131,701047,1071088,1038134,89107,70887,3161384.7531977766,0.6826059109989095,0.6752952894327707,0.8781244400798215,0.8988840976425261,1944,1924,1740,1788,1690,254,6,50,1722,202,10,66,0.848,0.866,0.8693415637860082,0.895010395010395,0.9712643678160919,0.9630872483221476,1944,1924,5432.923595039517,57800.0,0.6826059109989095,0.6752952894327707,0.8781244400798215,0.8988840976425261
579,0.0,57610.5,4000,1385.8128388282685,1389.0950788660107,1355.096297815071,1358.5954457947623,3.2822400377422127,3.4991479796913154,0.9380112120984841,0.02294092267889143,0.022630481798276647,0.02278570223858404,30.499633071248354,1899,1918,2000,2000,261,203,5437.202187710624,0.9495,0.959,0.8625592417061612,0.8941605839416058,733030,702965,1073088,1040134,89368,71090,3166821.955385487,0.6831033428758871,0.6758408051270317,0.8780841166118712,0.8988712098041866,1899,1918,1720,1787,1638,261,19,82,1715,203,10,72,0.8285,0.8625,0.8625592417061612,0.8941605839416058,0.9523255813953488,0.9597090095131505,1899,1918,5437.202187710624,57900.0,0.6831033428758871,0.6758408051270317,0.8780841166118712,0.8988712098041866
580,0.0,57710.0,4000,1389.1118266254578,1392.4307992118106,1358.614691165598,1362.1111292697203,3.3189725863528565,3.4964381041222623,0.9492439126663859,0.022958881783682997,0.022652078958537512,0.022805480371110257,30.319669942090286,1921,1921,2000,2000,244,194,5441.407665699245,0.9605,0.9605,0.8729828214471629,0.8990109318063508,734951,704886,1075088,1042134,89612,71284,3172263.3630511863,0.6836193874361912,0.6763871056889037,0.8780707829501558,0.8988715905834419,1921,1921,1746,1789,1677,244,10,69,1727,194,17,62,0.8435,0.872,0.8729828214471629,0.8990109318063508,0.9604810996563574,0.9653437674678591,1921,1921,5441.407665699245,58000.0,0.6836193874361912,0.6763871056889037,0.8780707829501558,0.8988715905834419
581,0.0,57809.5,4000,1392.4482777939013,1395.7861496961652,1362.1282604033565,1365.6170309225777,3.3378719022639416,3.4887705192211342,0.9567473365972834,0.022977116935249026,0.02267343341218646,0.02282527517371774,30.16911877358757,1901,1922,2000,2000,254,201,5445.622895730071,0.9505,0.961,0.8663861125723303,0.8954214360041624,736852,706808,1077088,1044134,89866,71485,3177708.9859469165,0.6841149469681215,0.6769322711452744,0.8780406377400075,0.8988622086903374,1901,1922,1735,1788,1647,254,11,88,1721,201,11,67,0.829,0.866,0.8663861125723303,0.8954214360041624,0.9492795389048991,0.9625279642058165,1901,1922,5445.622895730071,58100.0,0.6841149469681215,0.6769322711452744,0.8780406377400075,0.8988622086903374
582,0.0,57909.0,4000,1395.8024639584914,1399.1233599429559,1365.6362109659258,1369.0965458103888,3.320895984464414,3.4603348444629773,0.9597036511591689,0.02299497773513332,0.02269426110199045,0.022844619418561883,30.026814132567097,1909,1917,2000,2000,262,187,5449.756151025798,0.9545,0.9585,0.8627553693033001,0.9024517475221701,738761,708725,1079088,1046134,90128,71672,3183158.742097942,0.6846160832110079,0.6774705726035097,0.8780011397461425,0.8988719178807012,1909,1917,1729,1801,1647,262,9,82,1730,187,12,71,0.828,0.871,0.8627553693033002,0.9024517475221701,0.9525737420474263,0.960577456968351,1909,1917,5449.756151025798,58200.0,0.6846160832110079,0.6774705726035097,0.8780011397461425,0.8988719178807012
583,0.0,58008.5,4000,1399.1389626404243,1402.5608004647136,1369.113442146737,1372.4831924578923,3.4218378242892413,3.369750311155258,1.0154573806140925,0.02301449647867096,0.022713424404517114,0.022863960441594035,30.077608006821265,1924,1896,2000,2000,230,206,5453.879595625298,0.962,0.948,0.8804573804573804,0.8913502109704641,740685,710621,1081088,1048134,90358,71878,3188612.6216935674,0.6851292401728629,0.6779867841325632,0.878007520065885,0.8988518492980083,1924,1896,1760,1782,1694,230,10,66,1690,206,12,92,0.852,0.851,0.8804573804573804,0.8913502109704642,0.9625,0.9483726150392817,1924,1896,5453.879595625298,58300.0,0.6851292401728629,0.6779867841325632,0.878007520065885,0.8988518492980083
584,0.0,58108.0,4000,1402.5765505902523,1405.9234175364481,1372.5007312996775,1375.934875636261,3.34686694619586,3.4341443365835858,0.974585404154983,0.023032667153737182,0.022733635718522542,0.022883151436129862,29.9885419001871,1913,1910,2000,2000,246,202,5457.991160458822,0.9565,0.955,0.8714061683220073,0.8942408376963351,742598,712531,1083088,1050134,90604,72080,3194070.6128540263,0.6856303458260086,0.6785143610244025,0.8779905143832868,0.8988394890888958,1913,1910,1739,1789,1667,246,15,72,1708,202,9,81,0.841,0.8585,0.8714061683220073,0.8942408376963351,0.9585968947671075,0.9547233091112354,1913,1910,5457.991160458822,58400.0,0.6856303458260086,0.6785143610244025,0.8779905143832868,0.8988394890888958
585,0.0,58207.5,4000,1405.9435117225719,1409.1953176118998,1375.9596640645889,1379.367644399325,3.2518058893278976,3.4079803347360667,0.9541739006483252,0.023049224988952188,0.022753454610680006,0.022901339799816095,29.827673212574837,1910,1896,2000,2000,252,184,5461.999735344432,0.955,0.948,0.868062827225131,0.9029535864978903,744508,714427,1085088,1052134,90856,72264,3199532.6125893705,0.6861268394821434,0.6790266258860563,0.8779650453722458,0.8988504073894183,1910,1896,1733,1804,1658,252,15,75,1712,184,12,92,0.8365,0.862,0.8680628272251308,0.9029535864978903,0.9567224466243508,0.9490022172949002,1910,1896,5461.999735344432,58500.0,0.6861268394821434,0.6790266258860563,0.8779650453722458,0.8988504073894183
586,0.0,58307.0,4000,1409.207965585739,1412.5928370090476,1379.3788070495973,1382.7917580176427,3.3848714233085957,3.4129509680453793,0.9917726492411741,0.023067869987215883,0.022773058162851505,0.022920464075033696,29.801078991404893,1897,1883,2000,2000,223,205,5465.961527236843,0.9485,0.9415,0.882445967316816,0.8911311736590547,746405,716310,1087088,1054134,91079,72469,3204998.574116607,0.6866095477091091,0.6795246145176989,0.877976433705562,0.8988301154528068,1897,1883,1761,1788,1674,223,16,87,1678,205,7,110,0.845,0.8425,0.882445967316816,0.8911311736590547,0.9505962521294719,0.9384787472035794,1897,1883,5465.961527236843,58600.0,0.6866095477091091,0.6795246145176989,0.877976433705562,0.8988301154528068
587,0.0,58406.5,4000,1412.6093051589542,1415.9335300653158,1382.8103321377055,1386.250820108785,3.3242249063616782,3.4404879710796195,0.9662073910168452,0.023085483378315487,0.022793190297005803,0.022939336837660647,29.682709956530744,1875,1900,2000,2000,242,201,5469.949582913893,0.9375,0.95,0.8709333333333333,0.8942105263157895,748280,718210,1089088,1056134,91321,72670,3210468.523699521,0.687070282658518,0.6800368135104068,0.8779587854813706,0.8988178944876847,1875,1900,1739,1789,1633,242,19,106,1699,201,10,90,0.826,0.8545,0.8709333333333333,0.8942105263157895,0.9390454284071306,0.9496925656791504,1875,1900,5469.949582913893,58700.0,0.687070282658518,0.6800368135104068,0.8779587854813706,0.8988178944876847
588,0.0,58506.0,4000,1415.951464726328,1419.2520907792248,1386.2729298284746,1389.8077829108252,3.3006260528968596,3.534853082350537,0.933737831814519,0.023102660459541294,0.022814918932589807,0.022958789696065553,29.44430786839962,1894,1886,2000,2000,244,143,5473.866433664523,0.947,0.943,0.8711721224920803,0.9241781548250265,750174,720096,1091088,1058134,91565,72813,3215942.390133186,0.6875467423342572,0.6805338454297849,0.8779416508703314,0.89888431542461,1894,1886,1739,1844,1650,244,17,89,1743,143,13,101,0.8335,0.878,0.8711721224920802,0.9241781548250265,0.948821161587119,0.9452277657266811,1894,1886,5473.866433664523,58800.0,0.6875467423342572,0.6805338454297849,0.8779416508703314,0.89888431542461
589,0.0,58605.5,4000,1419.2691623872759,1422.6478362575951,1389.8246520377938,1393.2461633161408,3.3786738703192896,3.4215112783469976,0.9874799746244286,0.023121089651942248,0.02283456050325291,0.022977825077597578,29.401672941454308,1906,1894,2000,2000,235,204,5477.7276960541485,0.953,0.947,0.8767051416579223,0.8922914466737064,752080,721990,1093088,1060134,91800,73017,3221420.11782924,0.6880324365467373,0.6810365482099433,0.8779385171790235,0.898867020318841,1906,1894,1749,1789,1671,235,16,78,1690,204,7,99,0.8435,0.8485,0.8767051416579223,0.8922914466737064,0.9554030874785592,0.9446618222470654,1906,1894,5477.7276960541485,58900.0,0.6880324365467373,0.6810365482099433,0.8779385171790235,0.898867020318841
590,0.0,58705.0,4000,1422.6646567687533,1425.996453169792,1393.2652837803698,1396.711486657642,3.331796401038673,3.4462028772720714,0.9668021644959105,0.023138657583247377,0.02285459215225589,0.022996624867751635,29.28496651215005,1889,1887,2000,2000,231,186,5481.664350723548,0.9445,0.9435,0.8777130757014293,0.9014308426073132,753969,723877,1095088,1062134,92031,73203,3226901.7821799633,0.6885008328097834,0.6815307673043137,0.8779379523561314,0.8988737036817028,1889,1887,1749,1804,1658,231,20,91,1701,186,10,103,0.839,0.8555,0.8777130757014293,0.9014308426073132,0.9479702687249857,0.9429046563192904,1889,1887,5481.664350723548,59000.0,0.6885008328097834,0.6815307673043137,0.8779379523561314,0.8988737036817028
591,0.0,58804.5,4000,1426.0134432779328,1429.4043736991355,1396.7357836806539,1400.2302033932933,3.390930421202711,3.4944197126394556,0.970384412879077,0.023157169508306916,0.022875459453785937,0.023016314481046428,29.174170305842154,1880,1902,2000,2000,223,186,5485.55348946434,0.94,0.951,0.8813829787234042,0.9022082018927444,755849,725779,1097088,1064134,92254,73389,3232387.3356694276,0.6889593177575546,0.6820372246352433,0.8779465210643925,0.8988824421759241,1880,1902,1765,1800,1657,223,12,108,1716,186,14,84,0.8345,0.865,0.8813829787234042,0.9022082018927445,0.9388101983002833,0.9533333333333334,1880,1902,5485.55348946434,59100.0,0.6889593177575546,0.6820372246352433,0.8779465210643925,0.8988824421759241
592,0.0,58904.0,4000,1429.4233287977079,1432.775729947425,1400.243272405512,1403.7046924872482,3.352401149717025,3.4614200817361507,0.968504564761049,0.023175001253196423,0.022895509169133507,0.023035255211164965,29.07103746017674,1888,1895,2000,2000,231,190,5489.493919316369,0.944,0.9475,0.8776483050847458,0.899736147757256,757737,727674,1099088,1066134,92485,73579,3237876.829588744,0.6894234128659398,0.6825352160235018,0.8779457780206061,0.8988846653858733,1888,1895,1756,1800,1657,231,13,99,1705,190,10,95,0.835,0.8575,0.8776483050847458,0.899736147757256,0.943621867881549,0.9472222222222222,1888,1895,5489.493919316369,59200.0,0.6894234128659398,0.6825352160235018,0.8779457780206061,0.8988846653858733
593,0.0,59003.5,4000,1432.7888078718324,1436.225127335557,1403.7182733182517,1407.0916280349984,3.436319463724658,3.3733547167466895,1.0186653205088056,0.02319408889675144,0.022914014812149306,0.02305405185445037,29.133499300558697,1888,1891,2000,2000,212,194,5493.467581554687,0.944,0.9455,0.8877118644067796,0.8974087784241143,759625,729565,1101088,1068134,92697,73773,3243370.2971702986,0.6898858220233078,0.6830275976609677,0.8779700510120125,0.8988808399525745,1888,1891,1778,1791,1676,212,10,102,1697,194,15,94,0.843,0.856,0.8877118644067796,0.8974087784241143,0.9426321709786277,0.9475153545505304,1888,1891,5493.467581554687,59300.0,0.6898858220233078,0.6830275976609677,0.8779700510120125,0.8988808399525745
594,0.0,59103.0,4000,1436.2399930741942,1439.5181626078343,1407.102250936194,1410.5911866859867,3.278169533640039,3.488935749792745,0.9395901124962744,0.02321047991329356,0.022934354158441788,0.023072417035867675,28.926975921847543,1911,1899,2000,2000,243,185,5497.324237014434,0.9555,0.9495,0.8728414442700156,0.9025803054239073,761536,731464,1103088,1070134,92940,73958,3248867.6214073133,0.6903674049577186,0.683525614549206,0.8779571812757374,0.8988904443691008,1911,1899,1746,1809,1668,243,11,78,1714,185,6,95,0.8395,0.86,0.8728414442700158,0.9025803054239073,0.9553264604810997,0.9474847982310669,1911,1899,5497.324237014434,59400.0,0.6903674049577186,0.683525614549206,0.8779571812757374,0.8988904443691008
595,0.0,59202.5,4000,1439.5275792190669,1442.811895545288,1410.608791476566,1414.0632154884381,3.2843163262211874,3.4544240118721063,0.9507565703960209,0.023226827559446914,0.022954162450653674,0.023090495005050296,28.748680056849935,1893,1900,2000,2000,266,185,5501.137008588921,0.9465,0.95,0.8594823032223983,0.9026315789473685,763429,733364,1105088,1072134,93206,74143,3254368.758415902,0.6908309564487172,0.6840227061169593,0.8779113709329879,0.8989001369033659,1893,1900,1722,1803,1627,266,12,95,1715,185,12,88,0.8195,0.8635,0.8594823032223983,0.9026315789473685,0.9448315911730546,0.9511924570160843,1893,1900,5501.137008588921,59500.0,0.6908309564487172,0.6840227061169593,0.8779113709329879,0.8989001369033659
596,0.0,59302.0,4000,1442.823582925722,1446.1348568852397,1414.0842428432447,1417.4367014583938,3.311273959517848,3.3524586151490894,0.9877150890259656,0.02324361075716515,0.02297225086885653,0.02310793081301084,28.698155426845915,1884,1907,2000,2000,249,222,5504.980536243834,0.942,0.9535,0.8678343949044586,0.8835867855270058,765313,735271,1107088,1074134,93455,74365,3259873.738952146,0.691284703654994,0.6845244634282128,0.877886564059411,0.8988604201716102,1884,1907,1731,1765,1635,249,20,96,1685,222,13,80,0.8275,0.849,0.8678343949044586,0.8835867855270058,0.9445407279029463,0.9546742209631728,1884,1907,5504.980536243834,59600.0,0.691284703654994,0.6845244634282128,0.877886564059411,0.8988604201716102
597,0.0,59401.5,4000,1446.1533937734132,1449.508733959515,1417.4593444655504,1420.8943364612844,3.3553401861017846,3.4349919957339807,0.9768116462189379,0.023261190589636823,0.022991688220883415,0.02312643940526012,28.614397498230574,1879,1909,2000,2000,229,199,5508.819230218476,0.9395,0.9545,0.8781266631186802,0.8957569408067051,767192,737180,1109088,1076134,93684,74564,3265382.5581823643,0.6917323061830982,0.6850262142075243,0.8778871521079469,0.8988523834070377,1879,1909,1754,1788,1650,229,17,104,1710,199,13,78,0.8335,0.8615,0.8781266631186802,0.8957569408067051,0.9407069555302167,0.9563758389261745,1879,1909,5508.819230218476,59700.0,0.6917323061830982,0.6850262142075243,0.8778871521079469,0.8988523834070377
598,0.0,59501.0,4000,1449.525005391251,1452.9777122295977,1420.9134134765131,1424.3556373459226,3.452706838346785,3.4422238694094176,1.0030454059163694,0.02328030194768229,0.023011121867414348,0.02314571190754832,28.622074883675168,1914,1889,2000,2000,232,205,5512.7069367257845,0.957,0.9445,0.8787878787878788,0.8914769719428269,769106,739069,1111088,1078134,93916,74769,3270895.26511909,0.6922097979637977,0.6855075528644863,0.8778893936596516,0.8988335324577272,1914,1889,1761,1779,1682,232,7,79,1684,205,16,95,0.8445,0.85,0.8787878787878788,0.8914769719428269,0.9551391254968767,0.9465992130410343,1914,1889,5512.7069367257845,59800.0,0.6922097979637977,0.6855075528644863,0.8778893936596516,0.8988335324577272
599,0.0,59600.5,4000,1452.9983535079978,1456.3129707805228,1424.374185986289,1427.7639602097304,3.3146172725250835,3.3897742234414636,0.977828331339402,0.02329711711222581,0.023029606185896258,0.023163361649061034,28.54901057079246,1893,1907,2000,2000,247,224,5516.594063297546,0.9465,0.9535,0.8695192815636555,0.8825380178290508,770999,740976,1113088,1080134,94163,74993,3276411.8591823876,0.6926667073942042,0.6860037736058674,0.8778688428908468,0.8987915937898123,1893,1907,1733,1770,1646,247,20,87,1683,224,6,87,0.833,0.8445,0.8695192815636555,0.8825380178290508,0.949798038084247,0.9508474576271186,1893,1907,5516.594063297546,59900.0,0.6926667073942042,0.6860037736058674,0.8778688428908468,0.8987915937898123
600,0.0,59700.0,4000,1456.3285900763926,1459.6783859037207,1427.7828407569139,1431.1976836804095,3.34979582732808,3.4148429234955984,0.9809516579166889,0.023314378835758733,0.02304845223343108,0.023181415534594907,28.480702223311255,1893,1893,2000,2000,232,178,5520.385665801717,0.9465,0.9465,0.8774432118330692,0.9059693608029583,772892,742869,1115088,1082134,94395,75171,3281932.2448481894,0.6931219778169974,0.6864852227173345,0.8778678004171346,0.8988098843806916,1893,1893,1746,1813,1661,232,22,85,1715,178,9,98,0.8415,0.862,0.8774432118330692,0.9059693608029583,0.9513172966781214,0.9459459459459459,1893,1893,5520.385665801717,60000.0,0.6931219778169974,0.6864852227173345,0.8778678004171346,0.8988098843806916
601,0.0,59799.5,4000,1459.700247167717,1462.9619174801478,1431.2182983355929,1434.6249022976851,3.2616703124308515,3.4066039620922766,0.9574550927333481,0.023330220660930965,0.023067127331499845,0.023198673996215405,28.337015182462665,1899,1887,2000,2000,259,185,5524.095101268995,0.9495,0.9435,0.8636124275934702,0.9019607843137255,774791,744756,1117088,1084134,94654,75356,3287456.3399494584,0.6935809891432009,0.6869593611121873,0.8778328607327653,0.8988178678654486,1899,1887,1729,1801,1640,259,12,89,1702,185,14,99,0.826,0.858,0.8636124275934702,0.9019607843137255,0.9485251590514748,0.9450305385896725,1899,1887,5524.095101268995,60100.0,0.6935809891432009,0.6869593611121873,0.8778328607327653,0.8988178678654486
602,0.0,59899.0,4000,1462.9799328511408,1466.2836403038352,1434.6406839672557,1438.028502430873,3.3037074526944252,3.38781846361735,0.9751725153439552,0.023346644261555458,0.023085348052430704,0.02321599615699308,28.255137872962223,1902,1890,2000,2000,254,197,5527.767955081735,0.951,0.945,0.8664563617245005,0.8957671957671958,776693,746646,1119088,1086134,94908,75553,3292984.10790454,0.6940410405616002,0.6874345154465287,0.8778050014613239,0.8988101456379596,1902,1890,1732,1791,1648,254,14,84,1693,197,12,98,0.831,0.8525,0.8664563617245006,0.8957671957671958,0.9515011547344111,0.9452819653824679,1902,1890,5527.767955081735,60200.0,0.6940410405616002,0.6874345154465287,0.8778050014613239,0.8988101456379596
603,0.0,59998.5,4000,1466.3032422702663,1469.6884575428649,1438.0441672406032,1441.4883014604911,3.3852152725985434,3.4441342198879283,0.9828929584250342,0.023364391406047565,0.023104440328125152,0.02323441586708636,28.200156082373724,1907,1905,2000,2000,207,216,5531.48407235811,0.9535,0.9525,0.8914525432616676,0.8866141732283465,778600,748551,1121088,1088134,95115,75769,3298515.591976898,0.6945039104869555,0.6879217081719715,0.8778384279475983,0.8987791079031355,1907,1905,1780,1772,1700,207,13,80,1689,216,12,83,0.8565,0.8505,0.8914525432616676,0.8866141732283465,0.9550561797752809,0.9531602708803611,1907,1905,5531.48407235811,60300.0,0.6945039104869555,0.6879217081719715,0.8778384279475983,0.8987791079031355
604,0.0,60098.0,4000,1469.7033807653977,1472.9934052881506,1441.5100570937832,1444.935158616582,3.2900245227529012,3.425101522798741,0.9605626288310821,0.02338042631672109,0.023123255114934394,0.02325184071582774,28.058246671568668,1889,1887,2000,2000,228,189,5535.2151024419345,0.9445,0.9435,0.8793012175754368,0.8998410174880763,780489,750438,1123088,1090134,95343,75958,3304050.80707934,0.694949104611571,0.6883906015223816,0.877841968304486,0.8987817781082514,1889,1887,1755,1794,1661,228,17,94,1698,189,17,96,0.839,0.8575,0.8793012175754368,0.8998410174880763,0.9464387464387465,0.9464882943143813,1889,1887,5535.2151024419345,60400.0,0.694949104611571,0.6883906015223816,0.877841968304486,0.8987817781082514
605,0.0,60197.5,4000,1473.012627601272,1476.3058053517807,1444.9486214897695,1448.302365855347,3.2931777505086757,3.3537443655775405,0.9819405987854907,0.023396531398241056,0.02314069117654219,0.023268611287391622,28.003439496433657,1885,1890,2000,2000,256,222,5538.880245986799,0.9425,0.945,0.8641909814323607,0.8825396825396825,782374,752328,1125088,1092134,95599,76180,3309589.6873253267,0.6953891606700987,0.68886052444114,0.8778090785225481,0.898740974681256,1885,1890,1724,1769,1629,256,20,95,1668,222,9,101,0.8245,0.8385,0.8641909814323607,0.8825396825396825,0.9448955916473318,0.9429055963821368,1885,1890,5538.880245986799,60500.0,0.6953891606700987,0.68886052444114,0.8778090785225481,0.898740974681256
606,0.0,60297.0,4000,1476.3224196685524,1479.5954899320836,1448.322128016103,1451.7073726345238,3.273070263531281,3.3852446184207565,0.9668637373266674,0.023412208484717607,0.023158693448184477,0.023285450966451043,27.888117297559802,1901,1883,2000,2000,256,195,5542.480925398907,0.9505,0.9415,0.8653340347185692,0.8964418481147106,784275,754211,1127088,1094134,95855,76375,3315132.1682507256,0.6958418508581407,0.689322331633968,0.8777788403302413,0.8987352345696363,1901,1883,1726,1792,1645,256,18,81,1688,195,13,104,0.8315,0.8505,0.8653340347185692,0.8964418481147106,0.9530706836616454,0.9419642857142857,1901,1883,5542.480925398907,60600.0,0.6958418508581407,0.689322331633968,0.8777788403302413,0.8987352345696363
607,0.0,60396.5,4000,1479.610733320403,1483.014113600903,1451.724003091511,1455.1701805501677,3.403380280500187,3.446177458656848,0.9875812610725678,0.02342995811931971,0.023177588647044865,0.023303773383182288,27.84393305073536,1903,1916,2000,2000,205,189,5546.174436937138,0.9515,0.958,0.8922753547031004,0.901356993736952,786178,756127,1129088,1096134,96060,76564,3320678.3426876627,0.6962947086498129,0.6898125594133564,0.8778139301786618,0.8987418780178462,1903,1916,1776,1803,1698,205,19,78,1727,189,8,76,0.8585,0.8675,0.8922753547031004,0.901356993736952,0.956081081081081,0.9578480310593456,1903,1916,5546.174436937138,60700.0,0.6962947086498129,0.6898125594133564,0.8778139301786618,0.8987418780178462
608,0.0,60496.0,4000,1483.0321466405876,1486.3946475729813,1455.19240654224,1458.5851014083607,3.3625009323936865,3.3926948661207916,0.9911003096598461,0.023447022891690535,0.023195634074569347,0.02332132848312994,27.809546164620542,1908,1893,2000,2000,245,198,5549.889111850579,0.954,0.9465,0.8715932914046122,0.8954041204437401,788086,758020,1131088,1098134,96305,76762,3326228.231799513,0.6967503854695656,0.6902800568965172,0.8777988696665084,0.8987335426505897,1908,1893,1737,1786,1663,245,18,74,1695,198,16,91,0.8405,0.8555,0.8715932914046122,0.8954041204437401,0.9573978123200921,0.9490481522956327,1908,1893,5549.889111850579,60800.0,0.6967503854695656,0.6902800568965172,0.8777988696665084,0.8987335426505897
609,0.0,60595.5,4000,1486.4104208073966,1489.817549711253,1458.6048679725882,1462.0110981840903,3.4071289038563464,3.406230211502134,1.0002638378202324,0.023464727322710283,0.023213802110173164,0.023339264716441724,27.806451527162608,1892,1906,2000,2000,216,192,5553.603976274345,0.946,0.953,0.8858350951374208,0.8992654774396642,789978,759926,1133088,1100134,96521,76954,3331781.8357757875,0.697190332966195,0.6907576713382187,0.877818116453876,0.8987348768169532,1892,1906,1761,1798,1676,216,23,85,1714,192,10,84,0.8495,0.862,0.8858350951374208,0.8992654774396642,0.9517319704713231,0.9532814238042269,1892,1906,5553.603976274345,60900.0,0.697190332966195,0.6907576713382187,0.877818116453876,0.8987348768169532
610,0.0,60695.0,4000,1489.8361280484185,1493.1053661009269,1462.0216673168086,1465.4300165945015,3.269238052508399,3.408349277692878,0.9591851615399454,0.023480159185946394,0.023231794539671426,0.023355976862808908,27.67534950642539,1899,1910,2000,2000,257,201,5557.2430383252295,0.9495,0.955,0.8646656134807793,0.8947643979057591,791877,761836,1135088,1102134,96778,77155,3337339.0788141126,0.69763489703001,0.6912371816857116,0.8777865754403777,0.8987249224242488,1899,1910,1725,1789,1642,257,18,83,1709,201,10,80,0.83,0.8595,0.8646656134807793,0.8947643979057591,0.9518840579710145,0.9552822806036892,1899,1910,5557.2430383252295,61000.0,0.69763489703001,0.6912371816857116,0.8777865754403777,0.8987249224242488
611,0.0,60794.5,4000,1493.1280388893927,1496.480159929855,1465.447851893543,1468.9770830274256,3.352121040462407,3.529231133882604,0.9498162385229348,0.02349696406172927,0.023251825423124078,0.023374394742426675,27.503076902429484,1894,1883,2000,2000,241,187,5560.855334304429,0.947,0.9415,0.8727560718057022,0.9006903876792353,793771,763719,1137088,1104134,97019,77342,3342899.934148417,0.6980735000281421,0.6916905013340772,0.877774572263285,0.8987297684095852,1894,1883,1744,1800,1653,241,15,91,1696,187,13,104,0.834,0.8545,0.8727560718057022,0.9006903876792353,0.9478211009174312,0.9422222222222222,1894,1883,5560.855334304429,61100.0,0.6980735000281421,0.6916905013340772,0.877774572263285,0.8987297684095852
612,0.0,60894.0,4000,1496.4988844729066,1499.8352181702178,1468.9923134158096,1472.4515947165678,3.3363336973111473,3.459281300758221,0.9644586280334805,0.023513391542680083,0.02327060531114417,0.023391998426912128,27.38362345364999,1882,1916,2000,2000,247,190,5564.510951832172,0.941,0.958,0.8687566418703507,0.9008350730688935,795653,765635,1139088,1106134,97266,77532,3348464.4451002493,0.6985000280926495,0.6921720153254488,0.8777532416769622,0.8987350369301299,1882,1916,1736,1803,1635,247,17,101,1726,190,7,77,0.826,0.8665,0.8687566418703507,0.9008350730688935,0.9418202764976958,0.9572933998890738,1882,1916,5564.510951832172,61200.0,0.6985000280926495,0.6921720153254488,0.8777532416769622,0.8987350369301299
613,0.0,60993.5,4000,1499.8431393219037,1503.174082753943,1472.4693973206058,1475.8513588673304,3.3309434320392484,3.3819615467245967,0.9849146378572048,0.023529501256048063,0.02328810455453158,0.02340880290528982,27.322723886612494,1905,1893,2000,2000,236,219,5568.158876375445,0.9525,0.9465,0.8761154855643045,0.884310618066561,797558,767528,1141088,1108134,97502,77751,3354032.6039766246,0.6989452171962197,0.692631035596778,0.877749329829304,0.898699461127151,1905,1893,1743,1766,1669,236,21,74,1674,219,15,92,0.845,0.8445,0.8761154855643044,0.884310618066561,0.9575444635685599,0.9479048697621744,1905,1893,5568.158876375445,61300.0,0.6989452171962197,0.692631035596778,0.877749329829304,0.898699461127151
614,0.0,61093.0,4000,1503.1902445055623,1506.547592076783,1475.8710401078783,1479.304597238341,3.357347571220771,3.4335571304627592,0.9778044877815337,0.023546122741345054,0.023306417712765416,0.023426270227055235,27.242994838441973,1920,1898,2000,2000,249,199,5571.806785542336,0.96,0.949,0.8703125,0.8951527924130664,799478,769426,1143088,1110134,97751,77950,3359604.410762167,0.699401970801898,0.6930929059014498,0.877731469784034,0.898690712297219,1920,1898,1738,1789,1671,249,13,67,1699,199,12,90,0.842,0.8555,0.8703125,0.8951527924130663,0.9614499424626007,0.9496925656791504,1920,1898,5571.806785542336,61400.0,0.699401970801898,0.6930929059014498,0.877731469784034,0.898690712297219
615,0.0,61192.5,4000,1506.5693400494822,1509.936450236933,1479.3230660019076,1482.8078987457657,3.367110187450862,3.484832743858078,0.9662185920932077,0.02356293974762173,0.023325485350751563,0.023444212549186647,27.1285514911674,1908,1919,2000,2000,223,189,5575.429123324947,0.954,0.9595,0.8831236897274634,0.9015112037519541,801386,771345,1145088,1112134,97974,78139,3365179.839885492,0.6998466493404873,0.6935719976189919,0.8777443079864136,0.8986977292910435,1908,1919,1765,1800,1685,223,12,80,1730,189,11,70,0.8485,0.8705,0.8831236897274634,0.9015112037519541,0.9546742209631728,0.9611111111111111,1908,1919,5575.429123324947,61500.0,0.6998466493404873,0.6935719976189919,0.8777443079864136,0.8986977292910435
616,0.0,61292.0,4000,1509.9504421171077,1513.326065743805,1482.8252912713501,1486.3342115840865,3.3756236266972337,3.508920312736336,0.9620120509561658,0.023579714447818315,0.023344864641388668,0.02346228954460349,26.991854159718514,1910,1914,2000,2000,233,195,5579.110554945356,0.955,0.957,0.8780104712041885,0.8981191222570533,803296,773259,1147088,1114134,98207,78334,3370758.950440437,0.7002915207900353,0.6940448814954036,0.8777449408437239,0.8986962971009713,1910,1914,1754,1794,1677,233,13,77,1719,195,11,75,0.845,0.865,0.8780104712041885,0.8981191222570533,0.9561003420752565,0.9581939799331104,1910,1914,5579.110554945356,61600.0,0.7002915207900353,0.6940448814954036,0.8777449408437239,0.8986962971009713
617,0.0,61391.5,4000,1513.3496906511007,1516.6736245386874,1486.352962683619,1489.8070548689911,3.3239338875866906,3.4540921853722466,0.962317653727725,0.023595753140688666,0.023363314508824094,0.023479533824756378,26.86656966969622,1918,1926,2000,2000,239,222,5582.8240757542835,0.959,0.963,0.8753910323253389,0.8847352024922118,805214,775185,1149088,1116134,98446,78556,3376341.7745161913,0.7007418056754574,0.6945268220482487,0.877739333891363,0.8986616098092713,1918,1926,1747,1770,1679,239,14,68,1704,222,8,66,0.8465,0.856,0.8753910323253389,0.8847352024922118,0.9610761305094447,0.9627118644067797,1918,1926,5582.8240757542835,61700.0,0.7007418056754574,0.6945268220482487,0.877739333891363,0.8986616098092713
618,0.0,61491.0,4000,1516.692010622315,1520.071914886246,1489.8255505247162,1493.2841200930086,3.3799042639311665,3.4585695682924325,0.9772549596566003,0.023612560827314714,0.023381772984117543,0.023497166905716127,26.78779479323748,1914,1912,2000,2000,231,195,5586.486529130814,0.957,0.956,0.8793103448275862,0.8980125523012552,807128,777097,1151088,1118134,98677,78751,3381928.2610453223,0.7011870508597083,0.6949945176517305,0.8777430593412693,0.8986600128426696,1914,1912,1754,1793,1683,231,15,71,1717,195,12,76,0.849,0.8645,0.8793103448275862,0.8980125523012552,0.959521094640821,0.9576129392080313,1914,1912,5586.486529130814,61800.0,0.7011870508597083,0.6949945176517305,0.8777430593412693,0.8986600128426696
619,0.0,61590.5,4000,1520.0845250346388,1523.4359270130744,1493.3017050266803,1496.802298590377,3.3514019784356606,3.5005935636966115,0.9573810605126619,0.02362876044030497,0.023400836008333318,0.023514798224319143,26.633628422697484,1922,1918,2000,2000,242,205,5590.154900244623,0.961,0.959,0.8740894901144641,0.8931178310740354,809050,779015,1153088,1120134,98919,78956,3387518.4159455667,0.7016376894044514,0.6954658996155817,0.8777343798281936,0.8986463675282248,1922,1918,1749,1788,1680,242,9,69,1713,205,7,75,0.8445,0.86,0.8740894901144641,0.8931178310740354,0.9605488850771869,0.9580536912751678,1922,1918,5590.154900244623,61900.0,0.7016376894044514,0.6954658996155817,0.8777343798281936,0.8986463675282248
620,0.0,61690.0,4000,1523.4566818720457,1526.8554845166375,1496.8182382549367,1500.3361760041241,3.3988026445917967,3.5179377491874675,0.9661349594309373,0.02364580368965227,0.023420090747251283,0.023532947218451776,26.519308512513362,1919,1920,2000,2000,262,193,5593.847689749863,0.9595,0.96,0.863470557582074,0.8994791666666666,810969,780935,1155088,1122134,99181,79149,3393112.2636353164,0.7020841702104083,0.6959373835923339,0.8777006272742854,0.8986484150409445,1919,1920,1728,1798,1657,262,10,71,1727,193,9,71,0.8335,0.868,0.863470557582074,0.8994791666666667,0.9589120370370371,0.9605116796440489,1919,1920,5593.847689749863,62000.0,0.7020841702104083,0.6959373835923339,0.8777006272742854,0.8986484150409445
621,0.0,61789.5,4000,1526.8730741208199,1530.2444047953645,1500.35616325645,1503.8296895986668,3.3713306745446516,3.4735263422169282,0.970578697955965,0.023662298696250687,0.023438633493142066,0.023550466094696375,26.41471519669767,1935,1938,2000,2000,237,207,5597.554080590817,0.9675,0.969,0.8775193798449612,0.8931888544891641,812904,782873,1157088,1124134,99418,79356,3398709.817715907,0.7025429353687879,0.6964232022161059,0.8777001958410833,0.8986348999135236,1935,1938,1752,1784,1698,237,11,54,1731,207,9,53,0.8545,0.87,0.8775193798449612,0.8931888544891641,0.9691780821917808,0.9702914798206278,1935,1938,5597.554080590817,62100.0,0.7025429353687879,0.6964232022161059,0.8777001958410833,0.8986348999135236
622,0.0,61889.0,4000,1530.2584901386272,1533.6395980007303,1503.850724225393,1507.302877829558,3.3811078621031356,3.452153604165005,0.9794198780795405,0.023678841515153273,0.023456789841720473,0.023567815678436875,26.336720171172374,1933,1917,2000,2000,265,207,5601.292199020773,0.9665,0.9585,0.8629073978272116,0.892018779342723,814837,784790,1159088,1126134,99683,79563,3404311.1099149277,0.7029983918391011,0.6968886473545777,0.8776651035728618,0.8986187387708814,1933,1917,1726,1782,1668,265,9,58,1710,207,11,72,0.8385,0.8605,0.8629073978272116,0.892018779342723,0.966396292004635,0.9595959595959596,1933,1917,5601.292199020773,62200.0,0.7029983918391011,0.6968886473545777,0.8776651035728618,0.8986187387708814
623,0.0,61988.5,4000,1533.656069069516,1537.0330636483834,1507.3165883187557,1510.7605010343223,3.376994578867425,3.443912715566512,0.980569154265549,0.02369530349743478,0.023474638063559834,0.023584970780497306,26.272562614061144,1924,1933,2000,2000,257,194,5604.935923959468,0.962,0.9665,0.8664241164241164,0.8996378685980342,816761,786723,1161088,1128134,99940,79757,3409916.0458388873,0.7034445278910815,0.6973666248867599,0.8776386237834568,0.8986212428008333,1924,1933,1732,1798,1667,257,11,65,1739,194,8,59,0.839,0.8735,0.8664241164241164,0.8996378685980342,0.9624711316397229,0.9671857619577308,1924,1933,5604.935923959468,62300.0,0.7034445278910815,0.6973666248867599,0.8776386237834568,0.8986212428008333
624,0.0,62088.0,4000,1537.047434078403,1540.4712544144938,1510.7768032958918,1514.2458806816535,3.4238203360907846,3.469077385761693,0.9869541539036693,0.023712429465645786,0.023492873894344696,0.023602651679995243,26.225373732840353,1937,1936,2000,2000,235,192,5608.614742437136,0.9685,0.968,0.8786783686112545,0.9008264462809917,818698,788659,1163088,1130134,100175,79949,3415524.6605813242,0.7039003067695652,0.6978455652161603,0.8776410837695952,0.8986266561340199,1937,1936,1758,1800,1702,235,7,56,1744,192,8,56,0.8545,0.876,0.8786783686112545,0.9008264462809917,0.9681456200227532,0.9688888888888889,1937,1936,5608.614742437136,62400.0,0.7039003067695652,0.6978455652161603,0.8776410837695952,0.8986266561340199
625,0.0,62187.5,4000,1540.4895097748563,1543.8150973423858,1514.25752443673,1517.6996808419258,3.32558756752951,3.442156405195874,0.9661349386999367,0.023727991065347027,0.0235105460986781,0.023619268582012562,26.115416500460015,1933,1928,2000,2000,272,207,5612.263197850975,0.9665,0.964,0.859286083807553,0.8926348547717843,820631,790587,1165088,1132134,100447,80156,3421136.923779175,0.7043510876431651,0.6983157470758762,0.8775978484848854,0.8986120439622711,1933,1928,1718,1786,1661,272,10,57,1721,207,7,65,0.8355,0.864,0.859286083807553,0.8926348547717843,0.9668218859138533,0.9636058230683091,1933,1928,5612.263197850975,62500.0,0.7043510876431651,0.6983157470758762,0.8775978484848854,0.8986120439622711
626,0.0,62287.0,4000,1543.8309354152937,1547.2142754222064,1517.7197506012487,1521.2270790340851,3.3833400069127038,3.5073284328364025,0.9646487552283696,0.023744386895591208,0.02352933752970512,0.023636862212648165,25.98719638812122,1934,1926,2000,2000,260,202,5615.933366247354,0.967,0.963,0.8655635987590486,0.8951194184839044,822565,792513,1167088,1134134,100707,80358,3426752.8571454226,0.7048011803737164,0.6987825071816911,0.8775695537738659,0.8986035560299958,1934,1926,1732,1791,1674,260,8,58,1724,202,7,67,0.841,0.8655,0.8655635987590486,0.8951194184839044,0.9665127020785219,0.9625907314349526,1934,1926,5615.933366247354,62600.0,0.7048011803737164,0.6987825071816911,0.8775695537738659,0.8986035560299958
627,0.0,62386.5,4000,1547.2290837303292,1550.5525251816673,1521.2452648306582,1524.8064764590226,3.3234414513381125,3.56121162836439,0.9332333481300347,0.023759758682989962,0.023548898353819427,0.023654328518404696,25.746048722644673,1928,1942,2000,2000,269,188,5619.639810230383,0.964,0.971,0.8604771784232366,0.9031925849639547,824493,794455,1169088,1136134,100976,80546,3432372.496955653,0.7052446009196912,0.6992617068057113,0.8775295848479004,0.8986147736498606,1928,1942,1721,1807,1659,269,10,62,1754,188,5,53,0.8345,0.8795,0.8604771784232366,0.9031925849639547,0.9639744334689134,0.9706696181516326,1928,1942,5619.639810230383,62700.0,0.7052446009196912,0.6992617068057113,0.8775295848479004,0.8986147736498606
628,0.0,62486.0,4000,1550.5697545183627,1553.9392511567646,1524.8193529595098,1528.4090125720722,3.36949663840187,3.5896596125624,0.9386674509777901,0.0237758534299135,0.02356876533276318,0.02367230938133834,25.53023858469237,1944,1932,2000,2000,269,191,5623.341330206954,0.972,0.966,0.8616255144032922,0.9011387163561076,826437,796387,1171088,1138134,101245,80737,3437995.83828586,0.705700169415108,0.6997304359592105,0.8774921742371167,0.8986208966243798,1944,1932,1722,1802,1675,269,9,47,1741,191,7,61,0.842,0.874,0.8616255144032922,0.9011387163561076,0.9727061556329849,0.9661487236403996,1944,1932,5623.341330206954,62800.0,0.705700169415108,0.6997304359592105,0.8774921742371167,0.8986208966243798
629,0.0,62585.5,4000,1553.9602327248008,1557.383702393166,1528.4302672249999,1531.871325025149,3.4234696683652146,3.4410578001491103,0.9948887427048934,0.023792814731875504,0.023586339830693234,0.023689577281284367,25.51237736801704,1940,1934,2000,2000,241,225,5627.030217940264,0.97,0.967,0.8757731958762887,0.8836608066184074,828377,798321,1173088,1140134,101486,80962,3443622.8685038006,0.7061507747074388,0.7001992748220823,0.8774881485120904,0.8985846545437236,1940,1934,1749,1766,1699,241,10,50,1709,225,9,57,0.8545,0.859,0.8757731958762887,0.8836608066184074,0.9714122355631789,0.9677236693091733,1940,1934,5627.030217940264,62900.0,0.7061507747074388,0.7001992748220823,0.8774881485120904,0.8985846545437236
630,0.0,62685.0,4000,1557.4018720120123,1560.731991216616,1531.8898714815527,1535.3967142113156,3.3301192046037613,3.506842729762866,0.9496060876470914,0.02380819580092729,0.023604859754551923,0.023706527777739607,25.33527700530044,1938,1939,2000,2000,275,175,5630.669522595741,0.969,0.9695,0.8581011351909185,0.9097472924187726,830315,800260,1175088,1142134,101761,81137,3449253.538026396,0.7065981441389921,0.7006708494800085,0.8774428981771978,0.898611701197111,1938,1939,1714,1820,1663,275,11,51,1764,175,5,56,0.837,0.8845,0.8581011351909185,0.9097472924187726,0.9702450408401401,0.9692307692307692,1938,1939,5630.669522595741,63000.0,0.7065981441389921,0.7006708494800085,0.8774428981771978,0.898611701197111
631,0.0,62784.5,4000,1560.7436907986037,1564.2135548434444,1535.4120201451005,1538.9479160048045,3.469864044840733,3.535895859703942,0.9813252942158943,0.023825640239068902,0.023623730052777497,0.0237246851459232,25.265638838639916,1941,1934,2000,2000,222,198,5634.345247768607,0.9705,0.967,0.8856259659969088,0.8976215098241985,832256,802194,1177088,1144134,101983,81335,3454887.883274165,0.7070465419747717,0.7011364053511214,0.8774619828514303,0.8986093139564744,1941,1934,1774,1797,1719,222,4,55,1736,198,5,61,0.8615,0.8705,0.8856259659969088,0.8976215098241985,0.9689966178128523,0.9660545353366722,1941,1934,5634.345247768607,63100.0,0.7070465419747717,0.7011364053511214,0.8774619828514303,0.8986093139564744
632,0.0,62884.0,4000,1564.2309603614683,1567.6036694549607,1538.9577854975685,1542.4864275872342,3.3727090934924036,3.528642089665709,0.9558093475589421,0.023841582495201963,0.023642339840390658,0.02374196116779631,25.117241867726534,1940,1945,2000,2000,241,205,5637.995536422474,0.97,0.9725,0.8757731958762887,0.8946015424164524,834196,804139,1179088,1146134,102224,81540,3460525.8788105873,0.7074925705290869,0.7016099339169766,0.8774580554210282,0.8985996202149131,1940,1945,1750,1784,1699,241,9,51,1740,205,11,44,0.854,0.8755,0.8757731958762887,0.8946015424164524,0.9708571428571429,0.9753363228699552,1940,1945,5637.995536422474,63200.0,0.7074925705290869,0.7016099339169766,0.8774580554210282,0.8985996202149131
633,0.0,62983.5,4000,1567.6199315510867,1570.9725688414776,1542.5064197143909,1546.0001007966669,3.3526372903909305,3.493681082275998,0.9596288875362422,0.023857139227224027,0.02366049843794822,0.023758818832586126,24.97246804481074,1946,1952,2000,2000,257,211,5641.670703910118,0.973,0.976,0.867934224049332,0.891905737704918,836142,806091,1181088,1148134,102481,81751,3466167.5495144976,0.70794216857677,0.7020879095994021,0.8774358900760876,0.8985834105578651,1946,1952,1734,1783,1689,257,9,45,1741,211,6,42,0.849,0.8735,0.867934224049332,0.891905737704918,0.9740484429065744,0.9764441951766686,1946,1952,5641.670703910118,63300.0,0.70794216857677,0.7020879095994021,0.8774358900760876,0.8985834105578651
634,0.0,63083.0,4000,1570.9886850849125,1574.3676255737676,1546.0171640567742,1549.4721908246272,3.3789404888550507,3.4550267678530417,0.9779780927586644,0.02387305946081342,0.023677943866720546,0.023775501663766983,24.89543474914035,1937,1941,2000,2000,251,214,5645.309382718646,0.9685,0.9705,0.8704181724315952,0.889747552807831,838079,808032,1183088,1150134,102732,81965,3471812.858897216,0.708382639330295,0.7025546588484473,0.8774196704606606,0.8985621856560136,1937,1941,1739,1782,1686,251,10,53,1727,214,4,55,0.848,0.8655,0.8704181724315952,0.889747552807831,0.9695227142035653,0.9691358024691358,1937,1941,5645.309382718646,63400.0,0.708382639330295,0.7025546588484473,0.8774196704606606,0.8985621856560136
635,0.0,63182.5,4000,1574.3861865994586,1577.749850238693,1549.4853098332655,1552.9840286621745,3.363663639234346,3.4987188289089772,0.9613986729774607,0.0238887274721338,0.023695960299017795,0.023792343885575797,24.76582157651842,1940,1945,2000,2000,253,201,5648.89691626682,0.97,0.9725,0.8695876288659794,0.8966580976863753,840019,809977,1185088,1152134,102985,82166,3477461.755813483,0.7088241548306962,0.7030232594472517,0.8774015825832511,0.89855761336433,1940,1945,1740,1793,1687,253,7,53,1744,201,6,49,0.847,0.875,0.8695876288659794,0.8966580976863753,0.9695402298850575,0.9726715002788623,1940,1945,5648.89691626682,63500.0,0.7088241548306962,0.7030232594472517,0.8774015825832511,0.89855761336433
636,0.0,63282.0,4000,1577.7687698265065,1581.2310575103272,1553.007721893185,1556.5879509466533,3.462287683820705,3.580229053468429,0.9670575910405884,0.023905902543272493,0.023715367944530014,0.023810635243901253,24.643106563673882,1924,1948,2000,2000,212,182,5652.533653710965,0.962,0.974,0.8898128898128899,0.9065708418891171,841943,811925,1187088,1154134,103197,82348,3483114.289467194,0.7092507042443357,0.703492835320682,0.8774299447824853,0.8985768389937494,1924,1948,1773,1811,1712,212,15,61,1766,182,7,45,0.8635,0.8865,0.8898128898128899,0.9065708418891171,0.9655950366610265,0.9751518498067366,1924,1948,5652.533653710965,63600.0,0.7092507042443357,0.703492835320682,0.8774299447824853,0.8985768389937494
637,0.0,63381.5,4000,1581.2516392176428,1584.6376794721662,1556.60311694432,1560.1739093655235,3.386040254523323,3.5707924212035778,0.9482601773255747,0.02392185280555682,0.02373443264821003,0.023828142726883425,24.46377010664264,1941,1936,2000,2000,257,186,5656.153588699177,0.9705,0.968,0.8675940236991242,0.9039256198347108,843884,813861,1189088,1156134,103454,82534,3488770.4430558933,0.7096901154498237,0.7039504071327372,0.8774073213854037,0.898589562591155,1941,1936,1734,1805,1684,257,9,50,1750,186,9,55,0.8465,0.8795,0.8675940236991242,0.9039256198347108,0.9711649365628604,0.9695290858725761,1941,1936,5656.153588699177,63700.0,0.7096901154498237,0.7039504071327372,0.8774073213854037,0.898589562591155
638,0.0,63481.0,4000,1584.6533823250784,1588.0701850485186,1560.19195041029,1563.7093478266681,3.4168027234402416,3.5173974163781168,0.9714008168455818,0.023938158766305985,0.0237526457390615,0.023845402252683744,24.36083722185049,1948,1957,2000,2000,232,198,5659.777568114964,0.974,0.9785,0.8809034907597536,0.8988247317322432,845832,815818,1191088,1158134,103686,82732,3494430.220624008,0.7101339279717368,0.7044245311855105,0.877415373265613,0.8985901267194398,1948,1957,1760,1794,1716,232,8,44,1759,198,8,35,0.862,0.8835,0.8809034907597536,0.8988247317322432,0.975,0.9804905239687849,1948,1957,5659.777568114964,63800.0,0.7101339279717368,0.7044245311855105,0.877415373265613,0.8985901267194398
639,0.0,63580.5,4000,1588.0874968566607,1591.419905746734,1563.726151494941,1567.2777430939657,3.3324088900733386,3.551591599024732,0.9382860605336545,0.023953118153185248,0.02377131758089861,0.02386221786704193,24.14216265276832,1950,1960,2000,2000,275,201,5663.3908521457915,0.975,0.98,0.858974358974359,0.8974489795918368,847782,817778,1193088,1160134,103961,82933,3500093.611476154,0.7105779288702929,0.7048996064247751,0.8773729567270832,0.8985873916882088,1950,1960,1720,1793,1675,275,5,45,1759,201,6,34,0.84,0.8825,0.8589743589743589,0.8974489795918368,0.9738372093023255,0.981037367540435,1950,1960,5663.3908521457915,63900.0,0.7105779288702929,0.7048996064247751,0.8773729567270832,0.8985873916882088
640,0.0,63680.0,4000,1591.432146527873,1594.8097846592848,1567.3005137570844,1570.8241160169644,3.377638131411686,3.523602259879908,0.9585753108033264,0.0239686582640795,0.02378958697410031,0.023879122619089907,23.985668642320434,1951,1945,2000,2000,251,202,5666.973211744895,0.9755,0.9725,0.8713480266529985,0.8961439588688946,849733,819723,1195088,1162134,104212,83135,3505760.584687899,0.711021280441273,0.7053601391922102,0.8773591233952313,0.8985815940262747,1951,1945,1741,1795,1700,251,8,41,1743,202,3,52,0.854,0.873,0.8713480266529985,0.8961439588688946,0.9764503159103963,0.9710306406685236,1951,1945,5666.973211744895,64000.0,0.711021280441273,0.7053601391922102,0.8773591233952313,0.8985815940262747
641,0.0,63779.5,4000,1594.8291593741842,1598.251809662757,1570.8355333731165,1574.3877335823968,3.422650288572868,3.5522002092802722,0.963529668071932,0.02398496339944712,0.02380806839169816,0.02389651589557264,23.86407608036029,1935,1947,2000,2000,232,190,5670.598707462831,0.9675,0.9735,0.8801033591731267,0.9024139702105803,851668,821670,1197088,1164134,104444,83325,3511431.1833953615,0.7114497848111417,0.7058208075702626,0.87736535833212,0.8985906750885392,1935,1947,1753,1805,1703,232,15,50,1757,190,5,48,0.859,0.881,0.8801033591731267,0.9024139702105803,0.9714774671990872,0.9734072022160665,1935,1947,5670.598707462831,64100.0,0.7114497848111417,0.7058208075702626,0.87736535833212,0.8985906750885392
642,0.0,63879.0,4000,1598.2711134177073,1601.6307446825185,1574.407677905644,1577.8437915063423,3.3596312648112416,3.4361136006982633,0.9777416160305412,0.02400023502997386,0.023824816850962584,0.02391252594046822,23.786953176176212,1930,1953,2000,2000,239,196,5674.179772728753,0.965,0.9765,0.8761658031088083,0.8996415770609318,853598,823623,1199088,1166134,104683,83521,3517105.36316809,0.7118726899109991,0.7062850409987188,0.8773626461167904,0.8985931670193765,1930,1953,1747,1797,1691,239,14,56,1757,196,7,40,0.8525,0.882,0.8761658031088083,0.899641577060932,0.9679450486548369,0.9777406789092933,1930,1953,5674.179772728753,64200.0,0.7118726899109991,0.7062850409987188,0.8773626461167904,0.8985931670193765
643,0.0,63978.5,4000,1601.6506091195902,1605.1352756492613,1577.858794866609,1581.3546946880228,3.4846665296711308,3.4958998214137864,0.9967867237860057,0.024017412439985453,0.023842366174393132,0.02392988930718929,23.780580961238456,1949,1944,2000,2000,226,200,5677.689844356772,0.9745,0.972,0.8840430990251411,0.897119341563786,855547,825567,1201088,1168134,104909,83721,3522783.053012447,0.7123100055949273,0.7067399801735075,0.8773778646877378,0.8985896965358353,1949,1944,1766,1791,1723,226,8,43,1744,200,9,47,0.8655,0.8765,0.8840430990251411,0.897119341563786,0.9756511891279728,0.9737576772752652,1949,1944,5677.689844356772,64300.0,0.7123100055949273,0.7067399801735075,0.8773778646877378,0.8985896965358353
644,0.0,64078.0,4000,1605.147806327076,1608.6444638395076,1581.3777995866913,1584.91042573284,3.4966575124315113,3.5326261461486865,0.9898181601366483,0.024034608821138368,0.02386055708165055,0.023947582951394458,23.73403810666764,1934,1955,2000,2000,209,227,5681.239005041861,0.967,0.9775,0.8919338159255429,0.8838874680306905,857481,827522,1203088,1170134,105118,83948,3528464.2920174887,0.7127333993855811,0.7072027648115515,0.8774106948142291,0.8985549628892041,1934,1955,1777,1769,1725,209,14,52,1728,227,4,41,0.8695,0.866,0.8919338159255429,0.8838874680306905,0.9707371975239167,0.9768230638778971,1934,1955,5681.239005041861,64400.0,0.7127333993855811,0.7072027648115515,0.8774106948142291,0.8985549628892041
645,0.0,64177.5,4000,1608.667066349059,1612.037367413343,1584.9305702320785,1588.4593602215446,3.3703010642839217,3.528789989466077,0.9550868922051847,0.024049949017909245,0.023878586210031007,0.023964267613970126,23.578007191798406,1948,1938,2000,2000,268,186,5684.812359026818,0.974,0.969,0.8624229979466119,0.9040247678018576,859429,829460,1205088,1172134,105386,84134,3534149.1043765154,0.7131670052311533,0.7076494666991999,0.877376723382618,0.8985677428688544,1948,1938,1725,1806,1680,268,7,45,1752,186,8,54,0.8435,0.88,0.8624229979466119,0.9040247678018576,0.9739130434782609,0.9700996677740864,1948,1938,5684.812359026818,64500.0,0.7131670052311533,0.7076494666991999,0.877376723382618,0.8985677428688544
646,0.0,64277.0,4000,1612.0520115444685,1615.4595379069224,1588.479268231183,1592.1054759031615,3.4075263624538366,3.626207671978591,0.9396942124372502,0.02406569477010411,0.023898063873508003,0.02398187932180606,23.354062003760873,1927,1924,2000,2000,224,180,5688.3121145915675,0.9635,0.962,0.8837571354436948,0.9064449064449065,861356,831384,1207088,1174134,105610,84314,3539837.416491107,0.7135817769706931,0.7080827230963417,0.8773909974505315,0.8985859723064191,1927,1924,1761,1812,1703,224,15,58,1744,180,8,68,0.859,0.876,0.8837571354436948,0.9064449064449065,0.9670641680863146,0.9624724061810155,1927,1924,5688.3121145915675,64600.0,0.7135817769706931,0.7080827230963417,0.8773909974505315,0.8985859723064191
647,0.0,64376.5,4000,1615.4747583971116,1618.929010703139,1592.1209860689876,1595.6162367261434,3.454252306027456,3.4952506571557933,0.9882702686731776,0.024082122951235584,0.023915389289823785,0.023998756120529686,23.312773976995686,1923,1938,2000,2000,231,186,5691.831793769326,0.9615,0.969,0.8798751950078003,0.9040247678018576,863279,833322,1209088,1176134,105841,84500,3545529.2482848763,0.7139918682511116,0.708526409405731,0.8773965311330404,0.8985986209412448,1923,1938,1751,1807,1692,231,18,59,1752,186,7,55,0.855,0.8795,0.8798751950078003,0.9040247678018576,0.9663049685893775,0.96956281128943,1923,1938,5691.831793769326,64700.0,0.7139918682511116,0.708526409405731,0.8773965311330404,0.8985986209412448
648,0.0,64476.0,4000,1618.9474340202287,1622.389675134695,1595.6326653482151,1599.140726556563,3.442241114466242,3.5080612083479537,0.9812374727883644,0.024098364496550898,0.02393287310003115,0.024015618798291026,23.24894857813183,1941,1953,2000,2000,224,201,5695.341098673712,0.9705,0.9765,0.8845955692941783,0.8970814132104454,865220,835275,1211088,1178134,106065,84701,3551224.58938355,0.7144154677447055,0.7089813213098001,0.8774126811677955,0.8985950734787944,1941,1953,1766,1792,1717,224,10,49,1752,201,7,40,0.8635,0.8795,0.8845955692941783,0.8970814132104454,0.9722536806342016,0.9776785714285714,1941,1953,5695.341098673712,64800.0,0.7144154677447055,0.7089813213098001,0.8774126811677955,0.8985950734787944
649,0.0,64575.5,4000,1622.4063917308267,1625.8205840927967,1599.1601081555482,1602.6804847060241,3.414192361969981,3.5203765504759303,0.9698372640018881,0.024114097509007705,0.02395053829016147,0.02403231789958459,23.14009938677259,1941,1938,2000,2000,234,219,5698.812986718013,0.9705,0.969,0.8794435857805255,0.8869969040247678,867161,837213,1213088,1180134,106299,84920,3556923.402370268,0.7148376704740299,0.7094219808936951,0.8774172270201266,0.898568225768114,1941,1938,1761,1771,1707,234,5,54,1719,219,10,52,0.856,0.8645,0.8794435857805255,0.8869969040247678,0.969335604770017,0.9706380575945793,1941,1938,5698.812986718013,64900.0,0.7148376704740299,0.7094219808936951,0.8774172270201266,0.898568225768114
650,0.0,64675.0,4000,1625.8373094772355,1629.3141352030354,1602.6972424189948,1606.298248595625,3.4768257257999267,3.601006176630108,0.9655150686394013,0.024130745837612905,0.023969349214170467,0.024050047525891686,23.015886607410494,1933,1934,2000,2000,224,184,5702.276310840262,0.9665,0.967,0.8841179513709261,0.9048603929679421,869094,839147,1215088,1182134,106523,85104,3562625.678681108,0.715251899450904,0.7098577657016887,0.8774321304715025,0.898582727460147,1933,1934,1764,1805,1709,224,12,55,1750,184,11,55,0.8605,0.8805,0.884117951370926,0.9048603929679421,0.9688208616780045,0.9695290858725761,1933,1934,5702.276310840262,65000.0,0.715251899450904,0.7098577657016887,0.8774321304715025,0.898582727460147
651,0.0,64774.5,4000,1629.3321705122748,1632.7957681727385,1606.3133509801214,1609.8234432990635,3.46359766046362,3.5100923189420428,0.9867540069451972,0.024147159944923835,0.0239866803936178,0.024066920169270818,22.972324873675007,1956,1931,2000,2000,246,192,5705.730741917388,0.978,0.9655,0.8742331288343559,0.9005696530295184,871050,841078,1217088,1184134,106769,85296,3568331.4094230253,0.71568366461587,0.7102895449332592,0.8774249469031629,0.8985872891693755,1956,1931,1749,1803,1710,246,5,39,1739,192,5,64,0.8575,0.872,0.8742331288343558,0.9005696530295184,0.9777015437392796,0.9645036051026068,1956,1931,5705.730741917388,65100.0,0.71568366461587,0.7102895449332592,0.8774249469031629,0.8985872891693755
652,0.0,64874.0,4000,1632.8160197081938,1636.2386821291839,1609.839753013378,1613.3393464315766,3.4226624209900365,3.4995934181986286,0.9780171614197997,0.024162929852315752,0.024003815901181474,0.024083372876748613,22.899335697607285,1937,1946,2000,2000,229,220,5709.1563559500155,0.9685,0.973,0.8817759421786268,0.8869475847893113,872987,843024,1219088,1186134,106998,85516,3574040.5657789754,0.7160984276770832,0.7107325142015994,0.8774346009734395,0.8985604205811459,1937,1946,1761,1773,1708,229,10,53,1726,220,7,47,0.859,0.8665,0.8817759421786268,0.8869475847893115,0.9699034639409426,0.9734912577552172,1937,1946,5709.1563559500155,65200.0,0.7160984276770832,0.7107325142015994,0.8774346009734395,0.8985604205811459
653,0.0,64973.5,4000,1636.2636296693167,1639.6189711052025,1613.3624581889444,1616.8534945138947,3.355341435885748,3.4910363249503007,0.961130484923704,0.02417769242491586,0.0240208720496072,0.02409928223726153,22.765476591307788,1931,1935,2000,2000,266,197,5712.565290075441,0.9655,0.9675,0.8622475401346452,0.8981912144702843,874918,844959,1221088,1188134,107264,85713,3579753.1310690506,0.716506918420294,0.711164733944151,0.8774010821585566,0.8985595750799743,1931,1935,1725,1800,1665,266,9,60,1738,197,3,62,0.837,0.8705,0.8622475401346452,0.8981912144702843,0.9652173913043478,0.9655555555555555,1931,1935,5712.565290075441,65300.0,0.716506918420294,0.711164733944151,0.8774010821585566,0.8985595750799743
654,0.0,65073.0,4000,1639.6329913060997,1643.0625465480316,1616.8748207440144,1620.370696004274,3.4295552419318938,3.4958752602594814,0.981029066145036,0.024193377535012765,0.02403792272675427,0.024115650130883518,22.69185054375771,1922,1929,2000,2000,220,195,5715.906075480108,0.961,0.9645,0.8855359001040582,0.8989113530326595,876840,846888,1223088,1190134,107484,85908,3585469.0371445306,0.7169067148071112,0.7115904595616964,0.8774189133707404,0.8985603763425625,1922,1929,1769,1796,1702,220,11,67,1734,195,9,62,0.8565,0.8715,0.8855359001040582,0.8989113530326595,0.9621254946297343,0.965478841870824,1922,1929,5715.906075480108,65400.0,0.7169067148071112,0.7115904595616964,0.8774189133707404,0.8985603763425625
655,0.0,65172.5,4000,1643.0827449386927,1646.5161678202646,1620.387730569173,1623.8153491787202,3.4334228815719143,3.427618609547153,1.0016933832744968,0.024209168123085007,0.024053813732888178,0.024131490927986592,22.7008186415444,1931,1932,2000,2000,232,203,5719.180664726597,0.9655,0.966,0.8798549974106681,0.894927536231884,878771,848820,1225088,1192134,107716,86111,3591188.217809257,0.7173125522411451,0.7120172732259964,0.87742426639022,0.8985521076317712,1931,1932,1754,1789,1699,232,14,55,1729,203,8,60,0.8565,0.8685,0.8798549974106681,0.894927536231884,0.9686431014823261,0.9664617104527669,1931,1932,5719.180664726597,65500.0,0.7173125522411451,0.7120172732259964,0.87742426639022,0.8985521076317712
656,0.0,65272.0,4000,1646.5299946232976,1649.8807978300542,1623.8376206068328,1627.2929557994796,3.350803206756609,3.4553351926467712,0.969747656866224,0.02422355399499783,0.024070158629953278,0.024146856312475554,22.58784203057462,1908,1922,2000,2000,247,186,5722.468839632055,0.954,0.961,0.870545073375262,0.9032258064516129,880679,850742,1227088,1194134,107963,86297,3596910.686648889,0.7176983231846453,0.7124342829196724,0.8774093625486699,0.8985626664723265,1908,1922,1737,1809,1661,247,16,76,1736,186,5,73,0.8385,0.8705,0.8705450733752621,0.9032258064516129,0.9562464018422567,0.9596462133775566,1908,1922,5722.468839632055,65600.0,0.7176983231846453,0.7124342829196724,0.8774093625486699,0.8985626664723265
657,0.0,65371.5,4000,1649.8944051493186,1653.2476482404666,1627.311112304622,1630.7487808036672,3.353243091147988,3.4376684990452304,0.9754410851655153,0.024237929870354183,0.02408612223940826,0.02416202605488122,22.4988674367994,1923,1916,2000,2000,263,194,5725.701954134027,0.9615,0.958,0.8632345293811753,0.8987473903966597,882602,852658,1229088,1196134,108226,86491,3602636.388603023,0.7180950428285038,0.7128448819279445,0.877378478634764,0.8985630815637689,1923,1916,1720,1798,1660,263,17,60,1722,194,8,76,0.8385,0.865,0.8632345293811753,0.8987473903966597,0.9651162790697675,0.9577308120133482,1923,1916,5725.701954134027,65700.0,0.7180950428285038,0.7128448819279445,0.877378478634764,0.8985630815637689
658,0.0,65471.0,4000,1653.2627613517604,1656.6187366099782,1630.7632048969467,1634.3184280831165,3.355975258217768,3.555223186169769,0.9439562813589035,0.024252326456714005,0.02410376714906644,0.02417804680289022,22.300308526861727,1929,1928,2000,2000,244,179,5728.890718187716,0.9645,0.964,0.873509590461379,0.9071576763485477,884531,854586,1231088,1198134,108470,86670,3608365.2793212105,0.7184953472050739,0.7132641257154876,0.8773700412987222,0.8985824715125219,1929,1928,1745,1806,1685,244,11,60,1749,179,15,57,0.848,0.882,0.873509590461379,0.9071576763485477,0.9656160458452722,0.96843853820598,1929,1928,5728.890718187716,65800.0,0.7184953472050739,0.7132641257154876,0.8773700412987222,0.8985824715125219
659,0.0,65570.5,4000,1656.6387499901193,1660.0082556884126,1634.3328718122923,1637.8447012044267,3.369505698293324,3.5118293921343593,0.9594730614876094,0.024266959027772626,0.02412070032670534,0.024193829677238984,22.16355448398599,1911,1929,2000,2000,248,188,5732.113723934475,0.9555,0.9645,0.8702250130821559,0.902540176257128,886442,856515,1233088,1200134,108718,86858,3614097.393045145,0.7188797555405616,0.7136828054200615,0.8773546379796986,0.8985913848560737,1911,1929,1736,1804,1663,248,16,73,1741,188,8,63,0.8395,0.8745,0.8702250130821559,0.902540176257128,0.9579493087557603,0.9650776053215078,1911,1929,5732.113723934475,65900.0,0.7188797555405616,0.7136828054200615,0.8773546379796986,0.8985913848560737
660,0.0,65670.0,4000,1660.0240187254585,1663.4252600491668,1637.865635688661,1641.3572011061328,3.401241323708291,3.4915654174717474,0.9741307743193137,0.024281963701378334,0.024137373506539217,0.024209668603958776,22.068058943033975,1896,1926,2000,2000,225,171,5735.289243972062,0.948,0.963,0.8813291139240507,0.9112149532710281,888338,858441,1235088,1202134,108943,87029,3619832.682289117,0.719250774033915,0.7140975964409958,0.8773631207941122,0.8986197071202331,1896,1926,1758,1821,1671,225,17,87,1755,171,8,66,0.844,0.8815,0.8813291139240507,0.9112149532710281,0.9505119453924915,0.9637561779242174,1896,1926,5735.289243972062,66000.0,0.719250774033915,0.7140975964409958,0.8773631207941122,0.8986197071202331
661,0.0,65769.5,4000,1663.4444056414814,1666.8558816467992,1641.3752571289713,1644.8801915679906,3.411476005317809,3.50493443901928,0.9733351834884473,0.024297128984698976,0.024154154945437913,0.024225641965068444,21.97569007880861,1902,1914,2000,2000,222,172,5738.439087335181,0.951,0.957,0.8832807570977919,0.910135841170324,890240,860355,1237088,1204134,109165,87201,3625571.121376452,0.7196254429757625,0.7145010439037516,0.8773757638389648,0.8986453266384226,1902,1914,1764,1817,1680,222,14,84,1742,172,11,75,0.847,0.8765,0.8832807570977917,0.910135841170324,0.9523809523809523,0.9587231700605393,1902,1914,5738.439087335181,66100.0,0.7196254429757625,0.7145010439037516,0.8773757638389648,0.8986453266384226
662,0.0,65869.0,4000,1666.8767479709943,1670.2945184796617,1644.8945967544719,1648.369393355961,3.417770508667445,3.4747966014890608,0.983588652988443,0.024312369527514577,0.02417037528219662,0.024241372404855598,21.92512512370081,1921,1913,2000,2000,212,189,5741.6127551570235,0.9605,0.9565,0.8896408120770432,0.901202300052274,892161,862268,1239088,1206134,109377,87390,3631312.734131609,0.7200142362770038,0.714902324285693,0.877402172926187,0.8986509994572454,1921,1913,1773,1801,1709,212,15,64,1724,189,10,77,0.862,0.867,0.8896408120770432,0.9012023000522739,0.9639029892837,0.9572459744586341,1921,1913,5741.6127551570235,66200.0,0.7200142362770038,0.714902324285693,0.877402172926187,0.8986509994572454
663,0.0,65968.5,4000,1670.3081696383285,1673.7192870676984,1648.387031544504,1651.901706369571,3.411117429369824,3.5146748250670043,0.970535710740977,0.024327354921711942,0.024187196933559977,0.02425727592763596,21.817580698127358,1923,1919,2000,2000,238,179,5744.765915543627,0.9615,0.9595,0.876235049401976,0.9067222511724857,894084,864187,1241088,1208134,109615,87569,3637057.500047153,0.7204033879950495,0.7153072424085408,0.8773996626715164,0.8986689223512967,1923,1919,1747,1811,1685,238,15,62,1740,179,10,71,0.85,0.875,0.876235049401976,0.9067222511724856,0.9645105895821409,0.9607951408061844,1923,1919,5744.765915543627,66300.0,0.7204033879950495,0.7153072424085408,0.8773996626715164,0.8986689223512967
664,0.0,66068.0,4000,1673.738467146024,1677.13286081175,1651.9204440440176,1655.3782852129027,3.3943936657260565,3.4578411688851247,0.9816511227496534,0.024342126582131828,0.02420312854726443,0.024272627564698127,21.754575598847396,1922,1921,2000,2000,246,212,5747.944287567583,0.961,0.9605,0.8720083246618107,0.8896408120770432,896006,866108,1243088,1210134,109861,87781,3642805.4443347203,0.7207904830551015,0.7157124748168384,0.877388097847559,0.8986488982898206,1922,1921,1737,1774,1676,246,17,61,1709,212,14,65,0.8465,0.8615,0.8720083246618107,0.8896408120770432,0.9648819804260219,0.9633596392333709,1922,1921,5747.944287567583,66400.0,0.7207904830551015,0.7157124748168384,0.877388097847559,0.8986488982898206
665,0.0,66167.5,4000,1677.1430598049453,1680.5220002113474,1655.3913273552866,1658.8713823965236,3.37894040640208,3.4800550412369375,0.9709445300040663,0.024356486382754144,0.024219260642435774,0.02428787351259496,21.650617814823818,1922,1926,2000,2000,218,192,5751.050863317378,0.961,0.963,0.886576482830385,0.9003115264797508,897928,868034,1245088,1212134,110079,87973,3648556.4951980375,0.7211763345241461,0.7161204949287785,0.8774077654333087,0.8986525873410489,1922,1926,1770,1800,1704,218,12,66,1734,192,8,66,0.858,0.871,0.886576482830385,0.9003115264797508,0.9627118644067797,0.9633333333333334,1922,1926,5751.050863317378,66500.0,0.7211763345241461,0.7161204949287785,0.8774077654333087,0.8986525873410489
666,0.0,66267.0,4000,1680.5397475088323,1683.942623198957,1658.8886836289,1662.3688445518508,3.4028756901248016,3.480160922950745,0.977792626681063,0.024371275787398804,0.024235409832992588,0.024303342810195694,21.573778647106337,1929,1899,2000,2000,244,186,5754.207364742207,0.9645,0.9495,0.873509590461379,0.9020537124802528,899857,869933,1247088,1214134,110323,88159,3654310.7025627797,0.7215665614615809,0.7165049327339487,0.8773994090172105,0.8986600117480312,1929,1899,1746,1798,1685,244,10,61,1713,186,16,85,0.8475,0.8645,0.873509590461379,0.9020537124802528,0.9650630011454754,0.9527252502780867,1929,1899,5754.207364742207,66600.0,0.7215665614615809,0.7165049327339487,0.8773994090172105,0.8986600117480312
667,0.0,66366.5,4000,1683.9591066810651,1687.3793842118732,1662.3842963356547,1665.9347521926209,3.4202775308081073,3.5504558569662095,0.963334757168524,0.024386262795407444,0.024252536769386452,0.024319399782396948,21.444632019252367,1938,1925,2000,2000,220,179,5757.353528582035,0.969,0.9625,0.8864809081527347,0.907012987012987,901795,871858,1249088,1216134,110543,88338,3660068.0560913617,0.7219627440180355,0.7169094853034287,0.8774189255873008,0.8986784545189699,1938,1925,1766,1811,1718,220,14,48,1746,179,10,65,0.866,0.878,0.8864809081527347,0.907012987012987,0.9728199320498301,0.9641082274986196,1938,1925,5757.353528582035,66700.0,0.7219627440180355,0.7169094853034287,0.8774189255873008,0.8986784545189699
668,0.0,66466.0,4000,1687.3949011301188,1690.768000281779,1665.9551619756933,1669.4873311435704,3.373099151660199,3.5321691678771003,0.9549653460362133,0.024400484199454824,0.024269412896242903,0.024334948547848866,21.280669138208623,1937,1922,2000,2000,273,196,5760.481061995138,0.9685,0.961,0.8590604026845637,0.8980228928199792,903732,873780,1251088,1218134,110816,88534,3665828.5371533567,0.7223568605885438,0.7173102466559508,0.8773795771312735,0.8986770125203141,1937,1922,1718,1801,1664,273,9,54,1726,196,3,75,0.8365,0.8645,0.8590604026845637,0.8980228928199792,0.9685681024447031,0.9583564686285397,1937,1922,5760.481061995138,66800.0,0.7223568605885438,0.7173102466559508,0.8773795771312735,0.8986770125203141
669,0.0,66565.5,4000,1690.7825066646653,1694.1562468047061,1669.4989275678117,1673.0277841438399,3.373740140040809,3.528856576028147,0.95604342861621,0.024414657564222862,0.02428605731643192,0.02435035744032739,21.128462660866262,1926,1932,2000,2000,246,198,5763.604403538644,0.963,0.966,0.8722741433021807,0.8975155279503105,905658,875712,1253088,1220134,111062,88732,3671592.1415568953,0.7227409407798974,0.7177178900022456,0.877368719759556,0.8986744500475042,1926,1932,1740,1795,1680,246,14,60,1734,198,7,61,0.847,0.8705,0.8722741433021807,0.8975155279503105,0.9655172413793104,0.966016713091922,1926,1932,5763.604403538644,66900.0,0.7227409407798974,0.7177178900022456,0.877368719759556,0.8986744500475042
670,0.0,66665.0,4000,1694.1761691149384,1697.5046347826442,1673.047863514454,1676.533936997546,3.3284656677058138,3.4860734830920137,0.9547893020182673,0.024428193716782797,0.024302140109298532,0.024365166913040665,20.970697785098082,1939,1931,2000,2000,265,209,5766.756147944117,0.9695,0.9655,0.8633316142341413,0.891765924391507,907597,877643,1255088,1222134,111327,88941,3677358.8977048392,0.7231341547365603,0.7181233809058581,0.8773387307362188,0.8986592498316514,1939,1931,1722,1785,1674,265,13,48,1722,209,6,63,0.8435,0.864,0.8633316142341413,0.891765924391507,0.9721254355400697,0.9647058823529412,1939,1931,5766.756147944117,67000.0,0.7231341547365603,0.7181233809058581,0.8773387307362188,0.8986592498316514
671,0.0,66764.5,4000,1697.5225843587489,1700.875821405884,1676.5559798592462,1680.0203711938668,3.353237047135053,3.4643913346205863,0.9679152045051208,0.024442029294302343,0.024317881095667994,0.02437995519498517,20.855450212017104,1924,1932,2000,2000,239,187,5769.895991476258,0.962,0.966,0.8757796257796258,0.9032091097308489,909521,879575,1257088,1224134,111566,89128,3683128.7936963155,0.7235141851644435,0.7185283637248864,0.8773354326068337,0.8986692436688173,1924,1932,1748,1802,1685,239,13,63,1745,187,11,57,0.849,0.878,0.8757796257796258,0.9032091097308489,0.9639588100686499,0.9683684794672586,1924,1932,5769.895991476258,67100.0,0.7235141851644435,0.7185283637248864,0.8773354326068337,0.8986692436688173
672,0.0,66864.0,4000,1700.8926138287088,1704.254248510488,1680.0364638730896,1683.6020681577768,3.361634681779151,3.565604284687197,0.9427952216167084,0.024455931439766238,0.024334992834571908,0.024395462137169074,20.652180352711184,1920,1927,2000,2000,250,194,5773.031743437146,0.96,0.9635,0.8697916666666666,0.8993253762324858,911441,881502,1259088,1226134,111816,89322,3688901.8254397525,0.7238898313700075,0.7189279475163399,0.8773195412539045,0.898670678001865,1920,1927,1736,1802,1670,250,14,66,1733,194,4,69,0.842,0.8685,0.8697916666666666,0.8993253762324858,0.9619815668202765,0.9617092119866815,1920,1927,5773.031743437146,67200.0,0.7238898313700075,0.7189279475163399,0.8773195412539045,0.898670678001865
673,0.0,66963.5,4000,1704.2678922775538,1707.6189519131458,1683.6138808176825,1687.1701031528899,3.351059635592037,3.5562223352073943,0.9423088096646262,0.02446958835297101,0.024351850720332024,0.02441071953665152,20.44884876025594,1929,1930,2000,2000,264,191,5776.2030700662945,0.9645,0.965,0.8631415241057543,0.9010362694300518,913370,883432,1261088,1228134,112080,89513,3694678.028509819,0.7242714227714482,0.7193286726041295,0.8772895978628595,0.8986758460187089,1929,1930,1725,1797,1665,264,11,60,1739,191,12,58,0.838,0.8755,0.8631415241057543,0.9010362694300518,0.9652173913043478,0.9677239844184753,1929,1930,5776.2030700662945,67300.0,0.7242714227714482,0.7193286726041295,0.8772895978628595,0.8986758460187089
674,0.0,67063.0,4000,1707.63458093716,1711.0583566532227,1687.1899192217772,1690.6773643275267,3.4237757160626643,3.48744510574943,0.9817432568094622,0.02448431306965914,0.02436775689396116,0.02442603498181015,20.38099232569607,1937,1931,2000,2000,231,198,5779.370157872303,0.9685,0.9655,0.8807434176561694,0.8974624546866908,915307,885363,1263088,1230134,112311,89711,3700457.3986676913,0.7246581394170477,0.719728907582426,0.8772969069394203,0.8986731995802851,1937,1931,1761,1798,1706,231,8,55,1733,198,4,65,0.857,0.8685,0.8807434176561694,0.8974624546866908,0.9687677455990914,0.9638487208008899,1937,1931,5779.370157872303,67400.0,0.7246581394170477,0.719728907582426,0.8772969069394203,0.8986731995802851
675,0.0,67162.5,4000,1711.0755560573712,1714.4294651356204,1690.6961569310884,1694.164774844191,3.3539090782492167,3.468617913102662,0.9669295270545268,0.024497982361147017,0.024383321854365134,0.024440652107756075,20.26469029142936,1943,1929,2000,2000,257,211,5782.52966551484,0.9715,0.9645,0.8677303139475039,0.8906168999481596,917250,887292,1265088,1232134,112568,89922,3706239.928333206,0.7250483760813476,0.7201262200377556,0.877276642136822,0.8986556849379911,1943,1929,1733,1782,1686,257,10,47,1718,211,7,64,0.848,0.8625,0.8677303139475039,0.8906168999481596,0.9728793998845932,0.9640852974186308,1943,1929,5782.52966551484,67500.0,0.7250483760813476,0.7201262200377556,0.877276642136822,0.8986556849379911
676,0.0,67262.0,4000,1714.4462959983457,1717.8146233646994,1694.1878755807213,1697.6507309943454,3.3683273663536966,3.4628554136240837,0.9727022829487825,0.02451181904743347,0.024398819250292914,0.024455319148863192,20.163892370354006,1934,1926,2000,2000,258,212,5785.657043208918,0.967,0.963,0.8665977249224406,0.8899273104880582,919184,889218,1267088,1234134,112826,90134,3712025.585376415,0.7254302779286048,0.7205198138937912,0.8772541732667235,0.8986367797323042,1934,1926,1730,1781,1676,258,12,54,1714,212,7,67,0.844,0.8605,0.8665977249224406,0.8899273104880582,0.96878612716763,0.9623806850084222,1934,1926,5785.657043208918,67600.0,0.7254302779286048,0.7205198138937912,0.8772541732667235,0.8986367797323042
677,0.0,67361.5,4000,1717.8274904061568,1721.1899678756747,1697.6666095682497,1701.1928881083475,3.3624774695178985,3.526278540097792,0.9535484594545527,0.024525469898337933,0.02441510101083904,0.024470285454588486,19.99707976732725,1944,1941,2000,2000,271,187,5788.800013873567,0.972,0.9705,0.86059670781893,0.9036579082946935,921128,891159,1269088,1236134,113097,90321,3717814.3853902887,0.7258188557452281,0.7209242687281476,0.8772190184208927,0.8986477160641367,1944,1941,1720,1806,1673,271,9,47,1754,187,7,52,0.841,0.8805,0.86059670781893,0.9036579082946935,0.9726744186046512,0.9712070874861573,1944,1941,5788.800013873567,67700.0,0.7258188557452281,0.7209242687281476,0.8772190184208927,0.8986477160641367
678,0.0,67461.0,4000,1721.2032428343382,1724.6228196585016,1701.2132062631317,1704.667694582386,3.419576824163414,3.454488319254324,0.9898938737478651,0.024539928671095942,0.024430341370322146,0.024485135020709044,19.955125076115564,1926,1937,2000,2000,237,225,5791.898294997912,0.963,0.9685,0.8769470404984424,0.8838409912235415,923054,893096,1271088,1238134,113334,90546,3723606.2836852865,0.7261920496456579,0.7213241862350925,0.8772184509248646,0.8986156023540582,1926,1937,1745,1765,1689,237,18,56,1712,225,10,53,0.8535,0.861,0.8769470404984424,0.8838409912235415,0.9679083094555874,0.969971671388102,1926,1937,5791.898294997912,67800.0,0.7261920496456579,0.7213241862350925,0.8772184509248646,0.8986156023540582
679,0.0,67560.5,4000,1724.6461880170166,1728.1213019336735,1704.6829831588589,1708.2255053268586,3.4751139166569374,3.5425221679997776,0.9809716783280142,0.02455531143115577,0.024446759287957497,0.024501035359556632,19.895796606814883,1920,1952,2000,2000,226,190,5795.026268798505,0.96,0.976,0.8822916666666667,0.9026639344262295,924974,895048,1273088,1240134,113560,90736,3729401.309954085,0.7265593580333802,0.7217349092920604,0.8772289815713739,0.8986244313154155,1920,1952,1762,1805,1694,226,12,68,1762,190,5,43,0.853,0.8835,0.8822916666666667,0.9026639344262295,0.9614074914869466,0.9761772853185595,1920,1952,5795.026268798505,67900.0,0.7265593580333802,0.7217349092920604,0.8772289815713739,0.8986244313154155
680,0.0,67660.0,4000,1728.1409369783055,1731.538387855395,1708.2417226064656,1711.7452258051017,3.397450877089568,3.5035031986360536,0.9697296347302401,0.024569451942605857,0.02446256876662584,0.02451601035461585,19.793162050293404,1941,1950,2000,2000,259,190,5798.127415886177,0.9705,0.975,0.8665636269963937,0.9025641025641026,926915,896998,1275088,1242134,113819,90926,3735199.437369971,0.7269419836121115,0.7221426995799165,0.8772066478587572,0.8986329958372259,1941,1950,1726,1802,1682,259,15,44,1760,190,8,42,0.8485,0.884,0.8665636269963937,0.9025641025641026,0.9745075318655851,0.97669256381798,1941,1950,5798.127415886177,68000.0,0.7269419836121115,0.7221426995799165,0.8772066478587572,0.8986329958372259
681,0.0,67759.5,4000,1731.5516378064951,1734.9387408918967,1711.7612938519899,1715.3005351779843,3.387103085401577,3.5392413259944533,0.9570138833214126,0.024583305214885463,0.024478854412679,0.024531079813782233,19.638205713912384,1936,1947,2000,2000,254,187,5801.2092073988115,0.968,0.9735,0.868801652892562,0.903954802259887,928851,898945,1277088,1244134,114073,91113,3741000.64657737,0.7273194956024956,0.722546767470385,0.877189129365205,0.8986445221899004,1936,1947,1738,1805,1682,254,8,56,1760,187,8,45,0.845,0.884,0.868801652892562,0.903954802259887,0.9677790563866513,0.9750692520775623,1936,1947,5801.2092073988115,68100.0,0.7273194956024956,0.722546767470385,0.877189129365205,0.8986445221899004
682,0.0,67859.0,4000,1734.9598482123129,1738.366281808372,1715.319642095802,1718.8253328467345,3.4064335960590597,3.5056907509324446,0.9716868480635422,0.024597516510999635,0.02449464491454824,0.024546080712773935,19.54094896163747,1947,1928,2000,2000,223,190,5804.266493414969,0.9735,0.964,0.8854648176682075,0.9014522821576764,930798,900873,1279088,1246134,114296,91303,3746804.913070785,0.7277044269041693,0.7229342911757484,0.8772064400654063,0.8986505312069515,1947,1928,1771,1799,1724,223,6,47,1738,190,11,61,0.865,0.8745,0.8854648176682075,0.9014522821576764,0.9734613212874083,0.9660922734852696,1947,1928,5804.266493414969,68200.0,0.7277044269041693,0.7229342911757484,0.8772064400654063,0.8986505312069515
683,0.0,67958.5,4000,1738.375739907937,1741.7715865936,1718.8419106160925,1722.334930462133,3.3958466856629457,3.493019846040397,0.9721807591538294,0.024611360627165495,0.02451016662939368,0.024560763628279587,19.43665613146709,1958,1944,2000,2000,259,198,5807.312615942013,0.979,0.972,0.8677221654749745,0.8981481481481481,932756,902817,1281088,1248134,114555,91501,3752612.225686727,0.7280967427686467,0.7233333920877085,0.8771865310970929,0.898649449445458,1958,1944,1734,1798,1699,259,7,35,1746,198,4,52,0.853,0.875,0.8677221654749745,0.8981481481481481,0.9798154555940023,0.9710789766407119,1958,1944,5807.312615942013,68300.0,0.7280967427686467,0.7233333920877085,0.8771865310970929,0.898649449445458
684,0.0,68058.0,4000,1741.7844936676677,1745.1899401017608,1722.3529752435563,1725.8521115889394,3.4054464340931645,3.4991363453830218,0.9732248469215904,0.024625355034262632,0.02452575382915782,0.024575554431710226,19.33782851282149,1929,1946,2000,2000,243,193,5810.42238092618,0.9645,0.973,0.8740279937791602,0.9008221993833505,934685,904763,1283088,1250134,114798,91694,3758422.648067653,0.7284652338732807,0.7237328158421418,0.8771800125175861,0.8986541226818515,1929,1946,1744,1799,1686,243,13,58,1753,193,8,46,0.8495,0.8805,0.8740279937791602,0.9008221993833505,0.966743119266055,0.9744302390216787,1929,1946,5810.42238092618,68400.0,0.7284652338732807,0.7237328158421418,0.8771800125175861,0.8986541226818515
685,0.0,68157.5,4000,1745.208833442887,1748.5241732345748,1725.8703483252373,1729.4029434620672,3.3153397916878475,3.5325951368299684,0.9384997893256801,0.02463808054710041,0.024541786770620768,0.02458993365886059,19.121229772507604,1934,1940,2000,2000,277,189,5813.594419187797,0.967,0.97,0.8567735263702172,0.9025773195876289,936619,906703,1285088,1252134,115075,91883,3764236.242486841,0.7288364687865734,0.7241261717995039,0.8771378756997242,0.8986625168329652,1934,1940,1713,1803,1657,277,10,56,1751,189,8,52,0.8335,0.8795,0.8567735263702172,0.9025773195876289,0.9673088149445418,0.971159179145868,1934,1940,5813.594419187797,68500.0,0.7288364687865734,0.7241261717995039,0.8771378756997242,0.8986625168329652
686,0.0,68257.0,4000,1748.5389970754677,1751.9190249080177,1729.4231214720357,1732.9525020173667,3.380027832550013,3.5293805453309233,0.9576830237310364,0.024651652611513426,0.024557754407329768,0.024604703509421597,18.96652289065105,1934,1945,2000,2000,259,201,5816.707489252736,0.967,0.9725,0.8660806618407446,0.8966580976863753,938553,908648,1287088,1254134,115334,92084,3770052.9499760936,0.7292065499794885,0.7245222599817882,0.8771150909964595,0.8986582262878474,1934,1945,1732,1789,1675,259,9,57,1744,201,10,45,0.842,0.877,0.8660806618407446,0.8966580976863753,0.9670900692840647,0.9748462828395752,1934,1945,5816.707489252736,68600.0,0.7292065499794885,0.7245222599817882,0.8771150909964595,0.8986582262878474
687,0.0,68356.5,4000,1751.9356579579471,1755.3183409564222,1732.9687866499626,1736.4977499599584,3.3826829984750475,3.5289633099957882,0.9585486448367424,0.024665250148445787,0.024573612813470362,0.024619431480958076,18.820590996463807,1944,1951,2000,2000,267,197,5819.794993846453,0.972,0.9755,0.8626543209876543,0.8990261404407995,940497,910599,1289088,1256134,115601,92281,3775872.7449699403,0.7295832402442657,0.7249218634317677,0.8770852006970783,0.8986590145607452,1944,1951,1724,1792,1677,267,9,47,1754,197,11,38,0.843,0.8825,0.8626543209876543,0.8990261404407995,0.972737819025522,0.9787946428571429,1944,1951,5819.794993846453,68700.0,0.7295832402442657,0.7249218634317677,0.8770852006970783,0.8986590145607452
688,0.0,68456.0,4000,1755.3401188136188,1758.7713068847743,1736.5124362419194,1740.058415248168,3.431188071155475,3.545979006248672,0.9676278582329693,0.024679587952421186,0.024589649208918946,0.024634618580670065,18.712891636606173,1942,1947,2000,2000,244,169,5822.880745727401,0.971,0.9735,0.874356333676622,0.9131997945557268,942439,912546,1291088,1258134,115845,92450,3781695.625715668,0.7299572143804295,0.7253170171062859,0.8770795775641713,0.8986900386391481,1942,1947,1745,1821,1698,244,11,47,1778,169,10,43,0.8545,0.894,0.874356333676622,0.9131997945557268,0.9730659025787965,0.9763866007688083,1942,1947,5822.880745727401,68800.0,0.7299572143804295,0.7253170171062859,0.8770795775641713,0.8986900386391481
689,0.0,68555.5,4000,1758.7861785497125,1762.2102585223427,1740.0787020109485,1743.601504657517,3.4240799726301248,3.5228026465683797,0.9719760986229466,0.024693680736780056,0.024605383962017016,0.024649532349398536,18.608753864825758,1943,1945,2000,2000,221,205,5825.958615619437,0.9715,0.9725,0.8862583633556356,0.8946015424164524,944382,914491,1293088,1260134,116066,92655,3787521.584331287,0.730330805018684,0.725709329325294,0.8770984622747998,0.8986813429547147,1943,1945,1768,1787,1722,221,11,46,1740,205,8,47,0.8665,0.874,0.8862583633556356,0.8946015424164524,0.9739819004524887,0.9736989367655288,1943,1945,5825.958615619437,68900.0,0.730330805018684,0.725709329325294,0.8770984622747998,0.8986813429547147
690,0.0,68655.0,4000,1762.228515635676,1765.590116386025,1743.6183559442634,1747.197466203365,3.361600750348998,3.579110259101526,0.9392280502676859,0.02470687624098302,0.024621839369982905,0.024664357805482963,18.39265018266019,1940,1939,2000,2000,243,185,5829.014627869135,0.97,0.9695,0.8747422680412371,0.9045899948427024,946322,916430,1295088,1262134,116309,92840,3793350.5989591563,0.730700925342525,0.7260956443610583,0.8770936319772762,0.8986938445926039,1940,1939,1744,1809,1697,243,13,47,1754,185,6,55,0.855,0.88,0.8747422680412371,0.9045899948427024,0.9730504587155964,0.9695964621337756,1940,1939,5829.014627869135,69000.0,0.730700925342525,0.7260956443610583,0.8770936319772762,0.8986938445926039
691,0.0,68754.5,4000,1765.606834786243,1769.0395087454242,1747.2185741046949,1750.6908109083536,3.432673959181102,3.4722368036586886,0.9886059486392462,0.02472103984062558,0.024636762101791738,0.02467890097120866,18.34869783707063,1934,1934,2000,2000,250,215,5832.056303823936,0.967,0.967,0.8707342295760083,0.8888314374353671,948256,918364,1297088,1264134,116559,93055,3799182.65526298,0.7310652785316031,0.726476781733582,0.8770806617622245,0.8986730751640961,1934,1934,1739,1772,1684,250,11,55,1719,215,13,53,0.8475,0.866,0.8707342295760083,0.8888314374353671,0.968372627947096,0.9700902934537246,1934,1934,5832.056303823936,69100.0,0.7310652785316031,0.726476781733582,0.8770806617622245,0.8986730751640961
692,0.0,68854.0,4000,1769.0567821015522,1772.4205428217106,1750.7057255871628,1754.2199797983908,3.363760720158325,3.5142542112280353,0.9571762649984501,0.02473417466854789,0.024652159394853268,0.024693167031700578,18.200563023319773,1937,1930,2000,2000,262,197,5835.098509554216,0.9685,0.965,0.8647392875580795,0.8979274611398964,950193,920294,1299088,1266134,116821,93252,3805017.7537725344,0.7314308191592871,0.7268535557847747,0.8770555034608758,0.8986715114952396,1937,1930,1728,1796,1675,262,10,53,1733,197,7,63,0.8425,0.87,0.8647392875580795,0.8979274611398964,0.9693287037037037,0.9649220489977728,1937,1930,5835.098509554216,69200.0,0.7314308191592871,0.7268535557847747,0.8770555034608758,0.8986715114952396
693,0.0,68953.5,4000,1772.438507571012,1775.8102344886306,1754.233640541535,1757.69900460252,3.3717269176186164,3.4653640609851664,0.9729791324320683,0.02474739651847668,0.024666788671399358,0.02470709259493802,18.11122988611055,1943,1938,2000,2000,254,226,5838.084641554749,0.9715,0.969,0.8692743180648481,0.8833849329205367,952136,922232,1301088,1268134,117075,93478,3810855.8384140893,0.7317998475122359,0.7272354498814794,0.8770396245914449,0.8986393879197425,1943,1938,1733,1765,1689,254,13,44,1712,226,9,53,0.851,0.8605,0.8692743180648482,0.8833849329205367,0.9746105020196192,0.969971671388102,1943,1938,5838.084641554749,69300.0,0.7317998475122359,0.7272354498814794,0.8770396245914449,0.8986393879197425
694,0.0,69053.0,4000,1775.8275317039738,1779.240873855402,1757.7217172082817,1761.2977006469357,3.4133421514281963,3.5759834386540206,0.9545184450610763,0.02476117028958509,0.02468310015810362,0.024722135223844355,17.943173208466305,1953,1943,2000,2000,246,202,5841.041353703874,0.9765,0.9715,0.8740399385560675,0.8960370560988162,954089,924175,1303088,1270134,117321,93680,3816696.879767793,0.7321754171629238,0.7276200778815464,0.8770334842975865,0.8986339167365488,1953,1943,1742,1792,1707,246,12,35,1741,202,6,51,0.8595,0.8735,0.8740399385560675,0.8960370560988162,0.9799081515499426,0.9715401785714286,1953,1943,5841.041353703874,69400.0,0.7321754171629238,0.7276200778815464,0.8770334842975865,0.8986339167365488
695,0.0,69152.5,4000,1779.260553730873,1782.6612350620248,1761.3197686714877,1764.8474527618619,3.4006813311518727,3.527684090374123,0.9639982617579622,0.02477475653674573,0.02469866047607651,0.024736708506411118,17.813782300162984,1938,1945,2000,2000,253,198,5844.009699578738,0.969,0.9725,0.869453044375645,0.8982005141388175,956027,926120,1305088,1272134,117574,93878,3822540.889467372,0.7325383422420557,0.7280050686484285,0.8770181176891447,0.898633006521833,1938,1945,1739,1790,1685,253,8,54,1747,198,12,43,0.8465,0.8795,0.869453044375645,0.8982005141388175,0.9689476710753306,0.975977653631285,1938,1945,5844.009699578738,69500.0,0.7325383422420557,0.7280050686484285,0.8770181176891447,0.898633006521833
696,0.0,69252.0,4000,1782.6785197099277,1786.0365479534805,1764.8641665761756,1768.4015144936634,3.3580282435527806,3.5373479174877502,0.9493067467159624,0.024787656497058674,0.024714238000274696,0.024750947248666687,17.635033459817123,1942,1942,2000,2000,247,195,5846.957387359052,0.971,0.971,0.872811534500515,0.8995880535530381,957969,928062,1307088,1274134,117821,94073,3828387.846854731,0.7329032169218905,0.728386496239799,0.8770095900806811,0.8986350049888908,1942,1942,1740,1797,1695,247,13,45,1747,195,8,50,0.854,0.8775,0.872811534500515,0.8995880535530381,0.9741379310344828,0.9721758486366165,1942,1942,5846.957387359052,69600.0,0.7329032169218905,0.728386496239799,0.8770095900806811,0.8986350049888908
697,0.0,69351.5,4000,1786.059855688607,1789.4461531914042,1768.4199925937346,1771.9705273058576,3.386297502797106,3.5505347121229534,0.9537429647525835,0.024801011440935543,0.02472998533186963,0.024765498386402587,17.475625885546606,1938,1941,2000,2000,246,192,5849.840975994749,0.969,0.9705,0.8730650154798761,0.9010819165378671,959907,930003,1309088,1276134,118067,94265,3834237.6878307257,0.733263921142047,0.728765944642177,0.8770016261992047,0.8986401119136175,1938,1941,1744,1796,1692,246,10,52,1749,192,12,47,0.851,0.8805,0.8730650154798761,0.9010819165378671,0.9701834862385321,0.9738307349665924,1938,1941,5849.840975994749,69700.0,0.733263921142047,0.728765944642177,0.8770016261992047,0.8986401119136175
698,0.0,69451.0,4000,1789.4643293531947,1792.867863366671,1771.9885358325107,1775.4297437042592,3.4035340134762464,3.4412078717484746,0.9890521410864127,0.024814501541668685,0.02474411452764634,0.024779308034657513,17.438119662411736,1929,1936,2000,2000,257,231,5852.764558430667,0.9645,0.968,0.8667703473302228,0.8806818181818181,961836,931939,1311088,1278134,118324,94496,3840090.4523891564,0.7336166603614708,0.7291402935842408,0.8769811069662603,0.8986028055484319,1929,1936,1732,1760,1672,257,11,60,1705,231,9,55,0.8415,0.857,0.866770347330223,0.8806818181818182,0.9653579676674365,0.96875,1929,1936,5852.764558430667,69800.0,0.7336166603614708,0.7291402935842408,0.8769811069662603,0.8986028055484319
699,0.0,69550.5,4000,1792.8828085183811,1796.2339236545497,1775.4468045622054,1778.9490223792286,3.3511151361685734,3.5022178170231655,0.9568551447256849,0.024827156908388454,0.02475906255657631,0.02479310973248238,17.28490127532109,1922,1947,2000,2000,261,198,5855.702272394243,0.961,0.9735,0.86420395421436,0.8983050847457628,963758,933886,1313088,1280134,118585,94694,3845946.1546615507,0.7339629941024516,0.7295220656587513,0.8769556257898767,0.8986021848491144,1922,1947,1724,1798,1661,261,15,63,1749,198,4,49,0.838,0.8765,0.86420395421436,0.8983050847457628,0.9634570765661253,0.9727474972191323,1922,1947,5855.702272394243,69900.0,0.7339629941024516,0.7295220656587513,0.8769556257898767,0.8986021848491144
700,0.0,69650.0,4000,1796.2516596965609,1799.5880091937258,1778.9700701009017,1782.5040820801767,3.3363494971649743,3.5340119792749647,0.9440685308173339,0.024839605049078988,0.02477447903436617,0.024807042041722578,17.08392711354918,1934,1936,2000,2000,259,196,5858.600162790642,0.967,0.968,0.8660806618407446,0.8987603305785123,965692,935822,1315088,1282134,118844,94890,3851804.7548243413,0.7343173992919105,0.729894067234782,0.8769338464023726,0.898602512016174,1934,1936,1725,1793,1675,259,16,50,1740,196,11,53,0.8455,0.8755,0.8660806618407446,0.8987603305785123,0.9710144927536232,0.9704406023424428,1934,1936,5858.600162790642,70000.0,0.7343173992919105,0.729894067234782,0.8769338464023726,0.898602512016174
701,0.0,69749.5,4000,1799.6028494607906,1802.8862179726557,1782.5226356269225,1785.9223715040987,3.283368511865092,3.3997358771762265,0.9657716453527009,0.024851220573672738,0.02478790045405926,0.024819560513866,16.963846468556994,1935,1935,2000,2000,267,218,5861.485852502117,0.9675,0.9675,0.8620155038759689,0.8873385012919897,967627,937757,1317088,1284134,119111,95108,3857666.2406768436,0.7346714874025122,0.7302641313133987,0.8769040136333526,0.8985792694695961,1935,1935,1719,1774,1668,267,14,51,1717,218,8,57,0.841,0.8625,0.862015503875969,0.8873385012919897,0.9703315881326352,0.967869222096956,1935,1935,5861.485852502117,70100.0,0.7346714874025122,0.7302641313133987,0.8769040136333526,0.8985792694695961
702,0.0,69849.0,4000,1802.898076647352,1806.3070576819168,1785.941073520634,1789.4574699555628,3.408981034564931,3.5163964349287653,0.9694529890609418,0.024864549884953277,0.024802947582350687,0.024833748733651982,16.849587726354002,1923,1940,2000,2000,249,194,5864.323640438875,0.9615,0.97,0.8705148205928237,0.9,969550,939697,1319088,1286134,119360,95302,3863530.5643172823,0.7350154045825601,0.7306369320770619,0.8768913413439224,0.8985822025610383,1923,1940,1734,1796,1674,249,17,60,1746,194,10,50,0.8455,0.878,0.8705148205928237,0.9,0.9653979238754326,0.9721603563474388,1923,1940,5864.323640438875,70200.0,0.7350154045825601,0.7306369320770619,0.8768913413439224,0.8985822025610383
703,0.0,69948.5,4000,1806.3273216952184,1809.659450191178,1789.4742860257436,1792.970364723687,3.332128495959523,3.4960786979434033,0.953104544791762,0.02487686763062562,0.024817636060442995,0.02484725184553431,16.68908546749094,1930,1936,2000,2000,266,191,5867.177519591329,0.965,0.968,0.8621761658031089,0.9013429752066116,971480,941633,1321088,1288134,119626,95493,3869397.741836874,0.7353635791105513,0.7310054699278181,0.8768621073002018,0.8985878787170798,1930,1936,1721,1798,1664,266,13,57,1745,191,11,53,0.8385,0.878,0.8621761658031089,0.9013429752066116,0.9668797210923882,0.9705228031145717,1930,1936,5867.177519591329,70300.0,0.7353635791105513,0.7310054699278181,0.8768621073002018,0.8985878787170798
704,0.0,70048.0,4000,1809.6757680834758,1813.0242174340046,1792.9855530634525,1796.531612125899,3.348449350528881,3.546059062446602,0.9442734290552453,0.024889326160167726,0.024832969637093104,0.024861147898630413,16.492605308105567,1933,1932,2000,2000,250,190,5870.022587058404,0.9665,0.966,0.8706673564407656,0.9016563146997929,973413,943565,1323088,1290134,119876,95683,3875267.7644239324,0.7357129684495665,0.7313697646911096,0.8768498057864442,0.8985941615045069,1933,1932,1730,1802,1683,250,20,47,1742,190,8,60,0.8515,0.875,0.8706673564407656,0.901656314699793,0.9728323699421966,0.9667036625971143,1933,1932,5870.022587058404,70400.0,0.7357129684495665,0.7313697646911096,0.8768498057864442,0.8985941615045069
705,0.0,70147.5,4000,1813.044572863336,1816.3582353535792,1796.544638263057,1800.0241712665402,3.313662490243132,3.479533003483084,0.9523296623213771,0.024901313185750104,0.02484728541265242,0.024874299299201263,16.334064087038996,1925,1919,2000,2000,246,198,5872.773089009803,0.9625,0.9595,0.8722077922077922,0.8968212610734758,975338,945484,1325088,1292134,120122,95881,3881140.537512942,0.7360552657634813,0.7317228708477603,0.8768406439613754,0.8985905631401483,1925,1919,1739,1797,1679,246,15,60,1721,198,5,76,0.847,0.863,0.8722077922077922,0.8968212610734758,0.9654974123059229,0.9577072899276572,1925,1919,5872.773089009803,70500.0,0.7360552657634813,0.7317228708477603,0.8768406439613754,0.8985905631401483
706,0.0,70247.0,4000,1816.3770745566028,1819.7770786969413,1800.0353656361538,1803.5461569791482,3.400004140338524,3.51079134299448,0.9684438088646243,0.024914467747007715,0.024861977440575122,0.02488822259379142,16.23092171779308,1912,1924,2000,2000,237,183,5875.575271001627,0.956,0.962,0.8760460251046025,0.9048856548856549,977250,947408,1327088,1294134,120359,96064,3887016.112783944,0.7363867354689365,0.7320787491867148,0.8768390892811461,0.8986033472379376,1912,1924,1743,1806,1675,237,20,68,1741,183,11,65,0.8475,0.876,0.8760460251046025,0.9048856548856549,0.9609868043602984,0.9640088593576965,1912,1924,5875.575271001627,70600.0,0.7363867354689365,0.7320787491867148,0.8768390892811461,0.8986033472379376
707,0.0,70346.5,4000,1819.7886013624395,1823.179395085352,1803.563264677179,1807.06461103852,3.3907937229125764,3.5013463613411204,0.9684256777195276,0.024927351334188903,0.02487657795422879,0.024901964644208845,16.11478404683203,1921,1941,2000,2000,282,192,5878.3527936062665,0.9605,0.9705,0.8532014575741801,0.9010819165378671,979171,949349,1329088,1296134,120641,96256,3892894.46557755,0.7367239791496124,0.732446645177119,0.8767927154705358,0.898608414818997,1921,1941,1697,1795,1639,282,21,58,1749,192,13,46,0.83,0.881,0.8532014575741801,0.9010819165378671,0.9658220388921627,0.9743732590529248,1921,1941,5878.3527936062665,70700.0,0.7367239791496124,0.732446645177119,0.8767927154705358,0.898608414818997
708,0.0,70446.0,4000,1823.1942486032278,1826.581138549178,1807.0895786471367,1810.6426758206205,3.386889945950088,3.5530971734838204,0.9532218739261877,0.024940190434900863,0.02489197918285418,0.024916084808877522,15.938462728557397,1930,1925,2000,2000,236,202,5881.150865116305,0.965,0.9625,0.877720207253886,0.8950649350649351,981101,951274,1331088,1298134,120877,96458,3898775.6164426664,0.7370669707787915,0.732801082168713,0.8767945400116808,0.898601244226164,1930,1925,1752,1789,1694,236,12,58,1723,202,9,66,0.853,0.866,0.877720207253886,0.8950649350649351,0.9668949771689498,0.9631078814980436,1930,1925,5881.150865116305,70800.0,0.7370669707787915,0.732801082168713,0.8767945400116808,0.898601244226164
709,0.0,70545.5,4000,1826.5977178811056,1829.9652256952108,1810.6626965868884,1814.2018176902052,3.367507814105238,3.539121103316802,0.9515096307242126,0.02495274428684082,0.024907070070742745,0.02492990717879178,15.763408005005658,1918,1918,2000,2000,239,173,5883.887305033857,0.959,0.959,0.8753910323253389,0.9098018769551617,983019,953192,1333088,1300134,121116,96631,3904659.5037477002,0.7373999315874121,0.7331490446369374,0.8767918015826754,0.8986237819872597,1918,1918,1740,1817,1679,239,21,61,1745,173,10,72,0.85,0.8775,0.8753910323253389,0.9098018769551617,0.9649425287356321,0.9603742432581178,1918,1918,5883.887305033857,70900.0,0.7373999315874121,0.7331490446369374,0.8767918015826754,0.8986237819872597
710,0.0,70645.0,4000,1829.9848297084552,1833.409775422696,1814.2223373010895,1817.6556039029356,3.424945714240721,3.4332666018460714,0.9975763933972165,0.02496611436147182,0.024920634566597058,0.02494337446403444,15.754171519760348,1921,1919,2000,2000,230,202,5886.595745399054,0.9605,0.9595,0.8802706923477356,0.8947368421052632,984940,955111,1335088,1302134,121346,96833,3910546.0994930994,0.7377341418693,0.7334967061761692,0.8767985867159421,0.8986159723843616,1921,1919,1748,1780,1691,230,22,57,1717,202,18,63,0.8565,0.8675,0.8802706923477356,0.8947368421052632,0.967391304347826,0.9646067415730337,1921,1919,5886.595745399054,71000.0,0.7377341418693,0.7334967061761692,0.8767985867159421,0.8986159723843616
711,0.0,70744.5,4000,1833.42996254435,1836.82150380358,1817.6709855834147,1821.156808886619,3.3915412592300527,3.48582330320437,0.9729527185478255,0.024978985204576417,0.024934827837019332,0.024956906520797874,15.664694916961025,1928,1920,2000,2000,241,177,5889.273145888914,0.964,0.96,0.875,0.9078125,986868,957031,1337088,1304134,121587,97010,3916435.3726389883,0.7380725875933372,0.7338440681709089,0.8767950728972872,0.8986344225004206,1928,1920,1733,1807,1687,241,26,46,1743,177,16,64,0.8565,0.8795,0.875,0.9078125,0.9734564339296018,0.9645821804095185,1928,1920,5889.273145888914,71100.0,0.7380725875933372,0.7338440681709089,0.8767950728972872,0.8986344225004206
712,0.0,70844.0,4000,1836.835208529641,1840.2635089794571,1821.173768498544,1824.6385797404712,3.4283004498161063,3.4648112419272366,0.9894624008173034,0.024992245129512085,0.02494870828744279,0.024970476708477435,15.624929238985942,1924,1904,2000,2000,242,192,5891.968326427987,0.962,0.952,0.8742203742203742,0.8991596638655462,988792,958935,1339088,1306134,121829,97202,3922327.3409654163,0.7384070352359218,0.7341781164872823,0.8767900630263998,0.8986354653860793,1924,1904,1737,1788,1682,242,21,55,1712,192,20,76,0.8515,0.866,0.8742203742203742,0.8991596638655462,0.9683362118595279,0.9574944071588367,1924,1904,5891.968326427987,71200.0,0.7384070352359218,0.7341781164872823,0.8767900630263998,0.8986354653860793
713,0.0,70943.5,4000,1840.2819570287404,1843.6267691110004,1824.6584732140318,1828.1230766769663,3.3448120822599776,3.4646034629345195,0.9654242160881873,0.02500436344113329,0.024962588036499603,0.024983475738816447,15.503692434034065,1896,1893,2000,2000,234,185,5894.66989187186,0.948,0.9465,0.8765822784810127,0.9022715266772319,990688,960828,1341088,1308134,122063,97387,3928222.0108572883,0.7387196067670428,0.7345027344293474,0.8767896653638684,0.8986426290657641,1896,1893,1733,1785,1662,234,33,71,1708,185,30,77,0.8475,0.869,0.8765822784810127,0.9022715266772319,0.9590305828043855,0.9568627450980393,1896,1893,5894.66989187186,71300.0,0.7387196067670428,0.7345027344293474,0.8767896653638684,0.8986426290657641
714,0.0,71043.0,4000,1843.639791906428,1846.9509661056563,1828.1399554997977,1831.605832686034,3.3111741992283896,3.465877186236412,0.9553639731891326,0.025015900705146494,0.02497640452397044,0.024996152614558467,15.345133419622243,1925,1904,2000,2000,271,194,5897.266181031205,0.9625,0.952,0.8592207792207792,0.898109243697479,992613,962732,1343088,1310134,122334,97581,3934119.2770383195,0.7390528394267538,0.7348347573606975,0.8767555935696993,0.8986415741867935,1925,1904,1713,1786,1654,271,16,59,1710,194,20,76,0.835,0.865,0.8592207792207792,0.898109243697479,0.9655575014594279,0.9574468085106383,1925,1904,5897.266181031205,71400.0,0.7390528394267538,0.7348347573606975,0.8767555935696993,0.8986415741867935
715,0.0,71142.5,4000,1846.9652493293484,1850.2953678427166,1831.6255717209285,1835.0979022900574,3.330118513368234,3.4723305691288715,0.9590442059218125,0.025027688280902377,0.024990312623993188,0.025009000452447784,15.197465552659196,1892,1896,2000,2000,246,172,5899.825085768556,0.946,0.948,0.8699788583509513,0.9092827004219409,994505,964628,1345088,1312134,122580,97753,3940019.102124088,0.7393605474139981,0.7351596711921191,0.8767427011427795,0.898662489581476,1892,1896,1727,1803,1646,246,27,81,1724,172,25,79,0.8365,0.8745,0.8699788583509513,0.9092827004219409,0.9530978575564563,0.9561841375485303,1892,1896,5899.825085768556,71500.0,0.7393605474139981,0.7351596711921191,0.8767427011427795,0.898662489581476
716,0.0,71242.0,4000,1850.3103883658086,1853.6329230762751,1835.114460034391,1838.564918407521,3.3225347104664706,3.4504583731300045,0.9629256032590561,0.02503934730891171,0.025003831965544364,0.025021589637228038,15.068004668754156,1908,1895,2000,2000,245,174,5902.349893042424,0.954,0.9475,0.8715932914046122,0.908179419525066,996413,966523,1347088,1314134,122825,97927,3945921.4520171303,0.7396792191749908,0.735482835083789,0.8767328406995895,0.8986811488190142,1908,1895,1724,1798,1663,245,31,61,1721,174,28,77,0.847,0.8745,0.8715932914046122,0.908179419525066,0.9646171693735499,0.957174638487208,1908,1895,5902.349893042424,71600.0,0.7396792191749908,0.735482835083789,0.8767328406995895,0.8986811488190142
717,0.0,71341.5,4000,1853.6509512615905,1856.9271629427406,1838.5833035464734,1841.968010789047,3.2762116811500164,3.3847072425735405,0.967945363173853,0.025050369695739802,0.02501642205180617,0.025033395873772984,14.959152153693594,1874,1884,2000,2000,248,176,5904.865084587407,0.937,0.942,0.8676627534685165,0.9065817409766455,998287,968407,1349088,1316134,123073,98103,3951826.317101718,0.7399717438743804,0.7357966590028067,0.876715814189707,0.8986965191288374,1874,1884,1708,1798,1626,248,44,82,1708,176,26,90,0.835,0.867,0.8676627534685165,0.9065817409766455,0.9519906323185011,0.949944382647386,1874,1884,5904.865084587407,71700.0,0.7399717438743804,0.7357966590028067,0.876715814189707,0.8986965191288374
718,0.0,71441.0,4000,1856.9394686376866,1860.2753377011977,1841.9844889679036,1845.4796353473796,3.3358690635111543,3.4951463794759547,0.9544289999125354,0.025062112561880238,0.025030488658396032,0.025046300610138135,14.795702353818115,1865,1882,2000,2000,225,162,5907.29046249958,0.9325,0.941,0.8793565683646113,0.9139213602550478,1000152,970289,1351088,1318134,123298,98265,3957733.6075642174,0.7402567412337316,0.7361080132975858,0.876720738447756,0.8987260496614926,1865,1882,1736,1802,1640,225,39,96,1720,162,36,82,0.8395,0.878,0.8793565683646113,0.9139213602550478,0.9447004608294931,0.9544950055493896,1865,1882,5907.29046249958,71800.0,0.7402567412337316,0.7361080132975858,0.876720738447756,0.8987260496614926
719,0.0,71540.5,4000,1860.2932850567029,1863.6049363221023,1845.4957894399924,1848.900605078846,3.311651265399405,3.4048156388535062,0.9726374690039099,0.025073564402835962,0.025043255290741327,0.025058409846788643,14.70433124325632,1813,1854,2000,2000,178,166,5909.523471438522,0.9065,0.927,0.9018201875344732,0.9104638619201726,1001965,972143,1353088,1320134,123476,98431,3963643.1310356557,0.7405024654715732,0.7363972142221926,0.876766154506395,0.898748435158202,1813,1854,1734,1789,1635,178,88,99,1688,166,45,101,0.8615,0.8665,0.9018201875344732,0.9104638619201726,0.9429065743944637,0.9435438792621577,1813,1854,5909.523471438522,71900.0,0.7405024654715732,0.7363972142221926,0.876766154506395,0.898748435158202
720,0.0,71640.0,4000,1863.6247086499964,1866.890751344133,1848.9208103057804,1852.3330826468061,3.2660426941365586,3.412272341025755,0.9571459624921853,0.025084376327582446,0.02505614629128141,0.025070261309431928,14.55766869732679,1783,1779,2000,2000,162,116,5911.502668485331,0.8915,0.8895,0.9091418956814358,0.9347948285553682,1003748,973922,1355088,1322134,123638,98547,3969554.6337041412,0.7407253255877109,0.7366288137208483,0.87682366490394,0.8988142787615435,1783,1779,1727,1800,1621,162,111,106,1663,116,84,137,0.866,0.8735,0.9091418956814358,0.9347948285553682,0.9386218876664737,0.9238888888888889,1783,1779,5911.502668485331,72000.0,0.7407253255877109,0.7366288137208483,0.87682366490394,0.8988142787615435
721,0.0,71739.5,4000,1866.9023570295117,1870.205306387951,1852.3499253259827,1855.7778853647296,3.302949358439264,3.42796003874696,0.9635320485377094,0.025095556874199086,0.02506917247836595,0.02508236467628252,14.427421023221314,1720,1731,2000,2000,121,90,5913.128488503166,0.86,0.8655,0.9296511627906977,0.9480069324090121,1005468,975653,1357088,1324134,123759,98637,3975467.7621926446,0.7409011058973332,0.7368234634863239,0.8769140340617504,0.898901556188522,1720,1731,1749,1813,1599,121,130,150,1641,90,97,172,0.8645,0.869,0.9296511627906977,0.9480069324090121,0.9142367066895368,0.9051296194153337,1720,1731,5913.128488503166,72100.0,0.7409011058973332,0.7368234634863239,0.8769140340617504,0.898901556188522
722,0.0,71839.0,4000,1870.220502048216,1873.431749122797,1855.7964318928432,1859.2050393342056,3.211247074581024,3.408607441362392,0.9420994144451893,0.025105486057681446,0.025081918139330486,0.025093702098505966,14.226709788591506,1693,1736,2000,2000,124,97,5914.573171912531,0.8465,0.868,0.9267572356763143,0.9441244239631337,1007161,977389,1359088,1326134,123883,98734,3981382.3353645573,0.7410565025958584,0.7370212964903999,0.876997818620856,0.8989818792722243,1693,1736,1741,1808,1569,124,135,172,1639,97,95,169,0.852,0.867,0.9267572356763142,0.9441244239631337,0.9012062033314188,0.9065265486725663,1693,1736,5914.573171912531,72200.0,0.7410565025958584,0.7370212964903999,0.876997818620856,0.8989818792722243
723,0.0,71938.5,4000,1873.447305563941,1876.6616828937617,1859.2192894636687,1862.5822610794773,3.2143773298207634,3.3629716158086467,0.9558145881192183,0.02511543605996632,0.025093937917080675,0.0251046869885235,14.079421814284387,1690,1706,2000,2000,102,102,5915.949234406829,0.845,0.853,0.9396449704142011,0.94021101992966,1008851,979095,1361088,1328134,123985,98836,3987298.2845989643,0.7412092384915597,0.7371959455898275,0.8771027634407856,0.8990537179742517,1690,1706,1761,1789,1588,102,137,173,1604,102,109,185,0.8625,0.8565,0.9396449704142011,0.94021101992966,0.9017603634298694,0.8965902738960313,1690,1706,5915.949234406829,72300.0,0.7412092384915597,0.7371959455898275,0.8771027634407856,0.8990537179742517
724,0.0,72038.0,4000,1876.672436775428,1879.8625894864438,1862.5911799592884,1866.0003669804141,3.1901527110157986,3.4091870211257174,0.935751747043319,0.025124957648180207,0.02510648918930759,0.0251157234187439,13.862222506029639,1688,1735,2000,2000,118,85,5917.210189395945,0.844,0.8675,0.9300947867298578,0.9510086455331412,1010539,980830,1363088,1330134,124103,98921,3993215.4947883603,0.7413600589250291,0.7373918717963754,0.8771912810886071,0.8991456215654089,1688,1735,1723,1811,1570,118,159,153,1650,85,104,161,0.8645,0.877,0.9300947867298578,0.9510086455331412,0.9112013929193268,0.9110988404196576,1688,1735,5917.210189395945,72400.0,0.7413600589250291,0.7373918717963754,0.8771912810886071,0.8991456215654089
725,0.0,72137.5,4000,1879.8809809096372,1883.1776963698494,1866.0173996447097,1869.384446767676,3.2967154602122264,3.367047122966369,0.9791117676154825,0.025136028146367624,0.0251185365116294,0.02512728232899851,13.793249602173319,1676,1711,2000,2000,86,81,5918.345001050208,0.838,0.8555,0.9486873508353222,0.9526592635885447,1012215,982541,1365088,1332134,124189,99002,3999133.8397894106,0.7415016467802809,0.7375691934895439,0.8773096624728935,0.8992388103906097,1676,1711,1735,1793,1590,86,179,145,1630,81,126,163,0.8845,0.878,0.9486873508353222,0.9526592635885447,0.9164265129682997,0.9090909090909091,1676,1711,5918.345001050208,72500.0,0.7415016467802809,0.7375691934895439,0.8773096624728935,0.8992388103906097
726,0.0,72237.0,4000,1883.191709259769,1886.363662503162,1869.398058991869,1872.7398839046375,3.171953243393091,3.341824912768516,0.949167992396497,0.025145289349104205,0.025130156118871805,0.025137722733988004,13.623778598524495,1621,1685,2000,2000,78,50,5919.454986524294,0.8105,0.8425,0.9518815545959285,0.9703264094955489,1013836,984226,1367088,1334134,124267,99052,4005053.294775935,0.7416025888604099,0.7377264952396086,0.8774288938250367,0.8993605127277678,1621,1685,1716,1806,1543,78,206,173,1635,50,144,171,0.8745,0.8895,0.9518815545959285,0.9703264094955489,0.8991841491841492,0.9053156146179402,1621,1685,5919.454986524294,72600.0,0.7416025888604099,0.7377264952396086,0.8774288938250367,0.8993605127277678
727,0.0,72336.5,4000,1886.3806778512442,1889.5145119535177,1872.7601071002248,1876.0138480609016,3.1338341022735676,3.2537409606768506,0.9631480010694091,0.02515404203845008,0.025140623086469836,0.02514733256245996,13.500663892616103,1586,1616,2000,2000,68,57,5920.2805938856145,0.793,0.808,0.957124842370744,0.9647277227722773,1015422,985842,1369088,1336134,124335,99109,4010973.5753698205,0.7416776715594615,0.7378316845466099,0.8775533718985801,0.899467663175235,1586,1616,1721,1774,1518,68,211,203,1559,57,169,215,0.8645,0.864,0.957124842370744,0.9647277227722773,0.8820453224869262,0.87880496054115,1586,1616,5920.2805938856145,72700.0,0.7416776715594615,0.7378316845466099,0.8775533718985801,0.899467663175235
728,0.0,72436.0,4000,1889.5309752048781,1892.765291664595,1876.0278520803936,1879.3745115750635,3.234316459716865,3.3466594946698933,0.9664312921192153,0.025164143350362614,0.02515225222390823,0.02515819778713542,13.390780089531518,1591,1602,2000,2000,51,38,5921.069698157008,0.7955,0.801,0.9679446888749215,0.9762796504369539,1017013,987444,1371088,1338134,124386,99147,4016894.6450679773,0.7417561819518513,0.7379260970874367,0.8776947787294754,0.89959228067617,1591,1602,1748,1783,1540,51,201,208,1564,38,179,219,0.8705,0.8715,0.9679446888749215,0.9762796504369539,0.8810068649885584,0.8771733034212003,1591,1602,5921.069698157008,72800.0,0.7417561819518513,0.7379260970874367,0.8776947787294754,0.89959228067617
729,0.0,72535.5,4000,1892.7795348625532,1895.9713052340737,1879.3911653763,1882.7064961844014,3.1917703715205334,3.3153308081014075,0.9627305859557245,0.02517360287346882,0.025163456056376637,0.025168529464922727,13.264809049672294,1587,1605,2000,2000,56,47,5921.9303838090445,0.7935,0.8025,0.9647132955261499,0.9707165109034268,1018600,989049,1373088,1340134,124442,99194,4022816.575451786,0.741831550490573,0.7380224664100754,0.8778303553897506,0.8997076990118791,1587,1605,1728,1787,1531,56,216,197,1558,47,166,229,0.8735,0.862,0.9647132955261499,0.9707165109034268,0.8859953703703703,0.8718522663682149,1587,1605,5921.9303838090445,72900.0,0.741831550490573,0.7380224664100754,0.8778303553897506,0.8997076990118791
730,0.0,72635.0,4000,1895.9878693016867,1899.2949483302984,1882.7216881040235,1886.0623783782853,3.3070790286117244,3.3406902742617604,0.9899388321302958,0.025184647843453447,0.02517495655758549,0.02517980220051947,13.232569952013137,1629,1627,2000,2000,58,51,5922.774349098762,0.8145,0.8135,0.9643953345610804,0.9686539643515673,1020229,990676,1375088,1342134,124500,99245,4028739.3498008847,0.7419372432891568,0.7381349403263757,0.8779685737221742,0.8998209303546265,1629,1627,1743,1770,1571,58,199,172,1576,51,179,194,0.885,0.8775,0.9643953345610804,0.9686539643515673,0.9013195639701663,0.8903954802259887,1629,1627,5922.774349098762,73000.0,0.7419372432891568,0.7381349403263757,0.8779685737221742,0.8998209303546265
731,0.0,72734.5,4000,1899.3106967522695,1902.5175286439676,1886.0771324456514,1889.3764023680435,3.2068318916981298,3.2992699223921136,0.9719822770284396,0.02519428006683681,0.02518585297802324,0.025190066522430027,13.14112627592408,1609,1651,2000,2000,64,53,5923.683274025882,0.8045,0.8255,0.9602237414543194,0.9678982434887947,1021838,992327,1377088,1344134,124564,99298,4034663.0330749108,0.7420281056838779,0.738264934894884,0.8780980938270059,0.89993419507884,1609,1651,1718,1795,1545,64,218,173,1598,53,152,197,0.8815,0.875,0.9602237414543194,0.9678982434887947,0.8993015133876601,0.89025069637883,1609,1651,5923.683274025882,73100.0,0.7420281056838779,0.738264934894884,0.8780980938270059,0.89993419507884
732,0.0,72834.0,4000,1902.5346876097867,1905.9050810173133,1889.3942774721775,1892.7592788154548,3.370393407526535,3.3650013432772994,1.0016023958682834,0.025206139689332194,0.02519766023416544,0.02520189996174882,13.145802201858487,1647,1657,2000,2000,53,57,5924.584433721387,0.8235,0.8285,0.9678202792956891,0.9656004828002414,1023485,993984,1379088,1346134,124617,99355,4040587.617508632,0.7421462589769471,0.7383990003966916,0.8782424754637342,0.9000436626746507,1647,1657,1752,1789,1594,53,195,158,1600,57,154,189,0.8945,0.877,0.9678202792956891,0.9656004828002414,0.9098173515981736,0.8943543879262158,1647,1657,5924.584433721387,73200.0,0.7421462589769471,0.7383990003966916,0.8782424754637342,0.9000436626746507
733,0.0,72933.5,4000,1905.9231136150322,1909.1866107021203,1892.7784949608003,1896.1428316586605,3.263497087088126,3.3643366978601534,0.9700268968809914,0.025216520531295,0.025209444501829686,0.025212982516562343,13.043779043459836,1657,1656,2000,2000,52,61,5925.698043647776,0.8285,0.828,0.9686179843089922,0.9631642512077294,1025142,995640,1381088,1348134,124669,99416,4046513.31555228,0.7422713107347251,0.7385319263515348,0.8783885549514117,0.900148648105741,1657,1656,1750,1779,1605,52,198,145,1595,61,160,184,0.9015,0.8775,0.9686179843089922,0.9631642512077294,0.9171428571428571,0.8965711073636875,1657,1656,5925.698043647776,73300.0,0.7422713107347251,0.7385319263515348,0.8783885549514117,0.900148648105741
734,0.0,73033.0,4000,1909.2017293786887,1912.5549454441332,1896.154609707511,1899.5856159010507,3.353216065444485,3.431006193539588,0.9773273134156454,0.02522805571779205,0.025222003627064116,0.02522502967242808,12.969329543082495,1668,1675,2000,2000,53,51,5926.7889990318945,0.834,0.8375,0.9682254196642686,0.9695522388059702,1026810,997315,1383088,1350134,124722,99467,4052440.1045513116,0.7424039540506461,0.7386785311680174,0.8785344903146639,0.9002652120944736,1668,1675,1747,1793,1615,53,200,132,1624,51,156,169,0.9075,0.89,0.9682254196642686,0.9695522388059702,0.9244419004006869,0.90574456218628,1668,1675,5926.7889990318945,73400.0,0.7424039540506461,0.7386785311680174,0.8785344903146639,0.9002652120944736
735,0.0,73132.5,4000,1912.5675728402541,1915.828719896073,1899.6049060144244,1902.9588178799652,3.2611470558188103,3.3539118655407947,0.9723413096584078,0.025238272981467705,0.02523358188034586,0.02523592743090678,12.869902016107744,1684,1721,2000,2000,91,74,5927.980221443621,0.842,0.8605,0.9459619952494062,0.9570017431725741,1028494,999036,1385088,1352134,124813,99541,4058368.0847727554,0.7425477659181222,0.7388587225822293,0.8786448924349584,0.9003629498836878,1684,1721,1725,1771,1593,91,184,132,1647,74,155,124,0.8885,0.901,0.9459619952494062,0.9570017431725741,0.9234782608695652,0.9299830604178431,1684,1721,5927.980221443621,73500.0,0.7425477659181222,0.7388587225822293,0.8786448924349584,0.9003629498836878
736,0.0,73232.0,4000,1915.8436934117485,1919.2099899674383,1902.9763044774563,1906.431394287943,3.3662965556898143,3.4550898104866974,0.9743007390061519,0.025249923019147306,0.02524647886702987,0.02524820094308859,12.77859567949531,1729,1737,2000,2000,73,71,5929.281621832846,0.8645,0.8685,0.9577790630422209,0.9591249280368451,1030223,1000773,1387088,1354134,124886,99612,4064297.3663945883,0.7427236051353627,0.739050197395531,0.8787777015267568,0.9004649406009155,1729,1737,1769,1803,1656,73,158,113,1666,71,126,137,0.907,0.896,0.9577790630422209,0.9591249280368451,0.9361221028829847,0.9240155296727676,1729,1737,5929.281621832846,73600.0,0.7427236051353627,0.739050197395531,0.8787777015267568,0.9004649406009155
737,0.0,73331.5,4000,1919.225116311004,1922.5280295737293,1906.4497692724376,1909.9098967315688,3.3029132627252693,3.460127459131172,0.9545640447460918,0.025260683498175476,0.02525942126264619,0.025260052380410833,12.618132842160549,1717,1758,2000,2000,90,72,5930.744445043298,0.8585,0.879,0.947582993593477,0.9590443686006827,1031940,1002531,1389088,1356134,124976,99684,4070228.1108396314,0.7428902992467,0.7392565926376007,0.8788921836540884,0.9005676632443286,1717,1758,1741,1805,1627,90,169,114,1686,72,123,119,0.898,0.9045,0.947582993593477,0.9590443686006825,0.9345203905801264,0.9340720221606649,1717,1758,5930.744445043298,73700.0,0.7428902992467,0.7392565926376007,0.8788921836540884,0.9005676632443286
738,0.0,73431.0,4000,1922.5484812526972,1925.8956299782185,1909.92643914791,1913.3901093699972,3.347148725521265,3.463670222087103,0.9663589518936287,0.02527208637154501,0.025272351757390957,0.025272219064467985,12.505520608221332,1735,1722,2000,2000,107,65,5932.273647314461,0.8675,0.861,0.938328530259366,0.962253193960511,1033675,1004253,1391088,1358134,125083,99749,4076160.384486946,0.7430694535500271,0.7394358730434553,0.8789919462113334,0.9006734358772142,1735,1722,1736,1801,1628,107,157,108,1657,65,134,144,0.8925,0.8955,0.938328530259366,0.962253193960511,0.9377880184331797,0.9200444197667962,1735,1722,5932.273647314461,73800.0,0.7430694535500271,0.7394358730434553,0.8789919462113334,0.9006734358772142
739,0.0,73530.5,4000,1925.9135738743835,1929.233801171001,1913.4039924847893,1916.8820212777166,3.3202272966175315,3.4780287929272617,0.9546290425684149,0.025283060154435783,0.025285405569731693,0.025284232862083738,12.351779893284402,1749,1768,2000,2000,101,79,5933.745101929352,0.8745,0.884,0.9422527158376215,0.955316742081448,1035424,1006021,1393088,1360134,125184,99828,4082094.129588875,0.7432581430605963,0.739648446403075,0.8790988039682295,0.9007694670389584,1749,1768,1732,1799,1648,101,167,84,1689,79,122,110,0.9075,0.9055,0.9422527158376215,0.955316742081448,0.9515011547344111,0.9388549193996665,1749,1768,5933.745101929352,73900.0,0.7432581430605963,0.739648446403075,0.8790988039682295,0.9007694670389584
740,0.0,73630.0,4000,1929.2479840867836,1932.52955979836,1916.9012248086708,1920.397367509046,3.2815757115763518,3.4961427003752306,0.9386275083177097,0.02529343113567788,0.025298740781547317,0.0252960859586126,12.132192289313934,1733,1786,2000,2000,101,73,5935.320245158894,0.8665,0.893,0.9417195614541258,0.9591265397536394,1037157,1007807,1395088,1362134,125285,99901,4088029.449834034,0.7434348227495327,0.7398736100853514,0.8792034378594562,0.9008728853838086,1733,1786,1723,1815,1632,101,176,91,1713,73,112,102,0.904,0.9125,0.9417195614541258,0.9591265397536394,0.947185142193848,0.943801652892562,1733,1786,5935.320245158894,74000.0,0.7434348227495327,0.7398736100853514,0.8792034378594562,0.9008728853838086
741,0.0,73729.5,4000,1932.544791877744,1935.9287427498261,1920.411676574663,1923.9330858816845,3.383950872082096,3.521409307021486,0.9609649367753684,0.02530516986493427,0.02531231492857139,0.025308742396752827,11.995656868141623,1728,1776,2000,2000,122,70,5936.985597415012,0.864,0.888,0.9293981481481481,0.9605855855855856,1038885,1009583,1397088,1364134,125407,99971,4093966.4354314487,0.7436074177145606,0.7400907828703045,0.8792869278120292,0.9009779285110784,1728,1776,1722,1820,1606,122,156,116,1706,70,110,114,0.881,0.908,0.9293981481481481,0.9605855855855856,0.9326364692218351,0.9373626373626374,1728,1776,5936.985597415012,74100.0,0.7436074177145606,0.7400907828703045,0.8792869278120292,0.9009779285110784
742,0.0,73829.0,4000,1935.9445366570387,1939.3328303557548,1923.9523844911143,1927.4223055632665,3.3882936987160974,3.4699210721521467,0.976475726179725,0.025316943053875447,0.02532522582060272,0.025321084437239086,11.910524792488332,1771,1779,2000,2000,114,98,5938.7893733013425,0.8855,0.8895,0.9356295878035008,0.9449128724002248,1040656,1011362,1399088,1366134,125521,100069,4099905.22480475,0.7438102535365896,0.7403095157576051,0.8793828123798835,0.9010552106960712,1771,1779,1739,1790,1657,114,147,82,1681,98,112,109,0.902,0.8965,0.9356295878035008,0.9449128724002248,0.9528464634847613,0.9391061452513967,1771,1779,5938.7893733013425,74200.0,0.7438102535365896,0.7403095157576051,0.8793828123798835,0.9010552106960712
743,0.0,73928.5,4000,1939.353010037528,1942.781916652845,1927.4407099954592,1930.8898765491542,3.4289066153169188,3.4491665536950222,0.9941261350930127,0.02532929018700738,0.025337810590506188,0.025333550388756784,11.89204010369076,1818,1825,2000,2000,143,119,5940.691887094862,0.909,0.9125,0.9213421342134214,0.9347945205479452,1042474,1013187,1401088,1368134,125664,100188,4105845.916691845,0.7440460556367623,0.7405612315752697,0.8794559864322755,0.9011159835252525,1818,1825,1746,1790,1675,143,111,71,1706,119,91,84,0.893,0.8985,0.9213421342134214,0.9347945205479452,0.9593356242840779,0.9530726256983241,1818,1825,5940.691887094862,74300.0,0.7440460556367623,0.7405612315752697,0.8794559864322755,0.9011159835252525
744,0.0,74028.0,4000,1942.7999128849658,1946.178577581744,1930.9087219961266,1934.4519209972038,3.378664696778287,3.543199001077255,0.953563346498759,0.025340899486875637,0.02535163133498198,0.025346265410928808,11.726656584540251,1824,1835,2000,2000,184,122,5942.790505049585,0.912,0.9175,0.8991228070175439,0.9335149863760218,1044298,1015022,1403088,1370134,125848,100310,4111788.7071968946,0.7442854617814421,0.7408195110843173,0.8794903370493863,0.9011745558224353,1824,1835,1725,1796,1640,184,91,85,1713,122,82,83,0.8655,0.8975,0.8991228070175439,0.9335149863760218,0.9507246376811594,0.9537861915367484,1824,1835,5942.790505049585,74400.0,0.7442854617814421,0.7408195110843173,0.8794903370493863,0.9011745558224353
745,0.0,74127.5,4000,1946.1936221351389,1949.542680678975,1934.4688396113636,1937.939422987508,3.349058543836236,3.4705833761443046,0.9649843213266703,0.025352040602963467,0.025364414406885413,0.02535822750492444,11.603257691467206,1863,1889,2000,2000,201,167,5944.930124411069,0.9315,0.9445,0.8921095008051529,0.9115934356802541,1046161,1016911,1405088,1372134,126049,100477,4117733.6373213055,0.7445519426541256,0.7411163924223144,0.8795128092138782,0.9011939097915157,1863,1889,1731,1784,1662,201,68,69,1722,167,49,62,0.865,0.8855,0.8921095008051529,0.9115934356802541,0.9601386481802426,0.9652466367713004,1863,1889,5944.930124411069,74500.0,0.7445519426541256,0.7411163924223144,0.8795128092138782,0.9011939097915157
746,0.0,74227.0,4000,1949.562791156953,1952.9813410024078,1937.9491905754492,1941.3201844498876,3.4185498454548906,3.3709938744384544,1.014107403569328,0.025364151276732052,0.02537573236964267,0.02536994182318736,11.661156552520197,1897,1879,2000,2000,212,197,5947.19332810829,0.9485,0.9395,0.8882445967316817,0.895156998403406,1048058,1018790,1407088,1374134,126261,100674,4123680.8306494136,0.7448418293667489,0.7414051322505666,0.8795286138744229,0.9011827756456188,1897,1879,1744,1765,1685,212,44,59,1682,197,38,83,0.8645,0.86,0.8882445967316817,0.895156998403406,0.9661697247706422,0.9529745042492918,1897,1879,5947.19332810829,74600.0,0.7448418293667489,0.7414051322505666,0.8795286138744229,0.9011827756456188
747,0.0,74326.5,4000,1952.9929140682978,1956.373221252814,1941.337277135275,1944.8900368309185,3.380307184516141,3.5527596956435445,0.9514595621711011,0.02537560328640719,0.025389551367555205,0.025382577326981196,11.48318442189543,1907,1894,2000,2000,241,153,5949.588698215506,0.9535,0.947,0.8736234923964342,0.9192185850052799,1049965,1020684,1409088,1376134,126502,100827,4129630.419347629,0.7451379899623018,0.7417039329018831,0.8795178886915278,0.9012162432251314,1907,1894,1725,1808,1666,241,34,59,1741,153,39,67,0.85,0.89,0.8736234923964342,0.9192185850052799,0.9657971014492753,0.9629424778761062,1907,1894,5949.588698215506,74700.0,0.7451379899623018,0.7417039329018831,0.8795178886915278,0.9012162432251314
748,0.0,74426.0,4000,1956.3909912769006,1959.812935442251,1944.9103039919744,1948.404853380886,3.4219441653503964,3.494549388911537,0.9792232944849707,0.02538766416689912,0.025402597643132907,0.025395130905016015,11.408082061365121,1921,1914,2000,2000,236,188,5952.060339128416,0.9605,0.957,0.8771473191046331,0.9017763845350052,1051886,1022598,1411088,1378134,126738,101015,4135582.4796867575,0.7454432324560906,0.7420163786685474,0.8795135594541614,0.9012172916434416,1921,1914,1730,1787,1685,236,34,45,1726,188,25,61,0.8595,0.8755,0.877147319104633,0.9017763845350052,0.9739884393063584,0.965864577504197,1921,1914,5952.060339128416,74800.0,0.7454432324560906,0.7420163786685474,0.8795135594541614,0.9012172916434416
749,0.0,74525.5,4000,1959.8284100902827,1963.202467619763,1948.4230759536813,1951.9269466307119,3.3740575294802966,3.5038706770305907,0.9629515014919711,0.02539902285529461,0.025415706234394757,0.025407364544844685,11.275520989051074,1911,1936,2000,2000,238,196,5954.522867201436,0.9555,0.968,0.8754578754578755,0.8987603305785123,1053797,1024534,1413088,1380134,126976,101211,4141537.002553959,0.7457405342059377,0.7423438593643805,0.8795062047054604,0.9012126488725606,1911,1936,1739,1788,1673,238,23,66,1740,196,16,48,0.848,0.878,0.8754578754578755,0.8987603305785123,0.9620471535365153,0.9731543624161074,1911,1936,5954.522867201436,74900.0,0.7457405342059377,0.7423438593643805,0.8795062047054604,0.9012126488725606
750,0.0,74625.0,4000,1963.2200516397904,1966.6336807689977,1951.9460282241103,1955.43214789045,3.4136291292072656,3.486119666339846,0.9792059527294742,0.025410907000144013,0.025428554642878742,0.025419730821511378,11.201532878547596,1924,1931,2000,2000,248,221,5956.974752684061,0.962,0.9655,0.8711018711018711,0.8855515277058519,1055721,1026465,1415088,1382134,127224,101432,4147493.977306643,0.7460461822868967,0.742666774712148,0.8794908882176257,0.9011831869571783,1924,1931,1722,1768,1676,248,30,46,1710,221,11,58,0.853,0.8605,0.8711018711018711,0.8855515277058519,0.9732868757259001,0.9671945701357466,1924,1931,5956.974752684061,75000.0,0.7460461822868967,0.742666774712148,0.8794908882176257,0.9011831869571783
751,0.0,74724.5,4000,1966.6550444338545,1970.06227649411,1955.4503161372986,1958.9453074951361,3.40723206025541,3.4949913578375345,0.9748899815201764,0.025422724643620682,0.025441474804535173,0.02543209972407793,11.116968998973789,1932,1920,2000,2000,239,205,5959.466339754656,0.966,0.96,0.8762939958592133,0.8932291666666666,1057653,1028385,1417088,1384134,127463,101637,4153453.443646398,0.7463566129979226,0.7429808096614923,0.8794850484988933,0.9011683367610379,1932,1920,1739,1776,1693,239,22,46,1715,205,19,61,0.8575,0.867,0.8762939958592133,0.8932291666666666,0.9735480161012076,0.9656531531531531,1932,1920,5959.466339754656,75100.0,0.7463566129979226,0.7429808096614923,0.8794850484988933,0.9011683367610379
752,0.0,74824.0,4000,1970.0812368874545,1973.5101528806674,1958.964173169176,1962.468841711202,3.428915993212968,3.504668542025911,0.9783852458785864,0.025434767248969026,0.025454498564317255,0.02544463290664314,11.041311169465416,1930,1931,2000,2000,248,194,5961.944200616001,0.965,0.9655,0.8715025906735752,0.8995339202485759,1059583,1030316,1419088,1386134,127711,101831,4159415.387847014,0.7466647593383919,0.743301874133381,0.8794705086812453,0.9011652735665563,1930,1931,1732,1786,1682,248,20,50,1737,194,20,49,0.851,0.8785,0.8715025906735752,0.8995339202485758,0.9711316397228638,0.9725643896976484,1930,1931,5961.944200616001,75200.0,0.7466647593383919,0.743301874133381,0.8794705086812453,0.9011652735665563
753,0.0,74923.5,4000,1973.5237609358574,1976.9936666496583,1962.485788631004,1965.9873236042972,3.4699057138009266,3.5015349732932464,0.9909670302500014,0.02544725114065686,0.025467420636517298,0.025457335888587077,11.006343045361064,1946,1936,2000,2000,234,195,5964.411973473882,0.973,0.968,0.8797533401849948,0.8992768595041323,1061529,1032252,1421088,1388134,127945,102026,4165379.799820488,0.7469832973046004,0.7436256153944792,0.8794710271693001,0.9011617318251745,1946,1936,1757,1793,1712,234,9,45,1741,195,12,52,0.8605,0.8765,0.8797533401849948,0.8992768595041323,0.9743881616391576,0.9709983268265476,1946,1936,5964.411973473882,75300.0,0.7469832973046004,0.7436256153944792,0.8794710271693001,0.9011617318251745
754,0.0,75023.0,4000,1977.0092307401392,1980.4143009052339,1966.0068262495008,1969.4700650800523,3.405070165094685,3.463238830551518,0.9832039693758083,0.025458867972772376,0.02547983442182371,0.025469351197298044,10.944235825181522,1935,1930,2000,2000,248,203,5966.949661138174,0.9675,0.965,0.8718346253229974,0.8948186528497409,1063464,1034182,1423088,1390134,128193,102229,4171346.749481626,0.7472932102582552,0.7439441089851769,0.8794571325404528,0.9011498943126065,1935,1930,1736,1776,1687,248,16,49,1727,203,21,49,0.8515,0.874,0.8718346253229974,0.8948186528497409,0.9717741935483871,0.9724099099099099,1935,1930,5966.949661138174,75400.0,0.7472932102582552,0.7439441089851769,0.8794571325404528,0.9011498943126065
755,0.0,75122.5,4000,1980.4287004566459,1983.8344828302165,1969.4894069791847,1973.0233509313814,3.4057823735706734,3.5339439521967506,0.9637341224536371,0.025470448040689004,0.025493149685521018,0.02548179886310501,10.811131898835129,1949,1934,2000,2000,256,188,5969.4526426886,0.9745,0.967,0.8686505900461775,0.9027921406411582,1065413,1036116,1425088,1392134,128449,102417,4177316.2021243144,0.7476120772892622,0.7442645607391243,0.8794373637265549,0.9011529597072142,1949,1934,1729,1798,1693,256,15,36,1746,188,14,52,0.854,0.88,0.8686505900461775,0.9027921406411582,0.9791787160208213,0.9710789766407119,1949,1934,5969.4526426886,75500.0,0.7476120772892622,0.7442645607391243,0.8794373637265549,0.9011529597072142
756,0.0,75222.0,4000,1983.8552900923746,1987.2546923979303,1973.0403914281742,1976.5916410281884,3.399402305555668,3.5512496000142164,0.9572411653469978,0.025481997839149916,0.025506628192508516,0.025494313015829217,10.66305136974188,1937,1941,2000,2000,255,198,5971.95855852709,0.9685,0.9705,0.8683531233866805,0.8979907264296754,1067350,1038057,1427088,1394134,128704,102615,4183288.1606828417,0.7479216418328792,0.7445891141023747,0.8794172483252916,0.9011470468384684,1937,1941,1721,1785,1682,255,24,39,1743,198,17,42,0.853,0.88,0.8683531233866805,0.8979907264296755,0.9773387565368972,0.9764705882352941,1937,1941,5971.95855852709,75600.0,0.7479216418328792,0.7445891141023747,0.8794172483252916,0.9011470468384684
757,0.0,75321.5,4000,1987.2751919599923,1990.695313819468,1976.6106103070708,1980.1301328769273,3.4201218594757847,3.5195225698564627,0.9717573311698547,0.02549378676434969,0.025519677453135835,0.025506732108742762,10.565180942540792,1954,1951,2000,2000,261,214,5974.490821313289,0.977,0.9755,0.8664278403275333,0.8903126601742696,1069304,1040008,1429088,1396134,128965,102829,4189262.651504155,0.7482422356076043,0.7449199002388023,0.8793935120414774,0.9011267221021377,1954,1951,1728,1772,1693,261,11,35,1737,214,14,35,0.852,0.8755,0.8664278403275333,0.8903126601742696,0.9797453703703703,0.9802483069977427,1954,1951,5974.490821313289,75700.0,0.7482422356076043,0.7449199002388023,0.8793935120414774,0.9011267221021377
758,0.0,75421.0,4000,1990.7032452418994,1994.0599888988775,1980.1509842387177,1983.7051206490842,3.3567436569780966,3.554136410366482,0.9444611206219765,0.025504542653570987,0.02553317375955857,0.025518858206564778,10.354868249793299,1921,1938,2000,2000,273,190,5977.0353278419925,0.9605,0.969,0.8578865174388339,0.9019607843137255,1071225,1041946,1431088,1398134,129238,103019,4195239.686831997,0.7485388739197031,0.7452404419032796,0.8793549441060469,0.9011282734421937,1921,1938,1699,1800,1648,273,28,51,1748,190,10,52,0.838,0.879,0.8578865174388339,0.9019607843137255,0.9699823425544438,0.9711111111111111,1921,1938,5977.0353278419925,75800.0,0.7485388739197031,0.7452404419032796,0.8793549441060469,0.9011282734421937
759,0.0,75520.5,4000,1994.0756672933626,1997.5001338775978,1983.7173722225964,1987.2416871047426,3.4244665842352333,3.5243148821462,0.971668735271985,0.025516264533852452,0.025546128292887986,0.02553119641337022,10.258446772855223,1956,1944,2000,2000,256,200,5979.6084264678,0.978,0.972,0.869120654396728,0.897119341563786,1073181,1043890,1433088,1400134,129494,103219,4201219.295258464,0.7488591070471597,0.7455643531262007,0.8793362908959439,0.9011208077479428,1956,1944,1732,1791,1700,256,12,32,1744,200,9,47,0.856,0.8765,0.869120654396728,0.897119341563786,0.9815242494226328,0.9737576772752652,1956,1944,5979.6084264678,75900.0,0.7488591070471597,0.7455643531262007,0.8793362908959439,0.9011208077479428
760,0.0,75620.0,4000,1997.5147985936999,2000.954200504528,1987.262087056566,1990.832725682895,3.43940191082811,3.5706386263289005,0.9632455901493119,0.025528138746662255,0.025559765473794085,0.02554395211022817,10.121474821633,1942,1941,2000,2000,268,192,5982.186936187439,0.971,0.9705,0.8619979402677652,0.9010819165378671,1075123,1045831,1435088,1402134,129762,103411,4207201.482194652,0.7491686920941434,0.7458852007012169,0.8793049725473272,0.901120735568175,1942,1941,1720,1791,1674,268,12,46,1749,192,17,42,0.843,0.883,0.8619979402677652,0.9010819165378671,0.9732558139534884,0.9765494137353434,1942,1941,5982.186936187439,76000.0,0.7491686920941434,0.7458852007012169,0.8793049725473272,0.901120735568175
761,0.0,75719.5,4000,2000.97795961602,2004.3529368503227,1990.847555862334,1994.4202919552786,3.3749772343028326,3.572736092944524,0.9446477843599398,0.025539254679265783,0.025573321186343416,0.0255562879328046,9.932644895044177,1954,1954,2000,2000,276,229,5984.765568947465,0.977,0.977,0.8587512794268168,0.882804503582395,1077077,1047785,1437088,1404134,130038,103640,4213186.247763599,0.7494857656594447,0.7462143926434371,0.8792676846687841,0.9010865778761864,1954,1954,1709,1760,1678,276,15,31,1725,229,11,35,0.8465,0.868,0.8587512794268168,0.882804503582395,0.9818607372732592,0.9801136363636364,1954,1954,5984.765568947465,76100.0,0.7494857656594447,0.7462143926434371,0.8792676846687841,0.9010865778761864
762,0.0,75819.0,4000,2004.372489655086,2007.7924851850653,1994.4341394854002,1998.0274170013445,3.41999552997936,3.593277515944237,0.9517760637201043,0.025550877026599327,0.025587097996414697,0.02556898751150701,9.765068183720814,1954,1936,2000,2000,249,192,5987.27666120268,0.977,0.968,0.8725690890481065,0.9008264462809917,1079031,1049721,1439088,1406134,130287,103832,4219173.524424802,0.7498019579066743,0.7465298470842751,0.879255554288987,0.9010860981155945,1954,1936,1742,1791,1705,249,9,37,1744,192,17,47,0.857,0.8805,0.8725690890481065,0.9008264462809917,0.978760045924225,0.9737576772752652,1954,1936,5987.27666120268,76200.0,0.7498019579066743,0.7465298470842751,0.879255554288987,0.9010860981155945
763,0.0,75918.5,4000,2007.8060225601307,2011.2400183235065,1998.0438353264785,2001.5232998557528,3.433995763375833,3.47946452927431,0.9869322519267182,0.025562573559178372,0.0255993807363199,0.025580977147749137,9.716718467753708,1949,1956,2000,2000,255,201,5989.792392169243,0.9745,0.978,0.8691636736788096,0.897239263803681,1080980,1051677,1441088,1408134,130542,104033,4225163.316816971,0.7501138029044722,0.7468586086267358,0.8792373586930378,0.9010789434398584,1949,1956,1732,1789,1694,255,13,38,1755,201,10,34,0.8535,0.8825,0.8691636736788096,0.897239263803681,0.9780600461893765,0.9809949692565679,1949,1956,5989.792392169243,76300.0,0.7501138029044722,0.7468586086267358,0.8792373586930378,0.9010789434398584
764,0.0,76018.0,4000,2011.2615131862117,2014.646074776377,2001.534701074092,2005.1261624871333,3.3845615901652764,3.5914614130413156,0.9423911886886089,0.025573696584007596,0.025613031581316607,0.0255933640826621,9.51991228924362,1956,1958,2000,2000,258,194,5992.3255028419535,0.978,0.979,0.8680981595092024,0.9009193054136875,1082936,1053635,1443088,1410134,130800,104227,4231155.642319812,0.7504296342288204,0.7471878559058927,0.8792172390612187,0.901078646779957,1956,1958,1729,1796,1698,258,13,31,1764,194,10,32,0.8555,0.887,0.8680981595092024,0.9009193054136875,0.9820705610179294,0.9821826280623608,1956,1958,5992.3255028419535,76400.0,0.7504296342288204,0.7471878559058927,0.8792172390612187,0.901078646779957
765,0.0,76117.5,4000,2014.665990138659,2018.1065883175238,2005.1469269925178,2008.7000417252025,3.440598178864775,3.553114732684662,0.9683329804171925,0.025585502386396432,0.02562626786994324,0.025605885128169838,9.40654659232132,1942,1957,2000,2000,224,191,5994.855788486832,0.971,0.9785,0.8846549948506695,0.9024016351558508,1084878,1055592,1445088,1412134,131024,104418,4237150.498108299,0.7507349033415266,0.7475154624136237,0.8792269729868243,0.901081099515722,1942,1957,1756,1798,1718,224,20,38,1766,191,11,32,0.869,0.8885,0.8846549948506695,0.9024016351558508,0.9783599088838268,0.982202447163515,1942,1957,5994.855788486832,76500.0,0.7507349033415266,0.7475154624136237,0.8792269729868243,0.901081099515722
766,0.0,76217.0,4000,2018.12493691573,2021.5200879660333,2008.7109705494838,2012.2919891984004,3.3951510503034115,3.581018648916597,0.948096444940487,0.02559666360584643,0.02563970547681274,0.025618184541329588,9.2280987676329,1954,1958,2000,2000,241,204,5997.390146940136,0.977,0.979,0.876663254861822,0.8958120531154239,1086832,1057550,1447088,1414134,131265,104622,4243147.888255239,0.7510476211536548,0.7478428494046533,0.8792223637139871,0.9010713441444849,1954,1958,1745,1785,1713,241,14,32,1754,204,11,31,0.8635,0.8825,0.876663254861822,0.8958120531154239,0.9816618911174785,0.9826330532212885,1954,1958,5997.390146940136,76600.0,0.7510476211536548,0.7478428494046533,0.8792223637139871,0.9010713441444849
767,0.0,76316.5,4000,2021.5390494479882,2024.9809104035733,2012.3159686613305,2015.9056541488867,3.4418609555850708,3.589685487556153,0.9588196424217318,0.025608412707240895,0.02565339119262506,0.025630901949932977,9.075256254686565,1956,1950,2000,2000,245,181,5999.944612335827,0.978,0.975,0.8747443762781186,0.9071794871794872,1088788,1059500,1449088,1416134,131510,104803,4249147.832867575,0.7513608559314549,0.7481636624782683,0.8792143190409887,0.9010825861255309,1956,1950,1743,1811,1711,245,12,32,1769,181,8,42,0.8615,0.8885,0.8747443762781186,0.9071794871794872,0.9816408491107286,0.9768083931529542,1956,1950,5999.944612335827,76700.0,0.7513608559314549,0.7481636624782683,0.8792143190409887,0.9010825861255309
768,0.0,76416.0,4000,2024.9981390242863,2028.4439331562487,2015.9264424509022,2019.4946991129937,3.4457941319624297,3.5682566620914713,0.9656800107934886,0.025620159861953803,0.02566672069581314,0.025643440278883472,8.949234043255046,1946,1958,2000,2000,234,211,6002.487042244523,0.973,0.979,0.8797533401849948,0.8922369765066395,1090734,1061458,1451088,1418134,131744,105014,4255150.319909819,0.7516663358803877,0.7484892118798364,0.8792152807192221,0.9010662692259138,1946,1958,1751,1780,1712,234,15,39,1747,211,9,33,0.8635,0.878,0.8797533401849948,0.8922369765066395,0.9777270131353513,0.9814606741573034,1946,1958,6002.487042244523,76800.0,0.7516663358803877,0.7484892118798364,0.8792152807192221,0.9010662692259138
769,0.0,76515.5,4000,2028.459581427203,2031.868821737978,2019.5091392387735,2023.1086909064866,3.409240310774976,3.599551667713058,0.9471291498202067,0.025631380571908727,0.025680339937996646,0.025655860254952687,8.760130831491324,1949,1956,2000,2000,263,190,6005.014241135933,0.9745,0.978,0.8650590046177526,0.9028629856850716,1092683,1063414,1453088,1420134,132007,105204,4261155.334150955,0.7519730394855645,0.7488124360095597,0.8791900304113819,0.9010695740323148,1949,1956,1726,1802,1686,263,11,40,1766,190,8,36,0.8485,0.887,0.8650590046177526,0.9028629856850716,0.9768250289687138,0.9800221975582686,1949,1956,6005.014241135933,76900.0,0.7519730394855645,0.7488124360095597,0.8791900304113819,0.9010695740323148
770,0.0,76615.0,4000,2031.8879476587338,2035.3301662237204,2023.126704028693,2026.7006605669962,3.4422185649866606,3.573956538303264,0.9631394584951651,0.025643045590461346,0.025693637803798075,0.025668341697129712,8.629505656724177,1953,1947,2000,2000,265,188,6007.540444033284,0.9765,0.9735,0.8643113159242192,0.9034411915767848,1094636,1065361,1455088,1422134,132272,105392,4267162.874594988,0.7522816489449435,0.749128422497458,0.8791634844825129,0.901073908280855,1953,1947,1719,1803,1688,265,16,31,1759,188,9,44,0.852,0.884,0.8643113159242192,0.9034411915767848,0.9819662594531704,0.9755962285080422,1953,1947,6007.540444033284,77000.0,0.7522816489449435,0.749128422497458,0.8791634844825129,0.901073908280855
771,0.0,76714.5,4000,2035.3429820904091,2038.8187767885029,2026.7157482159655,2030.2484765167183,3.4757946980937504,3.5327283007527512,0.9838839565876409,0.02565503399520501,0.025706328493413408,0.02568068124430921,8.570300271784618,1962,1943,2000,2000,248,204,6010.088070178949,0.981,0.9715,0.873598369011213,0.8950077200205867,1096598,1067304,1457088,1424134,132520,105596,4273172.962665168,0.7525955879123293,0.7494407127419189,0.8791535275461017,0.9010628649381994,1962,1943,1743,1779,1714,248,9,29,1739,204,17,40,0.8615,0.878,0.873598369011213,0.8950077200205867,0.9833620195065979,0.9775154581225407,1962,1943,6010.088070178949,77100.0,0.7525955879123293,0.7494407127419189,0.8791535275461017,0.9010628649381994
772,0.0,76814.0,4000,2038.8341552928496,2042.2776721011385,2030.2675026282764,2033.830725268567,3.443516808288905,3.5632226402906326,0.9664051775355906,0.025666606429312715,0.025719432326347443,0.025693019377830077,8.446946832571484,1953,1961,2000,2000,256,183,6012.579235081618,0.9765,0.9805,0.8689196108550947,0.9066802651708312,1098551,1069265,1459088,1426134,132776,105779,4279185.541900249,0.7529024979987499,0.7497647486140854,0.8791353337259717,0.9010731670820611,1953,1961,1727,1807,1697,256,17,30,1778,183,10,29,0.857,0.894,0.8689196108550947,0.9066802651708312,0.9826288361320209,0.9839513004980631,1953,1961,6012.579235081618,77200.0,0.7529024979987499,0.7497647486140854,0.8791353337259717,0.9010731670820611
773,0.0,76913.5,4000,2042.294284752974,2045.6593640437359,2033.8507570672093,2037.3552274122746,3.365079290761969,3.5044703450653287,0.9602247870353254,0.025677150171869847,0.025731755210061193,0.02570445269096552,8.304136631461233,1960,1952,2000,2000,284,205,6015.0701259817315,0.98,0.976,0.8551020408163266,0.8949795081967213,1100511,1071217,1461088,1428134,133060,105984,4285200.612026231,0.7532133588120633,0.7500815749782583,0.87909253065167,0.9010620630553847,1960,1952,1703,1784,1676,284,13,27,1747,205,11,37,0.8445,0.879,0.8551020408163266,0.8949795081967213,0.9841456253669995,0.9792600896860987,1960,1952,6015.0701259817315,77300.0,0.7532133588120633,0.7500815749782583,0.87909253065167,0.9010620630553847
774,0.0,77013.0,4000,2045.676959003107,2049.119895758051,2037.3691012986985,2040.934578583066,3.4429367549439576,3.565477284367489,0.9656313812569219,0.025688685271315945,0.025744754895458934,0.02571672008338744,8.185317174984903,1937,1952,2000,2000,258,194,6017.584939129551,0.9685,0.976,0.8668043366029943,0.9006147540983607,1102448,1073169,1463088,1430134,133318,106178,4291218.196965361,0.7535076495740516,0.7503975151978766,0.8790709403073886,0.9010612494397434,1937,1952,1729,1788,1679,258,13,50,1758,194,18,30,0.846,0.888,0.8668043366029943,0.9006147540983607,0.9710815500289185,0.9832214765100671,1937,1952,6017.584939129551,77400.0,0.7535076495740516,0.7503975151978766,0.8790709403073886,0.9010612494397434
775,0.0,77112.5,4000,2049.1379761826443,2052.459563818844,2040.9489566314667,2044.4651530360513,3.321587636199638,3.5161964045846617,0.9446536125993191,0.025698631071750286,0.025757091656277507,0.025727861364013897,7.994410782792556,1942,1956,2000,2000,280,204,6020.053840309885,0.971,0.978,0.8558187435633368,0.8957055214723927,1104390,1075125,1465088,1432134,133598,106382,4297238.250805671,0.7538045496243229,0.7507153660202188,0.8790300527893227,0.9010515056388793,1942,1956,1703,1786,1662,280,17,41,1752,204,10,34,0.8395,0.881,0.8558187435633368,0.8957055214723927,0.9759248385202584,0.9809630459126539,1942,1956,6020.053840309885,77500.0,0.7538045496243229,0.7507153660202188,0.8790300527893227,0.9010515056388793
776,0.0,77212.0,4000,2052.4771472787706,2055.8440435531315,2044.4858734694114,2048.098133517742,3.3668962743608972,3.612260048330654,0.9320747203449132,0.025709128708697612,0.025770716286639146,0.025739922497668377,7.745910035389443,1955,1957,2000,2000,262,184,6022.527262215706,0.9775,0.9785,0.8659846547314578,0.9059785385794583,1106345,1077082,1467088,1434134,133860,106566,4303260.778067887,0.7541095012705441,0.7510330275971423,0.8790070005287681,0.9010604577924429,1955,1957,1725,1807,1693,262,13,32,1773,184,9,34,0.853,0.891,0.8659846547314578,0.9059785385794583,0.9814492753623189,0.9811842833425567,1955,1957,6022.527262215706,77600.0,0.7541095012705441,0.7510330275971423,0.8790070005287681,0.9010604577924429
777,0.0,77311.5,4000,2055.859964386647,2059.271034653406,2048.114640914007,2051.7225260136192,3.4110702667589976,3.6078850996123037,0.9454486971122069,0.02572014644652779,0.02578419531967921,0.025752170883103498,7.548508639786633,1959,1945,2000,2000,244,190,6025.009905701022,0.9795,0.9725,0.8754466564573762,0.9023136246786633,1108304,1079027,1469088,1436134,134104,106756,4309285.787973587,0.7544163453789018,0.7513414486391938,0.8790007073871429,0.9010627166882756,1959,1945,1746,1788,1715,244,10,31,1755,190,22,33,0.8625,0.8885,0.8754466564573762,0.9023136246786633,0.9822451317296678,0.9815436241610739,1959,1945,6025.009905701022,77700.0,0.7544163453789018,0.7513414486391938,0.8790007073871429,0.9010627166882756
778,0.0,77411.0,4000,2059.2939254172234,2062.8282069863176,2051.74143598564,2055.348123369303,3.534281569094219,3.6066873836630293,0.9799245659890619,0.025732809141749625,0.02579765518887864,0.025765232165314133,7.48008361701477,1954,1958,2000,2000,239,177,6027.5009934540285,0.977,0.979,0.8776867963152508,0.9096016343207355,1110258,1080985,1471088,1438134,134343,106933,4315313.288967041,0.7547189563098876,0.7516580513359673,0.8789983949676562,0.9010781833235428,1954,1958,1748,1812,1715,239,13,33,1781,177,11,31,0.864,0.896,0.8776867963152508,0.9096016343207355,0.9811212814645309,0.9828918322295805,1954,1958,6027.5009934540285,77800.0,0.7547189563098876,0.7516580513359673,0.8789983949676562,0.9010781833235428
779,0.0,77510.5,4000,2062.843009750563,2066.2904082567375,2055.3672279683688,2058.957427840841,3.4473985061745225,3.5901998724721125,0.9602246751239337,0.02574422018611734,0.02581087135001664,0.02577754576806699,7.3329804158966,1959,1963,2000,2000,242,178,6029.986465660581,0.9795,0.9815,0.8764675855028076,0.9093224656138563,1112217,1082948,1473088,1440134,134585,107111,4321343.275432702,0.7550241397662597,0.7519772465617783,0.8789939373341713,0.9010931272785028,1959,1963,1740,1816,1717,242,18,23,1785,178,6,31,0.8675,0.8955,0.8764675855028076,0.9093224656138563,0.9867816091954023,0.9829295154185022,1959,1963,6029.986465660581,77900.0,0.7550241397662597,0.7519772465617783,0.8789939373341713,0.9010931272785028
780,0.0,77610.0,4000,2066.306545658697,2069.717288082996,2058.9727456138803,2062.571781323476,3.4107424242993147,3.5990357095956824,0.9476822959009983,0.025755149132369225,0.025824118354473482,0.02578963374342135,7.145506759520231,1949,1954,2000,2000,258,189,6032.463025069478,0.9745,0.977,0.8676244227809133,0.9032753326509724,1114166,1084902,1475088,1442134,134843,107300,4327375.738457772,0.7553217163992928,0.7522893156946581,0.8789740487503658,0.9010970576144205,1949,1954,1721,1802,1691,258,21,30,1765,189,9,37,0.856,0.887,0.8676244227809133,0.9032753326509724,0.9825682742591516,0.9794672586015538,1949,1954,6032.463025069478,78000.0,0.7553217163992928,0.7522893156946581,0.8789740487503658,0.9010970576144205
781,0.0,77709.5,4000,2069.7359486897544,2073.2180995806984,2062.591597968687,2066.158684153201,3.4821508909440126,3.56708618451421,0.9761891669624001,0.025766996719878383,0.025836979954912378,0.02580198833739538,7.0594154274972425,1962,1951,2000,2000,245,191,6034.897091542221,0.981,0.9755,0.8751274209989807,0.9021014864172219,1116128,1086853,1477088,1444134,135088,107491,4333410.635549314,0.7556272882861413,0.7525984430807667,0.8789672869061613,0.9010988606554888,1962,1951,1747,1797,1717,245,8,30,1760,191,12,37,0.8625,0.886,0.8751274209989807,0.902101486417222,0.9828277046365197,0.9794101279910963,1962,1951,6034.897091542221,78100.0,0.7556272882861413,0.7525984430807667,0.8789672869061613,0.9010988606554888
782,0.0,77809.0,4000,2073.237596273614,2076.742827390357,2066.1788177838926,2069.7701153809735,3.5052311167428343,3.5912975970809384,0.9760347122421544,0.02577911984184348,0.025850122323611623,0.02581462108272755,6.972712009383486,1961,1966,2000,2000,233,198,6037.385103823994,0.9805,0.983,0.8811830698623151,0.8992878942014242,1118089,1088819,1479088,1446134,135321,107689,4339448.020653138,0.7559313577015025,0.752917087904717,0.8789711731355911,0.9010955907272008,1961,1966,1755,1793,1728,233,12,27,1768,198,9,25,0.87,0.8885,0.8811830698623151,0.8992878942014242,0.9846153846153847,0.9860568878973787,1961,1966,6037.385103823994,78200.0,0.7559313577015025,0.752917087904717,0.8789711731355911,0.9010955907272008
783,0.0,77908.5,4000,2076.7593373772456,2080.184433111678,2069.7863528285015,2073.3753536753384,3.425095734432489,3.589000846836825,0.9543312695095086,0.025790150413198997,0.02586315203066148,0.025826651221930237,6.8090794363397436,1966,1939,2000,2000,275,180,6039.837081309742,0.983,0.9695,0.8601220752797558,0.9071686436307375,1120055,1090758,1481088,1448134,135596,107869,4345487.857734447,0.7562379818079682,0.7532162078923635,0.8789380878617568,0.901106386567873,1966,1939,1717,1805,1691,275,8,26,1759,180,15,46,0.8495,0.887,0.8601220752797558,0.9071686436307375,0.9848573092603378,0.9745152354570638,1966,1939,6039.837081309742,78300.0,0.7562379818079682,0.7532162078923635,0.8789380878617568,0.901106386567873
784,0.0,78008.0,4000,2080.1989302919924,2083.5677607350044,2073.3957877589587,2076.8657829212684,3.3688304430120297,3.469995162309715,0.970845861574531,0.0258004095022552,0.025874684097534743,0.025837546799894973,6.7019778137359935,1944,1950,2000,2000,251,218,6042.256638274943,0.972,0.975,0.8708847736625515,0.8882051282051282,1121999,1092708,1483088,1450134,135847,108087,4351530.114372722,0.7565289450120289,0.7535220883035637,0.8789241345134888,0.9010833635335332,1944,1950,1729,1768,1693,251,20,36,1732,218,14,36,0.8565,0.873,0.8708847736625515,0.8882051282051282,0.9791787160208213,0.9796380090497737,1944,1950,6042.256638274943,78400.0,0.7565289450120289,0.7535220883035637,0.8789241345134888,0.9010833635335332
785,0.0,78107.5,4000,2083.5842379025567,2087.030455411302,2076.8798957326544,2080.518740857492,3.4462175087451214,3.638845124837644,0.9470635299156577,0.025811653498765668,0.025888257212521623,0.025849955355643647,6.511714553809725,1933,1945,2000,2000,250,187,6044.670024815854,0.9665,0.9725,0.8706673564407656,0.9038560411311054,1123932,1094653,1485088,1452134,136097,108274,4357574.784397538,0.7568117175547846,0.7538236829383514,0.8789099340529498,0.9010882900791393,1933,1945,1722,1800,1683,250,28,39,1758,187,13,42,0.8555,0.8855,0.8706673564407656,0.9038560411311054,0.9773519163763066,0.9766666666666667,1933,1945,6044.670024815854,78500.0,0.7568117175547846,0.7538236829383514,0.8789099340529498,0.9010882900791393
786,0.0,78207.0,4000,2087.047337668251,2090.526835682215,2080.5364916615117,2084.1073291692655,3.479498013963621,3.570837507753822,0.9744207084215218,0.025823297454504048,0.025900976838355228,0.02586213714642964,6.419506512949283,1951,1952,2000,2000,238,193,6047.105508516421,0.9755,0.976,0.8780112762685802,0.9011270491803278,1125883,1096605,1487088,1454134,136335,108467,4363621.889906054,0.75710583368301,0.7541292618149359,0.8789083768029182,0.9010883590718627,1951,1952,1743,1794,1713,238,19,30,1759,193,13,35,0.866,0.886,0.8780112762685802,0.9011270491803278,0.9827882960413081,0.9804905239687849,1951,1952,6047.105508516421,78600.0,0.75710583368301,0.7541292618149359,0.8789083768029182,0.9010883590718627
787,0.0,78306.5,4000,2090.5444487328828,2094.0454432463957,2084.1234117531817,2087.660161420177,3.5009945135129783,3.5367496669950924,0.9898903917866224,0.025835194250167712,0.02591320980617068,0.025874202028169195,6.385281826218943,1968,1956,2000,2000,248,200,6049.515900436961,0.984,0.978,0.8739837398373984,0.8977505112474438,1127851,1098561,1489088,1456134,136583,108667,4369671.405806491,0.7574105761378777,0.7544367482662997,0.8788997837480306,0.9010824159969268,1968,1956,1743,1786,1720,248,9,23,1756,200,14,30,0.8645,0.885,0.8739837398373984,0.8977505112474438,0.9868043602983362,0.9832026875699889,1968,1956,6049.515900436961,78700.0,0.7574105761378777,0.7544367482662997,0.8788997837480306,0.9010824159969268
788,0.0,78406.0,4000,2094.0579120228504,2097.53607432503,2087.674062217396,2091.2175961247103,3.4781623021794985,3.543533907314213,0.9815518612648856,0.025846705819376054,0.025925470132616316,0.025886087975996185,6.318478200319532,1967,1951,2000,2000,245,203,6051.907834152528,0.9835,0.9755,0.8754448398576512,0.8959507944643772,1129818,1100512,1491088,1458134,136828,108870,4375723.313640644,0.7577138304379084,0.7547399621708293,0.878893768730893,0.9010733186007968,1967,1951,1747,1785,1722,245,8,25,1748,203,12,37,0.865,0.88,0.8754448398576512,0.8959507944643772,0.9856897538637664,0.9792717086834734,1967,1951,6051.907834152528,78800.0,0.7577138304379084,0.7547399621708293,0.878893768730893,0.9010733186007968
789,0.0,78505.5,4000,2097.551401403492,2100.969191866984,2091.237651913876,2094.801729459181,3.4177904634921106,3.5640775453048263,0.9589551349674116,0.02585745926627107,0.025938037766598688,0.02589774851643488,6.167462407803214,1964,1963,2000,2000,255,205,6054.2776913376165,0.982,0.9815,0.870162932790224,0.8955680081507896,1131782,1102475,1493088,1460134,137083,109075,4381777.591331981,0.7580142630575023,0.7550505638523588,0.8788786179670643,0.9010635161795052,1964,1963,1730,1784,1709,255,15,21,1758,205,11,26,0.862,0.8845,0.870162932790224,0.8955680081507896,0.9878612716763006,0.9854260089686099,1964,1963,6054.2776913376165,78900.0,0.7580142630575023,0.7550505638523588,0.8788786179670643,0.9010635161795052
790,0.0,78605.0,4000,2100.98012374686,2104.4226137785963,2094.821954308909,2098.396735330791,3.44249003173627,3.574781021882245,0.9629932604721283,0.025868442506587336,0.025950711210838563,0.02590957685871295,6.025878447805098,1954,1961,2000,2000,253,184,6056.649652219657,0.977,0.9805,0.8705220061412487,0.9061703212646609,1133736,1104436,1495088,1462134,137336,109259,4387834.2409842005,0.7583072033218111,0.7553589479486832,0.8788642153023278,0.9010725836535571,1954,1961,1731,1807,1701,253,16,30,1777,184,9,30,0.8585,0.893,0.8705220061412487,0.9061703212646609,0.9826689774696707,0.9833978970669618,1954,1961,6056.649652219657,79000.0,0.7583072033218111,0.7553589479486832,0.8788642153023278,0.9010725836535571
791,0.0,78704.5,4000,2104.4418872657175,2107.802735463707,2098.413169311354,2101.9531268920546,3.360848197989526,3.539957580700502,0.9494035228875445,0.025878471298426173,0.025962864440170794,0.025920667869298482,5.849608571652425,1950,1957,2000,2000,273,188,6059.051277262271,0.975,0.9785,0.86,0.9039345937659683,1135686,1106393,1497088,1464134,137609,109447,4393893.292261463,0.7585966890389877,0.7556637575522459,0.8788318249938804,0.9010776460082448,1950,1957,1712,1805,1677,273,15,35,1769,188,7,36,0.846,0.888,0.86,0.9039345937659683,0.9795560747663551,0.9800554016620499,1950,1957,6059.051277262271,79100.0,0.7585966890389877,0.7556637575522459,0.8788318249938804,0.9010776460082448
792,0.0,78804.0,4000,2107.820775397907,2111.2522628063393,2101.972624065178,2105.4989451368533,3.431487408432531,3.5263210716752837,0.9731069119018992,0.02588935109909271,0.025974853478059452,0.02593210228857608,5.753317669486023,1967,1937,2000,2000,260,207,6061.415393061045,0.9835,0.9685,0.8678190137264871,0.8931337119256583,1137653,1108330,1499088,1466134,137869,109654,4399954.707654524,0.7588967425528055,0.7559540942369524,0.8788127838629178,0.9010637625977822,1967,1937,1730,1782,1707,260,10,23,1730,207,11,52,0.8585,0.8705,0.8678190137264871,0.8931337119256583,0.9867052023121388,0.9708193041526375,1967,1937,6061.415393061045,79200.0,0.7588967425528055,0.7559540942369524,0.8788127838629178,0.9010637625977822
793,0.0,78903.5,4000,2111.2683618480755,2114.6707521854296,2105.5172666140916,2109.117729585271,3.4023903373540634,3.6004629711792404,0.9449868987931007,0.025899812060873054,0.025987732407449258,0.025943772234161156,5.5530226001587835,1955,1958,2000,2000,264,184,6063.806768726827,0.9775,0.979,0.8649616368286445,0.906026557711951,1139608,1110288,1501088,1468134,138133,109838,4406018.51442325,0.7591880023023301,0.7562579437571775,0.8787890221900865,0.9010725145187555,1955,1958,1718,1804,1691,264,18,27,1774,184,12,30,0.8545,0.893,0.8649616368286445,0.906026557711951,0.9842840512223515,0.983370288248337,1955,1958,6063.806768726827,79300.0,0.7591880023023301,0.7562579437571775,0.8787890221900865,0.9010725145187555
794,0.0,79003.0,4000,2114.686588656654,2118.199105164106,2109.1304683235676,2112.7014988202777,3.5125165074523466,3.5710304967101365,0.9836142566377697,0.02591163034516259,0.026000137898560868,0.025955884121861728,5.4976063438284655,1960,1952,2000,2000,246,197,6066.1983333680055,0.98,0.976,0.8744897959183673,0.899077868852459,1141568,1112240,1503088,1470134,138379,110035,4412084.712756618,0.7594818134400647,0.7565568852907286,0.8787816406906991,0.901069013881896,1960,1952,1744,1794,1714,246,10,30,1755,197,9,39,0.862,0.882,0.8744897959183674,0.899077868852459,0.9827981651376146,0.9782608695652174,1960,1952,6066.1983333680055,79400.0,0.7594818134400647,0.7565568852907286,0.8787816406906991,0.901069013881896
795,0.0,79102.5,4000,2118.222319947725,2121.6325343893964,2112.7246841249753,2116.295461652465,3.410214441671542,3.570777527489554,0.9550341390406093,0.025922224888442764,0.02601264040223799,0.025967432645340377,5.337072736931532,1961,1958,2000,2000,249,185,6068.567019783191,0.9805,0.979,0.87302396736359,0.9055158324821246,1143529,1114198,1505088,1472134,138628,110220,4418153.279776401,0.7597755081430455,0.7568590902730322,0.878771767047447,0.9010768283554629,1961,1958,1737,1804,1712,249,14,25,1773,185,11,31,0.863,0.892,0.87302396736359,0.9055158324821246,0.9856073690270581,0.9828159645232816,1961,1958,6068.567019783191,79500.0,0.7597755081430455,0.7568590902730322,0.878771767047447,0.9010768283554629
796,0.0,79202.0,4000,2121.646755051854,2125.1175901311935,2116.3106502859796,2119.948173891125,3.4708350793393947,3.637523605145361,0.9541752730978346,0.02593344138659544,0.02602584955045955,0.025979645468527497,5.1694162400685855,1952,1965,2000,2000,235,185,6070.91856558854,0.976,0.9825,0.8796106557377049,0.905852417302799,1145481,1116163,1507088,1474134,138863,110405,4424224.19834199,0.760062451562218,0.757165223785626,0.8787731965872851,0.9010852357585765,1952,1965,1747,1810,1717,235,18,30,1780,185,5,30,0.8675,0.8925,0.8796106557377049,0.905852417302799,0.9828277046365197,0.9834254143646409,1952,1965,6070.91856558854,79600.0,0.760062451562218,0.757165223785626,0.8787731965872851,0.9010852357585765
797,0.0,79301.5,4000,2125.138218025434,2128.6288907250196,2119.9668123122096,2123.582075587847,3.4906726995855024,3.615263275637517,0.9655376202082975,0.025944959033460765,0.026038789534671297,0.025991874284066033,5.046815137172416,1950,1959,2000,2000,215,184,6073.273799701727,0.975,0.9795,0.8897435897435897,0.9060745278203165,1147431,1118122,1509088,1476134,139078,110589,4430297.4721416915,0.7603473091032464,0.7574664630717808,0.8787918402065135,0.9010939772225214,1950,1959,1765,1809,1735,215,20,30,1775,184,7,34,0.8775,0.891,0.8897435897435897,0.9060745278203165,0.9830028328611898,0.9812050856826976,1950,1959,6073.273799701727,79700.0,0.7603473091032464,0.7574664630717808,0.8787918402065135,0.9010939772225214
798,0.0,79401.0,4000,2128.6429008736627,2132.0248714025183,2123.600103723257,2127.16095267684,3.381970528855618,3.560848953583445,0.9497652309717284,0.0259550027023098,0.02605100755641974,0.02600300512936477,4.863918725678104,1958,1963,2000,2000,258,184,6075.609335981911,0.979,0.9815,0.8682328907048008,0.9062659195109526,1149389,1120085,1511088,1478134,139336,110773,4436373.081477674,0.7606367067966922,0.757769593284506,0.8787738528905358,0.9011030412870452,1958,1963,1728,1802,1700,258,14,28,1779,184,14,23,0.857,0.8965,0.8682328907048008,0.9062659195109526,0.9837962962962963,0.9872364039955605,1958,1963,6075.609335981911,79800.0,0.7606367067966922,0.757769593284506,0.8787738528905358,0.9011030412870452
799,0.0,79500.5,4000,2132.037380170719,2135.427718240417,2127.1818982078685,2130.732808202221,3.3903380696979184,3.5509099943524234,0.9547800634457398,0.025965107164983986,0.026063107115490314,0.02601410714023715,4.6949100381962126,1959,1965,2000,2000,263,191,6077.977442500074,0.9795,0.9825,0.8657478305257784,0.9027989821882951,1151348,1122050,1513088,1480134,139599,110964,4442451.058920174,0.7609260003383809,0.758073255529567,0.8787516893241661,0.9011060113185687,1959,1965,1718,1799,1696,263,19,22,1774,191,10,25,0.8575,0.892,0.8657478305257784,0.9027989821882951,0.9871944121071012,0.9861033907726515,1959,1965,6077.977442500074,79900.0,0.7609260003383809,0.758073255529567,0.8787516893241661,0.9011060113185687
800,0.0,79600.0,4000,2135.441051086678,2138.877579506097,2130.75155503591,2134.308251303766,3.436528419419119,3.556696267856296,0.9662136321498139,0.025975774046848754,0.026075221270365267,0.02602549765860701,4.56932820233078,1960,1949,2000,2000,263,200,6080.313708898185,0.98,0.9745,0.8658163265306122,0.8973832734735762,1153308,1123999,1515088,1482134,139862,111164,4448531.3726290725,0.7612151901407707,0.7583653030022927,0.8787297062016391,0.9010995561383951,1960,1949,1717,1788,1697,263,20,20,1749,200,12,39,0.8585,0.8805,0.8658163265306122,0.8973832734735762,0.988351776354106,0.9781879194630873,1960,1949,6080.313708898185,80000.0,0.7612151901407707,0.7583653030022927,0.8787297062016391,0.9010995561383951
801,0.0,79699.5,4000,2138.894884163025,2142.3711592739655,2134.325313780417,2137.8800203707533,3.4762751109406054,3.5547065903360817,0.9779358781372555,0.025986960093829826,0.02608725930956565,0.026037109701697737,4.4911389032122315,1960,1951,2000,2000,252,194,6082.656704437693,0.98,0.9755,0.8714285714285714,0.9005638134290108,1155268,1125950,1517088,1484134,140114,111358,4454614.02933351,0.7615036174566011,0.7586579109433514,0.8787173192713725,0.9010986278253919,1960,1951,1732,1793,1708,252,16,24,1757,194,13,36,0.862,0.885,0.8714285714285714,0.9005638134290108,0.9861431870669746,0.9799219185722253,1960,1951,6082.656704437693,80100.0,0.7615036174566011,0.7586579109433514,0.8787173192713725,0.9010986278253919
802,0.0,79799.0,4000,2142.3902720950964,2145.8443101359585,2137.8996159637,2141.398915581792,3.4540380408620877,3.499299618092209,0.9870655324865272,0.025997863520919727,0.026098608053706326,0.026048235787313027,4.4453945541663415,1958,1953,2000,2000,225,206,6084.951769498797,0.979,0.9765,0.8850868232890705,0.894521249359959,1157226,1127903,1519088,1486134,140339,111564,4460698.98110301,0.7617899687180729,0.7589510770899529,0.8787280963269058,0.901087238884904,1958,1953,1756,1777,1733,225,19,23,1747,206,17,30,0.876,0.882,0.8850868232890705,0.894521249359959,0.9869020501138952,0.9831176139561058,1958,1953,6084.951769498797,80200.0,0.7617899687180729,0.7589510770899529,0.8787280963269058,0.901087238884904
803,0.0,79898.5,4000,2145.8652625086543,2149.356082879991,2141.416717613244,2145.0083150302694,3.4908203713366674,3.591597417025241,0.971940884796592,0.026009220761168052,0.026111055608415,0.026060138184791526,4.347767849721549,1945,1947,2000,2000,243,175,6087.239469910379,0.9725,0.9735,0.8750642673521851,0.9101181304571135,1159171,1129850,1521088,1488134,140582,111739,4466786.22057292,0.762067020448521,0.7592394233315011,0.8787219487029955,0.901102801256804,1945,1947,1740,1808,1702,243,17,38,1772,175,17,36,0.8595,0.8945,0.8750642673521851,0.9101181304571135,0.9781609195402299,0.9800884955752213,1945,1947,6087.239469910379,80300.0,0.762067020448521,0.7592394233315011,0.8787219487029955,0.901102801256804
804,0.0,79998.0,4000,2149.3692004667423,2152.815449460121,2145.0236904069925,2148.608540045633,3.4462489933785037,3.5848496386406623,0.9613371105532017,0.026019897931615976,0.026123358089192642,0.02607162801040431,4.206909414487654,1947,1953,2000,2000,245,206,6089.533098417896,0.9735,0.9765,0.8741653826399589,0.894521249359959,1161118,1131803,1523088,1490134,140827,111945,4472875.753671338,0.7623446576954188,0.7595310220423129,0.8787143081064973,0.9010914443591331,1947,1953,1739,1784,1702,245,16,37,1747,206,10,37,0.859,0.8785,0.8741653826399589,0.894521249359959,0.9787234042553191,0.9792600896860987,1947,1953,6089.533098417896,80400.0,0.7623446576954188,0.7595310220423129,0.8787143081064973,0.9010914443591331
805,0.0,80097.5,4000,2152.83097870323,2156.2059165235373,2148.6221222646436,2152.1717853084942,3.374937820307423,3.5496630438506145,0.950776955056091,0.026029692680314794,0.026135170628993162,0.02608243165465398,4.0341312150430895,1949,1949,2000,2000,245,188,6091.827115288989,0.9745,0.9745,0.8742945100051308,0.9035402770651616,1163067,1133752,1525088,1492134,141072,112133,4478967.580786627,0.7626228781552278,0.7598191583329648,0.8787069016660262,0.9010956540760237,1949,1949,1733,1794,1704,245,22,29,1761,188,18,33,0.863,0.8895,0.8742945100051308,0.9035402770651616,0.983266012694749,0.9816053511705686,1949,1949,6091.827115288989,80500.0,0.7626228781552278,0.7598191583329648,0.8787069016660262,0.9010956540760237
806,0.0,80197.0,4000,2156.2201354476315,2159.659954648303,2152.1874407290943,2155.712141392502,3.4398192006715362,3.524700663407657,0.9759181074247428,0.026040251847271795,0.026146669872431232,0.026093460859851515,3.9478132558010657,1960,1953,2000,2000,259,201,6094.093804608734,0.98,0.9765,0.8678571428571429,0.8970814132104454,1165027,1135705,1527088,1494134,141331,112334,4485061.674591236,0.7629075731064614,0.7601092003796179,0.8786886484175903,0.9010887510401029,1960,1953,1725,1782,1701,259,16,24,1752,201,17,30,0.8585,0.8845,0.8678571428571429,0.8970814132104454,0.9860869565217392,0.9831649831649831,1960,1953,6094.093804608734,80600.0,0.7629075731064614,0.7601092003796179,0.8786886484175903,0.9010887510401029
807,0.0,80296.5,4000,2159.6759648179464,2163.12245640709,2155.7291524484112,2159.2947340780943,3.446491589143534,3.565581629683038,0.9666001082269177,0.026050889723034616,0.026158663995087355,0.026104776859060985,3.8277223289956055,1959,1951,2000,2000,245,182,6096.398129777686,0.9795,0.9755,0.8749361919346605,0.9067145053818555,1166986,1137656,1529088,1496134,141576,112516,4491158.072721014,0.7631908693286455,0.760397130203578,0.8786823492312675,0.9010983988129979,1959,1951,1743,1804,1714,245,12,29,1769,182,14,35,0.863,0.8915,0.8749361919346605,0.9067145053818555,0.9833620195065979,0.9805986696230599,1959,1951,6096.398129777686,80700.0,0.7631908693286455,0.760397130203578,0.8786823492312675,0.9010983988129979
808,0.0,80396.0,4000,2163.1469151321576,2166.641514687916,2159.3122963514584,2162.878014718104,3.4945995557582137,3.5657183666457968,0.9800548434916123,0.026062201224377714,0.026170636943608407,0.02611641908399306,3.763499969811619,1962,1953,2000,2000,246,190,6098.700766154948,0.981,0.9765,0.8746177370030581,0.9027137736815156,1168948,1139609,1531088,1498134,141822,112706,4497256.773487168,0.7634753848243864,0.7606856262523913,0.8786755270550957,0.9011011671546996,1962,1953,1740,1793,1716,246,14,24,1763,190,17,30,0.865,0.89,0.8746177370030581,0.9027137736815156,0.9862068965517241,0.9832682654768544,1962,1953,6098.700766154948,80800.0,0.7634753848243864,0.7606856262523913,0.8786755270550957,0.9011011671546996
809,0.0,80495.5,4000,2166.660275784381,2170.1544769062016,2162.8935145656687,2166.4983026736313,3.4942011218204243,3.6047881079625768,0.9693221951387716,0.02607340940850439,0.026183037737936794,0.02612822357322059,3.6561742325702653,1956,1956,2000,2000,234,175,6100.9878281952015,0.978,0.978,0.8803680981595092,0.9105316973415133,1170904,1141565,1533088,1500134,142056,112881,4503357.761315363,0.7637552443173516,0.7609753528684771,0.8786783545021625,0.901117325776456,1956,1956,1748,1807,1722,234,18,26,1781,175,18,26,0.87,0.8995,0.8803680981595092,0.9105316973415133,0.9851258581235698,0.9856115107913669,1956,1956,6100.9878281952015,80900.0,0.7637552443173516,0.7609753528684771,0.8786783545021625,0.901117325776456
810,0.0,80595.0,4000,2170.1748811828916,2173.6220758828417,2166.517184061837,2170.1205046429614,3.4471946999501597,3.6033205811245352,0.9566716650213645,0.02608402987808204,0.026195431542819957,0.026139730710450997,3.501571239880377,1951,1956,2000,2000,233,169,6103.252264775149,0.9755,0.978,0.8805740645822655,0.91359918200409,1172855,1143521,1535088,1502134,142289,113050,4509461.013580139,0.76403111743431,0.7612643079778502,0.8786815079442898,0.901138676071537,1951,1956,1752,1821,1718,233,15,34,1787,169,10,34,0.8665,0.8985,0.8805740645822655,0.91359918200409,0.980593607305936,0.9813289401427787,1951,1956,6103.252264775149,81000.0,0.76403111743431,0.7612643079778502,0.8786815079442898,0.901138676071537
811,0.0,80694.5,4000,2173.6409409347166,2177.071455630985,2170.13972515943,2173.698680509646,3.4305146962683466,3.5589553502159106,0.9639105745061477,0.026094399505213174,0.02620725192151789,0.026150825713365532,3.3727751213391457,1942,1958,2000,2000,249,205,6105.556326246913,0.971,0.979,0.8717816683831102,0.8953013278855976,1174797,1145479,1537088,1504134,142538,113255,4515566.569906386,0.7643004174126661,0.761553824326822,0.8786701021538189,0.9011286981254131,1942,1958,1728,1785,1693,249,23,35,1753,205,10,32,0.858,0.8815,0.8717816683831102,0.8953013278855976,0.9797453703703703,0.9820728291316526,1942,1958,6105.556326246913,81100.0,0.7643004174126661,0.761553824326822,0.8786701021538189,0.9011286981254131
812,0.0,80794.0,4000,2177.0935989672444,2180.487797009667,2173.717876940114,2177.320331349358,3.394198042422431,3.602454409244274,0.9421904226497815,0.026104336714919584,0.026219578592054354,0.02616195765348697,3.1674656603086078,1953,1959,2000,2000,266,167,6107.862813958646,0.9765,0.9795,0.8637992831541219,0.9147524247064829,1176750,1147438,1539088,1506134,142804,113422,4521674.4327203445,0.7645761645857807,0.7618432357280295,0.8786454217123433,0.9011519576656866,1953,1959,1716,1818,1687,266,18,29,1792,167,15,26,0.8525,0.9035,0.8637992831541219,0.9147524247064829,0.9831002331002331,0.9856985698569857,1953,1959,6107.862813958646,81200.0,0.7645761645857807,0.7618432357280295,0.8786454217123433,0.9011519576656866
813,0.0,80893.5,4000,2180.5072131370157,2183.954371934769,2177.333971435376,2180.893245519202,3.447158797753218,3.5592740838260397,0.9685005190855368,0.026114867357645417,0.026231275471644,0.026173071414644707,3.0611264155668323,1960,1972,2000,2000,258,199,6110.166032599589,0.98,0.986,0.8683673469387755,0.8990872210953347,1178710,1149410,1541088,1508134,143062,113621,4527784.598752944,0.7648557382836022,0.7621404994516402,0.8786283309719948,0.9011484152739231,1960,1972,1725,1796,1702,258,17,23,1773,199,5,23,0.8595,0.889,0.8683673469387755,0.8990872210953347,0.9866666666666667,0.9871937639198218,1960,1972,6110.166032599589,81300.0,0.7648557382836022,0.7621404994516402,0.8786283309719948,0.9011484152739231
814,0.0,80993.0,4000,2183.969919108625,2187.414623621565,2180.9105117908694,2184.4692851960513,3.4447045129400067,3.5587734051819098,0.9679471325497128,0.02612529444549593,0.026242982008863717,0.026184138227179823,2.94533842551391,1956,1974,2000,2000,244,197,6112.470122592513,0.978,0.987,0.8752556237218814,0.9002026342451874,1180666,1151384,1543088,1510134,143306,113818,4533897.068875536,0.7651319950644422,0.7624383001773353,0.8786227434346378,0.9011467937716696,1956,1974,1745,1795,1712,244,11,33,1777,197,8,18,0.8615,0.8925,0.8752556237218814,0.9002026342451874,0.9810888252148997,0.9899721448467966,1956,1974,6112.470122592513,81400.0,0.7651319950644422,0.7624383001773353,0.8786227434346378,0.9011467937716696
815,0.0,81092.5,4000,2187.4362934038368,2190.820555071318,2184.4873930799013,2188.052791144591,3.3842616674810415,3.5653980646898162,0.9491960241402854,0.026135029439424803,0.026254751429080323,0.026194890434252563,2.7677639267267296,1953,1969,2000,2000,264,209,6114.7519658355695,0.9765,0.9845,0.8648233486943164,0.8938547486033519,1182619,1153353,1545088,1512134,143570,114027,4540011.820841372,0.765405595021125,0.7627320065549746,0.8785999548459816,0.9011343448189756,1953,1969,1721,1782,1689,264,15,32,1760,209,9,22,0.852,0.8845,0.8648233486943164,0.8938547486033519,0.9814061592097618,0.9876543209876543,1953,1969,6114.7519658355695,81500.0,0.765405595021125,0.7627320065549746,0.8785999548459816,0.9011343448189756
816,0.0,81192.0,4000,2190.8316135405976,2194.3040863510323,2188.067625214422,2191.6362451523773,3.4724728104347378,3.568619937955191,0.9730576163357018,0.026145691551382792,0.02626649136614991,0.026206091458766352,2.667841198654969,1977,1975,2000,2000,241,221,6117.036921551501,0.9885,0.9875,0.8780981284774911,0.8881012658227848,1184596,1155328,1547088,1514134,143811,114248,4546128.857762923,0.7656940005998366,0.7630288996878744,0.8785991173362058,0.9011120651451363,1977,1975,1747,1772,1736,241,12,11,1754,221,7,18,0.874,0.8805,0.8780981284774911,0.8881012658227848,0.9937034917000572,0.989841986455982,1977,1975,6117.036921551501,81600.0,0.7656940005998366,0.7630288996878744,0.8785991173362058,0.9011120651451363
817,0.0,81291.5,4000,2194.325089536852,2197.80893862838,2191.6547693212888,2195.1760436609934,3.4838490915281,3.5212743397046324,0.9893716749772834,0.02615658852962281,0.02627766822504833,0.026217128377335572,2.632894967386619,1972,1974,2000,2000,265,215,6119.323638358348,0.986,0.987,0.8656186612576064,0.8910840932117527,1186568,1157302,1549088,1516134,144076,114463,4552248.181401282,0.7659784337623169,0.763324349958513,0.8785775446497799,0.9010949605202445,1972,1974,1726,1780,1707,265,9,19,1759,215,5,21,0.858,0.882,0.8656186612576064,0.8910840932117527,0.9889918887601391,0.9882022471910112,1972,1974,6119.323638358348,81700.0,0.7659784337623169,0.763324349958513,0.8785775446497799,0.9010949605202445
818,0.0,81391.0,4000,2197.82633774545,2201.298282853739,2195.1905164341492,2198.7362270627546,3.4719451082887645,3.5457106286053204,0.9791958430782686,0.026167269279896606,0.02628906696073606,0.026228168120316333,2.562055790984232,1965,1961,2000,2000,244,204,6121.603466720388,0.9825,0.9805,0.8758269720101781,0.8959714431412544,1188533,1159263,1551088,1518134,144320,114667,4558369.784868002,0.7662576204573822,0.7636104586288167,0.8785729971317582,0.9010862936193081,1965,1961,1742,1781,1721,244,14,21,1757,204,15,24,0.8675,0.886,0.8758269720101781,0.8959714431412544,0.9879448909299655,0.9865244244806288,1965,1961,6121.603466720388,81800.0,0.7662576204573822,0.7636104586288167,0.8785729971317582,0.9010862936193081
819,0.0,81490.5,4000,2201.316490064324,2204.7327098982646,2198.756037498162,2202.2999990454236,3.4162198339404313,3.5439615472614605,0.9639551074080531,0.02617725340830364,0.02630048167730011,0.026238867542801872,2.4327108528409553,1960,1963,2000,2000,247,207,6123.8519459345835,0.98,0.9815,0.8739795918367347,0.8945491594498217,1190493,1161226,1553088,1520134,144567,114874,4564493.636813937,0.7665328687105947,0.7638971301214235,0.8785654346560626,0.9010752428898423,1960,1963,1741,1784,1713,247,12,28,1756,207,9,28,0.8625,0.8825,0.8739795918367347,0.8945491594498217,0.983917288914417,0.984304932735426,1960,1963,6123.8519459345835,81900.0,0.7665328687105947,0.7638971301214235,0.8785654346560626,0.9010752428898423
820,0.0,81590.0,4000,2204.748642666865,2208.161628428401,2202.3135981337014,2205.8897067176817,3.412985761535765,3.5761085839803854,0.9543853832695828,0.026187146008173224,0.026312184841989477,0.02624966542508135,2.271921710719198,1966,1977,2000,2000,269,194,6126.109342825526,0.983,0.9885,0.8631739572736521,0.9018715225088518,1192459,1163203,1555088,1522134,144836,115068,4570619.746156762,0.7668112672723344,0.7641922458863675,0.8785400588196324,0.901076596260498,1966,1977,1715,1797,1697,269,16,18,1783,194,9,14,0.8565,0.896,0.8631739572736521,0.9018715225088518,0.9895043731778426,0.9922092376182526,1966,1977,6126.109342825526,82000.0,0.7668112672723344,0.7641922458863675,0.8785400588196324,0.901076596260498
821,0.0,81689.5,4000,2208.1775544692746,2211.593434495382,2205.9041183425475,2209.490174660192,3.4158800261075157,3.5860563176447613,0.9525450030720618,0.026197049680111884,0.02632399056011751,0.0262605201201147,2.103259835189874,1965,1976,2000,2000,252,186,6128.366004591501,0.9825,0.988,0.8717557251908397,0.9058704453441295,1194424,1165179,1557088,1524134,145088,115254,4576748.112161354,0.7670883084321503,0.764485931027062,0.8785288976108987,0.9010847260378019,1965,1976,1738,1807,1713,252,10,25,1790,186,7,17,0.8615,0.8985,0.8717557251908397,0.9058704453441295,0.9856156501726122,0.9905921416712784,1965,1976,6128.366004591501,82100.0,0.7670883084321503,0.764485931027062,0.8785288976108987,0.9010847260378019
822,0.0,81789.0,4000,2211.6090751763218,2215.019701214584,2209.5022286157323,2213.096298243602,3.4106260382623077,3.594069627869885,0.948959366789925,0.02620686186686603,0.0263358363572878,0.026271349112076917,1.923402970981897,1966,1972,2000,2000,270,189,6130.641323675702,0.983,0.986,0.8626653102746694,0.9041582150101419,1196390,1167151,1559088,1526134,145358,115443,4582878.75348503,0.7673652802151001,0.764776225416641,0.8785028293449461,0.9010899189565018,1966,1972,1722,1802,1696,270,8,26,1783,189,9,19,0.852,0.896,0.8626653102746694,0.904158215010142,0.9849012775842044,0.9894561598224195,1966,1972,6130.641323675702,82200.0,0.7673652802151001,0.764776225416641,0.8785028293449461,0.9010899189565018
823,0.0,81888.5,4000,2215.036935402168,2218.532333774561,2213.1062658238725,2216.6876976437766,3.4953983723926285,3.5814318199040827,0.9759779183751827,0.026217699611377453,0.026347474458921407,0.026282587035149428,1.844636130784238,1977,1967,2000,2000,263,202,6132.921250869359,0.9885,0.9835,0.8669701568032372,0.8973055414336553,1198367,1169118,1561088,1528134,145621,115645,4589011.674735899,0.7676485886766152,0.7650624879755309,0.8784838033757605,0.9010835518741479,1977,1967,1727,1787,1714,263,10,13,1765,202,11,22,0.862,0.888,0.8669701568032372,0.8973055414336553,0.9924724956572091,0.9876888640179071,1977,1967,6132.921250869359,82300.0,0.7676485886766152,0.7650624879755309,0.8784838033757605,0.9010835518741479
824,0.0,81988.0,4000,2218.5484427568904,2222.0256448006917,2216.7105832429093,2220.2662728423734,3.4772020438012987,3.555689599464131,0.9779262071484921,0.0262282765660497,0.02635892867922122,0.02629360262263546,1.7593719583182974,1961,1979,2000,2000,234,195,6135.21047033695,0.9805,0.9895,0.8806731259561448,0.9014653865588681,1200328,1171097,1563088,1530134,145855,115840,4595146.885206236,0.767920935993367,0.7653558446515142,0.8784873801161016,0.9010841971245763,1961,1979,1752,1801,1727,234,14,25,1784,195,4,17,0.8705,0.894,0.8806731259561448,0.9014653865588681,0.985730593607306,0.9905607995558023,1961,1979,6135.21047033695,82400.0,0.767920935993367,0.7653558446515142,0.8784873801161016,0.9010841971245763
825,0.0,82087.5,4000,2222.041726207235,2225.481266693192,2220.2815536378357,2223.8549924644794,3.439540485956968,3.5734388266437236,0.9625295556514348,0.02623837104163631,0.02637047809442345,0.02630442456802988,1.6262742287126457,1979,1978,2000,2000,260,218,6137.472029221681,0.9895,0.989,0.8686205154118242,0.8897876643073812,1202307,1173075,1565088,1532134,146115,116058,4601284.357235457,0.7682040882046249,0.7656477827657372,0.878471139234821,0.90106514928713,1979,1978,1735,1777,1719,260,5,16,1760,218,5,17,0.862,0.8825,0.8686205154118242,0.8897876643073812,0.9907780979827089,0.9904333145751266,1979,1978,6137.472029221681,82500.0,0.7682040882046249,0.7656477827657372,0.878471139234821,0.90106514928713
826,0.0,82187.0,4000,2225.501844206645,2228.873373727791,2223.8664511774855,2227.4974781280134,3.3715295211463854,3.6310269505279393,0.928533323239635,0.026247672130382503,0.026382650465538362,0.02631516129796043,1.3758955997777775,1963,1974,2000,2000,284,178,6139.708119123289,0.9815,0.987,0.8553234844625573,0.9098277608915907,1204270,1175049,1567088,1534134,146399,116236,4607424.06535458,0.7684763076483261,0.7659363523655691,0.8784334077906117,0.9010798698607463,1963,1974,1703,1817,1679,284,13,24,1796,178,5,21,0.846,0.9005,0.8553234844625573,0.9098277608915907,0.9859072225484439,0.988442487616951,1963,1974,6139.708119123289,82600.0,0.7684763076483261,0.7659363523655691,0.8784334077906117,0.9010798698607463
827,0.0,82286.5,4000,2228.8917013104397,2232.3546792086686,2227.5141423019827,2231.0916748097993,3.462977898228928,3.5775325078166134,0.9679794357319206,0.026258029304116953,0.02639420949377575,0.02632611939894635,1.2630043988692705,1974,1974,2000,2000,266,188,6141.926087435172,0.987,0.987,0.8652482269503546,0.9047619047619048,1206244,1177023,1569088,1536134,146665,116424,4613565.991442015,0.7687548435779256,0.7662241705476215,0.8784118304422655,0.901086045047548,1974,1974,1725,1808,1708,266,9,17,1786,188,4,22,0.8585,0.895,0.8652482269503546,0.9047619047619048,0.9901449275362318,0.9878318584070797,1974,1974,6141.926087435172,82700.0,0.7687548435779256,0.7662241705476215,0.8784118304422655,0.901086045047548
828,0.0,82386.0,4000,2232.36451377582,2235.8214167599554,2231.1095008176135,2234.6843269038422,3.4569029841354677,3.574826086228768,0.9670129121672315,0.026268185519344914,0.026405721947213738,0.026336953733279326,1.137089856113107,1976,1972,2000,2000,272,193,6144.176402494335,0.988,0.986,0.8623481781376519,0.902129817444219,1208220,1178995,1571088,1538134,146937,116617,4619710.16784451,0.769033943356451,0.7665099399662189,0.8783855589213885,0.9010877908727348,1976,1972,1719,1802,1704,272,9,15,1779,193,5,23,0.8565,0.892,0.8623481781376519,0.902129817444219,0.9912739965095986,0.9872364039955605,1976,1972,6144.176402494335,82800.0,0.769033943356451,0.7665099399662189,0.8783855589213885,0.9010877908727348
829,0.0,82485.5,4000,2235.8385984763677,2239.300443303773,2234.702979951351,2238.3682291809528,3.461844827405457,3.6652492296016135,0.9445046190710843,0.0262784654709961,0.026418307352308903,0.0263483864116525,0.9322141228203691,1971,1973,2000,2000,285,183,6146.4382880820085,0.9855,0.9865,0.8554033485540335,0.9072478459199189,1210191,1180968,1573088,1540134,147222,116800,4625856.606132592,0.7693091549868794,0.7667956164853188,0.8783481285185561,0.9010980822511703,1971,1973,1710,1812,1686,285,5,24,1790,183,5,22,0.8455,0.8975,0.8554033485540334,0.9072478459199189,0.9859649122807017,0.9878587196467992,1971,1973,6146.4382880820085,82900.0,0.7693091549868794,0.7667956164853188,0.8783481285185561,0.9010980822511703
830,0.0,82585.0,4000,2239.3131152328465,2242.7914663185047,2238.383439999125,2242.0406105023176,3.4783510856582325,3.6571705031924466,0.9511044351423819,0.026288865187473594,0.026430723624430996,0.026359794405952295,0.7508558161871406,1973,1984,2000,2000,243,188,6148.672908522387,0.9865,0.992,0.8768373035985808,0.905241935483871,1212164,1182952,1575088,1542134,147465,116988,4632005.279041114,0.7695849374765092,0.7670876849871672,0.8783456693978703,0.9011050321568416,1973,1984,1753,1806,1730,243,4,23,1796,188,6,10,0.867,0.901,0.8768373035985808,0.905241935483871,0.9868796349115802,0.9944629014396457,1973,1984,6148.672908522387,83000.0,0.7695849374765092,0.7670876849871672,0.8783456693978703,0.9011050321568416
831,0.0,82684.5,4000,2242.809659270563,2246.1999312558864,2242.059595016345,2245.6181021303582,3.3902719853235794,3.558507114013082,0.9527231158181453,0.026298246395880746,0.026441968140262496,0.02637010726807162,0.581829125528202,1973,1972,2000,2000,270,192,6150.886473913971,0.9865,0.986,0.8631525595539787,0.9026369168356998,1214137,1184924,1577088,1544134,147735,117180,4638156.165515028,0.7698600204934665,0.7673712255542589,0.8783209802518167,0.9011075815832914,1973,1972,1717,1801,1703,270,13,14,1780,192,7,21,0.858,0.8935,0.8631525595539787,0.9026369168356998,0.9918462434478742,0.9883398112159911,1973,1972,6150.886473913971,83100.0,0.7698600204934665,0.7673712255542589,0.8783209802518167,0.9011075815832914
832,0.0,82784.0,4000,2246.2210140273614,2249.705462696432,2245.634733914677,2249.2343355922712,3.484448669070389,3.5996016775943644,0.9680095135968119,0.026308771718007638,0.0264536512730496,0.02638121149552862,0.4711271041605869,1978,1978,2000,2000,243,195,6153.099382019944,0.989,0.989,0.8771486349848332,0.9014155712841254,1216115,1186902,1579088,1546134,147978,117375,4644309.264897048,0.7701375730801576,0.7676579132209757,0.8783190734428898,0.901108094855346,1978,1978,1747,1798,1735,243,10,12,1783,195,7,15,0.8725,0.895,0.8771486349848332,0.9014155712841254,0.9931310818546079,0.9916573971078977,1978,1978,6153.099382019944,83200.0,0.7701375730801576,0.7676579132209757,0.8783190734428898,0.901108094855346
833,0.0,82883.5,4000,2249.721394837589,2253.198472563523,2249.2498454043903,2252.806478598918,3.477077725934123,3.556633194527876,0.9776318039442036,0.026319121450244017,0.026464777057915646,0.02639194925407983,0.39199396460480784,1973,1975,2000,2000,256,192,6155.355464566872,0.9865,0.9875,0.870248352762291,0.9027848101265823,1218088,1188877,1581088,1548134,148234,117567,4650464.620361614,0.7704112611062762,0.7679419223400559,0.8783060008800678,0.9011108802676812,1973,1975,1735,1799,1717,256,9,18,1783,192,9,16,0.863,0.896,0.870248352762291,0.9027848101265823,0.9896253602305476,0.991106170094497,1973,1975,6155.355464566872,83300.0,0.7704112611062762,0.7679419223400559,0.8783060008800678,0.9011108802676812
834,0.0,82983.0,4000,2253.213216736739,2256.7003513389514,2252.820561739948,2256.4077591926484,3.487134602212336,3.587197452700366,0.972105563798083,0.026329552704805213,0.026476225533790212,0.026402889119297713,0.29259214630292263,1982,1975,2000,2000,249,187,6157.585748475846,0.991,0.9875,0.8743693239152371,0.9053164556962026,1220070,1190852,1583088,1550134,148483,117754,4656622.20611009,0.7706899426942785,0.7682251985957343,0.8782996057603252,0.9011178551154971,1982,1975,1746,1809,1733,249,5,13,1788,187,4,21,0.869,0.896,0.8743693239152371,0.9053164556962026,0.9925544100801833,0.988391376451078,1982,1975,6157.585748475846,83400.0,0.7706899426942785,0.7682251985957343,0.8782996057603252,0.9011178551154971
835,0.0,83082.5,4000,2256.715734010763,2260.1677411560645,2256.4269751147676,2259.9286554890596,3.45200714530165,3.5016803742919365,0.9858144594363982,0.0263395459329086,0.02648668390197024,0.026413114917439418,0.23908566700492884,1984,1975,2000,2000,277,204,6159.812781736802,0.992,0.9875,0.860383064516129,0.8967088607594936,1222054,1192827,1585088,1552134,148760,117958,4662782.018891827,0.7709691827835427,0.7685077448210013,0.8782705183240676,0.9011105550092344,1984,1975,1716,1789,1707,277,7,9,1771,204,7,18,0.857,0.889,0.860383064516129,0.8967088607594936,0.9947552447552448,0.98993851313583,1984,1975,6159.812781736802,83500.0,0.7709691827835427,0.7685077448210013,0.8782705183240676,0.9011105550092344
836,0.0,83182.0,4000,2260.1918019095187,2263.7276252348715,2259.9474329667996,2263.6579077561696,3.535823325352794,3.7104747893699823,0.9529301574780831,0.026350621644457835,0.026499609546430918,0.026425115595444377,0.06971747870193212,1981,1972,2000,2000,261,173,6162.028601418258,0.9905,0.986,0.8682483594144371,0.9122718052738337,1224035,1194799,1587088,1554134,149021,118131,4668944.047493245,0.7712458288387285,0.7687876334987845,0.8782542982839543,0.9011289765056717,1981,1972,1733,1819,1720,261,6,13,1799,173,8,20,0.863,0.9035,0.8682483594144371,0.9122718052738337,0.9924985574148875,0.9890049477735019,1981,1972,6162.028601418258,83600.0,0.7712458288387285,0.7687876334987845,0.8782542982839543,0.9011289765056717
837,0.0,83281.5,4000,2263.7431780169,2267.1834770793917,2263.67877785089,2267.259099431373,3.440299062491704,3.580321580483087,0.9608910778420943,0.026360427972774134,0.026510974310117424,0.026435701141445778,-0.07562235198156486,1979,1976,2000,2000,262,207,6164.23092396717,0.9895,0.988,0.8676099039919152,0.895242914979757,1226014,1196775,1589088,1556134,149283,118338,4675108.278417213,0.771520519946032,0.7690693732030789,0.8782371163787689,0.9011192580058909,1979,1976,1729,1787,1717,262,9,12,1769,207,6,18,0.863,0.8875,0.8676099039919151,0.895242914979757,0.9930595720069404,0.9899272523782876,1979,1976,6164.23092396717,83700.0,0.771520519946032,0.7690693732030789,0.8782371163787689,0.9011192580058909
838,0.0,83381.0,4000,2267.1987395849496,2270.6560384440368,2267.2785019327816,2270.903448116651,3.457298859087132,3.6249461838692696,0.9537517755358258,0.026370410294580433,0.02652282695038313,0.02644661862248178,-0.2474096726141397,1971,1978,2000,2000,265,190,6166.458649966784,0.9855,0.989,0.8655504819888382,0.9039433771486349,1227985,1198753,1591088,1558134,149548,118528,4681274.73706718,0.771789492473075,0.7693516732193765,0.8782167534619723,0.9011239179380572,1971,1978,1729,1807,1706,265,6,23,1788,190,3,19,0.856,0.8955,0.8655504819888381,0.9039433771486349,0.9866975130133024,0.9894853348090759,1971,1978,6166.458649966784,83800.0,0.771789492473075,0.7693516732193765,0.8782167534619723,0.9011239179380572
839,0.0,83480.5,4000,2270.674155357428,2274.1526712995073,2270.926002743669,2274.550671716087,3.4785159420794116,3.6246689724180214,0.9596782405646519,0.0263806557275484,0.026534685602402172,0.026457670664975286,-0.3980004165796345,1967,1981,2000,2000,266,183,6168.675507115331,0.9835,0.9905,0.8647686832740213,0.9076224129227662,1229952,1200734,1593088,1560134,149814,118711,4687443.412574295,0.7720552788044351,0.7696351723633995,0.8781952466437715,0.9011346393122873,1967,1981,1725,1813,1701,266,9,24,1798,183,4,15,0.855,0.901,0.8647686832740213,0.9076224129227662,0.9860869565217392,0.9917264202978489,1967,1981,6168.675507115331,83900.0,0.7720552788044351,0.7696351723633995,0.8781952466437715,0.9011346393122873
840,0.0,83580.0,4000,2274.1712962753168,2277.5946252531858,2274.568957396075,2278.1410077757855,3.423328977869005,3.5720503797106176,0.9583652563563057,0.0263902258273213,0.02654583878691953,0.026468032307120415,-0.5463825225997425,1970,1978,2000,2000,271,208,6170.873129023022,0.985,0.989,0.8624365482233503,0.8948432760364005,1231922,1202712,1595088,1562134,150085,118919,4693614.285703318,0.7723222793977511,0.7699160251297263,0.8781700464802155,0.9011242924324361,1970,1978,1720,1788,1699,271,9,21,1770,208,4,18,0.854,0.887,0.8624365482233503,0.8948432760364005,0.9877906976744186,0.9899328859060402,1970,1978,6170.873129023022,84000.0,0.7723222793977511,0.7699160251297263,0.8781700464802155,0.9011242924324361
841,0.0,83679.5,4000,2277.6113149064477,2281.035963227388,2278.164238910997,2281.6918506809734,3.4246483209403777,3.5276117699763745,0.9708121370065941,0.026399765843866725,0.0265564958502548,0.026478130847060764,-0.6558874535853647,1984,1983,2000,2000,289,223,6173.07839039374,0.992,0.9915,0.8543346774193549,0.8875441250630358,1233906,1204695,1597088,1564134,150374,119142,4699787.364093712,0.7725973772265523,0.7701993563211336,0.8781317215411871,0.9011019386649732,1984,1983,1709,1774,1695,289,2,14,1760,223,3,14,0.8485,0.8815,0.8543346774193549,0.8875441250630358,0.9918080748976009,0.992108229988726,1984,1983,6173.07839039374,84100.0,0.7725973772265523,0.7701993563211336,0.8781317215411871,0.9011019386649732
842,0.0,83779.0,4000,2281.0508565328673,2284.5097192230905,2281.71295493485,2285.3230308025786,3.4588626902232136,3.610075867728483,0.9581135734966104,0.026409668212172138,0.026568081723610852,0.026488874967891495,-0.8133115794880723,1971,1984,2000,2000,267,182,6175.269526715019,0.9855,0.992,0.8645357686453576,0.908266129032258,1235877,1206679,1599088,1566134,150641,119324,4705962.633620427,0.7728636572846522,0.7704826023826824,0.8781100384585198,0.9011137178984635,1971,1984,1727,1818,1704,267,6,23,1802,182,0,16,0.855,0.901,0.8645357686453576,0.9082661290322581,0.986682107701216,0.9911991199119912,1971,1984,6175.269526715019,84200.0,0.7728636572846522,0.7704826023826824,0.8781100384585198,0.9011137178984635
843,0.0,83878.5,4000,2284.5279285286915,2287.9561045949326,2285.3399148959147,2288.9084129041116,3.4281760662411216,3.5684980081969115,0.960677589945835,0.02641922240612973,0.026579096835463428,0.02649915962079658,-0.9523083091789886,1966,1981,2000,2000,270,215,6177.456083933988,0.983,0.9905,0.8626653102746694,0.8914689550731953,1237843,1208660,1601088,1568134,150911,119539,4712140.089704361,0.7731261492185314,0.7707632128376785,0.8780855084206963,0.9010979100822398,1966,1981,1723,1782,1696,270,7,27,1766,215,3,16,0.8515,0.8845,0.8626653102746694,0.8914689550731953,0.9843296575739988,0.9910213243546577,1966,1981,6177.456083933988,84300.0,0.7731261492185314,0.7707632128376785,0.8780855084206963,0.9010979100822398
844,0.0,83978.0,4000,2287.9744872948986,2291.523835246787,2288.924224474134,2292.5084021337902,3.549347951888194,3.584177659656234,0.99028237127861,0.02643019170010178,0.026590258915393905,0.026510225307747843,-0.9845668870034388,1976,1985,2000,2000,238,206,6179.655854714297,0.988,0.9925,0.8795546558704453,0.8962216624685139,1239819,1210645,1603088,1570134,151149,119745,4718319.745559075,0.7733942241473956,0.7710456559758594,0.8780878499200286,0.9010899148800846,1976,1985,1754,1791,1738,238,8,16,1779,206,3,12,0.873,0.891,0.8795546558704453,0.8962216624685139,0.9908779931584949,0.9932998324958124,1976,1985,6179.655854714297,84400.0,0.7733942241473956,0.7710456559758594,0.8780878499200286,0.9010899148800846
845,0.0,84077.5,4000,2291.5453036647236,2295.044482733638,2292.527569313749,2296.100582544534,3.4991790689141453,3.573013230784909,0.9793356035643496,0.02644057783402889,0.026601302164141884,0.026520939999085388,-1.056099810896285,1982,1978,2000,2000,282,212,6181.83357450166,0.991,0.989,0.8577194752774975,0.8928210313447927,1241801,1212623,1605088,1572134,151431,119957,4724501.579133577,0.7736653691261788,0.7713229279438012,0.8780553405899979,0.9010764268861798,1982,1978,1714,1782,1700,282,4,14,1766,212,6,16,0.852,0.886,0.8577194752774975,0.8928210313447927,0.9918319719953326,0.9910213243546577,1982,1978,6181.83357450166,84500.0,0.7736653691261788,0.7713229279438012,0.8780553405899979,0.9010764268861798
846,0.0,84177.0,4000,2295.0649286163334,2298.4749561690714,2296.1201739738995,2299.667385267382,3.410027552738029,3.5472112934826328,0.9613263125890882,0.026449873527315308,0.02661201933324867,0.02653094643028199,-1.1924290983106403,1972,1986,2000,2000,283,217,6184.028172651241,0.986,0.993,0.8564908722109533,0.8907351460221551,1243773,1214609,1607088,1574134,151714,120174,4730685.607306228,0.7739296167975867,0.771604577501026,0.8780211501616453,0.9010595179189352,1972,1986,1708,1779,1689,283,9,19,1769,217,4,10,0.849,0.8865,0.8564908722109533,0.8907351460221551,0.9888758782201406,0.9943788645306352,1972,1986,6184.028172651241,84600.0,0.7739296167975867,0.771604577501026,0.8780211501616453,0.9010595179189352
847,0.0,84276.5,4000,2298.488474668544,2301.8891799385037,2299.687915185404,2303.2801716572235,3.4007052699598717,3.5922564718193826,0.9466766353231747,0.026458955421255103,0.026623254096607776,0.02654110475893144,-1.3909917187197607,1988,1981,2000,2000,279,187,6186.211431232227,0.994,0.9905,0.8596579476861167,0.9056032306915699,1245761,1216590,1609088,1576134,151993,120361,4736871.81873746,0.7742031511017421,0.7718823399533289,0.8779918459479787,0.9010669165454261,1988,1981,1716,1812,1709,279,5,7,1794,187,1,18,0.857,0.8975,0.8596579476861167,0.9056032306915699,0.995920745920746,0.9900662251655629,1988,1981,6186.211431232227,84700.0,0.7742031511017421,0.7718823399533289,0.8779918459479787,0.9010669165454261
848,0.0,84376.0,4000,2301.9036458350556,2305.448613537673,2303.298084653939,2306.832496917417,3.544967702617214,3.5344122634778614,1.0029864764924072,0.026469728275701373,0.026633749377864058,0.026551738826782717,-1.3838833797440202,1980,1980,2000,2000,244,228,6188.3777140146285,0.99,0.99,0.8767676767676768,0.8848484848484849,1247741,1218570,1611088,1578134,152237,120589,4743060.196451475,0.774471040688032,0.7721587647183319,0.8779899033533402,0.9010405639396998,1980,1980,1752,1765,1736,244,4,16,1752,228,7,13,0.87,0.8795,0.8767676767676768,0.8848484848484849,0.9908675799086758,0.9926345609065156,1980,1980,6188.3777140146285,84800.0,0.774471040688032,0.7721587647183319,0.8779899033533402,0.9010405639396998
849,0.0,84475.5,4000,2305.4671585722203,2308.9230302704423,2306.848192579256,2310.4217971106796,3.4558716982219266,3.5736045314233706,0.9670548791378013,0.0264794743758804,0.026644655446833154,0.026562064911356778,-1.4987668402372947,1985,1976,2000,2000,257,204,6190.549502243697,0.9925,0.988,0.8705289672544081,0.8967611336032388,1249726,1220546,1613088,1580134,152494,120793,4749250.745953718,0.7747413656291535,0.7724319583022705,0.8779780527891714,0.9010336357662883,1985,1976,1737,1791,1728,257,6,9,1772,204,5,19,0.867,0.8885,0.8705289672544081,0.8967611336032388,0.9948186528497409,0.989391401451703,1985,1976,6190.549502243697,84900.0,0.7747413656291535,0.7724319583022705,0.8779780527891714,0.9010336357662883
850,0.0,84575.0,4000,2308.9406871688825,2312.4309419967544,2310.4423859339386,2314.0141776289597,3.4902548278719223,3.5717916950211475,0.9771719982263013,0.026489591602806565,0.026655572093581353,0.026572581848193957,-1.5832356322052874,1973,1983,2000,2000,253,206,6192.721903718156,0.9865,0.9915,0.8717688798783578,0.8961169944528492,1251699,1222529,1615088,1582134,152747,120999,4755443.467857436,0.7750035911355914,0.7727088855937614,0.8779682655334868,0.9010256607409722,1973,1983,1743,1792,1720,253,4,23,1777,206,2,15,0.862,0.8895,0.8717688798783578,0.8961169944528492,0.9868043602983362,0.9916294642857143,1973,1983,6192.721903718156,85000.0,0.7750035911355914,0.7727088855937614,0.8779682655334868,0.9010256607409722
851,0.0,84674.5,4000,2312.4505207405873,2315.884559741193,2314.034719004124,2317.616375976661,3.4340390006054804,3.5816569725370755,0.9587850056374803,0.026499047050328982,0.0266665784524338,0.026582812751381392,-1.731816235468159,1979,1974,2000,2000,254,198,6194.8777336782505,0.9895,0.987,0.8716523496715513,0.8996960486322189,1253678,1224503,1617088,1584134,153001,121197,4761638.345591115,0.7752688783789132,0.7729794322955003,0.8779582955112876,0.9010235172964052,1979,1974,1742,1799,1725,254,4,17,1776,198,3,23,0.8645,0.8895,0.8716523496715513,0.8996960486322189,0.9902411021814007,0.9872151195108394,1979,1974,6194.8777336782505,85100.0,0.7752688783789132,0.7729794322955003,0.8779582955112876,0.9010235172964052
852,0.0,84774.0,4000,2315.9061193890648,2319.3595882765144,2317.634239876706,2321.189542892725,3.453468887449617,3.5553030160190247,0.9713571169291122,0.026508731602327675,0.02667721823026033,0.026592974916294004,-1.8299546162106708,1978,1984,2000,2000,271,212,6197.0556694462275,0.989,0.992,0.8629929221435794,0.8931451612903226,1255656,1226487,1619088,1586134,153272,121409,4767835.401260561,0.7755328925913848,0.7732556013552448,0.8779347209745344,0.9010107730452912,1978,1984,1726,1786,1707,271,3,19,1772,212,2,14,0.855,0.887,0.8629929221435794,0.8931451612903226,0.9889918887601391,0.9921612541993281,1978,1984,6197.0556694462275,85200.0,0.7755328925913848,0.7732556013552448,0.8779347209745344,0.9010107730452912
853,0.0,84873.5,4000,2319.372514011829,2322.8390111028225,2321.210626667631,2324.805722038619,3.466497090993471,3.5950953709880196,0.9642295219669773,0.026518444963008512,0.026688337307902394,0.026603391135455453,-1.9667109357965273,1984,1987,2000,2000,269,190,6199.21246145745,0.992,0.9935,0.8644153225806451,0.9043784599899346,1257640,1228474,1621088,1588134,153541,121599,4774034.613722019,0.7757999565723761,0.7735329638431014,0.8779133933399065,0.9010162201235028,1984,1987,1730,1806,1715,269,1,15,1797,190,4,9,0.858,0.9005,0.8644153225806451,0.9043784599899346,0.9913294797687862,0.9950166112956811,1984,1987,6199.21246145745,85300.0,0.7757999565723761,0.7735329638431014,0.8779133933399065,0.9010162201235028
854,0.0,84973.0,4000,2322.8586517220915,2326.3642206321347,2324.8233294769434,2328.420926761422,3.5055689100431664,3.5975972844785247,0.9744194896876297,0.02652867171983534,0.026699418935443527,0.026614045327639432,-2.0567061292872495,1986,1983,2000,2000,251,203,6201.382736011009,0.993,0.9915,0.8736153071500503,0.8976298537569339,1259626,1230457,1623088,1590134,153792,121802,4780235.99645803,0.7760675946097808,0.7738071131112221,0.8779066167259171,0.9010107626678543,1986,1983,1745,1793,1735,251,4,10,1780,203,4,13,0.8695,0.892,0.8736153071500503,0.8976298537569339,0.994269340974212,0.992749581706637,1986,1983,6201.382736011009,85400.0,0.7760675946097808,0.7738071131112221,0.8779066167259171,0.9010107626678543
855,0.0,85072.5,4000,2326.3801564033274,2329.803220379238,2328.4373851534083,2332.1021035710655,3.423063975910736,3.664718417657241,0.9340592061365008,0.02653786625287768,0.02671124624440375,0.026624556248640716,-2.2988831918273718,1986,1983,2000,2000,271,179,6203.527405433443,0.993,0.9915,0.8635448136958711,0.9097327281896117,1261612,1232440,1625088,1592134,154063,121981,4786439.523863464,0.7763345738815375,0.7740805736200597,0.8778840087126628,0.9010247963389698,1986,1983,1723,1814,1715,271,6,8,1804,179,7,10,0.8605,0.9055,0.8635448136958711,0.9097327281896117,0.9953569355774812,0.9944873208379272,1986,1983,6203.527405433443,85500.0,0.7763345738815375,0.7740805736200597,0.8778840087126628,0.9010247963389698
856,0.0,85172.0,4000,2329.820847046831,2333.317345894826,2332.122546520338,2335.7554099954614,3.496498847994644,3.632863475123486,0.962463597087362,0.026547916940848473,0.02672272033085183,0.026635318635850152,-2.438064100635529,1981,1985,2000,2000,251,187,6205.685940954143,0.9905,0.9925,0.8732963149924281,0.9057934508816121,1263593,1234425,1627088,1594134,154314,122168,4792645.209804418,0.776597823842349,0.7743546025616416,0.8778768163483021,0.9010324645077668,1981,1985,1741,1811,1730,251,8,11,1798,187,2,13,0.869,0.9,0.8732963149924281,0.9057934508816121,0.9936817920735209,0.992821645499724,1981,1985,6205.685940954143,85600.0,0.776597823842349,0.7743546025616416,0.8778768163483021,0.9010324645077668
857,0.0,85271.5,4000,2333.333543479409,2336.8466446315615,2335.7717005892396,2339.41301126271,3.513101152152558,3.6413106734703433,0.9647902821772701,0.026558121223726545,0.026734217754821064,0.026646169489273806,-2.566366631148412,1983,1977,2000,2000,264,195,6207.843799108725,0.9915,0.9885,0.8668683812405447,0.9013657056145675,1265576,1236402,1629088,1596134,154578,122363,4798853.053603526,0.7768616551100984,0.7746229326610422,0.87785956750128,0.9010329973584643,1983,1977,1732,1801,1719,264,4,13,1782,195,4,19,0.8615,0.893,0.8668683812405447,0.9013657056145675,0.9924942263279446,0.9894503053858967,1983,1977,6207.843799108725,85700.0,0.7768616551100984,0.7746229326610422,0.87785956750128,0.9010329973584643
858,0.0,85371.0,4000,2336.864157076958,2340.286578772913,2339.4316338982894,2343.0703392528553,3.4224216959551086,3.6387053545659,0.9405602714329712,0.026567260174996693,0.026745685193220403,0.026656472684108548,-2.78376047994243,1993,1986,2000,2000,280,195,6209.988663585154,0.9965,0.993,0.8595082789764175,0.9018126888217523,1267569,1238388,1631088,1598134,154858,122558,4805063.042267111,0.7771309702480798,0.7748962227197469,0.8778307137520719,0.9010342477478787,1993,1986,1718,1801,1713,280,2,5,1791,195,4,10,0.8575,0.8975,0.8595082789764175,0.9018126888217523,0.9970896391152503,0.994447529150472,1993,1986,6209.988663585154,85800.0,0.7771309702480798,0.7748962227197469,0.8778307137520719,0.9010342477478787
859,0.0,85470.5,4000,2340.30190500169,2343.796870979548,2343.0832379696008,2346.6494933372082,3.494965977858101,3.566255367607482,0.980010015436105,0.026577196917594314,0.026756215875001904,0.02666670639629811,-2.8526223576600387,1992,1984,2000,2000,277,183,6212.14047824501,0.996,0.992,0.8609437751004017,0.9077620967741935,1269561,1240372,1633088,1600134,155135,122741,4811275.182745356,0.7773990134028295,0.7751675797151989,0.8778042173633248,0.9010450090779218,1992,1984,1722,1812,1715,277,1,7,1801,183,5,11,0.858,0.903,0.8609437751004017,0.9077620967741935,0.9959349593495935,0.9939293598233996,1992,1984,6212.14047824501,85900.0,0.7773990134028295,0.7751675797151989,0.8778042173633248,0.9010450090779218
860,0.0,85570.0,4000,2343.815797302654,2347.3733074881047,2346.6711599923956,2350.21963583769,3.55751018545061,3.5484758452944334,1.0025459776394299,0.026587879671278004,0.026766617280966805,0.026677248476122406,-2.846328349585292,1984,1979,2000,2000,246,218,6214.295814874749,0.992,0.9895,0.876008064516129,0.8898433552299141,1271545,1242351,1635088,1602134,155381,122959,4817489.478560231,0.7776615081267797,0.7754351383841801,0.8778014148142614,0.9010271654307036,1984,1979,1750,1775,1738,246,4,12,1761,218,7,14,0.871,0.884,0.876008064516129,0.8898433552299141,0.9931428571428571,0.992112676056338,1984,1979,6214.295814874749,86000.0,0.7776615081267797,0.7754351383841801,0.8778014148142614,0.9010271654307036
861,0.0,85669.5,4000,2347.389523834128,2350.810428984852,2350.235948947258,2353.806946640925,3.4209051507241384,3.570997693667323,0.957969017115482,0.026596919549670795,0.026777193925277356,0.026687056737474076,-2.996517656073138,1986,1977,2000,2000,275,213,6216.442873881448,0.993,0.9885,0.8615307150050353,0.8922610015174507,1273531,1244328,1637088,1604134,155656,123172,4823705.921434112,0.777924583162298,0.7757007831016611,0.877776041572604,0.9010132376672388,1986,1977,1718,1780,1711,275,7,7,1764,213,7,16,0.859,0.8855,0.8615307150050352,0.8922610015174507,0.9959254947613504,0.9910112359550561,1986,1977,6216.442873881448,86100.0,0.777924583162298,0.7757007831016611,0.877776041572604,0.9010132376672388
862,0.0,85769.0,4000,2350.827160584064,2354.268645720826,2353.8250643693723,2357.3269966163507,3.441485136761912,3.501932246978413,0.9827389264116527,0.02660618317822076,0.026786965741784293,0.026696574460002526,-3.0583508955246543,1987,1987,2000,2000,268,218,6218.5660851820285,0.9935,0.9935,0.8651233014594867,0.8902868646200301,1275518,1246315,1639088,1606134,155924,123390,4829924.487519294,0.7781876262897416,0.7759719923742353,0.877756331153304,0.9009961366107284,1987,1987,1725,1780,1719,268,7,6,1769,218,2,11,0.863,0.8855,0.8651233014594867,0.8902868646200301,0.9965217391304347,0.9938202247191011,1987,1987,6218.5660851820285,86200.0,0.7781876262897416,0.7759719923742353,0.877756331153304,0.9009961366107284
863,0.0,85868.5,4000,2354.2858257165726,2357.6992911167563,2357.3424201892776,2360.9043186484732,3.413465400183668,3.5618984591956178,0.9583275433838531,0.026615105855834993,0.026797378551262206,0.0267062422035486,-3.2050275317169508,1982,1985,2000,2000,276,196,6220.663856848945,0.991,0.9925,0.8607467204843593,0.9012594458438288,1277500,1248300,1641088,1608134,156200,123586,4836145.151376143,0.7784469815147025,0.7762412833756391,0.8777299412915851,0.9009965553152287,1982,1985,1719,1802,1706,276,5,13,1789,196,2,13,0.8555,0.8955,0.8607467204843592,0.9012594458438287,0.9924374636416521,0.9927857935627081,1982,1985,6220.663856848945,86300.0,0.7784469815147025,0.7762412833756391,0.8777299412915851,0.9009965553152287
864,0.0,85968.0,4000,2357.719582232646,2361.167434939773,2360.927248030434,2364.488254644665,3.4478527071269127,3.561006614231246,0.9682241794631541,0.026624441888675656,0.02680784380752454,0.0267161428481001,-3.320819704892074,1987,1985,2000,2000,294,204,6222.7770884296915,0.9935,0.9925,0.8520382486160041,0.8972292191435768,1279487,1250285,1643088,1610134,156494,123790,4842367.928464573,0.7787087484054415,0.7765099053867567,0.8776900429625311,0.900990574149094,1987,1985,1703,1792,1693,294,3,10,1781,204,4,11,0.848,0.8925,0.8520382486160041,0.8972292191435768,0.994128009395185,0.9938616071428571,1987,1985,6222.7770884296915,86400.0,0.7787087484054415,0.7765099053867567,0.8776900429625311,0.900990574149094
865,0.0,86067.5,4000,2361.18282765259,2364.679183275439,2364.5101822141296,2368.1562053197413,3.4963556228490233,3.6460231056116754,0.9589504842873059,0.026634260433725344,0.02681925613462655,0.026726758284175946,-3.47702204430243,1978,1978,2000,2000,271,185,6224.884291173248,0.989,0.989,0.8629929221435794,0.9064711830131446,1281465,1252263,1645088,1612134,156765,123975,4848592.812755746,0.778964407983038,0.7767735188265987,0.8776673572824852,0.9009992309922117,1978,1978,1723,1809,1707,271,6,16,1793,185,6,16,0.8565,0.8995,0.8629929221435794,0.9064711830131446,0.9907138711549622,0.9911553344389166,1978,1978,6224.884291173248,86500.0,0.778964407983038,0.7767735188265987,0.8776673572824852,0.9009992309922117
866,0.0,86167.0,4000,2364.6915051309325,2368.2365612445733,2368.1712180638415,2371.7362314478114,3.5450561136408396,3.5650133839699265,0.994401908722468,0.02664458320423068,0.026829626810314856,0.02673710500727277,-3.499670203238111,1983,1988,2000,2000,234,205,6227.0016157658465,0.9915,0.994,0.8819969742813918,0.8968812877263581,1283448,1254251,1647088,1614134,156999,124180,4854819.814371511,0.7792224823445985,0.7770426742761134,0.877674046786469,0.9009927040121953,1983,1988,1757,1793,1749,234,9,8,1783,205,2,10,0.879,0.8925,0.8819969742813918,0.8968812877263581,0.9954467842914058,0.9944227551589515,1983,1988,6227.0016157658465,86600.0,0.7792224823445985,0.7770426742761134,0.877674046786469,0.9009927040121953
867,0.0,86266.5,4000,2368.2594703675154,2371.7119701104702,2371.7542697901954,2375.341834536866,3.452499742954842,3.587564746670523,0.9623518979438547,0.026653936728399927,0.02684026856819286,0.026747102648296394,-3.6298644263956703,1987,1987,2000,2000,279,203,6229.116019473122,0.9935,0.9935,0.8595873175641671,0.8978359335681932,1285435,1256238,1649088,1616134,157278,124383,4861048.930390985,0.7794823563084565,0.7773105447939341,0.8776460886781517,0.9009877109273879,1987,1987,1719,1793,1708,279,2,11,1784,203,4,9,0.855,0.894,0.8595873175641671,0.8978359335681932,0.9936009307737056,0.9949804796430564,1987,1987,6229.116019473122,86700.0,0.7794823563084565,0.7773105447939341,0.8776460886781517,0.9009877109273879
868,0.0,86366.0,4000,2371.732520243988,2375.214537624096,2375.36061076417,2378.940555842458,3.4820173801081182,3.579945078287892,0.972645474710297,0.026663581588316814,0.02685080652267181,0.026757194055494312,-3.726018218361787,1991,1991,2000,2000,269,216,6231.223390045658,0.9955,0.9955,0.8648920140632848,0.891511803114013,1287426,1258229,1651088,1618134,157547,124599,4867280.15378103,0.7797440233349161,0.7775802251235064,0.8776263645444476,0.9009727164133079,1991,1991,1728,1782,1722,269,3,6,1775,216,2,7,0.8625,0.8885,0.8648920140632848,0.891511803114013,0.9965277777777778,0.9960718294051627,1991,1991,6231.223390045658,86800.0,0.7797440233349161,0.7775802251235064,0.8776263645444476,0.9009727164133079
869,0.0,86465.5,4000,2375.2332547791134,2378.703801110986,2378.9578199234984,2382.5653544775773,3.4705463318728107,3.6075345540789385,0.9620271905500561,0.026673051154807708,0.026861620308435356,0.02676733573162153,-3.8615533665911244,1988,1988,2000,2000,274,191,6233.330870517021,0.994,0.994,0.8621730382293763,0.9039235412474849,1289414,1260217,1653088,1620134,157821,124790,4873513.484651547,0.7800032424166167,0.7778473879321093,0.8776025388277156,0.9009773713574726,1988,1988,1724,1806,1714,274,2,10,1797,191,3,9,0.858,0.9,0.8621730382293763,0.9039235412474849,0.994199535962877,0.9950166112956811,1988,1988,6233.330870517021,86900.0,0.7800032424166167,0.7778473879321093,0.8776025388277156,0.9009773713574726
870,0.0,86565.0,4000,2378.718980335221,2382.135385380971,2382.588559925934,2386.16736215219,3.416405045749798,3.5788022262559025,0.9546224769520157,0.02668183597267557,0.026872147269857993,0.02677699162126678,-4.031976771218979,1981,1986,2000,2000,267,228,6235.433577315165,0.9905,0.993,0.8652195860676426,0.8851963746223565,1291395,1262203,1655088,1622134,158088,125018,4879748.918228862,0.7802576056378875,0.7781126590035102,0.8775835433775103,0.9009525409145756,1981,1986,1727,1767,1714,267,6,13,1758,228,5,9,0.86,0.8815,0.8652195860676426,0.8851963746223565,0.9924724956572091,0.9949066213921901,1981,1986,6235.433577315165,87000.0,0.7802576056378875,0.7781126590035102,0.8775835433775103,0.9009525409145756
871,0.0,86664.5,4000,2382.1516708305253,2385.581292991697,2386.186389948003,2389.8191819214344,3.4296221611716646,3.6327919734312673,0.9440733700840834,0.02669076506582664,0.026883221954614116,0.02678699351022038,-4.237888929737437,1985,1992,2000,2000,276,210,6237.5349370211925,0.9925,0.996,0.8609571788413098,0.8945783132530121,1293380,1264195,1657088,1624134,158364,125228,4885986.453165883,0.7805137687316546,0.7783809710282525,0.8775580262567846,0.9009424970040223,1985,1992,1721,1789,1709,276,3,12,1782,210,1,7,0.856,0.8915,0.8609571788413098,0.8945783132530121,0.9930273097036607,0.9960871995528228,1985,1992,6237.5349370211925,87100.0,0.7805137687316546,0.7783809710282525,0.8775580262567846,0.9009424970040223
872,0.0,86764.0,4000,2385.59813518751,2389.096511732262,2389.8386642164487,2393.4474956707104,3.4983765447523183,3.60883145426169,0.9693931648210019,0.02670046853181268,0.026894001674267955,0.026797235103040315,-4.35098393844828,1985,1982,2000,2000,252,200,6239.618140860784,0.9925,0.991,0.8730478589420655,0.8990918264379415,1295365,1266177,1659088,1626134,158616,125428,4892226.071306744,0.7807693142256469,0.778642473498494,0.8775511149367167,0.9009396000717119,1985,1982,1742,1795,1733,252,6,9,1782,200,5,13,0.8695,0.8935,0.8730478589420655,0.8990918264379415,0.994833524684271,0.992757660167131,1985,1982,6239.618140860784,87200.0,0.7807693142256469,0.778642473498494,0.8775511149367167,0.9009396000717119
873,0.0,86863.5,4000,2389.1166277975813,2392.569588735626,2393.4681690222046,2397.093717007594,3.4529609380447255,3.625547985389403,0.9523969761150076,0.026709667044415,0.026904961825120838,0.02680731443476792,-4.5241282719680385,1988,1989,2000,2000,307,185,6241.701718340003,0.994,0.9945,0.8455734406438632,0.9069884364002011,1297353,1268166,1661088,1628134,158923,125613,4898467.773025083,0.7810260503958851,0.7789076329098219,0.8775021139196503,0.9009490871068929,1988,1989,1692,1814,1681,307,1,11,1804,185,1,10,0.841,0.9025,0.8455734406438632,0.9069884364002011,0.9934988179669031,0.9944873208379272,1988,1989,6241.701718340003,87300.0,0.7810260503958851,0.7789076329098219,0.8775021139196503,0.9009490871068929
874,0.0,86963.0,4000,2392.582555415593,2396.0321152403694,2397.1142133946687,2400.7109951801326,3.4495598247763155,3.596781785463918,0.9590684201964692,0.026718723792702206,0.026915565738050203,0.026817144765376204,-4.678879939763192,1995,1985,2000,2000,278,208,6243.756526486577,0.9975,0.9925,0.8606516290726817,0.8952141057934508,1299348,1270151,1663088,1630134,159201,125821,4904711.52955157,0.7812863781110801,0.7791696878906887,0.8774762419305683,0.9009401244418971,1995,1985,1721,1789,1717,278,1,4,1777,208,3,12,0.859,0.89,0.8606516290726817,0.8952141057934508,0.9976757699012202,0.9932923420905534,1995,1985,6243.756526486577,87400.0,0.7812863781110801,0.7791696878906887,0.8774762419305683,0.9009401244418971
875,0.0,87062.5,4000,2396.050258741474,2399.528027245383,2400.7267113739,2404.326787650212,3.4777685039089192,3.6000762763119383,0.9660263386062709,0.026728141388424987,0.026926128434007622,0.026827134911216306,-4.798760404828954,1990,1989,2000,2000,240,206,6245.836020499987,0.995,0.9945,0.8793969849246231,0.8964303670186023,1301338,1272140,1665088,1632134,159441,126027,4910957.365572071,0.7815430776031057,0.7794335514118326,0.8774791791217962,0.9009330734038706,1990,1989,1757,1793,1750,240,3,7,1783,206,1,10,0.8765,0.892,0.8793969849246231,0.8964303670186023,0.9960159362549801,0.9944227551589515,1990,1989,6245.836020499987,87500.0,0.7815430776031057,0.7794335514118326,0.8774791791217962,0.9009330734038706
876,0.0,87162.0,4000,2399.550859120494,2403.0139542589723,2404.344165498046,2407.8912265941153,3.4630951384783657,3.5470610960692284,0.976328020488874,0.026737423498867305,0.026936080786753087,0.026836752142810196,-4.877272335143061,1980,1990,2000,2000,267,213,6247.930864813846,0.99,0.995,0.8651515151515151,0.892964824120603,1303318,1274130,1667088,1634134,159708,126240,4917205.296436884,0.7817931626884723,0.7796973809981311,0.8774604509413666,0.9009206281933555,1980,1990,1727,1786,1713,267,6,14,1777,213,1,9,0.8595,0.889,0.8651515151515151,0.892964824120603,0.9918934568616097,0.9949608062709966,1980,1990,6247.930864813846,87600.0,0.7817931626884723,0.7796973809981311,0.8774604509413666,0.9009206281933555
877,0.0,87261.5,4000,2403.023958548785,2406.430481824346,2407.9090387997094,2411.5152360972897,3.406523275561085,3.6061972975803656,0.9446303112274931,0.026745893113639105,0.026946689696952623,0.026846291405295864,-5.084754272943883,1986,1989,2000,2000,279,206,6250.012125562651,0.993,0.9945,0.8595166163141994,0.8964303670186023,1305304,1276119,1669088,1636134,159987,126446,4923455.308562447,0.7820462432178531,0.7799599543802647,0.8774331496724135,0.9009136295282807,1986,1989,1716,1793,1707,279,5,9,1783,206,1,10,0.856,0.892,0.8595166163141994,0.8964303670186023,0.9947552447552448,0.9944227551589515,1986,1989,6250.012125562651,87700.0,0.7820462432178531,0.7799599543802647,0.8774331496724135,0.9009136295282807
878,0.0,87361.0,4000,2406.447064329852,2409.9143115459046,2411.535778269453,2415.082592755758,3.467247216052783,3.546814486304811,0.9775665542815227,0.026755109974803053,0.026956629192268943,0.026855869583535998,-5.168281209853376,1986,1988,2000,2000,262,213,6252.076445496742,0.993,0.994,0.8680765357502518,0.8928571428571429,1307290,1278107,1671088,1638134,160249,126659,4929707.385007944,0.782298717960993,0.7802212761593373,0.877418935354818,0.9009010982648558,1986,1988,1734,1787,1724,262,4,10,1775,213,0,12,0.864,0.8875,0.8680765357502518,0.8928571428571429,0.994232987312572,0.9932848349188584,1986,1988,6252.076445496742,87800.0,0.782298717960993,0.7802212761593373,0.877418935354818,0.9009010982648558
879,0.0,87460.5,4000,2409.9293130419583,2413.3661319063895,2415.1032465177136,2418.7660121261683,3.4368188644311886,3.6627656084547198,0.9383125298812512,0.026763941708170567,0.026967866467026435,0.0268659040875985,-5.399880219778879,1985,1988,2000,2000,281,191,6254.121800641012,0.9925,0.994,0.8584382871536524,0.9039235412474849,1309275,1280095,1673088,1640134,160530,126850,4935961.506808585,0.7825499913931604,0.7804819606202907,0.8773901586756029,0.900905792148239,1985,1988,1715,1808,1704,281,4,11,1797,191,1,11,0.854,0.899,0.8584382871536524,0.9039235412474849,0.9935860058309038,0.9939159292035398,1985,1988,6254.121800641012,87900.0,0.7825499913931604,0.7804819606202907,0.8773901586756029,0.900905792148239
880,0.0,87560.0,4000,2413.3844420359737,2416.8485053692248,2418.7799259070284,2422.3677973381086,3.4640633332510333,3.5878714310802025,0.9654926046801253,0.026773100563761684,0.02697815054163141,0.02687562555269655,-5.519291968883863,1984,1988,2000,2000,266,194,6256.170809779252,0.992,0.994,0.8659274193548387,0.9024144869215291,1311259,1282083,1675088,1642134,160796,127044,4942217.677618364,0.7828000678173326,0.7807420100917465,0.8773728149816321,0.9009081315328259,1984,1988,1728,1802,1718,266,6,10,1794,194,4,8,0.862,0.899,0.8659274193548387,0.9024144869215291,0.9942129629629629,0.9955604883462819,1984,1988,6256.170809779252,88000.0,0.7828000678173326,0.7807420100917465,0.8773728149816321,0.9009081315328259
881,0.0,87659.5,4000,2416.863571290622,2420.3663082975113,2422.3872342178897,2426.030119222227,3.5027370068892196,3.6428850043371312,0.9615282949417687,0.02678264077797179,0.026989098405762565,0.02688586959186718,-5.663810924715563,1991,1987,2000,2000,266,200,6258.218077726687,0.9955,0.9935,0.8663987945755902,0.8993457473578259,1313250,1284070,1677088,1644134,161062,127244,4948475.8956960905,0.7830537216890229,0.7810008186680648,0.8773561774224252,0.9009057138629514,1991,1987,1730,1799,1725,266,4,5,1787,200,1,12,0.8645,0.894,0.8663987945755901,0.8993457473578259,0.9971098265895953,0.9933296275708727,1991,1987,6258.218077726687,88100.0,0.7830537216890229,0.7810008186680648,0.8773561774224252,0.9009057138629514
882,0.0,87759.0,4000,2420.3889711304023,2423.8539186870107,2426.048783761296,2429.659488774676,3.464947556608422,3.610705013380084,0.9596318568724023,0.02679181704000923,0.026999647835602394,0.02689573243780581,-5.805570087665274,1993,1982,2000,2000,281,201,6260.26410479529,0.9965,0.991,0.8590065228299046,0.8985872855701311,1315243,1286052,1679088,1646134,161343,127445,4954736.159800886,0.7833079624176934,0.7812559609363515,0.8773283720194671,0.9009021408154569,1993,1982,1719,1798,1712,281,0,7,1781,201,1,17,0.856,0.891,0.8590065228299046,0.8985872855701312,0.9959278650378127,0.9905450500556173,1993,1982,6260.26410479529,88200.0,0.7833079624176934,0.7812559609363515,0.8773283720194671,0.9009021408154569
883,0.0,87858.5,4000,2423.8711100423684,2427.2925602250107,2429.6798348183565,2433.2464863332566,3.4214501826422747,3.566651514900059,0.9592891731498885,0.02680041794413153,0.027009693506893678,0.026905055725512605,-5.953926108245923,1988,1991,2000,2000,269,208,6262.295897703245,0.994,0.9955,0.8646881287726358,0.8955298844801607,1317231,1288043,1681088,1648134,161612,127653,4960998.45569859,0.7835586239387825,0.7815159446986714,0.8773092950287383,0.9008938366188085,1988,1991,1728,1790,1719,269,3,9,1783,208,2,7,0.861,0.8925,0.8646881287726358,0.8955298844801607,0.9947916666666666,0.9960893854748604,1988,1991,6262.295897703245,88300.0,0.7835586239387825,0.7815159446986714,0.8773092950287383,0.9008938366188085
884,0.0,87958.0,4000,2427.3112485215433,2430.7394489843778,2433.267163208534,2436.8727322235522,3.428200462834411,3.605569015018318,0.9508070566822846,0.026809092683554088,0.027020160436074744,0.026914626559814414,-6.133283239174489,1988,1988,2000,2000,269,200,6264.32274607784,0.994,0.994,0.8646881287726358,0.8993963782696177,1319219,1290031,1683088,1650134,161881,127853,4967262.778444667,0.7838086897417128,0.7817734802143341,0.8772902755342366,0.9008915289632575,1988,1988,1724,1799,1719,269,7,5,1788,200,1,11,0.863,0.8945,0.8646881287726358,0.8993963782696177,0.9970997679814385,0.9938854919399667,1988,1988,6264.32274607784,88400.0,0.7838086897417128,0.7817734802143341,0.8772902755342366,0.9008915289632575
885,0.0,88057.5,4000,2430.7553934524244,2434.251582684033,2436.8946707342734,2440.480297540633,3.496189231608696,3.5856268063594143,0.9750566415355627,0.026818485050009454,0.027030392631255232,0.026924438840632343,-6.228714856599709,1994,1986,2000,2000,270,200,6266.334277758795,0.997,0.993,0.8645937813440321,0.8992950654582075,1321213,1292017,1685088,1652134,162151,128053,4973529.112722426,0.7840617225925293,0.7820291816523357,0.8772711137416904,0.9008890749889513,1994,1986,1729,1794,1724,270,1,5,1786,200,6,8,0.8625,0.896,0.8645937813440321,0.8992950654582075,0.9971081550028918,0.9955406911928651,1994,1986,6266.334277758795,88500.0,0.7840617225925293,0.7820291816523357,0.8772711137416904,0.9008890749889513
886,0.0,88157.0,4000,2434.2671283487416,2437.7767944718057,2440.4954437240403,2444.110538747394,3.5096661230641075,3.6150950233536605,0.9708364788177135,0.0268280038229527,0.027040857664479112,0.026934430743715904,-6.333744275588288,1989,1994,2000,2000,251,202,6268.374065249524,0.9945,0.997,0.873805932629462,0.8986960882647944,1323202,1294011,1687088,1654134,162402,128255,4979797.486787675,0.7843111918287605,0.7822891011248182,0.8772659049789828,0.9008856957166516,1989,1994,1744,1794,1738,251,5,6,1792,202,4,2,0.8715,0.898,0.873805932629462,0.8986960882647944,0.9965596330275229,0.9988851727982163,1989,1994,6268.374065249524,88600.0,0.7843111918287605,0.7822891011248182,0.8772659049789828,0.9008856957166516
887,0.0,88256.5,4000,2437.790475263423,2441.222154787586,2444.1279124497087,2447.696566962088,3.4316795241629734,3.568654512379453,0.9616171899685662,0.026836600890973953,0.02705080064585731,0.02694370076841563,-6.474412174502049,1992,1986,2000,2000,255,189,6270.400237591793,0.996,0.993,0.8719879518072289,0.904833836858006,1325194,1295997,1689088,1656134,162657,128444,4986067.887025267,0.7845618463928463,0.7825435622962876,0.8772579712857136,0.9008917458913871,1992,1986,1742,1806,1737,255,3,5,1797,189,5,9,0.87,0.901,0.8719879518072289,0.904833836858006,0.9971297359357061,0.9950166112956811,1992,1986,6270.400237591793,88700.0,0.7845618463928463,0.7825435622962876,0.8772579712857136,0.9008917458913871
888,0.0,88356.0,4000,2441.239647274341,2444.7510022731794,2447.719074734669,2451.3344061143375,3.5113549988382147,3.6153313796685325,0.9712401520327991,0.02684611876706062,0.027061304689637307,0.026953711728348963,-6.583403841158088,1986,1988,2000,2000,262,209,6272.415579564438,0.993,0.994,0.8680765357502518,0.8948692152917506,1327180,1297985,1691088,1658134,162919,128653,4992340.302604832,0.7848083600616881,0.7827986157934159,0.8772442321312859,0.9008825217548739,1986,1988,1730,1790,1724,262,8,6,1779,209,1,11,0.866,0.89,0.8680765357502518,0.8948692152917505,0.9965317919075144,0.993854748603352,1986,1988,6272.415579564438,88800.0,0.7848083600616881,0.7827986157934159,0.8772442321312859,0.9008825217548739
889,0.0,88455.5,4000,2444.7622968765118,2448.338578408291,2451.3573013823616,2454.9746812339504,3.5762815317793866,3.617379851588794,0.9886386496592675,0.0268562758453329,0.02707181250348038,0.02696404417440664,-6.636102825659236,1992,1990,2000,2000,258,185,6274.421320186605,0.996,0.995,0.8704819277108433,0.907035175879397,1329172,1299975,1693088,1660134,163177,128838,4998614.723925019,0.7850578351509195,0.7830542594754399,0.8772340976186679,0.9008919402296198,1992,1990,1741,1813,1734,258,1,7,1805,185,2,8,0.8675,0.9035,0.8704819277108434,0.907035175879397,0.9959793222286043,0.9955874241588527,1992,1990,6274.421320186605,88900.0,0.7850578351509195,0.7830542594754399,0.8772340976186679,0.9008919402296198
890,0.0,88555.0,4000,2448.357107206714,2451.782819760793,2454.9919652939266,2458.618626889457,3.4257125540789275,3.6266615955305497,0.944591179475011,0.02686479959553479,0.02708233794623497,0.02697356877088488,-6.835807128664328,1992,1993,2000,2000,284,172,6276.436902413291,0.996,0.9965,0.857429718875502,0.9136979427997993,1331164,1301968,1695088,1662134,163461,129010,5004891.160827432,0.7853067215389408,0.7833110928481097,0.8772044616591194,0.9009115431408452,1992,1993,1713,1826,1708,284,3,5,1821,172,2,5,0.8555,0.9115,0.857429718875502,0.9136979427997993,0.997081144191477,0.9972617743702081,1992,1993,6276.436902413291,89000.0,0.7853067215389408,0.7833110928481097,0.8772044616591194,0.9009115431408452
891,0.0,88654.5,4000,2451.8043584584116,2455.262649446169,2458.63378046281,2462.279433803614,3.4582909877572092,3.645653340804074,0.9486066459062888,0.02687370363286164,0.027093029002570924,0.026983366317716282,-7.016784357445431,1993,1987,2000,2000,256,186,6278.443045824589,0.9965,0.9935,0.8715504264927245,0.9063915450427781,1333157,1303955,1697088,1664134,163717,129196,5011169.603873257,0.7855556105517215,0.7835637034036923,0.8771960091722131,0.9009198937079884,1993,1987,1743,1812,1737,256,1,6,1801,186,2,11,0.869,0.9015,0.8715504264927245,0.9063915450427781,0.9965576592082617,0.9939293598233996,1993,1987,6278.443045824589,89100.0,0.7855556105517215,0.7835637034036923,0.8771960091722131,0.9009198937079884
892,0.0,88754.0,4000,2455.282644868129,2458.7795688783676,2462.301597772838,2465.9564147582555,3.496924010238672,3.6548169854177104,0.9567986643903066,0.02688300351031582,0.027103877411252364,0.026993440460784092,-7.176845879887878,1989,1988,2000,2000,270,186,6280.442200305621,0.9945,0.994,0.8642533936651584,0.9064386317907445,1335146,1305943,1699088,1666134,163987,129382,5017450.046073562,0.7858015594248209,0.7838163076919383,0.8771767282379604,0.9009282947264927,1989,1988,1728,1809,1719,270,2,9,1802,186,5,7,0.8605,0.9035,0.8642533936651584,0.9064386317907445,0.9947916666666666,0.996130458817026,1989,1988,6280.442200305621,89200.0,0.7858015594248209,0.7838163076919383,0.8771767282379604,0.9009282947264927
893,0.0,88853.5,4000,2458.7958054244973,2462.2735035707465,2465.9782205011784,2469.7041355726683,3.4776981462491676,3.725915071489908,0.9333809492492045,0.026892025171473124,0.027115493683069692,0.027003759427271408,-7.430632001921822,1991,1994,2000,2000,265,187,6282.437732696183,0.9955,0.997,0.8669010547463586,0.9062186559679037,1337137,1307937,1701088,1668134,164252,129569,5023732.483806259,0.7860481056829511,0.7840719030965139,0.8771614277370232,0.9009363600846219,1991,1994,1731,1813,1726,265,4,5,1807,187,0,6,0.865,0.9035,0.8669010547463586,0.9062186559679037,0.9971114962449451,0.9966905681191396,1991,1994,6282.437732696183,89300.0,0.7860481056829511,0.7840719030965139,0.8771614277370232,0.9009363600846219
894,0.0,88953.0,4000,2462.284896309226,2465.8452086912034,2469.7243721463637,2473.4194289806865,3.5603123819773828,3.6950568343227133,0.9635338620251483,0.026901896565246164,0.02712672124503514,0.02701430890514065,-7.574220289483037,1983,1993,2000,2000,255,177,6284.426231965091,0.9915,0.9965,0.8714069591527988,0.9111891620672353,1339120,1309930,1703088,1670134,164507,129746,5030016.910038224,0.7862893755343235,0.7843262875912951,0.8771529063862835,0.9009519592649989,1983,1993,1741,1820,1728,255,4,13,1816,177,3,4,0.866,0.9095,0.8714069591527988,0.9111891620672353,0.9925330269959793,0.9978021978021978,1983,1993,6284.426231965091,89400.0,0.7862893755343235,0.7843262875912951,0.8771529063862835,0.9009519592649989
895,0.0,89052.5,4000,2465.861073694395,2469.33437288948,2473.439316996514,2477.085757089715,3.473299195085019,3.6464400932009084,0.9525178273355636,0.026910823655098143,0.027137376619163916,0.02702410013713103,-7.751384200234952,1989,1992,2000,2000,273,206,6286.420890748253,0.9945,0.996,0.8627450980392157,0.8965863453815262,1341109,1311922,1705088,1672134,164780,129952,5036303.330928973,0.786533598265896,0.7845794655213039,0.8771315381523799,0.9009453305913004,1989,1992,1725,1792,1716,273,2,9,1786,206,2,6,0.859,0.894,0.8627450980392157,0.8965863453815262,0.9947826086956522,0.9966517857142857,1989,1992,6286.420890748253,89500.0,0.786533598265896,0.7845794655213039,0.8771315381523799,0.9009453305913004
896,0.0,89152.0,4000,2469.349707121623,2472.7698493805597,2477.10560518455,2480.711727308517,3.420142258936721,3.6061221239669976,0.9484266315346844,0.02691913162524959,0.02714755778609344,0.027033344705671515,-7.941877927957194,1990,1997,2000,2000,292,188,6288.410795764484,0.995,0.9985,0.8532663316582915,0.9058587881822734,1343099,1313919,1707088,1674134,165072,130140,5042591.741724737,0.7867778345345993,0.7848350251533032,0.8770961783159693,0.9009527984601791,1990,1997,1705,1810,1698,292,3,7,1809,188,2,1,0.8505,0.9055,0.8532663316582915,0.9058587881822734,0.9958944281524926,0.9994475138121547,1990,1997,6288.410795764484,89600.0,0.7867778345345993,0.7848350251533032,0.8770961783159693,0.9009527984601791
897,0.0,89251.5,4000,2472.789377999933,2476.2785968276708,2480.7274513698626,2484.2967567315854,3.489218827737659,3.5693053617228543,0.9775624313783737,0.02692823791604765,0.027157259833411825,0.02704274887472974,-8.018159903914693,1986,1989,2000,2000,254,216,6290.391362170523,0.993,0.9945,0.8721047331319235,0.8914027149321266,1345085,1315908,1709088,1676134,165326,130356,5048882.133086908,0.7870191587560149,0.7850852020184543,0.8770888085139601,0.9009383634722185,1986,1989,1739,1782,1732,254,7,7,1773,216,2,9,0.8695,0.8875,0.8721047331319235,0.8914027149321267,0.9959746981023577,0.9949494949494949,1986,1989,6290.391362170523,89700.0,0.7870191587560149,0.7850852020184543,0.8770888085139601,0.9009383634722185
898,0.0,89351.0,4000,2476.295205953068,2479.7140300989295,2484.3117758691687,2487.89396959031,3.4188241458614357,3.582193721141266,0.9543939864793851,0.026936507509362283,0.027167075945609857,0.02705179172748607,-8.179939491380537,1993,1996,2000,2000,284,200,6292.357249073828,0.9965,0.998,0.8575012543903663,0.8997995991983968,1347078,1317904,1711088,1678134,165610,130556,5055174.490335981,0.7872640097996129,0.7853389538618489,0.8770598287552762,0.9009366387840085,1993,1996,1715,1799,1709,284,1,6,1796,200,1,3,0.855,0.8985,0.8575012543903663,0.8997995991983968,0.9965014577259476,0.9983324068927182,1993,1996,6292.357249073828,89800.0,0.7872640097996129,0.7853389538618489,0.8770598287552762,0.9009366387840085
899,0.0,89450.5,4000,2479.7327625365156,2483.223044853783,2487.9128771945375,2491.5251772858846,3.490282317267429,3.6123000913471515,0.9662215843107824,0.02694557718682521,0.027177248360526585,0.027061412773675898,-8.302132432101644,1991,1994,2000,2000,266,201,6294.326930927267,0.9955,0.997,0.8663987945755902,0.899197592778335,1349069,1319898,1713088,1680134,165876,130757,5061468.8172669085,0.7875071216423207,0.7855909112011303,0.8770440948535619,0.9009340115675605,1991,1994,1732,1796,1725,266,2,7,1793,201,3,3,0.8635,0.898,0.8663987945755901,0.899197592778335,0.995958429561201,0.9983296213808464,1991,1994,6294.326930927267,89900.0,0.7875071216423207,0.7855909112011303,0.8770440948535619,0.9009340115675605
900,0.0,89550.0,4000,2483.2417931862165,2486.7568929879412,2491.543815022255,2495.2190903139954,3.515099801724773,3.6752752917404905,0.9564180973393523,0.02695490263588605,0.027188094895993897,0.027071498765939974,-8.462197326054138,1989,1988,2000,2000,257,186,6296.302751721727,0.9945,0.994,0.8707893413775767,0.9064386317907445,1351058,1321886,1715088,1682134,166133,130943,5067765.12001863,0.7877485003684942,0.7858387025052701,0.8770348867332121,0.9009422900310616,1989,1988,1739,1811,1732,257,4,7,1802,186,3,9,0.868,0.9025,0.8707893413775767,0.9064386317907445,0.9959746981023577,0.9950303699613473,1989,1988,6296.302751721727,90000.0,0.7877485003684942,0.7858387025052701,0.8770348867332121,0.9009422900310616
901,0.0,89649.5,4000,2486.775812046913,2490.165458280579,2495.239639848783,2498.8526885399665,3.389646233666099,3.613048691183394,0.9381678807533248,0.02696281689813965,0.027198247934133425,0.02708053241613654,-8.687230259387434,1983,1993,2000,2000,273,177,6298.255427113793,0.9915,0.9965,0.8623298033282905,0.9111891620672353,1353041,1323879,1717088,1684134,166406,131120,5074063.375445744,0.7879858225088056,0.7860888741632198,0.8770133351465329,0.9009577159241895,1983,1993,1724,1821,1710,273,3,14,1816,177,2,5,0.8565,0.909,0.8623298033282905,0.9111891620672353,0.9918793503480279,0.9972542559033498,1983,1993,6298.255427113793,90100.0,0.7879858225088056,0.7860888741632198,0.8770133351465329,0.9009577159241895
902,0.0,89749.0,4000,2490.1795921319567,2493.6514161652194,2498.873687840104,2502.5350915529457,3.471824033262692,3.6614037128415475,0.9482221316065345,0.026971571623137725,0.027208919533019967,0.027090245578078848,-8.88367538772627,1994,1990,2000,2000,277,209,6300.207050442764,0.997,0.995,0.8610832497492478,0.8949748743718593,1355035,1325869,1719088,1686134,166683,131329,5080363.582496187,0.7882289911860242,0.7863366731232512,0.8769898932499899,0.9009487362627832,1994,1990,1720,1789,1717,277,3,3,1781,209,2,8,0.86,0.8915,0.8610832497492478,0.8949748743718593,0.9982558139534884,0.9955282280603689,1994,1990,6300.207050442764,90200.0,0.7882289911860242,0.7863366731232512,0.8769898932499899,0.9009487362627832
903,0.0,89848.5,4000,2493.668574847115,2497.2108616542096,2502.548163310452,2506.103804954508,3.5422868070945697,3.5556416440563225,0.9962440430452048,0.026981120774042227,0.027218308474861168,0.027099714624451696,-8.892943300298612,1990,1990,2000,2000,234,212,6302.169928688286,0.995,0.995,0.8824120603015075,0.893467336683417,1357025,1327859,1721088,1688134,166917,131541,5086665.752424875,0.7884692706009222,0.7865838849285661,0.8769978445496582,0.900937524240149,1990,1990,1762,1785,1756,234,4,6,1778,212,3,7,0.88,0.8905,0.8824120603015075,0.893467336683417,0.996594778660613,0.996078431372549,1990,1990,6302.169928688286,90300.0,0.7884692706009222,0.7865838849285661,0.8769978445496582,0.900937524240149
904,0.0,89948.0,4000,2497.2251718378066,2500.7255762681393,2506.118552671221,2509.7642207899917,3.5004044303327646,3.6456681187705726,0.9601544398158779,0.026990153987941846,0.027228691052162024,0.027109422520051933,-9.038644521852348,1997,1988,2000,2000,260,200,6304.135744143978,0.9985,0.994,0.8698047070605909,0.8993963782696177,1359022,1329847,1723088,1690134,167177,131741,5092969.8881690195,0.7887130547017912,0.7868293283254464,0.8769872746725218,0.9009352203674558,1997,1988,1740,1800,1737,260,0,3,1788,200,0,12,0.8685,0.894,0.8698047070605909,0.8993963782696177,0.9982758620689656,0.9933333333333333,1997,1988,6304.135744143978,90400.0,0.7887130547017912,0.7868293283254464,0.8769872746725218,0.9009352203674558
905,0.0,90047.5,4000,2500.745233822183,2504.238898832495,2509.782992048272,2513.3685782041453,3.49366501031227,3.585586155873443,0.9743637046872797,0.02699915185717457,0.027238431254470723,0.027118791555822648,-9.129679371650127,1989,1987,2000,2000,289,218,6306.094168946154,0.9945,0.9935,0.8547008547008547,0.8902868646200301,1361011,1331834,1725088,1692134,167466,131959,5099275.982337966,0.7889516360904487,0.7870736005540933,0.8769547049950368,0.9009193337908478,1989,1987,1709,1775,1700,289,2,9,1769,218,7,6,0.851,0.888,0.8547008547008547,0.8902868646200301,0.994733762434172,0.9966197183098592,1989,1987,6306.094168946154,90500.0,0.7889516360904487,0.7870736005540933,0.8769547049950368,0.9009193337908478
906,0.0,90147.0,4000,2504.2514594944596,2507.6788879528135,2513.384363709968,2517.091537254671,3.4274284583539156,3.7071735447029823,0.9245395223677126,0.027007320443649195,0.027249459024063203,0.0271283897338562,-9.412649301857527,1992,1992,2000,2000,292,171,6308.032942202137,0.996,0.996,0.8534136546184738,0.9141566265060241,1363003,1333826,1727088,1694134,167758,132130,5105584.015280168,0.7891914019436184,0.7873202473948342,0.8769203002487889,0.900939103001441,1992,1992,1705,1828,1700,292,3,5,1821,171,1,7,0.8515,0.911,0.8534136546184738,0.9141566265060241,0.9970674486803519,0.9961706783369803,1992,1992,6308.032942202137,90600.0,0.7891914019436184,0.7873202473948342,0.8769203002487889,0.900939103001441
907,0.0,90246.5,4000,2507.697210740334,2511.1953467853773,2517.1062189396234,2520.761875975237,3.4981360450433385,3.6556570356137854,0.9569103477060728,0.02701631412378369,0.02725988231864049,0.02713809822121209,-9.56652918985992,1995,1986,2000,2000,262,191,6309.9672843226745,0.9975,0.993,0.8686716791979949,0.9038267875125882,1364998,1335812,1729088,1696134,168020,132321,5111893.98256449,0.789432348151164,0.7875627751109288,0.8769082445542045,0.9009433962264151,1995,1986,1735,1804,1733,262,3,2,1795,191,5,9,0.868,0.9,0.868671679197995,0.9038267875125882,0.9988472622478386,0.9950110864745011,1995,1986,6309.9672843226745,90700.0,0.789432348151164,0.7875627751109288,0.8769082445542045,0.9009433962264151
908,0.0,90346.0,4000,2511.2154166586793,2514.677851038573,2520.778076121861,2524.3686464620782,3.4624343798936934,3.590570340217255,0.9643132014743351,0.027024914044938068,0.027269582563739354,0.027147248304338713,-9.690795423505278,1990,1993,2000,2000,276,217,6311.890321609706,0.995,0.9965,0.8613065326633166,0.8911189162067236,1366988,1337805,1731088,1698134,168296,132538,5118205.8728861,0.7896698492508758,0.7878088537182578,0.8768855322797274,0.9009287601705779,1990,1993,1720,1781,1714,276,4,6,1776,217,2,5,0.859,0.889,0.8613065326633166,0.8911189162067236,0.9965116279069768,0.9971925884334644,1990,1993,6311.890321609706,90800.0,0.7896698492508758,0.7878088537182578,0.8768855322797274,0.9009287601705779
909,0.0,90445.5,4000,2514.6988936989806,2518.228062406802,2524.3879491868606,2527.959034812375,3.5291687078215546,3.57108562551457,0.9882621359192485,0.027034239897124373,0.0272790812446406,0.027156660570882486,-9.730972405573084,1993,1995,2000,2000,257,206,6313.830950950259,0.9965,0.9975,0.8710486703462117,0.8967418546365915,1368981,1339800,1733088,1700134,168553,132744,5124519.70383705,0.7899085332077771,0.7880555297405969,0.8768770348164072,0.900922525750112,1993,1995,1742,1793,1736,257,1,6,1789,206,1,4,0.8685,0.895,0.8710486703462117,0.8967418546365915,0.9965556831228473,0.9977691020635806,1993,1995,6313.830950950259,90900.0,0.7899085332077771,0.7880555297405969,0.8768770348164072,0.900922525750112
910,0.0,90545.0,4000,2518.2439454915952,2521.7682647943843,2527.9789404596986,2531.616694774402,3.524319302789081,3.6377543147032156,0.9688172971287125,0.02704343526413393,0.027289298297800628,0.02716636678096728,-9.8484299800175,1992,1992,2000,2000,253,210,6315.761634486797,0.996,0.996,0.8729919678714859,0.8945783132530121,1370973,1341792,1735088,1702134,168806,132954,5130835.465471537,0.7901460905729277,0.7882998635830082,0.8768713898814929,0.9009131072476211,1992,1992,1745,1788,1739,253,2,6,1782,210,2,6,0.8705,0.892,0.8729919678714859,0.8945783132530121,0.9965616045845272,0.9966442953020134,1992,1992,6315.761634486797,91000.0,0.7901460905729277,0.7882998635830082,0.8768713898814929,0.9009131072476211
911,0.0,90644.5,4000,2521.7865828464296,2525.311139893936,2531.6324558056067,2535.2543249650794,3.5245570475062777,3.6218691594726806,0.9731320741634492,0.027052639781951035,0.027299273054780842,0.02717595641836594,-9.943185071143489,1993,1985,2000,2000,255,184,6317.683649995159,0.9965,0.9925,0.8720521826392373,0.9073047858942065,1372966,1343777,1737088,1704134,169061,133138,5137153.149121532,0.790383676589787,0.788539516258698,0.8768643943112939,0.9009225489050638,1993,1985,1742,1813,1738,255,3,4,1801,184,3,12,0.8705,0.902,0.8720521826392373,0.9073047858942066,0.9977037887485649,0.9933811362382791,1993,1985,6317.683649995159,91100.0,0.790383676589787,0.788539516258698,0.8768643943112939,0.9009225489050638
912,0.0,90744.0,4000,2525.3305541386667,2528.841776570559,2535.273731364737,2538.91546319073,3.5112224318922927,3.6417318259927924,0.9641628213343466,0.027061689921188185,0.027309483700835364,0.027185586811011776,-10.073686620170974,1992,1993,2000,2000,279,205,6319.605089183037,0.996,0.9965,0.8599397590361446,0.8971399899648771,1374958,1345770,1739088,1706134,169340,133343,5143472.754210715,0.7906201411314436,0.7887832960365364,0.8768398743816175,0.9009169471752231,1992,1993,1717,1794,1713,279,4,4,1788,205,1,6,0.8585,0.8945,0.8599397590361446,0.8971399899648771,0.9976703552708212,0.9966555183946488,1992,1993,6319.605089183037,91200.0,0.7906201411314436,0.7887832960365364,0.8768398743816175,0.9009169471752231
913,0.0,90843.5,4000,2528.864390334723,2532.338265169031,2538.9358289248516,2542.5121869856475,3.473874834307935,3.576358060795883,0.971344248885096,0.027070346214795555,0.02731896645466706,0.02719465633473131,-10.173921816616712,1992,1989,2000,2000,255,206,6321.529225106173,0.996,0.9945,0.8719879518072289,0.8964303670186023,1376950,1347759,1741088,1708134,169595,133549,5149794.2834358215,0.7908560624161444,0.7890241632096779,0.8768328552235012,0.9009103259559016,1992,1989,1743,1791,1737,255,2,6,1783,206,3,8,0.8695,0.893,0.8719879518072289,0.8964303670186023,0.9965576592082617,0.9955332216638749,1992,1989,6321.529225106173,91300.0,0.7908560624161444,0.7890241632096779,0.8768328552235012,0.9009103259559016
914,0.0,90943.0,4000,2532.353504849912,2535.9170010061353,2542.5282786603543,2546.1785993779567,3.5634961562232093,3.650320717602426,0.9762145389142014,0.027079883427220338,0.027329190915792254,0.027204537171506296,-10.261598371821492,1995,1989,2000,2000,267,196,6323.435146921973,0.9975,0.9945,0.8661654135338346,0.901458019105078,1378945,1349748,1743088,1710134,169862,133745,5156117.718582744,0.7910931633973729,0.789264466994984,0.8768174220146562,0.9009111330411307,1995,1989,1730,1802,1728,267,3,2,1793,196,2,9,0.8655,0.8975,0.8661654135338346,0.901458019105078,0.9988439306358381,0.9950055493895672,1995,1989,6323.435146921973,91400.0,0.7910931633973729,0.789264466994984,0.8768174220146562,0.9009111330411307
915,0.0,91042.5,4000,2535.9352043440263,2539.422918500344,2546.196542845763,2549.8069531169,3.4877141563179066,3.6104102711369706,0.966016018788794,0.027088603964395056,0.027338977086801695,0.027213790525598375,-10.38403461655571,1995,1993,2000,2000,255,182,6325.336112008479,0.9975,0.9965,0.8721804511278195,0.9086803813346713,1380940,1351741,1745088,1712134,170117,133927,5162443.054694752,0.7913297209080573,0.7895065456325264,0.8768107231306211,0.9009225879809816,1995,1993,1745,1817,1740,255,0,5,1811,182,1,6,0.87,0.906,0.8721804511278195,0.9086803813346713,0.997134670487106,0.9966978536048432,1995,1993,6325.336112008479,91500.0,0.7913297209080573,0.7895065456325264,0.8768107231306211,0.9009225879809816
916,0.0,91142.0,4000,2539.438404086676,2542.944154254147,2549.824687261161,2553.424406703239,3.5057501674709783,3.5997194420779124,0.9738953893160377,0.027097472691003828,0.027348622893326357,0.02722304779216509,-10.48025244909195,1991,1992,2000,2000,273,208,6327.230871425621,0.9955,0.996,0.8628829733802109,0.8955823293172691,1382931,1353733,1747088,1714134,170390,134135,5168770.285566178,0.7915634472905773,0.789747475984958,0.8767906714073226,0.900914729861797,1991,1992,1724,1791,1718,273,3,6,1784,208,1,7,0.8605,0.8925,0.8628829733802109,0.8955823293172691,0.9965197215777262,0.9960915689558906,1991,1992,6327.230871425621,91600.0,0.7915634472905773,0.789747475984958,0.8767906714073226,0.900914729861797
917,0.0,91241.5,4000,2542.9639152567665,2546.4708686522367,2553.439999926166,2557.0969437555846,3.506953395470191,3.656943829418651,0.9589847586003791,0.027106381820000438,0.027358848354209812,0.027232615087105123,-10.62607510334783,1994,1994,2000,2000,264,184,6329.128931219692,0.997,0.997,0.8676028084252758,0.9077231695085256,1384925,1355727,1749088,1716134,170654,134319,5175099.414497398,0.7917983543423773,0.7899890101821886,0.8767774428218135,0.9009247436983995,1994,1994,1736,1815,1730,264,0,6,1810,184,1,5,0.865,0.9055,0.8676028084252758,0.9077231695085256,0.9965437788018433,0.9972451790633609,1994,1994,6329.128931219692,91700.0,0.7917983543423773,0.7899890101821886,0.8767774428218135,0.9009247436983995
918,0.0,91341.0,4000,2546.4898645897533,2549.922244377519,2557.112447438172,2560.655695967955,3.4323797877655124,3.543248529783341,0.9687098601506771,0.027114450856419635,0.027367812051126473,0.027241131453773056,-10.733451590436289,1991,1990,2000,2000,293,221,6331.0232590253445,0.9955,0.995,0.8528377699648417,0.8889447236180904,1386916,1357717,1751088,1718134,170947,134540,5181430.437756423,0.7920310115768026,0.7902276539548138,0.876743076004603,0.9009071846342058,1991,1990,1702,1779,1698,293,5,4,1769,221,0,10,0.8515,0.8845,0.8528377699648418,0.8889447236180904,0.9976498237367802,0.9943788645306352,1991,1990,6331.0232590253445,91800.0,0.7920310115768026,0.7902276539548138,0.876743076004603,0.9009071846342058
919,0.0,91440.5,4000,2549.9379005176656,2553.4318180732585,2560.673198238802,2564.270089822502,3.493917555592816,3.5968915837001987,0.9713713839544057,0.027123135607345614,0.02737736169910726,0.027250248653226436,-10.838271749243631,1994,1989,2000,2000,277,196,6332.903081278301,0.997,0.9945,0.8610832497492478,0.901458019105078,1388910,1359706,1753088,1720134,171224,134736,5187763.340837701,0.7922648492260514,0.7904651614350975,0.8767205938469735,0.9009079904038079,1994,1989,1723,1804,1717,277,0,6,1793,196,0,11,0.8585,0.8965,0.8610832497492478,0.901458019105078,0.9965177016831108,0.9939024390243902,1994,1989,6332.903081278301,91900.0,0.7922648492260514,0.7904651614350975,0.8767205938469735,0.9009079904038079
920,0.0,91540.0,4000,2553.4520246234256,2556.9027172554056,2564.2898029341814,2567.8944920062595,3.4506926319800186,3.604689072078145,0.9572788562289658,0.027131381103230535,0.027386999373170812,0.027259190238200674,-10.991774750853892,1995,1989,2000,2000,270,194,6334.784555615088,0.9975,0.9945,0.8646616541353384,0.9024635495223731,1390905,1361695,1755088,1722134,171494,134930,5194098.125393316,0.7924987237107199,0.7907021172568452,0.8767032974933586,0.9009102625771557,1995,1989,1726,1803,1725,270,4,1,1795,194,3,8,0.8645,0.899,0.8646616541353384,0.9024635495223731,0.9994206257242179,0.9955629506378258,1995,1989,6334.784555615088,92000.0,0.7924987237107199,0.7907021172568452,0.8767032974933586,0.9009102625771557
921,0.0,91639.5,4000,2556.918160144537,2560.4723959275625,2567.912587522448,2571.5851469644713,3.554235783025433,3.6725594420231573,0.9677816898907587,0.027140681217908427,0.02739733547546066,0.027269008346684543,-11.112751036908776,1987,1994,2000,2000,246,191,6336.66169340372,0.9935,0.997,0.8761952692501258,0.9042126379137412,1392892,1363689,1757088,1724134,171740,135121,5200434.78708672,0.7927275127938953,0.7909414233464452,0.8767025727766402,0.9009150913441408,1987,1994,1752,1807,1741,246,2,11,1803,191,2,4,0.8715,0.9025,0.8761952692501258,0.9042126379137412,0.9937214611872146,0.9977863862755949,1987,1994,6336.66169340372,92100.0,0.7927275127938953,0.7909414233464452,0.8767025727766402,0.9009150913441408
922,0.0,91739.0,4000,2560.4885681981395,2563.905720830545,2571.5995174959808,2575.240916886404,3.4171526324053048,3.6413993904234303,0.9384174230907284,0.027148482267595968,0.027407270794054875,0.02727787653082542,-11.335196055859342,1990,1992,2000,2000,292,195,6338.533429266827,0.995,0.996,0.8532663316582915,0.9021084337349398,1394882,1365681,1759088,1726134,172032,135316,5206773.3205159865,0.7929574870614773,0.791179016229331,0.8766691376044712,0.9009168319688127,1990,1992,1705,1803,1698,292,3,7,1797,195,2,6,0.8505,0.8995,0.8532663316582915,0.9021084337349398,0.9958944281524926,0.9966722129783694,1990,1992,6338.533429266827,92200.0,0.7929574870614773,0.791179016229331,0.8766691376044712,0.9009168319688127
923,0.0,91838.5,4000,2563.9212285654507,2567.4343646111865,2575.259109219083,2578.8941108880717,3.5131360457357914,3.6350016689889344,0.9664743968915317,0.027157299120834127,0.027417156676202894,0.02728722789851851,-11.459746276885198,1988,1992,2000,2000,264,196,6340.403966339444,0.994,0.996,0.8672032193158954,0.9016064257028112,1396870,1367673,1761088,1728134,172296,135512,5213113.724482326,0.7931858033215831,0.7914160591713374,0.8766556658815781,0.9009178363541578,1988,1992,1733,1801,1724,264,3,9,1796,196,3,5,0.8635,0.8995,0.8672032193158954,0.9016064257028112,0.9948066935949221,0.997223764575236,1988,1992,6340.403966339444,92300.0,0.7931858033215831,0.7914160591713374,0.8766556658815781,0.9009178363541578
924,0.0,91938.0,4000,2567.4551442157494,2570.92482072712,2578.9137133083286,2582.5144384978557,3.4696765113703805,3.600725189527111,0.9636049208815235,0.027165683603559775,0.027426665463455745,0.027296174533507758,-11.589617770735913,1991,1990,2000,2000,263,200,6342.2732202176185,0.9955,0.995,0.8679055750878956,0.8994974874371859,1398861,1369663,1763088,1730134,172559,135712,5219455.997702544,0.7934153031499278,0.7916513980998003,0.8766432118702288,0.9009157727119737,1991,1990,1735,1796,1728,263,2,7,1790,200,4,6,0.865,0.897,0.8679055750878956,0.8994974874371859,0.9959654178674352,0.9966592427616926,1991,1990,6342.2732202176185,92400.0,0.7934153031499278,0.7916513980998003,0.8766432118702288,0.9009157727119737
925,0.0,92037.5,4000,2570.943955405128,2574.398108970341,2582.5353220468064,2586.1657067469077,3.454153565213346,3.630384700101331,0.9514566225218319,0.027173864359050212,0.027436488184566087,0.02730517627180815,-11.767597776566618,1991,1990,2000,2000,267,192,6344.126289650837,0.9955,0.995,0.8658965344048217,0.9035175879396985,1400852,1371653,1765088,1732134,172826,135904,5225800.123992194,0.793644282891278,0.7918861935623919,0.8766279378549625,0.9009195474365601,1991,1990,1731,1804,1724,267,2,7,1798,192,4,6,0.863,0.901,0.8658965344048217,0.9035175879396985,0.9959560947429231,0.9966740576496674,1991,1990,6344.126289650837,92500.0,0.793644282891278,0.7918861935623919,0.8766279378549625,0.9009195474365601
926,0.0,92137.0,4000,2574.416166503994,2577.8879966535283,2586.1839531622686,2589.7523972809795,3.471830149534071,3.568444118710886,0.9729254638820807,0.02718220670513317,0.027445592306764955,0.027313899505949063,-11.864400627451232,1990,1992,2000,2000,267,192,6345.983709103771,0.995,0.996,0.8658291457286432,0.9036144578313253,1402842,1373645,1767088,1734134,173093,136096,5232146.107701298,0.793872178408772,0.792121600752883,0.8766126192400855,0.9009234554779437,1990,1992,1729,1805,1723,267,4,6,1800,192,3,5,0.8635,0.9015,0.8658291457286432,0.9036144578313253,0.9965297860034702,0.997229916897507,1990,1992,6345.983709103771,92600.0,0.793872178408772,0.792121600752883,0.8766126192400855,0.9009234554779437
927,0.0,92236.5,4000,2577.9052776144263,2581.3871383540563,2589.770969414852,2593.3718923070696,3.481860739630065,3.600922892217568,0.9669356561772472,0.02719063088021424,0.02745503066486003,0.027322830772537134,-11.984753953013296,1992,1993,2000,2000,277,202,6347.840049052559,0.996,0.9965,0.8609437751004017,0.8986452584044154,1404834,1375638,1769088,1736134,173370,136298,5238493.94775035,0.7941006891686564,0.792357041564764,0.8765904014282114,0.9009201548663238,1992,1993,1720,1796,1715,277,3,5,1791,202,2,5,0.859,0.8965,0.8609437751004017,0.8986452584044154,0.997093023255814,0.9972160356347439,1992,1993,6347.840049052559,92700.0,0.7941006891686564,0.792357041564764,0.8765904014282114,0.9009201548663238
928,0.0,92336.0,4000,2581.404527578742,2584.808843669209,2593.38724656984,2596.9885090952253,3.4043160904670913,3.6012625253852093,0.9453118361880458,0.027198202455937636,0.027464417666171127,0.02733131006105438,-12.179665426016072,1990,1991,2000,2000,295,206,6349.696345651753,0.995,0.9955,0.8517587939698492,0.8965344048216977,1406824,1377629,1771088,1738134,173665,136504,5244843.644096002,0.7943275545879144,0.7925907898930692,0.8765552762818946,0.9009138164193697,1990,1991,1703,1794,1695,295,2,8,1785,206,0,9,0.8485,0.8925,0.8517587939698492,0.8965344048216977,0.995302407516148,0.9949832775919732,1990,1991,6349.696345651753,92800.0,0.7943275545879144,0.7925907898930692,0.8765552762818946,0.9009138164193697
929,0.0,92435.5,4000,2584.820115586162,2588.3253874528764,2597.005573857433,2600.647767087043,3.505271866714338,3.642193229610257,0.9624068921487259,0.02720677859735931,0.027474243459768552,0.02734051102856393,-12.322379634166737,1991,1994,2000,2000,254,182,6351.543490574159,0.9955,0.997,0.8724259166248116,0.9087261785356068,1408815,1379623,1773088,1740134,173919,136686,5251195.187586576,0.7945544721976574,0.7928257249154376,0.876549440487218,0.9009251078011892,1991,1994,1744,1815,1737,254,2,7,1812,182,3,3,0.8695,0.9075,0.8724259166248116,0.9087261785356068,0.9959862385321101,0.9983471074380166,1991,1994,6351.543490574159,92900.0,0.7945544721976574,0.7928257249154376,0.876549440487218,0.9009251078011892
930,0.0,92535.0,4000,2588.3468409026545,2591.8222414085008,2600.6695324256257,2604.2672691735843,3.47540050584621,3.5977367479586064,0.9659963330608301,0.02721512457688499,0.02748362063977462,0.027349372608329807,-12.445027765083523,1994,1993,2000,2000,274,208,6353.3811436012165,0.997,0.9965,0.8625877632898696,0.8956347215253386,1410809,1381616,1775088,1742134,174193,136894,5257548.568730177,0.7947825685261801,0.7930595465101996,0.8765297074231877,0.9009174763465391,1994,1993,1726,1791,1720,274,0,6,1785,208,1,6,0.86,0.893,0.8625877632898696,0.8956347215253387,0.996523754345307,0.9966499162479062,1994,1993,6353.3811436012165,93000.0,0.7947825685261801,0.7930595465101996,0.8765297074231877,0.9009174763465391
931,0.0,92634.5,4000,2591.839013023771,2595.3320823419344,2604.283277155244,2607.899257086823,3.4930693181636343,3.6159799315792043,0.9660090443693665,0.027223592122274307,0.02749311178745734,0.02735835195486582,-12.567174744888689,1988,1986,2000,2000,275,211,6355.220488204888,0.994,0.993,0.8616700201207244,0.8937562940584088,1412797,1383602,1777088,1744134,174468,137105,5263903.789218382,0.79500677512875,0.7932888184050079,0.8765087977961448,0.9009071973009579,1988,1986,1724,1784,1713,275,1,11,1775,211,5,9,0.857,0.89,0.8616700201207244,0.8937562940584088,0.9936194895591647,0.9949551569506726,1988,1986,6355.220488204888,93100.0,0.79500677512875,0.7932888184050079,0.8765087977961448,0.9009071973009579
932,0.0,92734.0,4000,2595.348454541913,2598.8525168925567,2607.917684566326,2611.5669191174334,3.504062350643835,3.6492345511073836,0.9602184517244869,0.02723215516238584,0.02750296533737005,0.027367560249877944,-12.714402224876721,1992,1990,2000,2000,266,193,6357.057308608404,0.996,0.995,0.8664658634538153,0.9030150753768844,1414789,1385592,1779088,1746134,174734,137298,5270260.846526991,0.7952327259809521,0.7935198558644411,0.8764946575072325,0.9009102246548768,1992,1990,1732,1806,1726,266,2,6,1797,193,1,9,0.864,0.899,0.8664658634538153,0.9030150753768844,0.9965357967667436,0.9950166112956811,1992,1990,6357.057308608404,93200.0,0.7952327259809521,0.7935198558644411,0.8764946575072325,0.9009102246548768
933,0.0,92833.5,4000,2598.8622489853365,2602.337944432016,2611.581834571769,2615.2066805666195,3.4756954466793104,3.6248459948506024,0.9588532731092099,0.02724032463744715,0.027512498723387725,0.027376411680417437,-12.86873613460375,1991,1992,2000,2000,264,195,6358.881563897605,0.9955,0.996,0.8674033149171271,0.9021084337349398,1416780,1387584,1781088,1748134,174998,137493,5276619.728090888,0.7954576079340269,0.7937515087516175,0.876481881449484,0.9009119447903694,1991,1992,1732,1804,1727,264,4,5,1797,195,1,7,0.8655,0.899,0.8674033149171271,0.9021084337349398,0.9971131639722863,0.996119733924612,1991,1992,6358.881563897605,93300.0,0.7954576079340269,0.7937515087516175,0.876481881449484,0.9009119447903694
934,0.0,92933.0,4000,2602.351748183662,2605.8037445961963,2615.225000690113,2618.856527656373,3.4519964125342995,3.631526966260026,0.9505633428049088,0.027248266475781584,0.0275221196786063,0.02738519307719394,-13.052783060176807,1991,1992,2000,2000,282,200,6360.6944825254195,0.9955,0.996,0.8583626318432949,0.8995983935742972,1418771,1389576,1783088,1750134,175280,137693,5282980.422573414,0.7956819854095816,0.7939826321870211,0.8764564542128364,0.900910061774239,1991,1992,1716,1799,1709,282,2,7,1792,200,1,7,0.8555,0.8965,0.8583626318432949,0.8995983935742972,0.995920745920746,0.9961089494163424,1991,1992,6360.6944825254195,93400.0,0.7956819854095816,0.7939826321870211,0.8764564542128364,0.900910061774239
935,0.0,93032.5,4000,2605.824264191163,2609.262335040506,2618.8691219261477,2622.4836043055375,3.4380708493431484,3.614482379389756,0.9511931414986199,0.027256114216923095,0.02753147652011757,0.02739379536852033,-13.221269265031424,1987,1997,2000,2000,283,197,6362.520278798827,0.9935,0.9985,0.8575742325113236,0.901352028042063,1420758,1391573,1785088,1752134,175563,137890,5289342.942852212,0.795903619317367,0.7942160816467234,0.8764300464963068,0.9009106960252894,1987,1997,1714,1803,1704,283,3,10,1800,197,0,3,0.8535,0.9,0.8575742325113236,0.901352028042063,0.9941656942823804,0.9983361064891847,1987,1997,6362.520278798827,93500.0,0.795903619317367,0.7942160816467234,0.8764300464963068,0.9009106960252894
936,0.0,93132.0,4000,2609.2817952339365,2612.761357249237,2622.502240436189,2626.139071308234,3.4795620153004165,3.636830872045266,0.9567566207288586,0.027264377152682054,0.027541116684120612,0.027402746918401333,-13.377714058997299,1995,1987,2000,2000,251,195,6364.323833571138,0.9975,0.9935,0.8741854636591478,0.9018621036738802,1422753,1393560,1787088,1754134,175814,138085,5295707.266685783,0.7961292337030969,0.7944432979464511,0.8764268991174153,0.9009120525847469,1995,1987,1748,1801,1744,251,1,4,1792,195,4,9,0.8725,0.898,0.8741854636591478,0.9018621036738802,0.9977116704805492,0.9950027762354248,1995,1987,6364.323833571138,93600.0,0.7961292337030969,0.7944432979464511,0.8764268991174153,0.9009120525847469
937,0.0,93231.5,4000,2612.779184803697,2616.23798041561,2626.1601697739975,2629.829378401828,3.4587956119130467,3.6692086278303577,0.9426543875642933,0.027272383400826182,0.027551108097409637,0.027411745749117908,-13.591397986217999,1989,1992,2000,2000,260,177,6366.133970579965,0.9945,0.996,0.869281045751634,0.911144578313253,1424742,1395552,1789088,1756134,176074,138262,5302073.400656363,0.7963509900016098,0.794672843871823,0.8764169232043415,0.9009266584118686,1989,1992,1733,1820,1729,260,7,4,1815,177,3,5,0.868,0.909,0.869281045751634,0.911144578313253,0.9976918638199653,0.9972527472527473,1989,1992,6366.133970579965,93700.0,0.7963509900016098,0.794672843871823,0.8764169232043415,0.9009266584118686
938,0.0,93331.0,4000,2616.257300493906,2619.6922904635603,2629.848393937524,2633.4601301349753,3.4349899696544526,3.611736197451137,0.9510633617368243,0.027280134698351426,0.027560443288490732,0.02742028899342108,-13.767839671415004,1992,1988,2000,2000,264,216,6367.93180314036,0.996,0.994,0.8674698795180723,0.8913480885311871,1426734,1397540,1791088,1758134,176338,138478,5308441.332459504,0.7965739260159188,0.7948995924087697,0.8764044313796405,0.9009130329006683,1992,1988,1734,1780,1728,264,2,6,1772,216,4,8,0.865,0.888,0.8674698795180723,0.8913480885311871,0.9965397923875432,0.9955056179775281,1992,1988,6367.93180314036,93800.0,0.7965739260159188,0.7948995924087697,0.8764044313796405,0.9009130329006683
939,0.0,93430.5,4000,2619.7084152282255,2623.1636195049437,2633.476578891733,2637.028886068785,3.4552042767181774,3.552307177052171,0.9726648356985352,0.02728805073212723,0.027569098364155914,0.02742857454814157,-13.865266563841487,1992,1985,2000,2000,291,210,6369.726991437736,0.996,0.9925,0.8539156626506024,0.8942065491183879,1428726,1399525,1793088,1760134,176629,138688,5314811.059450941,0.7967963647071421,0.795124121231679,0.8763730764331299,0.900903520837427,1992,1985,1707,1784,1701,291,2,6,1775,210,6,9,0.8515,0.8905,0.8539156626506024,0.8942065491183879,0.9964850615114236,0.9949551569506726,1992,1985,6369.726991437736,93900.0,0.7967963647071421,0.795124121231679,0.8763730764331299,0.900903520837427
940,0.0,93530.0,4000,2623.1801309101397,2626.6067049960348,2637.042794311944,2640.6604285401563,3.4265740858950267,3.6176342282124097,0.9471864400144754,0.027295649459977003,0.02757840296665544,0.027437026213316222,-14.053723544121567,1987,1990,2000,2000,286,211,6371.521382689619,0.9935,0.995,0.856064418721691,0.8939698492462311,1430713,1401515,1795088,1762134,176915,138899,5321182.580833631,0.7970155223587925,0.7953509778484497,0.8763448714032793,0.9008936757722893,1987,1990,1712,1785,1701,286,2,11,1779,211,4,6,0.8515,0.8915,0.856064418721691,0.8939698492462311,0.9935747663551402,0.9966386554621849,1987,1990,6371.521382689619,94000.0,0.7970155223587925,0.7953509778484497,0.8763448714032793,0.9008936757722893
941,0.0,93629.5,4000,2626.624849049748,2630.116726485329,2640.6763125061325,2644.311114907866,3.4918774355810456,3.6348024017333955,0.9606787521422924,0.02730394336585688,0.02758789123521064,0.027445917300533758,-14.194388422537031,1991,1990,2000,2000,268,188,6373.3171142951005,0.9955,0.995,0.8653942742340532,0.9055276381909547,1432704,1403505,1797088,1764134,177183,139087,5327555.897947926,0.7972364180273865,0.7955773200901972,0.8763296535781292,0.9009002461694116,1991,1990,1730,1811,1723,268,2,7,1802,188,1,9,0.8625,0.9015,0.8653942742340532,0.9055276381909547,0.9959537572254336,0.9950303699613473,1991,1990,6373.3171142951005,94100.0,0.7972364180273865,0.7955773200901972,0.8763296535781292,0.9009002461694116
942,0.0,93729.0,4000,2630.133469482743,2633.618787450739,2644.3293238363867,2647.8945328162213,3.4853179679962523,3.5652089798345514,0.9775914925912683,0.02731213515597179,0.027596645256281065,0.027454390206126427,-14.27574536548218,1994,1989,2000,2000,270,203,6375.113186083262,0.997,0.9945,0.8645937813440321,0.897938662644545,1434698,1405494,1799088,1766134,177453,139290,5333931.011134009,0.797458490079418,0.7958025834959295,0.8763133425989302,0.9008960550525296,1994,1989,1729,1794,1724,270,1,5,1786,203,3,8,0.8625,0.8945,0.8645937813440321,0.897938662644545,0.9971081550028918,0.9955406911928651,1994,1989,6375.113186083262,94200.0,0.797458490079418,0.7958025834959295,0.8763133425989302,0.9008960550525296
943,0.0,93828.5,4000,2633.637854038043,2637.115295092904,2647.913220434655,2651.5474667623466,3.477441054861174,3.6342463276914714,0.9568534274533057,0.02732025068223444,0.02760611789064477,0.027463184286439603,-14.432171669442596,1993,1996,2000,2000,257,204,6376.909583782889,0.9965,0.998,0.8710486703462117,0.8977955911823647,1436691,1407490,1801088,1768134,177710,139494,5340307.920717792,0.7976795137161538,0.7960312962705315,0.8763060393640665,0.9008916582000582,1993,1996,1741,1796,1736,257,2,5,1792,204,0,4,0.869,0.896,0.8710486703462117,0.8977955911823647,0.9971280873061459,0.9977728285077951,1993,1996,6376.909583782889,94300.0,0.7976795137161538,0.7960312962705315,0.8763060393640665,0.9008916582000582
944,0.0,93928.0,4000,2637.1309479671468,2640.6582454894333,2651.5673465988225,2655.1887137574267,3.527297522286517,3.6213671586042437,0.9740237230311706,0.027328840992915646,0.02761544665342036,0.027472143823168003,-14.530468267993456,1991,1988,2000,2000,256,204,6378.70053016916,0.9955,0.994,0.8714213962832748,0.89738430583501,1438682,1409478,1803088,1770134,177966,139698,5346686.621247961,0.797898937822225,0.7962549727873709,0.8762992794794124,0.9008867112505481,1991,1988,1742,1792,1735,256,2,7,1784,204,4,8,0.8685,0.894,0.8714213962832748,0.89738430583501,0.9959816303099885,0.9955357142857143,1991,1988,6378.70053016916,94400.0,0.797898937822225,0.7962549727873709,0.8762992794794124,0.9008867112505481
945,0.0,94027.5,4000,2640.6723235730865,2644.1129765824985,2655.2080375168534,2658.7587658490074,3.440653009412017,3.5507283321539944,0.9689992270754204,0.027336479585442348,0.027624002287560453,0.0274802409365014,-14.645789266508928,1985,1991,2000,2000,275,212,6380.482577581138,0.9925,0.9955,0.8614609571788413,0.8935208437970869,1440667,1411469,1805088,1772134,178241,139910,5353067.103825542,0.7981145517559255,0.7964798373034996,0.8762788347341891,0.9008763210527472,1985,1991,1723,1783,1710,275,2,13,1779,212,5,4,0.856,0.892,0.8614609571788413,0.8935208437970869,0.9924550203134068,0.9977565900168256,1985,1991,6380.482577581138,94500.0,0.7981145517559255,0.7964798373034996,0.8762788347341891,0.9008763210527472
946,0.0,94127.0,4000,2644.131600742567,2647.5711885195283,2658.779953689456,2662.4085543574556,3.4395877769611616,3.6286006679997627,0.947910252923259,0.027344138824115558,0.02763338271335001,0.027488760768732783,-14.837365837927337,1991,1990,2000,2000,286,181,6382.253271370986,0.9955,0.995,0.856353591160221,0.9090452261306533,1442658,1413459,1807088,1774134,178527,140091,5359449.357096913,0.7983330086857973,0.7967036311800574,0.876251336075494,0.9008878220026191,1991,1990,1713,1816,1705,286,1,8,1809,181,3,7,0.853,0.906,0.856353591160221,0.9090452261306533,0.9953298307063632,0.9961453744493393,1991,1990,6382.253271370986,94600.0,0.7983330086857973,0.7967036311800574,0.876251336075494,0.9008878220026191
947,0.0,94226.5,4000,2647.593063262733,2651.0986544928633,2662.4283492261848,2666.096223427183,3.505591230130449,3.667874200998085,0.9557555788517837,0.02735251318621612,0.02764314333424116,0.02749782826022864,-14.997568934319588,1992,1992,2000,2000,264,184,6384.014846257679,0.996,0.996,0.8674698795180723,0.9076305220883534,1444650,1415451,1809088,1776134,178791,140275,5365833.371943171,0.7985515353592528,0.7969280470955458,0.8762392274945489,0.9008973111750248,1992,1992,1735,1815,1728,264,1,7,1808,184,1,7,0.8645,0.9045,0.8674698795180723,0.9076305220883534,0.9959654178674352,0.9961432506887052,1992,1992,6384.014846257679,94700.0,0.7985515353592528,0.7969280470955458,0.8762392274945489,0.9008973111750248
948,0.0,94326.0,4000,2651.108449620607,2654.5556751222425,2666.1138259243507,2669.7331248744276,3.44722550163533,3.6192989500768817,0.9524566909738428,0.02736012678654057,0.027652347839661213,0.027506237313100892,-15.177449752185112,1993,1990,2000,2000,270,195,6385.7683502705095,0.9965,0.995,0.8645258404415455,0.9020100502512562,1446643,1417441,1811088,1778134,179061,140470,5372219.140293442,0.7987701315452369,0.7971508334017571,0.8762230902855784,0.9008988733922612,1993,1990,1728,1800,1723,270,2,5,1795,195,5,5,0.8625,0.9,0.8645258404415455,0.9020100502512562,0.9971064814814815,0.9972222222222222,1993,1990,6385.7683502705095,94800.0,0.7987701315452369,0.7971508334017571,0.8762230902855784,0.9008988733922612
949,0.0,94425.5,4000,2654.576050914156,2658.0661210019057,2669.751889198012,2673.3081590881575,3.4900700877497,3.5562698901453587,0.9813850454435131,0.027368287304991665,0.027660881026486964,0.027514584165739313,-15.242038086251796,1989,1997,2000,2000,261,238,6387.536482096666,0.9945,0.9985,0.8687782805429864,0.8808212318477716,1448632,1419438,1813088,1780134,179322,140708,5378606.676775538,0.7989860392876683,0.7973770513905133,0.8762128684165474,0.9008706262619431,1989,1997,1736,1760,1728,261,3,8,1759,238,2,1,0.8655,0.8805,0.8687782805429864,0.8808212318477716,0.9953917050691244,0.9994318181818181,1989,1997,6387.536482096666,94900.0,0.7989860392876683,0.7973770513905133,0.8762128684165474,0.9008706262619431
950,0.0,94525.0,4000,2658.0815666756935,2661.5291124061596,2673.3295680202104,2676.909505266909,3.4475457304661177,3.5799372466985915,0.9630184813003175,0.027375931122610137,0.02766967321676173,0.02752280216968593,-15.380392860749453,1992,1991,2000,2000,273,211,6389.289339770262,0.996,0.9955,0.8629518072289156,0.8940231039678553,1450624,1421429,1815088,1782134,179595,140919,5384995.966115309,0.7992031240358595,0.7975993948827641,0.8761946582987735,0.9008610349162709,1992,1991,1725,1788,1719,273,2,6,1780,211,1,8,0.8605,0.8905,0.8629518072289156,0.8940231039678553,0.9965217391304347,0.9955257270693513,1992,1991,6389.289339770262,95000.0,0.7992031240358595,0.7975993948827641,0.8761946582987735,0.9008610349162709
951,0.0,94624.5,4000,2661.5520821089317,2665.046205790442,2676.926873578261,2680.494100400153,3.4941236815102457,3.567226821891836,0.9795070108990656,0.027384127760591435,0.02767827077524299,0.027531199267917212,-15.447894609711057,1989,1993,2000,2000,270,200,6391.029929604772,0.9945,0.9965,0.8642533936651584,0.8996487706974411,1452613,1423422,1817088,1784134,179865,141119,5391386.996044913,0.799418079916878,0.7978223608764813,0.8761783076428478,0.9008593375681984,1989,1993,1729,1799,1719,270,1,10,1793,200,1,6,0.86,0.897,0.8642533936651584,0.8996487706974411,0.9942163100057837,0.9966648137854364,1989,1993,6391.029929604772,95100.0,0.799418079916878,0.7978223608764813,0.8761783076428478,0.9008593375681984
952,0.0,94724.0,4000,2665.0680858406945,2668.5159545180177,2680.5123789597174,2684.0840187783538,3.4478686773231857,3.571639818636413,0.9653461301816035,0.027391809860922493,0.02768690618806522,0.027539358024493858,-15.568064260336087,1993,1993,2000,2000,285,206,6392.774099156911,0.9965,0.9965,0.8569994982438535,0.8966382338183643,1454606,1425415,1819088,1786134,180150,141325,5397779.7701440705,0.7996347620346019,0.7980448275437341,0.8761520301717441,0.9008534356661042,1993,1993,1713,1791,1708,285,2,5,1787,206,3,4,0.855,0.895,0.8569994982438535,0.8966382338183643,0.997081144191477,0.9977666108319375,1993,1993,6392.774099156911,95200.0,0.7996347620346019,0.7980448275437341,0.8761520301717441,0.9008534356661042
953,0.0,94823.5,4000,2668.5338709325656,2672.1113172844593,2684.1005980539467,2687.732600018191,3.577446351893741,3.6320019642444095,0.9849791897450094,0.02740079392997128,0.027696139038233435,0.027548466484102356,-15.621282733731732,1991,1993,2000,2000,241,190,6394.532596267539,0.9955,0.9965,0.8789552988448016,0.904666332162569,1456597,1427408,1821088,1788134,180391,141515,5404174.302740338,0.7998498699678434,0.7982667965599893,0.8761558619165082,0.9008587593736339,1991,1993,1757,1810,1750,241,2,7,1803,190,0,7,0.876,0.9015,0.8789552988448016,0.904666332162569,0.9960159362549801,0.9961325966850829,1991,1993,6394.532596267539,95300.0,0.7998498699678434,0.7982667965599893,0.8761558619165082,0.9008587593736339
954,0.0,94923.0,4000,2672.1251720898163,2675.6553790138055,2687.7554963962184,2691.3153416382706,3.530206923989226,3.5598452420522335,0.991674267826901,0.027409221417773678,0.027704662389556874,0.027556941903665276,-15.659962624465152,1989,1994,2000,2000,248,204,6396.277448581184,0.9945,0.997,0.8753142282554047,0.8976930792377131,1458586,1429402,1823088,1790134,180639,141719,5410570.58018892,0.8000634088974312,0.7984888282106256,0.8761547142232271,0.9008543432848142,1989,1994,1750,1795,1741,248,2,9,1790,204,1,5,0.8715,0.8955,0.8753142282554047,0.8976930792377131,0.9948571428571429,0.9972144846796658,1989,1994,6396.277448581184,95400.0,0.8000634088974312,0.7984888282106256,0.8761547142232271,0.9008543432848142
955,0.0,95022.5,4000,2675.676538572972,2679.1505257288723,2691.3351783896355,2694.9612774131274,3.4739871559004314,3.626099023491861,0.9580508235969384,0.027417119057284563,0.02771382960982809,0.027565474333556328,-15.810751684255138,1989,1991,2000,2000,256,196,6398.010439427575,0.9945,0.9955,0.8712921065862242,0.9015570065293822,1460575,1431393,1825088,1792134,180895,141915,5416968.590628347,0.8002764798190553,0.798708690309988,0.8761480923608853,0.900855320656172,1989,1991,1739,1797,1733,256,5,6,1795,196,7,2,0.869,0.901,0.8712921065862242,0.9015570065293822,0.9965497412305923,0.9988870339454646,1989,1991,6398.010439427575,95500.0,0.8002764798190553,0.798708690309988,0.8761480923608853,0.900855320656172
956,0.0,95122.0,4000,2679.1670075855495,2682.620083322883,2694.9807575774207,2698.57708454492,3.45307573733362,3.596326967499408,0.9601673508942951,0.027424732505906765,0.027722662498644093,0.02757369750227543,-15.957001222036979,1994,1989,2000,2000,309,218,6399.74645524066,0.997,0.9945,0.8450351053159478,0.8903971845148315,1462569,1433382,1827088,1794134,181204,142133,5423368.337083588,0.8004918208646765,0.7989269474855278,0.8761056743305786,0.9008408086609152,1994,1989,1689,1779,1685,309,2,4,1771,218,3,8,0.8435,0.887,0.8450351053159478,0.8903971845148315,0.9976317347542925,0.9955030916245081,1994,1989,6399.74645524066,95600.0,0.8004918208646765,0.7989269474855278,0.8761056743305786,0.9008408086609152
957,0.0,95221.5,4000,2682.636513531519,2686.133660748573,2698.5970496545215,2702.20418693042,3.4971472170541347,3.607137275898367,0.9695076592789669,0.027432790020798084,0.027731594955651778,0.02758219248822493,-16.070526181846617,1986,1993,2000,2000,253,215,6401.482972830868,0.993,0.9965,0.8726082578046324,0.8921224284997491,1464555,1435375,1829088,1796134,181457,142348,5429769.820056419,0.8007023172203852,0.7991469456065082,0.8761009316823198,0.9008287033005312,1986,1993,1741,1783,1733,253,6,8,1778,215,2,5,0.8695,0.89,0.8726082578046325,0.8921224284997491,0.9954049396898335,0.997195737521032,1986,1993,6401.482972830868,95700.0,0.8007023172203852,0.7991469456065082,0.8761009316823198,0.9008287033005312
958,0.0,95321.0,4000,2686.1510792035906,2689.608656610079,2702.218480194564,2705.8921482015116,3.4575774064883262,3.673668006947537,0.9411785169344246,0.02744042798384011,0.027741144034728254,0.027590786009284184,-16.28349159143272,1992,1993,2000,2000,254,191,6403.216806207542,0.996,0.9965,0.8724899598393574,0.9041645760160562,1466547,1437368,1831088,1798134,181711,142539,5436173.036862627,0.8009156304885402,0.7993664543354388,0.8760960269258333,0.9008333286952263,1992,1993,1744,1808,1738,254,2,6,1802,191,1,6,0.87,0.9015,0.8724899598393574,0.9041645760160562,0.9965596330275229,0.9966814159292036,1992,1993,6403.216806207542,95800.0,0.8009156304885402,0.7993664543354388,0.8760960269258333,0.9008333286952263
959,0.0,95420.5,4000,2689.6256970728214,2693.0482343403114,2705.9112867419653,2709.5314100535375,3.4225372674900427,3.620123311572115,0.9454200790756305,0.02744768069428691,0.027750165384556755,0.02759892303942183,-16.483175713226046,1996,1991,2000,2000,287,221,6404.935106616906,0.998,0.9955,0.8562124248496994,0.8890005022601708,1468543,1439359,1833088,1800134,181998,142760,5442577.971969243,0.8011306603938273,0.7995843642751039,0.8760690017248388,0.9008169608832821,1996,1991,1712,1776,1709,287,1,3,1770,221,3,6,0.855,0.8865,0.8562124248496994,0.8890005022601708,0.9982476635514018,0.9966216216216216,1996,1991,6404.935106616906,95900.0,0.8011306603938273,0.7995843642751039,0.8760690017248388,0.9008169608832821
960,0.0,95520.0,4000,2693.064676288414,2696.5627014641077,2709.554107695749,2713.211714400927,3.4980251756937832,3.6576067051782957,0.9563699592800442,0.027455698392769907,0.027759595465899817,0.027607646929334862,-16.649012936819418,1992,1990,2000,2000,274,192,6406.658120719694,0.996,0.995,0.8624497991967872,0.9035175879396985,1470535,1441349,1835088,1802134,182272,142952,5448984.630089963,0.801343041859573,0.7998012356461839,0.8760505530300197,0.9008206895068439,1992,1990,1724,1807,1718,274,2,6,1798,192,1,9,0.86,0.8995,0.8624497991967871,0.9035175879396985,0.9965197215777262,0.9950193691200886,1992,1990,6406.658120719694,96000.0,0.801343041859573,0.7998012356461839,0.8760505530300197,0.9008206895068439
961,0.0,95619.5,4000,2696.583980427921,2700.145841910183,2713.2338335001905,2716.8825701151227,3.5618614822624295,3.6487366149322042,0.9761903524868734,0.027464414007825042,0.02776890760083848,0.027616660804331762,-16.73672820493948,1992,1993,2000,2000,239,201,6408.3775477904055,0.996,0.9965,0.8800200803212852,0.8991470145509283,1472527,1443342,1837088,1804134,182511,143153,5455393.007637753,0.8015549608946333,0.8000192890328546,0.8760559229134678,0.9008183784577737,1992,1993,1759,1798,1753,239,2,6,1792,201,1,6,0.8775,0.8965,0.8800200803212851,0.8991470145509283,0.9965889710062535,0.996662958843159,1992,1993,6408.3775477904055,96100.0,0.8015549608946333,0.8000192890328546,0.8760559229134678,0.9008183784577737
962,0.0,95719.0,4000,2700.1654200098137,2703.732400748841,2716.9012943601674,2720.4643590841083,3.566980739027258,3.5630647239408972,1.001099058083354,0.027473147037324785,0.02777727452608694,0.027625210781705864,-16.731958335267336,1989,1989,2000,2000,233,226,6410.096706051366,0.9945,0.9945,0.8828557063851181,0.886375062845651,1474516,1445331,1839088,1806134,182744,143379,5461803.1043438045,0.8017647877643702,0.8002346448270172,0.8760650952583763,0.9007985022116041,1989,1989,1764,1767,1756,233,3,8,1763,226,7,4,0.8795,0.885,0.8828557063851181,0.886375062845651,0.9954648526077098,0.9977362761743067,1989,1989,6410.096706051366,96200.0,0.8017647877643702,0.8002346448270172,0.8760650952583763,0.9007985022116041
963,0.0,95818.5,4000,2703.7512252016827,2707.221569269999,2720.4818650762754,2724.038547146132,3.4703440683160807,3.556682069856379,0.9757251281265675,0.027480850607599194,0.027785545145083978,0.027633197876341588,-16.816977876133024,1987,1993,2000,2000,275,204,6411.814482420575,0.9935,0.9965,0.8616004026170105,0.8976417461113899,1476503,1447324,1841088,1808134,183019,143583,5468214.918826225,0.80197307244412,0.8004517364310388,0.8760456294365809,0.9007941552824384,1987,1993,1719,1793,1712,275,6,7,1789,204,3,4,0.859,0.896,0.8616004026170105,0.8976417461113899,0.9959278650378127,0.9977691020635806,1987,1993,6411.814482420575,96300.0,0.80197307244412,0.8004517364310388,0.8760456294365809,0.9007941552824384
964,0.0,95918.0,4000,2707.2329890507153,2710.7136746160395,2724.0585189853614,2727.6819731188243,3.4806855653241655,3.6234541334629284,0.9605987649132129,0.027488568660351067,0.027794516840708293,0.027641542750529678,-16.96829850278482,1985,1988,2000,2000,254,202,6413.513403198899,0.9925,0.994,0.8720403022670025,0.8983903420523138,1478488,1449312,1843088,1810134,183273,143785,5474628.432229424,0.8021798199543375,0.8006655860836822,0.8760402519330559,0.9007908580071096,1985,1988,1740,1797,1731,254,6,9,1786,202,1,11,0.8685,0.8935,0.8720403022670025,0.8983903420523138,0.9948275862068966,0.9938786867000556,1985,1988,6413.513403198899,96400.0,0.8021798199543375,0.8006655860836822,0.8760402519330559,0.9007908580071096
965,0.0,96017.5,4000,2710.7355555396216,2714.3100722920526,2727.693779213696,2731.3244809982784,3.574516752431009,3.6307017845824703,0.9845250214737968,0.027497351466672083,0.027803460428225218,0.02765040594744865,-17.014408706225822,1991,1991,2000,2000,239,215,6415.218089084158,0.9955,0.9955,0.8799598191863385,0.8920140632847815,1480479,1451303,1845088,1812134,183512,144000,5481043.650318508,0.8023893711302659,0.8008806192036572,0.8760455231043467,0.9007788173799682,1991,1991,1759,1782,1752,239,2,7,1776,215,3,6,0.877,0.8895,0.8799598191863385,0.8920140632847815,0.9960204661739624,0.9966329966329966,1991,1991,6415.218089084158,96500.0,0.8023893711302659,0.8008806192036572,0.8760455231043467,0.9007788173799682
966,0.0,96117.0,4000,2714.3297034225284,2717.799374444217,2731.3436019219475,2734.9782513315417,3.469671021688555,3.6346494095942035,0.9546095457046935,0.027505007439813878,0.027812502087546553,0.027658754763680217,-17.178876887324805,1988,1988,2000,2000,265,182,6416.921638389106,0.994,0.994,0.8667002012072434,0.9084507042253521,1482467,1453291,1847088,1814134,183777,144182,5487460.571956897,0.8025968443301023,0.8010935245136247,0.8760329909535929,0.9007893119822526,1988,1988,1729,1812,1723,265,6,6,1806,182,6,6,0.8645,0.906,0.8667002012072434,0.9084507042253521,0.9965297860034702,0.9966887417218543,1988,1988,6416.921638389106,96600.0,0.8025968443301023,0.8010935245136247,0.8760329909535929,0.9007893119822526
967,0.0,96216.5,4000,2717.817538671748,2721.317893809443,2734.9943531684703,2738.586895844346,3.5003551376948963,3.5925426758758476,0.9743391946879305,0.027512949721315887,0.027821058388519147,0.027667004054917517,-17.269002034903224,1993,1992,2000,2000,264,208,6418.607392525911,0.9965,0.996,0.8675363773206222,0.8955823293172691,1484460,1455283,1849088,1816134,184041,144390,5493879.179349423,0.8028065727537035,0.8013081633844199,0.8760215836061598,0.9007821846335042,1993,1992,1734,1790,1729,264,2,5,1784,208,2,6,0.8655,0.893,0.8675363773206222,0.8955823293172691,0.9971164936562861,0.9966480446927374,1993,1992,6418.607392525911,96700.0,0.8028065727537035,0.8013081633844199,0.8760215836061598,0.9007821846335042
968,0.0,96316.0,4000,2721.332841509932,2724.8787546685467,2738.6008551278815,2742.185520585936,3.5459131586144395,3.5846654580545874,0.9891894237011509,0.027521313005272212,0.027829493501150736,0.027675403253211474,-17.306765917389384,1991,1994,2000,2000,253,194,6420.294685762541,0.9955,0.997,0.8729281767955801,0.9027081243731193,1486451,1457277,1851088,1818134,184294,144584,5500299.474035186,0.8030147675313113,0.8015234300662107,0.8760174401981633,0.9007848199072654,1991,1994,1745,1805,1738,253,2,7,1800,194,1,5,0.87,0.9005,0.8729281767955801,0.9027081243731193,0.9959885386819485,0.997229916897507,1991,1994,6420.294685762541,96800.0,0.8030147675313113,0.8015234300662107,0.8760174401981633,0.9007848199072654
969,0.0,96415.5,4000,2724.90035655212,2728.445140993097,2742.201181407623,2745.7992874635415,3.5447844409773097,3.598106055918379,0.9851806438964292,0.027529716049895774,0.02783806746944269,0.027683891759669232,-17.354146470444448,1987,1988,2000,2000,245,212,6421.975295679362,0.9935,0.994,0.8766985405133367,0.8933601609657947,1488438,1459265,1853088,1820134,184539,144796,5506721.449330865,0.8032203543490649,0.801734927208656,0.8760183494374639,0.9007747050741298,1987,1988,1752,1787,1742,245,3,10,1776,212,1,11,0.8725,0.8885,0.8766985405133367,0.8933601609657947,0.9942922374429224,0.9938444320089536,1987,1988,6421.975295679362,96900.0,0.8032203543490649,0.801734927208656,0.8760183494374639,0.9007747050741298
970,0.0,96515.0,4000,2728.4621910609862,2731.9029875580823,2745.816843139917,2749.44315839323,3.4407964970960165,3.626315253312896,0.9488409740307617,0.027536982802060676,0.02784693411050191,0.027691958456281293,-17.54017083514782,1992,1989,2000,2000,307,186,6423.654162780775,0.996,0.9945,0.8458835341365462,0.9064856711915535,1490430,1461254,1855088,1822134,184846,144982,5513145.103493646,0.8034281931638823,0.8019465088736614,0.8759780734418926,0.9007824786108369,1992,1989,1692,1812,1685,307,1,7,1803,186,2,9,0.843,0.9025,0.8458835341365462,0.9064856711915535,0.9958628841607565,0.9950331125827815,1992,1989,6423.654162780775,97000.0,0.8034281931638823,0.8019465088736614,0.8759780734418926,0.9007824786108369
971,0.0,96614.5,4000,2731.9222528788996,2735.4446441270584,2749.4580746072843,2753.0250409170126,3.522391248158783,3.5669663097282864,0.9875033690539963,0.027545097717496005,0.02785514409106558,0.02770012090428079,-17.580396789954193,1991,1987,2000,2000,243,224,6425.331119301998,0.9955,0.9935,0.8779507785032648,0.8872672370407649,1492421,1463241,1857088,1824134,185089,145206,5519570.4346129475,0.8036350458352001,0.8021565301671917,0.8759807051763544,0.9007641256635099,1991,1987,1753,1772,1748,243,4,5,1763,224,4,9,0.876,0.8835,0.8779507785032646,0.8872672370407649,0.9971477467199087,0.994920993227991,1991,1987,6425.331119301998,97100.0,0.8036350458352001,0.8021565301671917,0.8759807051763544,0.9007641256635099
972,0.0,96714.0,4000,2735.466572762175,2739.000661444746,2753.0465221480604,2756.682660175684,3.5340886825711095,3.636138027623474,0.9719346888712411,0.027553343679902774,0.027864116363180442,0.02770873002154161,-17.68199873093772,1992,1986,2000,2000,258,182,6427.017631055536,0.996,0.993,0.8704819277108433,0.9083585095669688,1494413,1465227,1859088,1826134,185347,145388,5525997.452244003,0.8038419913419913,0.8023655438209901,0.8759733754992763,0.9007744192538084,1992,1986,1740,1816,1734,258,2,6,1804,182,2,12,0.868,0.903,0.8704819277108434,0.9083585095669687,0.996551724137931,0.9933920704845814,1992,1986,6427.017631055536,97200.0,0.8038419913419913,0.8023655438209901,0.8759733754992763,0.9007744192538084
973,0.0,96813.5,4000,2739.019540767797,2742.4745180448617,2756.704683812503,2760.286167470729,3.4549772770646996,3.5814836582262615,0.9646776606474272,0.027560728286604986,0.027872514057514744,0.027716621172059863,-17.811649425867472,1995,1992,2000,2000,271,190,6428.689993422638,0.9975,0.996,0.8641604010025062,0.9046184738955824,1496408,1467219,1861088,1828134,185618,145578,5532426.142237426,0.8040501040251724,0.8025773821831441,0.875957626529663,0.9007796382135183,1995,1992,1727,1809,1724,271,2,3,1802,190,1,7,0.863,0.9015,0.8641604010025062,0.9046184738955824,0.998262883613202,0.996130458817026,1995,1992,6428.689993422638,97300.0,0.8040501040251724,0.8025773821831441,0.875957626529663,0.9007796382135183
974,0.0,96913.0,4000,2742.487361394828,2746.008146508502,2760.3083779743197,2763.9572740209787,3.52078511367381,3.648896046659047,0.9648904952766368,0.02756871140400724,0.027881588545651273,0.027725149974829257,-17.949127512476934,1987,1996,2000,2000,264,175,6430.3451679308055,0.9935,0.998,0.8671363865123302,0.9123246492985972,1498395,1469215,1863088,1830134,185882,145753,5538856.487405357,0.8042534759496063,0.8027909431768384,0.8759459288104939,0.9007953226723114,1987,1996,1732,1824,1723,264,4,9,1821,175,1,3,0.8635,0.911,0.8671363865123302,0.9123246492985972,0.9948036951501155,0.9983552631578947,1987,1996,6430.3451679308055,97400.0,0.8042534759496063,0.8027909431768384,0.8759459288104939,0.9007953226723114
975,0.0,97012.5,4000,2746.0308901519784,2749.518482157029,2763.9735138086476,2767.513622805111,3.4875920050508284,3.5401089964634593,0.985165148455854,0.027576439245116234,0.027889467416723757,0.027732953330919997,-17.995140648081815,1992,1995,2000,2000,260,215,6432.0108495543645,0.996,0.9975,0.8694779116465863,0.8922305764411027,1500387,1471210,1865088,1832134,186142,145968,5545288.498254911,0.8044590925468396,0.8030034921026519,0.8759373414992265,0.9007837086479836,1992,1995,1734,1784,1732,260,6,2,1780,215,1,4,0.869,0.8905,0.8694779116465864,0.8922305764411027,0.9988465974625144,0.9977578475336323,1992,1995,6432.0108495543645,97500.0,0.8044590925468396,0.8030034921026519,0.8759373414992265,0.9007837086479836
976,0.0,97112.0,4000,2749.533694882872,2752.9812660908865,2767.531623836107,2771.092424471117,3.447571208014324,3.560800635009855,0.9682011326659917,0.027583664040293956,0.02789756019258783,0.027740612116440893,-18.111158380230336,1994,1991,2000,2000,285,199,6433.675102091666,0.997,0.9955,0.8570712136409228,0.9000502260170768,1502381,1473201,1867088,1834134,186427,146167,5551722.173357002,0.804665339823297,0.803213396622057,0.8759123018728272,0.9007827173617178,1994,1991,1715,1796,1709,285,0,6,1792,199,5,4,0.8545,0.8985,0.8570712136409228,0.9000502260170768,0.9965014577259476,0.9977728285077951,1994,1991,6433.675102091666,97600.0,0.804665339823297,0.803213396622057,0.8759123018728272,0.9007827173617178
977,0.0,97211.5,4000,2752.997001983497,2756.5327052908533,2771.1105412978036,2774.76303673994,3.5357033073564708,3.652495442136569,0.9680240162841163,0.02759178146911624,0.02790657612144724,0.027749178795281743,-18.23033144908686,1988,1988,2000,2000,262,195,6435.331683790072,0.994,0.994,0.8682092555331992,0.9019114688128773,1504369,1475189,1869088,1836134,186689,146362,5558157.505040793,0.8048679355921177,0.8034212099988345,0.8759021224181035,0.9007842384941862,1988,1988,1733,1804,1726,262,5,7,1793,195,1,11,0.8655,0.897,0.8682092555331992,0.9019114688128773,0.9959607616849394,0.9939024390243902,1988,1988,6435.331683790072,97700.0,0.8048679355921177,0.8034212099988345,0.8759021224181035,0.9007842384941862
978,0.0,97311.0,4000,2756.550529718866,2760.0190009133808,2774.7801741994126,2778.429585235937,3.4684711945146773,3.6494110365242705,0.9504194402333146,0.027599216208130717,0.02791553206095493,0.027757374134542823,-18.410584322556133,1997,1992,2000,2000,272,175,6436.985358801855,0.9985,0.996,0.8637956935403105,0.9121485943775101,1506366,1477181,1871088,1838134,186961,146537,5564594.490399594,0.8050749082886535,0.8036307472686975,0.8758860728401995,0.9007995634928962,1997,1992,1726,1824,1725,272,2,1,1817,175,1,7,0.8635,0.909,0.8637956935403105,0.9121485943775101,0.9994206257242179,0.9961622807017544,1997,1992,6436.985358801855,97800.0,0.8050749082886535,0.8036307472686975,0.8758860728401995,0.9007995634928962
979,0.0,97410.5,4000,2760.034032518323,2763.6120725273026,2778.447535288074,2782.0817618089923,3.5780400089797695,3.6342265209182187,0.9845396230490736,0.027607726422564927,0.02792432290229262,0.027766024662428772,-18.469689281689625,1990,1996,2000,2000,248,183,6438.636108718369,0.995,0.998,0.8753768844221106,0.9083166332665331,1508356,1479177,1873088,1840134,187209,146720,5571033.126508313,0.8052777018484983,0.8038420028106649,0.8758854010591663,0.9008097070195116,1990,1996,1748,1815,1742,248,4,6,1813,183,2,2,0.873,0.9075,0.8753768844221106,0.9083166332665331,0.9965675057208238,0.9988980716253444,1990,1996,6438.636108718369,97900.0,0.8052777018484983,0.8038420028106649,0.8758854010591663,0.9008097070195116
980,0.0,97510.0,4000,2763.6299052441796,2767.049757362797,2782.0951181591963,2785.7129445760984,3.419852118617655,3.617826416902062,0.9452781102599355,0.027614633689842863,0.027932881580628097,0.02777375763523548,-18.66318721330117,1991,1991,2000,2000,288,198,6440.2775981106715,0.9955,0.9955,0.855349070818684,0.9005524861878453,1510347,1481168,1875088,1842134,187497,146918,5577473.404106424,0.8054805961106892,0.8040500853900965,0.875858329244869,0.9008093612608428,1991,1991,1710,1799,1703,288,2,7,1793,198,3,6,0.8525,0.898,0.855349070818684,0.9005524861878453,0.995906432748538,0.9966648137854364,1991,1991,6440.2775981106715,98000.0,0.8054805961106892,0.8040500853900965,0.875858329244869,0.9008093612608428
981,0.0,97609.5,4000,2767.0695564340726,2770.5725822702425,2785.7281595169466,2789.3739126829905,3.5030258361698543,3.64575316604396,0.9608510715416918,0.027622394765668155,0.02794172643229812,0.027782060598983138,-18.80133041274803,1994,1993,2000,2000,277,203,6441.931216851947,0.997,0.9965,0.8610832497492478,0.8981435022579026,1512341,1483161,1877088,1844134,187774,147121,5583915.335323276,0.8056846562334851,0.8042588011500249,0.8758388485136619,0.9008057790084826,1994,1993,1721,1796,1717,277,2,4,1790,203,1,6,0.8595,0.8955,0.8610832497492478,0.8981435022579026,0.9976757699012202,0.9966592427616926,1994,1993,6441.931216851947,98100.0,0.8056846562334851,0.8042588011500249,0.8758388485136619,0.9008057790084826
982,0.0,97709.0,4000,2770.588757267422,2774.0779323615557,2789.390002852999,2793.0588562002013,3.4891750941337705,3.6688533472024574,0.9510260465423908,0.02762996208353726,0.027950797418794873,0.027790379751166067,-18.980923838645595,1997,1994,2000,2000,279,189,6443.571131045489,0.9985,0.997,0.8602904356534802,0.9052156469408225,1514338,1485155,1879088,1846134,188053,147310,5590358.906454322,0.8058898784942483,0.8044676063601017,0.8758183443854675,0.900811699788911,1997,1994,1721,1810,1718,279,0,3,1805,189,1,5,0.859,0.903,0.8602904356534802,0.9052156469408225,0.9982568274259151,0.9972375690607734,1997,1994,6443.571131045489,98200.0,0.8058898784942483,0.8044676063601017,0.8758183443854675,0.900811699788911
983,0.0,97808.5,4000,2774.0963322332136,2777.547184226825,2793.076348044728,2796.6996539218408,3.450851993611195,3.6233058771126707,0.9524042713062635,0.027637146779945353,0.027959400857042686,0.02779827381849402,-19.152469695015952,1993,1994,2000,2000,294,206,6445.205032139007,0.9965,0.997,0.8524836929252384,0.8966900702106319,1516331,1487149,1881088,1848134,188347,147516,5596804.111486461,0.8060925379354926,0.8046759596436189,0.8757876743270434,0.9008061734231069,1993,1994,1704,1794,1699,294,2,5,1788,206,0,6,0.8505,0.894,0.8524836929252383,0.8966900702106319,0.9970657276995305,0.9966555183946488,1993,1994,6445.205032139007,98300.0,0.8060925379354926,0.8046759596436189,0.8757876743270434,0.9008061734231069
984,0.0,97908.0,4000,2777.571149132473,2781.0979718539975,2796.7161866432175,2800.3422251434245,3.5268227215246952,3.6260385002069597,0.972637968770436,0.027645145488778465,0.02796800483200081,0.02780657516038964,-19.24425328942698,1992,1993,2000,2000,260,208,6446.846779263108,0.996,0.9965,0.8694779116465863,0.8956347215253386,1518323,1489142,1883088,1850134,188607,147724,5603250.958265724,0.8062942358509002,0.8048833219647874,0.8757793960837055,0.9007992521868298,1992,1993,1739,1792,1732,260,1,7,1785,208,0,7,0.8665,0.8925,0.8694779116465864,0.8956347215253387,0.9959746981023577,0.99609375,1992,1993,6446.846779263108,98400.0,0.8062942358509002,0.8048833219647874,0.8757793960837055,0.9007992521868298
985,0.0,98007.5,4000,2781.1110840557,2784.5955654819786,2800.3606815069875,2803.9233962701496,3.4844814262787622,3.5627147631621483,0.9780410888650685,0.027652587915977484,0.02797596798574218,0.027814277950859834,-19.327830788171013,1992,1995,2000,2000,275,200,6448.478303435322,0.996,0.9975,0.8619477911646587,0.899749373433584,1520315,1491137,1885088,1852134,188882,147924,5609699.436569159,0.8064955057801015,0.8050913162870506,0.8757612731572075,0.9007978475485485,1992,1995,1723,1800,1717,275,2,6,1795,200,0,5,0.8595,0.8975,0.8619477911646586,0.899749373433584,0.9965177016831108,0.9972222222222222,1992,1995,6448.478303435322,98500.0,0.8064955057801015,0.8050913162870506,0.8757612731572075,0.9007978475485485
986,0.0,98107.0,4000,2784.6158644576913,2788.098222731913,2803.94466182051,2807.605373245776,3.4823582742219514,3.6607114252656174,0.9512791011570313,0.02766006660216751,0.027984937358734596,0.027822501980451053,-19.507150513862598,1993,1995,2000,2000,267,175,6450.119580710216,0.9965,0.9975,0.8660311088810838,0.9122807017543859,1522308,1493132,1887088,1854134,189149,148099,5616149.556149869,0.8066968790008733,0.8052988618945556,0.8757485344621456,0.9008131899925793,1993,1995,1731,1824,1726,267,2,5,1820,175,1,4,0.864,0.9105,0.8660311088810838,0.9122807017543859,0.9971114962449451,0.9978070175438597,1993,1995,6450.119580710216,98600.0,0.8066968790008733,0.8052988618945556,0.8757485344621456,0.9008131899925793
987,0.0,98206.5,4000,2788.1141813872487,2791.5157391047155,2807.6226099366404,2811.2547879619206,3.401557717466858,3.6321780252801545,0.9365063314055184,0.027666667511109615,0.027993558645262165,0.027830113078185892,-19.739048857205034,1994,1996,2000,2000,309,202,6451.747377004762,0.997,0.998,0.8450351053159478,0.8987975951903807,1524302,1495128,1889088,1856134,189458,148301,5622601.303526874,0.8068983551851475,0.8055064989919909,0.8757083570053703,0.9008104991679642,1994,1996,1689,1796,1685,309,2,4,1794,202,2,2,0.8435,0.898,0.8450351053159478,0.8987975951903807,0.9976317347542925,0.9988864142538976,1994,1996,6451.747377004762,98700.0,0.8068983551851475,0.8055064989919909,0.8757083570053703,0.9008104991679642
988,0.0,98306.0,4000,2791.535503180731,2795.0230639795036,2811.2714031110386,2814.9278308713606,3.4875607987723924,3.6564277603220035,0.9538164097258851,0.027674164050822948,0.028002401631546717,0.027838282841184833,-19.90476689185698,1989,1994,2000,2000,266,194,6453.359032201382,0.9945,0.997,0.8662644544997486,0.9027081243731193,1526291,1497122,1891088,1858134,189724,148495,5629054.662559075,0.8070967612295145,0.8057126127609742,0.8756960500979171,0.9008130265936911,1989,1994,1731,1805,1723,266,3,8,1800,194,1,5,0.863,0.9005,0.8662644544997486,0.9027081243731193,0.9953783939919122,0.997229916897507,1989,1994,6453.359032201382,98800.0,0.8070967612295145,0.8057126127609742,0.8756960500979171,0.9008130265936911
989,0.0,98405.5,4000,2795.0433339492242,2798.5128147130026,2814.948939117991,2818.591798151493,3.4694807637783924,3.642859033502191,0.9524059898751791,0.02768146773462898,0.02801113496943325,0.027846301352031116,-20.078983438490468,1993,1990,2000,2000,251,188,6454.9587607178755,0.9965,0.995,0.8740592072252885,0.9055276381909547,1528284,1499112,1893088,1860134,189975,148683,5635509.621319793,0.8072968610017073,0.8059161329237571,0.8756939155287892,0.9008192850167299,1993,1990,1746,1809,1742,251,3,4,1802,188,3,7,0.8725,0.9025,0.8740592072252885,0.9055276381909547,0.997709049255441,0.996130458817026,1993,1990,6454.9587607178755,98900.0,0.8072968610017073,0.8059161329237571,0.8756939155287892,0.9008192850167299
990,0.0,98505.0,4000,2798.5272141437144,2802.0155893110646,2818.6081167342545,2822.3191611508496,3.4883751673501138,3.7110444165950867,0.9399982257692098,0.027688888217705737,0.02802049102501318,0.02785468962135946,-20.303571839785036,1992,1990,2000,2000,280,179,6456.568236647067,0.996,0.995,0.8594377510040161,0.9100502512562814,1530276,1501102,1895088,1862134,190255,148862,5641966.18955644,0.807496010739343,0.8061192159103481,0.8756727544573659,0.900831522441513,1992,1990,1718,1819,1712,280,2,6,1811,179,2,8,0.857,0.9065,0.8594377510040161,0.9100502512562814,0.9965075669383003,0.9956019791094007,1992,1990,6456.568236647067,99000.0,0.807496010739343,0.8061192159103481,0.8756727544573659,0.900831522441513
991,0.0,98604.5,4000,2802.0361337722143,2805.4720378594193,2822.3351361093955,2825.8888844895077,3.4359040872050173,3.5537483801122107,0.9668394381643102,0.027695826257328183,0.028028237485519303,0.02786203187142374,-20.416846630088457,1992,1996,2000,2000,273,215,6458.172056266333,0.996,0.998,0.8629518072289156,0.8922845691382766,1532268,1503098,1897088,1864134,190528,149077,5648424.361612706,0.8076947405708117,0.8063250817806016,0.8756562167975837,0.9008201727365748,1992,1996,1725,1784,1719,273,2,6,1781,215,1,3,0.8605,0.891,0.8629518072289156,0.8922845691382766,0.9965217391304347,0.9983183856502242,1992,1996,6458.172056266333,99100.0,0.8076947405708117,0.8063250817806016,0.8756562167975837,0.9008201727365748
992,0.0,98704.0,4000,2805.486776998197,2808.9520726798555,2825.909420179869,2829.463760145379,3.4652956816585174,3.5543399655102803,0.9749477301789338,0.027702988073807045,0.028036020266843088,0.027869504170325066,-20.511687465523664,1992,1995,2000,2000,271,208,6459.759968269673,0.996,0.9975,0.8639558232931727,0.8957393483709273,1534260,1505093,1899088,1866134,190799,149285,5654884.121580976,0.8078930518227697,0.8065299705165867,0.8756410256410256,0.9008134381064825,1992,1995,1726,1791,1721,271,3,5,1787,208,1,4,0.862,0.894,0.8639558232931727,0.8957393483709273,0.9971031286210892,0.9977666108319375,1992,1995,6459.759968269673,99200.0,0.8078930518227697,0.8065299705165867,0.8756410256410256,0.9008134381064825
993,0.0,98803.5,4000,2808.974879233698,2812.396913390353,2829.4869303522096,2833.171759196,3.4220341566547177,3.6848288437904557,0.9286819827253061,0.027709781043626952,0.02804512799115262,0.027877454517389787,-20.774845805647146,1995,1991,2000,2000,318,184,6461.367036880492,0.9975,0.9955,0.8406015037593985,0.9075841285786037,1536255,1507084,1901088,1868134,191117,149469,5661345.488617857,0.8080925238600212,0.8067322793761047,0.8755955228786888,0.9008223828267038,1995,1991,1681,1816,1677,318,1,4,1807,184,0,9,0.839,0.9035,0.8406015037593985,0.9075841285786037,0.9976204640095181,0.9950440528634361,1995,1991,6461.367036880492,99300.0,0.8080925238600212,0.8067322793761047,0.8755955228786888,0.9008223828267038
994,0.0,98903.0,4000,2812.4099234791465,2815.8987441586114,2833.1894958211583,2836.787439394666,3.4888206794648795,3.597943573507564,0.9696707600290956,0.027717133686120873,0.028053288628975062,0.027885211157547968,-20.888695236054446,1987,1991,2000,2000,276,201,6462.963756420677,0.9935,0.9955,0.8610971313537997,0.8990457056755399,1538242,1509075,1903088,1870134,191393,149670,5667808.452374278,0.8082873729433426,0.8069341555204066,0.8755767948086192,0.9008200387654689,1987,1991,1720,1797,1711,276,4,9,1790,201,2,7,0.8575,0.896,0.8610971313537997,0.8990457056755399,0.9947674418604651,0.9961046188091264,1987,1991,6462.963756420677,99400.0,0.8082873729433426,0.8069341555204066,0.8755767948086192,0.9008200387654689
995,0.0,99002.5,4000,2815.9123709554633,2819.3443195671457,2836.8091771109043,2840.3643388802966,3.431948611682401,3.555161769392271,0.9653424609899166,0.02772390616893416,0.028061043107595496,0.02789247463826483,-21.020019313150897,1996,1988,2000,2000,284,197,6464.541964004186,0.998,0.994,0.8577154308617234,0.9009054325955734,1540238,1511063,1905088,1872134,191677,149867,5674272.994338281,0.8084865371048476,0.8071339978869034,0.8755536482024207,0.9008201511121641,1996,1988,1715,1801,1712,284,1,3,1791,197,2,10,0.8565,0.8965,0.8577154308617234,0.9009054325955734,0.9982507288629737,0.994447529150472,1996,1988,6464.541964004186,99500.0,0.8084865371048476,0.8071339978869034,0.8755536482024207,0.9008201511121641
996,0.0,99102.0,4000,2819.3616507863812,2822.8768412464524,2840.3808292722547,2843.9906308638206,3.515190460071153,3.6098015915658834,0.9737904898386148,0.027731538006910198,0.028069277923587106,0.027900407965248654,-21.113789617368184,1995,1988,2000,2000,280,186,6466.138032035382,0.9975,0.994,0.8596491228070176,0.9064386317907445,1542233,1513051,1907088,1874134,191957,150053,5680739.132370316,0.808684759172099,0.8073334137260196,0.8755330744446527,0.9008275332424354,1995,1988,1717,1813,1715,280,3,2,1802,186,1,11,0.859,0.9015,0.8596491228070176,0.9064386317907445,0.9988351776354106,0.9939327082184225,1995,1988,6466.138032035382,99600.0,0.808684759172099,0.8073334137260196,0.8755330744446527,0.9008275332424354
997,0.0,99201.5,4000,2822.890549896301,2826.436077536104,2844.010196879308,2847.6090704229637,3.5455276398033675,3.5988735436558272,0.9851770552075944,0.027739422485234783,0.02807741745986378,0.02790841997254928,-21.172992886859447,1992,1992,2000,2000,250,212,6467.735136835193,0.996,0.996,0.8744979919678715,0.893574297188755,1544225,1515043,1909088,1876134,192207,150265,5687206.867507151,0.8088809944853249,0.807534536445691,0.8755317392219398,0.9008179965849155,1992,1992,1747,1787,1742,250,3,5,1780,212,1,7,0.8725,0.8905,0.8744979919678715,0.893574297188755,0.9971379507727532,0.996082820369334,1992,1992,6467.735136835193,99700.0,0.8088809944853249,0.807534536445691,0.8755317392219398,0.9008179965849155
998,0.0,99301.0,4000,2826.4551170197683,2829.9880550438756,2847.6283238190163,2851.2797078822746,3.5329380241073522,3.6513840632583197,0.9675613309641079,0.027747218429716225,0.02808606370949629,0.027916641069606257,-21.29165283839893,1989,1990,2000,2000,255,188,6469.320748297346,0.9945,0.995,0.8717948717948718,0.9055276381909547,1546214,1517033,1911088,1878134,192462,150453,5693676.188255449,0.8090752492820843,0.8077341659327822,0.8755269322357707,0.9008241745565192,1989,1990,1742,1812,1734,255,3,8,1802,188,0,10,0.8685,0.901,0.8717948717948718,0.9055276381909547,0.9954075774971297,0.9944812362030905,1989,1990,6469.320748297346,99800.0,0.8090752492820843,0.8077341659327822,0.8755269322357707,0.9008241745565192
999,0.0,99400.5,4000,2829.9997770245727,2833.4135443853793,2851.3011470687466,2854.922485964857,3.4137673608065597,3.621338896110501,0.9426809969299246,0.02775373261889072,0.028094413776679802,0.02792407319778526,-21.508941579477778,1995,1993,2000,2000,283,201,6470.892004599906,0.9975,0.9965,0.8581453634085213,0.8991470145509283,1548209,1519026,1913088,1880134,192745,150654,5700147.080260049,0.809272234209822,0.8079349663375057,0.8755045345944895,0.9008219740807597,1995,1993,1716,1798,1712,283,1,4,1792,201,1,6,0.8565,0.8965,0.8581453634085213,0.8991470145509283,0.9976689976689976,0.996662958843159,1995,1993,6470.892004599906,99900.0,0.809272234209822,0.8079349663375057,0.8755045345944895,0.9008219740807597
1000,0.0,99500.0,4000,2833.4323325524047,2836.9404594472317,2854.9463208191587,2858.565617071255,3.508126894827001,3.619296252096319,0.9692842614900815,0.02776124803689035,0.028102750673967104,0.027931999355428727,-21.62515762402336,1993,1996,2000,2000,240,203,6472.4666854473535,0.9965,0.998,0.8795785248369292,0.8982965931863728,1550202,1521022,1915088,1882134,192985,150857,5706619.5469454955,0.8094677633612659,0.8081369339271274,0.8755097722748391,0.900818660085127,1993,1996,1757,1796,1753,240,3,4,1793,203,1,3,0.878,0.897,0.8795785248369292,0.8982965931863728,0.9977233921457029,0.9983296213808464,1993,1996,6472.4666854473535,100000.0,0.8094677633612659,0.8081369339271274,0.8755097722748391,0.900818660085127
